from_id,to_id,from_name,to_name,from_lb_mae,to_lb_mae,lb_delta_mae,lb_delta_spearman,mean_abs_direction,pearson_delta,spearman_delta,candidate_projection,direction_projection_on_candidate
13,16,ens_caruana_bag20,ens_caruana_bag20_calibrated_best,0.4414270025507814,0.4357788073667819,-0.005648195183999505,9.875351682031575e-05,0.032434743127700394,0.6640436763150179,0.8393399556045048,0.2021411309609842,2.0067378651838457
13,17,ens_caruana_bag20,ens_caruana_bag20_calibrated_best,0.4414270025507814,0.4318297602126632,-0.00959724233811815,0.005032548262824843,0.032434743127700394,0.6640436763150179,0.8393399556045048,0.2021411309609842,2.0067378651838457
13,18,ens_caruana_bag20,ens_caruana_bag20_calibrated_best,0.4414270025507814,0.4244185733497787,-0.01700842920100265,0.006992445038314088,0.032434743127700394,0.6640436763150179,0.8393399556045048,0.2021411309609842,2.0067378651838457
13,26,ens_caruana_bag20,ens_caruana_bag20_calibrated_best,0.4414270025507814,0.4243494844698721,-0.017077518080909293,-0.0041963297520898335,0.032434743127700394,0.6640436763150179,0.8393399556045048,0.2021411309609842,2.0067378651838457
13,27,ens_caruana_bag20,ens_caruana_bag20_calibrated_best,0.4414270025507814,0.4225677355758737,-0.018859266974907696,0.003657731012980836,0.032434743127700394,0.6640436763150179,0.8393399556045048,0.2021411309609842,2.0067378651838457
13,36,ens_caruana_bag20,ens_caruana_bag20_calibrated_best,0.4414270025507814,0.4145866903151991,-0.026840312235582253,0.004383422863110331,0.032434743127700394,0.6640436763150179,0.8393399556045048,0.2021411309609842,2.0067378651838457
14,16,ens_caruana_bag20,ens_caruana_bag20_calibrated_best,0.4430377590818476,0.4357788073667819,-0.007258951715065742,0.0018562344614542203,0.032434743127700394,0.6640436763150179,0.8393399556045048,0.2021411309609842,2.0067378651838457
14,17,ens_caruana_bag20,ens_caruana_bag20_calibrated_best,0.4430377590818476,0.4318297602126632,-0.011207998869184388,0.006790029207458748,0.032434743127700394,0.6640436763150179,0.8393399556045048,0.2021411309609842,2.0067378651838457
14,18,ens_caruana_bag20,ens_caruana_bag20_calibrated_best,0.4430377590818476,0.4244185733497787,-0.018619185732068888,0.008749925982947993,0.032434743127700394,0.6640436763150179,0.8393399556045048,0.2021411309609842,2.0067378651838457
14,26,ens_caruana_bag20,ens_caruana_bag20_calibrated_best,0.4430377590818476,0.4243494844698721,-0.01868827461197553,-0.002438848807455929,0.032434743127700394,0.6640436763150179,0.8393399556045048,0.2021411309609842,2.0067378651838457
14,27,ens_caruana_bag20,ens_caruana_bag20_calibrated_best,0.4430377590818476,0.4225677355758737,-0.020470023505973933,0.005415211957614741,0.032434743127700394,0.6640436763150179,0.8393399556045048,0.2021411309609842,2.0067378651838457
14,36,ens_caruana_bag20,ens_caruana_bag20_calibrated_best,0.4430377590818476,0.4145866903151991,-0.02845106876664849,0.006140903807744236,0.032434743127700394,0.6640436763150179,0.8393399556045048,0.2021411309609842,2.0067378651838457
15,16,ens_caruana_bag20,ens_caruana_bag20_calibrated_best,0.4423088470924464,0.4357788073667819,-0.006530039725664516,0.0,0.032434743127700394,0.6640436763150179,0.8393399556045048,0.2021411309609842,2.0067378651838457
15,17,ens_caruana_bag20,ens_caruana_bag20_calibrated_best,0.4423088470924464,0.4318297602126632,-0.010479086879783162,0.004933794746004527,0.032434743127700394,0.6640436763150179,0.8393399556045048,0.2021411309609842,2.0067378651838457
15,18,ens_caruana_bag20,ens_caruana_bag20_calibrated_best,0.4423088470924464,0.4244185733497787,-0.01789027374266766,0.006893691521493772,0.032434743127700394,0.6640436763150179,0.8393399556045048,0.2021411309609842,2.0067378651838457
15,26,ens_caruana_bag20,ens_caruana_bag20_calibrated_best,0.4423088470924464,0.4243494844698721,-0.017959362622574304,-0.004295083268910149,0.032434743127700394,0.6640436763150179,0.8393399556045048,0.2021411309609842,2.0067378651838457
15,27,ens_caruana_bag20,ens_caruana_bag20_calibrated_best,0.4423088470924464,0.4225677355758737,-0.019741111516572707,0.0035589774961605203,0.032434743127700394,0.6640436763150179,0.8393399556045048,0.2021411309609842,2.0067378651838457
15,36,ens_caruana_bag20,ens_caruana_bag20_calibrated_best,0.4423088470924464,0.4145866903151991,-0.027722156777247264,0.004284669346290015,0.032434743127700394,0.6640436763150179,0.8393399556045048,0.2021411309609842,2.0067378651838457
25,26,ens_caruana_bag20,ens_caruana_bag20_calibrated_best,0.4290789893593625,0.4243494844698721,-0.004729504889490421,-0.009862878299404132,0.032434743127700394,0.6640436763150179,0.8393399556045048,0.2021411309609842,2.0067378651838457
25,27,ens_caruana_bag20,ens_caruana_bag20_calibrated_best,0.4290789893593625,0.4225677355758737,-0.006511253783488824,-0.0020088175343334624,0.032434743127700394,0.6640436763150179,0.8393399556045048,0.2021411309609842,2.0067378651838457
25,36,ens_caruana_bag20,ens_caruana_bag20_calibrated_best,0.4290789893593625,0.4145866903151991,-0.014492299044163381,-0.0012831256842039673,0.032434743127700394,0.6640436763150179,0.8393399556045048,0.2021411309609842,2.0067378651838457
16,19,ens_caruana_bag20_calibrated_best,ens_caruana_bag20_calibrated_importance,0.4357788073667819,0.4154008268960474,-0.02037798047073447,0.0052728551111654864,0.05239388345222362,0.6640436763150175,0.8393399556045048,0.17004269993669086,3.710441881076115
16,21,ens_caruana_bag20_calibrated_best,ens_caruana_bag20_calibrated_importance,0.4357788073667819,0.4154008268960474,-0.02037798047073447,0.0052728551111654864,0.05239388345222362,0.6640436763150175,0.8393399556045048,0.17004269993669086,3.710441881076115
16,22,ens_caruana_bag20_calibrated_best,ens_caruana_bag20_calibrated_importance,0.4357788073667819,0.4152122396657471,-0.020566567701034766,0.0055902010180411965,0.05239388345222362,0.6640436763150175,0.8393399556045048,0.17004269993669086,3.710441881076115
16,23,ens_caruana_bag20_calibrated_best,ens_caruana_bag20_calibrated_importance,0.4357788073667819,0.4148648161452291,-0.020913991221552797,0.0035589774961605203,0.05239388345222362,0.6640436763150175,0.8393399556045048,0.17004269993669086,3.710441881076115
16,24,ens_caruana_bag20_calibrated_best,ens_caruana_bag20_calibrated_importance,0.4357788073667819,0.4200188468957465,-0.015759960471035395,7.779184817491291e-05,0.05239388345222362,0.6640436763150175,0.8393399556045048,0.17004269993669086,3.710441881076115
16,28,ens_caruana_bag20_calibrated_best,ens_caruana_bag20_calibrated_importance,0.4357788073667819,0.4148648161452291,-0.020913991221552797,0.0035589774961605203,0.05239388345222362,0.6640436763150175,0.8393399556045048,0.17004269993669086,3.710441881076115
16,29,ens_caruana_bag20_calibrated_best,ens_caruana_bag20_calibrated_importance,0.4357788073667819,0.4189477353901447,-0.01683107197663719,-0.0010981899349686852,0.05239388345222362,0.6640436763150175,0.8393399556045048,0.17004269993669086,3.710441881076115
16,30,ens_caruana_bag20_calibrated_best,ens_caruana_bag20_calibrated_importance,0.4357788073667819,0.408442464692175,-0.027336342674606884,0.004750499840793343,0.05239388345222362,0.6640436763150175,0.8393399556045048,0.17004269993669086,3.710441881076115
16,31,ens_caruana_bag20_calibrated_best,ens_caruana_bag20_calibrated_importance,0.4357788073667819,0.4078471063458229,-0.027931701020958988,0.004284669346290015,0.05239388345222362,0.6640436763150175,0.8393399556045048,0.17004269993669086,3.710441881076115
16,32,ens_caruana_bag20_calibrated_best,ens_caruana_bag20_calibrated_importance,0.4357788073667819,0.4078471063458229,-0.027931701020958988,0.004284669346290015,0.05239388345222362,0.6640436763150175,0.8393399556045048,0.17004269993669086,3.710441881076115
16,38,ens_caruana_bag20_calibrated_best,ens_caruana_bag20_calibrated_importance,0.4357788073667819,0.4109513858637011,-0.02482742150308076,-0.0014331419524540312,0.05239388345222362,0.6640436763150175,0.8393399556045048,0.17004269993669086,3.710441881076115
16,39,ens_caruana_bag20_calibrated_best,ens_caruana_bag20_calibrated_importance,0.4357788073667819,0.4080327859318756,-0.027746021434906287,0.005355983763595806,0.05239388345222362,0.6640436763150175,0.8393399556045048,0.17004269993669086,3.710441881076115
16,40,ens_caruana_bag20_calibrated_best,ens_caruana_bag20_calibrated_importance,0.4357788073667819,0.4110413223574798,-0.024737485009302063,0.002521672636706107,0.05239388345222362,0.6640436763150175,0.8393399556045048,0.17004269993669086,3.710441881076115
16,41,ens_caruana_bag20_calibrated_best,ens_caruana_bag20_calibrated_importance,0.4357788073667819,0.4137047577516737,-0.02207404961510817,-0.004221533264402222,0.05239388345222362,0.6640436763150175,0.8393399556045048,0.17004269993669086,3.710441881076115
16,42,ens_caruana_bag20_calibrated_best,ens_caruana_bag20_calibrated_importance,0.4357788073667819,0.409074454235369,-0.026704353131412895,0.006410125377784848,0.05239388345222362,0.6640436763150175,0.8393399556045048,0.17004269993669086,3.710441881076115
16,56,ens_caruana_bag20_calibrated_best,ens_swap_optuna_t10_top500_calibrated_importance,0.4357788073667819,0.4134599905046804,-0.022318816862101465,-0.0018793860798275164,0.05239388345222362,0.6640436763150175,0.8393399556045048,0.17004269993669086,3.710441881076115
17,19,ens_caruana_bag20_calibrated_best,ens_caruana_bag20_calibrated_importance,0.4318297602126632,0.4154008268960474,-0.016428933316615824,0.00033906036516095917,0.05239388345222362,0.6640436763150175,0.8393399556045048,0.17004269993669086,3.710441881076115
17,21,ens_caruana_bag20_calibrated_best,ens_caruana_bag20_calibrated_importance,0.4318297602126632,0.4154008268960474,-0.016428933316615824,0.00033906036516095917,0.05239388345222362,0.6640436763150175,0.8393399556045048,0.17004269993669086,3.710441881076115
17,22,ens_caruana_bag20_calibrated_best,ens_caruana_bag20_calibrated_importance,0.4318297602126632,0.4152122396657471,-0.01661752054691612,0.0006564062720366692,0.05239388345222362,0.6640436763150175,0.8393399556045048,0.17004269993669086,3.710441881076115
17,23,ens_caruana_bag20_calibrated_best,ens_caruana_bag20_calibrated_importance,0.4318297602126632,0.4148648161452291,-0.01696494406743415,-0.001374817249844007,0.05239388345222362,0.6640436763150175,0.8393399556045048,0.17004269993669086,3.710441881076115
17,24,ens_caruana_bag20_calibrated_best,ens_caruana_bag20_calibrated_importance,0.4318297602126632,0.4200188468957465,-0.011810913316916749,-0.004856002897829614,0.05239388345222362,0.6640436763150175,0.8393399556045048,0.17004269993669086,3.710441881076115
17,28,ens_caruana_bag20_calibrated_best,ens_caruana_bag20_calibrated_importance,0.4318297602126632,0.4148648161452291,-0.01696494406743415,-0.001374817249844007,0.05239388345222362,0.6640436763150175,0.8393399556045048,0.17004269993669086,3.710441881076115
17,29,ens_caruana_bag20_calibrated_best,ens_caruana_bag20_calibrated_importance,0.4318297602126632,0.4189477353901447,-0.012882024822518545,-0.0060319846809732125,0.05239388345222362,0.6640436763150175,0.8393399556045048,0.17004269993669086,3.710441881076115
17,30,ens_caruana_bag20_calibrated_best,ens_caruana_bag20_calibrated_importance,0.4318297602126632,0.408442464692175,-0.023387295520488238,-0.0001832949052111843,0.05239388345222362,0.6640436763150175,0.8393399556045048,0.17004269993669086,3.710441881076115
17,31,ens_caruana_bag20_calibrated_best,ens_caruana_bag20_calibrated_importance,0.4318297602126632,0.4078471063458229,-0.023982653866840342,-0.0006491253997145119,0.05239388345222362,0.6640436763150175,0.8393399556045048,0.17004269993669086,3.710441881076115
17,32,ens_caruana_bag20_calibrated_best,ens_caruana_bag20_calibrated_importance,0.4318297602126632,0.4078471063458229,-0.023982653866840342,-0.0006491253997145119,0.05239388345222362,0.6640436763150175,0.8393399556045048,0.17004269993669086,3.710441881076115
17,38,ens_caruana_bag20_calibrated_best,ens_caruana_bag20_calibrated_importance,0.4318297602126632,0.4109513858637011,-0.020878374348962114,-0.0063669366984585585,0.05239388345222362,0.6640436763150175,0.8393399556045048,0.17004269993669086,3.710441881076115
17,39,ens_caruana_bag20_calibrated_best,ens_caruana_bag20_calibrated_importance,0.4318297602126632,0.4080327859318756,-0.02379697428078764,0.000422189017591279,0.05239388345222362,0.6640436763150175,0.8393399556045048,0.17004269993669086,3.710441881076115
17,40,ens_caruana_bag20_calibrated_best,ens_caruana_bag20_calibrated_importance,0.4318297602126632,0.4110413223574798,-0.020788437855183417,-0.00241212210929842,0.05239388345222362,0.6640436763150175,0.8393399556045048,0.17004269993669086,3.710441881076115
17,41,ens_caruana_bag20_calibrated_best,ens_caruana_bag20_calibrated_importance,0.4318297602126632,0.4137047577516737,-0.018125002460989525,-0.00915532801040675,0.05239388345222362,0.6640436763150175,0.8393399556045048,0.17004269993669086,3.710441881076115
17,42,ens_caruana_bag20_calibrated_best,ens_caruana_bag20_calibrated_importance,0.4318297602126632,0.409074454235369,-0.02275530597729425,0.0014763306317803204,0.05239388345222362,0.6640436763150175,0.8393399556045048,0.17004269993669086,3.710441881076115
17,56,ens_caruana_bag20_calibrated_best,ens_swap_optuna_t10_top500_calibrated_importance,0.4318297602126632,0.4134599905046804,-0.01836976970798282,-0.006813180825832044,0.05239388345222362,0.6640436763150175,0.8393399556045048,0.17004269993669086,3.710441881076115
18,19,ens_caruana_bag20_calibrated_best,ens_caruana_bag20_calibrated_importance,0.4244185733497787,0.4154008268960474,-0.009017746453731323,-0.0016208364103282857,0.05239388345222362,0.6640436763150175,0.8393399556045048,0.17004269993669086,3.710441881076115
18,21,ens_caruana_bag20_calibrated_best,ens_caruana_bag20_calibrated_importance,0.4244185733497787,0.4154008268960474,-0.009017746453731323,-0.0016208364103282857,0.05239388345222362,0.6640436763150175,0.8393399556045048,0.17004269993669086,3.710441881076115
18,22,ens_caruana_bag20_calibrated_best,ens_caruana_bag20_calibrated_importance,0.4244185733497787,0.4152122396657471,-0.00920633368403162,-0.0013034905034525757,0.05239388345222362,0.6640436763150175,0.8393399556045048,0.17004269993669086,3.710441881076115
18,23,ens_caruana_bag20_calibrated_best,ens_caruana_bag20_calibrated_importance,0.4244185733497787,0.4148648161452291,-0.009553757204549651,-0.003334714025333252,0.05239388345222362,0.6640436763150175,0.8393399556045048,0.17004269993669086,3.710441881076115
18,24,ens_caruana_bag20_calibrated_best,ens_caruana_bag20_calibrated_importance,0.4244185733497787,0.4200188468957465,-0.004399726454032249,-0.006815899673318859,0.05239388345222362,0.6640436763150175,0.8393399556045048,0.17004269993669086,3.710441881076115
18,28,ens_caruana_bag20_calibrated_best,ens_caruana_bag20_calibrated_importance,0.4244185733497787,0.4148648161452291,-0.009553757204549651,-0.003334714025333252,0.05239388345222362,0.6640436763150175,0.8393399556045048,0.17004269993669086,3.710441881076115
18,29,ens_caruana_bag20_calibrated_best,ens_caruana_bag20_calibrated_importance,0.4244185733497787,0.4189477353901447,-0.005470837959634045,-0.007991881456462457,0.05239388345222362,0.6640436763150175,0.8393399556045048,0.17004269993669086,3.710441881076115
18,30,ens_caruana_bag20_calibrated_best,ens_caruana_bag20_calibrated_importance,0.4244185733497787,0.408442464692175,-0.015976108657603738,-0.002143191680700429,0.05239388345222362,0.6640436763150175,0.8393399556045048,0.17004269993669086,3.710441881076115
18,31,ens_caruana_bag20_calibrated_best,ens_caruana_bag20_calibrated_importance,0.4244185733497787,0.4078471063458229,-0.016571467003955842,-0.002609022175203757,0.05239388345222362,0.6640436763150175,0.8393399556045048,0.17004269993669086,3.710441881076115
18,32,ens_caruana_bag20_calibrated_best,ens_caruana_bag20_calibrated_importance,0.4244185733497787,0.4078471063458229,-0.016571467003955842,-0.002609022175203757,0.05239388345222362,0.6640436763150175,0.8393399556045048,0.17004269993669086,3.710441881076115
18,38,ens_caruana_bag20_calibrated_best,ens_caruana_bag20_calibrated_importance,0.4244185733497787,0.4109513858637011,-0.013467187486077614,-0.008326833473947803,0.05239388345222362,0.6640436763150175,0.8393399556045048,0.17004269993669086,3.710441881076115
18,39,ens_caruana_bag20_calibrated_best,ens_caruana_bag20_calibrated_importance,0.4244185733497787,0.4080327859318756,-0.01638578741790314,-0.0015377077578979659,0.05239388345222362,0.6640436763150175,0.8393399556045048,0.17004269993669086,3.710441881076115
18,40,ens_caruana_bag20_calibrated_best,ens_caruana_bag20_calibrated_importance,0.4244185733497787,0.4110413223574798,-0.013377250992298917,-0.004372018884787665,0.05239388345222362,0.6640436763150175,0.8393399556045048,0.17004269993669086,3.710441881076115
18,41,ens_caruana_bag20_calibrated_best,ens_caruana_bag20_calibrated_importance,0.4244185733497787,0.4137047577516737,-0.010713815598105025,-0.011115224785895994,0.05239388345222362,0.6640436763150175,0.8393399556045048,0.17004269993669086,3.710441881076115
18,42,ens_caruana_bag20_calibrated_best,ens_caruana_bag20_calibrated_importance,0.4244185733497787,0.409074454235369,-0.015344119114409749,-0.0004835661437089245,0.05239388345222362,0.6640436763150175,0.8393399556045048,0.17004269993669086,3.710441881076115
18,56,ens_caruana_bag20_calibrated_best,ens_swap_optuna_t10_top500_calibrated_importance,0.4244185733497787,0.4134599905046804,-0.01095858284509832,-0.008773077601321289,0.05239388345222362,0.6640436763150175,0.8393399556045048,0.17004269993669086,3.710441881076115
26,28,ens_caruana_bag20_calibrated_best,ens_caruana_bag20_calibrated_importance,0.4243494844698721,0.4148648161452291,-0.009484668324643009,0.00785406076507067,0.05239388345222362,0.6640436763150175,0.8393399556045048,0.17004269993669086,3.710441881076115
26,29,ens_caruana_bag20_calibrated_best,ens_caruana_bag20_calibrated_importance,0.4243494844698721,0.4189477353901447,-0.005401749079727403,0.003196893333941464,0.05239388345222362,0.6640436763150175,0.8393399556045048,0.17004269993669086,3.710441881076115
26,30,ens_caruana_bag20_calibrated_best,ens_caruana_bag20_calibrated_importance,0.4243494844698721,0.408442464692175,-0.015907019777697096,0.009045583109703492,0.05239388345222362,0.6640436763150175,0.8393399556045048,0.17004269993669086,3.710441881076115
26,31,ens_caruana_bag20_calibrated_best,ens_caruana_bag20_calibrated_importance,0.4243494844698721,0.4078471063458229,-0.0165023781240492,0.008579752615200165,0.05239388345222362,0.6640436763150175,0.8393399556045048,0.17004269993669086,3.710441881076115
26,32,ens_caruana_bag20_calibrated_best,ens_caruana_bag20_calibrated_importance,0.4243494844698721,0.4078471063458229,-0.0165023781240492,0.008579752615200165,0.05239388345222362,0.6640436763150175,0.8393399556045048,0.17004269993669086,3.710441881076115
26,38,ens_caruana_bag20_calibrated_best,ens_caruana_bag20_calibrated_importance,0.4243494844698721,0.4109513858637011,-0.013398098606170972,0.002861941316456118,0.05239388345222362,0.6640436763150175,0.8393399556045048,0.17004269993669086,3.710441881076115
26,39,ens_caruana_bag20_calibrated_best,ens_caruana_bag20_calibrated_importance,0.4243494844698721,0.4080327859318756,-0.0163166985379965,0.009651067032505956,0.05239388345222362,0.6640436763150175,0.8393399556045048,0.17004269993669086,3.710441881076115
26,40,ens_caruana_bag20_calibrated_best,ens_caruana_bag20_calibrated_importance,0.4243494844698721,0.4110413223574798,-0.013308162112392274,0.006816755905616256,0.05239388345222362,0.6640436763150175,0.8393399556045048,0.17004269993669086,3.710441881076115
26,41,ens_caruana_bag20_calibrated_best,ens_caruana_bag20_calibrated_importance,0.4243494844698721,0.4137047577516737,-0.010644726718198383,7.355000450792737e-05,0.05239388345222362,0.6640436763150175,0.8393399556045048,0.17004269993669086,3.710441881076115
26,42,ens_caruana_bag20_calibrated_best,ens_caruana_bag20_calibrated_importance,0.4243494844698721,0.409074454235369,-0.015275030234503106,0.010705208646694997,0.05239388345222362,0.6640436763150175,0.8393399556045048,0.17004269993669086,3.710441881076115
26,56,ens_caruana_bag20_calibrated_best,ens_swap_optuna_t10_top500_calibrated_importance,0.4243494844698721,0.4134599905046804,-0.010889493965191677,0.002415697189082633,0.05239388345222362,0.6640436763150175,0.8393399556045048,0.17004269993669086,3.710441881076115
27,28,ens_caruana_bag20_calibrated_best,ens_caruana_bag20_calibrated_importance,0.4225677355758737,0.4148648161452291,-0.007702919430644606,0.0,0.05239388345222362,0.6640436763150175,0.8393399556045048,0.17004269993669086,3.710441881076115
27,29,ens_caruana_bag20_calibrated_best,ens_caruana_bag20_calibrated_importance,0.4225677355758737,0.4189477353901447,-0.003620000185729,-0.0046571674311292055,0.05239388345222362,0.6640436763150175,0.8393399556045048,0.17004269993669086,3.710441881076115
27,30,ens_caruana_bag20_calibrated_best,ens_caruana_bag20_calibrated_importance,0.4225677355758737,0.408442464692175,-0.014125270883698693,0.0011915223446328227,0.05239388345222362,0.6640436763150175,0.8393399556045048,0.17004269993669086,3.710441881076115
27,31,ens_caruana_bag20_calibrated_best,ens_caruana_bag20_calibrated_importance,0.4225677355758737,0.4078471063458229,-0.014720629230050797,0.0007256918501294951,0.05239388345222362,0.6640436763150175,0.8393399556045048,0.17004269993669086,3.710441881076115
27,32,ens_caruana_bag20_calibrated_best,ens_caruana_bag20_calibrated_importance,0.4225677355758737,0.4078471063458229,-0.014720629230050797,0.0007256918501294951,0.05239388345222362,0.6640436763150175,0.8393399556045048,0.17004269993669086,3.710441881076115
27,38,ens_caruana_bag20_calibrated_best,ens_caruana_bag20_calibrated_importance,0.4225677355758737,0.4109513858637011,-0.011616349712172569,-0.0049921194486145515,0.05239388345222362,0.6640436763150175,0.8393399556045048,0.17004269993669086,3.710441881076115
27,39,ens_caruana_bag20_calibrated_best,ens_caruana_bag20_calibrated_importance,0.4225677355758737,0.4080327859318756,-0.014534949643998096,0.001797006267435286,0.05239388345222362,0.6640436763150175,0.8393399556045048,0.17004269993669086,3.710441881076115
27,40,ens_caruana_bag20_calibrated_best,ens_caruana_bag20_calibrated_importance,0.4225677355758737,0.4110413223574798,-0.011526413218393872,-0.0010373048594544132,0.05239388345222362,0.6640436763150175,0.8393399556045048,0.17004269993669086,3.710441881076115
27,41,ens_caruana_bag20_calibrated_best,ens_caruana_bag20_calibrated_importance,0.4225677355758737,0.4137047577516737,-0.00886297782419998,-0.007780510760562742,0.05239388345222362,0.6640436763150175,0.8393399556045048,0.17004269993669086,3.710441881076115
27,42,ens_caruana_bag20_calibrated_best,ens_caruana_bag20_calibrated_importance,0.4225677355758737,0.409074454235369,-0.013493281340504704,0.0028511478816243274,0.05239388345222362,0.6640436763150175,0.8393399556045048,0.17004269993669086,3.710441881076115
27,56,ens_caruana_bag20_calibrated_best,ens_swap_optuna_t10_top500_calibrated_importance,0.4225677355758737,0.4134599905046804,-0.009107745071193274,-0.005438363575988037,0.05239388345222362,0.6640436763150175,0.8393399556045048,0.17004269993669086,3.710441881076115
36,38,ens_caruana_bag20_calibrated_best,ens_caruana_bag20_calibrated_importance,0.4145866903151991,0.4109513858637011,-0.0036353044514980115,-0.005717811298744047,0.05239388345222362,0.6640436763150175,0.8393399556045048,0.17004269993669086,3.710441881076115
36,39,ens_caruana_bag20_calibrated_best,ens_caruana_bag20_calibrated_importance,0.4145866903151991,0.4080327859318756,-0.006553904383323539,0.001071314417305791,0.05239388345222362,0.6640436763150175,0.8393399556045048,0.17004269993669086,3.710441881076115
36,40,ens_caruana_bag20_calibrated_best,ens_caruana_bag20_calibrated_importance,0.4145866903151991,0.4110413223574798,-0.0035453679577193142,-0.0017629967095839083,0.05239388345222362,0.6640436763150175,0.8393399556045048,0.17004269993669086,3.710441881076115
36,41,ens_caruana_bag20_calibrated_best,ens_caruana_bag20_calibrated_importance,0.4145866903151991,0.4137047577516737,-0.0008819325635254227,-0.008506202610692237,0.05239388345222362,0.6640436763150175,0.8393399556045048,0.17004269993669086,3.710441881076115
36,42,ens_caruana_bag20_calibrated_best,ens_caruana_bag20_calibrated_importance,0.4145866903151991,0.409074454235369,-0.005512236079830146,0.0021254560314948323,0.05239388345222362,0.6640436763150175,0.8393399556045048,0.17004269993669086,3.710441881076115
36,56,ens_caruana_bag20_calibrated_best,ens_swap_optuna_t10_top500_calibrated_importance,0.4145866903151991,0.4134599905046804,-0.0011266998105187165,-0.006164055426117532,0.05239388345222362,0.6640436763150175,0.8393399556045048,0.17004269993669086,3.710441881076115
13,19,ens_caruana_bag20,ens_caruana_bag20_calibrated_importance,0.4414270025507814,0.4154008268960474,-0.026026175654733974,0.005371608627985802,0.07820241919032911,0.6640436763150175,0.8393399556045048,0.11170516987072021,5.717179746259961
13,21,ens_caruana_bag20,ens_caruana_bag20_calibrated_importance,0.4414270025507814,0.4154008268960474,-0.026026175654733974,0.005371608627985802,0.07820241919032911,0.6640436763150175,0.8393399556045048,0.11170516987072021,5.717179746259961
13,22,ens_caruana_bag20,ens_caruana_bag20_calibrated_importance,0.4414270025507814,0.4152122396657471,-0.02621476288503427,0.005688954534861512,0.07820241919032911,0.6640436763150175,0.8393399556045048,0.11170516987072021,5.717179746259961
13,23,ens_caruana_bag20,ens_caruana_bag20_calibrated_importance,0.4414270025507814,0.4148648161452291,-0.0265621864055523,0.003657731012980836,0.07820241919032911,0.6640436763150175,0.8393399556045048,0.11170516987072021,5.717179746259961
13,24,ens_caruana_bag20,ens_caruana_bag20_calibrated_importance,0.4414270025507814,0.4200188468957465,-0.0214081556550349,0.00017654536499522866,0.07820241919032911,0.6640436763150175,0.8393399556045048,0.11170516987072021,5.717179746259961
13,28,ens_caruana_bag20,ens_caruana_bag20_calibrated_importance,0.4414270025507814,0.4148648161452291,-0.0265621864055523,0.003657731012980836,0.07820241919032911,0.6640436763150175,0.8393399556045048,0.11170516987072021,5.717179746259961
13,29,ens_caruana_bag20,ens_caruana_bag20_calibrated_importance,0.4414270025507814,0.4189477353901447,-0.022479267160636696,-0.0009994364181483695,0.07820241919032911,0.6640436763150175,0.8393399556045048,0.11170516987072021,5.717179746259961
13,30,ens_caruana_bag20,ens_caruana_bag20_calibrated_importance,0.4414270025507814,0.408442464692175,-0.03298453785860639,0.004849253357613659,0.07820241919032911,0.6640436763150175,0.8393399556045048,0.11170516987072021,5.717179746259961
13,31,ens_caruana_bag20,ens_caruana_bag20_calibrated_importance,0.4414270025507814,0.4078471063458229,-0.03357989620495849,0.004383422863110331,0.07820241919032911,0.6640436763150175,0.8393399556045048,0.11170516987072021,5.717179746259961
13,32,ens_caruana_bag20,ens_caruana_bag20_calibrated_importance,0.4414270025507814,0.4078471063458229,-0.03357989620495849,0.004383422863110331,0.07820241919032911,0.6640436763150175,0.8393399556045048,0.11170516987072021,5.717179746259961
13,38,ens_caruana_bag20,ens_caruana_bag20_calibrated_importance,0.4414270025507814,0.4109513858637011,-0.030475616687080265,-0.0013343884356337155,0.07820241919032911,0.6640436763150175,0.8393399556045048,0.11170516987072021,5.717179746259961
13,39,ens_caruana_bag20,ens_caruana_bag20_calibrated_importance,0.4414270025507814,0.4080327859318756,-0.03339421661890579,0.005454737280416122,0.07820241919032911,0.6640436763150175,0.8393399556045048,0.11170516987072021,5.717179746259961
13,40,ens_caruana_bag20,ens_caruana_bag20_calibrated_importance,0.4414270025507814,0.4110413223574798,-0.030385680193301567,0.002620426153526423,0.07820241919032911,0.6640436763150175,0.8393399556045048,0.11170516987072021,5.717179746259961
13,41,ens_caruana_bag20,ens_caruana_bag20_calibrated_importance,0.4414270025507814,0.4137047577516737,-0.027722244799107676,-0.004122779747581906,0.07820241919032911,0.6640436763150175,0.8393399556045048,0.11170516987072021,5.717179746259961
13,42,ens_caruana_bag20,ens_caruana_bag20_calibrated_importance,0.4414270025507814,0.409074454235369,-0.0323525483154124,0.0065088788946051634,0.07820241919032911,0.6640436763150175,0.8393399556045048,0.11170516987072021,5.717179746259961
13,56,ens_caruana_bag20,ens_swap_optuna_t10_top500_calibrated_importance,0.4414270025507814,0.4134599905046804,-0.02796701204610097,-0.0017806325630072006,0.07820241919032911,0.6640436763150175,0.8393399556045048,0.11170516987072021,5.717179746259961
14,19,ens_caruana_bag20,ens_caruana_bag20_calibrated_importance,0.4430377590818476,0.4154008268960474,-0.02763693218580021,0.007129089572619707,0.07820241919032911,0.6640436763150175,0.8393399556045048,0.11170516987072021,5.717179746259961
14,21,ens_caruana_bag20,ens_caruana_bag20_calibrated_importance,0.4430377590818476,0.4154008268960474,-0.02763693218580021,0.007129089572619707,0.07820241919032911,0.6640436763150175,0.8393399556045048,0.11170516987072021,5.717179746259961
14,22,ens_caruana_bag20,ens_caruana_bag20_calibrated_importance,0.4430377590818476,0.4152122396657471,-0.027825519416100508,0.007446435479495417,0.07820241919032911,0.6640436763150175,0.8393399556045048,0.11170516987072021,5.717179746259961
14,23,ens_caruana_bag20,ens_caruana_bag20_calibrated_importance,0.4430377590818476,0.4148648161452291,-0.02817294293661854,0.005415211957614741,0.07820241919032911,0.6640436763150175,0.8393399556045048,0.11170516987072021,5.717179746259961
14,24,ens_caruana_bag20,ens_caruana_bag20_calibrated_importance,0.4430377590818476,0.4200188468957465,-0.023018912186101137,0.0019340263096291332,0.07820241919032911,0.6640436763150175,0.8393399556045048,0.11170516987072021,5.717179746259961
14,28,ens_caruana_bag20,ens_caruana_bag20_calibrated_importance,0.4430377590818476,0.4148648161452291,-0.02817294293661854,0.005415211957614741,0.07820241919032911,0.6640436763150175,0.8393399556045048,0.11170516987072021,5.717179746259961
14,29,ens_caruana_bag20,ens_caruana_bag20_calibrated_importance,0.4430377590818476,0.4189477353901447,-0.024090023691702933,0.0007580445264855351,0.07820241919032911,0.6640436763150175,0.8393399556045048,0.11170516987072021,5.717179746259961
14,30,ens_caruana_bag20,ens_caruana_bag20_calibrated_importance,0.4430377590818476,0.408442464692175,-0.034595294389672626,0.006606734302247563,0.07820241919032911,0.6640436763150175,0.8393399556045048,0.11170516987072021,5.717179746259961
14,31,ens_caruana_bag20,ens_caruana_bag20_calibrated_importance,0.4430377590818476,0.4078471063458229,-0.03519065273602473,0.006140903807744236,0.07820241919032911,0.6640436763150175,0.8393399556045048,0.11170516987072021,5.717179746259961
14,32,ens_caruana_bag20,ens_caruana_bag20_calibrated_importance,0.4430377590818476,0.4078471063458229,-0.03519065273602473,0.006140903807744236,0.07820241919032911,0.6640436763150175,0.8393399556045048,0.11170516987072021,5.717179746259961
14,38,ens_caruana_bag20,ens_caruana_bag20_calibrated_importance,0.4430377590818476,0.4109513858637011,-0.0320863732181465,0.00042309250900018913,0.07820241919032911,0.6640436763150175,0.8393399556045048,0.11170516987072021,5.717179746259961
14,39,ens_caruana_bag20,ens_caruana_bag20_calibrated_importance,0.4430377590818476,0.4080327859318756,-0.03500497314997203,0.007212218225050027,0.07820241919032911,0.6640436763150175,0.8393399556045048,0.11170516987072021,5.717179746259961
14,40,ens_caruana_bag20,ens_caruana_bag20_calibrated_importance,0.4430377590818476,0.4110413223574798,-0.031996436724367805,0.004377907098160327,0.07820241919032911,0.6640436763150175,0.8393399556045048,0.11170516987072021,5.717179746259961
14,41,ens_caruana_bag20,ens_caruana_bag20_calibrated_importance,0.4430377590818476,0.4137047577516737,-0.029333001330173913,-0.0023652988029480015,0.07820241919032911,0.6640436763150175,0.8393399556045048,0.11170516987072021,5.717179746259961
14,42,ens_caruana_bag20,ens_caruana_bag20_calibrated_importance,0.4430377590818476,0.409074454235369,-0.03396330484647864,0.008266359839239068,0.07820241919032911,0.6640436763150175,0.8393399556045048,0.11170516987072021,5.717179746259961
14,56,ens_caruana_bag20,ens_swap_optuna_t10_top500_calibrated_importance,0.4430377590818476,0.4134599905046804,-0.029577768577167207,-2.3151618373296046e-05,0.07820241919032911,0.6640436763150175,0.8393399556045048,0.11170516987072021,5.717179746259961
15,19,ens_caruana_bag20,ens_caruana_bag20_calibrated_importance,0.4423088470924464,0.4154008268960474,-0.026908020196398985,0.0052728551111654864,0.07820241919032911,0.6640436763150175,0.8393399556045048,0.11170516987072021,5.717179746259961
15,21,ens_caruana_bag20,ens_caruana_bag20_calibrated_importance,0.4423088470924464,0.4154008268960474,-0.026908020196398985,0.0052728551111654864,0.07820241919032911,0.6640436763150175,0.8393399556045048,0.11170516987072021,5.717179746259961
15,22,ens_caruana_bag20,ens_caruana_bag20_calibrated_importance,0.4423088470924464,0.4152122396657471,-0.027096607426699282,0.0055902010180411965,0.07820241919032911,0.6640436763150175,0.8393399556045048,0.11170516987072021,5.717179746259961
15,23,ens_caruana_bag20,ens_caruana_bag20_calibrated_importance,0.4423088470924464,0.4148648161452291,-0.027444030947217313,0.0035589774961605203,0.07820241919032911,0.6640436763150175,0.8393399556045048,0.11170516987072021,5.717179746259961
15,24,ens_caruana_bag20,ens_caruana_bag20_calibrated_importance,0.4423088470924464,0.4200188468957465,-0.02229000019669991,7.779184817491291e-05,0.07820241919032911,0.6640436763150175,0.8393399556045048,0.11170516987072021,5.717179746259961
15,28,ens_caruana_bag20,ens_caruana_bag20_calibrated_importance,0.4423088470924464,0.4148648161452291,-0.027444030947217313,0.0035589774961605203,0.07820241919032911,0.6640436763150175,0.8393399556045048,0.11170516987072021,5.717179746259961
15,29,ens_caruana_bag20,ens_caruana_bag20_calibrated_importance,0.4423088470924464,0.4189477353901447,-0.023361111702301707,-0.0010981899349686852,0.07820241919032911,0.6640436763150175,0.8393399556045048,0.11170516987072021,5.717179746259961
15,30,ens_caruana_bag20,ens_caruana_bag20_calibrated_importance,0.4423088470924464,0.408442464692175,-0.0338663824002714,0.004750499840793343,0.07820241919032911,0.6640436763150175,0.8393399556045048,0.11170516987072021,5.717179746259961
15,31,ens_caruana_bag20,ens_caruana_bag20_calibrated_importance,0.4423088470924464,0.4078471063458229,-0.034461740746623504,0.004284669346290015,0.07820241919032911,0.6640436763150175,0.8393399556045048,0.11170516987072021,5.717179746259961
15,32,ens_caruana_bag20,ens_caruana_bag20_calibrated_importance,0.4423088470924464,0.4078471063458229,-0.034461740746623504,0.004284669346290015,0.07820241919032911,0.6640436763150175,0.8393399556045048,0.11170516987072021,5.717179746259961
15,38,ens_caruana_bag20,ens_caruana_bag20_calibrated_importance,0.4423088470924464,0.4109513858637011,-0.031357461228745276,-0.0014331419524540312,0.07820241919032911,0.6640436763150175,0.8393399556045048,0.11170516987072021,5.717179746259961
15,39,ens_caruana_bag20,ens_caruana_bag20_calibrated_importance,0.4423088470924464,0.4080327859318756,-0.0342760611605708,0.005355983763595806,0.07820241919032911,0.6640436763150175,0.8393399556045048,0.11170516987072021,5.717179746259961
15,40,ens_caruana_bag20,ens_caruana_bag20_calibrated_importance,0.4423088470924464,0.4110413223574798,-0.03126752473496658,0.002521672636706107,0.07820241919032911,0.6640436763150175,0.8393399556045048,0.11170516987072021,5.717179746259961
15,41,ens_caruana_bag20,ens_caruana_bag20_calibrated_importance,0.4423088470924464,0.4137047577516737,-0.028604089340772687,-0.004221533264402222,0.07820241919032911,0.6640436763150175,0.8393399556045048,0.11170516987072021,5.717179746259961
15,42,ens_caruana_bag20,ens_caruana_bag20_calibrated_importance,0.4423088470924464,0.409074454235369,-0.03323439285707741,0.006410125377784848,0.07820241919032911,0.6640436763150175,0.8393399556045048,0.11170516987072021,5.717179746259961
15,56,ens_caruana_bag20,ens_swap_optuna_t10_top500_calibrated_importance,0.4423088470924464,0.4134599905046804,-0.02884885658776598,-0.0018793860798275164,0.07820241919032911,0.6640436763150175,0.8393399556045048,0.11170516987072021,5.717179746259961
25,28,ens_caruana_bag20,ens_caruana_bag20_calibrated_importance,0.4290789893593625,0.4148648161452291,-0.01421417321413343,-0.0020088175343334624,0.07820241919032911,0.6640436763150175,0.8393399556045048,0.11170516987072021,5.717179746259961
25,29,ens_caruana_bag20,ens_caruana_bag20_calibrated_importance,0.4290789893593625,0.4189477353901447,-0.010131253969217824,-0.006665984965462668,0.07820241919032911,0.6640436763150175,0.8393399556045048,0.11170516987072021,5.717179746259961
25,30,ens_caruana_bag20,ens_caruana_bag20_calibrated_importance,0.4290789893593625,0.408442464692175,-0.020636524667187517,-0.0008172951897006397,0.07820241919032911,0.6640436763150175,0.8393399556045048,0.11170516987072021,5.717179746259961
25,31,ens_caruana_bag20,ens_caruana_bag20_calibrated_importance,0.4290789893593625,0.4078471063458229,-0.02123188301353962,-0.0012831256842039673,0.07820241919032911,0.6640436763150175,0.8393399556045048,0.11170516987072021,5.717179746259961
25,32,ens_caruana_bag20,ens_caruana_bag20_calibrated_importance,0.4290789893593625,0.4078471063458229,-0.02123188301353962,-0.0012831256842039673,0.07820241919032911,0.6640436763150175,0.8393399556045048,0.11170516987072021,5.717179746259961
25,38,ens_caruana_bag20,ens_caruana_bag20_calibrated_importance,0.4290789893593625,0.4109513858637011,-0.018127603495661393,-0.007000936982948014,0.07820241919032911,0.6640436763150175,0.8393399556045048,0.11170516987072021,5.717179746259961
25,39,ens_caruana_bag20,ens_caruana_bag20_calibrated_importance,0.4290789893593625,0.4080327859318756,-0.02104620342748692,-0.00021181126689817642,0.07820241919032911,0.6640436763150175,0.8393399556045048,0.11170516987072021,5.717179746259961
25,40,ens_caruana_bag20,ens_caruana_bag20_calibrated_importance,0.4290789893593625,0.4110413223574798,-0.018037667001882696,-0.0030461223937878756,0.07820241919032911,0.6640436763150175,0.8393399556045048,0.11170516987072021,5.717179746259961
25,41,ens_caruana_bag20,ens_caruana_bag20_calibrated_importance,0.4290789893593625,0.4137047577516737,-0.015374231607688804,-0.009789328294896205,0.07820241919032911,0.6640436763150175,0.8393399556045048,0.11170516987072021,5.717179746259961
25,42,ens_caruana_bag20,ens_caruana_bag20_calibrated_importance,0.4290789893593625,0.409074454235369,-0.020004535123993528,0.000842330347290865,0.07820241919032911,0.6640436763150175,0.8393399556045048,0.11170516987072021,5.717179746259961
25,56,ens_caruana_bag20,ens_swap_optuna_t10_top500_calibrated_importance,0.4290789893593625,0.4134599905046804,-0.015618998854682098,-0.007447181110321499,0.07820241919032911,0.6640436763150175,0.8393399556045048,0.11170516987072021,5.717179746259961
2,19,ens_l2_a0.1,ens_caruana_bag20_calibrated_importance,0.498861930443137,0.4154008268960474,-0.08346110354708958,0.046766111908171926,0.08182385784486926,0.6507677436087,0.8270162996595684,0.10510404814608489,5.9075951531483115
2,21,ens_l2_a0.1,ens_caruana_bag20_calibrated_importance,0.498861930443137,0.4154008268960474,-0.08346110354708958,0.046766111908171926,0.08182385784486926,0.6507677436087,0.8270162996595684,0.10510404814608489,5.9075951531483115
2,22,ens_l2_a0.1,ens_caruana_bag20_calibrated_importance,0.498861930443137,0.4152122396657471,-0.08364969077738987,0.047083457815047636,0.08182385784486926,0.6507677436087,0.8270162996595684,0.10510404814608489,5.9075951531483115
2,23,ens_l2_a0.1,ens_caruana_bag20_calibrated_importance,0.498861930443137,0.4148648161452291,-0.0839971142979079,0.04505223429316696,0.08182385784486926,0.6507677436087,0.8270162996595684,0.10510404814608489,5.9075951531483115
2,24,ens_l2_a0.1,ens_caruana_bag20_calibrated_importance,0.498861930443137,0.4200188468957465,-0.0788430835473905,0.04157104864518135,0.08182385784486926,0.6507677436087,0.8270162996595684,0.10510404814608489,5.9075951531483115
2,28,ens_l2_a0.1,ens_caruana_bag20_calibrated_importance,0.498861930443137,0.4148648161452291,-0.0839971142979079,0.04505223429316696,0.08182385784486926,0.6507677436087,0.8270162996595684,0.10510404814608489,5.9075951531483115
2,29,ens_l2_a0.1,ens_caruana_bag20_calibrated_importance,0.498861930443137,0.4189477353901447,-0.0799141950529923,0.040395066862037754,0.08182385784486926,0.6507677436087,0.8270162996595684,0.10510404814608489,5.9075951531483115
2,30,ens_l2_a0.1,ens_caruana_bag20_calibrated_importance,0.498861930443137,0.408442464692175,-0.09041946575096199,0.04624375663779978,0.08182385784486926,0.6507677436087,0.8270162996595684,0.10510404814608489,5.9075951531483115
2,31,ens_l2_a0.1,ens_caruana_bag20_calibrated_importance,0.498861930443137,0.4078471063458229,-0.0910148240973141,0.045777926143296455,0.08182385784486926,0.6507677436087,0.8270162996595684,0.10510404814608489,5.9075951531483115
2,32,ens_l2_a0.1,ens_caruana_bag20_calibrated_importance,0.498861930443137,0.4078471063458229,-0.0910148240973141,0.045777926143296455,0.08182385784486926,0.6507677436087,0.8270162996595684,0.10510404814608489,5.9075951531483115
2,38,ens_l2_a0.1,ens_caruana_bag20_calibrated_importance,0.498861930443137,0.4109513858637011,-0.08791054457943587,0.04006011484455241,0.08182385784486926,0.6507677436087,0.8270162996595684,0.10510404814608489,5.9075951531483115
2,39,ens_l2_a0.1,ens_caruana_bag20_calibrated_importance,0.498861930443137,0.4080327859318756,-0.0908291445112614,0.046849240560602246,0.08182385784486926,0.6507677436087,0.8270162996595684,0.10510404814608489,5.9075951531483115
2,40,ens_l2_a0.1,ens_caruana_bag20_calibrated_importance,0.498861930443137,0.4110413223574798,-0.08782060808565717,0.044014929433712546,0.08182385784486926,0.6507677436087,0.8270162996595684,0.10510404814608489,5.9075951531483115
2,41,ens_l2_a0.1,ens_caruana_bag20_calibrated_importance,0.498861930443137,0.4137047577516737,-0.08515717269146328,0.03727172353260422,0.08182385784486926,0.6507677436087,0.8270162996595684,0.10510404814608489,5.9075951531483115
2,42,ens_l2_a0.1,ens_caruana_bag20_calibrated_importance,0.498861930443137,0.409074454235369,-0.089787476207768,0.04790338217479129,0.08182385784486926,0.6507677436087,0.8270162996595684,0.10510404814608489,5.9075951531483115
2,56,ens_l2_a0.1,ens_swap_optuna_t10_top500_calibrated_importance,0.498861930443137,0.4134599905046804,-0.08540193993845657,0.03961387071717892,0.08182385784486926,0.6507677436087,0.8270162996595684,0.10510404814608489,5.9075951531483115
9,19,ens_l2_a0.1,ens_caruana_bag20_calibrated_importance,0.4958329809469373,0.4154008268960474,-0.08043215405088988,0.050672255746453065,0.08182385784486926,0.6507677436087,0.8270162996595684,0.10510404814608489,5.9075951531483115
9,21,ens_l2_a0.1,ens_caruana_bag20_calibrated_importance,0.4958329809469373,0.4154008268960474,-0.08043215405088988,0.050672255746453065,0.08182385784486926,0.6507677436087,0.8270162996595684,0.10510404814608489,5.9075951531483115
9,22,ens_l2_a0.1,ens_caruana_bag20_calibrated_importance,0.4958329809469373,0.4152122396657471,-0.08062074128119018,0.050989601653328775,0.08182385784486926,0.6507677436087,0.8270162996595684,0.10510404814608489,5.9075951531483115
9,23,ens_l2_a0.1,ens_caruana_bag20_calibrated_importance,0.4958329809469373,0.4148648161452291,-0.08096816480170821,0.0489583781314481,0.08182385784486926,0.6507677436087,0.8270162996595684,0.10510404814608489,5.9075951531483115
9,24,ens_l2_a0.1,ens_caruana_bag20_calibrated_importance,0.4958329809469373,0.4200188468957465,-0.0758141340511908,0.04547719248346249,0.08182385784486926,0.6507677436087,0.8270162996595684,0.10510404814608489,5.9075951531483115
9,28,ens_l2_a0.1,ens_caruana_bag20_calibrated_importance,0.4958329809469373,0.4148648161452291,-0.08096816480170821,0.0489583781314481,0.08182385784486926,0.6507677436087,0.8270162996595684,0.10510404814608489,5.9075951531483115
9,29,ens_l2_a0.1,ens_caruana_bag20_calibrated_importance,0.4958329809469373,0.4189477353901447,-0.0768852455567926,0.044301210700318894,0.08182385784486926,0.6507677436087,0.8270162996595684,0.10510404814608489,5.9075951531483115
9,30,ens_l2_a0.1,ens_caruana_bag20_calibrated_importance,0.4958329809469373,0.408442464692175,-0.0873905162547623,0.05014990047608092,0.08182385784486926,0.6507677436087,0.8270162996595684,0.10510404814608489,5.9075951531483115
9,31,ens_l2_a0.1,ens_caruana_bag20_calibrated_importance,0.4958329809469373,0.4078471063458229,-0.0879858746011144,0.049684069981577594,0.08182385784486926,0.6507677436087,0.8270162996595684,0.10510404814608489,5.9075951531483115
9,32,ens_l2_a0.1,ens_caruana_bag20_calibrated_importance,0.4958329809469373,0.4078471063458229,-0.0879858746011144,0.049684069981577594,0.08182385784486926,0.6507677436087,0.8270162996595684,0.10510404814608489,5.9075951531483115
9,38,ens_l2_a0.1,ens_caruana_bag20_calibrated_importance,0.4958329809469373,0.4109513858637011,-0.08488159508323617,0.04396625868283355,0.08182385784486926,0.6507677436087,0.8270162996595684,0.10510404814608489,5.9075951531483115
9,39,ens_l2_a0.1,ens_caruana_bag20_calibrated_importance,0.4958329809469373,0.4080327859318756,-0.0878001950150617,0.050755384398883385,0.08182385784486926,0.6507677436087,0.8270162996595684,0.10510404814608489,5.9075951531483115
9,40,ens_l2_a0.1,ens_caruana_bag20_calibrated_importance,0.4958329809469373,0.4110413223574798,-0.08479165858945747,0.047921073271993686,0.08182385784486926,0.6507677436087,0.8270162996595684,0.10510404814608489,5.9075951531483115
9,41,ens_l2_a0.1,ens_caruana_bag20_calibrated_importance,0.4958329809469373,0.4137047577516737,-0.08212822319526358,0.04117786737088536,0.08182385784486926,0.6507677436087,0.8270162996595684,0.10510404814608489,5.9075951531483115
9,42,ens_l2_a0.1,ens_caruana_bag20_calibrated_importance,0.4958329809469373,0.409074454235369,-0.0867585267115683,0.05180952601307243,0.08182385784486926,0.6507677436087,0.8270162996595684,0.10510404814608489,5.9075951531483115
9,56,ens_l2_a0.1,ens_swap_optuna_t10_top500_calibrated_importance,0.4958329809469373,0.4134599905046804,-0.08237299044225688,0.04352001455546006,0.08182385784486926,0.6507677436087,0.8270162996595684,0.10510404814608489,5.9075951531483115
2,16,ens_l2_a0.1,ens_caruana_bag20_calibrated_best,0.498861930443137,0.4357788073667819,-0.06308312307635511,0.04149325679700644,0.03692965868930379,0.6221867415924444,0.7858628900825743,0.16555162752749816,2.1971532720721965
2,17,ens_l2_a0.1,ens_caruana_bag20_calibrated_best,0.498861930443137,0.4318297602126632,-0.06703217023047375,0.046427051543010966,0.03692965868930379,0.6221867415924444,0.7858628900825743,0.16555162752749816,2.1971532720721965
2,18,ens_l2_a0.1,ens_caruana_bag20_calibrated_best,0.498861930443137,0.4244185733497787,-0.07444335709335825,0.04838694831850021,0.03692965868930379,0.6221867415924444,0.7858628900825743,0.16555162752749816,2.1971532720721965
2,26,ens_l2_a0.1,ens_caruana_bag20_calibrated_best,0.498861930443137,0.4243494844698721,-0.0745124459732649,0.03719817352809629,0.03692965868930379,0.6221867415924444,0.7858628900825743,0.16555162752749816,2.1971532720721965
2,27,ens_l2_a0.1,ens_caruana_bag20_calibrated_best,0.498861930443137,0.4225677355758737,-0.0762941948672633,0.04505223429316696,0.03692965868930379,0.6221867415924444,0.7858628900825743,0.16555162752749816,2.1971532720721965
2,36,ens_l2_a0.1,ens_caruana_bag20_calibrated_best,0.498861930443137,0.4145866903151991,-0.08427524012793786,0.045777926143296455,0.03692965868930379,0.6221867415924444,0.7858628900825743,0.16555162752749816,2.1971532720721965
9,16,ens_l2_a0.1,ens_caruana_bag20_calibrated_best,0.4958329809469373,0.4357788073667819,-0.06005417358015541,0.04539940063528758,0.03692965868930379,0.6221867415924444,0.7858628900825743,0.16555162752749816,2.1971532720721965
9,17,ens_l2_a0.1,ens_caruana_bag20_calibrated_best,0.4958329809469373,0.4318297602126632,-0.06400322073427406,0.050333195381292106,0.03692965868930379,0.6221867415924444,0.7858628900825743,0.16555162752749816,2.1971532720721965
9,18,ens_l2_a0.1,ens_caruana_bag20_calibrated_best,0.4958329809469373,0.4244185733497787,-0.07141440759715856,0.05229309215678135,0.03692965868930379,0.6221867415924444,0.7858628900825743,0.16555162752749816,2.1971532720721965
9,26,ens_l2_a0.1,ens_caruana_bag20_calibrated_best,0.4958329809469373,0.4243494844698721,-0.0714834964770652,0.04110431736637743,0.03692965868930379,0.6221867415924444,0.7858628900825743,0.16555162752749816,2.1971532720721965
9,27,ens_l2_a0.1,ens_caruana_bag20_calibrated_best,0.4958329809469373,0.4225677355758737,-0.0732652453710636,0.0489583781314481,0.03692965868930379,0.6221867415924444,0.7858628900825743,0.16555162752749816,2.1971532720721965
9,36,ens_l2_a0.1,ens_caruana_bag20_calibrated_best,0.4958329809469373,0.4145866903151991,-0.08124629063173816,0.049684069981577594,0.03692965868930379,0.6221867415924444,0.7858628900825743,0.16555162752749816,2.1971532720721965
1,19,ens_l2_a0.05,ens_caruana_bag20_calibrated_importance,0.5017546613967405,0.4154008268960474,-0.08635383450069312,0.04761334657077687,0.07367866852776148,0.5330471466890288,0.66658181453051,0.1100370754265732,4.8713888174415025
1,21,ens_l2_a0.05,ens_caruana_bag20_calibrated_importance,0.5017546613967405,0.4154008268960474,-0.08635383450069312,0.04761334657077687,0.07367866852776148,0.5330471466890288,0.66658181453051,0.1100370754265732,4.8713888174415025
1,22,ens_l2_a0.05,ens_caruana_bag20_calibrated_importance,0.5017546613967405,0.4152122396657471,-0.08654242173099341,0.04793069247765258,0.07367866852776148,0.5330471466890288,0.66658181453051,0.1100370754265732,4.8713888174415025
1,23,ens_l2_a0.05,ens_caruana_bag20_calibrated_importance,0.5017546613967405,0.4148648161452291,-0.08688984525151144,0.045899468955771905,0.07367866852776148,0.5330471466890288,0.66658181453051,0.1100370754265732,4.8713888174415025
1,24,ens_l2_a0.05,ens_caruana_bag20_calibrated_importance,0.5017546613967405,0.4200188468957465,-0.08173581450099404,0.0424182833077863,0.07367866852776148,0.5330471466890288,0.66658181453051,0.1100370754265732,4.8713888174415025
1,28,ens_l2_a0.05,ens_caruana_bag20_calibrated_importance,0.5017546613967405,0.4148648161452291,-0.08688984525151144,0.045899468955771905,0.07367866852776148,0.5330471466890288,0.66658181453051,0.1100370754265732,4.8713888174415025
1,29,ens_l2_a0.05,ens_caruana_bag20_calibrated_importance,0.5017546613967405,0.4189477353901447,-0.08280692600659584,0.0412423015246427,0.07367866852776148,0.5330471466890288,0.66658181453051,0.1100370754265732,4.8713888174415025
1,30,ens_l2_a0.05,ens_caruana_bag20_calibrated_importance,0.5017546613967405,0.408442464692175,-0.09331219670456553,0.04709099130040473,0.07367866852776148,0.5330471466890288,0.66658181453051,0.1100370754265732,4.8713888174415025
1,31,ens_l2_a0.05,ens_caruana_bag20_calibrated_importance,0.5017546613967405,0.4078471063458229,-0.09390755505091763,0.0466251608059014,0.07367866852776148,0.5330471466890288,0.66658181453051,0.1100370754265732,4.8713888174415025
1,32,ens_l2_a0.05,ens_caruana_bag20_calibrated_importance,0.5017546613967405,0.4078471063458229,-0.09390755505091763,0.0466251608059014,0.07367866852776148,0.5330471466890288,0.66658181453051,0.1100370754265732,4.8713888174415025
1,38,ens_l2_a0.05,ens_caruana_bag20_calibrated_importance,0.5017546613967405,0.4109513858637011,-0.09080327553303941,0.04090734950715735,0.07367866852776148,0.5330471466890288,0.66658181453051,0.1100370754265732,4.8713888174415025
1,39,ens_l2_a0.05,ens_caruana_bag20_calibrated_importance,0.5017546613967405,0.4080327859318756,-0.09372187546486493,0.04769647522320719,0.07367866852776148,0.5330471466890288,0.66658181453051,0.1100370754265732,4.8713888174415025
1,40,ens_l2_a0.05,ens_caruana_bag20_calibrated_importance,0.5017546613967405,0.4110413223574798,-0.09071333903926071,0.04486216409631749,0.07367866852776148,0.5330471466890288,0.66658181453051,0.1100370754265732,4.8713888174415025
1,41,ens_l2_a0.05,ens_caruana_bag20_calibrated_importance,0.5017546613967405,0.4137047577516737,-0.08804990364506682,0.03811895819520916,0.07367866852776148,0.5330471466890288,0.66658181453051,0.1100370754265732,4.8713888174415025
1,42,ens_l2_a0.05,ens_caruana_bag20_calibrated_importance,0.5017546613967405,0.409074454235369,-0.09268020716137154,0.04875061683739623,0.07367866852776148,0.5330471466890288,0.66658181453051,0.1100370754265732,4.8713888174415025
1,56,ens_l2_a0.05,ens_swap_optuna_t10_top500_calibrated_importance,0.5017546613967405,0.4134599905046804,-0.08829467089206011,0.04046110537978387,0.07367866852776148,0.5330471466890288,0.66658181453051,0.1100370754265732,4.8713888174415025
12,19,tabpfn_2d_full_boltz_umap,ens_caruana_bag20_calibrated_importance,0.4901986309079051,0.4154008268960474,-0.0747978040118577,0.05577196155673658,0.2598740138178779,0.5253020956304841,0.64557325091587,0.01487220354384798,11.170439944608086
12,21,tabpfn_2d_full_boltz_umap,ens_caruana_bag20_calibrated_importance,0.4901986309079051,0.4154008268960474,-0.0747978040118577,0.05577196155673658,0.2598740138178779,0.5253020956304841,0.64557325091587,0.01487220354384798,11.170439944608086
12,22,tabpfn_2d_full_boltz_umap,ens_caruana_bag20_calibrated_importance,0.4901986309079051,0.4152122396657471,-0.074986391242158,0.05608930746361229,0.2598740138178779,0.5253020956304841,0.64557325091587,0.01487220354384798,11.170439944608086
12,23,tabpfn_2d_full_boltz_umap,ens_caruana_bag20_calibrated_importance,0.4901986309079051,0.4148648161452291,-0.07533381476267603,0.054058083941731616,0.2598740138178779,0.5253020956304841,0.64557325091587,0.01487220354384798,11.170439944608086
12,24,tabpfn_2d_full_boltz_umap,ens_caruana_bag20_calibrated_importance,0.4901986309079051,0.4200188468957465,-0.07017978401215863,0.05057689829374601,0.2598740138178779,0.5253020956304841,0.64557325091587,0.01487220354384798,11.170439944608086
12,28,tabpfn_2d_full_boltz_umap,ens_caruana_bag20_calibrated_importance,0.4901986309079051,0.4148648161452291,-0.07533381476267603,0.054058083941731616,0.2598740138178779,0.5253020956304841,0.64557325091587,0.01487220354384798,11.170439944608086
12,29,tabpfn_2d_full_boltz_umap,ens_caruana_bag20_calibrated_importance,0.4901986309079051,0.4189477353901447,-0.07125089551776043,0.04940091651060241,0.2598740138178779,0.5253020956304841,0.64557325091587,0.01487220354384798,11.170439944608086
12,30,tabpfn_2d_full_boltz_umap,ens_caruana_bag20_calibrated_importance,0.4901986309079051,0.408442464692175,-0.08175616621573012,0.05524960628636444,0.2598740138178779,0.5253020956304841,0.64557325091587,0.01487220354384798,11.170439944608086
12,31,tabpfn_2d_full_boltz_umap,ens_caruana_bag20_calibrated_importance,0.4901986309079051,0.4078471063458229,-0.08235152456208222,0.05478377579186111,0.2598740138178779,0.5253020956304841,0.64557325091587,0.01487220354384798,11.170439944608086
12,32,tabpfn_2d_full_boltz_umap,ens_caruana_bag20_calibrated_importance,0.4901986309079051,0.4078471063458229,-0.08235152456208222,0.05478377579186111,0.2598740138178779,0.5253020956304841,0.64557325091587,0.01487220354384798,11.170439944608086
12,38,tabpfn_2d_full_boltz_umap,ens_caruana_bag20_calibrated_importance,0.4901986309079051,0.4109513858637011,-0.079247245044204,0.049065964493117065,0.2598740138178779,0.5253020956304841,0.64557325091587,0.01487220354384798,11.170439944608086
12,39,tabpfn_2d_full_boltz_umap,ens_caruana_bag20_calibrated_importance,0.4901986309079051,0.4080327859318756,-0.08216584497602952,0.0558550902091669,0.2598740138178779,0.5253020956304841,0.64557325091587,0.01487220354384798,11.170439944608086
12,40,tabpfn_2d_full_boltz_umap,ens_caruana_bag20_calibrated_importance,0.4901986309079051,0.4110413223574798,-0.0791573085504253,0.0530207790822772,0.2598740138178779,0.5253020956304841,0.64557325091587,0.01487220354384798,11.170439944608086
12,41,tabpfn_2d_full_boltz_umap,ens_caruana_bag20_calibrated_importance,0.4901986309079051,0.4137047577516737,-0.0764938731562314,0.046277573181168874,0.2598740138178779,0.5253020956304841,0.64557325091587,0.01487220354384798,11.170439944608086
12,42,tabpfn_2d_full_boltz_umap,ens_caruana_bag20_calibrated_importance,0.4901986309079051,0.409074454235369,-0.08112417667253613,0.056909231823355944,0.2598740138178779,0.5253020956304841,0.64557325091587,0.01487220354384798,11.170439944608086
12,56,tabpfn_2d_full_boltz_umap,ens_swap_optuna_t10_top500_calibrated_importance,0.4901986309079051,0.4134599905046804,-0.0767386404032247,0.04861972036574358,0.2598740138178779,0.5253020956304841,0.64557325091587,0.01487220354384798,11.170439944608086
12,53,tabpfn_2d_full_boltz_umap,ens_repooled_trunk_core_only_calibrated_importance,0.4901986309079051,0.4105644448288402,-0.07963418607906492,0.05081399349604321,0.24496528488125313,0.5237061723286544,0.6420697095703776,0.014855073929547267,10.231293928326416
12,45,tabpfn_2d_full_boltz_umap,ens_caruana_bag20_admet_ai_no_log2fc_calibrated_importance,0.4901986309079051,0.4093625824408419,-0.08083604846706322,0.05219938383514788,0.24793661784054433,0.5176521108157682,0.634593536819122,0.014635633839322298,10.35810666244069
12,50,tabpfn_2d_full_boltz_umap,ens_internal_decor_cap101_bf50_b40_i1_l20,0.4901986309079051,0.4092437336283291,-0.080954897279576,0.055137219866080334,0.2272857724225125,0.5133639660195852,0.6316946213199673,0.014421426090670196,8.850291378765679
12,52,tabpfn_2d_full_boltz_umap,ens_repooled_trunk_swap_core_calibrated_importance,0.4901986309079051,0.4087104501774921,-0.08148818073041303,0.05366944811821661,0.25080058034503544,0.5059229089400303,0.617283855208022,0.014086139388144304,10.22646214238391
12,48,tabpfn_2d_full_boltz_umap,ens_meta_axis_a343,0.4901986309079051,0.4074004936698981,-0.082798137238007,0.05652026303557367,0.23809127294802904,0.4994992599525742,0.6098041120166483,0.01506522868043836,9.912618884776629
12,58,tabpfn_2d_full_boltz_umap,ens_id55_combo_gate_rank1,0.4901986309079051,0.4075200760754026,-0.08267855483250253,0.05399493708287528,0.256561737246178,0.49924145621316823,0.6043111308331708,0.014844417859107123,11.168850872540308
12,51,tabpfn_2d_full_boltz_umap,ens_meta_axis_reverse_id50_g10,0.4901986309079051,0.4073264585428647,-0.08287217236504041,0.05634363112877927,0.2392675579342349,0.4980873923286723,0.6069157668994226,0.015111599631986463,10.018851635377727
12,44,tabpfn_2d_full_boltz_umap,ens_caruana_bag20_anchor_residual,0.4901986309079051,0.4090205188659963,-0.08117811204190883,0.05409805698353343,0.24016441642858036,0.4964373173745899,0.599022886202789,0.015006597382113036,9.904451852158425
12,43,tabpfn_2d_full_boltz_umap,ens_hybrid_meta_baseline_5050,0.4901986309079051,0.4074838675224626,-0.08271476338544254,0.05638696087644002,0.23629318574273472,0.49592210737952774,0.6033488502418315,0.015161532601289426,9.830598757519084
12,47,tabpfn_2d_full_boltz_umap,ens_hybrid_meta_baseline_5050,0.4901986309079051,0.4074838675224626,-0.08271476338544254,0.05638696087644002,0.23629318574273472,0.49592210737952774,0.6033488502418315,0.015161532601289426,9.830598757519084
12,54,tabpfn_2d_full_boltz_umap,ens_id51_plus_potent_noaux_a30_delta_g050,0.4901986309079051,0.409582091172509,-0.08061653973539612,0.05420011731505869,0.23961999757294644,0.4954432887924823,0.5936565147050831,0.015079632479135284,9.89362381275947
12,16,tabpfn_2d_full_boltz_umap,ens_caruana_bag20_calibrated_best,0.4901986309079051,0.4357788073667819,-0.054419823541123236,0.050499106445571096,0.2418733728067884,0.49316521994003815,0.6043621975227567,0.010672845122743224,7.459998063531972
12,17,tabpfn_2d_full_boltz_umap,ens_caruana_bag20_calibrated_best,0.4901986309079051,0.4318297602126632,-0.05836887069524188,0.05543290119157562,0.2418733728067884,0.49316521994003815,0.6043621975227567,0.010672845122743224,7.459998063531972
12,18,tabpfn_2d_full_boltz_umap,ens_caruana_bag20_calibrated_best,0.4901986309079051,0.4244185733497787,-0.06578005755812638,0.05739279796706487,0.2418733728067884,0.49316521994003815,0.6043621975227567,0.010672845122743224,7.459998063531972
12,26,tabpfn_2d_full_boltz_umap,ens_caruana_bag20_calibrated_best,0.4901986309079051,0.4243494844698721,-0.06584914643803302,0.04620402317666095,0.2418733728067884,0.49316521994003815,0.6043621975227567,0.010672845122743224,7.459998063531972
12,27,tabpfn_2d_full_boltz_umap,ens_caruana_bag20_calibrated_best,0.4901986309079051,0.4225677355758737,-0.06763089533203143,0.054058083941731616,0.2418733728067884,0.49316521994003815,0.6043621975227567,0.010672845122743224,7.459998063531972
12,36,tabpfn_2d_full_boltz_umap,ens_caruana_bag20_calibrated_best,0.4901986309079051,0.4145866903151991,-0.07561194059270598,0.05478377579186111,0.2418733728067884,0.49316521994003815,0.6043621975227567,0.010672845122743224,7.459998063531972
12,55,tabpfn_2d_full_boltz_umap,ens_id51_top500_potent46_t40_soft_g35,0.4901986309079051,0.4070801895382421,-0.08311844136966301,0.054830995605292254,0.24836525536501122,0.4902280478275537,0.5995533314577229,0.014330447472451009,10.345520175732656
12,57,tabpfn_2d_full_boltz_umap,ens_id51_top500_potent46_t40_soft_g50,0.4901986309079051,0.4073887188823258,-0.0828099120255793,0.054650952326983804,0.2524295769678317,0.4864960130763036,0.59602620641566,0.013986617677840697,10.485520978741908
12,46,tabpfn_2d_full_boltz_umap,ens_region_v2_blend_a8,0.4901986309079051,0.4091592405210825,-0.08103939038682262,0.05286856306946197,0.25615336550057305,0.481081187275099,0.576100660643726,0.01308178957251419,9.869711237054702
6,19,lgbm_mordred_jazzy_umap,ens_caruana_bag20_calibrated_importance,0.5736643023301617,0.4154008268960474,-0.15826347543411434,0.12344499466555159,0.36315258627874647,0.47308854033385234,0.5375361020293031,0.014667795808093785,18.905082391585307
6,21,lgbm_mordred_jazzy_umap,ens_caruana_bag20_calibrated_importance,0.5736643023301617,0.4154008268960474,-0.15826347543411434,0.12344499466555159,0.36315258627874647,0.47308854033385234,0.5375361020293031,0.014667795808093785,18.905082391585307
6,22,lgbm_mordred_jazzy_umap,ens_caruana_bag20_calibrated_importance,0.5736643023301617,0.4152122396657471,-0.15845206266441464,0.1237623405724273,0.36315258627874647,0.47308854033385234,0.5375361020293031,0.014667795808093785,18.905082391585307
6,23,lgbm_mordred_jazzy_umap,ens_caruana_bag20_calibrated_importance,0.5736643023301617,0.4148648161452291,-0.15879948618493267,0.12173111705054662,0.36315258627874647,0.47308854033385234,0.5375361020293031,0.014667795808093785,18.905082391585307
6,24,lgbm_mordred_jazzy_umap,ens_caruana_bag20_calibrated_importance,0.5736643023301617,0.4200188468957465,-0.15364545543441527,0.11824993140256101,0.36315258627874647,0.47308854033385234,0.5375361020293031,0.014667795808093785,18.905082391585307
6,28,lgbm_mordred_jazzy_umap,ens_caruana_bag20_calibrated_importance,0.5736643023301617,0.4148648161452291,-0.15879948618493267,0.12173111705054662,0.36315258627874647,0.47308854033385234,0.5375361020293031,0.014667795808093785,18.905082391585307
6,29,lgbm_mordred_jazzy_umap,ens_caruana_bag20_calibrated_importance,0.5736643023301617,0.4189477353901447,-0.15471656694001706,0.11707394961941742,0.36315258627874647,0.47308854033385234,0.5375361020293031,0.014667795808093785,18.905082391585307
6,30,lgbm_mordred_jazzy_umap,ens_caruana_bag20_calibrated_importance,0.5736643023301617,0.408442464692175,-0.16522183763798676,0.12292263939517944,0.36315258627874647,0.47308854033385234,0.5375361020293031,0.014667795808093785,18.905082391585307
6,31,lgbm_mordred_jazzy_umap,ens_caruana_bag20_calibrated_importance,0.5736643023301617,0.4078471063458229,-0.16581719598433886,0.12245680890067612,0.36315258627874647,0.47308854033385234,0.5375361020293031,0.014667795808093785,18.905082391585307
6,32,lgbm_mordred_jazzy_umap,ens_caruana_bag20_calibrated_importance,0.5736643023301617,0.4078471063458229,-0.16581719598433886,0.12245680890067612,0.36315258627874647,0.47308854033385234,0.5375361020293031,0.014667795808093785,18.905082391585307
6,38,lgbm_mordred_jazzy_umap,ens_caruana_bag20_calibrated_importance,0.5736643023301617,0.4109513858637011,-0.16271291646646063,0.11673899760193207,0.36315258627874647,0.47308854033385234,0.5375361020293031,0.014667795808093785,18.905082391585307
6,39,lgbm_mordred_jazzy_umap,ens_caruana_bag20_calibrated_importance,0.5736643023301617,0.4080327859318756,-0.16563151639828616,0.12352812331798191,0.36315258627874647,0.47308854033385234,0.5375361020293031,0.014667795808093785,18.905082391585307
6,40,lgbm_mordred_jazzy_umap,ens_caruana_bag20_calibrated_importance,0.5736643023301617,0.4110413223574798,-0.16262297997268194,0.12069381219109221,0.36315258627874647,0.47308854033385234,0.5375361020293031,0.014667795808093785,18.905082391585307
6,41,lgbm_mordred_jazzy_umap,ens_caruana_bag20_calibrated_importance,0.5736643023301617,0.4137047577516737,-0.15995954457848804,0.11395060628998388,0.36315258627874647,0.47308854033385234,0.5375361020293031,0.014667795808093785,18.905082391585307
6,42,lgbm_mordred_jazzy_umap,ens_caruana_bag20_calibrated_importance,0.5736643023301617,0.409074454235369,-0.16458984809479277,0.12458226493217095,0.36315258627874647,0.47308854033385234,0.5375361020293031,0.014667795808093785,18.905082391585307
6,56,lgbm_mordred_jazzy_umap,ens_swap_optuna_t10_top500_calibrated_importance,0.5736643023301617,0.4134599905046804,-0.16020431182548134,0.11629275347455859,0.36315258627874647,0.47308854033385234,0.5375361020293031,0.014667795808093785,18.905082391585307
12,49,tabpfn_2d_full_boltz_umap,ens_resid_lowd_core_ridge_a10p0_s50_hybrid,0.4901986309079051,0.4196878176889805,-0.0705108132189246,0.04909263421265553,0.2374374164662835,0.47024551439406964,0.5371564608898893,0.01287532087590433,8.262970477711841
6,53,lgbm_mordred_jazzy_umap,ens_repooled_trunk_core_only_calibrated_importance,0.5736643023301617,0.4105644448288402,-0.16309985750132155,0.11848702660485821,0.35023641732618654,0.46616845265602974,0.527504292804471,0.01479451893029052,17.965936375303638
6,45,lgbm_mordred_jazzy_umap,ens_caruana_bag20_admet_ai_no_log2fc_calibrated_importance,0.5736643023301617,0.4093625824408419,-0.16430171988931985,0.11987241694396289,0.3536017746047707,0.46225425220763555,0.5245196397630034,0.014577846184723756,18.092749109417912
13,53,ens_caruana_bag20,ens_repooled_trunk_core_only_calibrated_importance,0.4414270025507814,0.4105644448288402,-0.030862557721941186,0.00041364056729242815,0.07909090967668973,0.4621903404647927,0.5350677534207223,0.0851520998982912,4.778033729978291
14,53,ens_caruana_bag20,ens_repooled_trunk_core_only_calibrated_importance,0.4430377590818476,0.4105644448288402,-0.032473314253007424,0.0021711215119263327,0.07909090967668973,0.4621903404647927,0.5350677534207223,0.0851520998982912,4.778033729978291
15,53,ens_caruana_bag20,ens_repooled_trunk_core_only_calibrated_importance,0.4423088470924464,0.4105644448288402,-0.0317444022636062,0.0003148870504721124,0.07909090967668973,0.4621903404647927,0.5350677534207223,0.0851520998982912,4.778033729978291
25,53,ens_caruana_bag20,ens_repooled_trunk_core_only_calibrated_importance,0.4290789893593625,0.4105644448288402,-0.018514544530522314,-0.00525290798002187,0.07909090967668973,0.4621903404647927,0.5350677534207223,0.0851520998982912,4.778033729978291
2,53,ens_l2_a0.1,ens_repooled_trunk_core_only_calibrated_importance,0.498861930443137,0.4105644448288402,-0.08829748561429679,0.04180814384747855,0.08246357342343749,0.4609978189716037,0.5378866628735434,0.08024665039525286,4.968449136866641
9,53,ens_l2_a0.1,ens_repooled_trunk_core_only_calibrated_importance,0.4958329809469373,0.4105644448288402,-0.0852685361180971,0.04571428768575969,0.08246357342343749,0.4609978189716037,0.5378866628735434,0.08024665039525286,4.968449136866641
2,3,ens_l2_a0.1,ens_vanilla,0.498861930443137,0.498861930443137,0.0,0.0,0.08516128991071599,0.4596808006581675,0.5281343815263888,0.04375619108634986,3.184757954273612
2,7,ens_l2_a0.1,ens_vanilla,0.498861930443137,0.4936105473025923,-0.005251383140544685,-0.0016752798499497512,0.08516128991071599,0.4596808006581675,0.5281343815263888,0.04375619108634986,3.184757954273612
2,10,ens_l2_a0.1,ens_vanilla,0.498861930443137,0.4772064783754661,-0.02165545206767089,0.009301238249331156,0.08516128991071599,0.4596808006581675,0.5281343815263888,0.04375619108634986,3.184757954273612
2,11,ens_l2_a0.1,ens_vanilla,0.498861930443137,0.478321277597625,-0.020540652845511986,0.013781493348222651,0.08516128991071599,0.4596808006581675,0.5281343815263888,0.04375619108634986,3.184757954273612
9,10,ens_l2_a0.1,ens_vanilla,0.4958329809469373,0.4772064783754661,-0.018626502571471193,0.013207382087612296,0.08516128991071599,0.4596808006581675,0.5281343815263888,0.04375619108634986,3.184757954273612
9,11,ens_l2_a0.1,ens_vanilla,0.4958329809469373,0.478321277597625,-0.01751170334931229,0.01768763718650379,0.08516128991071599,0.4596808006581675,0.5281343815263888,0.04375619108634986,3.184757954273612
1,3,ens_l2_a0.05,ens_vanilla,0.5017546613967405,0.498861930443137,-0.0028927309536035395,0.0008472346626049454,0.05780297434861447,0.4590972129229351,0.5224497240839325,0.06286387206836057,2.148551618566803
1,7,ens_l2_a0.05,ens_vanilla,0.5017546613967405,0.4936105473025923,-0.008144114094148225,-0.0008280451873448058,0.05780297434861447,0.4590972129229351,0.5224497240839325,0.06286387206836057,2.148551618566803
1,10,ens_l2_a0.05,ens_vanilla,0.5017546613967405,0.4772064783754661,-0.024548183021274428,0.010148472911936102,0.05780297434861447,0.4590972129229351,0.5224497240839325,0.06286387206836057,2.148551618566803
1,11,ens_l2_a0.05,ens_vanilla,0.5017546613967405,0.478321277597625,-0.023433383799115526,0.014628728010827596,0.05780297434861447,0.4590972129229351,0.5224497240839325,0.06286387206836057,2.148551618566803
6,50,lgbm_mordred_jazzy_umap,ens_internal_decor_cap101_bf50_b40_i1_l20,0.5736643023301617,0.4092437336283291,-0.16442056870183264,0.12281025297489534,0.3296919393870449,0.4569175889226902,0.5162800035596239,0.015183880422902384,16.5849338257429
6,52,lgbm_mordred_jazzy_umap,ens_repooled_trunk_swap_core_calibrated_importance,0.5736643023301617,0.4087104501774921,-0.16495385215266967,0.12134248122703162,0.3550636237243547,0.4547513957393506,0.5158889933872021,0.014280428957646963,17.961104589361135
2,45,ens_l2_a0.1,ens_caruana_bag20_admet_ai_no_log2fc_calibrated_importance,0.498861930443137,0.4093625824408419,-0.08949934800229509,0.04319353418658323,0.08504904438716533,0.4527809302712688,0.5247676913922703,0.07734040030054769,5.095261870980916
9,45,ens_l2_a0.1,ens_caruana_bag20_admet_ai_no_log2fc_calibrated_importance,0.4958329809469373,0.4093625824408419,-0.08647039850609539,0.047099678024864366,0.08504904438716533,0.4527809302712688,0.5247676913922703,0.07734040030054769,5.095261870980916
6,58,lgbm_mordred_jazzy_umap,ens_id55_combo_gate_rank1,0.5736643023301617,0.4075200760754026,-0.16614422625475916,0.12166797019169029,0.3627541195097816,0.4521711595613512,0.5068163641083435,0.014431119062759096,18.903493319517533
13,45,ens_caruana_bag20,ens_caruana_bag20_admet_ai_no_log2fc_calibrated_importance,0.4414270025507814,0.4093625824408419,-0.032064420109939484,0.0017990309063971033,0.08252410852812557,0.4519967901638781,0.5160324687045847,0.08151145554696959,4.904846464092564
14,45,ens_caruana_bag20,ens_caruana_bag20_admet_ai_no_log2fc_calibrated_importance,0.4430377590818476,0.4093625824408419,-0.03367517664100572,0.003556511851031008,0.08252410852812557,0.4519967901638781,0.5160324687045847,0.08151145554696959,4.904846464092564
15,45,ens_caruana_bag20,ens_caruana_bag20_admet_ai_no_log2fc_calibrated_importance,0.4423088470924464,0.4093625824408419,-0.032946264651604495,0.0017002773895767875,0.08252410852812557,0.4519967901638781,0.5160324687045847,0.08151145554696959,4.904846464092564
25,45,ens_caruana_bag20,ens_caruana_bag20_admet_ai_no_log2fc_calibrated_importance,0.4290789893593625,0.4093625824408419,-0.019716406918520613,-0.003867517640917195,0.08252410852812557,0.4519967901638781,0.5160324687045847,0.08151145554696959,4.904846464092564
6,7,lgbm_mordred_jazzy_umap,ens_vanilla,0.5736643023301617,0.4936105473025923,-0.08005375502756945,0.07500360290742991,0.3678818548185524,0.44992944734578016,0.50487714532939,0.01178948517912272,16.18224519271061
6,10,lgbm_mordred_jazzy_umap,ens_vanilla,0.5736643023301617,0.4772064783754661,-0.09645782395469565,0.08598012100671082,0.3678818548185524,0.44992944734578016,0.50487714532939,0.01178948517912272,16.18224519271061
6,11,lgbm_mordred_jazzy_umap,ens_vanilla,0.5736643023301617,0.478321277597625,-0.09534302473253675,0.09046037610560231,0.3678818548185524,0.44992944734578016,0.50487714532939,0.01178948517912272,16.18224519271061
6,16,lgbm_mordred_jazzy_umap,ens_caruana_bag20_calibrated_best,0.5736643023301617,0.4357788073667819,-0.13788549496337987,0.1181721395543861,0.33297085694605605,0.44691195747568085,0.5057470642724076,0.013440329386537253,15.19464051050919
6,17,lgbm_mordred_jazzy_umap,ens_caruana_bag20_calibrated_best,0.5736643023301617,0.4318297602126632,-0.14183454211749852,0.12310593430039063,0.33297085694605605,0.44691195747568085,0.5057470642724076,0.013440329386537253,15.19464051050919
6,18,lgbm_mordred_jazzy_umap,ens_caruana_bag20_calibrated_best,0.5736643023301617,0.4244185733497787,-0.14924572898038302,0.12506583107587987,0.33297085694605605,0.44691195747568085,0.5057470642724076,0.013440329386537253,15.19464051050919
6,26,lgbm_mordred_jazzy_umap,ens_caruana_bag20_calibrated_best,0.5736643023301617,0.4243494844698721,-0.14931481786028966,0.11387705628547595,0.33297085694605605,0.44691195747568085,0.5057470642724076,0.013440329386537253,15.19464051050919
6,27,lgbm_mordred_jazzy_umap,ens_caruana_bag20_calibrated_best,0.5736643023301617,0.4225677355758737,-0.15109656675428806,0.12173111705054662,0.33297085694605605,0.44691195747568085,0.5057470642724076,0.013440329386537253,15.19464051050919
6,36,lgbm_mordred_jazzy_umap,ens_caruana_bag20_calibrated_best,0.5736643023301617,0.4145866903151991,-0.15907761201496262,0.12245680890067612,0.33297085694605605,0.44691195747568085,0.5057470642724076,0.013440329386537253,15.19464051050919
6,48,lgbm_mordred_jazzy_umap,ens_meta_axis_a343,0.5736643023301617,0.4074004936698981,-0.16626380866026363,0.12419329614438868,0.34565871089846334,0.44595588036365263,0.5023402066869589,0.014823793829041948,17.647261331753853
6,51,lgbm_mordred_jazzy_umap,ens_meta_axis_reverse_id50_g10,0.5736643023301617,0.4073264585428647,-0.16633784378729705,0.12401666423759428,0.34730755146870845,0.44486106818682203,0.5008686685840188,0.014783858771818096,17.75349408235495
12,20,tabpfn_2d_full_boltz_umap,ens_caruana_bag20_calibrated_blend,0.4901986309079051,0.4168366368422205,-0.07336199406568461,0.05577196155673658,0.20081157484946704,0.44448411498362983,0.5407424042349526,0.013002137717426495,6.641530717614216
6,44,lgbm_mordred_jazzy_umap,ens_caruana_bag20_anchor_residual,0.5736643023301617,0.4090205188659963,-0.16464378346416547,0.12177109009234843,0.3469082915083565,0.44303750494721106,0.4970427070999547,0.014731770224142668,17.639094299135646
6,55,lgbm_mordred_jazzy_umap,ens_id51_top500_potent46_t40_soft_g35,0.5736643023301617,0.4070801895382421,-0.16658411279191965,0.12250402871410726,0.35510263370758044,0.4427732332905603,0.49923359492776853,0.01428249160696808,18.080162622709874
6,43,lgbm_mordred_jazzy_umap,ens_hybrid_meta_baseline_5050,0.5736643023301617,0.4074838675224626,-0.16618043480769917,0.12405999398525502,0.34412622185800057,0.44273415550548234,0.498470601270397,0.014874516415095506,17.565241204496306
6,47,lgbm_mordred_jazzy_umap,ens_hybrid_meta_baseline_5050,0.5736643023301617,0.4074838675224626,-0.16618043480769917,0.12405999398525502,0.34412622185800057,0.44273415550548234,0.498470601270397,0.014874516415095506,17.565241204496306
6,57,lgbm_mordred_jazzy_umap,ens_id51_top500_potent46_t40_soft_g50,0.5736643023301617,0.4073887188823258,-0.16627558344783594,0.12232398543579881,0.3584732547265071,0.4415519647432827,0.49856939910682646,0.014055901613543248,18.22016342571913
6,54,lgbm_mordred_jazzy_umap,ens_id51_plus_potent_noaux_a30_delta_g050,0.5736643023301617,0.409582091172509,-0.16408221115765276,0.1218731504238737,0.34698909316262205,0.4409737977872296,0.4926857366072538,0.014697555489142262,17.628266259736694
12,13,tabpfn_2d_full_boltz_umap,ens_caruana_bag20,0.4901986309079051,0.4414270025507814,-0.04877162835712373,0.05040035292875078,0.22541477211907873,0.4406180636118704,0.5314030254956817,0.008697912057488193,5.453260198348123
12,14,tabpfn_2d_full_boltz_umap,ens_caruana_bag20,0.4901986309079051,0.4430377590818476,-0.04716087182605749,0.048642871984116876,0.22541477211907873,0.4406180636118704,0.5314030254956817,0.008697912057488193,5.453260198348123
12,15,tabpfn_2d_full_boltz_umap,ens_caruana_bag20,0.4901986309079051,0.4423088470924464,-0.04788978381545872,0.050499106445571096,0.22541477211907873,0.4406180636118704,0.5314030254956817,0.008697912057488193,5.453260198348123
12,25,tabpfn_2d_full_boltz_umap,ens_caruana_bag20,0.4901986309079051,0.4290789893593625,-0.0611196415485426,0.05606690147606508,0.22541477211907873,0.4406180636118704,0.5314030254956817,0.008697912057488193,5.453260198348123
4,19,lgbm_mordred_jazzy_analog,ens_caruana_bag20_calibrated_importance,0.5800392896586687,0.4154008268960474,-0.16463846276262128,0.12708977759246165,0.36888891610702157,0.4395298100131244,0.4992997890083815,0.013501948965202437,18.383687861474378
4,21,lgbm_mordred_jazzy_analog,ens_caruana_bag20_calibrated_importance,0.5800392896586687,0.4154008268960474,-0.16463846276262128,0.12708977759246165,0.36888891610702157,0.4395298100131244,0.4992997890083815,0.013501948965202437,18.383687861474378
4,22,lgbm_mordred_jazzy_analog,ens_caruana_bag20_calibrated_importance,0.5800392896586687,0.4152122396657471,-0.16482704999292158,0.12740712349933736,0.36888891610702157,0.4395298100131244,0.4992997890083815,0.013501948965202437,18.383687861474378
4,23,lgbm_mordred_jazzy_analog,ens_caruana_bag20_calibrated_importance,0.5800392896586687,0.4148648161452291,-0.1651744735134396,0.12537589997745668,0.36888891610702157,0.4395298100131244,0.4992997890083815,0.013501948965202437,18.383687861474378
4,24,lgbm_mordred_jazzy_analog,ens_caruana_bag20_calibrated_importance,0.5800392896586687,0.4200188468957465,-0.1600204427629222,0.12189471432947108,0.36888891610702157,0.4395298100131244,0.4992997890083815,0.013501948965202437,18.383687861474378
4,28,lgbm_mordred_jazzy_analog,ens_caruana_bag20_calibrated_importance,0.5800392896586687,0.4148648161452291,-0.1651744735134396,0.12537589997745668,0.36888891610702157,0.4395298100131244,0.4992997890083815,0.013501948965202437,18.383687861474378
4,29,lgbm_mordred_jazzy_analog,ens_caruana_bag20_calibrated_importance,0.5800392896586687,0.4189477353901447,-0.161091554268524,0.12071873254632748,0.36888891610702157,0.4395298100131244,0.4992997890083815,0.013501948965202437,18.383687861474378
4,30,lgbm_mordred_jazzy_analog,ens_caruana_bag20_calibrated_importance,0.5800392896586687,0.408442464692175,-0.1715968249664937,0.1265674223220895,0.36888891610702157,0.4395298100131244,0.4992997890083815,0.013501948965202437,18.383687861474378
4,31,lgbm_mordred_jazzy_analog,ens_caruana_bag20_calibrated_importance,0.5800392896586687,0.4078471063458229,-0.1721921833128458,0.12610159182758618,0.36888891610702157,0.4395298100131244,0.4992997890083815,0.013501948965202437,18.383687861474378
4,32,lgbm_mordred_jazzy_analog,ens_caruana_bag20_calibrated_importance,0.5800392896586687,0.4078471063458229,-0.1721921833128458,0.12610159182758618,0.36888891610702157,0.4395298100131244,0.4992997890083815,0.013501948965202437,18.383687861474378
4,38,lgbm_mordred_jazzy_analog,ens_caruana_bag20_calibrated_importance,0.5800392896586687,0.4109513858637011,-0.16908790379496758,0.12038378052884213,0.36888891610702157,0.4395298100131244,0.4992997890083815,0.013501948965202437,18.383687861474378
4,39,lgbm_mordred_jazzy_analog,ens_caruana_bag20_calibrated_importance,0.5800392896586687,0.4080327859318756,-0.1720065037267931,0.12717290624489197,0.36888891610702157,0.4395298100131244,0.4992997890083815,0.013501948965202437,18.383687861474378
4,40,lgbm_mordred_jazzy_analog,ens_caruana_bag20_calibrated_importance,0.5800392896586687,0.4110413223574798,-0.16899796730118888,0.12433859511800227,0.36888891610702157,0.4395298100131244,0.4992997890083815,0.013501948965202437,18.383687861474378
4,41,lgbm_mordred_jazzy_analog,ens_caruana_bag20_calibrated_importance,0.5800392896586687,0.4137047577516737,-0.166334531906995,0.11759538921689394,0.36888891610702157,0.4395298100131244,0.4992997890083815,0.013501948965202437,18.383687861474378
4,42,lgbm_mordred_jazzy_analog,ens_caruana_bag20_calibrated_importance,0.5800392896586687,0.409074454235369,-0.1709648354232997,0.128227047859081,0.36888891610702157,0.4395298100131244,0.4992997890083815,0.013501948965202437,18.383687861474378
4,56,lgbm_mordred_jazzy_analog,ens_swap_optuna_t10_top500_calibrated_importance,0.5800392896586687,0.4134599905046804,-0.16657929915398828,0.11993753640146865,0.36888891610702157,0.4395298100131244,0.4992997890083815,0.013501948965202437,18.383687861474378
6,46,lgbm_mordred_jazzy_umap,ens_region_v2_blend_a8,0.5736643023301617,0.4091592405210825,-0.16450506180907926,0.12054159617827698,0.356617730741499,0.4378871655908789,0.48963136602453033,0.01373208029155562,17.604353684031924
4,53,lgbm_mordred_jazzy_analog,ens_repooled_trunk_core_only_calibrated_importance,0.5800392896586687,0.4105644448288402,-0.1694748448298285,0.12213180953176828,0.3548310158998486,0.43187717668145,0.4921932507683138,0.013570828388658833,17.444541845192706
20,21,ens_caruana_bag20_calibrated_blend,ens_caruana_bag20_calibrated_importance,0.4168366368422205,0.4154008268960474,-0.0014358099461730944,0.0,0.10406867959351794,0.42975864890248644,0.5000953864215696,0.04218388377145992,4.528909226993868
20,22,ens_caruana_bag20_calibrated_blend,ens_caruana_bag20_calibrated_importance,0.4168366368422205,0.4152122396657471,-0.001624397176473391,0.00031734590687571007,0.10406867959351794,0.42975864890248644,0.5000953864215696,0.04218388377145992,4.528909226993868
20,23,ens_caruana_bag20_calibrated_blend,ens_caruana_bag20_calibrated_importance,0.4168366368422205,0.4148648161452291,-0.001971820696991422,-0.0017138776150049662,0.10406867959351794,0.42975864890248644,0.5000953864215696,0.04218388377145992,4.528909226993868
20,24,ens_caruana_bag20_calibrated_blend,ens_caruana_bag20_calibrated_importance,0.4168366368422205,0.4200188468957465,0.00318221005352598,-0.0051950632629905735,0.10406867959351794,0.42975864890248644,0.5000953864215696,0.04218388377145992,4.528909226993868
20,28,ens_caruana_bag20_calibrated_blend,ens_caruana_bag20_calibrated_importance,0.4168366368422205,0.4148648161452291,-0.001971820696991422,-0.0017138776150049662,0.10406867959351794,0.42975864890248644,0.5000953864215696,0.04218388377145992,4.528909226993868
20,29,ens_caruana_bag20_calibrated_blend,ens_caruana_bag20_calibrated_importance,0.4168366368422205,0.4189477353901447,0.002111098547924184,-0.006371045046134172,0.10406867959351794,0.42975864890248644,0.5000953864215696,0.04218388377145992,4.528909226993868
20,30,ens_caruana_bag20_calibrated_blend,ens_caruana_bag20_calibrated_importance,0.4168366368422205,0.408442464692175,-0.008394172150045509,-0.0005223552703721435,0.10406867959351794,0.42975864890248644,0.5000953864215696,0.04218388377145992,4.528909226993868
20,31,ens_caruana_bag20_calibrated_blend,ens_caruana_bag20_calibrated_importance,0.4168366368422205,0.4078471063458229,-0.008989530496397613,-0.000988185764875471,0.10406867959351794,0.42975864890248644,0.5000953864215696,0.04218388377145992,4.528909226993868
20,32,ens_caruana_bag20_calibrated_blend,ens_caruana_bag20_calibrated_importance,0.4168366368422205,0.4078471063458229,-0.008989530496397613,-0.000988185764875471,0.10406867959351794,0.42975864890248644,0.5000953864215696,0.04218388377145992,4.528909226993868
20,38,ens_caruana_bag20_calibrated_blend,ens_caruana_bag20_calibrated_importance,0.4168366368422205,0.4109513858637011,-0.005885250978519385,-0.006705997063619518,0.10406867959351794,0.42975864890248644,0.5000953864215696,0.04218388377145992,4.528909226993868
20,39,ens_caruana_bag20_calibrated_blend,ens_caruana_bag20_calibrated_importance,0.4168366368422205,0.4080327859318756,-0.008803850910344913,8.312865243031986e-05,0.10406867959351794,0.42975864890248644,0.5000953864215696,0.04218388377145992,4.528909226993868
20,40,ens_caruana_bag20_calibrated_blend,ens_caruana_bag20_calibrated_importance,0.4168366368422205,0.4110413223574798,-0.005795314484740688,-0.0027511824744593794,0.10406867959351794,0.42975864890248644,0.5000953864215696,0.04218388377145992,4.528909226993868
20,41,ens_caruana_bag20_calibrated_blend,ens_caruana_bag20_calibrated_importance,0.4168366368422205,0.4137047577516737,-0.0031318790905467964,-0.009494388375567708,0.10406867959351794,0.42975864890248644,0.5000953864215696,0.04218388377145992,4.528909226993868
20,42,ens_caruana_bag20_calibrated_blend,ens_caruana_bag20_calibrated_importance,0.4168366368422205,0.409074454235369,-0.00776218260685152,0.0011372702666193613,0.10406867959351794,0.42975864890248644,0.5000953864215696,0.04218388377145992,4.528909226993868
20,56,ens_caruana_bag20_calibrated_blend,ens_swap_optuna_t10_top500_calibrated_importance,0.4168366368422205,0.4134599905046804,-0.00337664633754009,-0.007152241190993003,0.10406867959351794,0.42975864890248644,0.5000953864215696,0.04218388377145992,4.528909226993868
4,45,lgbm_mordred_jazzy_analog,ens_caruana_bag20_admet_ai_no_log2fc_calibrated_importance,0.5800392896586687,0.4093625824408419,-0.1706767072178268,0.12351719987087295,0.3580737031821461,0.42849062745502914,0.48796688321677983,0.01338740687379972,17.57135457930698
13,52,ens_caruana_bag20,ens_repooled_trunk_swap_core_calibrated_importance,0.4414270025507814,0.4087104501774921,-0.0327165523732893,0.0032690951894658316,0.08181545694676691,0.42774947991500767,0.4837677637608851,0.07896089766761225,4.773201944035786
14,52,ens_caruana_bag20,ens_repooled_trunk_swap_core_calibrated_importance,0.4430377590818476,0.4087104501774921,-0.034327308904355536,0.005026576134099736,0.08181545694676691,0.42774947991500767,0.4837677637608851,0.07896089766761225,4.773201944035786
15,52,ens_caruana_bag20,ens_repooled_trunk_swap_core_calibrated_importance,0.4423088470924464,0.4087104501774921,-0.03359839691495431,0.003170341672645516,0.08181545694676691,0.42774947991500767,0.4837677637608851,0.07896089766761225,4.773201944035786
25,52,ens_caruana_bag20,ens_repooled_trunk_swap_core_calibrated_importance,0.4290789893593625,0.4087104501774921,-0.020368539181870426,-0.002397453357848467,0.08181545694676691,0.42774947991500767,0.4837677637608851,0.07896089766761225,4.773201944035786
2,52,ens_l2_a0.1,ens_repooled_trunk_swap_core_calibrated_importance,0.498861930443137,0.4087104501774921,-0.0901514802656449,0.044663598469651955,0.08515955058721199,0.42590671825359455,0.48472257461566126,0.07400386686603629,4.963617350924138
9,52,ens_l2_a0.1,ens_repooled_trunk_swap_core_calibrated_importance,0.4958329809469373,0.4087104501774921,-0.0871225307694452,0.048569742307933095,0.08515955058721199,0.42590671825359455,0.48472257461566126,0.07400386686603629,4.963617350924138
20,58,ens_caruana_bag20_calibrated_blend,ens_id55_combo_gate_rank1,0.4168366368422205,0.4075200760754026,-0.009316560766817916,-0.0017770244738612995,0.08942176701098956,0.42413465982360493,0.4983161327558081,0.054928807780878344,4.527320154926092
4,50,lgbm_mordred_jazzy_analog,ens_internal_decor_cap101_bf50_b40_i1_l20,0.5800392896586687,0.4092437336283291,-0.17079555603033958,0.1264550359018054,0.33350646049398114,0.42178901036207006,0.4793626393060632,0.013883617517464036,16.063539295631973
4,52,lgbm_mordred_jazzy_analog,ens_repooled_trunk_swap_core_calibrated_importance,0.5800392896586687,0.4087104501774921,-0.1713288394811766,0.12498726415394168,0.359448453815588,0.4215617224615412,0.48015513607388544,0.013122490904047962,17.439710059250203
6,49,lgbm_mordred_jazzy_umap,ens_resid_lowd_core_ridge_a10p0_s50_hybrid,0.5736643023301617,0.4196878176889805,-0.15397648464118124,0.11676566732147053,0.33787077275683775,0.4203898045875913,0.4603763541826009,0.013903744316867476,15.997612924689063
4,58,lgbm_mordred_jazzy_analog,ens_id55_combo_gate_rank1,0.5800392896586687,0.4075200760754026,-0.1725192135832661,0.12531275311860035,0.36694613861885317,0.4188673759145161,0.4712418611750407,0.013271563930756536,18.382098789406598
4,7,lgbm_mordred_jazzy_analog,ens_vanilla,0.5800392896586687,0.4936105473025923,-0.0864287423560764,0.07864838583433997,0.3777572503440894,0.417175585867142,0.4703360029334645,0.010719921938953292,15.660850662599678
4,10,lgbm_mordred_jazzy_analog,ens_vanilla,0.5800392896586687,0.4772064783754661,-0.1028328112832026,0.08962490393362088,0.3777572503440894,0.417175585867142,0.4703360029334645,0.010719921938953292,15.660850662599678
4,11,lgbm_mordred_jazzy_analog,ens_vanilla,0.5800392896586687,0.478321277597625,-0.1017180120610437,0.09410515903251238,0.3777572503440894,0.417175585867142,0.4703360029334645,0.010719921938953292,15.660850662599678
20,52,ens_caruana_bag20_calibrated_blend,ens_repooled_trunk_swap_core_calibrated_importance,0.4168366368422205,0.4087104501774921,-0.008126186664728419,-0.0021025134385199706,0.08697620070919755,0.4133650129053943,0.49415605324383766,0.04590804066260798,3.5849314247696946
20,48,ens_caruana_bag20_calibrated_blend,ens_meta_axis_a343,0.4168366368422205,0.4074004936698981,-0.009436143172322387,0.0007483014788370879,0.06967885305014444,0.4128992061337091,0.48248334490782563,0.06655901627282153,3.2710881671624135
20,51,ens_caruana_bag20_calibrated_blend,ens_meta_axis_reverse_id50_g10,0.4168366368422205,0.4073264585428647,-0.009510178299355798,0.0005716695720426879,0.0705044097396576,0.4127058434684967,0.48031491326917647,0.06730660227044064,3.3773209177635106
4,16,lgbm_mordred_jazzy_analog,ens_caruana_bag20_calibrated_best,0.5800392896586687,0.4357788073667819,-0.14426048229188682,0.12181692248129616,0.3398507939855805,0.4121138532126994,0.46571932990163734,0.012192856056644346,14.673245980398265
4,17,lgbm_mordred_jazzy_analog,ens_caruana_bag20_calibrated_best,0.5800392896586687,0.4318297602126632,-0.14820952944600546,0.1267507172273007,0.3398507939855805,0.4121138532126994,0.46571932990163734,0.012192856056644346,14.673245980398265
4,18,lgbm_mordred_jazzy_analog,ens_caruana_bag20_calibrated_best,0.5800392896586687,0.4244185733497787,-0.15562071630888996,0.12871061400278994,0.3398507939855805,0.4121138532126994,0.46571932990163734,0.012192856056644346,14.673245980398265
4,26,lgbm_mordred_jazzy_analog,ens_caruana_bag20_calibrated_best,0.5800392896586687,0.4243494844698721,-0.1556898051887966,0.11752183921238601,0.3398507939855805,0.4121138532126994,0.46571932990163734,0.012192856056644346,14.673245980398265
4,27,lgbm_mordred_jazzy_analog,ens_caruana_bag20_calibrated_best,0.5800392896586687,0.4225677355758737,-0.157471554082795,0.12537589997745668,0.3398507939855805,0.4121138532126994,0.46571932990163734,0.012192856056644346,14.673245980398265
4,36,lgbm_mordred_jazzy_analog,ens_caruana_bag20_calibrated_best,0.5800392896586687,0.4145866903151991,-0.16545259934346956,0.12610159182758618,0.3398507939855805,0.4121138532126994,0.46571932990163734,0.012192856056644346,14.673245980398265
4,48,lgbm_mordred_jazzy_analog,ens_meta_axis_a343,0.5800392896586687,0.4074004936698981,-0.17263879598877058,0.12783807907129874,0.34978982316347235,0.41200328068479514,0.4658879862177487,0.013603512177024225,17.125866801642925
4,51,lgbm_mordred_jazzy_analog,ens_meta_axis_reverse_id50_g10,0.5800392896586687,0.4073264585428647,-0.172712831115804,0.12766144716450434,0.3514734825809978,0.4110272573185006,0.46452196401619744,0.013571753510508483,17.23209955224402
4,55,lgbm_mordred_jazzy_analog,ens_id51_top500_potent46_t40_soft_g35,0.5800392896586687,0.4070801895382421,-0.1729591001204266,0.12614881164101732,0.3592714990248824,0.4095799524864151,0.46414406111736745,0.013117452162003116,17.558768092598946
4,44,lgbm_mordred_jazzy_analog,ens_caruana_bag20_anchor_residual,0.5800392896586687,0.4090205188659963,-0.17101877079267241,0.1254158730192585,0.3511604001817674,0.40884408294868035,0.4610370735223753,0.013496121793487406,17.117699769024718
4,43,lgbm_mordred_jazzy_analog,ens_hybrid_meta_baseline_5050,0.5800392896586687,0.4074838675224626,-0.17255542213620612,0.12770477691216509,0.3483780704354381,0.4086898648306201,0.46146308340385084,0.01364512592466592,17.043846674385374
4,47,lgbm_mordred_jazzy_analog,ens_hybrid_meta_baseline_5050,0.5800392896586687,0.4074838675224626,-0.17255542213620612,0.12770477691216509,0.3483780704354381,0.4086898648306201,0.46146308340385084,0.01364512592466592,17.043846674385374
4,57,lgbm_mordred_jazzy_analog,ens_id51_top500_potent46_t40_soft_g50,0.5800392896586687,0.4073887188823258,-0.17265057077634288,0.12596876836270887,0.3628044385406493,0.40867394397847023,0.46423397983297665,0.012913170229382081,17.6987688956082
20,45,ens_caruana_bag20_calibrated_blend,ens_caruana_bag20_admet_ai_no_log2fc_calibrated_importance,0.4168366368422205,0.4093625824408419,-0.007474054401378605,-0.003572577721588699,0.09048628267214512,0.40784171828279797,0.4897799151252389,0.04298288369768934,3.7165759448264732
2,58,ens_l2_a0.1,ens_id55_combo_gate_rank1,0.498861930443137,0.4075200760754026,-0.0913418543677344,0.044989087434310626,0.09956475967336595,0.40779054246338964,0.466159057789883,0.06693064930249439,5.906006081080535
9,58,ens_l2_a0.1,ens_id55_combo_gate_rank1,0.4958329809469373,0.4075200760754026,-0.0883129048715347,0.048895231272591766,0.09956475967336595,0.40779054246338964,0.466159057789883,0.06693064930249439,5.906006081080535
4,54,lgbm_mordred_jazzy_analog,ens_id51_plus_potent_noaux_a30_delta_g050,0.5800392896586687,0.409582091172509,-0.1704571984861597,0.12551793335078376,0.351441476364269,0.40685176217696895,0.45734138612315145,0.01346526980064566,17.10687172962576
6,13,lgbm_mordred_jazzy_umap,ens_caruana_bag20,0.5736643023301617,0.4414270025507814,-0.13223729977938037,0.11807338603756579,0.3117886640301851,0.4060854974218322,0.4558018687195392,0.013019447268380457,13.18790264532535
6,14,lgbm_mordred_jazzy_umap,ens_caruana_bag20,0.5736643023301617,0.4430377590818476,-0.13062654324831413,0.11631590509293188,0.3117886640301851,0.4060854974218322,0.4558018687195392,0.013019447268380457,13.18790264532535
6,15,lgbm_mordred_jazzy_umap,ens_caruana_bag20,0.5736643023301617,0.4423088470924464,-0.13135545523771536,0.1181721395543861,0.3117886640301851,0.4060854974218322,0.4558018687195392,0.013019447268380457,13.18790264532535
6,25,lgbm_mordred_jazzy_umap,ens_caruana_bag20,0.5736643023301617,0.4290789893593625,-0.14458531297079924,0.12373993458488008,0.3117886640301851,0.4060854974218322,0.4558018687195392,0.013019447268380457,13.18790264532535
4,46,lgbm_mordred_jazzy_analog,ens_region_v2_blend_a8,0.5800392896586687,0.4091592405210825,-0.1708800491375862,0.12418637910518704,0.3610995349892367,0.40574491123334083,0.4570410463379426,0.012630380722273836,17.082959153920992
6,9,lgbm_mordred_jazzy_umap,ens_l2_a0.1,0.5736643023301617,0.4958329809469373,-0.07783132138322446,0.07277273891909852,0.3086588795741685,0.4042884005210414,0.4517593318546191,0.013074080249575506,12.997487238436994
20,55,ens_caruana_bag20_calibrated_blend,ens_id51_top500_potent46_t40_soft_g35,0.4168366368422205,0.4070801895382421,-0.0097564473039784,-0.000940965951444328,0.07950676263265187,0.4032750781302706,0.4775688689824525,0.056563701818104876,3.703989458118438
20,43,ens_caruana_bag20_calibrated_blend,ens_hybrid_meta_baseline_5050,0.4168366368422205,0.4074838675224626,-0.009352769319757925,0.0006149993197034354,0.0670589234485063,0.4026672125804313,0.46742167816643115,0.06975892214252992,3.1890680399048668
20,47,ens_caruana_bag20_calibrated_blend,ens_hybrid_meta_baseline_5050,0.4168366368422205,0.4074838675224626,-0.009352769319757925,0.0006149993197034354,0.0670589234485063,0.4026672125804313,0.46742167816643115,0.06975892214252992,3.1890680399048668
20,50,ens_caruana_bag20_calibrated_blend,ens_internal_decor_cap101_bf50_b40_i1_l20,0.4168366368422205,0.4092437336283291,-0.007592903213891389,-0.0006347416906562486,0.06509306915378053,0.4006664764143685,0.4746178532452568,0.04947975006968285,2.2087606611514645
20,57,ens_caruana_bag20_calibrated_blend,ens_id51_top500_potent46_t40_soft_g50,0.4168366368422205,0.4073887188823258,-0.009447917959894692,-0.0011210092297527785,0.0838351209992117,0.3946430731468705,0.47230331543861154,0.0515683639341836,3.8439902611276895
6,20,lgbm_mordred_jazzy_umap,ens_caruana_bag20_calibrated_blend,0.5736643023301617,0.4168366368422205,-0.15682766548794125,0.12344499466555159,0.3092164571945483,0.3919310614446944,0.44743050206758694,0.014454744932999,14.376173164591437
13,58,ens_caruana_bag20,ens_id55_combo_gate_rank1,0.4414270025507814,0.4075200760754026,-0.033906926475378796,0.0035945841541245027,0.09875954672877457,0.39123178128735225,0.44175594521230716,0.06692401718227128,5.7155906741921845
14,58,ens_caruana_bag20,ens_id55_combo_gate_rank1,0.4430377590818476,0.4075200760754026,-0.03551768300644503,0.005352065098758407,0.09875954672877457,0.39123178128735225,0.44175594521230716,0.06692401718227128,5.7155906741921845
15,58,ens_caruana_bag20,ens_id55_combo_gate_rank1,0.4423088470924464,0.4075200760754026,-0.03478877101704381,0.003495830637304187,0.09875954672877457,0.39123178128735225,0.44175594521230716,0.06692401718227128,5.7155906741921845
25,58,ens_caruana_bag20,ens_id55_combo_gate_rank1,0.4290789893593625,0.4075200760754026,-0.021558913283959924,-0.0020719643931897958,0.09875954672877457,0.39123178128735225,0.44175594521230716,0.06692401718227128,5.7155906741921845
20,53,ens_caruana_bag20_calibrated_blend,ens_repooled_trunk_core_only_calibrated_importance,0.4168366368422205,0.4105644448288402,-0.006272192013380307,-0.004957968060693374,0.09339140524559515,0.388584976454394,0.46573398749791217,0.0385098720670963,3.589763210712198
4,49,lgbm_mordred_jazzy_analog,ens_resid_lowd_core_ridge_a10p0_s50_hybrid,0.5800392896586687,0.4196878176889805,-0.1603514719696882,0.1204104502483806,0.3427817442606977,0.3858819216745948,0.4245969267783017,0.012632410100928625,15.476218394578135
55,58,ens_id51_top500_potent46_t40_soft_g35,ens_id55_combo_gate_rank1,0.4070801895382421,0.4075200760754026,0.0004398865371604832,-0.0008360585224169714,0.010796649384852057,0.3744462891757282,0.42499144417323825,0.34710316860887674,0.8233306968076545
20,54,ens_caruana_bag20_calibrated_blend,ens_id51_plus_potent_noaux_a30_delta_g050,0.4168366368422205,0.409582091172509,-0.00725454566971151,-0.0015718442416778888,0.07380068622924676,0.3723209491703907,0.4091532229442562,0.05871937524827405,3.2520930951452547
4,13,lgbm_mordred_jazzy_analog,ens_caruana_bag20,0.5800392896586687,0.4414270025507814,-0.1386122871078873,0.12171816896447585,0.31978082885376713,0.36998199503103746,0.4163140694577014,0.011655428560853285,12.666508115214418
4,14,lgbm_mordred_jazzy_analog,ens_caruana_bag20,0.5800392896586687,0.4430377590818476,-0.13700153057682107,0.11996068801984194,0.31978082885376713,0.36998199503103746,0.4163140694577014,0.011655428560853285,12.666508115214418
4,15,lgbm_mordred_jazzy_analog,ens_caruana_bag20,0.5800392896586687,0.4423088470924464,-0.1377304425662223,0.12181692248129616,0.31978082885376713,0.36998199503103746,0.4163140694577014,0.011655428560853285,12.666508115214418
4,25,lgbm_mordred_jazzy_analog,ens_caruana_bag20,0.5800392896586687,0.4290789893593625,-0.15096030029930618,0.12738471751179015,0.31978082885376713,0.36998199503103746,0.4163140694577014,0.011655428560853285,12.666508115214418
4,9,lgbm_mordred_jazzy_analog,ens_l2_a0.1,0.5800392896586687,0.4958329809469373,-0.0842063087117314,0.07641752184600858,0.3163222921983354,0.36784756370413224,0.4114919082011748,0.011684547145222875,12.476092708326066
20,44,ens_caruana_bag20_calibrated_blend,ens_caruana_bag20_anchor_residual,0.4168366368422205,0.4090205188659963,-0.007816117976224224,-0.0016739045732031554,0.07700559949166824,0.3612439408924776,0.41298867428231867,0.05347525166378694,3.2629211345442104
4,20,lgbm_mordred_jazzy_analog,ens_caruana_bag20_calibrated_blend,0.5800392896586687,0.4168366368422205,-0.1632026528164482,0.12708977759246165,0.31223750865710054,0.3594701198030896,0.40579395556722553,0.013277875795096502,13.854778634480509
2,44,ens_l2_a0.1,ens_caruana_bag20_anchor_residual,0.498861930443137,0.4090205188659963,-0.0898414115771407,0.04509220733496877,0.08149215214782464,0.3491176554561885,0.36501271739308216,0.07743226270998403,4.641607060698653
9,44,ens_l2_a0.1,ens_caruana_bag20_anchor_residual,0.4958329809469373,0.4090205188659963,-0.08681246208094101,0.04899835117324991,0.08149215214782464,0.3491176554561885,0.36501271739308216,0.07743226270998403,4.641607060698653
2,55,ens_l2_a0.1,ens_id51_top500_potent46_t40_soft_g35,0.498861930443137,0.4070801895382421,-0.09178174090489488,0.0458251459567276,0.0925252888267138,0.34708349193985766,0.391920634652025,0.06492743173312673,5.08267538427288
9,55,ens_l2_a0.1,ens_id51_top500_potent46_t40_soft_g35,0.4958329809469373,0.4070801895382421,-0.08875279140869519,0.04973128979500874,0.0925252888267138,0.34708349193985766,0.391920634652025,0.06492743173312673,5.08267538427288
2,48,ens_l2_a0.1,ens_meta_axis_a343,0.498861930443137,0.4074004936698981,-0.09146143677323887,0.047514413387009014,0.08364238785018403,0.3466148338506488,0.3827908313517994,0.07502953448192501,4.649774093316857
9,48,ens_l2_a0.1,ens_meta_axis_a343,0.4958329809469373,0.4074004936698981,-0.08843248727703917,0.05142055722529015,0.08364238785018403,0.3466148338506488,0.3827908313517994,0.07502953448192501,4.649774093316857
2,51,ens_l2_a0.1,ens_meta_axis_reverse_id50_g10,0.498861930443137,0.4073264585428647,-0.09153547190027228,0.047337781480214614,0.08532038323151125,0.3458047131142694,0.3795219055056551,0.07415121678947809,4.756006843917954
9,51,ens_l2_a0.1,ens_meta_axis_reverse_id50_g10,0.4958329809469373,0.4073264585428647,-0.08850652240407259,0.05124392531849575,0.08532038323151125,0.3458047131142694,0.3795219055056551,0.07415121678947809,4.756006843917954
44,52,ens_caruana_bag20_anchor_residual,ens_repooled_trunk_swap_core_calibrated_importance,0.4090205188659963,0.4087104501774921,-0.0003100686885041948,-0.0004286088653168152,0.02578886708964405,0.34477561109941146,0.40732266769153264,0.047705378620541306,0.32201029022548444
44,45,ens_caruana_bag20_anchor_residual,ens_caruana_bag20_admet_ai_no_log2fc_calibrated_importance,0.4090205188659963,0.4093625824408419,0.0003420635748456191,-0.0018986731483855435,0.029857328260541282,0.34381666393626964,0.4169624801749628,0.05055232261494344,0.4536548102822626
2,57,ens_l2_a0.1,ens_id51_top500_potent46_t40_soft_g50,0.498861930443137,0.4073887188823258,-0.09147321156081117,0.04564510267841915,0.0961597271703261,0.3420764508761911,0.3924303149789029,0.060139683099736226,5.222676187282134
9,57,ens_l2_a0.1,ens_id51_top500_potent46_t40_soft_g50,0.4958329809469373,0.4073887188823258,-0.08844426206461148,0.04955124651670029,0.0961597271703261,0.3420764508761911,0.3924303149789029,0.060139683099736226,5.222676187282134
2,50,ens_l2_a0.1,ens_internal_decor_cap101_bf50_b40_i1_l20,0.498861930443137,0.4092437336283291,-0.08961819681480787,0.04613137021751568,0.06996663388763691,0.3410811070563579,0.38406782744777096,0.0777780042883682,3.5874465873059074
9,50,ens_l2_a0.1,ens_internal_decor_cap101_bf50_b40_i1_l20,0.4958329809469373,0.4092437336283291,-0.08658924731860818,0.05003751405579682,0.06996663388763691,0.3410811070563579,0.38406782744777096,0.0777780042883682,3.5874465873059074
1,16,ens_l2_a0.05,ens_caruana_bag20_calibrated_best,0.5017546613967405,0.4357788073667819,-0.06597585402995865,0.042340491459611385,0.02909444510833392,0.3402928951386648,0.366061252300962,0.132659678815575,1.160946936365388
1,17,ens_l2_a0.05,ens_caruana_bag20_calibrated_best,0.5017546613967405,0.4318297602126632,-0.06992490118407729,0.04727428620561591,0.02909444510833392,0.3402928951386648,0.366061252300962,0.132659678815575,1.160946936365388
1,18,ens_l2_a0.05,ens_caruana_bag20_calibrated_best,0.5017546613967405,0.4244185733497787,-0.07733608804696179,0.04923418298110516,0.02909444510833392,0.3402928951386648,0.366061252300962,0.132659678815575,1.160946936365388
1,26,ens_l2_a0.05,ens_caruana_bag20_calibrated_best,0.5017546613967405,0.4243494844698721,-0.07740517692686844,0.038045408190701235,0.02909444510833392,0.3402928951386648,0.366061252300962,0.132659678815575,1.160946936365388
1,27,ens_l2_a0.05,ens_caruana_bag20_calibrated_best,0.5017546613967405,0.4225677355758737,-0.07918692582086684,0.045899468955771905,0.02909444510833392,0.3402928951386648,0.366061252300962,0.132659678815575,1.160946936365388
1,36,ens_l2_a0.05,ens_caruana_bag20_calibrated_best,0.5017546613967405,0.4145866903151991,-0.0871679710815414,0.0466251608059014,0.02909444510833392,0.3402928951386648,0.366061252300962,0.132659678815575,1.160946936365388
13,44,ens_caruana_bag20,ens_caruana_bag20_anchor_residual,0.4414270025507814,0.4090205188659963,-0.0324064836847851,0.0036977040547826467,0.07883447262848607,0.3393012464765804,0.3491304131781968,0.08066465423151373,4.4511916538103025
14,44,ens_caruana_bag20,ens_caruana_bag20_anchor_residual,0.4430377590818476,0.4090205188659963,-0.03401724021585134,0.005455184999416551,0.07883447262848607,0.3393012464765804,0.3491304131781968,0.08066465423151373,4.4511916538103025
15,44,ens_caruana_bag20,ens_caruana_bag20_anchor_residual,0.4423088470924464,0.4090205188659963,-0.033288328226450115,0.003598950537962331,0.07883447262848607,0.3393012464765804,0.3491304131781968,0.08066465423151373,4.4511916538103025
25,44,ens_caruana_bag20,ens_caruana_bag20_anchor_residual,0.4290789893593625,0.4090205188659963,-0.02005847049336623,-0.0019688444925316517,0.07883447262848607,0.3393012464765804,0.3491304131781968,0.08066465423151373,4.4511916538103025
50,56,ens_internal_decor_cap101_bf50_b40_i1_l20,ens_swap_optuna_t10_top500_calibrated_importance,0.4092437336283291,0.4134599905046804,0.004216256876351299,-0.006517499500336754,0.05191891229407961,0.338422391462465,0.40727831906690615,0.08251143870203423,2.320148565842404
43,58,ens_hybrid_meta_baseline_5050,ens_id55_combo_gate_rank1,0.4074838675224626,0.4075200760754026,3.620855294000913e-05,-0.002392023793564735,0.02770748942957967,0.3350181275614566,0.4561630469251837,0.12475778541879722,1.3382521150212257
47,58,ens_hybrid_meta_baseline_5050,ens_id55_combo_gate_rank1,0.4074838675224626,0.4075200760754026,3.620855294000913e-05,-0.002392023793564735,0.02770748942957967,0.3350181275614566,0.4561630469251837,0.12475778541879722,1.3382521150212257
44,56,ens_caruana_bag20_anchor_residual,ens_swap_optuna_t10_top500_calibrated_importance,0.4090205188659963,0.4134599905046804,0.004439471638684134,-0.005478336617789847,0.047381661607617295,0.3337971719645832,0.4164592360361927,0.0522805635754231,1.2659880924496585
13,55,ens_caruana_bag20,ens_id51_top500_potent46_t40_soft_g35,0.4414270025507814,0.4070801895382421,-0.03434681301253928,0.004430642676541474,0.09188578294164815,0.32833192530895694,0.3600032019892988,0.06451122105934709,4.892259977384529
14,55,ens_caruana_bag20,ens_id51_top500_potent46_t40_soft_g35,0.4430377590818476,0.4070801895382421,-0.035957569543605516,0.006188123621175379,0.09188578294164815,0.32833192530895694,0.3600032019892988,0.06451122105934709,4.892259977384529
15,55,ens_caruana_bag20,ens_id51_top500_potent46_t40_soft_g35,0.4423088470924464,0.4070801895382421,-0.03522865755420429,0.004331889159721158,0.09188578294164815,0.32833192530895694,0.3600032019892988,0.06451122105934709,4.892259977384529
25,55,ens_caruana_bag20,ens_id51_top500_potent46_t40_soft_g35,0.4290789893593625,0.4070801895382421,-0.021998799821120407,-0.0012359058707728243,0.09188578294164815,0.32833192530895694,0.3600032019892988,0.06451122105934709,4.892259977384529
20,46,ens_caruana_bag20_calibrated_blend,ens_region_v2_blend_a8,0.4168366368422205,0.4091592405210825,-0.007677396321138008,-0.002903398487274611,0.09713646278070387,0.3268758735769924,0.3678461904832276,0.033196005333693504,3.2281805194404836
13,57,ens_caruana_bag20,ens_id51_top500_potent46_t40_soft_g50,0.4414270025507814,0.4073887188823258,-0.03403828366845557,0.004250599398233024,0.09528133443023083,0.32478589817550335,0.36284818505087796,0.05977074318013508,5.032260780393783
14,57,ens_caruana_bag20,ens_id51_top500_potent46_t40_soft_g50,0.4430377590818476,0.4073887188823258,-0.03564904019952181,0.006008080342866928,0.09528133443023083,0.32478589817550335,0.36284818505087796,0.05977074318013508,5.032260780393783
15,57,ens_caruana_bag20,ens_id51_top500_potent46_t40_soft_g50,0.4423088470924464,0.4073887188823258,-0.03492012821012058,0.004151845881412708,0.09528133443023083,0.32478589817550335,0.36284818505087796,0.05977074318013508,5.032260780393783
25,57,ens_caruana_bag20,ens_id51_top500_potent46_t40_soft_g50,0.4290789893593625,0.4073887188823258,-0.0216902704770367,-0.0014159491490812748,0.09528133443023083,0.32478589817550335,0.36284818505087796,0.05977074318013508,5.032260780393783
13,48,ens_caruana_bag20,ens_meta_axis_a343,0.4414270025507814,0.4074004936698981,-0.034026508880883266,0.00611991010682289,0.08311680224425373,0.3239842791085824,0.34516548640637307,0.07436751314308998,4.459358686428505
14,48,ens_caruana_bag20,ens_meta_axis_a343,0.4430377590818476,0.4074004936698981,-0.035637265411949504,0.007877391051456795,0.08311680224425373,0.3239842791085824,0.34516548640637307,0.07436751314308998,4.459358686428505
15,48,ens_caruana_bag20,ens_meta_axis_a343,0.4423088470924464,0.4074004936698981,-0.03490835342254828,0.006021156590002574,0.08311680224425373,0.3239842791085824,0.34516548640637307,0.07436751314308998,4.459358686428505
25,48,ens_caruana_bag20,ens_meta_axis_a343,0.4290789893593625,0.4074004936698981,-0.021678495689464394,0.0004533615595085916,0.08311680224425373,0.3239842791085824,0.34516548640637307,0.07436751314308998,4.459358686428505
13,51,ens_caruana_bag20,ens_meta_axis_reverse_id50_g10,0.4414270025507814,0.4073264585428647,-0.03410054400791668,0.00594327820002849,0.08485113517370663,0.32304447494260496,0.34289543816278,0.07344119306212536,4.565591437029604
14,51,ens_caruana_bag20,ens_meta_axis_reverse_id50_g10,0.4430377590818476,0.4073264585428647,-0.035711300538982915,0.007700759144662395,0.08485113517370663,0.32304447494260496,0.34289543816278,0.07344119306212536,4.565591437029604
15,51,ens_caruana_bag20,ens_meta_axis_reverse_id50_g10,0.4423088470924464,0.4073264585428647,-0.03498238854958169,0.005844524683208174,0.08485113517370663,0.32304447494260496,0.34289543816278,0.07344119306212536,4.565591437029604
25,51,ens_caruana_bag20,ens_meta_axis_reverse_id50_g10,0.4290789893593625,0.4073264585428647,-0.021752530816497806,0.0002767296527141916,0.08485113517370663,0.32304447494260496,0.34289543816278,0.07344119306212536,4.565591437029604
43,56,ens_hybrid_meta_baseline_5050,ens_swap_optuna_t10_top500_calibrated_importance,0.4074838675224626,0.4134599905046804,0.005976122982217835,-0.007767240510696438,0.05293568784674974,0.32167889314955045,0.39257585739319617,0.04433320082503757,1.3398411870890024
47,56,ens_hybrid_meta_baseline_5050,ens_swap_optuna_t10_top500_calibrated_importance,0.4074838675224626,0.4134599905046804,0.005976122982217835,-0.007767240510696438,0.05293568784674974,0.32167889314955045,0.39257585739319617,0.04433320082503757,1.3398411870890024
13,50,ens_caruana_bag20,ens_internal_decor_cap101_bf50_b40_i1_l20,0.4414270025507814,0.4092437336283291,-0.03218326892245227,0.0047368669373295536,0.06851396956597511,0.3204989502937621,0.35618687129765886,0.0776389278509068,3.397031180417556
14,50,ens_caruana_bag20,ens_internal_decor_cap101_bf50_b40_i1_l20,0.4430377590818476,0.4092437336283291,-0.033794025453518506,0.006494347881963458,0.06851396956597511,0.3204989502937621,0.35618687129765886,0.0776389278509068,3.397031180417556
15,50,ens_caruana_bag20,ens_internal_decor_cap101_bf50_b40_i1_l20,0.4423088470924464,0.4092437336283291,-0.03306511346411728,0.004638113420509238,0.06851396956597511,0.3204989502937621,0.35618687129765886,0.0776389278509068,3.397031180417556
25,50,ens_caruana_bag20,ens_internal_decor_cap101_bf50_b40_i1_l20,0.4290789893593625,0.4092437336283291,-0.019835255731033397,-0.0009296816099847449,0.06851396956597511,0.3204989502937621,0.35618687129765886,0.0776389278509068,3.397031180417556
2,54,ens_l2_a0.1,ens_id51_plus_potent_noaux_a30_delta_g050,0.498861930443137,0.409582091172509,-0.08927983927062799,0.04519426766649404,0.084567164180862,0.318486596873851,0.3167922323352218,0.07086520308477479,4.630779021299698
9,54,ens_l2_a0.1,ens_id51_plus_potent_noaux_a30_delta_g050,0.4958329809469373,0.409582091172509,-0.0862508897744283,0.04910041150477518,0.084567164180862,0.318486596873851,0.3167922323352218,0.07086520308477479,4.630779021299698
2,43,ens_l2_a0.1,ens_hybrid_meta_baseline_5050,0.498861930443137,0.4074838675224626,-0.09137806292067441,0.04738111122787536,0.08500667967321854,0.31311074660193133,0.3367671535356331,0.07138682575040625,4.56775396605931
2,47,ens_l2_a0.1,ens_hybrid_meta_baseline_5050,0.498861930443137,0.4074838675224626,-0.09137806292067441,0.04738111122787536,0.08500667967321854,0.31311074660193133,0.3367671535356331,0.07138682575040625,4.56775396605931
9,43,ens_l2_a0.1,ens_hybrid_meta_baseline_5050,0.4958329809469373,0.4074838675224626,-0.08834911342447471,0.0512872550661565,0.08500667967321854,0.31311074660193133,0.3367671535356331,0.07138682575040625,4.56775396605931
9,47,ens_l2_a0.1,ens_hybrid_meta_baseline_5050,0.4958329809469373,0.4074838675224626,-0.08834911342447471,0.0512872550661565,0.08500667967321854,0.31311074660193133,0.3367671535356331,0.07138682575040625,4.56775396605931
48,56,ens_meta_axis_a343,ens_swap_optuna_t10_top500_calibrated_importance,0.4074004936698981,0.4134599905046804,0.006059496834782296,-0.00790054266983009,0.04894311270570019,0.31185776790828235,0.3819469390380647,0.04876222714676847,1.2578210598314554
20,26,ens_caruana_bag20_calibrated_blend,ens_caruana_bag20_calibrated_best,0.4168366368422205,0.4243494844698721,0.0075128476276515865,-0.009567938380075636,0.09184835911145098,0.308368194750301,0.3600726846331786,0.008975865163118695,0.8184673459177539
20,27,ens_caruana_bag20_calibrated_blend,ens_caruana_bag20_calibrated_best,0.4168366368422205,0.4225677355758737,0.005731098733653184,-0.0017138776150049662,0.09184835911145098,0.308368194750301,0.3600726846331786,0.008975865163118695,0.8184673459177539
20,36,ens_caruana_bag20_calibrated_blend,ens_caruana_bag20_calibrated_best,0.4168366368422205,0.4145866903151991,-0.0022499465270213737,-0.000988185764875471,0.09184835911145098,0.308368194750301,0.3600726846331786,0.008975865163118695,0.8184673459177539
54,56,ens_id51_plus_potent_noaux_a30_delta_g050,ens_swap_optuna_t10_top500_calibrated_importance,0.409582091172509,0.4134599905046804,0.0038778993321714195,-0.005580396949315114,0.05362999763308986,0.3078444332084748,0.3846534266066366,0.041577806141200276,1.2768161318486142
51,58,ens_meta_axis_reverse_id50_g10,ens_id55_combo_gate_rank1,0.4073264585428647,0.4075200760754026,0.00019361753253788194,-0.0023486940459039873,0.022998549069708062,0.30761520518640467,0.3990292640469043,0.1353710737763205,1.1499992371625807
51,56,ens_meta_axis_reverse_id50_g10,ens_swap_optuna_t10_top500_calibrated_importance,0.4073264585428647,0.4134599905046804,0.006133531961815708,-0.007723910763035691,0.049186952405297454,0.3073407476047954,0.3767423648530851,0.04404714682019333,1.1515883092303574
49,56,ens_resid_lowd_core_ridge_a10p0_s50_hybrid,ens_swap_optuna_t10_top500_calibrated_importance,0.4196878176889805,0.4134599905046804,-0.006227827184300094,-0.0004729138469119487,0.08390529740508856,0.3070769843186061,0.3817721284106969,0.04201154266250124,2.9074694668962433
48,58,ens_meta_axis_a343,ens_id55_combo_gate_rank1,0.4074004936698981,0.4075200760754026,0.0001195824055044703,-0.0025253259526983873,0.024502360540318787,0.30629701920857266,0.39964951000059606,0.13857124671788723,1.2562319877636787
13,54,ens_caruana_bag20,ens_id51_plus_potent_noaux_a30_delta_g050,0.4414270025507814,0.409582091172509,-0.03184491137827239,0.0037997643863079134,0.08385014884813363,0.29664950261786915,0.2864877929753831,0.07034715404479382,4.440363614411347
14,54,ens_caruana_bag20,ens_id51_plus_potent_noaux_a30_delta_g050,0.4430377590818476,0.409582091172509,-0.03345566790933863,0.005557245330941818,0.08385014884813363,0.29664950261786915,0.2864877929753831,0.07034715404479382,4.440363614411347
15,54,ens_caruana_bag20,ens_id51_plus_potent_noaux_a30_delta_g050,0.4423088470924464,0.409582091172509,-0.0327267559199374,0.0037010108694875976,0.08385014884813363,0.29664950261786915,0.2864877929753831,0.07034715404479382,4.440363614411347
25,54,ens_caruana_bag20,ens_id51_plus_potent_noaux_a30_delta_g050,0.4290789893593625,0.409582091172509,-0.019496898186853517,-0.0018667841610063851,0.08385014884813363,0.29664950261786915,0.2864877929753831,0.07034715404479382,4.440363614411347
43,51,ens_hybrid_meta_baseline_5050,ens_meta_axis_reverse_id50_g10,0.4074838675224626,0.4073264585428647,-0.0001574089795978728,-4.3329747660747486e-05,0.006233406494728144,0.2958814102544101,0.3882101956975759,0.42068708347944656,0.1882528778586449
47,51,ens_hybrid_meta_baseline_5050,ens_meta_axis_reverse_id50_g10,0.4074838675224626,0.4073264585428647,-0.0001574089795978728,-4.3329747660747486e-05,0.006233406494728144,0.2958814102544101,0.3882101956975759,0.42068708347944656,0.1882528778586449
1,53,ens_l2_a0.05,ens_repooled_trunk_core_only_calibrated_importance,0.5017546613967405,0.4105644448288402,-0.09119021656790033,0.0426553785100835,0.07832961675937024,0.29356525494213837,0.32152325340978305,0.0701485443142331,3.9322428011598314
2,46,ens_l2_a0.1,ens_region_v2_blend_a8,0.498861930443137,0.4091592405210825,-0.08970268992205449,0.043862713420897315,0.10071568624081904,0.2864219394272482,0.30661417600396784,0.04706790644931962,4.606866445594927
9,46,ens_l2_a0.1,ens_region_v2_blend_a8,0.4958329809469373,0.4091592405210825,-0.0866737404258548,0.047768857259178454,0.10071568624081904,0.2864219394272482,0.30661417600396784,0.04706790644931962,4.606866445594927
50,52,ens_internal_decor_cap101_bf50_b40_i1_l20,ens_repooled_trunk_swap_core_calibrated_importance,0.4092437336283291,0.4087104501774921,-0.0005332834508370299,-0.001467771747863722,0.03300096041306017,0.2863454570747131,0.345212653799514,0.11557067048272138,1.3761707636182299
1,45,ens_l2_a0.05,ens_caruana_bag20_admet_ai_no_log2fc_calibrated_importance,0.5017546613967405,0.4093625824408419,-0.09239207895589863,0.04404076884918817,0.08116223842894468,0.2859605434962404,0.31044685555299123,0.0665846951869459,4.059055535274108
13,43,ens_caruana_bag20,ens_hybrid_meta_baseline_5050,0.4414270025507814,0.4074838675224626,-0.033943135028318805,0.0059866079476892375,0.08524712033204525,0.2855533786408451,0.2909549303375216,0.0692124529302891,4.377338559170959
13,47,ens_caruana_bag20,ens_hybrid_meta_baseline_5050,0.4414270025507814,0.4074838675224626,-0.033943135028318805,0.0059866079476892375,0.08524712033204525,0.2855533786408451,0.2909549303375216,0.0692124529302891,4.377338559170959
14,43,ens_caruana_bag20,ens_hybrid_meta_baseline_5050,0.4430377590818476,0.4074838675224626,-0.03555389155938504,0.007744088892323142,0.08524712033204525,0.2855533786408451,0.2909549303375216,0.0692124529302891,4.377338559170959
14,47,ens_caruana_bag20,ens_hybrid_meta_baseline_5050,0.4430377590818476,0.4074838675224626,-0.03555389155938504,0.007744088892323142,0.08524712033204525,0.2855533786408451,0.2909549303375216,0.0692124529302891,4.377338559170959
15,43,ens_caruana_bag20,ens_hybrid_meta_baseline_5050,0.4423088470924464,0.4074838675224626,-0.034824979569983816,0.005887854430868922,0.08524712033204525,0.2855533786408451,0.2909549303375216,0.0692124529302891,4.377338559170959
15,47,ens_caruana_bag20,ens_hybrid_meta_baseline_5050,0.4423088470924464,0.4074838675224626,-0.034824979569983816,0.005887854430868922,0.08524712033204525,0.2855533786408451,0.2909549303375216,0.0692124529302891,4.377338559170959
25,43,ens_caruana_bag20,ens_hybrid_meta_baseline_5050,0.4290789893593625,0.4074838675224626,-0.021595121836899933,0.0003200594003749391,0.08524712033204525,0.2855533786408451,0.2909549303375216,0.0692124529302891,4.377338559170959
25,47,ens_caruana_bag20,ens_hybrid_meta_baseline_5050,0.4290789893593625,0.4074838675224626,-0.021595121836899933,0.0003200594003749391,0.08524712033204525,0.2855533786408451,0.2909549303375216,0.0692124529302891,4.377338559170959
50,53,ens_internal_decor_cap101_bf50_b40_i1_l20,ens_repooled_trunk_core_only_calibrated_importance,0.4092437336283291,0.4105644448288402,0.0013207112005110822,-0.004323226370037125,0.03666997027448289,0.284232118001566,0.33582869153824035,0.0950835373966203,1.3810025495607336
44,53,ens_caruana_bag20_anchor_residual,ens_repooled_trunk_core_only_calibrated_importance,0.4090205188659963,0.4105644448288402,0.0015439259628439173,-0.0032840634874902186,0.0346029123773702,0.2837526525083369,0.349087567896778,0.026153863836715942,0.3268420761679882
54,58,ens_id51_plus_potent_noaux_a30_delta_g050,ens_id55_combo_gate_rank1,0.409582091172509,0.4075200760754026,-0.0020620150971064066,-0.00020518023218341064,0.034932158753746306,0.282551493180947,0.404916425949219,0.09691027804380513,1.2752270597808373
43,45,ens_hybrid_meta_baseline_5050,ens_caruana_bag20_admet_ai_no_log2fc_calibrated_importance,0.4074838675224626,0.4093625824408419,0.0018787149183793206,-0.004187577041292134,0.03813805470427835,0.2813016992371522,0.3543371014395622,0.03156030896444229,0.5275079049216062
43,52,ens_hybrid_meta_baseline_5050,ens_repooled_trunk_swap_core_calibrated_importance,0.4074838675224626,0.4087104501774921,0.0012265826550295067,-0.002717512758223406,0.03435087896191465,0.27691891737685304,0.3558412432983188,0.029573498177627635,0.3958633848648281
47,52,ens_hybrid_meta_baseline_5050,ens_repooled_trunk_swap_core_calibrated_importance,0.4074838675224626,0.4087104501774921,0.0012265826550295067,-0.002717512758223406,0.03435087896191465,0.27691891737685304,0.3558412432983188,0.029573498177627635,0.3958633848648281
48,52,ens_meta_axis_a343,ens_repooled_trunk_swap_core_calibrated_importance,0.4074004936698981,0.4087104501774921,0.0013099565075939679,-0.0028508149173570585,0.028377026353967532,0.2744180229436192,0.3505962197851576,0.0346004917693128,0.31384325760728127
57,58,ens_id51_top500_potent46_t40_soft_g50,ens_id55_combo_gate_rank1,0.4073887188823258,0.4075200760754026,0.0001313571930767754,-0.000656015244108521,0.012070610906772817,0.27264483631250275,0.2776534839643904,0.30417662504890314,0.6833298937984021
43,48,ens_hybrid_meta_baseline_5050,ens_meta_axis_a343,0.4074838675224626,0.4074004936698981,-8.337385256446117e-05,0.0001333021591336525,0.006371288201353808,0.2701033521944894,0.3521812133208021,0.17223930820908667,0.0820201272575468
47,48,ens_hybrid_meta_baseline_5050,ens_meta_axis_a343,0.4074838675224626,0.4074004936698981,-8.337385256446117e-05,0.0001333021591336525,0.006371288201353808,0.2701033521944894,0.3521812133208021,0.17223930820908667,0.0820201272575468
44,58,ens_caruana_bag20_anchor_residual,ens_id55_combo_gate_rank1,0.4090205188659963,0.4075200760754026,-0.0015004427905936923,-0.00010311990065814403,0.03445306686443819,0.26972384031373825,0.3239280857678394,0.09876283926097884,1.264399020381882
51,52,ens_meta_axis_reverse_id50_g10,ens_repooled_trunk_swap_core_calibrated_importance,0.4073264585428647,0.4087104501774921,0.0013839916346273795,-0.0026741830105626585,0.028910363308129575,0.2683877930343356,0.3433086226475151,0.022160142885861833,0.20761050700618314
50,58,ens_internal_decor_cap101_bf50_b40_i1_l20,ens_id55_combo_gate_rank1,0.4092437336283291,0.4075200760754026,-0.0017236575529265274,-0.0011422827832050508,0.0440435490903243,0.2650461830389526,0.3002044843201338,0.11261300362548557,2.3185594937746274
13,46,ens_caruana_bag20,ens_region_v2_blend_a8,0.4414270025507814,0.4091592405210825,-0.03226776202969889,0.002468210140711191,0.10140065726280552,0.2648090837920707,0.2720344634588705,0.0447918657985772,4.416451038706577
14,46,ens_caruana_bag20,ens_region_v2_blend_a8,0.4430377590818476,0.4091592405210825,-0.033878518560765125,0.004225691085345096,0.10140065726280552,0.2648090837920707,0.2720344634588705,0.0447918657985772,4.416451038706577
15,46,ens_caruana_bag20,ens_region_v2_blend_a8,0.4423088470924464,0.4091592405210825,-0.0331496065713639,0.0023694566238908754,0.10140065726280552,0.2648090837920707,0.2720344634588705,0.0447918657985772,4.416451038706577
25,46,ens_caruana_bag20,ens_region_v2_blend_a8,0.4290789893593625,0.4091592405210825,-0.019919748838280016,-0.0031983384066031073,0.10140065726280552,0.2648090837920707,0.2720344634588705,0.0447918657985772,4.416451038706577
49,58,ens_resid_lowd_core_ridge_a10p0_s50_hybrid,ens_id55_combo_gate_rank1,0.4196878176889805,0.4075200760754026,-0.01216774161357792,0.004902302870219755,0.07496309099337316,0.262630116278694,0.3593121808879947,0.054697375968496734,2.9058803948284666
1,52,ens_l2_a0.05,ens_repooled_trunk_swap_core_calibrated_importance,0.5017546613967405,0.4087104501774921,-0.09304421121924844,0.0455108331322569,0.08166518527856005,0.25637223636164336,0.2752017257205956,0.06178182390031124,3.927411015217329
49,52,ens_resid_lowd_core_ridge_a10p0_s50_hybrid,ens_repooled_trunk_swap_core_calibrated_importance,0.4196878176889805,0.4087104501774921,-0.010977367511488423,0.0045768139055610835,0.07182205382066914,0.25174804638745657,0.331657055075361,0.04023385928988327,1.963491664672069
49,53,ens_resid_lowd_core_ridge_a10p0_s50_hybrid,ens_repooled_trunk_core_only_calibrated_importance,0.4196878176889805,0.4105644448288402,-0.00912337286014031,0.00172135928338768,0.07659605628195369,0.24757979622214385,0.3256581049435496,0.03476471576793231,1.9683234506145724
43,53,ens_hybrid_meta_baseline_5050,ens_repooled_trunk_core_only_calibrated_importance,0.4074838675224626,0.4105644448288402,0.0030805773063776187,-0.005572967380396809,0.04343984105714841,0.2386452517274385,0.3053858036648696,0.01811262832263645,0.4006951708073318
47,53,ens_hybrid_meta_baseline_5050,ens_repooled_trunk_core_only_calibrated_importance,0.4074838675224626,0.4105644448288402,0.0030805773063776187,-0.005572967380396809,0.04343984105714841,0.2386452517274385,0.3053858036648696,0.01811262832263645,0.4006951708073318
43,55,ens_hybrid_meta_baseline_5050,ens_id51_top500_potent46_t40_soft_g35,0.4074838675224626,0.4070801895382421,-0.0004036779842204741,-0.0015559652711477634,0.01796628032786747,0.23403650535990966,0.37197291456777765,0.09490069892399876,0.514921418213571
47,55,ens_hybrid_meta_baseline_5050,ens_id51_top500_potent46_t40_soft_g35,0.4074838675224626,0.4070801895382421,-0.0004036779842204741,-0.0015559652711477634,0.01796628032786747,0.23403650535990966,0.37197291456777765,0.09490069892399876,0.514921418213571
1,58,ens_l2_a0.05,ens_id55_combo_gate_rank1,0.5017546613967405,0.4075200760754026,-0.09423458532133794,0.04583632209691557,0.10019505224732021,0.23280645424827393,0.23399090722485835,0.053063668314971495,4.869799745373726
48,53,ens_meta_axis_a343,ens_repooled_trunk_core_only_calibrated_importance,0.4074004936698981,0.4105644448288402,0.00316395115894208,-0.005706269539530462,0.037896652186953185,0.2277913965177749,0.2900222468155835,0.01889691704065121,0.31867504354978504
51,53,ens_meta_axis_reverse_id50_g10,ens_repooled_trunk_core_only_calibrated_importance,0.4073264585428647,0.4105644448288402,0.0032379862859754915,-0.005529637632736062,0.03884882645649749,0.22069356572396998,0.28517030057175474,0.012016161882082361,0.21244229294868694
43,57,ens_hybrid_meta_baseline_5050,ens_id51_top500_potent46_t40_soft_g50,0.4074838675224626,0.4073887188823258,-9.514864013676627e-05,-0.0017360085494562139,0.02355766326929024,0.21879792444912635,0.35939007285794256,0.06511329445107002,0.6549222212228233
47,57,ens_hybrid_meta_baseline_5050,ens_id51_top500_potent46_t40_soft_g50,0.4074838675224626,0.4073887188823258,-9.514864013676627e-05,-0.0017360085494562139,0.02355766326929024,0.21879792444912635,0.35939007285794256,0.06511329445107002,0.6549222212228233
55,56,ens_id51_top500_potent46_t40_soft_g35,ens_swap_optuna_t10_top500_calibrated_importance,0.4070801895382421,0.4134599905046804,0.006379800966438309,-0.006211275239548675,0.052692742959156505,0.21376606621952887,0.30387278268529266,0.025120386235915663,0.8249197688754313
20,49,ens_caruana_bag20_calibrated_blend,ens_resid_lowd_core_ridge_a10p0_s50_hybrid,0.4168366368422205,0.4196878176889805,0.002851180846760004,-0.006679327344081054,0.08750863380076214,0.21288122874847634,0.19293136263939373,0.020832321021282584,1.621439760097626
49,57,ens_resid_lowd_core_ridge_a10p0_s50_hybrid,ens_id51_top500_potent46_t40_soft_g50,0.4196878176889805,0.4073887188823258,-0.012299098806654696,0.005558318114328276,0.07279720791743864,0.20915422761514682,0.3201247214113658,0.04415823460401305,2.222550501030064
49,54,ens_resid_lowd_core_ridge_a10p0_s50_hybrid,ens_id51_plus_potent_noaux_a30_delta_g050,0.4196878176889805,0.409582091172509,-0.010105726516471514,0.005107483102403165,0.04534365157021003,0.20140024324862055,0.30901727012144037,0.08743218317709801,1.630653335047629
49,55,ens_resid_lowd_core_ridge_a10p0_s50_hybrid,ens_id51_top500_potent46_t40_soft_g35,0.4196878176889805,0.4070801895382421,-0.012607628150738404,0.005738361392636726,0.07022409876262974,0.19719289248307018,0.30102488689624857,0.045587586626376596,2.082549698020812
16,53,ens_caruana_bag20_calibrated_best,ens_repooled_trunk_core_only_calibrated_importance,0.4357788073667819,0.4105644448288402,-0.02521436253794168,0.0003148870504721124,0.057762438959352125,0.19314399403313273,0.19886731329490842,0.08701646233855062,2.771295864794444
17,53,ens_caruana_bag20_calibrated_best,ens_repooled_trunk_core_only_calibrated_importance,0.4318297602126632,0.4105644448288402,-0.021265315383823036,-0.004618907695532415,0.057762438959352125,0.19314399403313273,0.19886731329490842,0.08701646233855062,2.771295864794444
18,53,ens_caruana_bag20_calibrated_best,ens_repooled_trunk_core_only_calibrated_importance,0.4244185733497787,0.4105644448288402,-0.013854128520938536,-0.00657880447102166,0.057762438959352125,0.19314399403313273,0.19886731329490842,0.08701646233855062,2.771295864794444
26,53,ens_caruana_bag20_calibrated_best,ens_repooled_trunk_core_only_calibrated_importance,0.4243494844698721,0.4105644448288402,-0.013785039641031893,0.004609970319382262,0.057762438959352125,0.19314399403313273,0.19886731329490842,0.08701646233855062,2.771295864794444
27,53,ens_caruana_bag20_calibrated_best,ens_repooled_trunk_core_only_calibrated_importance,0.4225677355758737,0.4105644448288402,-0.01200329074703349,-0.003244090445688408,0.057762438959352125,0.19314399403313273,0.19886731329490842,0.08701646233855062,2.771295864794444
36,53,ens_caruana_bag20_calibrated_best,ens_repooled_trunk_core_only_calibrated_importance,0.4145866903151991,0.4105644448288402,-0.004022245486358933,-0.003969782295817903,0.057762438959352125,0.19314399403313273,0.19886731329490842,0.08701646233855062,2.771295864794444
16,45,ens_caruana_bag20_calibrated_best,ens_caruana_bag20_admet_ai_no_log2fc_calibrated_importance,0.4357788073667819,0.4093625824408419,-0.02641622492593998,0.0017002773895767875,0.06033985844125492,0.19179395268571023,0.2002494024769917,0.08339524891868318,2.8981085989087187
17,45,ens_caruana_bag20_calibrated_best,ens_caruana_bag20_admet_ai_no_log2fc_calibrated_importance,0.4318297602126632,0.4093625824408419,-0.022467177771821334,-0.0032335173564277397,0.06033985844125492,0.19179395268571023,0.2002494024769917,0.08339524891868318,2.8981085989087187
18,45,ens_caruana_bag20_calibrated_best,ens_caruana_bag20_admet_ai_no_log2fc_calibrated_importance,0.4244185733497787,0.4093625824408419,-0.015055990908936834,-0.005193414131916985,0.06033985844125492,0.19179395268571023,0.2002494024769917,0.08339524891868318,2.8981085989087187
26,45,ens_caruana_bag20_calibrated_best,ens_caruana_bag20_admet_ai_no_log2fc_calibrated_importance,0.4243494844698721,0.4093625824408419,-0.014986902029030191,0.005995360658486937,0.06033985844125492,0.19179395268571023,0.2002494024769917,0.08339524891868318,2.8981085989087187
27,45,ens_caruana_bag20_calibrated_best,ens_caruana_bag20_admet_ai_no_log2fc_calibrated_importance,0.4225677355758737,0.4093625824408419,-0.013205153135031789,-0.0018587001065837327,0.06033985844125492,0.19179395268571023,0.2002494024769917,0.08339524891868318,2.8981085989087187
36,45,ens_caruana_bag20_calibrated_best,ens_caruana_bag20_admet_ai_no_log2fc_calibrated_importance,0.4145866903151991,0.4093625824408419,-0.005224107874357231,-0.002584391956713228,0.06033985844125492,0.19179395268571023,0.2002494024769917,0.08339524891868318,2.8981085989087187
54,57,ens_id51_plus_potent_noaux_a30_delta_g050,ens_id51_top500_potent46_t40_soft_g50,0.409582091172509,0.4073887188823258,-0.002193372290183182,0.00045083501192511033,0.03236569114313577,0.17527890841556593,0.3024765996606374,0.04569662017304841,0.5918971659824351
1,57,ens_l2_a0.05,ens_id51_top500_potent46_t40_soft_g50,0.5017546613967405,0.4073887188823258,-0.09436594251441471,0.04649233734102409,0.09757390390483602,0.17328297619378702,0.16314430824037227,0.044662144974494354,4.186469851575324
48,57,ens_meta_axis_a343,ens_id51_top500_potent46_t40_soft_g50,0.4074004936698981,0.4073887188823258,-1.1774787572305101e-05,-0.0018693107085898664,0.020423990771128504,0.17218227157588026,0.21120891539938655,0.06510279233378667,0.5729020939652766
48,55,ens_meta_axis_a343,ens_id51_top500_potent46_t40_soft_g35,0.4074004936698981,0.4070801895382421,-0.0003203041316560129,-0.001689267430281416,0.014807408290020252,0.17217572146667504,0.20926589128293857,0.09779198671430714,0.43290129095602425
51,57,ens_meta_axis_reverse_id50_g10,ens_id51_top500_potent46_t40_soft_g50,0.4073264585428647,0.4073887188823258,6.226033946110654e-05,-0.0016926788017954664,0.018806489727703594,0.1718587215709439,0.22615536012176923,0.05602957470540144,0.46666934336417853
51,55,ens_meta_axis_reverse_id50_g10,ens_id51_top500_potent46_t40_soft_g35,0.4073264585428647,0.4070801895382421,-0.00024626900462260126,-0.001512635523487016,0.013164542809392518,0.17185872157094387,0.22615536012176923,0.08004224957914512,0.32666854035492615
55,57,ens_id51_top500_potent46_t40_soft_g35,ens_id51_top500_potent46_t40_soft_g50,0.4070801895382421,0.4073887188823258,0.0003085293440837078,-0.00018004327830845046,0.005641946918311075,0.1718587215709428,0.22477778717308258,0.18676524901800362,0.1400008030092523
52,56,ens_repooled_trunk_swap_core_calibrated_importance,ens_swap_optuna_t10_top500_calibrated_importance,0.4087104501774921,0.4134599905046804,0.0047495403271883285,-0.005049727752473032,0.043685894535866215,0.16526494732934585,0.21556762413267133,0.04285909259875972,0.9439778022241743
1,55,ens_l2_a0.05,ens_id51_top500_potent46_t40_soft_g35,0.5017546613967405,0.4070801895382421,-0.09467447185849842,0.04667238061933254,0.09480856943396969,0.16366175387893436,0.14964560166073484,0.04674246335490181,4.046469048566071
54,55,ens_id51_plus_potent_noaux_a30_delta_g050,ens_id51_top500_potent46_t40_soft_g35,0.409582091172509,0.4070801895382421,-0.00250190163426689,0.0006308782902335608,0.028074899495584362,0.16236487951267767,0.2724689766253645,0.05128537571472563,0.45189636297318275
50,57,ens_internal_decor_cap101_bf50_b40_i1_l20,ens_id51_top500_potent46_t40_soft_g50,0.4092437336283291,0.4073887188823258,-0.0018550147460033029,-0.00048626753909652987,0.03989941890033575,0.1597916932388399,0.15783092959073705,0.08460209190801501,1.6352295999762256
2,49,ens_l2_a0.1,ens_resid_lowd_core_ridge_a10p0_s50_hybrid,0.498861930443137,0.4196878176889805,-0.07917411275415648,0.04008678456409087,0.08263727579392217,0.15765874876951128,0.130330836046395,0.04119131538777122,3.0001256862520687
9,49,ens_l2_a0.1,ens_resid_lowd_core_ridge_a10p0_s50_hybrid,0.4958329809469373,0.4196878176889805,-0.07614516325795678,0.04399292840237201,0.08263727579392217,0.15765874876951128,0.130330836046395,0.04119131538777122,3.0001256862520687
16,52,ens_caruana_bag20_calibrated_best,ens_repooled_trunk_swap_core_calibrated_importance,0.4357788073667819,0.4087104501774921,-0.027068357189289793,0.003170341672645516,0.060484416176048605,0.15642064891479573,0.1625486554738053,0.07654404270075203,2.7664640788519406
17,52,ens_caruana_bag20_calibrated_best,ens_repooled_trunk_swap_core_calibrated_importance,0.4318297602126632,0.4087104501774921,-0.023119310035171148,-0.0017634530733590115,0.060484416176048605,0.15642064891479573,0.1625486554738053,0.07654404270075203,2.7664640788519406
18,52,ens_caruana_bag20_calibrated_best,ens_repooled_trunk_swap_core_calibrated_importance,0.4244185733497787,0.4087104501774921,-0.015708123172286648,-0.0037233498488482564,0.060484416176048605,0.15642064891479573,0.1625486554738053,0.07654404270075203,2.7664640788519406
26,52,ens_caruana_bag20_calibrated_best,ens_repooled_trunk_swap_core_calibrated_importance,0.4243494844698721,0.4087104501774921,-0.015639034292380005,0.007465424941555665,0.060484416176048605,0.15642064891479573,0.1625486554738053,0.07654404270075203,2.7664640788519406
27,52,ens_caruana_bag20_calibrated_best,ens_repooled_trunk_swap_core_calibrated_importance,0.4225677355758737,0.4087104501774921,-0.013857285398381602,-0.0003886358235150045,0.060484416176048605,0.15642064891479573,0.1625486554738053,0.07654404270075203,2.7664640788519406
36,52,ens_caruana_bag20_calibrated_best,ens_repooled_trunk_swap_core_calibrated_importance,0.4145866903151991,0.4087104501774921,-0.005876240137707045,-0.0011143276736444996,0.060484416176048605,0.15642064891479573,0.1625486554738053,0.07654404270075203,2.7664640788519406
53,56,ens_repooled_trunk_core_only_calibrated_importance,ens_swap_optuna_t10_top500_calibrated_importance,0.4105644448288402,0.4134599905046804,0.0028955456758402165,-0.0021942731302996288,0.041376799887156944,0.1546563670214546,0.1970073019112094,0.050191045740017516,0.9391460162816704
44,57,ens_caruana_bag20_anchor_residual,ens_id51_top500_potent46_t40_soft_g50,0.4090205188659963,0.4073887188823258,-0.0016317999836704677,0.0005528953434503769,0.032029928037572195,0.1537134412611473,0.12757004020444573,0.04253665159782481,0.5810691265834798
49,51,ens_resid_lowd_core_ridge_a10p0_s50_hybrid,ens_meta_axis_reverse_id50_g10,0.4196878176889805,0.4073264585428647,-0.012361359146115802,0.007250996916123742,0.06737505438658012,0.15280270843455881,0.25851184432633595,0.04317947027639023,1.7558811576658861
46,56,ens_region_v2_blend_a8,ens_swap_optuna_t10_top500_calibrated_importance,0.4091592405210825,0.4134599905046804,0.004300749983597918,-0.004248842703718392,0.07316518877615405,0.1524468229879924,0.20140185598410223,0.021288403529853298,1.300728707553385
50,55,ens_internal_decor_cap101_bf50_b40_i1_l20,ens_id51_top500_potent46_t40_soft_g35,0.4092437336283291,0.4070801895382421,-0.0021635440900870107,-0.0003062242607880794,0.03507195770569294,0.15136730267845966,0.14051687888843978,0.10913262008763248,1.495228796966973
1,46,ens_l2_a0.05,ens_region_v2_blend_a8,0.5017546613967405,0.4091592405210825,-0.09259542087565803,0.04470994808350226,0.10171770009686466,0.14356848697614735,0.12218210512760473,0.03484816451831437,3.5706601098881174
45,56,ens_caruana_bag20_admet_ai_no_log2fc_calibrated_importance,ens_swap_optuna_t10_top500_calibrated_importance,0.4093625824408419,0.4134599905046804,0.004097408063838515,-0.003579663469404304,0.04197665862679644,0.14356617810112382,0.18674148792020723,0.0415515103036033,0.8123332821673962
16,58,ens_caruana_bag20_calibrated_best,ens_id55_combo_gate_rank1,0.4357788073667819,0.4075200760754026,-0.02825873129137929,0.003495830637304187,0.07870296636402553,0.14334339019552833,0.1331056317719658,0.06398535016551234,3.7088528090083375
17,58,ens_caruana_bag20_calibrated_best,ens_id55_combo_gate_rank1,0.4318297602126632,0.4075200760754026,-0.024309684137260645,-0.0014379641087003403,0.07870296636402553,0.14334339019552833,0.1331056317719658,0.06398535016551234,3.7088528090083375
18,58,ens_caruana_bag20_calibrated_best,ens_id55_combo_gate_rank1,0.4244185733497787,0.4075200760754026,-0.016898497274376145,-0.003397860884189585,0.07870296636402553,0.14334339019552833,0.1331056317719658,0.06398535016551234,3.7088528090083375
26,58,ens_caruana_bag20_calibrated_best,ens_id55_combo_gate_rank1,0.4243494844698721,0.4075200760754026,-0.016829408394469503,0.007790913906214336,0.07870296636402553,0.14334339019552833,0.1331056317719658,0.06398535016551234,3.7088528090083375
27,58,ens_caruana_bag20_calibrated_best,ens_id55_combo_gate_rank1,0.4225677355758737,0.4075200760754026,-0.0150476595004711,-6.314685885633331e-05,0.07870296636402553,0.14334339019552833,0.1331056317719658,0.06398535016551234,3.7088528090083375
36,58,ens_caruana_bag20_calibrated_best,ens_id55_combo_gate_rank1,0.4145866903151991,0.4075200760754026,-0.007066614239796543,-0.0007888387089858284,0.07870296636402553,0.14334339019552833,0.1331056317719658,0.06398535016551234,3.7088528090083375
13,49,ens_caruana_bag20,ens_resid_lowd_core_ridge_a10p0_s50_hybrid,0.4414270025507814,0.4196878176889805,-0.021739184861800875,-0.001307718716095252,0.08215489659100356,0.1359390650323816,0.10525873574140268,0.03894837060444152,2.8097102793637174
14,49,ens_caruana_bag20,ens_resid_lowd_core_ridge_a10p0_s50_hybrid,0.4430377590818476,0.4196878176889805,-0.023349941392867113,0.00044976222853865266,0.08215489659100356,0.1359390650323816,0.10525873574140268,0.03894837060444152,2.8097102793637174
15,49,ens_caruana_bag20,ens_resid_lowd_core_ridge_a10p0_s50_hybrid,0.4423088470924464,0.4196878176889805,-0.022621029403465887,-0.0014064722329155677,0.08215489659100356,0.1359390650323816,0.10525873574140268,0.03894837060444152,2.8097102793637174
25,49,ens_caruana_bag20,ens_resid_lowd_core_ridge_a10p0_s50_hybrid,0.4290789893593625,0.4196878176889805,-0.009391171670382004,-0.00697426726340955,0.08215489659100356,0.1359390650323816,0.10525873574140268,0.03894837060444152,2.8097102793637174
44,55,ens_caruana_bag20_anchor_residual,ens_id51_top500_potent46_t40_soft_g35,0.4090205188659963,0.4070801895382421,-0.0019403293277541755,0.0007329386217588274,0.027998476356626688,0.13512397462811185,0.10680097795457887,0.045829748586807786,0.4410683235742274
1,44,ens_l2_a0.05,ens_caruana_bag20_anchor_residual,0.5017546613967405,0.4090205188659963,-0.09273414253074425,0.045939441997573716,0.08211233422465651,0.13464836582899556,0.11369033008061254,0.05581937988834851,3.6054007249918447
1,51,ens_l2_a0.05,ens_meta_axis_reverse_id50_g10,0.5017546613967405,0.4073264585428647,-0.09442820285387582,0.04818501614281956,0.08923945014413606,0.1307440590696648,0.11567704510903362,0.04915379436042485,3.7198005082111454
1,48,ens_l2_a0.05,ens_meta_axis_a343,0.5017546613967405,0.4074004936698981,-0.09435416772684241,0.04836164804961396,0.08769468054443484,0.1298036740908407,0.11684711591935915,0.04915587563013382,3.6135677576100473
49,50,ens_resid_lowd_core_ridge_a10p0_s50_hybrid,ens_internal_decor_cap101_bf50_b40_i1_l20,0.4196878176889805,0.4092437336283291,-0.010444084060651393,0.0060445856534248055,0.06650423819525884,0.12458749903409232,0.2061512460334822,0.014288993235501288,0.5873209010538389
2,13,ens_l2_a0.1,ens_caruana_bag20,0.498861930443137,0.4414270025507814,-0.0574349278923556,0.04139450328018612,0.012727868048371825,0.12354968023097046,0.17172191478862783,0.09768415611393695,0.1904154068883509
2,14,ens_l2_a0.1,ens_caruana_bag20,0.498861930443137,0.4430377590818476,-0.055824171361289365,0.03963702233555222,0.012727868048371825,0.12354968023097046,0.17172191478862783,0.09768415611393695,0.1904154068883509
2,15,ens_l2_a0.1,ens_caruana_bag20,0.498861930443137,0.4423088470924464,-0.05655308335069059,0.04149325679700644,0.012727868048371825,0.12354968023097046,0.17172191478862783,0.09768415611393695,0.1904154068883509
2,25,ens_l2_a0.1,ens_caruana_bag20,0.498861930443137,0.4290789893593625,-0.06978294108377447,0.04706105182750042,0.012727868048371825,0.12354968023097046,0.17172191478862783,0.09768415611393695,0.1904154068883509
9,13,ens_l2_a0.1,ens_caruana_bag20,0.4958329809469373,0.4414270025507814,-0.05440597839615591,0.04530064711846726,0.012727868048371825,0.12354968023097046,0.17172191478862783,0.09768415611393695,0.1904154068883509
9,14,ens_l2_a0.1,ens_caruana_bag20,0.4958329809469373,0.4430377590818476,-0.05279522186508967,0.04354316617383336,0.012727868048371825,0.12354968023097046,0.17172191478862783,0.09768415611393695,0.1904154068883509
9,15,ens_l2_a0.1,ens_caruana_bag20,0.4958329809469373,0.4423088470924464,-0.053524133854490896,0.04539940063528758,0.012727868048371825,0.12354968023097046,0.17172191478862783,0.09768415611393695,0.1904154068883509
9,25,ens_l2_a0.1,ens_caruana_bag20,0.4958329809469373,0.4290789893593625,-0.06675399158757478,0.05096719566578156,0.012727868048371825,0.12354968023097046,0.17172191478862783,0.09768415611393695,0.1904154068883509
1,50,ens_l2_a0.05,ens_internal_decor_cap101_bf50_b40_i1_l20,0.5017546613967405,0.4092437336283291,-0.09251092776841141,0.04697860488012062,0.07517088915051022,0.11599515130802865,0.12360187184883044,0.04422502830012084,2.5512402515990984
1,54,ens_l2_a0.05,ens_id51_plus_potent_noaux_a30_delta_g050,0.5017546613967405,0.409582091172509,-0.09217257022423153,0.04604150232909898,0.08855003304735423,0.11134335529333601,0.07591887896719006,0.047220856449379886,3.5945726855928886
43,46,ens_hybrid_meta_baseline_5050,ens_region_v2_blend_a8,0.4074838675224626,0.4091592405210825,0.0016753729986199173,-0.0035183978069780464,0.05169576681922103,0.10952562618594971,0.11506358712135072,0.0013722532063198073,0.03911247953561725
46,58,ens_region_v2_blend_a8,ens_id55_combo_gate_rank1,0.4091592405210825,0.4075200760754026,-0.0016391644456799082,0.0011263740134133116,0.044275724613624036,0.10879886157143312,0.1212443008428654,0.059267089749622665,1.299139635485608
6,12,lgbm_mordred_jazzy_umap,tabpfn_2d_full_boltz_umap,0.5736643023301617,0.4901986309079051,-0.08346567142225664,0.067673033108815,0.21281872907623497,0.10039600193574447,0.09251832487161285,0.01624163909035917,7.73464244697722
1,43,ens_l2_a0.05,ens_hybrid_meta_baseline_5050,0.5017546613967405,0.4074838675224626,-0.09427079387427795,0.048228345890480306,0.09063490577722336,0.09984140351078526,0.07852821298096584,0.044669877218922384,3.5315476303525006
1,47,ens_l2_a0.05,ens_hybrid_meta_baseline_5050,0.5017546613967405,0.4074838675224626,-0.09427079387427795,0.048228345890480306,0.09063490577722336,0.09984140351078526,0.07852821298096584,0.044669877218922384,3.5315476303525006
20,25,ens_caruana_bag20_calibrated_blend,ens_caruana_bag20,0.4168366368422205,0.4290789893593625,0.012242352517142008,0.0002949399193284963,0.08949346941863633,0.09161664169912231,0.12866809147922845,-0.013747922805829128,-1.188270519266092
46,53,ens_region_v2_blend_a8,ens_repooled_trunk_core_only_calibrated_importance,0.4091592405210825,0.4105644448288402,0.0014052043077577014,-0.002054569573418763,0.05498904446763555,0.08933294607615687,0.1322180015667827,0.010367292023688697,0.3615826912717145
46,52,ens_region_v2_blend_a8,ens_repooled_trunk_swap_core_calibrated_importance,0.4091592405210825,0.4087104501774921,-0.0004487903435904106,0.0008008850487546404,0.04411392124560578,0.08858990941487198,0.11729562896947467,0.016031348358004325,0.3567509053292108
44,46,ens_caruana_bag20_anchor_residual,ens_region_v2_blend_a8,0.4090205188659963,0.4091592405210825,0.0001387216550862158,-0.0012294939140714556,0.04918314486535412,0.08849990662936111,0.08844388894300484,-0.0012983074489209938,-0.034740615103726356
48,51,ens_meta_axis_a343,ens_meta_axis_reverse_id50_g10,0.4074004936698981,0.4073264585428647,-7.403512703341164e-05,-0.0001766319067944,0.0023666117052824295,0.07665417906289111,0.05931186936725364,2.0082770893225805,0.10623275060109805
50,51,ens_internal_decor_cap101_bf50_b40_i1_l20,ens_meta_axis_reverse_id50_g10,0.4092437336283291,0.4073264585428647,-0.0019172750854644094,0.0012064112626989365,0.026032728758106412,0.07665417906288184,0.05931186936725364,0.18257064448387064,1.1685602566120468
16,57,ens_caruana_bag20_calibrated_best,ens_id51_top500_potent46_t40_soft_g50,0.4357788073667819,0.4073887188823258,-0.028390088484456066,0.004151845881412708,0.07568288412843573,0.07224878776320447,0.04708672938189528,0.051384926602585465,3.025522915209936
17,57,ens_caruana_bag20_calibrated_best,ens_id51_top500_potent46_t40_soft_g50,0.4318297602126632,0.4073887188823258,-0.02444104133033742,-0.0007819488645918193,0.07568288412843573,0.07224878776320447,0.04708672938189528,0.051384926602585465,3.025522915209936
18,57,ens_caruana_bag20_calibrated_best,ens_id51_top500_potent46_t40_soft_g50,0.4244185733497787,0.4073887188823258,-0.01702985446745292,-0.0027418456400810642,0.07568288412843573,0.07224878776320447,0.04708672938189528,0.051384926602585465,3.025522915209936
26,57,ens_caruana_bag20_calibrated_best,ens_id51_top500_potent46_t40_soft_g50,0.4243494844698721,0.4073887188823258,-0.016960765587546278,0.008446929150322857,0.07568288412843573,0.07224878776320447,0.04708672938189528,0.051384926602585465,3.025522915209936
27,57,ens_caruana_bag20_calibrated_best,ens_id51_top500_potent46_t40_soft_g50,0.4225677355758737,0.4073887188823258,-0.015179016693547875,0.0005928683852521877,0.07568288412843573,0.07224878776320447,0.04708672938189528,0.051384926602585465,3.025522915209936
36,57,ens_caruana_bag20_calibrated_best,ens_id51_top500_potent46_t40_soft_g50,0.4145866903151991,0.4073887188823258,-0.007197971432873318,-0.00013282346487730745,0.07568288412843573,0.07224878776320447,0.04708672938189528,0.051384926602585465,3.025522915209936
4,12,lgbm_mordred_jazzy_analog,tabpfn_2d_full_boltz_umap,0.5800392896586687,0.4901986309079051,-0.08984065875076358,0.07131781603572507,0.2205294172705976,0.06046317035663236,0.06557681728787351,0.013915881513089643,7.213247916866291
16,55,ens_caruana_bag20_calibrated_best,ens_id51_top500_potent46_t40_soft_g35,0.4357788073667819,0.4070801895382421,-0.028698617828539774,0.004331889159721158,0.07218100453204221,0.05328330910636808,0.026092212630352017,0.05540576447393589,2.8855221122006833
17,55,ens_caruana_bag20_calibrated_best,ens_id51_top500_potent46_t40_soft_g35,0.4318297602126632,0.4070801895382421,-0.02474957067442113,-0.0006019055862833689,0.07218100453204221,0.05328330910636808,0.026092212630352017,0.05540576447393589,2.8855221122006833
18,55,ens_caruana_bag20_calibrated_best,ens_id51_top500_potent46_t40_soft_g35,0.4244185733497787,0.4070801895382421,-0.01733838381153663,-0.0025618023617726138,0.07218100453204221,0.05328330910636808,0.026092212630352017,0.05540576447393589,2.8855221122006833
26,55,ens_caruana_bag20_calibrated_best,ens_id51_top500_potent46_t40_soft_g35,0.4243494844698721,0.4070801895382421,-0.017269294931629986,0.008626972428631308,0.07218100453204221,0.05328330910636808,0.026092212630352017,0.05540576447393589,2.8855221122006833
27,55,ens_caruana_bag20_calibrated_best,ens_id51_top500_potent46_t40_soft_g35,0.4225677355758737,0.4070801895382421,-0.015487546037631583,0.0007729116635606381,0.07218100453204221,0.05328330910636808,0.026092212630352017,0.05540576447393589,2.8855221122006833
36,55,ens_caruana_bag20_calibrated_best,ens_id51_top500_potent46_t40_soft_g35,0.4145866903151991,0.4070801895382421,-0.007506500776957026,4.721981343114301e-05,0.07218100453204221,0.05328330910636808,0.026092212630352017,0.05540576447393589,2.8855221122006833
52,53,ens_repooled_trunk_swap_core_calibrated_importance,ens_repooled_trunk_core_only_calibrated_importance,0.4087104501774921,0.4105644448288402,0.001853994651348112,-0.0028554546221734034,0.022644249190448013,0.04590027796662283,0.07338085979682848,0.0008444729824124502,0.004831785942503752
16,46,ens_caruana_bag20_calibrated_best,ens_region_v2_blend_a8,0.4357788073667819,0.4091592405210825,-0.026619566845699383,0.0023694566238908754,0.08482107112070776,0.04362784554756642,0.014936607378305733,0.03228586111336528,2.40971317352273
17,46,ens_caruana_bag20_calibrated_best,ens_region_v2_blend_a8,0.4318297602126632,0.4091592405210825,-0.022670519691580737,-0.002564338122113652,0.08482107112070776,0.04362784554756642,0.014936607378305733,0.03228586111336528,2.40971317352273
18,46,ens_caruana_bag20_calibrated_best,ens_region_v2_blend_a8,0.4244185733497787,0.4091592405210825,-0.015259332828696237,-0.004524234897602897,0.08482107112070776,0.04362784554756642,0.014936607378305733,0.03228586111336528,2.40971317352273
26,46,ens_caruana_bag20_calibrated_best,ens_region_v2_blend_a8,0.4243494844698721,0.4091592405210825,-0.015190243948789595,0.006664539892801025,0.08482107112070776,0.04362784554756642,0.014936607378305733,0.03228586111336528,2.40971317352273
27,46,ens_caruana_bag20_calibrated_best,ens_region_v2_blend_a8,0.4225677355758737,0.4091592405210825,-0.013408495054791192,-0.0011895208722696449,0.08482107112070776,0.04362784554756642,0.014936607378305733,0.03228586111336528,2.40971317352273
36,46,ens_caruana_bag20_calibrated_best,ens_region_v2_blend_a8,0.4145866903151991,0.4091592405210825,-0.005427449794116634,-0.00191521272239914,0.08482107112070776,0.04362784554756642,0.014936607378305733,0.03228586111336528,2.40971317352273
43,44,ens_hybrid_meta_baseline_5050,ens_caruana_bag20_anchor_residual,0.4074838675224626,0.4090205188659963,0.0015366513435337015,-0.002288903892906591,0.02820529077869457,0.043494947828501704,0.05740962343531393,0.008842341122157924,0.07385309463934357
44,51,ens_caruana_bag20_anchor_residual,ens_meta_axis_reverse_id50_g10,0.4090205188659963,0.4073264585428647,-0.0016940603231315743,0.0022455741452458433,0.024481547726102997,0.029168056828182496,0.02938397050146291,0.018952452202677942,0.11439978321930133
43,50,ens_hybrid_meta_baseline_5050,ens_internal_decor_cap101_bf50_b40_i1_l20,0.4074838675224626,0.4092437336283291,0.0017598661058665366,-0.001249741010359684,0.025832163615743226,0.027922666157744327,0.07005043781759514,-0.148937283435532,-0.980307378753402
47,50,ens_hybrid_meta_baseline_5050,ens_internal_decor_cap101_bf50_b40_i1_l20,0.4074838675224626,0.4092437336283291,0.0017598661058665366,-0.001249741010359684,0.025832163615743226,0.027922666157744327,0.07005043781759514,-0.148937283435532,-0.980307378753402
43,54,ens_hybrid_meta_baseline_5050,ens_id51_plus_potent_noaux_a30_delta_g050,0.4074838675224626,0.409582091172509,0.0020982236500464158,-0.002186843561381324,0.02600830490522696,0.02622956603871738,-0.013265077649269286,0.011070331890847716,0.06302505524038823
47,54,ens_hybrid_meta_baseline_5050,ens_id51_plus_potent_noaux_a30_delta_g050,0.4074838675224626,0.409582091172509,0.0020982236500464158,-0.002186843561381324,0.02600830490522696,0.02622956603871738,-0.013265077649269286,0.011070331890847716,0.06302505524038823
46,57,ens_region_v2_blend_a8,ens_id51_top500_potent46_t40_soft_g50,0.4091592405210825,0.4073887188823258,-0.0017705216387566836,0.0017823892575218325,0.042206535001787046,0.025231699309247353,0.04124389204630611,0.029715602806749224,0.615809741687206
44,48,ens_caruana_bag20_anchor_residual,ens_meta_axis_a343,0.4090205188659963,0.4074004936698981,-0.0016200251960981626,0.0024222060520402433,0.024290102557385805,0.02421685543725988,0.026147789349560847,0.0013920556731736957,0.008167032618203222
52,58,ens_repooled_trunk_swap_core_calibrated_importance,ens_id55_combo_gate_rank1,0.4087104501774921,0.4075200760754026,-0.0011903741020894976,0.00032548896465867116,0.03127992650508103,0.02264529178483133,-0.030544927293591876,0.0912725269479122,0.9423887301563976
50,54,ens_internal_decor_cap101_bf50_b40_i1_l20,ens_id51_plus_potent_noaux_a30_delta_g050,0.4092437336283291,0.409582091172509,0.0003383575441798792,-0.0009371025510216402,0.03370494188905062,0.002724570498360844,-0.033293273574602586,0.09172319541886559,1.0433324339937904
1,49,ens_l2_a0.05,ens_resid_lowd_core_ridge_a10p0_s50_hybrid,0.5017546613967405,0.4196878176889805,-0.08206684370776002,0.04093401922669582,0.09131083333719377,0.0005627481933290179,-0.0408425933688067,0.02248131664474751,1.9639193505452595
16,51,ens_caruana_bag20_calibrated_best,ens_meta_axis_reverse_id50_g10,0.4357788073667819,0.4073264585428647,-0.028452348823917173,0.005844524683208174,0.06628284772452295,-0.0075898836135324665,-0.03800127470629618,0.060861336475041904,2.558853571845758
17,51,ens_caruana_bag20_calibrated_best,ens_meta_axis_reverse_id50_g10,0.4318297602126632,0.4073264585428647,-0.024503301669798527,0.000910729937203647,0.06628284772452295,-0.0075898836135324665,-0.03800127470629618,0.060861336475041904,2.558853571845758
18,51,ens_caruana_bag20_calibrated_best,ens_meta_axis_reverse_id50_g10,0.4244185733497787,0.4073264585428647,-0.017092114806914027,-0.0010491668382855979,0.06628284772452295,-0.0075898836135324665,-0.03800127470629618,0.060861336475041904,2.558853571845758
26,51,ens_caruana_bag20_calibrated_best,ens_meta_axis_reverse_id50_g10,0.4243494844698721,0.4073264585428647,-0.017023025927007385,0.010139607952118324,0.06628284772452295,-0.0075898836135324665,-0.03800127470629618,0.060861336475041904,2.558853571845758
27,51,ens_caruana_bag20_calibrated_best,ens_meta_axis_reverse_id50_g10,0.4225677355758737,0.4073264585428647,-0.015241277033008982,0.002285547187047654,0.06628284772452295,-0.0075898836135324665,-0.03800127470629618,0.060861336475041904,2.558853571845758
36,51,ens_caruana_bag20_calibrated_best,ens_meta_axis_reverse_id50_g10,0.4145866903151991,0.4073264585428647,-0.0072602317723344245,0.001559855336918159,0.06628284772452295,-0.0075898836135324665,-0.03800127470629618,0.060861336475041904,2.558853571845758
46,55,ens_region_v2_blend_a8,ens_id51_top500_potent46_t40_soft_g35,0.4091592405210825,0.4070801895382421,-0.0020790509828403914,0.001962432535830283,0.042501420639537935,-0.008030258347973536,0.0036234329663047456,0.0231123500943971,0.47580893867795376
53,58,ens_repooled_trunk_core_only_calibrated_importance,ens_id55_combo_gate_rank1,0.4105644448288402,0.4075200760754026,-0.0030443687534376096,0.0031809435868320746,0.04349738064812141,-0.010195526581744782,-0.06793457621173951,0.04328002831523266,0.9375569442138938
16,48,ens_caruana_bag20_calibrated_best,ens_meta_axis_a343,0.4357788073667819,0.4074004936698981,-0.02837831369688376,0.006021156590002574,0.06466126749350452,-0.010320804283976935,-0.0379075036737173,0.0609153493173226,2.452620821244659
17,48,ens_caruana_bag20_calibrated_best,ens_meta_axis_a343,0.4318297602126632,0.4074004936698981,-0.024429266542765116,0.001087361843998047,0.06466126749350452,-0.010320804283976935,-0.0379075036737173,0.0609153493173226,2.452620821244659
18,48,ens_caruana_bag20_calibrated_best,ens_meta_axis_a343,0.4244185733497787,0.4074004936698981,-0.017018079679880616,-0.0008725349314911979,0.06466126749350452,-0.010320804283976935,-0.0379075036737173,0.0609153493173226,2.452620821244659
26,48,ens_caruana_bag20_calibrated_best,ens_meta_axis_a343,0.4243494844698721,0.4074004936698981,-0.016948990799973973,0.010316239858912724,0.06466126749350452,-0.010320804283976935,-0.0379075036737173,0.0609153493173226,2.452620821244659
27,48,ens_caruana_bag20_calibrated_best,ens_meta_axis_a343,0.4225677355758737,0.4074004936698981,-0.01516724190597557,0.002462179093842054,0.06466126749350452,-0.010320804283976935,-0.0379075036737173,0.0609153493173226,2.452620821244659
36,48,ens_caruana_bag20_calibrated_best,ens_meta_axis_a343,0.4145866903151991,0.4074004936698981,-0.007186196645301013,0.001736487243712559,0.06466126749350452,-0.010320804283976935,-0.0379075036737173,0.0609153493173226,2.452620821244659
45,58,ens_caruana_bag20_admet_ai_no_log2fc_calibrated_importance,ens_id55_combo_gate_rank1,0.4093625824408419,0.4075200760754026,-0.0018425063654393115,0.0017955532477273994,0.03558059938648115,-0.02133286713636135,-0.07776216565770366,0.056728931756922035,0.8107442100996193
45,53,ens_caruana_bag20_admet_ai_no_log2fc_calibrated_importance,ens_repooled_trunk_core_only_calibrated_importance,0.4093625824408419,0.4105644448288402,0.0012018623879982981,-0.0013853903391046751,0.013016729863170458,-0.02177112366895948,-0.019792640836480323,-0.06505331163109832,-0.12681273411427435
3,19,ens_vanilla,ens_caruana_bag20_calibrated_importance,0.498861930443137,0.4154008268960474,-0.08346110354708958,0.046766111908171926,0.08513308145127829,-0.022931675284905292,-0.029160958932499,0.03668770389691407,2.7228371988747
3,21,ens_vanilla,ens_caruana_bag20_calibrated_importance,0.498861930443137,0.4154008268960474,-0.08346110354708958,0.046766111908171926,0.08513308145127829,-0.022931675284905292,-0.029160958932499,0.03668770389691407,2.7228371988747
3,22,ens_vanilla,ens_caruana_bag20_calibrated_importance,0.498861930443137,0.4152122396657471,-0.08364969077738987,0.047083457815047636,0.08513308145127829,-0.022931675284905292,-0.029160958932499,0.03668770389691407,2.7228371988747
3,23,ens_vanilla,ens_caruana_bag20_calibrated_importance,0.498861930443137,0.4148648161452291,-0.0839971142979079,0.04505223429316696,0.08513308145127829,-0.022931675284905292,-0.029160958932499,0.03668770389691407,2.7228371988747
3,24,ens_vanilla,ens_caruana_bag20_calibrated_importance,0.498861930443137,0.4200188468957465,-0.0788430835473905,0.04157104864518135,0.08513308145127829,-0.022931675284905292,-0.029160958932499,0.03668770389691407,2.7228371988747
3,28,ens_vanilla,ens_caruana_bag20_calibrated_importance,0.498861930443137,0.4148648161452291,-0.0839971142979079,0.04505223429316696,0.08513308145127829,-0.022931675284905292,-0.029160958932499,0.03668770389691407,2.7228371988747
3,29,ens_vanilla,ens_caruana_bag20_calibrated_importance,0.498861930443137,0.4189477353901447,-0.0799141950529923,0.040395066862037754,0.08513308145127829,-0.022931675284905292,-0.029160958932499,0.03668770389691407,2.7228371988747
3,30,ens_vanilla,ens_caruana_bag20_calibrated_importance,0.498861930443137,0.408442464692175,-0.09041946575096199,0.04624375663779978,0.08513308145127829,-0.022931675284905292,-0.029160958932499,0.03668770389691407,2.7228371988747
3,31,ens_vanilla,ens_caruana_bag20_calibrated_importance,0.498861930443137,0.4078471063458229,-0.0910148240973141,0.045777926143296455,0.08513308145127829,-0.022931675284905292,-0.029160958932499,0.03668770389691407,2.7228371988747
3,32,ens_vanilla,ens_caruana_bag20_calibrated_importance,0.498861930443137,0.4078471063458229,-0.0910148240973141,0.045777926143296455,0.08513308145127829,-0.022931675284905292,-0.029160958932499,0.03668770389691407,2.7228371988747
3,38,ens_vanilla,ens_caruana_bag20_calibrated_importance,0.498861930443137,0.4109513858637011,-0.08791054457943587,0.04006011484455241,0.08513308145127829,-0.022931675284905292,-0.029160958932499,0.03668770389691407,2.7228371988747
3,39,ens_vanilla,ens_caruana_bag20_calibrated_importance,0.498861930443137,0.4080327859318756,-0.0908291445112614,0.046849240560602246,0.08513308145127829,-0.022931675284905292,-0.029160958932499,0.03668770389691407,2.7228371988747
3,40,ens_vanilla,ens_caruana_bag20_calibrated_importance,0.498861930443137,0.4110413223574798,-0.08782060808565717,0.044014929433712546,0.08513308145127829,-0.022931675284905292,-0.029160958932499,0.03668770389691407,2.7228371988747
3,41,ens_vanilla,ens_caruana_bag20_calibrated_importance,0.498861930443137,0.4137047577516737,-0.08515717269146328,0.03727172353260422,0.08513308145127829,-0.022931675284905292,-0.029160958932499,0.03668770389691407,2.7228371988747
3,42,ens_vanilla,ens_caruana_bag20_calibrated_importance,0.498861930443137,0.409074454235369,-0.089787476207768,0.04790338217479129,0.08513308145127829,-0.022931675284905292,-0.029160958932499,0.03668770389691407,2.7228371988747
3,56,ens_vanilla,ens_swap_optuna_t10_top500_calibrated_importance,0.498861930443137,0.4134599905046804,-0.08540193993845657,0.03961387071717892,0.08513308145127829,-0.022931675284905292,-0.029160958932499,0.03668770389691407,2.7228371988747
7,19,ens_vanilla,ens_caruana_bag20_calibrated_importance,0.4936105473025923,0.4154008268960474,-0.07820972040654489,0.04844139175812168,0.08513308145127829,-0.022931675284905292,-0.029160958932499,0.03668770389691407,2.7228371988747
7,21,ens_vanilla,ens_caruana_bag20_calibrated_importance,0.4936105473025923,0.4154008268960474,-0.07820972040654489,0.04844139175812168,0.08513308145127829,-0.022931675284905292,-0.029160958932499,0.03668770389691407,2.7228371988747
7,22,ens_vanilla,ens_caruana_bag20_calibrated_importance,0.4936105473025923,0.4152122396657471,-0.07839830763684519,0.04875873766499739,0.08513308145127829,-0.022931675284905292,-0.029160958932499,0.03668770389691407,2.7228371988747
7,23,ens_vanilla,ens_caruana_bag20_calibrated_importance,0.4936105473025923,0.4148648161452291,-0.07874573115736322,0.04672751414311671,0.08513308145127829,-0.022931675284905292,-0.029160958932499,0.03668770389691407,2.7228371988747
7,24,ens_vanilla,ens_caruana_bag20_calibrated_importance,0.4936105473025923,0.4200188468957465,-0.07359170040684582,0.0432463284951311,0.08513308145127829,-0.022931675284905292,-0.029160958932499,0.03668770389691407,2.7228371988747
7,28,ens_vanilla,ens_caruana_bag20_calibrated_importance,0.4936105473025923,0.4148648161452291,-0.07874573115736322,0.04672751414311671,0.08513308145127829,-0.022931675284905292,-0.029160958932499,0.03668770389691407,2.7228371988747
7,29,ens_vanilla,ens_caruana_bag20_calibrated_importance,0.4936105473025923,0.4189477353901447,-0.07466281191244761,0.042070346711987505,0.08513308145127829,-0.022931675284905292,-0.029160958932499,0.03668770389691407,2.7228371988747
7,30,ens_vanilla,ens_caruana_bag20_calibrated_importance,0.4936105473025923,0.408442464692175,-0.0851680826104173,0.04791903648774953,0.08513308145127829,-0.022931675284905292,-0.029160958932499,0.03668770389691407,2.7228371988747
7,31,ens_vanilla,ens_caruana_bag20_calibrated_importance,0.4936105473025923,0.4078471063458229,-0.08576344095676941,0.047453205993246206,0.08513308145127829,-0.022931675284905292,-0.029160958932499,0.03668770389691407,2.7228371988747
7,32,ens_vanilla,ens_caruana_bag20_calibrated_importance,0.4936105473025923,0.4078471063458229,-0.08576344095676941,0.047453205993246206,0.08513308145127829,-0.022931675284905292,-0.029160958932499,0.03668770389691407,2.7228371988747
7,38,ens_vanilla,ens_caruana_bag20_calibrated_importance,0.4936105473025923,0.4109513858637011,-0.08265916143889118,0.04173539469450216,0.08513308145127829,-0.022931675284905292,-0.029160958932499,0.03668770389691407,2.7228371988747
7,39,ens_vanilla,ens_caruana_bag20_calibrated_importance,0.4936105473025923,0.4080327859318756,-0.08557776137071671,0.048524520410552,0.08513308145127829,-0.022931675284905292,-0.029160958932499,0.03668770389691407,2.7228371988747
7,40,ens_vanilla,ens_caruana_bag20_calibrated_importance,0.4936105473025923,0.4110413223574798,-0.08256922494511248,0.0456902092836623,0.08513308145127829,-0.022931675284905292,-0.029160958932499,0.03668770389691407,2.7228371988747
7,41,ens_vanilla,ens_caruana_bag20_calibrated_importance,0.4936105473025923,0.4137047577516737,-0.0799057895509186,0.03894700338255397,0.08513308145127829,-0.022931675284905292,-0.029160958932499,0.03668770389691407,2.7228371988747
7,42,ens_vanilla,ens_caruana_bag20_calibrated_importance,0.4936105473025923,0.409074454235369,-0.08453609306722332,0.04957866202474104,0.08513308145127829,-0.022931675284905292,-0.029160958932499,0.03668770389691407,2.7228371988747
7,56,ens_vanilla,ens_swap_optuna_t10_top500_calibrated_importance,0.4936105473025923,0.4134599905046804,-0.08015055679791189,0.041289150567128674,0.08513308145127829,-0.022931675284905292,-0.029160958932499,0.03668770389691407,2.7228371988747
10,19,ens_vanilla,ens_caruana_bag20_calibrated_importance,0.4772064783754661,0.4154008268960474,-0.06180565147941869,0.03746487365884077,0.08513308145127829,-0.022931675284905292,-0.029160958932499,0.03668770389691407,2.7228371988747
10,21,ens_vanilla,ens_caruana_bag20_calibrated_importance,0.4772064783754661,0.4154008268960474,-0.06180565147941869,0.03746487365884077,0.08513308145127829,-0.022931675284905292,-0.029160958932499,0.03668770389691407,2.7228371988747
10,22,ens_vanilla,ens_caruana_bag20_calibrated_importance,0.4772064783754661,0.4152122396657471,-0.061994238709718985,0.03778221956571648,0.08513308145127829,-0.022931675284905292,-0.029160958932499,0.03668770389691407,2.7228371988747
10,23,ens_vanilla,ens_caruana_bag20_calibrated_importance,0.4772064783754661,0.4148648161452291,-0.062341662230237016,0.0357509960438358,0.08513308145127829,-0.022931675284905292,-0.029160958932499,0.03668770389691407,2.7228371988747
10,24,ens_vanilla,ens_caruana_bag20_calibrated_importance,0.4772064783754661,0.4200188468957465,-0.057187631479719614,0.032269810395850196,0.08513308145127829,-0.022931675284905292,-0.029160958932499,0.03668770389691407,2.7228371988747
10,28,ens_vanilla,ens_caruana_bag20_calibrated_importance,0.4772064783754661,0.4148648161452291,-0.062341662230237016,0.0357509960438358,0.08513308145127829,-0.022931675284905292,-0.029160958932499,0.03668770389691407,2.7228371988747
10,29,ens_vanilla,ens_caruana_bag20_calibrated_importance,0.4772064783754661,0.4189477353901447,-0.05825874298532141,0.031093828612706598,0.08513308145127829,-0.022931675284905292,-0.029160958932499,0.03668770389691407,2.7228371988747
10,30,ens_vanilla,ens_caruana_bag20_calibrated_importance,0.4772064783754661,0.408442464692175,-0.0687640136832911,0.036942518388468626,0.08513308145127829,-0.022931675284905292,-0.029160958932499,0.03668770389691407,2.7228371988747
10,31,ens_vanilla,ens_caruana_bag20_calibrated_importance,0.4772064783754661,0.4078471063458229,-0.06935937202964321,0.0364766878939653,0.08513308145127829,-0.022931675284905292,-0.029160958932499,0.03668770389691407,2.7228371988747
10,32,ens_vanilla,ens_caruana_bag20_calibrated_importance,0.4772064783754661,0.4078471063458229,-0.06935937202964321,0.0364766878939653,0.08513308145127829,-0.022931675284905292,-0.029160958932499,0.03668770389691407,2.7228371988747
10,38,ens_vanilla,ens_caruana_bag20_calibrated_importance,0.4772064783754661,0.4109513858637011,-0.06625509251176498,0.03075887659522125,0.08513308145127829,-0.022931675284905292,-0.029160958932499,0.03668770389691407,2.7228371988747
10,39,ens_vanilla,ens_caruana_bag20_calibrated_importance,0.4772064783754661,0.4080327859318756,-0.0691736924435905,0.03754800231127109,0.08513308145127829,-0.022931675284905292,-0.029160958932499,0.03668770389691407,2.7228371988747
10,40,ens_vanilla,ens_caruana_bag20_calibrated_importance,0.4772064783754661,0.4110413223574798,-0.06616515601798628,0.03471369118438139,0.08513308145127829,-0.022931675284905292,-0.029160958932499,0.03668770389691407,2.7228371988747
10,41,ens_vanilla,ens_caruana_bag20_calibrated_importance,0.4772064783754661,0.4137047577516737,-0.06350172062379239,0.02797048528327306,0.08513308145127829,-0.022931675284905292,-0.029160958932499,0.03668770389691407,2.7228371988747
10,42,ens_vanilla,ens_caruana_bag20_calibrated_importance,0.4772064783754661,0.409074454235369,-0.06813202414009711,0.03860214392546013,0.08513308145127829,-0.022931675284905292,-0.029160958932499,0.03668770389691407,2.7228371988747
10,56,ens_vanilla,ens_swap_optuna_t10_top500_calibrated_importance,0.4772064783754661,0.4134599905046804,-0.06374648787078568,0.030312632467847767,0.08513308145127829,-0.022931675284905292,-0.029160958932499,0.03668770389691407,2.7228371988747
11,19,ens_vanilla,ens_caruana_bag20_calibrated_importance,0.478321277597625,0.4154008268960474,-0.06292045070157759,0.032984618559949275,0.08513308145127829,-0.022931675284905292,-0.029160958932499,0.03668770389691407,2.7228371988747
11,21,ens_vanilla,ens_caruana_bag20_calibrated_importance,0.478321277597625,0.4154008268960474,-0.06292045070157759,0.032984618559949275,0.08513308145127829,-0.022931675284905292,-0.029160958932499,0.03668770389691407,2.7228371988747
11,22,ens_vanilla,ens_caruana_bag20_calibrated_importance,0.478321277597625,0.4152122396657471,-0.06310903793187789,0.033301964466824985,0.08513308145127829,-0.022931675284905292,-0.029160958932499,0.03668770389691407,2.7228371988747
11,23,ens_vanilla,ens_caruana_bag20_calibrated_importance,0.478321277597625,0.4148648161452291,-0.06345646145239592,0.03127074094494431,0.08513308145127829,-0.022931675284905292,-0.029160958932499,0.03668770389691407,2.7228371988747
11,24,ens_vanilla,ens_caruana_bag20_calibrated_importance,0.478321277597625,0.4200188468957465,-0.058302430701878516,0.0277895552969587,0.08513308145127829,-0.022931675284905292,-0.029160958932499,0.03668770389691407,2.7228371988747
11,28,ens_vanilla,ens_caruana_bag20_calibrated_importance,0.478321277597625,0.4148648161452291,-0.06345646145239592,0.03127074094494431,0.08513308145127829,-0.022931675284905292,-0.029160958932499,0.03668770389691407,2.7228371988747
11,29,ens_vanilla,ens_caruana_bag20_calibrated_importance,0.478321277597625,0.4189477353901447,-0.05937354220748031,0.026613573513815103,0.08513308145127829,-0.022931675284905292,-0.029160958932499,0.03668770389691407,2.7228371988747
11,30,ens_vanilla,ens_caruana_bag20_calibrated_importance,0.478321277597625,0.408442464692175,-0.06987881290545,0.03246226328957713,0.08513308145127829,-0.022931675284905292,-0.029160958932499,0.03668770389691407,2.7228371988747
11,31,ens_vanilla,ens_caruana_bag20_calibrated_importance,0.478321277597625,0.4078471063458229,-0.07047417125180211,0.031996432795073804,0.08513308145127829,-0.022931675284905292,-0.029160958932499,0.03668770389691407,2.7228371988747
11,32,ens_vanilla,ens_caruana_bag20_calibrated_importance,0.478321277597625,0.4078471063458229,-0.07047417125180211,0.031996432795073804,0.08513308145127829,-0.022931675284905292,-0.029160958932499,0.03668770389691407,2.7228371988747
11,38,ens_vanilla,ens_caruana_bag20_calibrated_importance,0.478321277597625,0.4109513858637011,-0.06736989173392388,0.026278621496329757,0.08513308145127829,-0.022931675284905292,-0.029160958932499,0.03668770389691407,2.7228371988747
11,39,ens_vanilla,ens_caruana_bag20_calibrated_importance,0.478321277597625,0.4080327859318756,-0.07028849166574941,0.033067747212379595,0.08513308145127829,-0.022931675284905292,-0.029160958932499,0.03668770389691407,2.7228371988747
11,40,ens_vanilla,ens_caruana_bag20_calibrated_importance,0.478321277597625,0.4110413223574798,-0.06727995524014518,0.030233436085489895,0.08513308145127829,-0.022931675284905292,-0.029160958932499,0.03668770389691407,2.7228371988747
11,41,ens_vanilla,ens_caruana_bag20_calibrated_importance,0.478321277597625,0.4137047577516737,-0.06461651984595129,0.023490230184381566,0.08513308145127829,-0.022931675284905292,-0.029160958932499,0.03668770389691407,2.7228371988747
11,42,ens_vanilla,ens_caruana_bag20_calibrated_importance,0.478321277597625,0.409074454235369,-0.06924682336225602,0.034121888826568636,0.08513308145127829,-0.022931675284905292,-0.029160958932499,0.03668770389691407,2.7228371988747
11,56,ens_vanilla,ens_swap_optuna_t10_top500_calibrated_importance,0.478321277597625,0.4134599905046804,-0.06486128709294459,0.025832377368956272,0.08513308145127829,-0.022931675284905292,-0.029160958932499,0.03668770389691407,2.7228371988747
16,44,ens_caruana_bag20_calibrated_best,ens_caruana_bag20_anchor_residual,0.4357788073667819,0.4090205188659963,-0.0267582885007856,0.003598950537962331,0.0615299512055106,-0.02397336003987879,-0.051718576784224965,0.06507289382672005,2.444453788626456
17,44,ens_caruana_bag20_calibrated_best,ens_caruana_bag20_anchor_residual,0.4318297602126632,0.4090205188659963,-0.022809241346666953,-0.0013348442080421963,0.0615299512055106,-0.02397336003987879,-0.051718576784224965,0.06507289382672005,2.444453788626456
18,44,ens_caruana_bag20_calibrated_best,ens_caruana_bag20_anchor_residual,0.4244185733497787,0.4090205188659963,-0.015398054483782453,-0.003294740983531441,0.0615299512055106,-0.02397336003987879,-0.051718576784224965,0.06507289382672005,2.444453788626456
26,44,ens_caruana_bag20_calibrated_best,ens_caruana_bag20_anchor_residual,0.4243494844698721,0.4090205188659963,-0.01532896560387581,0.00789403380687248,0.0615299512055106,-0.02397336003987879,-0.051718576784224965,0.06507289382672005,2.444453788626456
27,44,ens_caruana_bag20_calibrated_best,ens_caruana_bag20_anchor_residual,0.4225677355758737,0.4090205188659963,-0.013547216709877408,3.9973041801810716e-05,0.0615299512055106,-0.02397336003987879,-0.051718576784224965,0.06507289382672005,2.444453788626456
36,44,ens_caruana_bag20_calibrated_best,ens_caruana_bag20_anchor_residual,0.4145866903151991,0.4090205188659963,-0.00556617144920285,-0.0006857188083276844,0.0615299512055106,-0.02397336003987879,-0.051718576784224965,0.06507289382672005,2.444453788626456
44,50,ens_caruana_bag20_anchor_residual,ens_internal_decor_cap101_bf50_b40_i1_l20,0.4090205188659963,0.4092437336283291,0.0002232147623328351,0.0010391628825469068,0.030927790214004398,-0.026178100336839327,0.0015275376374260814,-0.10548984941955204,-1.0541604733927457
16,54,ens_caruana_bag20_calibrated_best,ens_id51_plus_potent_noaux_a30_delta_g050,0.4357788073667819,0.409582091172509,-0.026196716194272884,0.0037010108694875976,0.06678075350883925,-0.03280251712995509,-0.0676690951971587,0.05415783333887063,2.433625749227501
17,54,ens_caruana_bag20_calibrated_best,ens_id51_plus_potent_noaux_a30_delta_g050,0.4318297602126632,0.409582091172509,-0.02224766904015424,-0.0012327838765169297,0.06678075350883925,-0.03280251712995509,-0.0676690951971587,0.05415783333887063,2.433625749227501
18,54,ens_caruana_bag20_calibrated_best,ens_id51_plus_potent_noaux_a30_delta_g050,0.4244185733497787,0.409582091172509,-0.014836482177269739,-0.0031926806520061746,0.06678075350883925,-0.03280251712995509,-0.0676690951971587,0.05415783333887063,2.433625749227501
26,54,ens_caruana_bag20_calibrated_best,ens_id51_plus_potent_noaux_a30_delta_g050,0.4243494844698721,0.409582091172509,-0.014767393297363096,0.007996094138397747,0.06678075350883925,-0.03280251712995509,-0.0676690951971587,0.05415783333887063,2.433625749227501
27,54,ens_caruana_bag20_calibrated_best,ens_id51_plus_potent_noaux_a30_delta_g050,0.4225677355758737,0.409582091172509,-0.012985644403364693,0.00014203337332707733,0.06678075350883925,-0.03280251712995509,-0.0676690951971587,0.05415783333887063,2.433625749227501
36,54,ens_caruana_bag20_calibrated_best,ens_id51_plus_potent_noaux_a30_delta_g050,0.4145866903151991,0.409582091172509,-0.005004599142690136,-0.0005836584768024178,0.06678075350883925,-0.03280251712995509,-0.0676690951971587,0.05415783333887063,2.433625749227501
16,50,ens_caruana_bag20_calibrated_best,ens_internal_decor_cap101_bf50_b40_i1_l20,0.4357788073667819,0.4092437336283291,-0.026535073738452764,0.004638113420509238,0.052062538477784276,-0.03833535601444554,-0.050248260147641104,0.04918034472458796,1.3902933152337105
17,50,ens_caruana_bag20_calibrated_best,ens_internal_decor_cap101_bf50_b40_i1_l20,0.4318297602126632,0.4092437336283291,-0.022586026584334118,-0.00029568132549528947,0.052062538477784276,-0.03833535601444554,-0.050248260147641104,0.04918034472458796,1.3902933152337105
18,50,ens_caruana_bag20_calibrated_best,ens_internal_decor_cap101_bf50_b40_i1_l20,0.4244185733497787,0.4092437336283291,-0.015174839721449618,-0.0022555781009845344,0.052062538477784276,-0.03833535601444554,-0.050248260147641104,0.04918034472458796,1.3902933152337105
26,50,ens_caruana_bag20_calibrated_best,ens_internal_decor_cap101_bf50_b40_i1_l20,0.4243494844698721,0.4092437336283291,-0.015105750841542975,0.008933196689419387,0.052062538477784276,-0.03833535601444554,-0.050248260147641104,0.04918034472458796,1.3902933152337105
27,50,ens_caruana_bag20_calibrated_best,ens_internal_decor_cap101_bf50_b40_i1_l20,0.4225677355758737,0.4092437336283291,-0.013324001947544573,0.0010791359243487175,0.052062538477784276,-0.03833535601444554,-0.050248260147641104,0.04918034472458796,1.3902933152337105
36,50,ens_caruana_bag20_calibrated_best,ens_internal_decor_cap101_bf50_b40_i1_l20,0.4145866903151991,0.4092437336283291,-0.005342956686870015,0.0003534440742192224,0.052062538477784276,-0.03833535601444554,-0.050248260147641104,0.04918034472458796,1.3902933152337105
44,54,ens_caruana_bag20_anchor_residual,ens_id51_plus_potent_noaux_a30_delta_g050,0.4090205188659963,0.409582091172509,0.0005615723065127143,0.00010206033152526661,0.014573540923267965,-0.04100344480138884,-0.11364809553237185,-0.0045636137867543745,-0.010828039398955363
44,47,ens_caruana_bag20_anchor_residual,ens_hybrid_meta_baseline_5050,0.4090205188659963,0.4074838675224626,-0.0015366513435337015,0.002288903892906591,0.02820529077869457,-0.043494947828501704,-0.05740962343531393,-0.008842341122157924,-0.07385309463934357
16,43,ens_caruana_bag20_calibrated_best,ens_hybrid_meta_baseline_5050,0.4357788073667819,0.4074838675224626,-0.0282949398443193,0.005887854430868922,0.06746103880781898,-0.04482960779224983,-0.0805653839657946,0.05312980622608,2.3706006939871127
16,47,ens_caruana_bag20_calibrated_best,ens_hybrid_meta_baseline_5050,0.4357788073667819,0.4074838675224626,-0.0282949398443193,0.005887854430868922,0.06746103880781898,-0.04482960779224983,-0.0805653839657946,0.05312980622608,2.3706006939871127
17,43,ens_caruana_bag20_calibrated_best,ens_hybrid_meta_baseline_5050,0.4318297602126632,0.4074838675224626,-0.024345892690200654,0.0009540596848643945,0.06746103880781898,-0.04482960779224983,-0.0805653839657946,0.05312980622608,2.3706006939871127
17,47,ens_caruana_bag20_calibrated_best,ens_hybrid_meta_baseline_5050,0.4318297602126632,0.4074838675224626,-0.024345892690200654,0.0009540596848643945,0.06746103880781898,-0.04482960779224983,-0.0805653839657946,0.05312980622608,2.3706006939871127
18,43,ens_caruana_bag20_calibrated_best,ens_hybrid_meta_baseline_5050,0.4244185733497787,0.4074838675224626,-0.016934705827316154,-0.0010058370906248504,0.06746103880781898,-0.04482960779224983,-0.0805653839657946,0.05312980622608,2.3706006939871127
18,47,ens_caruana_bag20_calibrated_best,ens_hybrid_meta_baseline_5050,0.4244185733497787,0.4074838675224626,-0.016934705827316154,-0.0010058370906248504,0.06746103880781898,-0.04482960779224983,-0.0805653839657946,0.05312980622608,2.3706006939871127
26,43,ens_caruana_bag20_calibrated_best,ens_hybrid_meta_baseline_5050,0.4243494844698721,0.4074838675224626,-0.016865616947409512,0.010182937699779071,0.06746103880781898,-0.04482960779224983,-0.0805653839657946,0.05312980622608,2.3706006939871127
26,47,ens_caruana_bag20_calibrated_best,ens_hybrid_meta_baseline_5050,0.4243494844698721,0.4074838675224626,-0.016865616947409512,0.010182937699779071,0.06746103880781898,-0.04482960779224983,-0.0805653839657946,0.05312980622608,2.3706006939871127
27,43,ens_caruana_bag20_calibrated_best,ens_hybrid_meta_baseline_5050,0.4225677355758737,0.4074838675224626,-0.01508386805341111,0.0023288769347084015,0.06746103880781898,-0.04482960779224983,-0.0805653839657946,0.05312980622608,2.3706006939871127
27,47,ens_caruana_bag20_calibrated_best,ens_hybrid_meta_baseline_5050,0.4225677355758737,0.4074838675224626,-0.01508386805341111,0.0023288769347084015,0.06746103880781898,-0.04482960779224983,-0.0805653839657946,0.05312980622608,2.3706006939871127
36,43,ens_caruana_bag20_calibrated_best,ens_hybrid_meta_baseline_5050,0.4145866903151991,0.4074838675224626,-0.007102822792736552,0.0016031850845789064,0.06746103880781898,-0.04482960779224983,-0.0805653839657946,0.05312980622608,2.3706006939871127
36,47,ens_caruana_bag20_calibrated_best,ens_hybrid_meta_baseline_5050,0.4145866903151991,0.4074838675224626,-0.007102822792736552,0.0016031850845789064,0.06746103880781898,-0.04482960779224983,-0.0805653839657946,0.05312980622608,2.3706006939871127
48,54,ens_meta_axis_a343,ens_id51_plus_potent_noaux_a30_delta_g050,0.4074004936698981,0.409582091172509,0.002181597502610877,-0.0023201457205149767,0.024833602295835696,-0.054361865978286815,-0.1768089463265571,-0.003775566393574196,-0.01899507201715858
51,54,ens_meta_axis_reverse_id50_g10,ens_id51_plus_potent_noaux_a30_delta_g050,0.4073264585428647,0.409582091172509,0.0022556326296442886,-0.0021435138137205767,0.02462032451604361,-0.06038233959219368,-0.19224673074672233,-0.025153471992817873,-0.12522782261825668
4,6,lgbm_mordred_jazzy_analog,lgbm_mordred_jazzy_umap,0.5800392896586687,0.5736643023301617,-0.0063749873285069425,0.0036447829269100618,0.1005052199139383,-0.06887300020447844,-0.059799047854308354,-0.004891222982967692,-0.5213945301109293
2,20,ens_l2_a0.1,ens_caruana_bag20_calibrated_blend,0.498861930443137,0.4168366368422205,-0.08202529360091648,0.046766111908171926,0.09023297183676522,-0.07146954416213457,-0.09945442157551027,0.015611956883480854,1.378685926154443
9,20,ens_l2_a0.1,ens_caruana_bag20_calibrated_blend,0.4958329809469373,0.4168366368422205,-0.07899634410471679,0.050672255746453065,0.09023297183676522,-0.07146954416213457,-0.09945442157551027,0.015611956883480854,1.378685926154443
46,51,ens_region_v2_blend_a8,ens_meta_axis_reverse_id50_g10,0.4091592405210825,0.4073264585428647,-0.00183278197821779,0.003475068059317299,0.049014709918394156,-0.0756921411673649,-0.07998622099503683,0.005714588527324393,0.1491403983230276
48,50,ens_meta_axis_a343,ens_internal_decor_cap101_bf50_b40_i1_l20,0.4074004936698981,0.4092437336283291,0.0018432399584309977,-0.0013830431694933365,0.023666117052823985,-0.07665417906288093,-0.05931186936725364,-0.2008277089322577,-1.062327506010949
46,48,ens_region_v2_blend_a8,ens_meta_axis_a343,0.4091592405210825,0.4074004936698981,-0.0017587468511843785,0.003651699966111699,0.04919532804512976,-0.07768416363521198,-0.08009474358284106,0.0016331127463065614,0.042907647721929516
3,58,ens_vanilla,ens_id55_combo_gate_rank1,0.498861930443137,0.4075200760754026,-0.0913418543677344,0.044989087434310626,0.11683168074902152,-0.08082007082965277,-0.10997232743064983,0.01851760527190679,2.7212481268069237
7,58,ens_vanilla,ens_id55_combo_gate_rank1,0.4936105473025923,0.4075200760754026,-0.08609047122718971,0.04666436728426038,0.11683168074902152,-0.08082007082965277,-0.10997232743064983,0.01851760527190679,2.7212481268069237
10,58,ens_vanilla,ens_id55_combo_gate_rank1,0.4772064783754661,0.4075200760754026,-0.06968640230006351,0.03568784918497947,0.11683168074902152,-0.08082007082965277,-0.10997232743064983,0.01851760527190679,2.7212481268069237
11,58,ens_vanilla,ens_id55_combo_gate_rank1,0.478321277597625,0.4075200760754026,-0.07080120152222241,0.031207594086087975,0.11683168074902152,-0.08082007082965277,-0.10997232743064983,0.01851760527190679,2.7212481268069237
3,45,ens_vanilla,ens_caruana_bag20_admet_ai_no_log2fc_calibrated_importance,0.498861930443137,0.4093625824408419,-0.08949934800229509,0.04319353418658323,0.1017431157212084,-0.08325641439566288,-0.08764251305436224,0.01758923084002422,1.9105039167073041
7,45,ens_vanilla,ens_caruana_bag20_admet_ai_no_log2fc_calibrated_importance,0.4936105473025923,0.4093625824408419,-0.0842479648617504,0.04486881403653298,0.1017431157212084,-0.08325641439566288,-0.08764251305436224,0.01758923084002422,1.9105039167073041
10,45,ens_vanilla,ens_caruana_bag20_admet_ai_no_log2fc_calibrated_importance,0.4772064783754661,0.4093625824408419,-0.0678438959346242,0.03389229593725207,0.1017431157212084,-0.08325641439566288,-0.08764251305436224,0.01758923084002422,1.9105039167073041
11,45,ens_vanilla,ens_caruana_bag20_admet_ai_no_log2fc_calibrated_importance,0.478321277597625,0.4093625824408419,-0.0689586951567831,0.029412040838360576,0.1017431157212084,-0.08325641439566288,-0.08764251305436224,0.01758923084002422,1.9105039167073041
53,57,ens_repooled_trunk_core_only_calibrated_importance,ens_id51_top500_potent46_t40_soft_g50,0.4105644448288402,0.4073887188823258,-0.003175725946514385,0.0038369588309405955,0.04445248504416905,-0.08551897137156053,-0.17168639830534643,0.01041818597427922,0.25422705041549154
3,53,ens_vanilla,ens_repooled_trunk_core_only_calibrated_importance,0.498861930443137,0.4105644448288402,-0.08829748561429679,0.04180814384747855,0.09846786417342546,-0.08894280982075285,-0.09162688932893533,0.017466659763597486,1.7836911825930297
7,53,ens_vanilla,ens_repooled_trunk_core_only_calibrated_importance,0.4936105473025923,0.4105644448288402,-0.0830461024737521,0.0434834236974283,0.09846786417342546,-0.08894280982075285,-0.09162688932893533,0.017466659763597486,1.7836911825930297
10,53,ens_vanilla,ens_repooled_trunk_core_only_calibrated_importance,0.4772064783754661,0.4105644448288402,-0.0666420335466259,0.032506905598147395,0.09846786417342546,-0.08894280982075285,-0.09162688932893533,0.017466659763597486,1.7836911825930297
11,53,ens_vanilla,ens_repooled_trunk_core_only_calibrated_importance,0.478321277597625,0.4105644448288402,-0.0677568327687848,0.0280266504992559,0.09846786417342546,-0.08894280982075285,-0.09162688932893533,0.017466659763597486,1.7836911825930297
13,20,ens_caruana_bag20,ens_caruana_bag20_calibrated_blend,0.4414270025507814,0.4168366368422205,-0.02459036570856088,0.005371608627985802,0.08949346941863633,-0.09161664169912231,-0.12866809147922845,0.013747922805829128,1.188270519266092
14,20,ens_caruana_bag20,ens_caruana_bag20_calibrated_blend,0.4430377590818476,0.4168366368422205,-0.026201122239627117,0.007129089572619707,0.08949346941863633,-0.09161664169912231,-0.12866809147922845,0.013747922805829128,1.188270519266092
15,20,ens_caruana_bag20,ens_caruana_bag20_calibrated_blend,0.4423088470924464,0.4168366368422205,-0.02547221025022589,0.0052728551111654864,0.08949346941863633,-0.09161664169912231,-0.12866809147922845,0.013747922805829128,1.188270519266092
46,50,ens_region_v2_blend_a8,ens_internal_decor_cap101_bf50_b40_i1_l20,0.4091592405210825,0.4092437336283291,8.449310724661929e-05,0.0022686567966183624,0.05752727859028543,-0.09162460107438866,-0.08999097004213075,-0.030119576039666127,-1.0194198582890193
52,57,ens_repooled_trunk_swap_core_calibrated_importance,ens_id51_top500_potent46_t40_soft_g50,0.4087104501774921,0.4073887188823258,-0.001321731295166273,0.0009815042087671921,0.03047497893488169,-0.09351400501778356,-0.19628297236196027,0.022928208133619194,0.25905883635799526
3,52,ens_vanilla,ens_repooled_trunk_swap_core_calibrated_importance,0.498861930443137,0.4087104501774921,-0.0901514802656449,0.044663598469651955,0.10469347187502709,-0.09433759638805118,-0.10541085528222956,0.015427922714484569,1.7788593966505257
7,52,ens_vanilla,ens_repooled_trunk_swap_core_calibrated_importance,0.4936105473025923,0.4087104501774921,-0.08490009712510022,0.046338878319601706,0.10469347187502709,-0.09433759638805118,-0.10541085528222956,0.015427922714484569,1.7788593966505257
10,52,ens_vanilla,ens_repooled_trunk_swap_core_calibrated_importance,0.4772064783754661,0.4087104501774921,-0.06849602819797401,0.0353623602203208,0.10469347187502709,-0.09433759638805118,-0.10541085528222956,0.015427922714484569,1.7788593966505257
11,52,ens_vanilla,ens_repooled_trunk_swap_core_calibrated_importance,0.478321277597625,0.4087104501774921,-0.06961082742013291,0.030882105121429304,0.10469347187502709,-0.09433759638805118,-0.10541085528222956,0.015427922714484569,1.7788593966505257
46,54,ens_region_v2_blend_a8,ens_id51_plus_potent_noaux_a30_delta_g050,0.4091592405210825,0.409582091172509,0.00042285065142649847,0.0013315542455967222,0.05072324095052939,-0.09894023805534415,-0.10916296503121643,0.0008589634243784316,0.023912575704771014
45,52,ens_caruana_bag20_admet_ai_no_log2fc_calibrated_importance,ens_repooled_trunk_swap_core_calibrated_importance,0.4093625824408419,0.4087104501774921,-0.0006521322633498139,0.0014700642830687283,0.013515359732559427,-0.09928074269360113,-0.1232083247847456,-0.06634796871084601,-0.13164452005677812
3,57,ens_vanilla,ens_id51_top500_potent46_t40_soft_g50,0.498861930443137,0.4073887188823258,-0.09147321156081117,0.04564510267841915,0.12037259564102783,-0.10806037130488959,-0.14062178405665055,0.013060618434689681,2.037918233008521
7,57,ens_vanilla,ens_id51_top500_potent46_t40_soft_g50,0.4936105473025923,0.4073887188823258,-0.08622182842026649,0.0473203825283689,0.12037259564102783,-0.10806037130488959,-0.14062178405665055,0.013060618434689681,2.037918233008521
10,57,ens_vanilla,ens_id51_top500_potent46_t40_soft_g50,0.4772064783754661,0.4073887188823258,-0.06981775949314029,0.03634386442908799,0.12037259564102783,-0.10806037130488959,-0.14062178405665055,0.013060618434689681,2.037918233008521
11,57,ens_vanilla,ens_id51_top500_potent46_t40_soft_g50,0.478321277597625,0.4073887188823258,-0.07093255871529919,0.031863609330196496,0.12037259564102783,-0.10806037130488959,-0.14062178405665055,0.013060618434689681,2.037918233008521
46,47,ens_region_v2_blend_a8,ens_hybrid_meta_baseline_5050,0.4091592405210825,0.4074838675224626,-0.0016753729986199173,0.0035183978069780464,0.05169576681922103,-0.10952562618594971,-0.11506358712135072,-0.0013722532063198073,-0.03911247953561725
45,46,ens_caruana_bag20_admet_ai_no_log2fc_calibrated_importance,ens_region_v2_blend_a8,0.4093625824408419,0.4091592405210825,-0.0002033419197594033,0.0006691792343140879,0.04673230364540687,-0.11146282036908402,-0.15597514635980964,-0.019504250508235003,-0.48839542538598885
45,57,ens_caruana_bag20_admet_ai_no_log2fc_calibrated_importance,ens_id51_top500_potent46_t40_soft_g50,0.4093625824408419,0.4073887188823258,-0.001973863558516087,0.0024515684918359204,0.036200217835140665,-0.11262993987204557,-0.21098360183613588,0.00786401924091756,0.1274143163012172
3,46,ens_vanilla,ens_region_v2_blend_a8,0.498861930443137,0.4091592405210825,-0.08970268992205449,0.043862713420897315,0.12163701270336987,-0.11377128844206971,-0.14589922340772724,0.008994683630892003,1.4221084913213151
7,46,ens_vanilla,ens_region_v2_blend_a8,0.4936105473025923,0.4091592405210825,-0.0844513067815098,0.045537993270847066,0.12163701270336987,-0.11377128844206971,-0.14589922340772724,0.008994683630892003,1.4221084913213151
10,46,ens_vanilla,ens_region_v2_blend_a8,0.4772064783754661,0.4091592405210825,-0.0680472378543836,0.03456147517156616,0.12163701270336987,-0.11377128844206971,-0.14589922340772724,0.008994683630892003,1.4221084913213151
11,46,ens_vanilla,ens_region_v2_blend_a8,0.478321277597625,0.4091592405210825,-0.0691620370765425,0.030081220072674664,0.12163701270336987,-0.11377128844206971,-0.14589922340772724,0.008994683630892003,1.4221084913213151
43,49,ens_hybrid_meta_baseline_5050,ens_resid_lowd_core_ridge_a10p0_s50_hybrid,0.4074838675224626,0.4196878176889805,0.01220395016651793,-0.0072943266637844895,0.06769162416463355,-0.12076161904862306,-0.23291883559988336,-0.03870479248601906,-1.567628279807241
47,49,ens_hybrid_meta_baseline_5050,ens_resid_lowd_core_ridge_a10p0_s50_hybrid,0.4074838675224626,0.4196878176889805,0.01220395016651793,-0.0072943266637844895,0.06769162416463355,-0.12076161904862306,-0.23291883559988336,-0.03870479248601906,-1.567628279807241
3,55,ens_vanilla,ens_id51_top500_potent46_t40_soft_g35,0.498861930443137,0.4070801895382421,-0.09178174090489488,0.0458251459567276,0.11939892766378865,-0.12244794379883593,-0.15238380037509372,0.012440851480421464,1.8979174299992687
7,55,ens_vanilla,ens_id51_top500_potent46_t40_soft_g35,0.4936105473025923,0.4070801895382421,-0.0865303577643502,0.04750042580667735,0.11939892766378865,-0.12244794379883593,-0.15238380037509372,0.012440851480421464,1.8979174299992687
10,55,ens_vanilla,ens_id51_top500_potent46_t40_soft_g35,0.4772064783754661,0.4070801895382421,-0.070126288837224,0.03652390770739644,0.11939892766378865,-0.12244794379883593,-0.15238380037509372,0.012440851480421464,1.8979174299992687
11,55,ens_vanilla,ens_id51_top500_potent46_t40_soft_g35,0.478321277597625,0.4070801895382421,-0.0712410880593829,0.03204365260850495,0.11939892766378865,-0.12244794379883593,-0.15238380037509372,0.012440851480421464,1.8979174299992687
53,55,ens_repooled_trunk_core_only_calibrated_importance,ens_id51_top500_potent46_t40_soft_g35,0.4105644448288402,0.4070801895382421,-0.003484255290598093,0.004017002109249046,0.04127604654654107,-0.12654870929761372,-0.21037385522699692,0.0055351844724778445,0.11422624740623925
19,58,ens_caruana_bag20_calibrated_importance,ens_id55_combo_gate_rank1,0.4154008268960474,0.4075200760754026,-0.007880750820644822,-0.0017770244738612995,0.05057996841324836,-0.12806048870642434,-0.20640559291243113,-5.102559042188087e-05,-0.001589072067776715
21,58,ens_caruana_bag20_calibrated_importance,ens_id55_combo_gate_rank1,0.4154008268960474,0.4075200760754026,-0.007880750820644822,-0.0017770244738612995,0.05057996841324836,-0.12806048870642434,-0.20640559291243113,-5.102559042188087e-05,-0.001589072067776715
22,58,ens_caruana_bag20_calibrated_importance,ens_id55_combo_gate_rank1,0.4152122396657471,0.4075200760754026,-0.007692163590344525,-0.0020943703807370095,0.05057996841324836,-0.12806048870642434,-0.20640559291243113,-5.102559042188087e-05,-0.001589072067776715
23,58,ens_caruana_bag20_calibrated_importance,ens_id55_combo_gate_rank1,0.4148648161452291,0.4075200760754026,-0.007344740069826494,-6.314685885633331e-05,0.05057996841324836,-0.12806048870642434,-0.20640559291243113,-5.102559042188087e-05,-0.001589072067776715
24,58,ens_caruana_bag20_calibrated_importance,ens_id55_combo_gate_rank1,0.4200188468957465,0.4075200760754026,-0.012498770820343896,0.003418038789129274,0.05057996841324836,-0.12806048870642434,-0.20640559291243113,-5.102559042188087e-05,-0.001589072067776715
28,58,ens_caruana_bag20_calibrated_importance,ens_id55_combo_gate_rank1,0.4148648161452291,0.4075200760754026,-0.007344740069826494,-6.314685885633331e-05,0.05057996841324836,-0.12806048870642434,-0.20640559291243113,-5.102559042188087e-05,-0.001589072067776715
29,58,ens_caruana_bag20_calibrated_importance,ens_id55_combo_gate_rank1,0.4189477353901447,0.4075200760754026,-0.0114276593147421,0.004594020572272872,0.05057996841324836,-0.12806048870642434,-0.20640559291243113,-5.102559042188087e-05,-0.001589072067776715
30,58,ens_caruana_bag20_calibrated_importance,ens_id55_combo_gate_rank1,0.408442464692175,0.4075200760754026,-0.0009223886167724071,-0.001254669203489156,0.05057996841324836,-0.12806048870642434,-0.20640559291243113,-5.102559042188087e-05,-0.001589072067776715
31,58,ens_caruana_bag20_calibrated_importance,ens_id55_combo_gate_rank1,0.4078471063458229,0.4075200760754026,-0.0003270302704203032,-0.0007888387089858284,0.05057996841324836,-0.12806048870642434,-0.20640559291243113,-5.102559042188087e-05,-0.001589072067776715
32,58,ens_caruana_bag20_calibrated_importance,ens_id55_combo_gate_rank1,0.4078471063458229,0.4075200760754026,-0.0003270302704203032,-0.0007888387089858284,0.05057996841324836,-0.12806048870642434,-0.20640559291243113,-5.102559042188087e-05,-0.001589072067776715
38,58,ens_caruana_bag20_calibrated_importance,ens_id55_combo_gate_rank1,0.4109513858637011,0.4075200760754026,-0.003431309788298531,0.004928972589758218,0.05057996841324836,-0.12806048870642434,-0.20640559291243113,-5.102559042188087e-05,-0.001589072067776715
39,58,ens_caruana_bag20_calibrated_importance,ens_id55_combo_gate_rank1,0.4080327859318756,0.4075200760754026,-0.0005127098564730037,-0.0018601531262916193,0.05057996841324836,-0.12806048870642434,-0.20640559291243113,-5.102559042188087e-05,-0.001589072067776715
40,58,ens_caruana_bag20_calibrated_importance,ens_id55_combo_gate_rank1,0.4110413223574798,0.4075200760754026,-0.0035212462820772283,0.0009741580005980799,0.05057996841324836,-0.12806048870642434,-0.20640559291243113,-5.102559042188087e-05,-0.001589072067776715
41,58,ens_caruana_bag20_calibrated_importance,ens_id55_combo_gate_rank1,0.4137047577516737,0.4075200760754026,-0.00618468167627112,0.007717363901706409,0.05057996841324836,-0.12806048870642434,-0.20640559291243113,-5.102559042188087e-05,-0.001589072067776715
42,58,ens_caruana_bag20_calibrated_importance,ens_id55_combo_gate_rank1,0.409074454235369,0.4075200760754026,-0.0015543781599663964,-0.0029142947404806607,0.05057996841324836,-0.12806048870642434,-0.20640559291243113,-5.102559042188087e-05,-0.001589072067776715
56,58,ens_swap_optuna_t10_top500_calibrated_importance,ens_id55_combo_gate_rank1,0.4134599905046804,0.4075200760754026,-0.005939914429277826,0.005375216717131703,0.05057996841324836,-0.12806048870642434,-0.20640559291243113,-5.102559042188087e-05,-0.001589072067776715
16,49,ens_caruana_bag20_calibrated_best,ens_resid_lowd_core_ridge_a10p0_s50_hybrid,0.4357788073667819,0.4196878176889805,-0.01609098967780137,-0.0014064722329155677,0.07878926204604311,-0.1288927729149804,-0.18737463030801568,0.012508140671229457,0.8029724141798716
17,49,ens_caruana_bag20_calibrated_best,ens_resid_lowd_core_ridge_a10p0_s50_hybrid,0.4318297602126632,0.4196878176889805,-0.012141942523682725,-0.006340266978920095,0.07878926204604311,-0.1288927729149804,-0.18737463030801568,0.012508140671229457,0.8029724141798716
18,49,ens_caruana_bag20_calibrated_best,ens_resid_lowd_core_ridge_a10p0_s50_hybrid,0.4244185733497787,0.4196878176889805,-0.004730755660798225,-0.00830016375440934,0.07878926204604311,-0.1288927729149804,-0.18737463030801568,0.012508140671229457,0.8029724141798716
26,49,ens_caruana_bag20_calibrated_best,ens_resid_lowd_core_ridge_a10p0_s50_hybrid,0.4243494844698721,0.4196878176889805,-0.004661666780891582,0.0028886110359945816,0.07878926204604311,-0.1288927729149804,-0.18737463030801568,0.012508140671229457,0.8029724141798716
27,49,ens_caruana_bag20_calibrated_best,ens_resid_lowd_core_ridge_a10p0_s50_hybrid,0.4225677355758737,0.4196878176889805,-0.0028799178868931796,-0.004965449729076088,0.07878926204604311,-0.1288927729149804,-0.18737463030801568,0.012508140671229457,0.8029724141798716
36,49,ens_caruana_bag20_calibrated_best,ens_resid_lowd_core_ridge_a10p0_s50_hybrid,0.4145866903151991,0.4196878176889805,0.005101127373781378,-0.005691141579205583,0.07878926204604311,-0.1288927729149804,-0.18737463030801568,0.012508140671229457,0.8029724141798716
19,45,ens_caruana_bag20_calibrated_importance,ens_caruana_bag20_admet_ai_no_log2fc_calibrated_importance,0.4154008268960474,0.4093625824408419,-0.00603824445520551,-0.003572577721588699,0.04197665862679644,-0.14356617810112382,-0.18674148792020723,-0.0415515103036033,-0.8123332821673962
21,45,ens_caruana_bag20_calibrated_importance,ens_caruana_bag20_admet_ai_no_log2fc_calibrated_importance,0.4154008268960474,0.4093625824408419,-0.00603824445520551,-0.003572577721588699,0.04197665862679644,-0.14356617810112382,-0.18674148792020723,-0.0415515103036033,-0.8123332821673962
22,45,ens_caruana_bag20_calibrated_importance,ens_caruana_bag20_admet_ai_no_log2fc_calibrated_importance,0.4152122396657471,0.4093625824408419,-0.005849657224905214,-0.003889923628464409,0.04197665862679644,-0.14356617810112382,-0.18674148792020723,-0.0415515103036033,-0.8123332821673962
23,45,ens_caruana_bag20_calibrated_importance,ens_caruana_bag20_admet_ai_no_log2fc_calibrated_importance,0.4148648161452291,0.4093625824408419,-0.005502233704387183,-0.0018587001065837327,0.04197665862679644,-0.14356617810112382,-0.18674148792020723,-0.0415515103036033,-0.8123332821673962
24,45,ens_caruana_bag20_calibrated_importance,ens_caruana_bag20_admet_ai_no_log2fc_calibrated_importance,0.4200188468957465,0.4093625824408419,-0.010656264454904585,0.0016224855414018746,0.04197665862679644,-0.14356617810112382,-0.18674148792020723,-0.0415515103036033,-0.8123332821673962
28,45,ens_caruana_bag20_calibrated_importance,ens_caruana_bag20_admet_ai_no_log2fc_calibrated_importance,0.4148648161452291,0.4093625824408419,-0.005502233704387183,-0.0018587001065837327,0.04197665862679644,-0.14356617810112382,-0.18674148792020723,-0.0415515103036033,-0.8123332821673962
29,45,ens_caruana_bag20_calibrated_importance,ens_caruana_bag20_admet_ai_no_log2fc_calibrated_importance,0.4189477353901447,0.4093625824408419,-0.009585152949302789,0.0027984673245454728,0.04197665862679644,-0.14356617810112382,-0.18674148792020723,-0.0415515103036033,-0.8123332821673962
30,45,ens_caruana_bag20_calibrated_importance,ens_caruana_bag20_admet_ai_no_log2fc_calibrated_importance,0.408442464692175,0.4093625824408419,0.0009201177486669043,-0.0030502224512165554,0.04197665862679644,-0.14356617810112382,-0.18674148792020723,-0.0415515103036033,-0.8123332821673962
31,45,ens_caruana_bag20_calibrated_importance,ens_caruana_bag20_admet_ai_no_log2fc_calibrated_importance,0.4078471063458229,0.4093625824408419,0.0015154760950190083,-0.002584391956713228,0.04197665862679644,-0.14356617810112382,-0.18674148792020723,-0.0415515103036033,-0.8123332821673962
32,45,ens_caruana_bag20_calibrated_importance,ens_caruana_bag20_admet_ai_no_log2fc_calibrated_importance,0.4078471063458229,0.4093625824408419,0.0015154760950190083,-0.002584391956713228,0.04197665862679644,-0.14356617810112382,-0.18674148792020723,-0.0415515103036033,-0.8123332821673962
38,45,ens_caruana_bag20_calibrated_importance,ens_caruana_bag20_admet_ai_no_log2fc_calibrated_importance,0.4109513858637011,0.4093625824408419,-0.0015888034228592196,0.0031334193420308187,0.04197665862679644,-0.14356617810112382,-0.18674148792020723,-0.0415515103036033,-0.8123332821673962
39,45,ens_caruana_bag20_calibrated_importance,ens_caruana_bag20_admet_ai_no_log2fc_calibrated_importance,0.4080327859318756,0.4093625824408419,0.0013297965089663077,-0.0036557063740190188,0.04197665862679644,-0.14356617810112382,-0.18674148792020723,-0.0415515103036033,-0.8123332821673962
40,45,ens_caruana_bag20_calibrated_importance,ens_caruana_bag20_admet_ai_no_log2fc_calibrated_importance,0.4110413223574798,0.4093625824408419,-0.0016787399166379169,-0.0008213952471293196,0.04197665862679644,-0.14356617810112382,-0.18674148792020723,-0.0415515103036033,-0.8123332821673962
41,45,ens_caruana_bag20_calibrated_importance,ens_caruana_bag20_admet_ai_no_log2fc_calibrated_importance,0.4137047577516737,0.4093625824408419,-0.004342175310831808,0.005921810653979009,0.04197665862679644,-0.14356617810112382,-0.18674148792020723,-0.0415515103036033,-0.8123332821673962
42,45,ens_caruana_bag20_calibrated_importance,ens_caruana_bag20_admet_ai_no_log2fc_calibrated_importance,0.409074454235369,0.4093625824408419,0.00028812820547291507,-0.00470984798820806,0.04197665862679644,-0.14356617810112382,-0.18674148792020723,-0.0415515103036033,-0.8123332821673962
48,49,ens_meta_axis_a343,ens_resid_lowd_core_ridge_a10p0_s50_hybrid,0.4074004936698981,0.4196878176889805,0.01228732401908239,-0.007427628822918142,0.06694778292317531,-0.15069850837929316,-0.2551123625184999,-0.04106095916996609,-1.6496484070647874
19,46,ens_caruana_bag20_calibrated_importance,ens_region_v2_blend_a8,0.4154008268960474,0.4091592405210825,-0.006241586374964914,-0.002903398487274611,0.07316518877615405,-0.1524468229879924,-0.20140185598410223,-0.021288403529853298,-1.300728707553385
21,46,ens_caruana_bag20_calibrated_importance,ens_region_v2_blend_a8,0.4154008268960474,0.4091592405210825,-0.006241586374964914,-0.002903398487274611,0.07316518877615405,-0.1524468229879924,-0.20140185598410223,-0.021288403529853298,-1.300728707553385
22,46,ens_caruana_bag20_calibrated_importance,ens_region_v2_blend_a8,0.4152122396657471,0.4091592405210825,-0.006052999144664617,-0.003220744394150321,0.07316518877615405,-0.1524468229879924,-0.20140185598410223,-0.021288403529853298,-1.300728707553385
23,46,ens_caruana_bag20_calibrated_importance,ens_region_v2_blend_a8,0.4148648161452291,0.4091592405210825,-0.005705575624146586,-0.0011895208722696449,0.07316518877615405,-0.1524468229879924,-0.20140185598410223,-0.021288403529853298,-1.300728707553385
24,46,ens_caruana_bag20_calibrated_importance,ens_region_v2_blend_a8,0.4200188468957465,0.4091592405210825,-0.010859606374663988,0.0022916647757159625,0.07316518877615405,-0.1524468229879924,-0.20140185598410223,-0.021288403529853298,-1.300728707553385
28,46,ens_caruana_bag20_calibrated_importance,ens_region_v2_blend_a8,0.4148648161452291,0.4091592405210825,-0.005705575624146586,-0.0011895208722696449,0.07316518877615405,-0.1524468229879924,-0.20140185598410223,-0.021288403529853298,-1.300728707553385
29,46,ens_caruana_bag20_calibrated_importance,ens_region_v2_blend_a8,0.4189477353901447,0.4091592405210825,-0.009788494869062192,0.0034676465588595606,0.07316518877615405,-0.1524468229879924,-0.20140185598410223,-0.021288403529853298,-1.300728707553385
30,46,ens_caruana_bag20_calibrated_importance,ens_region_v2_blend_a8,0.408442464692175,0.4091592405210825,0.000716775828907501,-0.0023810432169024676,0.07316518877615405,-0.1524468229879924,-0.20140185598410223,-0.021288403529853298,-1.300728707553385
31,46,ens_caruana_bag20_calibrated_importance,ens_region_v2_blend_a8,0.4078471063458229,0.4091592405210825,0.001312134175259605,-0.00191521272239914,0.07316518877615405,-0.1524468229879924,-0.20140185598410223,-0.021288403529853298,-1.300728707553385
32,46,ens_caruana_bag20_calibrated_importance,ens_region_v2_blend_a8,0.4078471063458229,0.4091592405210825,0.001312134175259605,-0.00191521272239914,0.07316518877615405,-0.1524468229879924,-0.20140185598410223,-0.021288403529853298,-1.300728707553385
38,46,ens_caruana_bag20_calibrated_importance,ens_region_v2_blend_a8,0.4109513858637011,0.4091592405210825,-0.001792145342618623,0.0038025985763449066,0.07316518877615405,-0.1524468229879924,-0.20140185598410223,-0.021288403529853298,-1.300728707553385
39,46,ens_caruana_bag20_calibrated_importance,ens_region_v2_blend_a8,0.4080327859318756,0.4091592405210825,0.0011264545892069044,-0.002986527139704931,0.07316518877615405,-0.1524468229879924,-0.20140185598410223,-0.021288403529853298,-1.300728707553385
40,46,ens_caruana_bag20_calibrated_importance,ens_region_v2_blend_a8,0.4110413223574798,0.4091592405210825,-0.0018820818363973202,-0.00015221601281523167,0.07316518877615405,-0.1524468229879924,-0.20140185598410223,-0.021288403529853298,-1.300728707553385
41,46,ens_caruana_bag20_calibrated_importance,ens_region_v2_blend_a8,0.4137047577516737,0.4091592405210825,-0.004545517230591212,0.006590989888293097,0.07316518877615405,-0.1524468229879924,-0.20140185598410223,-0.021288403529853298,-1.300728707553385
42,46,ens_caruana_bag20_calibrated_importance,ens_region_v2_blend_a8,0.409074454235369,0.4091592405210825,8.478628571351177e-05,-0.004040668753893972,0.07316518877615405,-0.1524468229879924,-0.20140185598410223,-0.021288403529853298,-1.300728707553385
3,51,ens_vanilla,ens_meta_axis_reverse_id50_g10,0.498861930443137,0.4073264585428647,-0.09153547190027228,0.047337781480214614,0.11918204971634677,-0.1538599506804061,-0.1753975419519241,0.010456494890341745,1.5712488896443426
7,51,ens_vanilla,ens_meta_axis_reverse_id50_g10,0.4936105473025923,0.4073264585428647,-0.0862840887597276,0.049013061330164365,0.11918204971634677,-0.1538599506804061,-0.1753975419519241,0.010456494890341745,1.5712488896443426
10,51,ens_vanilla,ens_meta_axis_reverse_id50_g10,0.4772064783754661,0.4073264585428647,-0.06988001983260139,0.03803654323088346,0.11918204971634677,-0.1538599506804061,-0.1753975419519241,0.010456494890341745,1.5712488896443426
11,51,ens_vanilla,ens_meta_axis_reverse_id50_g10,0.478321277597625,0.4073264585428647,-0.0709948190547603,0.03355628813199196,0.11918204971634677,-0.1538599506804061,-0.1753975419519241,0.010456494890341745,1.5712488896443426
19,53,ens_caruana_bag20_calibrated_importance,ens_repooled_trunk_core_only_calibrated_importance,0.4154008268960474,0.4105644448288402,-0.004836382067207212,-0.004957968060693374,0.041376799887156944,-0.1546563670214546,-0.1970073019112094,-0.050191045740017516,-0.9391460162816704
21,53,ens_caruana_bag20_calibrated_importance,ens_repooled_trunk_core_only_calibrated_importance,0.4154008268960474,0.4105644448288402,-0.004836382067207212,-0.004957968060693374,0.041376799887156944,-0.1546563670214546,-0.1970073019112094,-0.050191045740017516,-0.9391460162816704
22,53,ens_caruana_bag20_calibrated_importance,ens_repooled_trunk_core_only_calibrated_importance,0.4152122396657471,0.4105644448288402,-0.0046477948369069155,-0.005275313967569084,0.041376799887156944,-0.1546563670214546,-0.1970073019112094,-0.050191045740017516,-0.9391460162816704
23,53,ens_caruana_bag20_calibrated_importance,ens_repooled_trunk_core_only_calibrated_importance,0.4148648161452291,0.4105644448288402,-0.004300371316388885,-0.003244090445688408,0.041376799887156944,-0.1546563670214546,-0.1970073019112094,-0.050191045740017516,-0.9391460162816704
24,53,ens_caruana_bag20_calibrated_importance,ens_repooled_trunk_core_only_calibrated_importance,0.4200188468957465,0.4105644448288402,-0.009454402066906287,0.0002370952022971995,0.041376799887156944,-0.1546563670214546,-0.1970073019112094,-0.050191045740017516,-0.9391460162816704
28,53,ens_caruana_bag20_calibrated_importance,ens_repooled_trunk_core_only_calibrated_importance,0.4148648161452291,0.4105644448288402,-0.004300371316388885,-0.003244090445688408,0.041376799887156944,-0.1546563670214546,-0.1970073019112094,-0.050191045740017516,-0.9391460162816704
29,53,ens_caruana_bag20_calibrated_importance,ens_repooled_trunk_core_only_calibrated_importance,0.4189477353901447,0.4105644448288402,-0.00838329056130449,0.0014130769854407976,0.041376799887156944,-0.1546563670214546,-0.1970073019112094,-0.050191045740017516,-0.9391460162816704
30,53,ens_caruana_bag20_calibrated_importance,ens_repooled_trunk_core_only_calibrated_importance,0.408442464692175,0.4105644448288402,0.0021219801366652025,-0.004435612790321231,0.041376799887156944,-0.1546563670214546,-0.1970073019112094,-0.050191045740017516,-0.9391460162816704
31,53,ens_caruana_bag20_calibrated_importance,ens_repooled_trunk_core_only_calibrated_importance,0.4078471063458229,0.4105644448288402,0.0027173384830173064,-0.003969782295817903,0.041376799887156944,-0.1546563670214546,-0.1970073019112094,-0.050191045740017516,-0.9391460162816704
32,53,ens_caruana_bag20_calibrated_importance,ens_repooled_trunk_core_only_calibrated_importance,0.4078471063458229,0.4105644448288402,0.0027173384830173064,-0.003969782295817903,0.041376799887156944,-0.1546563670214546,-0.1970073019112094,-0.050191045740017516,-0.9391460162816704
38,53,ens_caruana_bag20_calibrated_importance,ens_repooled_trunk_core_only_calibrated_importance,0.4109513858637011,0.4105644448288402,-0.00038694103486092146,0.0017480290029261436,0.041376799887156944,-0.1546563670214546,-0.1970073019112094,-0.050191045740017516,-0.9391460162816704
39,53,ens_caruana_bag20_calibrated_importance,ens_repooled_trunk_core_only_calibrated_importance,0.4080327859318756,0.4105644448288402,0.002531658896964606,-0.005041096713123694,0.041376799887156944,-0.1546563670214546,-0.1970073019112094,-0.050191045740017516,-0.9391460162816704
40,53,ens_caruana_bag20_calibrated_importance,ens_repooled_trunk_core_only_calibrated_importance,0.4110413223574798,0.4105644448288402,-0.00047687752863961874,-0.0022067855862339947,0.041376799887156944,-0.1546563670214546,-0.1970073019112094,-0.050191045740017516,-0.9391460162816704
41,53,ens_caruana_bag20_calibrated_importance,ens_repooled_trunk_core_only_calibrated_importance,0.4137047577516737,0.4105644448288402,-0.0031403129228335103,0.004536420314874334,0.041376799887156944,-0.1546563670214546,-0.1970073019112094,-0.050191045740017516,-0.9391460162816704
42,53,ens_caruana_bag20_calibrated_importance,ens_repooled_trunk_core_only_calibrated_importance,0.409074454235369,0.4105644448288402,0.0014899905934712132,-0.006095238327312735,0.041376799887156944,-0.1546563670214546,-0.1970073019112094,-0.050191045740017516,-0.9391460162816704
3,48,ens_vanilla,ens_meta_axis_a343,0.498861930443137,0.4074004936698981,-0.09146143677323887,0.047514413387009014,0.11826480930680425,-0.15525346936493417,-0.17671846385724502,0.009871943249594546,1.4650161390432443
7,48,ens_vanilla,ens_meta_axis_a343,0.4936105473025923,0.4074004936698981,-0.08621005363269418,0.049189693236958765,0.11826480930680425,-0.15525346936493417,-0.17671846385724502,0.009871943249594546,1.4650161390432443
10,48,ens_vanilla,ens_meta_axis_a343,0.4772064783754661,0.4074004936698981,-0.06980598470556798,0.03821317513767786,0.11826480930680425,-0.15525346936493417,-0.17671846385724502,0.009871943249594546,1.4650161390432443
11,48,ens_vanilla,ens_meta_axis_a343,0.478321277597625,0.4074004936698981,-0.07092078392772688,0.03373292003878636,0.11826480930680425,-0.15525346936493417,-0.17671846385724502,0.009871943249594546,1.4650161390432443
52,55,ens_repooled_trunk_swap_core_calibrated_importance,ens_id51_top500_potent46_t40_soft_g35,0.4087104501774921,0.4070801895382421,-0.0016302606392499808,0.0011615474870756426,0.027673032398968504,-0.15679928337077217,-0.24315857598212737,0.01327203482925451,0.11905803334874303
19,52,ens_caruana_bag20_calibrated_importance,ens_repooled_trunk_swap_core_calibrated_importance,0.4154008268960474,0.4087104501774921,-0.006690376718555324,-0.0021025134385199706,0.043685894535866215,-0.16526494732934585,-0.21556762413267133,-0.04285909259875972,-0.9439778022241743
21,52,ens_caruana_bag20_calibrated_importance,ens_repooled_trunk_swap_core_calibrated_importance,0.4154008268960474,0.4087104501774921,-0.006690376718555324,-0.0021025134385199706,0.043685894535866215,-0.16526494732934585,-0.21556762413267133,-0.04285909259875972,-0.9439778022241743
22,52,ens_caruana_bag20_calibrated_importance,ens_repooled_trunk_swap_core_calibrated_importance,0.4152122396657471,0.4087104501774921,-0.0065017894882550276,-0.0024198593453956807,0.043685894535866215,-0.16526494732934585,-0.21556762413267133,-0.04285909259875972,-0.9439778022241743
23,52,ens_caruana_bag20_calibrated_importance,ens_repooled_trunk_swap_core_calibrated_importance,0.4148648161452291,0.4087104501774921,-0.006154365967736997,-0.0003886358235150045,0.043685894535866215,-0.16526494732934585,-0.21556762413267133,-0.04285909259875972,-0.9439778022241743
24,52,ens_caruana_bag20_calibrated_importance,ens_repooled_trunk_swap_core_calibrated_importance,0.4200188468957465,0.4087104501774921,-0.011308396718254399,0.003092549824470603,0.043685894535866215,-0.16526494732934585,-0.21556762413267133,-0.04285909259875972,-0.9439778022241743
28,52,ens_caruana_bag20_calibrated_importance,ens_repooled_trunk_swap_core_calibrated_importance,0.4148648161452291,0.4087104501774921,-0.006154365967736997,-0.0003886358235150045,0.043685894535866215,-0.16526494732934585,-0.21556762413267133,-0.04285909259875972,-0.9439778022241743
29,52,ens_caruana_bag20_calibrated_importance,ens_repooled_trunk_swap_core_calibrated_importance,0.4189477353901447,0.4087104501774921,-0.010237285212652603,0.004268531607614201,0.043685894535866215,-0.16526494732934585,-0.21556762413267133,-0.04285909259875972,-0.9439778022241743
30,52,ens_caruana_bag20_calibrated_importance,ens_repooled_trunk_swap_core_calibrated_importance,0.408442464692175,0.4087104501774921,0.00026798548531709043,-0.0015801581681478272,0.043685894535866215,-0.16526494732934585,-0.21556762413267133,-0.04285909259875972,-0.9439778022241743
31,52,ens_caruana_bag20_calibrated_importance,ens_repooled_trunk_swap_core_calibrated_importance,0.4078471063458229,0.4087104501774921,0.0008633438316691944,-0.0011143276736444996,0.043685894535866215,-0.16526494732934585,-0.21556762413267133,-0.04285909259875972,-0.9439778022241743
32,52,ens_caruana_bag20_calibrated_importance,ens_repooled_trunk_swap_core_calibrated_importance,0.4078471063458229,0.4087104501774921,0.0008633438316691944,-0.0011143276736444996,0.043685894535866215,-0.16526494732934585,-0.21556762413267133,-0.04285909259875972,-0.9439778022241743
38,52,ens_caruana_bag20_calibrated_importance,ens_repooled_trunk_swap_core_calibrated_importance,0.4109513858637011,0.4087104501774921,-0.0022409356862090335,0.004603483625099547,0.043685894535866215,-0.16526494732934585,-0.21556762413267133,-0.04285909259875972,-0.9439778022241743
39,52,ens_caruana_bag20_calibrated_importance,ens_repooled_trunk_swap_core_calibrated_importance,0.4080327859318756,0.4087104501774921,0.0006776642456164939,-0.0021856420909502905,0.043685894535866215,-0.16526494732934585,-0.21556762413267133,-0.04285909259875972,-0.9439778022241743
40,52,ens_caruana_bag20_calibrated_importance,ens_repooled_trunk_swap_core_calibrated_importance,0.4110413223574798,0.4087104501774921,-0.0023308721799877308,0.0006486690359394087,0.043685894535866215,-0.16526494732934585,-0.21556762413267133,-0.04285909259875972,-0.9439778022241743
41,52,ens_caruana_bag20_calibrated_importance,ens_repooled_trunk_swap_core_calibrated_importance,0.4137047577516737,0.4087104501774921,-0.004994307574181622,0.007391874937047738,0.043685894535866215,-0.16526494732934585,-0.21556762413267133,-0.04285909259875972,-0.9439778022241743
42,52,ens_caruana_bag20_calibrated_importance,ens_repooled_trunk_swap_core_calibrated_importance,0.409074454235369,0.4087104501774921,-0.0003640040578768988,-0.003239783705139332,0.043685894535866215,-0.16526494732934585,-0.21556762413267133,-0.04285909259875972,-0.9439778022241743
3,43,ens_vanilla,ens_hybrid_meta_baseline_5050,0.498861930443137,0.4074838675224626,-0.09137806292067441,0.04738111122787536,0.12206452610662447,-0.16563480740705583,-0.18889000026135463,0.008715543918150697,1.3829960117856979
3,47,ens_vanilla,ens_hybrid_meta_baseline_5050,0.498861930443137,0.4074838675224626,-0.09137806292067441,0.04738111122787536,0.12206452610662447,-0.16563480740705583,-0.18889000026135463,0.008715543918150697,1.3829960117856979
7,43,ens_vanilla,ens_hybrid_meta_baseline_5050,0.4936105473025923,0.4074838675224626,-0.08612667978012972,0.04905639107782511,0.12206452610662447,-0.16563480740705583,-0.18889000026135463,0.008715543918150697,1.3829960117856979
7,47,ens_vanilla,ens_hybrid_meta_baseline_5050,0.4936105473025923,0.4074838675224626,-0.08612667978012972,0.04905639107782511,0.12206452610662447,-0.16563480740705583,-0.18889000026135463,0.008715543918150697,1.3829960117856979
10,43,ens_vanilla,ens_hybrid_meta_baseline_5050,0.4772064783754661,0.4074838675224626,-0.06972261085300352,0.038079872978544205,0.12206452610662447,-0.16563480740705583,-0.18889000026135463,0.008715543918150697,1.3829960117856979
10,47,ens_vanilla,ens_hybrid_meta_baseline_5050,0.4772064783754661,0.4074838675224626,-0.06972261085300352,0.038079872978544205,0.12206452610662447,-0.16563480740705583,-0.18889000026135463,0.008715543918150697,1.3829960117856979
11,43,ens_vanilla,ens_hybrid_meta_baseline_5050,0.478321277597625,0.4074838675224626,-0.07083741007516242,0.03359961787965271,0.12206452610662447,-0.16563480740705583,-0.18889000026135463,0.008715543918150697,1.3829960117856979
11,47,ens_vanilla,ens_hybrid_meta_baseline_5050,0.478321277597625,0.4074838675224626,-0.07083741007516242,0.03359961787965271,0.12206452610662447,-0.16563480740705583,-0.18889000026135463,0.008715543918150697,1.3829960117856979
3,54,ens_vanilla,ens_id51_plus_potent_noaux_a30_delta_g050,0.498861930443137,0.409582091172509,-0.08927983927062799,0.04519426766649404,0.1180671976895352,-0.1656866807492195,-0.2006221846130205,0.009631911811206697,1.4460210670260862
7,54,ens_vanilla,ens_id51_plus_potent_noaux_a30_delta_g050,0.4936105473025923,0.409582091172509,-0.0840284561300833,0.04686954751644379,0.1180671976895352,-0.1656866807492195,-0.2006221846130205,0.009631911811206697,1.4460210670260862
10,54,ens_vanilla,ens_id51_plus_potent_noaux_a30_delta_g050,0.4772064783754661,0.409582091172509,-0.0676243872029571,0.03589302941716288,0.1180671976895352,-0.1656866807492195,-0.2006221846130205,0.009631911811206697,1.4460210670260862
11,54,ens_vanilla,ens_id51_plus_potent_noaux_a30_delta_g050,0.478321277597625,0.409582091172509,-0.068739186425116,0.031412774318271386,0.1180671976895352,-0.1656866807492195,-0.2006221846130205,0.009631911811206697,1.4460210670260862
45,55,ens_caruana_bag20_admet_ai_no_log2fc_calibrated_importance,ens_id51_top500_potent46_t40_soft_g35,0.4093625824408419,0.4070801895382421,-0.0022823929025997947,0.002631611770144371,0.03343374320640396,-0.16603518967735706,-0.2547646674222493,-0.0009447136963500032,-0.01258648670803516
3,50,ens_vanilla,ens_internal_decor_cap101_bf50_b40_i1_l20,0.498861930443137,0.4092437336283291,-0.08961819681480787,0.04613137021751568,0.11202151189870593,-0.16733166921523882,-0.18396664521516123,0.002969960205757635,0.40268863303229563
7,50,ens_vanilla,ens_internal_decor_cap101_bf50_b40_i1_l20,0.4936105473025923,0.4092437336283291,-0.08436681367426319,0.04780665006746543,0.11202151189870593,-0.16733166921523882,-0.18396664521516123,0.002969960205757635,0.40268863303229563
10,50,ens_vanilla,ens_internal_decor_cap101_bf50_b40_i1_l20,0.4772064783754661,0.4092437336283291,-0.06796274474713698,0.03683013196818452,0.11202151189870593,-0.16733166921523882,-0.18396664521516123,0.002969960205757635,0.40268863303229563
11,50,ens_vanilla,ens_internal_decor_cap101_bf50_b40_i1_l20,0.478321277597625,0.4092437336283291,-0.06907754396929588,0.032349876869293026,0.11202151189870593,-0.16733166921523882,-0.18396664521516123,0.002969960205757635,0.40268863303229563
3,44,ens_vanilla,ens_caruana_bag20_anchor_residual,0.498861930443137,0.4090205188659963,-0.0898414115771407,0.04509220733496877,0.1110671923938804,-0.17266087259502877,-0.2025645510168151,0.01106731546197188,1.456849106425041
7,44,ens_vanilla,ens_caruana_bag20_anchor_residual,0.4936105473025923,0.4090205188659963,-0.08459002843659602,0.04676748718491852,0.1110671923938804,-0.17266087259502877,-0.2025645510168151,0.01106731546197188,1.456849106425041
10,44,ens_vanilla,ens_caruana_bag20_anchor_residual,0.4772064783754661,0.4090205188659963,-0.06818595950946982,0.035790969085637614,0.1110671923938804,-0.17266087259502877,-0.2025645510168151,0.01106731546197188,1.456849106425041
11,44,ens_vanilla,ens_caruana_bag20_anchor_residual,0.478321277597625,0.4090205188659963,-0.06930075873162872,0.03131071398674612,0.1110671923938804,-0.17266087259502877,-0.2025645510168151,0.01106731546197188,1.456849106425041
46,49,ens_region_v2_blend_a8,ens_resid_lowd_core_ridge_a10p0_s50_hybrid,0.4091592405210825,0.4196878176889805,0.010528577167898012,-0.003775928856806443,0.0752539123426316,-0.1738925309415265,-0.21927101616583441,-0.027317555803237772,-1.606740759342858
1,20,ens_l2_a0.05,ens_caruana_bag20_calibrated_blend,0.5017546613967405,0.4168366368422205,-0.08491802455452002,0.04761334657077687,0.10712474063200941,-0.17393028693248783,-0.21105501063850055,0.0027488239665517757,0.34247959044763393
19,57,ens_caruana_bag20_calibrated_importance,ens_id51_top500_potent46_t40_soft_g50,0.4154008268960474,0.4073887188823258,-0.008012108013721597,-0.0011210092297527785,0.05583923930289955,-0.1741355352865449,-0.26430098412172587,-0.017926859352596365,-0.6849189658661788
21,57,ens_caruana_bag20_calibrated_importance,ens_id51_top500_potent46_t40_soft_g50,0.4154008268960474,0.4073887188823258,-0.008012108013721597,-0.0011210092297527785,0.05583923930289955,-0.1741355352865449,-0.26430098412172587,-0.017926859352596365,-0.6849189658661788
22,57,ens_caruana_bag20_calibrated_importance,ens_id51_top500_potent46_t40_soft_g50,0.4152122396657471,0.4073887188823258,-0.0078235207834213,-0.0014383551366284886,0.05583923930289955,-0.1741355352865449,-0.26430098412172587,-0.017926859352596365,-0.6849189658661788
23,57,ens_caruana_bag20_calibrated_importance,ens_id51_top500_potent46_t40_soft_g50,0.4148648161452291,0.4073887188823258,-0.00747609726290327,0.0005928683852521877,0.05583923930289955,-0.1741355352865449,-0.26430098412172587,-0.017926859352596365,-0.6849189658661788
24,57,ens_caruana_bag20_calibrated_importance,ens_id51_top500_potent46_t40_soft_g50,0.4200188468957465,0.4073887188823258,-0.012630128013420672,0.004074054033237795,0.05583923930289955,-0.1741355352865449,-0.26430098412172587,-0.017926859352596365,-0.6849189658661788
28,57,ens_caruana_bag20_calibrated_importance,ens_id51_top500_potent46_t40_soft_g50,0.4148648161452291,0.4073887188823258,-0.00747609726290327,0.0005928683852521877,0.05583923930289955,-0.1741355352865449,-0.26430098412172587,-0.017926859352596365,-0.6849189658661788
29,57,ens_caruana_bag20_calibrated_importance,ens_id51_top500_potent46_t40_soft_g50,0.4189477353901447,0.4073887188823258,-0.011559016507818876,0.005250035816381393,0.05583923930289955,-0.1741355352865449,-0.26430098412172587,-0.017926859352596365,-0.6849189658661788
30,57,ens_caruana_bag20_calibrated_importance,ens_id51_top500_potent46_t40_soft_g50,0.408442464692175,0.4073887188823258,-0.0010537458098491825,-0.000598653959380635,0.05583923930289955,-0.1741355352865449,-0.26430098412172587,-0.017926859352596365,-0.6849189658661788
31,57,ens_caruana_bag20_calibrated_importance,ens_id51_top500_potent46_t40_soft_g50,0.4078471063458229,0.4073887188823258,-0.0004583874634970786,-0.00013282346487730745,0.05583923930289955,-0.1741355352865449,-0.26430098412172587,-0.017926859352596365,-0.6849189658661788
32,57,ens_caruana_bag20_calibrated_importance,ens_id51_top500_potent46_t40_soft_g50,0.4078471063458229,0.4073887188823258,-0.0004583874634970786,-0.00013282346487730745,0.05583923930289955,-0.1741355352865449,-0.26430098412172587,-0.017926859352596365,-0.6849189658661788
38,57,ens_caruana_bag20_calibrated_importance,ens_id51_top500_potent46_t40_soft_g50,0.4109513858637011,0.4073887188823258,-0.0035626669813753065,0.005584987833866739,0.05583923930289955,-0.1741355352865449,-0.26430098412172587,-0.017926859352596365,-0.6849189658661788
39,57,ens_caruana_bag20_calibrated_importance,ens_id51_top500_potent46_t40_soft_g50,0.4080327859318756,0.4073887188823258,-0.0006440670495497791,-0.0012041378821830984,0.05583923930289955,-0.1741355352865449,-0.26430098412172587,-0.017926859352596365,-0.6849189658661788
40,57,ens_caruana_bag20_calibrated_importance,ens_id51_top500_potent46_t40_soft_g50,0.4110413223574798,0.4073887188823258,-0.0036526034751540037,0.0016301732447066009,0.05583923930289955,-0.1741355352865449,-0.26430098412172587,-0.017926859352596365,-0.6849189658661788
41,57,ens_caruana_bag20_calibrated_importance,ens_id51_top500_potent46_t40_soft_g50,0.4137047577516737,0.4073887188823258,-0.006316038869347895,0.00837337914581493,0.05583923930289955,-0.1741355352865449,-0.26430098412172587,-0.017926859352596365,-0.6849189658661788
42,57,ens_caruana_bag20_calibrated_importance,ens_id51_top500_potent46_t40_soft_g50,0.409074454235369,0.4073887188823258,-0.0016857353530431718,-0.0022582794963721398,0.05583923930289955,-0.1741355352865449,-0.26430098412172587,-0.017926859352596365,-0.6849189658661788
56,57,ens_swap_optuna_t10_top500_calibrated_importance,ens_id51_top500_potent46_t40_soft_g50,0.4134599905046804,0.4073887188823258,-0.0060712716223546015,0.006031231961240224,0.05583923930289955,-0.1741355352865449,-0.26430098412172587,-0.017926859352596365,-0.6849189658661788
44,49,ens_caruana_bag20_anchor_residual,ens_resid_lowd_core_ridge_a10p0_s50_hybrid,0.4090205188659963,0.4196878176889805,0.010667298822984228,-0.005005422770877899,0.051477530623933954,-0.18373656283861667,-0.2820050584274649,-0.0661422025869032,-1.6414813744465844
3,49,ens_vanilla,ens_resid_lowd_core_ridge_a10p0_s50_hybrid,0.498861930443137,0.4196878176889805,-0.07917411275415648,0.04008678456409087,0.12630824616009653,-0.21336875202647032,-0.26982440800515883,-0.0011030479144206753,-0.1846322680215428
7,49,ens_vanilla,ens_resid_lowd_core_ridge_a10p0_s50_hybrid,0.4936105473025923,0.4196878176889805,-0.07392272961361179,0.04176206441404062,0.12630824616009653,-0.21336875202647032,-0.26982440800515883,-0.0011030479144206753,-0.1846322680215428
10,49,ens_vanilla,ens_resid_lowd_core_ridge_a10p0_s50_hybrid,0.4772064783754661,0.4196878176889805,-0.05751866068648559,0.030785546314759715,0.12630824616009653,-0.21336875202647032,-0.26982440800515883,-0.0011030479144206753,-0.1846322680215428
11,49,ens_vanilla,ens_resid_lowd_core_ridge_a10p0_s50_hybrid,0.478321277597625,0.4196878176889805,-0.05863345990864449,0.02630529121586822,0.12630824616009653,-0.21336875202647032,-0.26982440800515883,-0.0011030479144206753,-0.1846322680215428
19,55,ens_caruana_bag20_calibrated_importance,ens_id51_top500_potent46_t40_soft_g35,0.4154008268960474,0.4070801895382421,-0.008320637357805305,-0.000940965951444328,0.052692742959156505,-0.21376606621952887,-0.30387278268529266,-0.025120386235915663,-0.8249197688754313
21,55,ens_caruana_bag20_calibrated_importance,ens_id51_top500_potent46_t40_soft_g35,0.4154008268960474,0.4070801895382421,-0.008320637357805305,-0.000940965951444328,0.052692742959156505,-0.21376606621952887,-0.30387278268529266,-0.025120386235915663,-0.8249197688754313
22,55,ens_caruana_bag20_calibrated_importance,ens_id51_top500_potent46_t40_soft_g35,0.4152122396657471,0.4070801895382421,-0.008132050127505008,-0.0012583118583200381,0.052692742959156505,-0.21376606621952887,-0.30387278268529266,-0.025120386235915663,-0.8249197688754313
23,55,ens_caruana_bag20_calibrated_importance,ens_id51_top500_potent46_t40_soft_g35,0.4148648161452291,0.4070801895382421,-0.007784626606986977,0.0007729116635606381,0.052692742959156505,-0.21376606621952887,-0.30387278268529266,-0.025120386235915663,-0.8249197688754313
24,55,ens_caruana_bag20_calibrated_importance,ens_id51_top500_potent46_t40_soft_g35,0.4200188468957465,0.4070801895382421,-0.01293865735750438,0.0042540973115462455,0.052692742959156505,-0.21376606621952887,-0.30387278268529266,-0.025120386235915663,-0.8249197688754313
28,55,ens_caruana_bag20_calibrated_importance,ens_id51_top500_potent46_t40_soft_g35,0.4148648161452291,0.4070801895382421,-0.007784626606986977,0.0007729116635606381,0.052692742959156505,-0.21376606621952887,-0.30387278268529266,-0.025120386235915663,-0.8249197688754313
29,55,ens_caruana_bag20_calibrated_importance,ens_id51_top500_potent46_t40_soft_g35,0.4189477353901447,0.4070801895382421,-0.011867545851902583,0.005430079094689844,0.052692742959156505,-0.21376606621952887,-0.30387278268529266,-0.025120386235915663,-0.8249197688754313
30,55,ens_caruana_bag20_calibrated_importance,ens_id51_top500_potent46_t40_soft_g35,0.408442464692175,0.4070801895382421,-0.0013622751539328903,-0.0004186106810721846,0.052692742959156505,-0.21376606621952887,-0.30387278268529266,-0.025120386235915663,-0.8249197688754313
31,55,ens_caruana_bag20_calibrated_importance,ens_id51_top500_potent46_t40_soft_g35,0.4078471063458229,0.4070801895382421,-0.0007669168075807864,4.721981343114301e-05,0.052692742959156505,-0.21376606621952887,-0.30387278268529266,-0.025120386235915663,-0.8249197688754313
32,55,ens_caruana_bag20_calibrated_importance,ens_id51_top500_potent46_t40_soft_g35,0.4078471063458229,0.4070801895382421,-0.0007669168075807864,4.721981343114301e-05,0.052692742959156505,-0.21376606621952887,-0.30387278268529266,-0.025120386235915663,-0.8249197688754313
38,55,ens_caruana_bag20_calibrated_importance,ens_id51_top500_potent46_t40_soft_g35,0.4109513858637011,0.4070801895382421,-0.0038711963254590143,0.00576503111217519,0.052692742959156505,-0.21376606621952887,-0.30387278268529266,-0.025120386235915663,-0.8249197688754313
39,55,ens_caruana_bag20_calibrated_importance,ens_id51_top500_potent46_t40_soft_g35,0.4080327859318756,0.4070801895382421,-0.0009525963936334869,-0.001024094603874648,0.052692742959156505,-0.21376606621952887,-0.30387278268529266,-0.025120386235915663,-0.8249197688754313
40,55,ens_caruana_bag20_calibrated_importance,ens_id51_top500_potent46_t40_soft_g35,0.4110413223574798,0.4070801895382421,-0.0039611328192377115,0.0018102165230150513,0.052692742959156505,-0.21376606621952887,-0.30387278268529266,-0.025120386235915663,-0.8249197688754313
41,55,ens_caruana_bag20_calibrated_importance,ens_id51_top500_potent46_t40_soft_g35,0.4137047577516737,0.4070801895382421,-0.006624568213431603,0.00855342242412338,0.052692742959156505,-0.21376606621952887,-0.30387278268529266,-0.025120386235915663,-0.8249197688754313
42,55,ens_caruana_bag20_calibrated_importance,ens_id51_top500_potent46_t40_soft_g35,0.409074454235369,0.4070801895382421,-0.0019942646971268796,-0.0020782362180636893,0.052692742959156505,-0.21376606621952887,-0.30387278268529266,-0.025120386235915663,-0.8249197688754313
53,54,ens_repooled_trunk_core_only_calibrated_importance,ens_id51_plus_potent_noaux_a30_delta_g050,0.4105644448288402,0.409582091172509,-0.000982353656331203,0.003386123819015485,0.044991793443070326,-0.23044202756428908,-0.2991982309399699,-0.015942081787682166,-0.3376701155669436
3,16,ens_vanilla,ens_caruana_bag20_calibrated_best,0.498861930443137,0.4357788073667819,-0.06308312307635511,0.04149325679700644,0.07142480164538319,-0.2343992428579285,-0.2533718669198113,-0.018660634807841928,-0.9876046822014151
3,17,ens_vanilla,ens_caruana_bag20_calibrated_best,0.498861930443137,0.4318297602126632,-0.06703217023047375,0.046427051543010966,0.07142480164538319,-0.2343992428579285,-0.2533718669198113,-0.018660634807841928,-0.9876046822014151
3,18,ens_vanilla,ens_caruana_bag20_calibrated_best,0.498861930443137,0.4244185733497787,-0.07444335709335825,0.04838694831850021,0.07142480164538319,-0.2343992428579285,-0.2533718669198113,-0.018660634807841928,-0.9876046822014151
3,26,ens_vanilla,ens_caruana_bag20_calibrated_best,0.498861930443137,0.4243494844698721,-0.0745124459732649,0.03719817352809629,0.07142480164538319,-0.2343992428579285,-0.2533718669198113,-0.018660634807841928,-0.9876046822014151
3,27,ens_vanilla,ens_caruana_bag20_calibrated_best,0.498861930443137,0.4225677355758737,-0.0762941948672633,0.04505223429316696,0.07142480164538319,-0.2343992428579285,-0.2533718669198113,-0.018660634807841928,-0.9876046822014151
3,36,ens_vanilla,ens_caruana_bag20_calibrated_best,0.498861930443137,0.4145866903151991,-0.08427524012793786,0.045777926143296455,0.07142480164538319,-0.2343992428579285,-0.2533718669198113,-0.018660634807841928,-0.9876046822014151
7,16,ens_vanilla,ens_caruana_bag20_calibrated_best,0.4936105473025923,0.4357788073667819,-0.05783173993581042,0.04316853664695619,0.07142480164538319,-0.2343992428579285,-0.2533718669198113,-0.018660634807841928,-0.9876046822014151
7,17,ens_vanilla,ens_caruana_bag20_calibrated_best,0.4936105473025923,0.4318297602126632,-0.06178078708992907,0.04810233139296072,0.07142480164538319,-0.2343992428579285,-0.2533718669198113,-0.018660634807841928,-0.9876046822014151
7,18,ens_vanilla,ens_caruana_bag20_calibrated_best,0.4936105473025923,0.4244185733497787,-0.06919197395281357,0.05006222816844996,0.07142480164538319,-0.2343992428579285,-0.2533718669198113,-0.018660634807841928,-0.9876046822014151
7,26,ens_vanilla,ens_caruana_bag20_calibrated_best,0.4936105473025923,0.4243494844698721,-0.06926106283272021,0.03887345337804604,0.07142480164538319,-0.2343992428579285,-0.2533718669198113,-0.018660634807841928,-0.9876046822014151
7,27,ens_vanilla,ens_caruana_bag20_calibrated_best,0.4936105473025923,0.4225677355758737,-0.07104281172671861,0.04672751414311671,0.07142480164538319,-0.2343992428579285,-0.2533718669198113,-0.018660634807841928,-0.9876046822014151
7,36,ens_vanilla,ens_caruana_bag20_calibrated_best,0.4936105473025923,0.4145866903151991,-0.07902385698739317,0.047453205993246206,0.07142480164538319,-0.2343992428579285,-0.2533718669198113,-0.018660634807841928,-0.9876046822014151
10,16,ens_vanilla,ens_caruana_bag20_calibrated_best,0.4772064783754661,0.4357788073667819,-0.04142767100868422,0.03219201854767528,0.07142480164538319,-0.2343992428579285,-0.2533718669198113,-0.018660634807841928,-0.9876046822014151
10,17,ens_vanilla,ens_caruana_bag20_calibrated_best,0.4772064783754661,0.4318297602126632,-0.045376718162802865,0.03712581329367981,0.07142480164538319,-0.2343992428579285,-0.2533718669198113,-0.018660634807841928,-0.9876046822014151
10,18,ens_vanilla,ens_caruana_bag20_calibrated_best,0.4772064783754661,0.4244185733497787,-0.052787905025687365,0.039085710069169055,0.07142480164538319,-0.2343992428579285,-0.2533718669198113,-0.018660634807841928,-0.9876046822014151
10,26,ens_vanilla,ens_caruana_bag20_calibrated_best,0.4772064783754661,0.4243494844698721,-0.05285699390559401,0.027896935278765134,0.07142480164538319,-0.2343992428579285,-0.2533718669198113,-0.018660634807841928,-0.9876046822014151
10,27,ens_vanilla,ens_caruana_bag20_calibrated_best,0.4772064783754661,0.4225677355758737,-0.05463874279959241,0.0357509960438358,0.07142480164538319,-0.2343992428579285,-0.2533718669198113,-0.018660634807841928,-0.9876046822014151
10,36,ens_vanilla,ens_caruana_bag20_calibrated_best,0.4772064783754661,0.4145866903151991,-0.06261978806026697,0.0364766878939653,0.07142480164538319,-0.2343992428579285,-0.2533718669198113,-0.018660634807841928,-0.9876046822014151
11,16,ens_vanilla,ens_caruana_bag20_calibrated_best,0.478321277597625,0.4357788073667819,-0.04254247023084312,0.02771176344878379,0.07142480164538319,-0.2343992428579285,-0.2533718669198113,-0.018660634807841928,-0.9876046822014151
11,17,ens_vanilla,ens_caruana_bag20_calibrated_best,0.478321277597625,0.4318297602126632,-0.04649151738496177,0.032645558194788316,0.07142480164538319,-0.2343992428579285,-0.2533718669198113,-0.018660634807841928,-0.9876046822014151
11,18,ens_vanilla,ens_caruana_bag20_calibrated_best,0.478321277597625,0.4244185733497787,-0.05390270424784627,0.03460545497027756,0.07142480164538319,-0.2343992428579285,-0.2533718669198113,-0.018660634807841928,-0.9876046822014151
11,26,ens_vanilla,ens_caruana_bag20_calibrated_best,0.478321277597625,0.4243494844698721,-0.05397179312775291,0.02341668017987364,0.07142480164538319,-0.2343992428579285,-0.2533718669198113,-0.018660634807841928,-0.9876046822014151
11,27,ens_vanilla,ens_caruana_bag20_calibrated_best,0.478321277597625,0.4225677355758737,-0.05575354202175131,0.03127074094494431,0.07142480164538319,-0.2343992428579285,-0.2533718669198113,-0.018660634807841928,-0.9876046822014151
11,36,ens_vanilla,ens_caruana_bag20_calibrated_best,0.478321277597625,0.4145866903151991,-0.06373458728242587,0.031996432795073804,0.07142480164538319,-0.2343992428579285,-0.2533718669198113,-0.018660634807841928,-0.9876046822014151
45,49,ens_caruana_bag20_admet_ai_no_log2fc_calibrated_importance,ens_resid_lowd_core_ridge_a10p0_s50_hybrid,0.4093625824408419,0.4196878176889805,0.010325235248138609,-0.003106749622492355,0.07433170590630228,-0.26074143775315256,-0.33789564751037127,-0.039474150396395374,-2.0951361847288474
52,54,ens_repooled_trunk_swap_core_calibrated_importance,ens_id51_plus_potent_noaux_a30_delta_g050,0.4087104501774921,0.409582091172509,0.0008716409950169091,0.0005306691968420818,0.03531180150722003,-0.2639088495578311,-0.3340106328259306,-0.025624113099302556,-0.3328383296244398
45,54,ens_caruana_bag20_admet_ai_no_log2fc_calibrated_importance,ens_id51_plus_potent_noaux_a30_delta_g050,0.4093625824408419,0.409582091172509,0.00021950873166709517,0.00200073347991081,0.039940930089984,-0.2690340630402383,-0.34160599250586987,-0.02840196164346502,-0.46448284968121806
45,51,ens_caruana_bag20_admet_ai_no_log2fc_calibrated_importance,ens_meta_axis_reverse_id50_g10,0.4093625824408419,0.4073264585428647,-0.0020361238979771934,0.004144247293631387,0.03304040356563191,-0.2713376622309899,-0.33904537620791786,-0.027281356719704476,-0.33925502706296135
45,48,ens_caruana_bag20_admet_ai_no_log2fc_calibrated_importance,ens_meta_axis_a343,0.4093625824408419,0.4074004936698981,-0.0019620887709437818,0.004320879200425787,0.03226208413156959,-0.27890440103349834,-0.34659103160305327,-0.03734257089627115,-0.44548777766405934
45,47,ens_caruana_bag20_admet_ai_no_log2fc_calibrated_importance,ens_hybrid_meta_baseline_5050,0.4093625824408419,0.4074838675224626,-0.0018787149183793206,0.004187577041292134,0.03813805470427835,-0.2813016992371522,-0.3543371014395622,-0.03156030896444229,-0.5275079049216062
3,20,ens_vanilla,ens_caruana_bag20_calibrated_blend,0.498861930443137,0.4168366368422205,-0.08202529360091648,0.046766111908171926,0.15736219066256882,-0.2865787477185392,-0.32954711288338556,-0.006916225867310139,-1.8060720281191691
7,20,ens_vanilla,ens_caruana_bag20_calibrated_blend,0.4936105473025923,0.4168366368422205,-0.0767739104603718,0.04844139175812168,0.15736219066256882,-0.2865787477185392,-0.32954711288338556,-0.006916225867310139,-1.8060720281191691
10,20,ens_vanilla,ens_caruana_bag20_calibrated_blend,0.4772064783754661,0.4168366368422205,-0.060369841533245594,0.03746487365884077,0.15736219066256882,-0.2865787477185392,-0.32954711288338556,-0.006916225867310139,-1.8060720281191691
11,20,ens_vanilla,ens_caruana_bag20_calibrated_blend,0.478321277597625,0.4168366368422205,-0.061484640755404496,0.032984618559949275,0.15736219066256882,-0.2865787477185392,-0.32954711288338556,-0.006916225867310139,-1.8060720281191691
19,49,ens_caruana_bag20_calibrated_importance,ens_resid_lowd_core_ridge_a10p0_s50_hybrid,0.4154008268960474,0.4196878176889805,0.004286990792933099,-0.006679327344081054,0.08390529740508856,-0.3070769843186061,-0.3817721284106969,-0.04201154266250124,-2.9074694668962433
21,49,ens_caruana_bag20_calibrated_importance,ens_resid_lowd_core_ridge_a10p0_s50_hybrid,0.4154008268960474,0.4196878176889805,0.004286990792933099,-0.006679327344081054,0.08390529740508856,-0.3070769843186061,-0.3817721284106969,-0.04201154266250124,-2.9074694668962433
22,49,ens_caruana_bag20_calibrated_importance,ens_resid_lowd_core_ridge_a10p0_s50_hybrid,0.4152122396657471,0.4196878176889805,0.004475578023233395,-0.006996673250956764,0.08390529740508856,-0.3070769843186061,-0.3817721284106969,-0.04201154266250124,-2.9074694668962433
23,49,ens_caruana_bag20_calibrated_importance,ens_resid_lowd_core_ridge_a10p0_s50_hybrid,0.4148648161452291,0.4196878176889805,0.004823001543751426,-0.004965449729076088,0.08390529740508856,-0.3070769843186061,-0.3817721284106969,-0.04201154266250124,-2.9074694668962433
24,49,ens_caruana_bag20_calibrated_importance,ens_resid_lowd_core_ridge_a10p0_s50_hybrid,0.4200188468957465,0.4196878176889805,-0.0003310292067659759,-0.0014842640810904806,0.08390529740508856,-0.3070769843186061,-0.3817721284106969,-0.04201154266250124,-2.9074694668962433
28,49,ens_caruana_bag20_calibrated_importance,ens_resid_lowd_core_ridge_a10p0_s50_hybrid,0.4148648161452291,0.4196878176889805,0.004823001543751426,-0.004965449729076088,0.08390529740508856,-0.3070769843186061,-0.3817721284106969,-0.04201154266250124,-2.9074694668962433
29,49,ens_caruana_bag20_calibrated_importance,ens_resid_lowd_core_ridge_a10p0_s50_hybrid,0.4189477353901447,0.4196878176889805,0.0007400822988358202,-0.00030828229794688244,0.08390529740508856,-0.3070769843186061,-0.3817721284106969,-0.04201154266250124,-2.9074694668962433
30,49,ens_caruana_bag20_calibrated_importance,ens_resid_lowd_core_ridge_a10p0_s50_hybrid,0.408442464692175,0.4196878176889805,0.011245352996805513,-0.006156972073708911,0.08390529740508856,-0.3070769843186061,-0.3817721284106969,-0.04201154266250124,-2.9074694668962433
31,49,ens_caruana_bag20_calibrated_importance,ens_resid_lowd_core_ridge_a10p0_s50_hybrid,0.4078471063458229,0.4196878176889805,0.011840711343157617,-0.005691141579205583,0.08390529740508856,-0.3070769843186061,-0.3817721284106969,-0.04201154266250124,-2.9074694668962433
32,49,ens_caruana_bag20_calibrated_importance,ens_resid_lowd_core_ridge_a10p0_s50_hybrid,0.4078471063458229,0.4196878176889805,0.011840711343157617,-0.005691141579205583,0.08390529740508856,-0.3070769843186061,-0.3817721284106969,-0.04201154266250124,-2.9074694668962433
38,49,ens_caruana_bag20_calibrated_importance,ens_resid_lowd_core_ridge_a10p0_s50_hybrid,0.4109513858637011,0.4196878176889805,0.00873643182527939,2.6669719538463532e-05,0.08390529740508856,-0.3070769843186061,-0.3817721284106969,-0.04201154266250124,-2.9074694668962433
39,49,ens_caruana_bag20_calibrated_importance,ens_resid_lowd_core_ridge_a10p0_s50_hybrid,0.4080327859318756,0.4196878176889805,0.011655031757104917,-0.006762455996511374,0.08390529740508856,-0.3070769843186061,-0.3817721284106969,-0.04201154266250124,-2.9074694668962433
40,49,ens_caruana_bag20_calibrated_importance,ens_resid_lowd_core_ridge_a10p0_s50_hybrid,0.4110413223574798,0.4196878176889805,0.008646495331500692,-0.003928144869621675,0.08390529740508856,-0.3070769843186061,-0.3817721284106969,-0.04201154266250124,-2.9074694668962433
41,49,ens_caruana_bag20_calibrated_importance,ens_resid_lowd_core_ridge_a10p0_s50_hybrid,0.4137047577516737,0.4196878176889805,0.0059830599373068005,0.002815061031486654,0.08390529740508856,-0.3070769843186061,-0.3817721284106969,-0.04201154266250124,-2.9074694668962433
42,49,ens_caruana_bag20_calibrated_importance,ens_resid_lowd_core_ridge_a10p0_s50_hybrid,0.409074454235369,0.4196878176889805,0.010613363453611524,-0.007816597610700415,0.08390529740508856,-0.3070769843186061,-0.3817721284106969,-0.04201154266250124,-2.9074694668962433
19,51,ens_caruana_bag20_calibrated_importance,ens_meta_axis_reverse_id50_g10,0.4154008268960474,0.4073264585428647,-0.008074368353182704,0.0005716695720426879,0.049186952405297454,-0.3073407476047954,-0.3767423648530851,-0.04404714682019333,-1.1515883092303574
21,51,ens_caruana_bag20_calibrated_importance,ens_meta_axis_reverse_id50_g10,0.4154008268960474,0.4073264585428647,-0.008074368353182704,0.0005716695720426879,0.049186952405297454,-0.3073407476047954,-0.3767423648530851,-0.04404714682019333,-1.1515883092303574
22,51,ens_caruana_bag20_calibrated_importance,ens_meta_axis_reverse_id50_g10,0.4152122396657471,0.4073264585428647,-0.007885781122882407,0.0002543236651669778,0.049186952405297454,-0.3073407476047954,-0.3767423648530851,-0.04404714682019333,-1.1515883092303574
23,51,ens_caruana_bag20_calibrated_importance,ens_meta_axis_reverse_id50_g10,0.4148648161452291,0.4073264585428647,-0.007538357602364376,0.002285547187047654,0.049186952405297454,-0.3073407476047954,-0.3767423648530851,-0.04404714682019333,-1.1515883092303574
24,51,ens_caruana_bag20_calibrated_importance,ens_meta_axis_reverse_id50_g10,0.4200188468957465,0.4073264585428647,-0.012692388352881778,0.005766732835033261,0.049186952405297454,-0.3073407476047954,-0.3767423648530851,-0.04404714682019333,-1.1515883092303574
28,51,ens_caruana_bag20_calibrated_importance,ens_meta_axis_reverse_id50_g10,0.4148648161452291,0.4073264585428647,-0.007538357602364376,0.002285547187047654,0.049186952405297454,-0.3073407476047954,-0.3767423648530851,-0.04404714682019333,-1.1515883092303574
29,51,ens_caruana_bag20_calibrated_importance,ens_meta_axis_reverse_id50_g10,0.4189477353901447,0.4073264585428647,-0.011621276847279982,0.0069427146181768595,0.049186952405297454,-0.3073407476047954,-0.3767423648530851,-0.04404714682019333,-1.1515883092303574
30,51,ens_caruana_bag20_calibrated_importance,ens_meta_axis_reverse_id50_g10,0.408442464692175,0.4073264585428647,-0.001116006149310289,0.0010940248424148313,0.049186952405297454,-0.3073407476047954,-0.3767423648530851,-0.04404714682019333,-1.1515883092303574
31,51,ens_caruana_bag20_calibrated_importance,ens_meta_axis_reverse_id50_g10,0.4078471063458229,0.4073264585428647,-0.0005206478029581851,0.001559855336918159,0.049186952405297454,-0.3073407476047954,-0.3767423648530851,-0.04404714682019333,-1.1515883092303574
32,51,ens_caruana_bag20_calibrated_importance,ens_meta_axis_reverse_id50_g10,0.4078471063458229,0.4073264585428647,-0.0005206478029581851,0.001559855336918159,0.049186952405297454,-0.3073407476047954,-0.3767423648530851,-0.04404714682019333,-1.1515883092303574
38,51,ens_caruana_bag20_calibrated_importance,ens_meta_axis_reverse_id50_g10,0.4109513858637011,0.4073264585428647,-0.003624927320836413,0.0072776666356622055,0.049186952405297454,-0.3073407476047954,-0.3767423648530851,-0.04404714682019333,-1.1515883092303574
39,51,ens_caruana_bag20_calibrated_importance,ens_meta_axis_reverse_id50_g10,0.4080327859318756,0.4073264585428647,-0.0007063273890108857,0.000488540919612368,0.049186952405297454,-0.3073407476047954,-0.3767423648530851,-0.04404714682019333,-1.1515883092303574
40,51,ens_caruana_bag20_calibrated_importance,ens_meta_axis_reverse_id50_g10,0.4110413223574798,0.4073264585428647,-0.0037148638146151103,0.0033228520465020672,0.049186952405297454,-0.3073407476047954,-0.3767423648530851,-0.04404714682019333,-1.1515883092303574
41,51,ens_caruana_bag20_calibrated_importance,ens_meta_axis_reverse_id50_g10,0.4137047577516737,0.4073264585428647,-0.006378299208809002,0.010066057947610396,0.049186952405297454,-0.3073407476047954,-0.3767423648530851,-0.04404714682019333,-1.1515883092303574
42,51,ens_caruana_bag20_calibrated_importance,ens_meta_axis_reverse_id50_g10,0.409074454235369,0.4073264585428647,-0.0017479956925042783,-0.0005656006945766734,0.049186952405297454,-0.3073407476047954,-0.3767423648530851,-0.04404714682019333,-1.1515883092303574
19,54,ens_caruana_bag20_calibrated_importance,ens_id51_plus_potent_noaux_a30_delta_g050,0.4154008268960474,0.409582091172509,-0.005818735723538415,-0.0015718442416778888,0.05362999763308986,-0.3078444332084748,-0.3846534266066366,-0.041577806141200276,-1.2768161318486142
21,54,ens_caruana_bag20_calibrated_importance,ens_id51_plus_potent_noaux_a30_delta_g050,0.4154008268960474,0.409582091172509,-0.005818735723538415,-0.0015718442416778888,0.05362999763308986,-0.3078444332084748,-0.3846534266066366,-0.041577806141200276,-1.2768161318486142
22,54,ens_caruana_bag20_calibrated_importance,ens_id51_plus_potent_noaux_a30_delta_g050,0.4152122396657471,0.409582091172509,-0.0056301484932381185,-0.001889190148553599,0.05362999763308986,-0.3078444332084748,-0.3846534266066366,-0.041577806141200276,-1.2768161318486142
23,54,ens_caruana_bag20_calibrated_importance,ens_id51_plus_potent_noaux_a30_delta_g050,0.4148648161452291,0.409582091172509,-0.0052827249727200876,0.00014203337332707733,0.05362999763308986,-0.3078444332084748,-0.3846534266066366,-0.041577806141200276,-1.2768161318486142
24,54,ens_caruana_bag20_calibrated_importance,ens_id51_plus_potent_noaux_a30_delta_g050,0.4200188468957465,0.409582091172509,-0.01043675572323749,0.0036232190213126847,0.05362999763308986,-0.3078444332084748,-0.3846534266066366,-0.041577806141200276,-1.2768161318486142
28,54,ens_caruana_bag20_calibrated_importance,ens_id51_plus_potent_noaux_a30_delta_g050,0.4148648161452291,0.409582091172509,-0.0052827249727200876,0.00014203337332707733,0.05362999763308986,-0.3078444332084748,-0.3846534266066366,-0.041577806141200276,-1.2768161318486142
29,54,ens_caruana_bag20_calibrated_importance,ens_id51_plus_potent_noaux_a30_delta_g050,0.4189477353901447,0.409582091172509,-0.009365644217635694,0.004799200804456283,0.05362999763308986,-0.3078444332084748,-0.3846534266066366,-0.041577806141200276,-1.2768161318486142
30,54,ens_caruana_bag20_calibrated_importance,ens_id51_plus_potent_noaux_a30_delta_g050,0.408442464692175,0.409582091172509,0.0011396264803339995,-0.0010494889713057454,0.05362999763308986,-0.3078444332084748,-0.3846534266066366,-0.041577806141200276,-1.2768161318486142
31,54,ens_caruana_bag20_calibrated_importance,ens_id51_plus_potent_noaux_a30_delta_g050,0.4078471063458229,0.409582091172509,0.0017349848266861034,-0.0005836584768024178,0.05362999763308986,-0.3078444332084748,-0.3846534266066366,-0.041577806141200276,-1.2768161318486142
32,54,ens_caruana_bag20_calibrated_importance,ens_id51_plus_potent_noaux_a30_delta_g050,0.4078471063458229,0.409582091172509,0.0017349848266861034,-0.0005836584768024178,0.05362999763308986,-0.3078444332084748,-0.3846534266066366,-0.041577806141200276,-1.2768161318486142
38,54,ens_caruana_bag20_calibrated_importance,ens_id51_plus_potent_noaux_a30_delta_g050,0.4109513858637011,0.409582091172509,-0.0013692946911921244,0.005134152821941629,0.05362999763308986,-0.3078444332084748,-0.3846534266066366,-0.041577806141200276,-1.2768161318486142
39,54,ens_caruana_bag20_calibrated_importance,ens_id51_plus_potent_noaux_a30_delta_g050,0.4080327859318756,0.409582091172509,0.001549305240633403,-0.0016549728941082087,0.05362999763308986,-0.3078444332084748,-0.3846534266066366,-0.041577806141200276,-1.2768161318486142
40,54,ens_caruana_bag20_calibrated_importance,ens_id51_plus_potent_noaux_a30_delta_g050,0.4110413223574798,0.409582091172509,-0.0014592311849708217,0.0011793382327814905,0.05362999763308986,-0.3078444332084748,-0.3846534266066366,-0.041577806141200276,-1.2768161318486142
41,54,ens_caruana_bag20_calibrated_importance,ens_id51_plus_potent_noaux_a30_delta_g050,0.4137047577516737,0.409582091172509,-0.004122666579164713,0.00792254413388982,0.05362999763308986,-0.3078444332084748,-0.3846534266066366,-0.041577806141200276,-1.2768161318486142
42,54,ens_caruana_bag20_calibrated_importance,ens_id51_plus_potent_noaux_a30_delta_g050,0.409074454235369,0.409582091172509,0.0005076369371400102,-0.00270911450829725,0.05362999763308986,-0.3078444332084748,-0.3846534266066366,-0.041577806141200276,-1.2768161318486142
16,20,ens_caruana_bag20_calibrated_best,ens_caruana_bag20_calibrated_blend,0.4357788073667819,0.4168366368422205,-0.018942170524561375,0.0052728551111654864,0.09184835911145098,-0.308368194750301,-0.3600726846331786,-0.008975865163118695,-0.8184673459177539
17,20,ens_caruana_bag20_calibrated_best,ens_caruana_bag20_calibrated_blend,0.4318297602126632,0.4168366368422205,-0.01499312337044273,0.00033906036516095917,0.09184835911145098,-0.308368194750301,-0.3600726846331786,-0.008975865163118695,-0.8184673459177539
18,20,ens_caruana_bag20_calibrated_best,ens_caruana_bag20_calibrated_blend,0.4244185733497787,0.4168366368422205,-0.007581936507558229,-0.0016208364103282857,0.09184835911145098,-0.308368194750301,-0.3600726846331786,-0.008975865163118695,-0.8184673459177539
19,48,ens_caruana_bag20_calibrated_importance,ens_meta_axis_a343,0.4154008268960474,0.4074004936698981,-0.008000333226149292,0.0007483014788370879,0.04894311270570019,-0.31185776790828235,-0.3819469390380647,-0.04876222714676847,-1.2578210598314554
21,48,ens_caruana_bag20_calibrated_importance,ens_meta_axis_a343,0.4154008268960474,0.4074004936698981,-0.008000333226149292,0.0007483014788370879,0.04894311270570019,-0.31185776790828235,-0.3819469390380647,-0.04876222714676847,-1.2578210598314554
22,48,ens_caruana_bag20_calibrated_importance,ens_meta_axis_a343,0.4152122396657471,0.4074004936698981,-0.007811745995848995,0.0004309555719613778,0.04894311270570019,-0.31185776790828235,-0.3819469390380647,-0.04876222714676847,-1.2578210598314554
23,48,ens_caruana_bag20_calibrated_importance,ens_meta_axis_a343,0.4148648161452291,0.4074004936698981,-0.0074643224753309645,0.002462179093842054,0.04894311270570019,-0.31185776790828235,-0.3819469390380647,-0.04876222714676847,-1.2578210598314554
24,48,ens_caruana_bag20_calibrated_importance,ens_meta_axis_a343,0.4200188468957465,0.4074004936698981,-0.012618353225848367,0.005943364741827661,0.04894311270570019,-0.31185776790828235,-0.3819469390380647,-0.04876222714676847,-1.2578210598314554
28,48,ens_caruana_bag20_calibrated_importance,ens_meta_axis_a343,0.4148648161452291,0.4074004936698981,-0.0074643224753309645,0.002462179093842054,0.04894311270570019,-0.31185776790828235,-0.3819469390380647,-0.04876222714676847,-1.2578210598314554
29,48,ens_caruana_bag20_calibrated_importance,ens_meta_axis_a343,0.4189477353901447,0.4074004936698981,-0.01154724172024657,0.0071193465249712595,0.04894311270570019,-0.31185776790828235,-0.3819469390380647,-0.04876222714676847,-1.2578210598314554
30,48,ens_caruana_bag20_calibrated_importance,ens_meta_axis_a343,0.408442464692175,0.4074004936698981,-0.0010419710222768774,0.0012706567492092313,0.04894311270570019,-0.31185776790828235,-0.3819469390380647,-0.04876222714676847,-1.2578210598314554
31,48,ens_caruana_bag20_calibrated_importance,ens_meta_axis_a343,0.4078471063458229,0.4074004936698981,-0.0004466126759247735,0.001736487243712559,0.04894311270570019,-0.31185776790828235,-0.3819469390380647,-0.04876222714676847,-1.2578210598314554
32,48,ens_caruana_bag20_calibrated_importance,ens_meta_axis_a343,0.4078471063458229,0.4074004936698981,-0.0004466126759247735,0.001736487243712559,0.04894311270570019,-0.31185776790828235,-0.3819469390380647,-0.04876222714676847,-1.2578210598314554
38,48,ens_caruana_bag20_calibrated_importance,ens_meta_axis_a343,0.4109513858637011,0.4074004936698981,-0.0035508921938030014,0.0074542985424566055,0.04894311270570019,-0.31185776790828235,-0.3819469390380647,-0.04876222714676847,-1.2578210598314554
39,48,ens_caruana_bag20_calibrated_importance,ens_meta_axis_a343,0.4080327859318756,0.4074004936698981,-0.000632292261977474,0.000665172826406768,0.04894311270570019,-0.31185776790828235,-0.3819469390380647,-0.04876222714676847,-1.2578210598314554
40,48,ens_caruana_bag20_calibrated_importance,ens_meta_axis_a343,0.4110413223574798,0.4074004936698981,-0.0036408286875816986,0.0034994839532964672,0.04894311270570019,-0.31185776790828235,-0.3819469390380647,-0.04876222714676847,-1.2578210598314554
41,48,ens_caruana_bag20_calibrated_importance,ens_meta_axis_a343,0.4137047577516737,0.4074004936698981,-0.00630426408177559,0.010242689854404796,0.04894311270570019,-0.31185776790828235,-0.3819469390380647,-0.04876222714676847,-1.2578210598314554
42,48,ens_caruana_bag20_calibrated_importance,ens_meta_axis_a343,0.409074454235369,0.4074004936698981,-0.0016739605654708667,-0.0003889687877822734,0.04894311270570019,-0.31185776790828235,-0.3819469390380647,-0.04876222714676847,-1.2578210598314554
45,50,ens_caruana_bag20_admet_ai_no_log2fc_calibrated_importance,ens_internal_decor_cap101_bf50_b40_i1_l20,0.4093625824408419,0.4092437336283291,-0.00011884881251278401,0.0029378360309324503,0.03446780057942106,-0.3185137074869778,-0.38864625918675283,-0.11880158000267446,-1.5078152836750083
19,43,ens_caruana_bag20_calibrated_importance,ens_hybrid_meta_baseline_5050,0.4154008268960474,0.4074838675224626,-0.007916959373584831,0.0006149993197034354,0.05293568784674974,-0.32167889314955045,-0.39257585739319617,-0.04433320082503757,-1.3398411870890024
19,47,ens_caruana_bag20_calibrated_importance,ens_hybrid_meta_baseline_5050,0.4154008268960474,0.4074838675224626,-0.007916959373584831,0.0006149993197034354,0.05293568784674974,-0.32167889314955045,-0.39257585739319617,-0.04433320082503757,-1.3398411870890024
21,43,ens_caruana_bag20_calibrated_importance,ens_hybrid_meta_baseline_5050,0.4154008268960474,0.4074838675224626,-0.007916959373584831,0.0006149993197034354,0.05293568784674974,-0.32167889314955045,-0.39257585739319617,-0.04433320082503757,-1.3398411870890024
21,47,ens_caruana_bag20_calibrated_importance,ens_hybrid_meta_baseline_5050,0.4154008268960474,0.4074838675224626,-0.007916959373584831,0.0006149993197034354,0.05293568784674974,-0.32167889314955045,-0.39257585739319617,-0.04433320082503757,-1.3398411870890024
22,43,ens_caruana_bag20_calibrated_importance,ens_hybrid_meta_baseline_5050,0.4152122396657471,0.4074838675224626,-0.007728372143284534,0.0002976534128277253,0.05293568784674974,-0.32167889314955045,-0.39257585739319617,-0.04433320082503757,-1.3398411870890024
22,47,ens_caruana_bag20_calibrated_importance,ens_hybrid_meta_baseline_5050,0.4152122396657471,0.4074838675224626,-0.007728372143284534,0.0002976534128277253,0.05293568784674974,-0.32167889314955045,-0.39257585739319617,-0.04433320082503757,-1.3398411870890024
23,43,ens_caruana_bag20_calibrated_importance,ens_hybrid_meta_baseline_5050,0.4148648161452291,0.4074838675224626,-0.007380948622766503,0.0023288769347084015,0.05293568784674974,-0.32167889314955045,-0.39257585739319617,-0.04433320082503757,-1.3398411870890024
23,47,ens_caruana_bag20_calibrated_importance,ens_hybrid_meta_baseline_5050,0.4148648161452291,0.4074838675224626,-0.007380948622766503,0.0023288769347084015,0.05293568784674974,-0.32167889314955045,-0.39257585739319617,-0.04433320082503757,-1.3398411870890024
24,43,ens_caruana_bag20_calibrated_importance,ens_hybrid_meta_baseline_5050,0.4200188468957465,0.4074838675224626,-0.012534979373283905,0.005810062582694009,0.05293568784674974,-0.32167889314955045,-0.39257585739319617,-0.04433320082503757,-1.3398411870890024
24,47,ens_caruana_bag20_calibrated_importance,ens_hybrid_meta_baseline_5050,0.4200188468957465,0.4074838675224626,-0.012534979373283905,0.005810062582694009,0.05293568784674974,-0.32167889314955045,-0.39257585739319617,-0.04433320082503757,-1.3398411870890024
28,43,ens_caruana_bag20_calibrated_importance,ens_hybrid_meta_baseline_5050,0.4148648161452291,0.4074838675224626,-0.007380948622766503,0.0023288769347084015,0.05293568784674974,-0.32167889314955045,-0.39257585739319617,-0.04433320082503757,-1.3398411870890024
28,47,ens_caruana_bag20_calibrated_importance,ens_hybrid_meta_baseline_5050,0.4148648161452291,0.4074838675224626,-0.007380948622766503,0.0023288769347084015,0.05293568784674974,-0.32167889314955045,-0.39257585739319617,-0.04433320082503757,-1.3398411870890024
29,43,ens_caruana_bag20_calibrated_importance,ens_hybrid_meta_baseline_5050,0.4189477353901447,0.4074838675224626,-0.01146386786768211,0.006986044365837607,0.05293568784674974,-0.32167889314955045,-0.39257585739319617,-0.04433320082503757,-1.3398411870890024
29,47,ens_caruana_bag20_calibrated_importance,ens_hybrid_meta_baseline_5050,0.4189477353901447,0.4074838675224626,-0.01146386786768211,0.006986044365837607,0.05293568784674974,-0.32167889314955045,-0.39257585739319617,-0.04433320082503757,-1.3398411870890024
30,43,ens_caruana_bag20_calibrated_importance,ens_hybrid_meta_baseline_5050,0.408442464692175,0.4074838675224626,-0.0009585971697124163,0.0011373545900755788,0.05293568784674974,-0.32167889314955045,-0.39257585739319617,-0.04433320082503757,-1.3398411870890024
30,47,ens_caruana_bag20_calibrated_importance,ens_hybrid_meta_baseline_5050,0.408442464692175,0.4074838675224626,-0.0009585971697124163,0.0011373545900755788,0.05293568784674974,-0.32167889314955045,-0.39257585739319617,-0.04433320082503757,-1.3398411870890024
31,43,ens_caruana_bag20_calibrated_importance,ens_hybrid_meta_baseline_5050,0.4078471063458229,0.4074838675224626,-0.0003632388233603123,0.0016031850845789064,0.05293568784674974,-0.32167889314955045,-0.39257585739319617,-0.04433320082503757,-1.3398411870890024
31,47,ens_caruana_bag20_calibrated_importance,ens_hybrid_meta_baseline_5050,0.4078471063458229,0.4074838675224626,-0.0003632388233603123,0.0016031850845789064,0.05293568784674974,-0.32167889314955045,-0.39257585739319617,-0.04433320082503757,-1.3398411870890024
32,43,ens_caruana_bag20_calibrated_importance,ens_hybrid_meta_baseline_5050,0.4078471063458229,0.4074838675224626,-0.0003632388233603123,0.0016031850845789064,0.05293568784674974,-0.32167889314955045,-0.39257585739319617,-0.04433320082503757,-1.3398411870890024
32,47,ens_caruana_bag20_calibrated_importance,ens_hybrid_meta_baseline_5050,0.4078471063458229,0.4074838675224626,-0.0003632388233603123,0.0016031850845789064,0.05293568784674974,-0.32167889314955045,-0.39257585739319617,-0.04433320082503757,-1.3398411870890024
38,43,ens_caruana_bag20_calibrated_importance,ens_hybrid_meta_baseline_5050,0.4109513858637011,0.4074838675224626,-0.00346751834123854,0.007320996383322953,0.05293568784674974,-0.32167889314955045,-0.39257585739319617,-0.04433320082503757,-1.3398411870890024
38,47,ens_caruana_bag20_calibrated_importance,ens_hybrid_meta_baseline_5050,0.4109513858637011,0.4074838675224626,-0.00346751834123854,0.007320996383322953,0.05293568784674974,-0.32167889314955045,-0.39257585739319617,-0.04433320082503757,-1.3398411870890024
39,43,ens_caruana_bag20_calibrated_importance,ens_hybrid_meta_baseline_5050,0.4080327859318756,0.4074838675224626,-0.0005489184094130128,0.0005318706672731155,0.05293568784674974,-0.32167889314955045,-0.39257585739319617,-0.04433320082503757,-1.3398411870890024
39,47,ens_caruana_bag20_calibrated_importance,ens_hybrid_meta_baseline_5050,0.4080327859318756,0.4074838675224626,-0.0005489184094130128,0.0005318706672731155,0.05293568784674974,-0.32167889314955045,-0.39257585739319617,-0.04433320082503757,-1.3398411870890024
40,43,ens_caruana_bag20_calibrated_importance,ens_hybrid_meta_baseline_5050,0.4110413223574798,0.4074838675224626,-0.0035574548350172375,0.0033661817941628147,0.05293568784674974,-0.32167889314955045,-0.39257585739319617,-0.04433320082503757,-1.3398411870890024
40,47,ens_caruana_bag20_calibrated_importance,ens_hybrid_meta_baseline_5050,0.4110413223574798,0.4074838675224626,-0.0035574548350172375,0.0033661817941628147,0.05293568784674974,-0.32167889314955045,-0.39257585739319617,-0.04433320082503757,-1.3398411870890024
41,43,ens_caruana_bag20_calibrated_importance,ens_hybrid_meta_baseline_5050,0.4137047577516737,0.4074838675224626,-0.006220890229211129,0.010109387695271144,0.05293568784674974,-0.32167889314955045,-0.39257585739319617,-0.04433320082503757,-1.3398411870890024
41,47,ens_caruana_bag20_calibrated_importance,ens_hybrid_meta_baseline_5050,0.4137047577516737,0.4074838675224626,-0.006220890229211129,0.010109387695271144,0.05293568784674974,-0.32167889314955045,-0.39257585739319617,-0.04433320082503757,-1.3398411870890024
42,43,ens_caruana_bag20_calibrated_importance,ens_hybrid_meta_baseline_5050,0.409074454235369,0.4074838675224626,-0.0015905867129064055,-0.0005222709469159259,0.05293568784674974,-0.32167889314955045,-0.39257585739319617,-0.04433320082503757,-1.3398411870890024
42,47,ens_caruana_bag20_calibrated_importance,ens_hybrid_meta_baseline_5050,0.409074454235369,0.4074838675224626,-0.0015905867129064055,-0.0005222709469159259,0.05293568784674974,-0.32167889314955045,-0.39257585739319617,-0.04433320082503757,-1.3398411870890024
19,44,ens_caruana_bag20_calibrated_importance,ens_caruana_bag20_anchor_residual,0.4154008268960474,0.4090205188659963,-0.0063803080300511295,-0.0016739045732031554,0.047381661607617295,-0.3337971719645832,-0.4164592360361927,-0.0522805635754231,-1.2659880924496585
21,44,ens_caruana_bag20_calibrated_importance,ens_caruana_bag20_anchor_residual,0.4154008268960474,0.4090205188659963,-0.0063803080300511295,-0.0016739045732031554,0.047381661607617295,-0.3337971719645832,-0.4164592360361927,-0.0522805635754231,-1.2659880924496585
22,44,ens_caruana_bag20_calibrated_importance,ens_caruana_bag20_anchor_residual,0.4152122396657471,0.4090205188659963,-0.006191720799750833,-0.0019912504800788655,0.047381661607617295,-0.3337971719645832,-0.4164592360361927,-0.0522805635754231,-1.2659880924496585
23,44,ens_caruana_bag20_calibrated_importance,ens_caruana_bag20_anchor_residual,0.4148648161452291,0.4090205188659963,-0.005844297279232802,3.9973041801810716e-05,0.047381661607617295,-0.3337971719645832,-0.4164592360361927,-0.0522805635754231,-1.2659880924496585
24,44,ens_caruana_bag20_calibrated_importance,ens_caruana_bag20_anchor_residual,0.4200188468957465,0.4090205188659963,-0.010998328029750204,0.003521158689787418,0.047381661607617295,-0.3337971719645832,-0.4164592360361927,-0.0522805635754231,-1.2659880924496585
28,44,ens_caruana_bag20_calibrated_importance,ens_caruana_bag20_anchor_residual,0.4148648161452291,0.4090205188659963,-0.005844297279232802,3.9973041801810716e-05,0.047381661607617295,-0.3337971719645832,-0.4164592360361927,-0.0522805635754231,-1.2659880924496585
29,44,ens_caruana_bag20_calibrated_importance,ens_caruana_bag20_anchor_residual,0.4189477353901447,0.4090205188659963,-0.009927216524148408,0.004697140472931016,0.047381661607617295,-0.3337971719645832,-0.4164592360361927,-0.0522805635754231,-1.2659880924496585
30,44,ens_caruana_bag20_calibrated_importance,ens_caruana_bag20_anchor_residual,0.408442464692175,0.4090205188659963,0.0005780541738212852,-0.001151549302831012,0.047381661607617295,-0.3337971719645832,-0.4164592360361927,-0.0522805635754231,-1.2659880924496585
31,44,ens_caruana_bag20_calibrated_importance,ens_caruana_bag20_anchor_residual,0.4078471063458229,0.4090205188659963,0.0011734125201733892,-0.0006857188083276844,0.047381661607617295,-0.3337971719645832,-0.4164592360361927,-0.0522805635754231,-1.2659880924496585
32,44,ens_caruana_bag20_calibrated_importance,ens_caruana_bag20_anchor_residual,0.4078471063458229,0.4090205188659963,0.0011734125201733892,-0.0006857188083276844,0.047381661607617295,-0.3337971719645832,-0.4164592360361927,-0.0522805635754231,-1.2659880924496585
38,44,ens_caruana_bag20_calibrated_importance,ens_caruana_bag20_anchor_residual,0.4109513858637011,0.4090205188659963,-0.0019308669977048387,0.005032092490416362,0.047381661607617295,-0.3337971719645832,-0.4164592360361927,-0.0522805635754231,-1.2659880924496585
39,44,ens_caruana_bag20_calibrated_importance,ens_caruana_bag20_anchor_residual,0.4080327859318756,0.4090205188659963,0.0009877329341206886,-0.0017570332256334753,0.047381661607617295,-0.3337971719645832,-0.4164592360361927,-0.0522805635754231,-1.2659880924496585
40,44,ens_caruana_bag20_calibrated_importance,ens_caruana_bag20_anchor_residual,0.4110413223574798,0.4090205188659963,-0.002020803491483536,0.001077277901256224,0.047381661607617295,-0.3337971719645832,-0.4164592360361927,-0.0522805635754231,-1.2659880924496585
41,44,ens_caruana_bag20_calibrated_importance,ens_caruana_bag20_anchor_residual,0.4137047577516737,0.4090205188659963,-0.0046842388856774275,0.007820483802364553,0.047381661607617295,-0.3337971719645832,-0.4164592360361927,-0.0522805635754231,-1.2659880924496585
42,44,ens_caruana_bag20_calibrated_importance,ens_caruana_bag20_anchor_residual,0.409074454235369,0.4090205188659963,-5.3935369372704045e-05,-0.0028111748398225167,0.047381661607617295,-0.3337971719645832,-0.4164592360361927,-0.0522805635754231,-1.2659880924496585
19,50,ens_caruana_bag20_calibrated_importance,ens_internal_decor_cap101_bf50_b40_i1_l20,0.4154008268960474,0.4092437336283291,-0.006157093267718294,-0.0006347416906562486,0.05191891229407961,-0.338422391462465,-0.40727831906690615,-0.08251143870203423,-2.320148565842404
21,50,ens_caruana_bag20_calibrated_importance,ens_internal_decor_cap101_bf50_b40_i1_l20,0.4154008268960474,0.4092437336283291,-0.006157093267718294,-0.0006347416906562486,0.05191891229407961,-0.338422391462465,-0.40727831906690615,-0.08251143870203423,-2.320148565842404
22,50,ens_caruana_bag20_calibrated_importance,ens_internal_decor_cap101_bf50_b40_i1_l20,0.4152122396657471,0.4092437336283291,-0.005968506037417998,-0.0009520875975319587,0.05191891229407961,-0.338422391462465,-0.40727831906690615,-0.08251143870203423,-2.320148565842404
23,50,ens_caruana_bag20_calibrated_importance,ens_internal_decor_cap101_bf50_b40_i1_l20,0.4148648161452291,0.4092437336283291,-0.005621082516899967,0.0010791359243487175,0.05191891229407961,-0.338422391462465,-0.40727831906690615,-0.08251143870203423,-2.320148565842404
24,50,ens_caruana_bag20_calibrated_importance,ens_internal_decor_cap101_bf50_b40_i1_l20,0.4200188468957465,0.4092437336283291,-0.010775113267417369,0.004560321572334325,0.05191891229407961,-0.338422391462465,-0.40727831906690615,-0.08251143870203423,-2.320148565842404
28,50,ens_caruana_bag20_calibrated_importance,ens_internal_decor_cap101_bf50_b40_i1_l20,0.4148648161452291,0.4092437336283291,-0.005621082516899967,0.0010791359243487175,0.05191891229407961,-0.338422391462465,-0.40727831906690615,-0.08251143870203423,-2.320148565842404
29,50,ens_caruana_bag20_calibrated_importance,ens_internal_decor_cap101_bf50_b40_i1_l20,0.4189477353901447,0.4092437336283291,-0.009704001761815573,0.005736303355477923,0.05191891229407961,-0.338422391462465,-0.40727831906690615,-0.08251143870203423,-2.320148565842404
30,50,ens_caruana_bag20_calibrated_importance,ens_internal_decor_cap101_bf50_b40_i1_l20,0.408442464692175,0.4092437336283291,0.0008012689361541203,-0.00011238642028410517,0.05191891229407961,-0.338422391462465,-0.40727831906690615,-0.08251143870203423,-2.320148565842404
31,50,ens_caruana_bag20_calibrated_importance,ens_internal_decor_cap101_bf50_b40_i1_l20,0.4078471063458229,0.4092437336283291,0.0013966272825062243,0.0003534440742192224,0.05191891229407961,-0.338422391462465,-0.40727831906690615,-0.08251143870203423,-2.320148565842404
32,50,ens_caruana_bag20_calibrated_importance,ens_internal_decor_cap101_bf50_b40_i1_l20,0.4078471063458229,0.4092437336283291,0.0013966272825062243,0.0003534440742192224,0.05191891229407961,-0.338422391462465,-0.40727831906690615,-0.08251143870203423,-2.320148565842404
38,50,ens_caruana_bag20_calibrated_importance,ens_internal_decor_cap101_bf50_b40_i1_l20,0.4109513858637011,0.4092437336283291,-0.0017076522353720036,0.006071255372963269,0.05191891229407961,-0.338422391462465,-0.40727831906690615,-0.08251143870203423,-2.320148565842404
39,50,ens_caruana_bag20_calibrated_importance,ens_internal_decor_cap101_bf50_b40_i1_l20,0.4080327859318756,0.4092437336283291,0.0012109476964535237,-0.0007178703430865685,0.05191891229407961,-0.338422391462465,-0.40727831906690615,-0.08251143870203423,-2.320148565842404
40,50,ens_caruana_bag20_calibrated_importance,ens_internal_decor_cap101_bf50_b40_i1_l20,0.4110413223574798,0.4092437336283291,-0.001797588729150701,0.0021164407838031307,0.05191891229407961,-0.338422391462465,-0.40727831906690615,-0.08251143870203423,-2.320148565842404
41,50,ens_caruana_bag20_calibrated_importance,ens_internal_decor_cap101_bf50_b40_i1_l20,0.4137047577516737,0.4092437336283291,-0.004461024123344592,0.00885964668491146,0.05191891229407961,-0.338422391462465,-0.40727831906690615,-0.08251143870203423,-2.320148565842404
42,50,ens_caruana_bag20_calibrated_importance,ens_internal_decor_cap101_bf50_b40_i1_l20,0.409074454235369,0.4092437336283291,0.00016927939296013106,-0.00177201195727561,0.05191891229407961,-0.338422391462465,-0.40727831906690615,-0.08251143870203423,-2.320148565842404
2,4,ens_l2_a0.1,lgbm_mordred_jazzy_analog,0.498861930443137,0.5800392896586687,0.08117735921553171,-0.08032366568428972,0.3163222921983354,-0.36784756370413224,-0.4114919082011748,-0.011684547145222875,-12.476092708326066
1,4,ens_l2_a0.05,lgbm_mordred_jazzy_analog,0.5017546613967405,0.5800392896586687,0.07828462826192817,-0.07947643102168478,0.33468610578377417,-0.3866588959739534,-0.43583798769580934,-0.011484067634187635,-13.512299044032877
2,6,ens_l2_a0.1,lgbm_mordred_jazzy_umap,0.498861930443137,0.5736643023301617,0.07480237188702477,-0.07667888275737966,0.3086588795741685,-0.4042884005210414,-0.4517593318546191,-0.013074080249575506,-12.997487238436994
1,2,ens_l2_a0.05,ens_l2_a0.1,0.5017546613967405,0.498861930443137,-0.0028927309536035395,0.0008472346626049454,0.029485596437916504,-0.4136845188099106,-0.4923048740014838,-0.1157221985105057,-1.0362063357068085
1,9,ens_l2_a0.05,ens_l2_a0.1,0.5017546613967405,0.4958329809469373,-0.005921680449803235,-0.0030589091756761944,0.029485596437916504,-0.4136845188099106,-0.4923048740014838,-0.1157221985105057,-1.0362063357068085
3,4,ens_vanilla,lgbm_mordred_jazzy_analog,0.498861930443137,0.5800392896586687,0.08117735921553171,-0.08032366568428972,0.3777572503440894,-0.417175585867142,-0.4703360029334645,-0.010719921938953292,-15.660850662599678
1,13,ens_l2_a0.05,ens_caruana_bag20,0.5017546613967405,0.4414270025507814,-0.06032765884595914,0.04224173794279107,0.02455799917041186,-0.4218261795546632,-0.48690942220860434,-0.1326724683982675,-0.8457909288184579
1,14,ens_l2_a0.05,ens_caruana_bag20,0.5017546613967405,0.4430377590818476,-0.058716902314892905,0.040484256998157164,0.02455799917041186,-0.4218261795546632,-0.48690942220860434,-0.1326724683982675,-0.8457909288184579
1,15,ens_l2_a0.05,ens_caruana_bag20,0.5017546613967405,0.4423088470924464,-0.05944581430429413,0.042340491459611385,0.02455799917041186,-0.4218261795546632,-0.48690942220860434,-0.1326724683982675,-0.8457909288184579
1,25,ens_l2_a0.05,ens_caruana_bag20,0.5017546613967405,0.4290789893593625,-0.07267567203737801,0.04790828649010537,0.02455799917041186,-0.4218261795546632,-0.48690942220860434,-0.1326724683982675,-0.8457909288184579
1,6,ens_l2_a0.05,lgbm_mordred_jazzy_umap,0.5017546613967405,0.5736643023301617,0.07190964093342123,-0.07583164809477472,0.32616895822951275,-0.42195916972527436,-0.4738245108468802,-0.012767268238877106,-14.033693574143806
19,20,ens_caruana_bag20_calibrated_importance,ens_caruana_bag20_calibrated_blend,0.4154008268960474,0.4168366368422205,0.0014358099461730944,0.0,0.10406867959351794,-0.42975864890248644,-0.5000953864215696,-0.04218388377145992,-4.528909226993868
2,12,ens_l2_a0.1,tabpfn_2d_full_boltz_umap,0.498861930443137,0.4901986309079051,-0.008663299535231872,-0.009005849648564657,0.22327875282518633,-0.43808045662830014,-0.5218083602879571,-0.008549032987666827,-5.262844791459773
9,12,ens_l2_a0.1,tabpfn_2d_full_boltz_umap,0.4958329809469373,0.4901986309079051,-0.005634350039032177,-0.005099705810283517,0.22327875282518633,-0.43808045662830014,-0.5218083602879571,-0.008549032987666827,-5.262844791459773
3,6,ens_vanilla,lgbm_mordred_jazzy_umap,0.498861930443137,0.5736643023301617,0.07480237188702477,-0.07667888275737966,0.3678818548185524,-0.44992944734578016,-0.50487714532939,-0.01178948517912272,-16.18224519271061
3,13,ens_vanilla,ens_caruana_bag20,0.498861930443137,0.4414270025507814,-0.0574349278923556,0.04139450328018612,0.08183535894770319,-0.4512946293559245,-0.5158840605423018,-0.04338975474697129,-2.994342547385261
3,14,ens_vanilla,ens_caruana_bag20,0.498861930443137,0.4430377590818476,-0.055824171361289365,0.03963702233555222,0.08183535894770319,-0.4512946293559245,-0.5158840605423018,-0.04338975474697129,-2.994342547385261
3,15,ens_vanilla,ens_caruana_bag20,0.498861930443137,0.4423088470924464,-0.05655308335069059,0.04149325679700644,0.08183535894770319,-0.4512946293559245,-0.5158840605423018,-0.04338975474697129,-2.994342547385261
3,25,ens_vanilla,ens_caruana_bag20,0.498861930443137,0.4290789893593625,-0.06978294108377447,0.04706105182750042,0.08183535894770319,-0.4512946293559245,-0.5158840605423018,-0.04338975474697129,-2.994342547385261
7,13,ens_vanilla,ens_caruana_bag20,0.4936105473025923,0.4414270025507814,-0.05218354475181092,0.043069783130135875,0.08183535894770319,-0.4512946293559245,-0.5158840605423018,-0.04338975474697129,-2.994342547385261
7,14,ens_vanilla,ens_caruana_bag20,0.4936105473025923,0.4430377590818476,-0.05057278822074468,0.04131230218550197,0.08183535894770319,-0.4512946293559245,-0.5158840605423018,-0.04338975474697129,-2.994342547385261
7,15,ens_vanilla,ens_caruana_bag20,0.4936105473025923,0.4423088470924464,-0.051301700210145906,0.04316853664695619,0.08183535894770319,-0.4512946293559245,-0.5158840605423018,-0.04338975474697129,-2.994342547385261
7,25,ens_vanilla,ens_caruana_bag20,0.4936105473025923,0.4290789893593625,-0.06453155794322979,0.04873633167745017,0.08183535894770319,-0.4512946293559245,-0.5158840605423018,-0.04338975474697129,-2.994342547385261
10,13,ens_vanilla,ens_caruana_bag20,0.4772064783754661,0.4414270025507814,-0.035779475824684714,0.03209326503085497,0.08183535894770319,-0.4512946293559245,-0.5158840605423018,-0.04338975474697129,-2.994342547385261
10,14,ens_vanilla,ens_caruana_bag20,0.4772064783754661,0.4430377590818476,-0.03416871929361848,0.030335784086221063,0.08183535894770319,-0.4512946293559245,-0.5158840605423018,-0.04338975474697129,-2.994342547385261
10,15,ens_vanilla,ens_caruana_bag20,0.4772064783754661,0.4423088470924464,-0.0348976312830197,0.03219201854767528,0.08183535894770319,-0.4512946293559245,-0.5158840605423018,-0.04338975474697129,-2.994342547385261
10,25,ens_vanilla,ens_caruana_bag20,0.4772064783754661,0.4290789893593625,-0.048127489016103586,0.037759813578169266,0.08183535894770319,-0.4512946293559245,-0.5158840605423018,-0.04338975474697129,-2.994342547385261
11,13,ens_vanilla,ens_caruana_bag20,0.478321277597625,0.4414270025507814,-0.036894275046843616,0.027613009931963473,0.08183535894770319,-0.4512946293559245,-0.5158840605423018,-0.04338975474697129,-2.994342547385261
11,14,ens_vanilla,ens_caruana_bag20,0.478321277597625,0.4430377590818476,-0.03528351851577738,0.025855528987329568,0.08183535894770319,-0.4512946293559245,-0.5158840605423018,-0.04338975474697129,-2.994342547385261
11,15,ens_vanilla,ens_caruana_bag20,0.478321277597625,0.4423088470924464,-0.036012430505178605,0.02771176344878379,0.08183535894770319,-0.4512946293559245,-0.5158840605423018,-0.04338975474697129,-2.994342547385261
11,25,ens_vanilla,ens_caruana_bag20,0.478321277597625,0.4290789893593625,-0.04924228823826249,0.03327955847927777,0.08183535894770319,-0.4512946293559245,-0.5158840605423018,-0.04338975474697129,-2.994342547385261
1,12,ens_l2_a0.05,tabpfn_2d_full_boltz_umap,0.5017546613967405,0.4901986309079051,-0.011556030488835412,-0.008158614985959711,0.24191844980566635,-0.45531930364195783,-0.5496521556731543,-0.008932820820948907,-6.2990511271665826
3,9,ens_vanilla,ens_l2_a0.1,0.498861930443137,0.4958329809469373,-0.0030289494961996954,-0.0039061438382811398,0.08516128991071599,-0.4596808006581675,-0.5281343815263888,-0.04375619108634986,-3.184757954273612
7,9,ens_vanilla,ens_l2_a0.1,0.4936105473025923,0.4958329809469373,0.00222243364434499,-0.0022308639883313885,0.08516128991071599,-0.4596808006581675,-0.5281343815263888,-0.04375619108634986,-3.184757954273612
3,12,ens_vanilla,tabpfn_2d_full_boltz_umap,0.498861930443137,0.4901986309079051,-0.008663299535231872,-0.009005849648564657,0.29048125314088197,-0.4754370695765299,-0.5684587912832991,-0.00877987477190225,-8.447602745733386
7,12,ens_vanilla,tabpfn_2d_full_boltz_umap,0.4936105473025923,0.4901986309079051,-0.0034119163946871867,-0.007330569798614905,0.29048125314088197,-0.4754370695765299,-0.5684587912832991,-0.00877987477190225,-8.447602745733386
10,12,ens_vanilla,tabpfn_2d_full_boltz_umap,0.4772064783754661,0.4901986309079051,0.012992152532439016,-0.018307087897895813,0.29048125314088197,-0.4754370695765299,-0.5684587912832991,-0.00877987477190225,-8.447602745733386
11,12,ens_vanilla,tabpfn_2d_full_boltz_umap,0.478321277597625,0.4901986309079051,0.011877353310280114,-0.022787342996787308,0.29048125314088197,-0.4754370695765299,-0.5684587912832991,-0.00877987477190225,-8.447602745733386
19,25,ens_caruana_bag20_calibrated_importance,ens_caruana_bag20,0.4154008268960474,0.4290789893593625,0.013678162463315102,0.0002949399193284963,0.07820241919032911,-0.6640436763150175,-0.8393399556045048,-0.11170516987072021,-5.717179746259961
21,25,ens_caruana_bag20_calibrated_importance,ens_caruana_bag20,0.4154008268960474,0.4290789893593625,0.013678162463315102,0.0002949399193284963,0.07820241919032911,-0.6640436763150175,-0.8393399556045048,-0.11170516987072021,-5.717179746259961
22,25,ens_caruana_bag20_calibrated_importance,ens_caruana_bag20,0.4152122396657471,0.4290789893593625,0.013866749693615399,-2.240598754721379e-05,0.07820241919032911,-0.6640436763150175,-0.8393399556045048,-0.11170516987072021,-5.717179746259961
23,25,ens_caruana_bag20_calibrated_importance,ens_caruana_bag20,0.4148648161452291,0.4290789893593625,0.01421417321413343,0.0020088175343334624,0.07820241919032911,-0.6640436763150175,-0.8393399556045048,-0.11170516987072021,-5.717179746259961
24,25,ens_caruana_bag20_calibrated_importance,ens_caruana_bag20,0.4200188468957465,0.4290789893593625,0.009060142463616028,0.00549000318231907,0.07820241919032911,-0.6640436763150175,-0.8393399556045048,-0.11170516987072021,-5.717179746259961
19,26,ens_caruana_bag20_calibrated_importance,ens_caruana_bag20_calibrated_best,0.4154008268960474,0.4243494844698721,0.008948657573824681,-0.009567938380075636,0.05239388345222362,-0.6640436763150175,-0.8393399556045048,-0.17004269993669086,-3.710441881076115
19,27,ens_caruana_bag20_calibrated_importance,ens_caruana_bag20_calibrated_best,0.4154008268960474,0.4225677355758737,0.007166908679826278,-0.0017138776150049662,0.05239388345222362,-0.6640436763150175,-0.8393399556045048,-0.17004269993669086,-3.710441881076115
19,36,ens_caruana_bag20_calibrated_importance,ens_caruana_bag20_calibrated_best,0.4154008268960474,0.4145866903151991,-0.0008141365808482792,-0.000988185764875471,0.05239388345222362,-0.6640436763150175,-0.8393399556045048,-0.17004269993669086,-3.710441881076115
21,26,ens_caruana_bag20_calibrated_importance,ens_caruana_bag20_calibrated_best,0.4154008268960474,0.4243494844698721,0.008948657573824681,-0.009567938380075636,0.05239388345222362,-0.6640436763150175,-0.8393399556045048,-0.17004269993669086,-3.710441881076115
21,27,ens_caruana_bag20_calibrated_importance,ens_caruana_bag20_calibrated_best,0.4154008268960474,0.4225677355758737,0.007166908679826278,-0.0017138776150049662,0.05239388345222362,-0.6640436763150175,-0.8393399556045048,-0.17004269993669086,-3.710441881076115
21,36,ens_caruana_bag20_calibrated_importance,ens_caruana_bag20_calibrated_best,0.4154008268960474,0.4145866903151991,-0.0008141365808482792,-0.000988185764875471,0.05239388345222362,-0.6640436763150175,-0.8393399556045048,-0.17004269993669086,-3.710441881076115
22,26,ens_caruana_bag20_calibrated_importance,ens_caruana_bag20_calibrated_best,0.4152122396657471,0.4243494844698721,0.009137244804124978,-0.009885284286951346,0.05239388345222362,-0.6640436763150175,-0.8393399556045048,-0.17004269993669086,-3.710441881076115
22,27,ens_caruana_bag20_calibrated_importance,ens_caruana_bag20_calibrated_best,0.4152122396657471,0.4225677355758737,0.007355495910126575,-0.0020312235218806762,0.05239388345222362,-0.6640436763150175,-0.8393399556045048,-0.17004269993669086,-3.710441881076115
22,36,ens_caruana_bag20_calibrated_importance,ens_caruana_bag20_calibrated_best,0.4152122396657471,0.4145866903151991,-0.0006255493505479826,-0.0013055316717511811,0.05239388345222362,-0.6640436763150175,-0.8393399556045048,-0.17004269993669086,-3.710441881076115
23,26,ens_caruana_bag20_calibrated_importance,ens_caruana_bag20_calibrated_best,0.4148648161452291,0.4243494844698721,0.009484668324643009,-0.00785406076507067,0.05239388345222362,-0.6640436763150175,-0.8393399556045048,-0.17004269993669086,-3.710441881076115
23,27,ens_caruana_bag20_calibrated_importance,ens_caruana_bag20_calibrated_best,0.4148648161452291,0.4225677355758737,0.007702919430644606,0.0,0.05239388345222362,-0.6640436763150175,-0.8393399556045048,-0.17004269993669086,-3.710441881076115
23,36,ens_caruana_bag20_calibrated_importance,ens_caruana_bag20_calibrated_best,0.4148648161452291,0.4145866903151991,-0.0002781258300299516,0.0007256918501294951,0.05239388345222362,-0.6640436763150175,-0.8393399556045048,-0.17004269993669086,-3.710441881076115
24,26,ens_caruana_bag20_calibrated_importance,ens_caruana_bag20_calibrated_best,0.4200188468957465,0.4243494844698721,0.0043306375741256065,-0.004372875117085062,0.05239388345222362,-0.6640436763150175,-0.8393399556045048,-0.17004269993669086,-3.710441881076115
24,27,ens_caruana_bag20_calibrated_importance,ens_caruana_bag20_calibrated_best,0.4200188468957465,0.4225677355758737,0.0025488886801272037,0.0034811856479856074,0.05239388345222362,-0.6640436763150175,-0.8393399556045048,-0.17004269993669086,-3.710441881076115
24,36,ens_caruana_bag20_calibrated_importance,ens_caruana_bag20_calibrated_best,0.4200188468957465,0.4145866903151991,-0.005432156580547354,0.0042068774981151025,0.05239388345222362,-0.6640436763150175,-0.8393399556045048,-0.17004269993669086,-3.710441881076115
28,36,ens_caruana_bag20_calibrated_importance,ens_caruana_bag20_calibrated_best,0.4148648161452291,0.4145866903151991,-0.0002781258300299516,0.0007256918501294951,0.05239388345222362,-0.6640436763150175,-0.8393399556045048,-0.17004269993669086,-3.710441881076115
29,36,ens_caruana_bag20_calibrated_importance,ens_caruana_bag20_calibrated_best,0.4189477353901447,0.4145866903151991,-0.004361045074945558,0.005382859281258701,0.05239388345222362,-0.6640436763150175,-0.8393399556045048,-0.17004269993669086,-3.710441881076115
30,36,ens_caruana_bag20_calibrated_importance,ens_caruana_bag20_calibrated_best,0.408442464692175,0.4145866903151991,0.0061442256230241354,-0.0004658304945033276,0.05239388345222362,-0.6640436763150175,-0.8393399556045048,-0.17004269993669086,-3.710441881076115
31,36,ens_caruana_bag20_calibrated_importance,ens_caruana_bag20_calibrated_best,0.4078471063458229,0.4145866903151991,0.006739583969376239,0.0,0.05239388345222362,-0.6640436763150175,-0.8393399556045048,-0.17004269993669086,-3.710441881076115
32,36,ens_caruana_bag20_calibrated_importance,ens_caruana_bag20_calibrated_best,0.4078471063458229,0.4145866903151991,0.006739583969376239,0.0,0.05239388345222362,-0.6640436763150175,-0.8393399556045048,-0.17004269993669086,-3.710441881076115
16,25,ens_caruana_bag20_calibrated_best,ens_caruana_bag20,0.4357788073667819,0.4290789893593625,-0.006699818007419367,0.005567795030493983,0.032434743127700394,-0.6640436763150179,-0.8393399556045048,-0.2021411309609842,-2.0067378651838457
17,25,ens_caruana_bag20_calibrated_best,ens_caruana_bag20,0.4318297602126632,0.4290789893593625,-0.0027507708533007214,0.0006340002844894554,0.032434743127700394,-0.6640436763150179,-0.8393399556045048,-0.2021411309609842,-2.0067378651838457
18,25,ens_caruana_bag20_calibrated_best,ens_caruana_bag20,0.4244185733497787,0.4290789893593625,0.004660416009583779,-0.0013258964909997895,0.032434743127700394,-0.6640436763150179,-0.8393399556045048,-0.2021411309609842,-2.0067378651838457
