pool_idx,compound_id,molecule_name,pec50,source,true_bin,fold,p_lt3,p_3to4,p_4to5,p_5to6,p_gte6,pred_bin
0,1,OADMET-0006089,5.27,train,5to6,4,0.0001323259639320895,0.0033721840009093285,0.41016337275505066,0.5856348872184753,0.0006972450646571815,5to6
1,2,OADMET-0006088,5.08,train,5to6,2,0.022515462711453438,0.07399053871631622,0.7112805843353271,0.18408726155757904,0.008126135915517807,4to5
2,3,OADMET-0006087,5.12,train,5to6,0,2.551747274992522e-05,0.00013962706725578755,0.5049088597297668,0.47626352310180664,0.018662448972463608,4to5
3,4,OADMET-0006086,5.23,train,5to6,3,0.036435239017009735,0.10329905152320862,0.7298938632011414,0.12856289744377136,0.0018089086515828967,4to5
4,5,OADMET-0006085,5.28,train,5to6,0,0.00032108317827805877,0.006731299217790365,0.282861590385437,0.6955937147140503,0.014492289163172245,5to6
5,6,OADMET-0006084,4.5,train,4to5,3,0.2350451499223709,0.30080604553222656,0.425853967666626,0.03069167584180832,0.007603176869452,4to5
6,7,OADMET-0006083,4.66,train,4to5,0,8.548978257749695e-06,0.0015976233407855034,0.25279420614242554,0.7407255172729492,0.0048741004429757595,5to6
7,8,OADMET-0006082,5.18,train,5to6,1,0.012664115987718105,0.2708565294742584,0.6496078372001648,0.06436296552419662,0.0025086672976613045,4to5
8,9,OADMET-0006081,4.31,train,4to5,1,0.07552146911621094,0.32663774490356445,0.47662216424942017,0.11655989289283752,0.004658738616853952,4to5
9,10,OADMET-0006080,4.24,train,4to5,3,0.019990263506770134,0.2287176251411438,0.6331556439399719,0.11567175388336182,0.002464693272486329,4to5
10,11,OADMET-0006079,5.3,train,5to6,1,0.03737051412463188,0.14481739699840546,0.7328527569770813,0.0844288170337677,0.0005305017111822963,4to5
11,12,OADMET-0006078,4.19,train,4to5,0,0.0036771881859749556,0.057088229805231094,0.8794841170310974,0.05837085843086243,0.0013796684797853231,4to5
12,13,OADMET-0006077,5.07,train,5to6,1,5.437255367723992e-06,0.0016732073854655027,0.13677752017974854,0.8571377992630005,0.004406044725328684,5to6
13,14,OADMET-0006076,5.12,train,5to6,4,0.00038462094380520284,0.04273807257413864,0.6821147203445435,0.2690018117427826,0.005760746076703072,4to5
14,15,OADMET-0006075,5.03,train,5to6,3,1.989924203371629e-05,0.001580426120199263,0.28631213307380676,0.7062345743179321,0.005852986592799425,5to6
15,16,OADMET-0006074,5.14,train,5to6,0,0.0006918355356901884,0.007122158072888851,0.8784754872322083,0.11321680247783661,0.0004937356570735574,4to5
16,17,OADMET-0006073,5.07,train,5to6,0,0.0001052276129485108,0.004031737335026264,0.820478618144989,0.16970404982566833,0.005680287256836891,4to5
17,18,OADMET-0006072,5.44,train,5to6,0,0.003757108235731721,0.03370390832424164,0.7267248034477234,0.2272685170173645,0.0085456483066082,4to5
18,19,OADMET-0006071,3.96,train,3to4,0,0.012748029083013535,0.09000924974679947,0.7720126509666443,0.12143246829509735,0.0037976803723722696,4to5
19,20,OADMET-0006070,4.36,train,4to5,0,3.59657897206489e-05,0.0047228033654391766,0.5678339004516602,0.42539671063423157,0.0020106560550630093,4to5
20,21,OADMET-0006069,5.19,train,5to6,0,0.00010592663602437824,0.0030944745521992445,0.5162811875343323,0.4681607484817505,0.01235766988247633,4to5
21,22,OADMET-0006068,4.76,train,4to5,3,0.0017118649557232857,0.013855371624231339,0.7619190812110901,0.22145229578018188,0.0010614057537168264,4to5
22,23,OADMET-0006067,4.74,train,4to5,1,8.551558130420744e-05,0.003528076224029064,0.5494627356529236,0.44647571444511414,0.00044801144395023584,4to5
23,24,OADMET-0006066,5.02,train,5to6,2,2.0804487576242536e-05,8.558905392419547e-05,0.29551923274993896,0.7010308504104614,0.0033435714431107044,5to6
24,25,OADMET-0006065,5.2,train,5to6,4,0.0010633626952767372,0.012401600368320942,0.28069549798965454,0.6887094974517822,0.017130106687545776,5to6
25,26,OADMET-0006064,4.61,train,4to5,4,5.1001143219764344e-06,0.00018223437655251473,0.04024546965956688,0.9585583209991455,0.0010088842827826738,5to6
26,27,OADMET-0006063,5.44,train,5to6,3,0.00011493748752400279,0.002323711523786187,0.35235393047332764,0.5724871158599854,0.07272027432918549,5to6
27,28,OADMET-0006062,4.81,train,4to5,1,0.015174669213593006,0.04312172532081604,0.8849003911018372,0.053565993905067444,0.003237219760194421,4to5
28,29,OADMET-0006061,4.69,train,4to5,3,0.00019015457655768842,0.009596776217222214,0.8945090174674988,0.09528028219938278,0.00042379501974210143,4to5
29,30,OADMET-0006060,4.87,train,4to5,0,0.025667889043688774,0.13926386833190918,0.6685720682144165,0.162960946559906,0.003535189898684621,4to5
30,31,OADMET-0006059,4.45,train,4to5,3,0.0005385488620959222,0.051110584288835526,0.7985669374465942,0.14899291098117828,0.0007910415879450738,4to5
31,32,OADMET-0006058,5.26,train,5to6,1,1.8472011333869887e-06,9.892175876302645e-05,0.07471274584531784,0.9169005751609802,0.00828593596816063,5to6
32,33,OADMET-0006057,4.48,train,4to5,1,0.005674948915839195,0.09903081506490707,0.7303835153579712,0.16375528275966644,0.0011554515222087502,4to5
33,34,OADMET-0006056,4.58,train,4to5,4,0.0006458363495767117,0.02928350493311882,0.7118378281593323,0.2569706439971924,0.001262137433513999,4to5
34,35,OADMET-0006055,4.95,train,4to5,2,2.990269081237784e-07,1.7794924133340828e-05,0.0687149316072464,0.9305974245071411,0.0006694865296594799,5to6
35,36,OADMET-0006054,4.68,train,4to5,4,0.12094540894031525,0.2609116733074188,0.6109966039657593,0.007109951227903366,3.636207111412659e-05,4to5
36,37,OADMET-0006053,5.31,train,5to6,2,0.00021080684382468462,0.0034262603148818016,0.3181017339229584,0.6769125461578369,0.0013486510142683983,5to6
37,38,OADMET-0006052,4.6,train,4to5,4,0.00013061529898550361,0.009979205206036568,0.9404056072235107,0.04945315793156624,3.138491592835635e-05,4to5
38,39,OADMET-0006051,5.11,train,5to6,0,0.0017505291616544127,0.012319075874984264,0.6030856370925903,0.37649622559547424,0.006348433438688517,4to5
39,40,OADMET-0006050,5.18,train,5to6,4,0.0008819992654025555,0.012179846875369549,0.7369756698608398,0.24973461031913757,0.00022791358060203493,4to5
40,41,OADMET-0006049,4.85,train,4to5,0,0.2274799346923828,0.03736589848995209,0.6655340194702148,0.06773075461387634,0.001889366190880537,4to5
41,42,OADMET-0006048,4.99,train,4to5,0,0.046269167214632034,0.05743049085140228,0.8594439029693604,0.036537665873765945,0.00031884736381471157,4to5
42,43,OADMET-0006047,4.93,train,4to5,0,0.0029913976322859526,0.014898819848895073,0.47140857577323914,0.5073498487472534,0.003351355204358697,5to6
43,44,OADMET-0006046,5.13,train,5to6,1,0.0005043922574259341,0.008648970164358616,0.35802221298217773,0.6284278035163879,0.00439667422324419,5to6
44,45,OADMET-0006045,5.42,train,5to6,4,2.0967690943507478e-05,0.00038576137740164995,0.3108051121234894,0.6852289438247681,0.0035592608619481325,5to6
45,46,OADMET-0006044,4.93,train,4to5,0,0.01757701300084591,0.06292060017585754,0.8549501299858093,0.062479954212903976,0.002072301460430026,4to5
46,47,OADMET-0006043,4.72,train,4to5,2,0.00045775441685691476,0.0009930109372362494,0.34061115980148315,0.6567046046257019,0.0012334430357441306,5to6
47,48,OADMET-0006042,5.24,train,5to6,3,5.929547910454858e-07,3.910675513907336e-05,0.07674245536327362,0.9181841611862183,0.005033612251281738,5to6
48,49,OADMET-0006041,5.09,train,5to6,1,0.0008301039924845099,0.014849238097667694,0.7390702962875366,0.2446618378162384,0.0005885723512619734,4to5
49,50,OADMET-0006040,5.3,train,5to6,1,0.0005645217024721205,0.031196335330605507,0.5509250164031982,0.4158876836299896,0.0014264846686273813,4to5
50,51,OADMET-0006039,4.18,train,4to5,2,0.023908812552690506,0.33225443959236145,0.30404171347618103,0.33791112899780273,0.001883889315649867,5to6
51,52,OADMET-0006038,4.94,train,4to5,2,0.0003895120171364397,0.017377769574522972,0.1799720823764801,0.7998814582824707,0.0023792097344994545,5to6
52,53,OADMET-0006037,4.74,train,4to5,1,0.013497929088771343,0.4074801504611969,0.4087376594543457,0.16669140756130219,0.003592854365706444,4to5
53,54,OADMET-0006036,5.2,train,5to6,0,0.0007916005561128259,0.006773205474019051,0.49654191732406616,0.4621616005897522,0.033731669187545776,4to5
54,55,OADMET-0006035,5.53,train,5to6,0,0.02362600713968277,0.051653165370225906,0.7970338463783264,0.12705348432064056,0.0006334525533020496,4to5
55,56,OADMET-0006034,4.93,train,4to5,2,0.00016933844017330557,0.0017365941312164068,0.4448016285896301,0.5516753792762756,0.0016170605085790157,5to6
56,57,OADMET-0006033,5.14,train,5to6,2,0.0016008461825549603,0.007249663583934307,0.6357711553573608,0.3544046878814697,0.0009736717329360545,4to5
57,58,OADMET-0006032,4.76,train,4to5,0,0.03798377886414528,0.0824623554944992,0.7869592905044556,0.09217525273561478,0.0004193488566670567,4to5
58,59,OADMET-0006031,4.42,train,4to5,0,0.3663513660430908,0.45591333508491516,0.10943280905485153,0.06161392852663994,0.006688562221825123,3to4
59,60,OADMET-0006030,5.06,train,5to6,2,0.005945004057139158,0.029449233785271645,0.6883328557014465,0.2663680613040924,0.009904839098453522,4to5
60,61,OADMET-0006029,4.74,train,4to5,1,9.48499291553162e-06,0.003830266883596778,0.42933207750320435,0.566268801689148,0.0005592747475020587,5to6
61,62,OADMET-0006028,5.23,train,5to6,2,1.586695702826546e-06,0.00020314751600380987,0.1071421280503273,0.8920621275901794,0.0005910300533287227,5to6
62,63,OADMET-0006027,5.23,train,5to6,1,0.0001290743675781414,0.008775529451668262,0.7598536610603333,0.2271592617034912,0.0040825107134878635,4to5
63,64,OADMET-0006026,4.64,train,4to5,2,0.00015052332310006022,0.0008943942375481129,0.8593254685401917,0.13960134983062744,2.8257798476261087e-05,4to5
64,65,OADMET-0006025,5.22,train,5to6,4,0.0007452797144651413,0.012201418168842793,0.7709909677505493,0.21524235606193542,0.000819882785435766,4to5
65,66,OADMET-0006024,4.61,train,4to5,2,0.024453895166516304,0.09912925213575363,0.858989417552948,0.017406856641173363,2.0619045244529843e-05,4to5
66,67,OADMET-0006023,4.98,train,4to5,4,1.2796217561117373e-05,0.0003568534448277205,0.2159179151058197,0.7782671451568604,0.005445214919745922,5to6
67,68,OADMET-0006022,4.97,train,4to5,2,0.01693819835782051,0.01455928198993206,0.9216724038124084,0.04629997909069061,0.0005301496130414307,4to5
68,69,OADMET-0006021,4.93,train,4to5,0,0.0008130963542498648,0.03506822511553764,0.5662564635276794,0.39592015743255615,0.0019419915042817593,4to5
69,70,OADMET-0006020,5.07,train,5to6,0,0.048416413366794586,0.08887745440006256,0.8036708831787109,0.057307977229356766,0.0017272616969421506,4to5
70,71,OADMET-0006019,4.73,train,4to5,0,0.008294493891298771,0.016098158434033394,0.6919748187065125,0.2820395231246948,0.0015930490335449576,4to5
71,72,OADMET-0006018,4.63,train,4to5,0,0.013403409160673618,0.11146677285432816,0.8538030385971069,0.021054133772850037,0.0002726328675635159,4to5
72,73,OADMET-0006017,5.16,train,5to6,3,0.015139345079660416,0.4962916374206543,0.34404513239860535,0.1420585960149765,0.002465292112901807,3to4
73,74,OADMET-0006016,4.26,train,4to5,2,0.002370069967582822,0.02111813798546791,0.3130348026752472,0.6254745125770569,0.03800247237086296,5to6
74,75,OADMET-0006015,4.51,train,4to5,1,0.0008987872861325741,0.03247272968292236,0.5057021975517273,0.45924240350723267,0.0016838638111948967,4to5
75,76,OADMET-0006014,5.39,train,5to6,1,0.0017234894912689924,0.20970585942268372,0.664478063583374,0.12330061942338943,0.0007919478230178356,4to5
76,77,OADMET-0006013,4.34,train,4to5,0,0.07576080411672592,0.10840877145528793,0.6855970621109009,0.12491138279438019,0.005321952048689127,4to5
77,78,OADMET-0006012,4.93,train,4to5,3,2.1987672880641185e-05,0.0027238877955824137,0.8811835646629333,0.11566858738660812,0.00040195437031798065,4to5
78,79,OADMET-0006011,5.11,train,5to6,2,3.172661308781244e-05,0.0008196911658160388,0.5584089159965515,0.44060245156288147,0.00013719528215005994,4to5
79,80,OADMET-0006010,5.28,train,5to6,1,0.0006708532455377281,0.035860661417245865,0.9325643181800842,0.030645480379462242,0.000258735497482121,4to5
80,81,OADMET-0006009,4.11,train,4to5,0,0.0017992245266214013,0.014428408816456795,0.7047314047813416,0.2782645523548126,0.0007763748872093856,4to5
81,82,OADMET-0006008,4.81,train,4to5,1,0.0007962151430547237,0.02291703224182129,0.5133437514305115,0.4614088237285614,0.0015342225087806582,4to5
82,83,OADMET-0006007,4.99,train,4to5,0,0.030863359570503235,0.635755181312561,0.32427793741226196,0.008602151647210121,0.0005014613270759583,3to4
83,84,OADMET-0006006,4.81,train,4to5,1,0.00022226663713809103,0.0029991609044373035,0.5374357104301453,0.4541540741920471,0.005188795737922192,4to5
84,85,OADMET-0006005,4.4,train,4to5,3,0.026267752051353455,0.3598046898841858,0.6074942946434021,0.006251466926187277,0.00018187992100138217,4to5
85,86,OADMET-0006004,4.69,train,4to5,0,0.03477676957845688,0.02699744887650013,0.6812483668327332,0.25187811255455017,0.005099310074001551,4to5
86,87,OADMET-0006003,4.38,train,4to5,3,7.0767910074209794e-06,0.0005540162092074752,0.8072170615196228,0.1920871138572693,0.00013470364501699805,4to5
87,88,OADMET-0006002,4.61,train,4to5,0,0.02275141514837742,0.2814275324344635,0.563125729560852,0.11903493106365204,0.013660353608429432,4to5
88,89,OADMET-0006001,5.16,train,5to6,4,1.1625396837189328e-05,0.00013924324593972415,0.3060389757156372,0.6925420761108398,0.001268094521947205,5to6
89,90,OADMET-0006000,5.22,train,5to6,1,1.568689003761392e-05,0.0007290609064511955,0.3657073974609375,0.6285530924797058,0.004994824528694153,5to6
90,91,OADMET-0005999,4.98,train,4to5,3,0.0009243324166163802,0.020461520180106163,0.30330243706703186,0.6270074844360352,0.04830428212881088,5to6
91,92,OADMET-0005998,4.83,train,4to5,1,0.000380971614504233,0.00788197387009859,0.7768079042434692,0.2141990065574646,0.0007301350124180317,4to5
92,93,OADMET-0005997,5.11,train,5to6,1,0.0002506789460312575,0.003804412204772234,0.7302531599998474,0.26518920063972473,0.0005026126746088266,4to5
93,94,OADMET-0005996,4.85,train,4to5,3,2.499644506315235e-05,0.001916100736707449,0.9503306746482849,0.0475410595536232,0.0001872041029855609,4to5
94,95,OADMET-0005995,5.1,train,5to6,1,0.0001713019300950691,0.001458618207834661,0.08169113099575043,0.8290987610816956,0.08758023381233215,5to6
95,96,OADMET-0005994,5.16,train,5to6,4,5.46570433357374e-08,2.9494292448362103e-06,0.003843497484922409,0.9874671101570129,0.008686366491019726,5to6
96,97,OADMET-0005993,5.08,train,5to6,0,0.0015758404042571783,0.018653934821486473,0.26274925470352173,0.7075545787811279,0.00946638360619545,5to6
97,98,OADMET-0005992,4.56,train,4to5,4,0.006006516516208649,0.028857186436653137,0.7222341895103455,0.24275600910186768,0.00014608910714741796,4to5
98,99,OADMET-0005991,4.65,train,4to5,1,0.00023020558001007885,0.0017195451073348522,0.39803075790405273,0.5965555310249329,0.003463983302935958,5to6
99,100,OADMET-0005990,4.84,train,4to5,2,0.005457891616970301,0.33302655816078186,0.4909379184246063,0.1703057885169983,0.0002718744508456439,4to5
100,101,OADMET-0005989,4.7,train,4to5,1,0.0008876973297446966,0.009677448309957981,0.563018262386322,0.4220375716686249,0.004379031714051962,4to5
101,102,OADMET-0005988,4.52,train,4to5,4,2.538940498197917e-05,0.0014854539185762405,0.5021554231643677,0.4955328106880188,0.0008009568555280566,4to5
102,103,OADMET-0005987,4.83,train,4to5,2,0.0073179565370082855,0.015375908464193344,0.5912947654724121,0.3844849765300751,0.0015264045214280486,4to5
103,104,OADMET-0005986,4.63,train,4to5,0,0.00033729730057530105,0.07005050778388977,0.7764729261398315,0.1516445428133011,0.0014946188312023878,4to5
104,105,OADMET-0005985,4.82,train,4to5,4,0.0003755050420295447,0.01896652765572071,0.8910096883773804,0.08932824432849884,0.00032008218113332987,4to5
105,106,OADMET-0005984,5.35,train,5to6,2,0.2963240444660187,0.5832509398460388,0.10155931860208511,0.018462583422660828,0.0004030795826110989,3to4
106,107,OADMET-0005983,4.56,train,4to5,2,0.0029698770958930254,0.06974168121814728,0.7979945540428162,0.12655878067016602,0.0027351609896868467,4to5
107,108,OADMET-0005982,4.42,train,4to5,1,0.00014733942225575447,0.009968429803848267,0.4035247564315796,0.5833346247673035,0.003024789271876216,5to6
108,109,OADMET-0005981,4.5,train,4to5,1,0.08120886236429214,0.05630473420023918,0.7520944476127625,0.10061023384332657,0.00978176575154066,4to5
109,110,OADMET-0005980,4.42,train,4to5,1,0.03745172545313835,0.7859675288200378,0.13507486879825592,0.04096200317144394,0.0005438770167529583,3to4
110,111,OADMET-0005979,5.2,train,5to6,3,4.002097000466165e-07,0.00010435072908876464,0.1754356473684311,0.8155089616775513,0.008950665593147278,5to6
111,112,OADMET-0005978,4.26,train,4to5,0,0.0017140957061201334,0.02510230429470539,0.9607858657836914,0.012264583259820938,0.00013309530913829803,4to5
112,113,OADMET-0005977,5.36,train,5to6,3,6.0673777625197545e-05,0.002203195821493864,0.8910366892814636,0.10650195181369781,0.00019754073582589626,4to5
113,114,OADMET-0005976,5.0,train,4to5,3,0.045911163091659546,0.5213781595230103,0.40807798504829407,0.021821048110723495,0.002811725717037916,3to4
114,115,OADMET-0005975,4.71,train,4to5,3,0.07490937411785126,0.5200494527816772,0.3633216321468353,0.04061536863446236,0.0011042163241654634,3to4
115,116,OADMET-0005974,4.06,train,4to5,4,0.028371091932058334,0.6711761951446533,0.29649385809898376,0.003948392812162638,1.0480333912710194e-05,3to4
116,117,OADMET-0005973,4.68,train,4to5,1,0.013887590728700161,0.010927989147603512,0.968461275100708,0.006657043471932411,6.610632408410311e-05,4to5
117,118,OADMET-0005972,5.11,train,5to6,1,0.0024119620211422443,0.023938631638884544,0.852993905544281,0.11962910741567612,0.001026382902637124,4to5
118,119,OADMET-0005971,4.68,train,4to5,1,0.530126690864563,0.2220969945192337,0.24531544744968414,0.00240280176512897,5.8087025536224246e-05,lt3
119,120,OADMET-0005970,4.46,train,4to5,3,0.0009107867954298854,0.0575786754488945,0.9236032366752625,0.017826898023486137,8.029317541513592e-05,4to5
120,121,OADMET-0005969,4.57,train,4to5,3,0.0017986905295401812,0.039293672889471054,0.9229900240898132,0.035595931112766266,0.0003216831246390939,4to5
121,122,OADMET-0005968,3.85,train,3to4,1,0.02190335839986801,0.02900070510804653,0.8930137753486633,0.055323705077171326,0.0007584357517771423,4to5
122,123,OADMET-0005967,5.2,train,5to6,4,0.005881558638066053,0.31803008913993835,0.5806211233139038,0.09495475143194199,0.0005124256131239235,4to5
123,124,OADMET-0005966,4.34,train,4to5,0,0.0005978378467261791,0.03132173791527748,0.7960134148597717,0.17135374248027802,0.0007132855826057494,4to5
124,125,OADMET-0005965,5.07,train,5to6,4,0.010597632266581059,0.25355058908462524,0.698162317276001,0.03749033436179161,0.0001990319142350927,4to5
125,126,OADMET-0005964,5.22,train,5to6,3,0.00014862291573081166,0.014035197906196117,0.8241969347000122,0.15998272597789764,0.0016364909242838621,4to5
126,127,OADMET-0005963,5.0,train,4to5,2,0.0001067717676050961,0.0034030145034193993,0.35938501358032227,0.6357122659683228,0.0013929775450378656,5to6
127,128,OADMET-0005962,4.51,train,4to5,3,0.00011074214125983417,0.040435753762722015,0.9278708696365356,0.0314960852265358,8.652073302073404e-05,4to5
128,129,OADMET-0005961,4.61,train,4to5,0,0.006812237668782473,0.014016147702932358,0.8446694612503052,0.13317367434501648,0.0013285062741488218,4to5
129,130,OADMET-0005960,4.42,train,4to5,1,0.0002899884129874408,0.014790981076657772,0.5642699599266052,0.41841667890548706,0.0022323450539261103,4to5
130,131,OADMET-0005959,4.53,train,4to5,2,0.0052532958798110485,0.01323404349386692,0.0891345962882042,0.8842068910598755,0.008171235211193562,5to6
131,132,OADMET-0005958,5.09,train,5to6,2,0.00020875970949418843,0.003131161443889141,0.6142848134040833,0.3804945945739746,0.00188066519331187,4to5
132,133,OADMET-0005957,5.31,train,5to6,3,1.9867164269271598e-07,9.824531298363581e-05,0.16605506837368011,0.8246303796768188,0.009216171689331532,5to6
133,134,OADMET-0005956,4.45,train,4to5,4,0.013628385961055756,0.8707365393638611,0.11066712439060211,0.004879291169345379,8.870376041159034e-05,3to4
134,135,OADMET-0005955,4.87,train,4to5,0,0.07113396376371384,0.11508940905332565,0.7675839066505432,0.04574217274785042,0.0004505733959376812,4to5
135,136,OADMET-0005954,4.91,train,4to5,3,0.0002012773766182363,0.04351352900266647,0.8526051640510559,0.1035824865102768,9.747386502567679e-05,4to5
136,137,OADMET-0005953,5.52,train,5to6,0,0.00038329249946400523,0.020455868914723396,0.685814380645752,0.2848323881626129,0.008514098823070526,4to5
137,138,OADMET-0005952,5.03,train,5to6,1,2.7560156013350934e-05,0.00024553167168051004,0.3490798771381378,0.6490510702133179,0.001596022048033774,5to6
138,139,OADMET-0005951,4.8,train,4to5,0,0.18043172359466553,0.1938851922750473,0.5611878633499146,0.06135940179228783,0.003135789418593049,4to5
139,140,OADMET-0005950,4.83,train,4to5,4,0.006008327007293701,0.03564674034714699,0.47881367802619934,0.47710028290748596,0.0024309055879712105,4to5
140,141,OADMET-0005949,5.28,train,5to6,2,6.5625199567875825e-06,5.674020212609321e-05,0.2430231124162674,0.7564477324485779,0.00046588608529418707,5to6
141,142,OADMET-0005948,5.04,train,5to6,0,4.400256511871703e-05,0.0004980903468094766,0.1330627202987671,0.826524019241333,0.03987118974328041,5to6
142,143,OADMET-0005947,5.18,train,5to6,1,2.9907290809205733e-05,0.002300766995176673,0.4257085621356964,0.5706570744514465,0.0013036888558417559,5to6
143,144,OADMET-0005946,5.06,train,5to6,0,5.478918683365919e-05,0.0005363012314774096,0.47503310441970825,0.5174652934074402,0.006910484749823809,5to6
144,145,OADMET-0005945,5.26,train,5to6,4,0.001173645257949829,0.0006336765945889056,0.512396514415741,0.4687553942203522,0.017040688544511795,4to5
145,146,OADMET-0005944,5.24,train,5to6,1,0.007503318600356579,0.0659003034234047,0.80144202709198,0.12473787367343903,0.00041653847438283265,4to5
146,147,OADMET-0005943,5.0,train,4to5,2,0.0001130404561990872,0.0003933462721761316,0.010065291076898575,0.8422643542289734,0.1471640169620514,5to6
147,148,OADMET-0005942,4.41,train,4to5,1,0.0002748432452790439,0.0025607275310903788,0.7836275100708008,0.21128669381141663,0.0022502148058265448,4to5
148,149,OADMET-0005941,5.07,train,5to6,0,0.005694767460227013,0.11808470636606216,0.7553304433822632,0.11943583935499191,0.0014542361022904515,4to5
149,150,OADMET-0005940,5.22,train,5to6,2,1.0091616786667146e-05,0.0007693392690271139,0.12828095257282257,0.8644896149635315,0.00645000534132123,5to6
150,151,OADMET-0005939,4.44,train,4to5,4,0.0008931896300055087,0.0020509115420281887,0.9782924056053162,0.018734360113739967,2.91747746814508e-05,4to5
151,152,OADMET-0005938,4.82,train,4to5,3,2.52478866968886e-06,0.0013692856300622225,0.8648607730865479,0.13283735513687134,0.000930089910980314,4to5
152,153,OADMET-0005937,4.89,train,4to5,3,1.3265265806694515e-05,0.0012015996035188437,0.6400551795959473,0.3581859767436981,0.0005439601955004036,4to5
153,154,OADMET-0005936,4.97,train,4to5,2,0.001037557260133326,0.007239304482936859,0.48228099942207336,0.5086281299591064,0.0008139947312884033,5to6
154,155,OADMET-0005935,4.49,train,4to5,0,1.5156700101215392e-05,0.008734728209674358,0.7253920435905457,0.2600715458393097,0.005786567460745573,4to5
155,156,OADMET-0005934,5.25,train,5to6,0,0.0046164244413375854,0.013413984328508377,0.5949075818061829,0.38374441862106323,0.003317670663818717,4to5
156,157,OADMET-0005933,5.18,train,5to6,2,6.135758303571492e-05,0.0005235414719209075,0.711733341217041,0.286897748708725,0.0007840745383873582,4to5
157,158,OADMET-0005932,4.94,train,4to5,3,1.3861073000498436e-07,0.00033125575282610953,0.8838151097297668,0.11568158119916916,0.0001719164865789935,4to5
158,159,OADMET-0005931,5.21,train,5to6,4,7.364928751485422e-05,0.0008736814488656819,0.1824047565460205,0.7994981408119202,0.017149819061160088,5to6
159,160,OADMET-0005930,5.19,train,5to6,0,9.100217721424997e-05,0.004790504463016987,0.2678989768028259,0.7142631411552429,0.012956368736922741,5to6
160,161,OADMET-0005929,5.38,train,5to6,4,0.00040469024679623544,0.0012106559006497264,0.32431986927986145,0.6668124794960022,0.007252320647239685,5to6
161,162,OADMET-0005928,4.44,train,4to5,2,0.14726433157920837,0.10581984370946884,0.5924627780914307,0.15352533757686615,0.0009277385543100536,4to5
162,163,OADMET-0005927,4.63,train,4to5,1,0.0004592643235810101,0.005871864967048168,0.44368839263916016,0.5462769269943237,0.003703608876094222,5to6
163,164,OADMET-0005926,5.25,train,5to6,1,5.659908492816612e-05,0.0029248353093862534,0.434093713760376,0.56088787317276,0.0020369794219732285,5to6
164,165,OADMET-0005925,4.02,train,4to5,0,0.04544130340218544,0.028084488585591316,0.5773603320121765,0.3453353941440582,0.0037784636951982975,4to5
165,166,OADMET-0005924,4.48,train,4to5,1,0.0002700792392715812,0.006759997457265854,0.860990583896637,0.13136525452136993,0.0006141153862699866,4to5
166,167,OADMET-0005923,5.53,train,5to6,0,0.0003472999087534845,0.006510550621896982,0.9152005910873413,0.07782376557588577,0.00011772315338021144,4to5
167,168,OADMET-0005922,4.26,train,4to5,4,0.038495730608701706,0.3904961943626404,0.5550013780593872,0.01597459800541401,3.2098687370307744e-05,4to5
168,169,OADMET-0005921,4.6,train,4to5,3,0.002309315139427781,0.05025428906083107,0.7046312689781189,0.23828941583633423,0.004515701439231634,4to5
169,170,OADMET-0005920,5.41,train,5to6,0,0.0009582368074916303,0.005174901336431503,0.8179512619972229,0.17474614083766937,0.001169447903521359,4to5
170,171,OADMET-0005919,4.54,train,4to5,1,0.02021700143814087,0.15819492936134338,0.6467821598052979,0.1728544980287552,0.0019513822626322508,4to5
171,172,OADMET-0005918,4.77,train,4to5,1,1.2481544217735063e-05,0.0038368524983525276,0.5597971677780151,0.432717889547348,0.003635639790445566,4to5
172,173,OADMET-0005917,4.67,train,4to5,0,0.023910734802484512,0.16014771163463593,0.5170078277587891,0.27676695585250854,0.02216676063835621,4to5
173,174,OADMET-0005916,4.64,train,4to5,2,0.01851397007703781,0.017213763669133186,0.5880793929100037,0.36408549547195435,0.012107457034289837,4to5
174,175,OADMET-0005915,4.67,train,4to5,2,0.00029558202368207276,0.0029814348090440035,0.8055334687232971,0.19051408767700195,0.0006754155620001256,4to5
175,176,OADMET-0005914,3.92,train,3to4,1,8.939132385421544e-06,0.00012324638373684138,0.07656408101320267,0.6822832822799683,0.24102050065994263,5to6
176,177,OADMET-0005913,4.48,train,4to5,2,0.0005215660785324872,0.005279701203107834,0.9715664982795715,0.022621534764766693,1.0721882972575258e-05,4to5
177,178,OADMET-0005912,5.1,train,5to6,1,0.01687786914408207,0.07153216004371643,0.7844650745391846,0.12489284574985504,0.0022320968564599752,4to5
178,179,OADMET-0005911,5.23,train,5to6,1,6.361037230817601e-05,0.000886130437720567,0.11771271377801895,0.8709927797317505,0.010344769805669785,5to6
179,180,OADMET-0005910,4.57,train,4to5,2,0.00012363078712951392,0.000950183195527643,0.8091244101524353,0.1897471398115158,5.468703602673486e-05,4to5
180,181,OADMET-0005909,4.77,train,4to5,1,0.003440427128225565,0.17211219668388367,0.5459231734275818,0.2753909230232239,0.0031332930084317923,4to5
181,182,OADMET-0005908,4.87,train,4to5,0,0.0006472619716078043,0.010087047703564167,0.8400315642356873,0.14896263182163239,0.0002715515729505569,4to5
182,183,OADMET-0005907,4.83,train,4to5,2,0.0003981501213274896,0.011067132465541363,0.8477025032043457,0.14006160199642181,0.0007706242031417787,4to5
183,184,OADMET-0005906,4.89,train,4to5,3,7.212801911293809e-09,2.97218275591149e-06,0.019674822688102722,0.977401077747345,0.002921108389273286,5to6
184,185,OADMET-0005905,4.67,train,4to5,1,0.00021757672948297113,0.01452822145074606,0.9177089929580688,0.0667494386434555,0.000795795873273164,4to5
185,186,OADMET-0005904,4.39,train,4to5,2,0.007640052121132612,0.07813338190317154,0.8630399703979492,0.050957053899765015,0.00022942080977372825,4to5
186,187,OADMET-0005903,4.38,train,4to5,3,0.005942452233284712,0.18976914882659912,0.7864359617233276,0.017794055864214897,5.841775782755576e-05,4to5
187,188,OADMET-0005902,4.73,train,4to5,4,6.013187157805078e-05,0.04700183495879173,0.8039952516555786,0.14884492754936218,9.776836668606848e-05,4to5
188,189,OADMET-0005901,4.26,train,4to5,1,4.290402102924418e-06,0.00016366112686228007,0.2127460539340973,0.7832667231559753,0.003819265402853489,5to6
189,190,OADMET-0005900,4.45,train,4to5,0,0.5893018841743469,0.27737927436828613,0.1260889321565628,0.006606379523873329,0.0006235054461285472,lt3
190,191,OADMET-0005899,4.59,train,4to5,1,1.5583933418383822e-05,0.00029250813531689346,0.44932088255882263,0.5487680435180664,0.001603016396984458,5to6
191,192,OADMET-0005898,4.15,train,4to5,3,0.00014987980830483139,0.007872973568737507,0.9070190191268921,0.08459629118442535,0.0003618928312789649,4to5
192,193,OADMET-0005897,4.75,train,4to5,0,0.0030782276298850775,0.021275173872709274,0.6768404245376587,0.29797452688217163,0.0008316506282426417,4to5
193,194,OADMET-0005896,4.86,train,4to5,2,0.00021498971909750253,0.00530004920437932,0.7658432126045227,0.22673620283603668,0.0019054746953770518,4to5
194,195,OADMET-0005895,5.25,train,5to6,3,3.610443627621862e-06,3.716721766977571e-05,0.016181528568267822,0.9257799983024597,0.057997722178697586,5to6
195,196,OADMET-0005894,4.71,train,4to5,3,0.010302141308784485,0.16341525316238403,0.7814542651176453,0.044008392840623856,0.0008199732983484864,4to5
196,197,OADMET-0005893,5.01,train,5to6,2,0.007640402298420668,0.005142498295754194,0.852813184261322,0.12883436679840088,0.005569614004343748,4to5
197,198,OADMET-0005892,5.1,train,5to6,3,1.273940233659232e-05,0.0007421058835461736,0.8223746418952942,0.17388178408145905,0.0029887764248996973,4to5
198,199,OADMET-0005891,5.11,train,5to6,3,8.227271791838575e-06,0.0006857776897959411,0.6587027311325073,0.33897149562835693,0.0016317707486450672,4to5
199,200,OADMET-0005890,4.09,train,4to5,2,0.0023386338725686073,0.016947604715824127,0.907077431678772,0.07361356168985367,2.283350477227941e-05,4to5
200,201,OADMET-0005889,4.76,train,4to5,3,0.0018735256744548678,0.0319809727370739,0.4977136552333832,0.4624285101890564,0.006003331858664751,4to5
201,202,OADMET-0005888,4.98,train,4to5,3,9.223346637554641e-07,0.0005225795321166515,0.21167971193790436,0.7784620523452759,0.009334784932434559,5to6
202,203,OADMET-0005887,5.02,train,5to6,0,0.009325566701591015,0.39527449011802673,0.5631120800971985,0.031289294362068176,0.000998637406155467,4to5
203,204,OADMET-0005886,4.58,train,4to5,4,4.427839030540781e-06,0.0003748024464584887,0.34491482377052307,0.653947114944458,0.0007588338921777904,5to6
204,205,OADMET-0005885,5.17,train,5to6,4,2.2008212908986025e-05,0.0005392845487222075,0.4535927474498749,0.5441737174987793,0.001672266749665141,5to6
205,206,OADMET-0005884,5.04,train,5to6,2,0.00030603675986640155,0.0011992420768365264,0.6881892085075378,0.3076736629009247,0.0026319166645407677,4to5
206,207,OADMET-0005883,4.56,train,4to5,2,0.012578175403177738,0.040467094630002975,0.6940157413482666,0.2491983324289322,0.003740675514563918,4to5
207,208,OADMET-0005882,4.07,train,4to5,0,0.003331852611154318,0.016437962651252747,0.8867515325546265,0.09267131984233856,0.000807367148809135,4to5
208,209,OADMET-0005881,4.68,train,4to5,2,0.00010106345871463418,0.0034219876397401094,0.7057137489318848,0.2902851700782776,0.0004780293966177851,4to5
209,210,OADMET-0005880,5.19,train,5to6,4,0.0008432524045929313,0.0034384625032544136,0.8276976346969604,0.16654029488563538,0.0014804234961047769,4to5
210,211,OADMET-0005879,4.22,train,4to5,3,8.709001849638298e-05,0.015237415209412575,0.8276148438453674,0.155971959233284,0.001088688150048256,4to5
211,212,OADMET-0005878,4.99,train,4to5,3,7.692855433560908e-06,0.0013495698804035783,0.43692007660865784,0.5596253275871277,0.002097383374348283,5to6
212,213,OADMET-0005877,4.44,train,4to5,3,6.52438320685178e-05,0.009484306909143925,0.7746788859367371,0.21450532972812653,0.0012662552762776613,4to5
213,214,OADMET-0005876,4.72,train,4to5,1,0.0023277457803487778,0.01815393939614296,0.71338951587677,0.26173895597457886,0.0043898290023207664,4to5
214,215,OADMET-0005875,4.95,train,4to5,0,0.025876766070723534,0.11867166310548782,0.6925441026687622,0.16143174469470978,0.0014757817843928933,4to5
215,216,OADMET-0005874,5.65,train,5to6,2,1.4187612578098197e-05,0.0008374157478101552,0.21467846632003784,0.7842369675636292,0.00023288173542823642,5to6
216,217,OADMET-0005873,4.38,train,4to5,1,0.00019436782167758793,0.011393771506845951,0.9159581065177917,0.0722419023513794,0.00021183227363508195,4to5
217,218,OADMET-0005872,5.48,train,5to6,1,0.0005690032849088311,0.005659277550876141,0.82398921251297,0.1687726229429245,0.0010099135106429458,4to5
218,219,OADMET-0005871,5.37,train,5to6,0,7.173940957727609e-06,0.002852414269000292,0.18425202369689941,0.7845498919487,0.02833850309252739,5to6
219,220,OADMET-0005870,4.88,train,4to5,2,0.00159667176194489,0.0037074016872793436,0.4210391640663147,0.5728282332420349,0.0008285074727609754,5to6
220,221,OADMET-0005869,4.47,train,4to5,2,5.2091021643718705e-05,0.0015735354973003268,0.9460447430610657,0.05227380990982056,5.584469545283355e-05,4to5
221,222,OADMET-0005868,4.43,train,4to5,2,0.0008629044750705361,0.0017913299379870296,0.8236268162727356,0.1733049750328064,0.00041397794848307967,4to5
222,223,OADMET-0005867,4.47,train,4to5,4,0.004060917068272829,0.02762756496667862,0.8846428990364075,0.08361659944057465,5.196144775254652e-05,4to5
223,224,OADMET-0005866,4.48,train,4to5,4,0.0003090693789999932,0.0012216728646308184,0.6634982228279114,0.3345199227333069,0.0004511317820288241,4to5
224,225,OADMET-0005865,5.2,train,5to6,0,0.00011251188698224723,0.0017385513056069613,0.5448482632637024,0.4308549761772156,0.022445661947131157,4to5
225,226,OADMET-0005864,4.77,train,4to5,2,0.04847796633839607,0.2782639265060425,0.41456303000450134,0.2571219503879547,0.0015730962622910738,4to5
226,227,OADMET-0005863,4.69,train,4to5,2,0.012134828604757786,0.2372947484254837,0.5988041162490845,0.15081025660037994,0.0009560300968587399,4to5
227,228,OADMET-0005862,4.89,train,4to5,4,0.023484358564019203,0.051298920065164566,0.7147066593170166,0.20648057758808136,0.004029508214443922,4to5
228,229,OADMET-0005861,4.63,train,4to5,2,0.00014761420607101172,0.0016568908467888832,0.5210040211677551,0.4726713299751282,0.0045201038010418415,4to5
229,230,OADMET-0005860,4.36,train,4to5,0,0.1699417680501938,0.38509035110473633,0.432584285736084,0.011999985203146935,0.00038367006345652044,4to5
230,231,OADMET-0005859,4.4,train,4to5,3,9.531248360872269e-05,0.011348447762429714,0.9446079730987549,0.04394064471125603,7.654495675524231e-06,4to5
231,232,OADMET-0005858,5.29,train,5to6,4,1.702706140349619e-05,0.00039114654646255076,0.461517870426178,0.5308259129524231,0.007248071022331715,5to6
232,233,OADMET-0005857,5.06,train,5to6,2,0.0021895221434533596,0.0915696993470192,0.6059526205062866,0.29957863688468933,0.0007095070905052125,4to5
233,234,OADMET-0005856,5.04,train,5to6,3,0.00020543368009384722,0.008531779050827026,0.5644267797470093,0.4221920371055603,0.004643994849175215,4to5
234,235,OADMET-0005855,4.48,train,4to5,2,0.000919828366022557,0.019445715472102165,0.9247341156005859,0.05462194234132767,0.00027835555374622345,4to5
235,236,OADMET-0005854,3.96,train,3to4,2,0.00693375151604414,0.17472486197948456,0.764918863773346,0.05327218398451805,0.00015033420640975237,4to5
236,237,OADMET-0005853,4.06,train,4to5,2,0.5881626605987549,0.3886367678642273,0.013460563495755196,0.009257616475224495,0.00048236665315926075,lt3
237,238,OADMET-0005852,4.73,train,4to5,1,0.00021431564528029412,0.011792882345616817,0.7185744643211365,0.2682192921638489,0.001199105056002736,4to5
238,239,OADMET-0005851,4.34,train,4to5,0,0.01952817291021347,0.12681160867214203,0.7708030343055725,0.0811576172709465,0.0016995389014482498,4to5
239,240,OADMET-0005850,4.07,train,4to5,2,1.975451596081257e-06,0.00046918337466195226,0.6351094245910645,0.36412447690963745,0.0002949520421680063,4to5
240,241,OADMET-0005849,4.42,train,4to5,1,0.01024057250469923,0.07253171503543854,0.8442190289497375,0.07263446599245071,0.00037418698775582016,4to5
241,242,OADMET-0005848,4.41,train,4to5,0,0.03984297811985016,0.3155929744243622,0.5755786895751953,0.06680835038423538,0.002177029848098755,4to5
242,243,OADMET-0005847,5.21,train,5to6,3,0.30764591693878174,0.3699640929698944,0.315190851688385,0.006790305022150278,0.00040896079735830426,3to4
243,244,OADMET-0005846,4.61,train,4to5,1,0.000775421445723623,0.005424574948847294,0.4917356073856354,0.49943679571151733,0.002627626061439514,5to6
244,245,OADMET-0005845,4.84,train,4to5,4,0.01897488161921501,0.13103950023651123,0.6436017155647278,0.2058362513780594,0.0005476687802001834,4to5
245,246,OADMET-0005844,4.25,train,4to5,1,2.3578941181767732e-05,0.0018340860260650516,0.8636638522148132,0.13440002501010895,7.847228698665276e-05,4to5
246,247,OADMET-0005843,4.74,train,4to5,2,0.003223331645131111,0.0019963872618973255,0.8754870295524597,0.11912301927804947,0.00017030401795636863,4to5
247,248,OADMET-0005842,5.12,train,5to6,3,4.679416088038124e-05,0.003256544005125761,0.7278847694396973,0.26825404167175293,0.0005578679847531021,4to5
248,249,OADMET-0005841,4.87,train,4to5,4,9.856045653577894e-05,0.06212850287556648,0.5225484371185303,0.41335752606391907,0.001866940874606371,4to5
249,250,OADMET-0005840,4.81,train,4to5,4,5.233185947872698e-05,0.0006569306715391576,0.3559763431549072,0.6351292133331299,0.00818521436303854,5to6
250,251,OADMET-0005839,5.06,train,5to6,0,0.0004296750412322581,0.003354095621034503,0.7204787731170654,0.2649346888065338,0.01080275047570467,4to5
251,252,OADMET-0005838,5.23,train,5to6,2,1.4530375665344764e-05,0.00035182692226953804,0.053567562252283096,0.9445529580116272,0.0015131342224776745,5to6
252,253,OADMET-0005837,4.5,train,4to5,1,0.029975350946187973,0.03805709257721901,0.9004256725311279,0.03143981099128723,0.00010208336607320234,4to5
253,254,OADMET-0005836,4.83,train,4to5,2,0.00031436377321369946,0.02068226970732212,0.4134276807308197,0.5295190215110779,0.03605668619275093,5to6
254,255,OADMET-0005835,3.63,train,3to4,0,0.06841763854026794,0.43880751729011536,0.3623376190662384,0.12717483937740326,0.0032624024897813797,3to4
255,256,OADMET-0005834,4.52,train,4to5,1,1.4636037803938962e-06,0.0005408534780144691,0.2674015760421753,0.7311124205589294,0.0009437015978619456,5to6
256,257,OADMET-0005833,4.66,train,4to5,3,3.380939961061813e-05,0.0012635819148272276,0.47464221715927124,0.4811127185821533,0.04294770210981369,5to6
257,258,OADMET-0005832,5.07,train,5to6,4,0.002667980268597603,0.006035336758941412,0.5578379034996033,0.42928972840309143,0.004169122781604528,4to5
258,259,OADMET-0005831,3.9,train,3to4,4,0.0320449098944664,0.06978379935026169,0.6391069889068604,0.2544557750225067,0.004608568269759417,4to5
259,260,OADMET-0005830,3.93,train,3to4,0,0.03838850557804108,0.28000307083129883,0.6265175342559814,0.05362168699502945,0.0014692738186568022,4to5
260,261,OADMET-0005829,5.38,train,5to6,4,9.216966645908542e-06,5.6252443755511194e-05,0.009011969901621342,0.9505959153175354,0.04032668471336365,5to6
261,262,OADMET-0005828,4.67,train,4to5,1,4.3997981265420094e-05,0.00042447540909051895,0.401213139295578,0.5978124737739563,0.0005059389513917267,5to6
262,263,OADMET-0005827,4.69,train,4to5,2,0.0255914106965065,0.0809357687830925,0.7324831485748291,0.16012141108512878,0.0008683387422934175,4to5
263,264,OADMET-0005826,5.19,train,5to6,3,0.2967142164707184,0.22577814757823944,0.1575593501329422,0.2245393544435501,0.09540896117687225,lt3
264,265,OADMET-0005825,4.41,train,4to5,2,3.778603786486201e-05,0.00036591276875697076,0.8959445953369141,0.10359293967485428,5.876767318113707e-05,4to5
265,266,OADMET-0005824,4.44,train,4to5,4,3.936088251066394e-05,0.0008352677104994655,0.8339887261390686,0.16511274874210358,2.390187728451565e-05,4to5
266,267,OADMET-0005823,5.63,train,5to6,0,0.00020406447583809495,0.03406972438097,0.6088356971740723,0.3304208517074585,0.02646969072520733,4to5
267,268,OADMET-0005822,4.65,train,4to5,4,3.776359225327042e-09,3.6543187889037654e-06,0.03641732782125473,0.9629029035568237,0.0006760826800018549,5to6
268,269,OADMET-0005821,5.23,train,5to6,3,1.9130799046251923e-05,0.0013716074172407389,0.8234378695487976,0.17503799498081207,0.0001333864202024415,4to5
269,270,OADMET-0005820,4.47,train,4to5,1,0.004651538096368313,0.010409575887024403,0.7711061835289001,0.21337047219276428,0.00046223189565353096,4to5
270,271,OADMET-0005819,4.99,train,4to5,0,0.0020628701895475388,0.09718402475118637,0.6309984922409058,0.2595621943473816,0.010192368179559708,4to5
271,272,OADMET-0005818,4.92,train,4to5,2,1.6416175640188158e-05,0.00020533717179205269,0.05725378543138504,0.9177539348602295,0.024770472198724747,5to6
272,273,OADMET-0005817,4.66,train,4to5,2,0.581308901309967,0.31887948513031006,0.05357244238257408,0.0428580604493618,0.003381117479875684,lt3
273,274,OADMET-0005816,4.4,train,4to5,4,0.07989850640296936,0.12277120351791382,0.7687780857086182,0.026734445244073868,0.0018176657613366842,4to5
274,275,OADMET-0005815,4.9,train,4to5,1,0.0008382209343835711,0.02067040093243122,0.472383052110672,0.49907800555229187,0.007030268665403128,5to6
275,276,OADMET-0005814,4.58,train,4to5,0,3.466327689238824e-05,0.0014646768104285002,0.3446938097476959,0.652493953704834,0.0013129221042618155,5to6
276,277,OADMET-0005813,4.13,train,4to5,0,0.0016506710089743137,0.039578087627887726,0.7954292297363281,0.16230878233909607,0.0010332743404433131,4to5
277,278,OADMET-0005812,4.69,train,4to5,1,0.0005303274374455214,0.011679865419864655,0.5659977793693542,0.4175410568714142,0.004250993486493826,4to5
278,279,OADMET-0005811,5.22,train,5to6,2,0.0006136209703981876,0.006503203883767128,0.24427683651447296,0.7392339110374451,0.009372459724545479,5to6
279,280,OADMET-0005810,4.75,train,4to5,1,1.0956189726130106e-05,0.0022411083336919546,0.9022847414016724,0.09526954591274261,0.00019366064225323498,4to5
280,281,OADMET-0005809,5.62,train,5to6,0,0.49232017993927,0.2835547626018524,0.12715744972229004,0.06609426438808441,0.030873335897922516,lt3
281,282,OADMET-0005808,5.32,train,5to6,1,1.8221528534922982e-06,6.108554953243583e-05,0.3511955738067627,0.6458483338356018,0.002893212018534541,5to6
282,283,OADMET-0005807,5.56,train,5to6,0,0.006410493049770594,0.03197328746318817,0.49745821952819824,0.45838478207588196,0.005773175973445177,4to5
283,284,OADMET-0005806,5.22,train,5to6,0,0.00012743534171022475,0.0020692090038210154,0.4912523925304413,0.4968463182449341,0.009704630821943283,5to6
284,285,OADMET-0005805,4.91,train,4to5,4,0.00036777157220058143,0.002062455052509904,0.19686341285705566,0.7949804663658142,0.005725895054638386,5to6
285,286,OADMET-0005804,5.57,train,5to6,3,3.332071729644781e-09,2.4504888642695732e-06,0.015591937117278576,0.9104363918304443,0.07396924495697021,5to6
286,287,OADMET-0005803,5.15,train,5to6,3,0.536952793598175,0.20119689404964447,0.22904929518699646,0.02400784380733967,0.008793160319328308,lt3
287,288,OADMET-0005802,4.53,train,4to5,2,4.691634330811212e-06,0.000970871711615473,0.2376103401184082,0.7609072923660278,0.0005068287719041109,5to6
288,289,OADMET-0005801,4.5,train,4to5,0,0.001331991981714964,0.0015622223727405071,0.9847773909568787,0.012201901525259018,0.0001264614111278206,4to5
289,290,OADMET-0005800,5.05,train,5to6,3,1.409491620640857e-11,6.438613127102144e-07,0.11057212203741074,0.8874558210372925,0.001971430843695998,5to6
290,291,OADMET-0005799,3.56,train,3to4,2,0.0010894830338656902,0.060694288462400436,0.6590791940689087,0.27899014949798584,0.00014682409528177232,4to5
291,292,OADMET-0005798,4.82,train,4to5,4,0.0042793033644557,0.025371724739670753,0.655356228351593,0.30553144216537476,0.009461243636906147,4to5
292,293,OADMET-0005797,4.85,train,4to5,1,0.07393296808004379,0.3294050097465515,0.4316299259662628,0.16201387345790863,0.0030182034242898226,4to5
293,294,OADMET-0005796,4.63,train,4to5,4,0.09394464641809464,0.2319716364145279,0.5006855130195618,0.16843454539775848,0.004963641054928303,4to5
294,295,OADMET-0005795,4.68,train,4to5,1,0.0010468261316418648,0.013293292373418808,0.8943222165107727,0.0902637243270874,0.0010739743011072278,4to5
295,296,OADMET-0005794,4.71,train,4to5,1,0.0026191335637122393,0.026170911267399788,0.42041659355163574,0.5229799151420593,0.027813514694571495,5to6
296,297,OADMET-0005793,4.25,train,4to5,1,4.973995964974165e-05,0.002078693127259612,0.5111305713653564,0.4858229458332062,0.0009180027991533279,4to5
297,298,OADMET-0005792,4.58,train,4to5,2,0.11463362723588943,0.14316383004188538,0.6055629849433899,0.13425251841545105,0.0023870887234807014,4to5
298,299,OADMET-0005791,4.63,train,4to5,0,0.0005340611678548157,0.004357748199254274,0.7850353121757507,0.20634500682353973,0.003727830946445465,4to5
299,300,OADMET-0005790,4.57,train,4to5,3,8.669540693517774e-05,0.05591543763875961,0.9048575162887573,0.0389300137758255,0.0002103421138599515,4to5
300,301,OADMET-0005789,4.36,train,4to5,0,0.23538313806056976,0.13045001029968262,0.5608927607536316,0.07137291878461838,0.0019011626718565822,4to5
301,302,OADMET-0005788,6.23,train,gte6,1,0.0013189684832468629,0.013745672069489956,0.7852855324745178,0.19875234365463257,0.0008974807569757104,4to5
302,303,OADMET-0005787,4.67,train,4to5,0,0.0030417402740567923,0.20068225264549255,0.743343710899353,0.052239347249269485,0.0006929051596671343,4to5
303,304,OADMET-0005786,5.05,train,5to6,4,1.8973378246300854e-05,6.676439079456031e-05,0.4479629695415497,0.5494005680084229,0.0025507514365017414,5to6
304,305,OADMET-0005785,4.57,train,4to5,2,0.0007636406808160245,0.003036969341337681,0.772609531879425,0.22336161136627197,0.00022812247334513813,4to5
305,306,OADMET-0005784,4.84,train,4to5,3,7.766592898406088e-05,0.003430371405556798,0.40534064173698425,0.5828115344047546,0.008339772000908852,5to6
306,307,OADMET-0005783,5.22,train,5to6,0,0.0005831175367347896,0.009230932220816612,0.8820003271102905,0.10692642629146576,0.0012592078419402242,4to5
307,308,OADMET-0005782,4.83,train,4to5,0,0.013467928394675255,0.04375104978680611,0.9164459109306335,0.02616197057068348,0.00017315619334112853,4to5
308,309,OADMET-0005781,4.85,train,4to5,2,0.00016517622862011194,0.0013849654933437705,0.6622615456581116,0.33324119448661804,0.0029471677262336016,4to5
309,310,OADMET-0005780,4.03,train,4to5,1,0.0008272103150375187,0.013603081926703453,0.4484350085258484,0.5353802442550659,0.0017544054426252842,5to6
310,311,OADMET-0005779,5.11,train,5to6,3,3.3296586479991674e-05,0.0013255449011921883,0.3071728050708771,0.672467827796936,0.019000563770532608,5to6
311,312,OADMET-0005778,4.53,train,4to5,2,0.0008184497710317373,0.007006507366895676,0.24863234162330627,0.7395923137664795,0.003950413782149553,5to6
312,313,OADMET-0005777,4.72,train,4to5,0,9.503198270977009e-06,0.0005793526652269065,0.7306985855102539,0.26858818531036377,0.00012436760880518705,4to5
313,314,OADMET-0005776,4.99,train,4to5,0,0.0036746340338140726,0.010338570922613144,0.82292640209198,0.1624748259782791,0.0005856017814949155,4to5
314,315,OADMET-0005775,4.78,train,4to5,3,0.0021059566643089056,0.013662884943187237,0.7192745208740234,0.2635895907878876,0.0013670659391209483,4to5
315,316,OADMET-0005774,5.05,train,5to6,3,1.2029498066112865e-05,0.009187084622681141,0.5193580389022827,0.46540796756744385,0.006034934427589178,4to5
316,317,OADMET-0005773,4.38,train,4to5,0,0.0007274940144270658,0.09085971862077713,0.6202921867370605,0.2845166027545929,0.0036040623672306538,4to5
317,318,OADMET-0005772,4.78,train,4to5,2,0.0004949689609929919,0.01839635707437992,0.3399769365787506,0.6398420333862305,0.0012897045817226171,5to6
318,319,OADMET-0005771,5.46,train,5to6,4,0.0002762812655419111,0.0014993392396718264,0.32082346081733704,0.6751015186309814,0.002299413550645113,5to6
319,320,OADMET-0005770,4.85,train,4to5,1,0.0006371170748025179,0.03242592141032219,0.627555787563324,0.33808282017707825,0.0012983327032998204,4to5
320,321,OADMET-0005769,4.78,train,4to5,3,0.0026537722442299128,0.059263184666633606,0.9199596643447876,0.017949311062693596,0.00017408221901860088,4to5
321,322,OADMET-0005768,4.86,train,4to5,1,0.6542834043502808,0.09668764472007751,0.22061389684677124,0.02734314277768135,0.0010718897683545947,lt3
322,323,OADMET-0005767,4.28,train,4to5,0,0.0010922896908596158,0.016017431393265724,0.6331694722175598,0.3465610444545746,0.0031597858760505915,4to5
323,324,OADMET-0005766,4.75,train,4to5,1,0.08420419692993164,0.04160434752702713,0.5219131112098694,0.33305323123931885,0.01922517456114292,4to5
324,325,OADMET-0005765,4.16,train,4to5,2,0.0008873503538779914,0.0018444430315867066,0.964497983455658,0.03275144100189209,1.880049421743024e-05,4to5
325,326,OADMET-0005764,4.65,train,4to5,1,2.080428930639755e-05,0.000551014207303524,0.42044177651405334,0.5780287384986877,0.0009576871525496244,5to6
326,327,OADMET-0005763,4.21,train,4to5,2,0.29857662320137024,0.3325831890106201,0.33754071593284607,0.030620919540524483,0.0006785545847378671,4to5
327,328,OADMET-0005762,4.79,train,4to5,3,0.0005417764186859131,0.01452480349689722,0.939734160900116,0.04485960304737091,0.0003397107939235866,4to5
328,329,OADMET-0005761,4.4,train,4to5,0,0.01620371639728546,0.10638427734375,0.7844008803367615,0.09125792235136032,0.0017532201018184423,4to5
329,330,OADMET-0005760,5.24,train,5to6,1,0.0012052494566887617,0.002281908644363284,0.8177547454833984,0.17818371951580048,0.0005744245136156678,4to5
330,331,OADMET-0005759,4.14,train,4to5,2,8.540019734937232e-06,0.00012104830238968134,0.4329942464828491,0.5660223364830017,0.0008538237307220697,5to6
331,332,OADMET-0005758,4.29,train,4to5,0,0.003376780543476343,0.34150999784469604,0.4483608901500702,0.20082785189151764,0.005924487952142954,4to5
332,333,OADMET-0005757,4.52,train,4to5,4,0.009495217353105545,0.42008721828460693,0.4700603485107422,0.09987989068031311,0.0004773807304445654,4to5
333,334,OADMET-0005756,4.54,train,4to5,4,7.170209573814645e-05,0.0005407286807894707,0.19071535766124725,0.8060692548751831,0.0026029800064861774,5to6
334,335,OADMET-0005755,4.69,train,4to5,2,0.005200881976634264,0.0412750206887722,0.4372371733188629,0.5142241716384888,0.002062807558104396,5to6
335,336,OADMET-0005754,4.6,train,4to5,0,0.027562877163290977,0.47375068068504333,0.4534682333469391,0.04425010830163956,0.0009680710500106215,3to4
336,337,OADMET-0005753,4.29,train,4to5,4,0.001199903548695147,0.03903494402766228,0.8709157109260559,0.08869799226522446,0.0001514791074441746,4to5
337,338,OADMET-0005752,4.62,train,4to5,1,0.002336981473490596,0.0032030530273914337,0.6099222302436829,0.37597420811653137,0.008563533425331116,4to5
338,339,OADMET-0005751,4.28,train,4to5,3,4.522022572928108e-05,0.0019714245572686195,0.6499862670898438,0.34456950426101685,0.003427538089454174,4to5
339,340,OADMET-0005750,4.44,train,4to5,4,0.07411063462495804,0.07336560636758804,0.6679531335830688,0.18239067494869232,0.00217993650585413,4to5
340,341,OADMET-0005749,4.3,train,4to5,4,0.02700827829539776,0.2603849768638611,0.6960124969482422,0.016554778441786766,3.946773722418584e-05,4to5
341,342,OADMET-0005748,4.74,train,4to5,3,0.00016852062253747135,0.009287180379033089,0.6960638165473938,0.2939684987068176,0.0005120154237374663,4to5
342,343,OADMET-0005747,5.58,train,5to6,0,0.014012745581567287,0.029737204313278198,0.8584097027778625,0.09663689136505127,0.001203474821522832,4to5
343,344,OADMET-0005746,5.46,train,5to6,0,0.00016877727466635406,0.010946977883577347,0.35840144753456116,0.6265388131141663,0.003944032359868288,5to6
344,345,OADMET-0005745,4.82,train,4to5,2,0.0046165077947080135,0.003024687757715583,0.728205680847168,0.26296207308769226,0.0011910756584256887,4to5
345,346,OADMET-0005744,4.78,train,4to5,2,0.014203434810042381,0.3892176151275635,0.5391933917999268,0.05451461672782898,0.0028709436301141977,4to5
346,347,OADMET-0005743,4.61,train,4to5,3,3.5503137041814625e-05,0.005651111248880625,0.9688369631767273,0.025450076907873154,2.6288827939424664e-05,4to5
347,348,OADMET-0005742,4.06,train,4to5,2,0.8680124878883362,0.12221048027276993,0.009662526659667492,7.798879960319027e-05,3.662491144496016e-05,lt3
348,349,OADMET-0005741,4.59,train,4to5,0,0.011610901914536953,0.027371425181627274,0.8949209451675415,0.06508656591176987,0.0010101859224960208,4to5
349,350,OADMET-0005740,4.81,train,4to5,2,0.005763781722635031,0.016080528497695923,0.3004193902015686,0.6584323048591614,0.019304055720567703,5to6
350,351,OADMET-0005739,4.46,train,4to5,2,0.000723835255485028,0.0027338394429534674,0.8379305601119995,0.15830029547214508,0.00031148814014159143,4to5
351,352,OADMET-0005738,4.3,train,4to5,4,3.2022169762058184e-05,0.00014367267431225628,0.9014090299606323,0.09777969121932983,0.0006355082150548697,4to5
352,353,OADMET-0005737,4.67,train,4to5,1,0.0006912628887221217,0.05978251248598099,0.40905287861824036,0.5220696330070496,0.008403748273849487,5to6
353,354,OADMET-0005736,5.46,train,5to6,0,0.010187449865043163,0.08267269283533096,0.5455305576324463,0.3417826294898987,0.019826672971248627,4to5
354,355,OADMET-0005735,5.09,train,5to6,2,0.021448636427521706,0.050322484225034714,0.32200202345848083,0.5765455961227417,0.029681263491511345,5to6
355,356,OADMET-0005734,4.85,train,4to5,1,0.00028595284675247967,0.0011388595448806882,0.3660556674003601,0.6304531693458557,0.002066320739686489,5to6
356,357,OADMET-0005733,5.22,train,5to6,4,0.01094428263604641,0.08106952905654907,0.8682756423950195,0.039633046835660934,7.746714982204139e-05,4to5
357,358,OADMET-0005732,5.12,train,5to6,2,0.0014888634905219078,0.009489735588431358,0.5573883652687073,0.42779141664505005,0.0038417065516114235,4to5
358,359,OADMET-0005731,5.11,train,5to6,4,0.010675049386918545,0.04283417388796806,0.6736189126968384,0.27175378799438477,0.0011180555447936058,4to5
359,360,OADMET-0005730,4.59,train,4to5,4,0.06566139310598373,0.4343429207801819,0.44770392775535583,0.05170757323503494,0.0005841857637278736,4to5
360,361,OADMET-0005729,4.23,train,4to5,4,0.08277279138565063,0.057951852679252625,0.6590486168861389,0.1987803876399994,0.001446405309252441,4to5
361,362,OADMET-0005728,4.9,train,4to5,2,0.00020975896040908992,0.0008864536648616195,0.20579540729522705,0.7909206748008728,0.0021877235267311335,5to6
362,363,OADMET-0005727,5.12,train,5to6,4,0.0010190309258177876,0.011494976468384266,0.728451669216156,0.2569289803504944,0.0021054064854979515,4to5
363,364,OADMET-0005726,4.83,train,4to5,2,0.004130906891077757,0.0063919080421328545,0.5392916202545166,0.4470912516117096,0.0030943432357162237,4to5
364,365,OADMET-0005725,4.8,train,4to5,0,0.00805437657982111,0.004966787528246641,0.7991880178451538,0.18608321249485016,0.0017076296498999,4to5
365,366,OADMET-0005724,4.84,train,4to5,1,0.11451852321624756,0.05656725540757179,0.7573402523994446,0.06920705735683441,0.002366918371990323,4to5
366,367,OADMET-0005723,4.17,train,4to5,4,0.02241966873407364,0.019971581175923347,0.9275898933410645,0.029843885451555252,0.00017500972899142653,4to5
367,368,OADMET-0005722,4.2,train,4to5,0,0.011051535606384277,0.05678945407271385,0.5556182265281677,0.35497477650642395,0.021565981209278107,4to5
368,369,OADMET-0005721,5.02,train,5to6,4,1.8392858692095615e-05,0.0002735101443249732,0.11350799351930618,0.8677817583084106,0.01841837726533413,5to6
369,370,OADMET-0005720,5.0,train,4to5,1,6.428819233406102e-06,0.00030891079222783446,0.09183210134506226,0.8959941267967224,0.01185836736112833,5to6
370,371,OADMET-0005719,4.86,train,4to5,0,0.0007451089913956821,0.010516795329749584,0.9168670177459717,0.07179383188486099,7.718820415902883e-05,4to5
371,372,OADMET-0005718,4.73,train,4to5,4,0.00041116835200227797,0.0007537261117249727,0.3960006535053253,0.6016895771026611,0.0011448722798377275,5to6
372,373,OADMET-0005717,4.33,train,4to5,1,0.28637969493865967,0.5699822902679443,0.11416202783584595,0.028845354914665222,0.0006306138238869607,3to4
373,374,OADMET-0005716,4.51,train,4to5,2,0.02002117410302162,0.02274850383400917,0.7853692173957825,0.1703123152256012,0.0015488156350329518,4to5
374,375,OADMET-0005715,4.82,train,4to5,4,0.0006915958365425467,0.01950371079146862,0.7800290584564209,0.1991732269525528,0.0006024175090715289,4to5
375,376,OADMET-0005714,4.96,train,4to5,3,5.833048362546833e-06,0.0010580949019640684,0.819566547870636,0.17922452092170715,0.0001449817355023697,4to5
376,377,OADMET-0005713,4.39,train,4to5,0,0.00010189557360718027,0.00040606845868751407,0.2559380829334259,0.7379866242408752,0.005567338317632675,5to6
377,378,OADMET-0005712,4.49,train,4to5,1,2.861767279682681e-05,0.0015823787543922663,0.35127079486846924,0.6431453824043274,0.003972863778471947,5to6
378,379,OADMET-0005711,4.34,train,4to5,1,0.00542359659448266,0.03731638193130493,0.719876766204834,0.23578405380249023,0.001599171431735158,4to5
379,380,OADMET-0005710,4.16,train,4to5,1,0.029163150116801262,0.10467074811458588,0.8623797297477722,0.0037296926602721214,5.6685828894842416e-05,4to5
380,381,OADMET-0005709,4.95,train,4to5,1,0.00022323871962726116,0.0019406204810366035,0.7764385342597961,0.21892467141151428,0.00247292616404593,4to5
381,382,OADMET-0005708,4.83,train,4to5,1,0.005356526002287865,0.013980679214000702,0.5757784247398376,0.4031929075717926,0.0016915379092097282,4to5
382,383,OADMET-0005707,4.3,train,4to5,0,0.037562135607004166,0.12190787494182587,0.7303496599197388,0.10923842340707779,0.0009418682311661541,4to5
383,384,OADMET-0005706,4.86,train,4to5,0,0.00030734622851014137,0.004384065046906471,0.6338633298873901,0.35656580328941345,0.004879490006715059,4to5
384,385,OADMET-0005705,4.52,train,4to5,2,6.7188352659286465e-06,0.00014901843678671867,0.15691687166690826,0.841687023639679,0.0012403870932757854,5to6
385,386,OADMET-0005704,4.68,train,4to5,0,0.00010238517279503867,0.005300454795360565,0.39895135164260864,0.5920595526695251,0.003586278762668371,5to6
386,387,OADMET-0005703,4.97,train,4to5,2,0.03078366629779339,0.12806732952594757,0.8138481378555298,0.0270855650305748,0.00021524482872337103,4to5
387,388,OADMET-0005702,5.22,train,5to6,3,1.3369372027227655e-05,0.0010285171447321773,0.4376426041126251,0.5568590760231018,0.004456450697034597,5to6
388,389,OADMET-0005701,4.97,train,4to5,4,0.0017309184186160564,0.0016291355714201927,0.4414635896682739,0.5506448149681091,0.004531550221145153,5to6
389,390,OADMET-0005700,4.04,train,4to5,2,0.01750195026397705,0.18282046914100647,0.7559205889701843,0.0435178168118,0.00023918745864648372,4to5
390,391,OADMET-0005699,4.95,train,4to5,3,0.00967424176633358,0.03268403187394142,0.8383879661560059,0.11860817670822144,0.0006456346600316465,4to5
391,392,OADMET-0005698,4.41,train,4to5,0,0.005451033357530832,0.03277143836021423,0.8581438660621643,0.09944340586662292,0.004190283827483654,4to5
392,393,OADMET-0005697,4.9,train,4to5,2,3.5551076962292427e-06,0.00092962576309219,0.19967882335186005,0.7974655032157898,0.0019225223222747445,5to6
393,394,OADMET-0005696,4.22,train,4to5,0,0.1629895716905594,0.0428021140396595,0.7163004875183105,0.07650066912174225,0.001407194184139371,4to5
394,395,OADMET-0005695,3.94,train,3to4,4,0.0029958488885313272,0.0795566514134407,0.8900778293609619,0.027311289682984352,5.842329119332135e-05,4to5
395,396,OADMET-0005694,4.96,train,4to5,4,2.6840078135137446e-05,0.000309398106765002,0.7621428370475769,0.2372160404920578,0.00030486524337902665,4to5
396,397,OADMET-0005693,4.82,train,4to5,4,0.0005091754137538373,0.04445180669426918,0.8327770233154297,0.12203500419855118,0.00022703551803715527,4to5
397,398,OADMET-0005692,4.9,train,4to5,0,0.0002038485836237669,0.006665990222245455,0.737221360206604,0.255595862865448,0.00031288203899748623,4to5
398,399,OADMET-0005691,4.25,train,4to5,1,0.000994608853943646,0.07244301587343216,0.8768720626831055,0.04938441514968872,0.00030590358073823154,4to5
399,400,OADMET-0005690,4.7,train,4to5,3,5.2630621212301776e-05,0.005994691513478756,0.9423350095748901,0.05141734704375267,0.0002003193076234311,4to5
400,401,OADMET-0005689,5.05,train,5to6,4,0.007841862738132477,0.03101501055061817,0.5264331102371216,0.40829095244407654,0.026419086381793022,4to5
401,402,OADMET-0005688,4.59,train,4to5,2,4.173629349679686e-05,0.00010471510177012533,0.5493201017379761,0.45018279552459717,0.0003506806096993387,4to5
402,403,OADMET-0005687,5.04,train,5to6,0,0.00013176219363231212,0.0028015021234750748,0.7245659232139587,0.2667054533958435,0.005795435514301062,4to5
403,404,OADMET-0005686,5.1,train,5to6,1,0.00034738736576400697,0.003717619925737381,0.5025250911712646,0.4824190139770508,0.010990893468260765,4to5
404,405,OADMET-0005685,4.22,train,4to5,4,6.027043582434999e-06,0.00019749964121729136,0.3194611370563507,0.6721042394638062,0.008231114596128464,5to6
405,406,OADMET-0005684,4.67,train,4to5,3,0.0005119052366353571,0.010907088406383991,0.8811064958572388,0.10726556926965714,0.00020896410569548607,4to5
406,407,OADMET-0005683,4.77,train,4to5,4,3.49109795934055e-05,0.0007425035000778735,0.13007649779319763,0.8355674743652344,0.03357868269085884,5to6
407,408,OADMET-0005682,4.9,train,4to5,4,0.0041746413335204124,0.01082181092351675,0.9288950562477112,0.054371871054172516,0.0017365324310958385,4to5
408,409,OADMET-0005681,5.17,train,5to6,1,0.0012393094366416335,0.007254535797983408,0.6966613531112671,0.2904502749443054,0.004394583869725466,4to5
409,410,OADMET-0005680,4.27,train,4to5,0,0.016658704727888107,0.06978452950716019,0.7293382287025452,0.17880719900131226,0.0054113371297717094,4to5
410,411,OADMET-0005679,4.4,train,4to5,0,0.00973566435277462,0.019228428602218628,0.8558288216590881,0.11472927033901215,0.00047778975567780435,4to5
411,412,OADMET-0005678,5.14,train,5to6,3,0.05891816318035126,0.534043550491333,0.35849279165267944,0.045554667711257935,0.002990812761709094,3to4
412,413,OADMET-0005677,5.13,train,5to6,4,0.00011124413140350953,0.0007607349543832242,0.3326377272605896,0.6479377150535583,0.01855255290865898,5to6
413,414,OADMET-0005676,5.66,train,5to6,4,0.0011662761680781841,0.001693899859674275,0.6340271830558777,0.3583049178123474,0.004807676188647747,4to5
414,415,OADMET-0005675,4.41,train,4to5,1,0.002054149517789483,0.009770437143743038,0.670308530330658,0.31714320182800293,0.0007236773381009698,4to5
415,416,OADMET-0005674,5.2,train,5to6,4,0.004140788223594427,0.009344336576759815,0.4120835065841675,0.5663766264915466,0.008054795674979687,5to6
416,417,OADMET-0005673,4.39,train,4to5,0,0.00020252623653504997,0.002099199453368783,0.5116165280342102,0.46388018131256104,0.022201579064130783,4to5
417,418,OADMET-0005672,4.92,train,4to5,4,0.00023299235908780247,0.0005605944315902889,0.4907689690589905,0.5063641667366028,0.0020733028650283813,5to6
418,419,OADMET-0005671,4.94,train,4to5,1,0.001870671403594315,0.01910506561398506,0.7852949500083923,0.18681135773658752,0.006918033584952354,4to5
419,420,OADMET-0005670,4.6,train,4to5,1,7.779819134157151e-05,0.004295000806450844,0.3836389482021332,0.609691321849823,0.0022969881538301706,5to6
420,421,OADMET-0005669,4.68,train,4to5,2,4.721680397778982e-06,0.0008306017844006419,0.5110140442848206,0.48790350556373596,0.00024713671882636845,4to5
421,422,OADMET-0005668,5.27,train,5to6,4,1.3776414562016726e-05,0.000742476258892566,0.4265642464160919,0.5719540119171143,0.000725496793165803,5to6
422,423,OADMET-0005667,5.14,train,5to6,1,0.00023333531862590462,0.014591715298593044,0.5710493326187134,0.41279929876327515,0.0013263062573969364,4to5
423,424,OADMET-0005666,5.25,train,5to6,1,1.3644807950186078e-06,9.650901483837515e-05,0.15446332097053528,0.8323423266410828,0.013096430338919163,5to6
424,425,OADMET-0005665,4.39,train,4to5,1,0.006277058739215136,0.05529886111617088,0.9001664519309998,0.038177523761987686,8.00190246081911e-05,4to5
425,426,OADMET-0005664,5.28,train,5to6,3,0.005565923638641834,0.10843098908662796,0.5503907203674316,0.3303905427455902,0.005221819505095482,4to5
426,427,OADMET-0005663,4.85,train,4to5,1,0.010129081085324287,0.06632555276155472,0.4889063537120819,0.4276813864707947,0.006957619450986385,4to5
427,428,OADMET-0005662,4.28,train,4to5,0,0.001224434468895197,0.034559477120637894,0.6184738874435425,0.33854731917381287,0.007194860838353634,4to5
428,429,OADMET-0005661,5.08,train,5to6,3,1.1864258340210654e-05,0.0001557717623654753,0.46485021710395813,0.5341883897781372,0.0007937427144497633,5to6
429,430,OADMET-0005660,4.75,train,4to5,1,0.0018031856743618846,0.006624743342399597,0.4056490957736969,0.5785877108573914,0.007335280068218708,5to6
430,431,OADMET-0005659,5.12,train,5to6,1,0.0009832832729443908,0.002333618002012372,0.8289307951927185,0.16660988330841064,0.0011424520052969456,4to5
431,432,OADMET-0005658,4.51,train,4to5,2,0.0005782075459137559,0.009405219927430153,0.9588783383369446,0.03112625516951084,1.1959265066252556e-05,4to5
432,433,OADMET-0005657,4.63,train,4to5,0,0.09414967894554138,0.07257644832134247,0.670556366443634,0.1533270627260208,0.0093904510140419,4to5
433,434,OADMET-0005656,4.89,train,4to5,1,0.046040043234825134,0.012887353077530861,0.9118492007255554,0.02905295044183731,0.00017045464483089745,4to5
434,435,OADMET-0005655,5.2,train,5to6,3,0.04774551838636398,0.06416404247283936,0.5419588088989258,0.33715909719467163,0.008972587063908577,4to5
435,436,OADMET-0005654,5.16,train,5to6,2,0.013883507810533047,0.07667189091444016,0.6627634167671204,0.2443392425775528,0.0023419654462486506,4to5
436,437,OADMET-0005653,5.41,train,5to6,2,0.00011099922267021611,0.0025116887409240007,0.648935854434967,0.34761685132980347,0.0008246241486631334,4to5
437,438,OADMET-0005652,4.45,train,4to5,2,0.00422291737049818,0.08566198498010635,0.8297646045684814,0.07981223613023758,0.0005383279640227556,4to5
438,439,OADMET-0005651,4.09,train,4to5,0,0.0028884548228234053,0.018137047067284584,0.9338886141777039,0.0449281670153141,0.00015779332898091525,4to5
439,440,OADMET-0005650,4.27,train,4to5,4,1.5173111023614183e-05,0.0018727933056652546,0.21552257239818573,0.7817309498786926,0.0008585277828387916,5to6
440,441,OADMET-0005649,4.79,train,4to5,0,0.0025857840664684772,0.051057782024145126,0.8784303069114685,0.06785216182470322,7.397152512567118e-05,4to5
441,442,OADMET-0005648,4.53,train,4to5,1,0.007787651848047972,0.08862258493900299,0.7692219614982605,0.13389120995998383,0.00047666492173448205,4to5
442,443,OADMET-0005647,4.53,train,4to5,1,0.000386117841117084,0.021881230175495148,0.39137786626815796,0.4488504230976105,0.13750432431697845,5to6
443,444,OADMET-0005646,4.64,train,4to5,0,0.028769850730895996,0.014090804383158684,0.9271960258483887,0.0297855231910944,0.00015785134746693075,4to5
444,445,OADMET-0005645,4.65,train,4to5,1,5.807894194731489e-05,0.002957246033474803,0.6389854550361633,0.35630059242248535,0.0016986659029498696,4to5
445,446,OADMET-0005644,5.1,train,5to6,2,0.0014076587976887822,0.0015259544597938657,0.453520268201828,0.5109667778015137,0.03257930651307106,5to6
446,447,OADMET-0005643,4.29,train,4to5,0,0.049952372908592224,0.13037678599357605,0.7917392253875732,0.027745548635721207,0.00018607513629831374,4to5
447,448,OADMET-0005642,5.14,train,5to6,3,0.004897276405245066,0.07521244883537292,0.7834354043006897,0.1351516991853714,0.001303213881328702,4to5
448,449,OADMET-0005641,5.1,train,5to6,1,0.0011910836910828948,0.004157855175435543,0.7979333400726318,0.19633983075618744,0.00037793905357830226,4to5
449,450,OADMET-0005640,4.67,train,4to5,0,0.000508274941239506,0.002723916433751583,0.9183430671691895,0.07840120792388916,2.352297815377824e-05,4to5
450,451,OADMET-0005639,4.8,train,4to5,0,0.00030788430012762547,0.000548912794329226,0.46404698491096497,0.49147462844848633,0.04362160339951515,5to6
451,452,OADMET-0005638,4.84,train,4to5,0,0.0859670341014862,0.33807072043418884,0.5681895613670349,0.007515775039792061,0.0002568462514318526,4to5
452,453,OADMET-0005637,4.09,train,4to5,1,0.030001970008015633,0.20308300852775574,0.4907854497432709,0.2725473940372467,0.003582209348678589,4to5
453,454,OADMET-0005636,5.12,train,5to6,3,0.013165030628442764,0.14228872954845428,0.27686408162117004,0.5152929425239563,0.05238920450210571,5to6
454,455,OADMET-0005635,4.89,train,4to5,1,1.3057867818133673e-06,0.00016424660861957818,0.029210267588496208,0.9282076358795166,0.04241658002138138,5to6
455,456,OADMET-0005634,4.09,train,4to5,3,0.0001984822447411716,0.026352033019065857,0.9048826694488525,0.06696604937314987,0.0016007855301722884,4to5
456,457,OADMET-0005633,4.43,train,4to5,4,0.00975243654102087,0.2118803858757019,0.39132559299468994,0.3038753271102905,0.08316627889871597,4to5
457,458,OADMET-0005632,5.1,train,5to6,0,0.00018150689720641822,0.027016164734959602,0.7401069402694702,0.231287881731987,0.001407543895766139,4to5
458,459,OADMET-0005631,4.35,train,4to5,0,0.0002554958045948297,0.05548661947250366,0.6586529016494751,0.2839425504207611,0.001662402763031423,4to5
459,460,OADMET-0005630,4.63,train,4to5,0,0.002484668279066682,0.02862084098160267,0.8134174942970276,0.15313969552516937,0.0023372285068035126,4to5
460,461,OADMET-0005629,4.73,train,4to5,2,0.009647566825151443,0.01997273787856102,0.9511411190032959,0.019169235602021217,6.93628826411441e-05,4to5
461,462,OADMET-0005628,5.27,train,5to6,1,0.013371065258979797,0.07650820910930634,0.4503087103366852,0.4341902434825897,0.025621820241212845,4to5
462,463,OADMET-0005627,4.68,train,4to5,2,0.19231192767620087,0.35794147849082947,0.413226455450058,0.035929907113313675,0.0005902565899305046,4to5
463,464,OADMET-0005626,3.51,train,3to4,0,0.006479705683887005,0.007812511175870895,0.9057690501213074,0.07969135046005249,0.00024735945044085383,4to5
464,465,OADMET-0005625,4.57,train,4to5,4,8.664067718200386e-05,0.0008109792252071202,0.8717975616455078,0.12628810107707977,0.0010167245054617524,4to5
465,466,OADMET-0005624,4.16,train,4to5,4,0.0022783156018704176,0.035866595804691315,0.8816235065460205,0.07478934526443481,0.005442270543426275,4to5
466,467,OADMET-0005623,4.87,train,4to5,0,0.008367153815925121,0.06784114241600037,0.8589903712272644,0.06329787522554398,0.0015035008545964956,4to5
467,468,OADMET-0005622,5.15,train,5to6,3,0.000883583736140281,0.01913183182477951,0.5758404731750488,0.39988255500793457,0.0042615546844899654,4to5
468,469,OADMET-0005621,4.95,train,4to5,1,7.670836930628866e-05,0.000901348830666393,0.2653384208679199,0.7290576696395874,0.004625888541340828,5to6
469,470,OADMET-0005620,4.67,train,4to5,3,0.012086049653589725,0.13370098173618317,0.7575767636299133,0.09607861191034317,0.0005575309623964131,4to5
470,471,OADMET-0005619,5.05,train,5to6,4,6.211384970811196e-06,0.0003550191468093544,0.19289587438106537,0.8020629286766052,0.00467999093234539,5to6
471,472,OADMET-0005618,4.96,train,4to5,1,6.781138836231548e-06,0.00033884571166709065,0.2136000245809555,0.7846611142158508,0.001393212005496025,5to6
472,473,OADMET-0005617,4.87,train,4to5,0,0.000292232318315655,0.03165554627776146,0.8597016930580139,0.10636571794748306,0.0019847932271659374,4to5
473,474,OADMET-0005616,4.54,train,4to5,3,0.0006869041826575994,0.02747216634452343,0.8802827596664429,0.09098149091005325,0.0005766957183368504,4to5
474,475,OADMET-0005615,4.93,train,4to5,3,0.7678382396697998,0.16940155625343323,0.053150106221437454,0.008532284758985043,0.0010777463903650641,lt3
475,476,OADMET-0005614,5.32,train,5to6,4,1.2731987908409792e-07,5.567765583691653e-06,0.048118188977241516,0.9508581161499023,0.0010180248646065593,5to6
476,477,OADMET-0005613,5.04,train,5to6,2,0.009994979947805405,0.17672954499721527,0.7094765305519104,0.10349515825510025,0.0003037547576241195,4to5
477,478,OADMET-0005612,4.53,train,4to5,4,0.05217990279197693,0.07170181721448898,0.8553327918052673,0.02071862667798996,6.691403541481122e-05,4to5
478,479,OADMET-0005611,4.85,train,4to5,1,0.005818857345730066,0.09650004655122757,0.6157020330429077,0.28071242570877075,0.0012666566763073206,4to5
479,480,OADMET-0005610,4.85,train,4to5,4,0.16206972301006317,0.4535837471485138,0.2802608609199524,0.083849236369133,0.020236380398273468,3to4
480,481,OADMET-0005609,4.15,train,4to5,2,0.0005034444620832801,0.0039476072415709496,0.8156400322914124,0.17977206408977509,0.0001368800876662135,4to5
481,482,OADMET-0005608,4.53,train,4to5,1,0.0005246337386779487,0.005472991149872541,0.30273202061653137,0.6849843263626099,0.006286021322011948,5to6
482,483,OADMET-0005607,4.73,train,4to5,2,0.0012663935776799917,0.03739239647984505,0.7213979959487915,0.2373574674129486,0.002585763344541192,4to5
483,484,OADMET-0005606,4.59,train,4to5,0,0.08524205535650253,0.8345784544944763,0.07031165808439255,0.008790907450020313,0.0010768405627459288,3to4
484,485,OADMET-0005605,4.91,train,4to5,1,0.002720193937420845,0.0136709650978446,0.6923804879188538,0.2892111837863922,0.002017183927819133,4to5
485,486,OADMET-0005604,3.91,train,3to4,1,1.433681245543994e-05,0.012879054993391037,0.4290248453617096,0.5553030967712402,0.002778712660074234,5to6
486,487,OADMET-0005603,4.29,train,4to5,2,0.018460066989064217,0.21354690194129944,0.7184656858444214,0.048840172588825226,0.0006871523219160736,4to5
487,488,OADMET-0005602,4.47,train,4to5,0,0.0009239756618626416,0.04360611364245415,0.801559567451477,0.15141074359416962,0.0024996332358568907,4to5
488,489,OADMET-0005601,4.87,train,4to5,3,2.2952362144224026e-07,0.00012668798444792628,0.3587377965450287,0.638871967792511,0.0022632970940321684,5to6
489,490,OADMET-0005600,4.73,train,4to5,2,0.05513522028923035,0.20802344381809235,0.6954489350318909,0.04010175168514252,0.0012906377669423819,4to5
490,491,OADMET-0005599,4.43,train,4to5,2,0.0018775160424411297,0.004592117387801409,0.9547443389892578,0.03870726749300957,7.879911572672427e-05,4to5
491,492,OADMET-0005598,4.92,train,4to5,3,0.0005327773396857083,0.04812579229474068,0.9268301129341125,0.024469593539834023,4.177199662080966e-05,4to5
492,493,OADMET-0005597,4.77,train,4to5,4,0.2182752639055252,0.3034766614437103,0.4609805643558502,0.017111120745539665,0.00015637287287972867,4to5
493,494,OADMET-0005596,4.79,train,4to5,4,0.00014092220226302743,0.0003425779868848622,0.18824100494384766,0.7935808300971985,0.01769469864666462,5to6
494,495,OADMET-0005595,4.93,train,4to5,3,0.6091682314872742,0.3670213520526886,0.02342545986175537,0.00020554174261633307,0.00017941728583537042,lt3
495,496,OADMET-0005594,4.24,train,4to5,3,0.006911678239703178,0.06395307928323746,0.915059506893158,0.013489793986082077,0.0005859765806235373,4to5
496,497,OADMET-0005593,4.74,train,4to5,3,0.009300882928073406,0.4472835659980774,0.49940580129623413,0.042416710406541824,0.0015930008376017213,4to5
497,498,OADMET-0005592,4.65,train,4to5,0,0.1318933218717575,0.2253713458776474,0.5889368653297424,0.053044795989990234,0.0007536389166489244,4to5
498,499,OADMET-0005591,4.9,train,4to5,0,0.016423076391220093,0.5615893602371216,0.35450729727745056,0.06212422251701355,0.005356155335903168,3to4
499,500,OADMET-0005590,4.63,train,4to5,2,0.0009858275298029184,0.00194154167547822,0.219185933470726,0.7761169075965881,0.0017698501469567418,5to6
500,501,OADMET-0005589,5.16,train,5to6,3,0.0005125498282723129,0.0241964403539896,0.5684604048728943,0.4040123522281647,0.0028183155227452517,4to5
501,502,OADMET-0005588,4.45,train,4to5,2,0.010800095275044441,0.013828163035213947,0.9463826417922974,0.028876803815364838,0.0001122892863349989,4to5
502,503,OADMET-0005587,4.26,train,4to5,2,0.00010553636820986867,0.004014865029603243,0.5287133455276489,0.46608442068099976,0.0010817813454195857,4to5
503,504,OADMET-0005586,4.68,train,4to5,2,0.009305455721914768,0.04270707815885544,0.517576277256012,0.4243319630622864,0.006079230923205614,4to5
504,505,OADMET-0005585,5.04,train,5to6,4,8.73467797646299e-06,0.00011717503366526216,0.07626243680715561,0.9088204503059387,0.014791167341172695,5to6
505,506,OADMET-0005584,4.05,train,4to5,1,0.004675159230828285,0.011174311861395836,0.6096909046173096,0.36820608377456665,0.006253599189221859,4to5
506,507,OADMET-0005583,4.27,train,4to5,1,0.004022023640573025,0.035576824098825455,0.9223702549934387,0.03534290939569473,0.0026878879871219397,4to5
507,508,OADMET-0005582,4.85,train,4to5,0,0.009916339069604874,0.0059235189110040665,0.8337810039520264,0.1492883414030075,0.001090795616619289,4to5
508,509,OADMET-0005581,4.66,train,4to5,0,0.0034216679632663727,0.052152346819639206,0.7532320022583008,0.1906920075416565,0.0005019872914999723,4to5
509,510,OADMET-0005580,4.11,train,4to5,4,0.03494543209671974,0.6147078275680542,0.3235809803009033,0.026642201468348503,0.00012355009675957263,3to4
510,511,OADMET-0005579,4.85,train,4to5,1,8.7695152615197e-05,0.008016185835003853,0.8352798819541931,0.1558578759431839,0.0007583302794955671,4to5
511,512,OADMET-0005578,4.77,train,4to5,4,0.004510415717959404,0.26607784628868103,0.6790885925292969,0.05027255415916443,5.068957034382038e-05,4to5
512,513,OADMET-0005577,4.9,train,4to5,2,1.6795675037428737e-05,0.001304030534811318,0.24959154427051544,0.7482646107673645,0.0008230105158872902,5to6
513,514,OADMET-0005576,4.12,train,4to5,4,6.11640207353048e-05,0.001002542907372117,0.6616739630699158,0.33003300428390503,0.007229328155517578,4to5
514,515,OADMET-0005575,4.82,train,4to5,0,0.0073501942679286,0.02863365411758423,0.8668802380561829,0.09510108828544617,0.0020348327234387398,4to5
515,516,OADMET-0005574,5.28,train,5to6,4,4.835067375097424e-05,0.0018727354472503066,0.7973230481147766,0.1999456286430359,0.0008102756110019982,4to5
516,517,OADMET-0005573,4.73,train,4to5,2,9.94685797195416e-06,0.0001580199896125123,0.783517599105835,0.21594583988189697,0.00036861200351268053,4to5
517,518,OADMET-0005572,4.77,train,4to5,4,6.697081857964804e-07,0.00021750260202679783,0.3004809021949768,0.6976972818374634,0.0016036885790526867,5to6
518,519,OADMET-0005571,4.75,train,4to5,0,0.0065501658245921135,0.028829043731093407,0.678455114364624,0.278727263212204,0.007438413333147764,4to5
519,520,OADMET-0005570,5.08,train,5to6,0,3.0922463338356465e-05,0.000499266549013555,0.16162368655204773,0.755510687828064,0.08233536779880524,5to6
520,521,OADMET-0005569,4.68,train,4to5,1,0.010143693536520004,0.08361687511205673,0.7614099979400635,0.1439637988805771,0.0008656359859742224,4to5
521,522,OADMET-0005568,4.35,train,4to5,0,0.2977825701236725,0.20772825181484222,0.4649444818496704,0.029185976833105087,0.00035868847044184804,4to5
522,523,OADMET-0005567,5.12,train,5to6,4,8.595344115747139e-05,0.0001817539450712502,0.0881204754114151,0.8464089035987854,0.06520290672779083,5to6
523,524,OADMET-0005566,5.31,train,5to6,3,0.008554406464099884,0.07066626101732254,0.8169276118278503,0.10248284786939621,0.0013688746839761734,4to5
524,525,OADMET-0005565,5.28,train,5to6,0,0.0012138962047174573,0.0014135396340861917,0.6521329283714294,0.34203505516052246,0.003204562235623598,4to5
525,526,OADMET-0005564,4.88,train,4to5,4,7.077223017404322e-06,0.0005420278175733984,0.47654709219932556,0.5224699974060059,0.0004338771977927536,5to6
526,527,OADMET-0005563,5.18,train,5to6,3,2.3659589714952745e-05,0.01523319911211729,0.9517554640769958,0.03295073285698891,3.688401557155885e-05,4to5
527,528,OADMET-0005562,5.03,train,5to6,2,0.09401682019233704,0.16734255850315094,0.48179057240486145,0.2544070780277252,0.002442940603941679,4to5
528,529,OADMET-0005561,4.59,train,4to5,3,0.001816129544749856,0.05440906062722206,0.8848209381103516,0.05837194249033928,0.0005818637437187135,4to5
529,530,OADMET-0005560,4.8,train,4to5,4,0.016781477257609367,0.19640220701694489,0.7529354095458984,0.03346196189522743,0.00041889146086759865,4to5
530,531,OADMET-0005559,4.96,train,4to5,0,0.04004768282175064,0.33344700932502747,0.5997534394264221,0.026618745177984238,0.00013320724247023463,4to5
531,532,OADMET-0005558,4.61,train,4to5,0,0.020398689433932304,0.05682750418782234,0.8891140222549438,0.03262576833367348,0.0010339374421164393,4to5
532,533,OADMET-0005557,5.13,train,5to6,3,0.002203450072556734,0.00435612490400672,0.9736714363098145,0.019726291298866272,4.2751933506224304e-05,4to5
533,534,OADMET-0005556,5.22,train,5to6,0,0.012287984602153301,0.0200851708650589,0.7742002010345459,0.186120867729187,0.007305801846086979,4to5
534,535,OADMET-0005555,4.53,train,4to5,4,0.0002650053065735847,0.4851444363594055,0.3663126528263092,0.14820516109466553,7.273440132848918e-05,3to4
535,536,OADMET-0005554,4.58,train,4to5,3,0.16852857172489166,0.3036136031150818,0.4268747568130493,0.10023701936006546,0.0007460552733391523,4to5
536,537,OADMET-0005553,4.79,train,4to5,1,0.0005125830648466945,0.01166990865021944,0.7119960188865662,0.27317097783088684,0.002650510985404253,4to5
537,538,OADMET-0005552,5.14,train,5to6,4,2.865333044610452e-05,0.0023081516847014427,0.35329633951187134,0.643694281578064,0.0006726491847075522,5to6
538,539,OADMET-0005551,5.3,train,5to6,4,3.6017817706124333e-07,0.0002583023742772639,0.2551667392253876,0.7430901527404785,0.0014844280667603016,5to6
539,540,OADMET-0005550,5.0,train,4to5,4,0.00021543884940911084,0.0030387036968022585,0.5216426253318787,0.4720834791660309,0.003019822994247079,4to5
540,541,OADMET-0005549,5.09,train,5to6,4,7.429357538057957e-06,0.0004074222524650395,0.15476639568805695,0.842788815498352,0.0020299709867686033,5to6
541,542,OADMET-0005548,4.83,train,4to5,1,0.0026164494920521975,0.055984143167734146,0.6445437073707581,0.2964251637458801,0.00043056023423559964,4to5
542,543,OADMET-0005547,5.37,train,5to6,2,2.2022531993570738e-06,1.6972384401015006e-05,0.32563695311546326,0.6739907264709473,0.000353185081621632,5to6
543,544,OADMET-0005546,4.93,train,4to5,1,0.00013485242379829288,0.06589250266551971,0.44230616092681885,0.4904615879058838,0.0012049553915858269,5to6
544,545,OADMET-0005545,5.43,train,5to6,4,0.00039465376175940037,0.000898690486792475,0.2905247211456299,0.706580638885498,0.0016013550339266658,5to6
545,546,OADMET-0005544,4.8,train,4to5,0,2.8109678169130348e-05,0.001429803087376058,0.3540765941143036,0.6255776286125183,0.018887903541326523,5to6
546,547,OADMET-0005543,5.1,train,5to6,1,0.0002478153328411281,0.008725089021027088,0.3521413803100586,0.6198315024375916,0.01905418187379837,5to6
547,548,OADMET-0005542,5.28,train,5to6,2,3.950043719669338e-06,0.00028707736055366695,0.610296905040741,0.388877272605896,0.0005348294507712126,4to5
548,549,OADMET-0005541,4.68,train,4to5,1,0.0001846868690336123,0.032069988548755646,0.6220341324806213,0.3443082273006439,0.0014029830927029252,4to5
549,550,OADMET-0005540,4.63,train,4to5,0,0.005414215382188559,0.15180695056915283,0.7441480755805969,0.09810519218444824,0.000525599461980164,4to5
550,551,OADMET-0005539,4.82,train,4to5,4,0.00016553167370148003,0.0014305906370282173,0.7865750789642334,0.2113959789276123,0.00043285853462293744,4to5
551,552,OADMET-0005538,4.43,train,4to5,3,0.11174249649047852,0.3681040406227112,0.5043526291847229,0.014840926975011826,0.0009599674958735704,4to5
552,553,OADMET-0005537,5.19,train,5to6,2,0.0002621626772452146,0.00151137076318264,0.058846741914749146,0.9047580361366272,0.03462160378694534,5to6
553,554,OADMET-0005536,4.49,train,4to5,2,0.00013626925647258759,0.0040464140474796295,0.6482244729995728,0.3473963439464569,0.00019647380395326763,4to5
554,555,OADMET-0005535,5.23,train,5to6,3,0.01107079815119505,0.028598934412002563,0.8772790431976318,0.08118855208158493,0.0018626779783517122,4to5
555,556,OADMET-0005534,5.49,train,5to6,4,4.874799742538016e-06,3.8040052459109575e-05,0.030264923349022865,0.9668388366699219,0.0028533756267279387,5to6
556,557,OADMET-0005533,4.21,train,4to5,1,0.04109597206115723,0.0913335531949997,0.7474960088729858,0.11828819662332535,0.0017862268723547459,4to5
557,558,OADMET-0005532,5.22,train,5to6,0,0.050214845687150955,0.060183122754096985,0.6040796637535095,0.2817506194114685,0.003771857125684619,4to5
558,559,OADMET-0005531,4.4,train,4to5,4,0.0003475990961305797,0.0355672687292099,0.7297235131263733,0.2299635261297226,0.004398183431476355,4to5
559,560,OADMET-0005530,4.88,train,4to5,1,0.07497961819171906,0.18759886920452118,0.658191978931427,0.07869420200586319,0.0005353280575945973,4to5
560,561,OADMET-0005529,5.3,train,5to6,0,0.0008823508978821337,0.00829415861517191,0.782509982585907,0.2070464789867401,0.0012670890428125858,4to5
561,562,OADMET-0005528,3.86,train,3to4,0,6.782540731364861e-05,0.0007604605634696782,0.43964552879333496,0.5553230047225952,0.0042032101191580296,5to6
562,563,OADMET-0005527,4.09,train,4to5,1,0.0026402785442769527,0.30786454677581787,0.6187209486961365,0.06970292329788208,0.0010713364463299513,4to5
563,564,OADMET-0005526,5.07,train,5to6,4,0.00011786519462475553,0.0073885549791157246,0.4523688852787018,0.5393463373184204,0.0007782891043461859,5to6
564,565,OADMET-0005525,5.54,train,5to6,3,0.010628540068864822,0.06345510482788086,0.8218463063240051,0.10369682312011719,0.0003732327895704657,4to5
565,566,OADMET-0005524,5.3,train,5to6,0,4.3815511162392795e-05,0.003132878104224801,0.25138598680496216,0.7314996123313904,0.0139377536252141,5to6
566,567,OADMET-0005523,4.43,train,4to5,0,0.013377560302615166,0.02123449370265007,0.8082467913627625,0.1540461778640747,0.0030949641950428486,4to5
567,568,OADMET-0005522,5.37,train,5to6,2,1.4060735338716768e-05,0.0011428541038185358,0.8450422286987305,0.15148578584194183,0.0023150930646806955,4to5
568,569,OADMET-0005521,4.49,train,4to5,1,0.06673389673233032,0.48046839237213135,0.3988460600376129,0.05256333947181702,0.0013883613282814622,3to4
569,570,OADMET-0005520,4.29,train,4to5,3,0.0005474240169860423,0.0064783585257828236,0.2885974943637848,0.6970224380493164,0.007354248780757189,5to6
570,571,OADMET-0005519,4.81,train,4to5,3,0.015618781559169292,0.0599953792989254,0.9094257950782776,0.014847377315163612,0.00011269947572145611,4to5
571,572,OADMET-0005518,5.39,train,5to6,4,0.005070268642157316,0.011675812304019928,0.7094825506210327,0.27300938963890076,0.0007620250107720494,4to5
572,573,OADMET-0005517,4.92,train,4to5,3,0.0004923666710965335,0.010899613611400127,0.4182201623916626,0.5595057010650635,0.010882211849093437,5to6
573,574,OADMET-0005516,4.46,train,4to5,1,0.16468407213687897,0.2206234633922577,0.5709394216537476,0.03779095783829689,0.005962090101093054,4to5
574,575,OADMET-0005515,5.1,train,5to6,4,0.02724120393395424,0.6289358139038086,0.30369484424591064,0.03929917514324188,0.0008290025871247053,3to4
575,576,OADMET-0005514,4.7,train,4to5,1,0.002172687789425254,0.019265778362751007,0.5780417323112488,0.39760711789131165,0.0029126808512955904,4to5
576,577,OADMET-0005513,5.2,train,5to6,1,0.0006227996782399714,0.020585572347044945,0.6150624752044678,0.36123940348625183,0.0024898224510252476,4to5
577,578,OADMET-0005512,5.01,train,5to6,1,9.687576675787568e-05,0.0039000948891043663,0.6140885949134827,0.380787193775177,0.0011273310519754887,4to5
578,579,OADMET-0005511,4.73,train,4to5,3,0.0004266313335392624,0.009116201661527157,0.6622403860092163,0.32629767060279846,0.0019191793398931623,4to5
579,580,OADMET-0005510,4.99,train,4to5,3,0.0009886755142360926,0.006948314607143402,0.6869372129440308,0.30129653215408325,0.003829283406957984,4to5
580,581,OADMET-0005509,5.68,train,5to6,4,5.164905019228172e-07,4.4664207052846905e-06,0.010682671330869198,0.9853960871696472,0.003916299436241388,5to6
581,582,OADMET-0005508,5.34,train,5to6,2,4.650847131415503e-06,9.266367851523682e-05,0.28741365671157837,0.7096286416053772,0.0028604536782950163,5to6
582,583,OADMET-0005507,5.31,train,5to6,2,0.0001159206876764074,0.0013498269254341722,0.37860211730003357,0.6191021800041199,0.0008300222689285874,5to6
583,584,OADMET-0005506,5.18,train,5to6,4,0.00010364839545218274,0.0016807503998279572,0.3947582244873047,0.6025715470314026,0.000885896326508373,5to6
584,585,OADMET-0005505,4.48,train,4to5,3,0.03508266806602478,0.11095436662435532,0.8447038531303406,0.00875233206897974,0.0005067685851827264,4to5
585,586,OADMET-0005504,4.77,train,4to5,3,0.0010551856830716133,0.05990314111113548,0.9176521301269531,0.0213535875082016,3.595126327127218e-05,4to5
586,587,OADMET-0005503,4.95,train,4to5,0,0.0020765229128301144,0.04031453654170036,0.5447302460670471,0.3557922840118408,0.05708640441298485,4to5
587,588,OADMET-0005502,4.87,train,4to5,3,0.001759180100634694,0.22126208245754242,0.7177910804748535,0.05911258980631828,7.506847759941593e-05,4to5
588,589,OADMET-0005501,5.29,train,5to6,2,0.0026889301370829344,0.03276751935482025,0.5707501769065857,0.39257022738456726,0.0012232351582497358,4to5
589,590,OADMET-0005500,4.64,train,4to5,1,0.0002673522103577852,0.0066809700801968575,0.5312448143959045,0.46050959825515747,0.0012973203556612134,4to5
590,591,OADMET-0005499,5.17,train,5to6,4,3.332878623041324e-05,0.003629554994404316,0.6823815107345581,0.31336814165115356,0.0005875451024621725,4to5
591,592,OADMET-0005498,3.8,train,3to4,2,0.0016793622635304928,0.013229108415544033,0.12442351132631302,0.8450701236724854,0.01559792272746563,5to6
592,593,OADMET-0005497,4.9,train,4to5,4,1.4547629689332098e-05,0.0002757562033366412,0.5547095537185669,0.4440939426422119,0.0009062628378160298,4to5
593,594,OADMET-0005496,5.08,train,5to6,4,2.6318150503357174e-07,0.00043621822260320187,0.05391079932451248,0.9441941976547241,0.001458551618270576,5to6
594,595,OADMET-0005495,5.03,train,5to6,1,0.0002567795163486153,0.0016455230070278049,0.5113736987113953,0.48319458961486816,0.0035294825211167336,4to5
595,596,OADMET-0005494,5.36,train,5to6,1,7.566944077552762e-06,0.0001737965503707528,0.29833340644836426,0.7007419466972351,0.0007433353457599878,5to6
596,597,OADMET-0005493,5.13,train,5to6,3,8.428911678493023e-05,0.03375314548611641,0.9320813417434692,0.03404244780540466,3.8708094507455826e-05,4to5
597,598,OADMET-0005492,5.35,train,5to6,3,6.0614234826061875e-05,0.010387417860329151,0.7256802916526794,0.25892090797424316,0.004950718022882938,4to5
598,599,OADMET-0005491,4.84,train,4to5,4,7.811621799191926e-06,0.0003639830101747066,0.5273205637931824,0.471428245306015,0.000879444763995707,4to5
599,600,OADMET-0005490,4.96,train,4to5,3,6.421752186724916e-05,0.008007349446415901,0.9493993520736694,0.04207079857587814,0.00045834595221094787,4to5
600,601,OADMET-0005489,4.94,train,4to5,0,7.710367208346725e-05,0.0024839630350470543,0.6910263299942017,0.30315184593200684,0.0032607701141387224,4to5
601,602,OADMET-0005488,5.04,train,5to6,3,0.07609236240386963,0.1519366204738617,0.7361369132995605,0.034382253885269165,0.0014519148971885443,4to5
602,603,OADMET-0005487,4.78,train,4to5,3,0.02854400873184204,0.023322682827711105,0.8570486307144165,0.08700138330459595,0.00408326368778944,4to5
603,604,OADMET-0005486,4.93,train,4to5,4,0.006446722894906998,0.01856827363371849,0.8761863112449646,0.09817337244749069,0.0006252941093407571,4to5
604,605,OADMET-0005485,4.61,train,4to5,3,0.043717361986637115,0.12846195697784424,0.7968230843544006,0.030366938561201096,0.0006307012517936528,4to5
605,606,OADMET-0005484,4.93,train,4to5,0,5.7748369727050886e-05,0.00046071826363913715,0.7545295357704163,0.24405576288700104,0.0008962783613242209,4to5
606,607,OADMET-0005483,5.17,train,5to6,1,0.0017748621758073568,0.0074816299602389336,0.8930975198745728,0.09434331953525543,0.003302724799141288,4to5
607,608,OADMET-0005482,4.99,train,4to5,0,1.3431927982310299e-05,0.0006964751519262791,0.5976744294166565,0.40061041712760925,0.0010052971774712205,4to5
608,609,OADMET-0005481,4.96,train,4to5,0,1.7541458873893134e-05,0.0014706942019984126,0.4362395405769348,0.4798833131790161,0.08238891512155533,5to6
609,610,OADMET-0005480,5.11,train,5to6,0,0.00010026762902271003,0.0013582243118435144,0.5459464192390442,0.4499952495098114,0.002599826781079173,4to5
610,611,OADMET-0005479,4.7,train,4to5,3,6.303604459390044e-05,0.004812866449356079,0.7002599835395813,0.29222598671913147,0.0026381451170891523,4to5
611,612,OADMET-0005478,5.06,train,5to6,3,0.0049740904942154884,0.3304598331451416,0.5407229065895081,0.07281547039747238,0.05102769285440445,4to5
612,613,OADMET-0005477,4.5,train,4to5,0,0.1177501231431961,0.12287735193967819,0.7274395823478699,0.03116871789097786,0.0007642802665941417,4to5
613,614,OADMET-0005476,5.3,train,5to6,3,2.7483890789881116e-06,0.002081772778183222,0.7355327606201172,0.2618080675601959,0.0005747248651459813,4to5
614,615,OADMET-0005475,4.85,train,4to5,3,0.00369919091463089,0.48882055282592773,0.48929405212402344,0.017536025494337082,0.0006502009928226471,4to5
615,616,OADMET-0005474,5.27,train,5to6,1,2.0647864857892273e-06,0.00016299556591548026,0.11177706718444824,0.8872808814048767,0.0007770257070660591,5to6
616,617,OADMET-0005473,4.33,train,4to5,4,0.0036761958617717028,0.035319577902555466,0.6180933713912964,0.3393856883049011,0.0035251935478299856,4to5
617,618,OADMET-0005472,4.92,train,4to5,4,0.0007279605488292873,0.05021282657980919,0.8116191029548645,0.137247696518898,0.00019246111332904547,4to5
618,619,OADMET-0005471,5.32,train,5to6,4,9.152829079539515e-06,0.00014079098764341325,0.3977925479412079,0.6015274524688721,0.00053004379151389,5to6
619,620,OADMET-0005470,4.23,train,4to5,0,0.0025542753282934427,0.02372053451836109,0.7747606039047241,0.19268468022346497,0.00627994304522872,4to5
620,621,OADMET-0005469,4.87,train,4to5,3,0.013010409660637379,0.47012096643447876,0.42652738094329834,0.08751679956912994,0.00282447412610054,3to4
621,622,OADMET-0005468,4.38,train,4to5,4,0.0013526654802262783,0.005410682410001755,0.8698275685310364,0.12198551744222641,0.0014234960544854403,4to5
622,623,OADMET-0005467,5.22,train,5to6,3,0.03234539553523064,0.21434713900089264,0.7071216702461243,0.04456870257854462,0.0016170884482562542,4to5
623,624,OADMET-0005466,4.43,train,4to5,4,0.028539907187223434,0.023498961701989174,0.8992695808410645,0.04836830869317055,0.0003232176823075861,4to5
624,625,OADMET-0005465,5.19,train,5to6,0,0.001339443027973175,0.03973664343357086,0.4950094223022461,0.4526000916957855,0.011314373463392258,4to5
625,626,OADMET-0005464,4.81,train,4to5,4,2.6578067263471894e-05,0.0001258591073565185,0.6826884746551514,0.3167438209056854,0.0004153157933615148,4to5
626,627,OADMET-0005463,5.34,train,5to6,3,0.0004253924998920411,0.035497166216373444,0.4805975556373596,0.4825620651245117,0.0009177500032819808,5to6
627,628,OADMET-0005462,4.86,train,4to5,2,0.00011758343316614628,0.00042574547114782035,0.9382216930389404,0.061204712837934494,3.0273873562691733e-05,4to5
628,629,OADMET-0005461,5.23,train,5to6,2,7.92019818618428e-06,0.0002485093136783689,0.3843575716018677,0.6151366233825684,0.0002494152286089957,5to6
629,630,OADMET-0005460,5.15,train,5to6,2,0.0003779895487241447,0.0023316615261137486,0.5445593595504761,0.4524422585964203,0.00028873252449557185,4to5
630,631,OADMET-0005459,4.72,train,4to5,0,0.00010423670028103516,0.0006786949816159904,0.6543702483177185,0.3443043529987335,0.0005425501731224358,4to5
631,632,OADMET-0005458,4.75,train,4to5,2,0.05360269919037819,0.018608160316944122,0.45648548007011414,0.43402111530303955,0.03728257864713669,4to5
632,633,OADMET-0005457,4.59,train,4to5,3,0.6159500479698181,0.37220174074172974,0.007836517877876759,0.0015221817884594202,0.0024895602837204933,lt3
633,634,OADMET-0005456,5.22,train,5to6,3,4.066630054921916e-08,8.82390213519102e-06,0.2922280430793762,0.7063497304916382,0.0014133825898170471,5to6
634,635,OADMET-0005455,5.09,train,5to6,3,0.9680153131484985,0.028307566419243813,0.002910891780629754,0.0006091176765039563,0.00015712558524683118,lt3
635,636,OADMET-0005454,4.69,train,4to5,3,3.2807070056151133e-06,0.005383097101002932,0.8146335482597351,0.1790723353624344,0.0009077806025743484,4to5
636,637,OADMET-0005453,4.93,train,4to5,4,1.3464724588629906e-06,1.33180446937331e-05,0.1120872050523758,0.8870746493339539,0.0008234876440837979,5to6
637,638,OADMET-0005452,4.61,train,4to5,0,0.0004581674584187567,0.004704170394688845,0.624565064907074,0.3700825273990631,0.0001900523348012939,4to5
638,639,OADMET-0005451,4.3,train,4to5,4,0.0007032596040517092,0.001487107016146183,0.9674912691116333,0.030305905267596245,1.2454914212867152e-05,4to5
639,640,OADMET-0005450,5.43,train,5to6,4,9.94444690149976e-06,0.00010175124771194533,0.10465245693922043,0.8773196935653687,0.017916185781359673,5to6
640,641,OADMET-0005449,5.32,train,5to6,1,5.726151721319184e-05,0.001216467353515327,0.1451275795698166,0.8474738001823425,0.006124930456280708,5to6
641,642,OADMET-0005448,5.31,train,5to6,2,0.0016949065029621124,0.044649068266153336,0.6502038836479187,0.297146737575531,0.0063054123893380165,4to5
642,643,OADMET-0005447,5.07,train,5to6,0,0.015401527285575867,0.07031270116567612,0.8763959407806396,0.03735331818461418,0.0005364810931496322,4to5
643,644,OADMET-0005446,5.24,train,5to6,3,0.0005797981284558773,0.027762949466705322,0.724361777305603,0.24309104681015015,0.004204444121569395,4to5
644,645,OADMET-0005445,4.5,train,4to5,2,0.04440191760659218,0.4404633641242981,0.38545089960098267,0.1280428022146225,0.0016410152893513441,3to4
645,646,OADMET-0005444,4.57,train,4to5,1,3.992815618403256e-05,0.0002704121288843453,0.10749644786119461,0.8905171155929565,0.0016761322040110826,5to6
646,647,OADMET-0005443,5.61,train,5to6,0,6.877492069179425e-06,0.0002624010085128248,0.09277508407831192,0.8790724873542786,0.027883199974894524,5to6
647,648,OADMET-0005442,5.03,train,5to6,1,3.308397936052643e-05,0.0023676161654293537,0.8367753028869629,0.16067162156105042,0.00015233235899358988,4to5
648,649,OADMET-0005441,4.56,train,4to5,0,1.2802162927982863e-05,0.00023139503900893033,0.16252963244915009,0.7810555696487427,0.05617063492536545,5to6
649,650,OADMET-0005440,5.01,train,5to6,3,0.0002635653072502464,0.005161094479262829,0.8335651159286499,0.1601414531469345,0.0008686808287166059,4to5
650,651,OADMET-0005439,4.46,train,4to5,4,0.002424821024760604,0.04682444781064987,0.606680154800415,0.34364035725593567,0.0004302588931750506,4to5
651,652,OADMET-0005438,4.63,train,4to5,0,0.0008960507111623883,0.013350540772080421,0.5314053893089294,0.4278487265110016,0.02649936079978943,4to5
652,653,OADMET-0005437,5.16,train,5to6,0,0.0029170801863074303,0.05447353795170784,0.8411806225776672,0.10098878294229507,0.0004399947065394372,4to5
653,654,OADMET-0005436,4.58,train,4to5,2,1.810364301491063e-05,0.0005732823046855628,0.9399669170379639,0.05842136964201927,0.0010203409474343061,4to5
654,655,OADMET-0005435,5.18,train,5to6,0,0.0006662743398919702,0.0017818160122260451,0.3000386655330658,0.6751998066902161,0.022313494235277176,5to6
655,656,OADMET-0005434,5.01,train,5to6,3,4.8471691115992144e-05,0.0025056235026568174,0.7050700187683105,0.2911510467529297,0.0012247967533767223,4to5
656,657,OADMET-0005433,4.78,train,4to5,1,0.0005595007096417248,0.007351146079599857,0.9522281289100647,0.039519988000392914,0.0003412603691685945,4to5
657,658,OADMET-0005432,5.48,train,5to6,1,0.0013728226767852902,0.009242622181773186,0.9399712681770325,0.048750218003988266,0.0006630723364651203,4to5
658,659,OADMET-0005431,5.04,train,5to6,2,0.030447226017713547,0.049023523926734924,0.6329799294471741,0.28395888209342957,0.0035904773976653814,4to5
659,660,OADMET-0005430,4.75,train,4to5,1,6.992351700318977e-05,0.003943418152630329,0.23354250192642212,0.7608919739723206,0.0015521653695032,5to6
660,661,OADMET-0005429,4.97,train,4to5,4,8.883338296072907e-07,0.0004524019896052778,0.27932772040367126,0.7190580368041992,0.0011609982466325164,5to6
661,662,OADMET-0005428,5.0,train,4to5,2,0.0009765425929799676,0.004948848858475685,0.62447190284729,0.3689182996749878,0.0006844306481070817,4to5
662,663,OADMET-0005427,4.7,train,4to5,2,0.0007706768810749054,0.017599061131477356,0.902582585811615,0.07893510907888412,0.000112493296910543,4to5
663,664,OADMET-0005426,5.16,train,5to6,0,0.0008544871234335005,0.04425613954663277,0.562165379524231,0.38787755370140076,0.00484644528478384,4to5
664,665,OADMET-0005425,5.88,train,5to6,4,7.070571882650256e-05,7.433968130499125e-05,0.312561959028244,0.6748821139335632,0.012410853058099747,5to6
665,666,OADMET-0005424,3.9,train,3to4,0,0.002279826672747731,0.1626165360212326,0.6938159465789795,0.13710108399391174,0.004186586011201143,4to5
666,667,OADMET-0005423,5.19,train,5to6,0,0.3953990340232849,0.5573830008506775,0.0433647520840168,0.002879729261621833,0.0009734132327139378,3to4
667,668,OADMET-0005422,4.86,train,4to5,0,0.012876044027507305,0.07234945148229599,0.8582572340965271,0.05411043390631676,0.002406745683401823,4to5
668,669,OADMET-0005421,4.68,train,4to5,3,0.0002115395327564329,0.025447098538279533,0.7602978348731995,0.21175101399421692,0.0022925257217139006,4to5
669,670,OADMET-0005420,5.25,train,5to6,1,4.4225621422810946e-06,0.00017607685003895313,0.01717851683497429,0.9579561948776245,0.024684783071279526,5to6
670,671,OADMET-0005419,5.38,train,5to6,3,1.6601828974671662e-05,0.000720367708709091,0.7752039432525635,0.2238968014717102,0.00016230810433626175,4to5
671,672,OADMET-0005418,4.84,train,4to5,3,0.004862648900598288,0.022667501121759415,0.5789449214935303,0.39293527603149414,0.0005896092625334859,4to5
672,673,OADMET-0005417,4.88,train,4to5,1,6.10690622124821e-05,0.0066073015332221985,0.3242805004119873,0.6679161190986633,0.001135060447268188,5to6
673,674,OADMET-0005416,5.28,train,5to6,1,9.337755182059482e-05,0.005443630274385214,0.8986921310424805,0.09549585729837418,0.000274983758572489,4to5
674,675,OADMET-0005415,4.79,train,4to5,0,0.00104659388307482,0.022631213068962097,0.9285598993301392,0.04765261337161064,0.00010964997636619955,4to5
675,676,OADMET-0005414,4.42,train,4to5,1,0.6284896731376648,0.31474679708480835,0.049795642495155334,0.006026656366884708,0.0009411646169610322,lt3
676,677,OADMET-0005413,4.22,train,4to5,1,1.433548368368065e-05,0.0005804456886835396,0.29795271158218384,0.7005255818367004,0.0009269455913454294,5to6
677,678,OADMET-0005412,4.89,train,4to5,4,7.208331226138398e-05,0.00048134784447029233,0.6144739389419556,0.3841971457004547,0.0007754957769066095,4to5
678,679,OADMET-0005411,4.91,train,4to5,0,2.313336699444335e-05,0.0004699884448200464,0.8772623538970947,0.1213456466794014,0.0008989266352728009,4to5
679,680,OADMET-0005410,5.15,train,5to6,2,0.009677214547991753,0.025598660111427307,0.9108883738517761,0.05370831862092018,0.00012742556282319129,4to5
680,681,OADMET-0005409,4.89,train,4to5,4,0.003581701312214136,0.013568208552896976,0.9127961993217468,0.07002106308937073,3.278112126281485e-05,4to5
681,682,OADMET-0005408,5.82,train,5to6,1,3.604055746109225e-05,0.0029024267569184303,0.0879189521074295,0.8906099796295166,0.018532637506723404,5to6
682,683,OADMET-0005407,5.17,train,5to6,0,0.010856926441192627,0.03286024183034897,0.7657853960990906,0.18893945217132568,0.0015579788014292717,4to5
683,684,OADMET-0005406,4.69,train,4to5,4,6.038546302988834e-07,1.655938285693992e-05,0.02017625793814659,0.9758802652359009,0.0039263139478862286,5to6
684,685,OADMET-0005405,4.56,train,4to5,1,0.0003071936662308872,0.03198603168129921,0.8909252882003784,0.07656293362379074,0.00021859866683371365,4to5
685,686,OADMET-0005404,5.31,train,5to6,0,6.038630090188235e-06,0.00024090507940854877,0.21144847571849823,0.7845411896705627,0.003763411659747362,5to6
686,687,OADMET-0005403,4.98,train,4to5,1,0.001767601235769689,0.007921352982521057,0.11873937398195267,0.8314151167869568,0.04015657305717468,5to6
687,688,OADMET-0005402,5.1,train,5to6,0,0.0008754077716730535,0.013187785632908344,0.7958799600601196,0.18964576721191406,0.000411134009482339,4to5
688,689,OADMET-0005401,4.15,train,4to5,2,0.0035380616318434477,0.0030850088223814964,0.8573111891746521,0.13547542691230774,0.0005903746350668371,4to5
689,690,OADMET-0005400,4.83,train,4to5,1,3.510391979943961e-05,0.00027221563505008817,0.08587349206209183,0.8921416401863098,0.021677562966942787,5to6
690,691,OADMET-0005399,4.98,train,4to5,4,4.1734463593456894e-05,0.00044194087968207896,0.2020072489976883,0.7708516716957092,0.02665732242166996,5to6
691,692,OADMET-0005398,4.93,train,4to5,1,0.0013238209066912532,0.009479653090238571,0.8618199229240417,0.12661264836788177,0.0007639434770680964,4to5
692,693,OADMET-0005397,4.53,train,4to5,3,8.403390893363394e-06,0.00292639946565032,0.889641523361206,0.10724392533302307,0.0001797641016310081,4to5
693,694,OADMET-0005396,4.29,train,4to5,4,0.0012503450270742178,0.006794355809688568,0.93095463514328,0.060809265822172165,0.0001913998567033559,4to5
694,695,OADMET-0005395,4.2,train,4to5,1,0.000622728664893657,0.010832910425961018,0.43080538511276245,0.5546706318855286,0.003068362595513463,5to6
695,696,OADMET-0005394,5.26,train,5to6,2,0.03209114074707031,0.07936429232358932,0.48848196864128113,0.3954773545265198,0.004585245158523321,4to5
696,697,OADMET-0005393,4.4,train,4to5,3,0.006089158821851015,0.11935945600271225,0.8671293258666992,0.007375088054686785,4.7039506171131507e-05,4to5
697,698,OADMET-0005392,4.43,train,4to5,0,0.18633005023002625,0.1791454702615738,0.5633341073989868,0.06997869908809662,0.0012116802390664816,4to5
698,699,OADMET-0005391,4.54,train,4to5,2,0.01155136153101921,0.10469064861536026,0.8742589950561523,0.009491303004324436,7.710640602454077e-06,4to5
699,700,OADMET-0005390,3.34,train,3to4,4,0.004207479301840067,0.03397884592413902,0.8773402571678162,0.08433035016059875,0.00014308457321021706,4to5
700,701,OADMET-0005389,4.87,train,4to5,1,0.0006720284000039101,0.006380419246852398,0.5263944268226624,0.46436062455177307,0.002192520536482334,4to5
701,702,OADMET-0005388,6.06,train,gte6,2,0.0018345509888604283,0.006548967212438583,0.8035963177680969,0.18748721480369568,0.0005328788538463414,4to5
702,703,OADMET-0005387,4.79,train,4to5,1,3.139419277431443e-05,0.0009507554350420833,0.2858985960483551,0.7102779150009155,0.002841387875378132,5to6
703,704,OADMET-0005386,4.88,train,4to5,2,0.00016805765335448086,0.0010618222877383232,0.27341094613075256,0.7211160063743591,0.004243220668286085,5to6
704,705,OADMET-0005385,4.57,train,4to5,0,0.11707986146211624,0.18907670676708221,0.6573067903518677,0.03630905970931053,0.00022756884573027492,4to5
705,706,OADMET-0005384,4.62,train,4to5,2,0.00035941554233431816,0.007242257706820965,0.9368649125099182,0.055370040237903595,0.00016338886052835733,4to5
706,707,OADMET-0005383,4.18,train,4to5,0,0.04169643670320511,0.04720611497759819,0.8143784999847412,0.09606434404850006,0.0006545209907926619,4to5
707,708,OADMET-0005382,4.74,train,4to5,2,0.03752310946583748,0.02777000330388546,0.8812626600265503,0.052997976541519165,0.0004461547068785876,4to5
708,709,OADMET-0005381,4.59,train,4to5,1,0.013438867405056953,0.04535823315382004,0.37314727902412415,0.5128049850463867,0.055250681936740875,5to6
709,710,OADMET-0005380,4.16,train,4to5,4,0.010278673842549324,0.010250003077089787,0.7149134874343872,0.26444491744041443,0.00011290323891444132,4to5
710,711,OADMET-0005379,4.34,train,4to5,1,0.04106888547539711,0.0392453707754612,0.4502871036529541,0.4598974883556366,0.009501184336841106,5to6
711,712,OADMET-0005378,4.89,train,4to5,1,0.001538049546070397,0.0069952430203557014,0.29810410737991333,0.692129373550415,0.0012331833131611347,5to6
712,713,OADMET-0005377,4.91,train,4to5,2,0.00021357160585466772,0.10939259827136993,0.5855413675308228,0.29901617765426636,0.005836218595504761,4to5
713,714,OADMET-0005376,4.8,train,4to5,1,0.00018295427435077727,0.003020155243575573,0.2653903663158417,0.7236117124557495,0.007794815581291914,5to6
714,715,OADMET-0005375,4.53,train,4to5,0,0.018661025911569595,0.08797908574342728,0.6511491537094116,0.23647257685661316,0.005738134495913982,4to5
715,716,OADMET-0005374,4.68,train,4to5,4,5.4274481954053044e-05,0.0028024062048643827,0.4042533338069916,0.5870811343193054,0.005808825138956308,5to6
716,717,OADMET-0005373,5.19,train,5to6,0,0.01163705438375473,0.08779904991388321,0.746907114982605,0.15172642469406128,0.0019303810549899936,4to5
717,718,OADMET-0005372,5.23,train,5to6,4,0.00025670751347206533,0.012169012799859047,0.8412410020828247,0.1454690396785736,0.0008642044267617166,4to5
718,719,OADMET-0005371,4.69,train,4to5,2,0.06767597794532776,0.3463788628578186,0.48861783742904663,0.0958516001701355,0.001475715427659452,4to5
719,720,OADMET-0005370,4.5,train,4to5,4,0.01527960505336523,0.041912008076906204,0.8498940467834473,0.09278228878974915,0.0001320824376307428,4to5
720,721,OADMET-0005369,4.15,train,4to5,1,0.06566808372735977,0.17754480242729187,0.7132976651191711,0.04322366416454315,0.00026575184892863035,4to5
721,722,OADMET-0005368,3.98,train,3to4,2,7.741500303382054e-05,0.0009752906626090407,0.540846049785614,0.4574471414089203,0.0006541313487105072,4to5
722,723,OADMET-0005367,4.75,train,4to5,1,0.0960608720779419,0.26269829273223877,0.4758402109146118,0.16408494114875793,0.0013157697394490242,4to5
723,724,OADMET-0005366,4.83,train,4to5,3,0.09495221078395844,0.22898241877555847,0.5374581217765808,0.12780313193798065,0.010804089717566967,4to5
724,725,OADMET-0005365,4.9,train,4to5,3,0.2179068624973297,0.07295973598957062,0.24844485521316528,0.4525735676288605,0.008114896714687347,5to6
725,726,OADMET-0005364,4.62,train,4to5,4,0.0027358175721019506,0.10806377977132797,0.7922356128692627,0.09664451330900192,0.0003202846273779869,4to5
726,727,OADMET-0005363,4.84,train,4to5,1,0.0004966744454577565,0.02364513650536537,0.3139948844909668,0.6518033742904663,0.010059969499707222,5to6
727,728,OADMET-0005362,4.58,train,4to5,3,0.00768332788720727,0.06825649738311768,0.8923133015632629,0.03163633495569229,0.00011055626964662224,4to5
728,729,OADMET-0005361,5.11,train,5to6,1,0.01688079535961151,0.5095561146736145,0.4258768558502197,0.047283921390771866,0.0004023024230264127,3to4
729,730,OADMET-0005360,3.98,train,3to4,4,0.06518680602312088,0.021552179008722305,0.4798940122127533,0.41079816222190857,0.022568821907043457,4to5
730,731,OADMET-0005359,4.47,train,4to5,4,0.004618540406227112,0.010705426335334778,0.9728447198867798,0.01178247295320034,4.8854479246074334e-05,4to5
731,732,OADMET-0005358,4.43,train,4to5,3,0.004818504676222801,0.050938576459884644,0.8691529631614685,0.07489266246557236,0.00019733731460291892,4to5
732,733,OADMET-0005357,4.78,train,4to5,1,0.02917546220123768,0.6044660806655884,0.32784828543663025,0.03762373328208923,0.0008864630945026875,3to4
733,734,OADMET-0005356,4.72,train,4to5,3,0.6554300785064697,0.2768779397010803,0.06283910572528839,0.00463276170194149,0.00022013811394572258,lt3
734,735,OADMET-0005355,4.41,train,4to5,3,4.999130396754481e-05,0.002599905012175441,0.9707348346710205,0.02490331418812275,0.0017119565745815635,4to5
735,736,OADMET-0005354,4.45,train,4to5,3,0.33382952213287354,0.3901922404766083,0.23699486255645752,0.03818155452609062,0.0008018117514438927,3to4
736,737,OADMET-0005353,4.26,train,4to5,0,0.0002608725626487285,0.00029570888727903366,0.9558284878730774,0.04348258301615715,0.0001323646429227665,4to5
737,738,OADMET-0005352,5.17,train,5to6,2,5.758909992437111e-06,0.00012108896771678701,0.21430230140686035,0.7787516117095947,0.006819294765591621,5to6
738,739,OADMET-0005351,4.41,train,4to5,4,6.988379755057395e-05,0.00488752406090498,0.5730553865432739,0.4215845465660095,0.0004026155511382967,4to5
739,740,OADMET-0005350,4.71,train,4to5,0,0.007674248889088631,0.08364444226026535,0.7879530191421509,0.11949118971824646,0.0012371697230264544,4to5
740,741,OADMET-0005349,4.8,train,4to5,2,0.018636079505085945,0.21500921249389648,0.6680096983909607,0.09563153982162476,0.0027135037817060947,4to5
741,742,OADMET-0005348,4.5,train,4to5,0,0.11314916610717773,0.18050597608089447,0.48129963874816895,0.18848441541194916,0.03656075522303581,4to5
742,743,OADMET-0005347,4.51,train,4to5,0,0.017876261845231056,0.09374386072158813,0.6502271890640259,0.2190585881471634,0.01909411884844303,4to5
743,744,OADMET-0005346,4.51,train,4to5,4,0.021604444831609726,0.11620957404375076,0.730474591255188,0.12737324833869934,0.004338096361607313,4to5
744,745,OADMET-0005345,4.87,train,4to5,4,0.0014540412230417132,0.008830112405121326,0.5821908712387085,0.3940106928348541,0.013514324091374874,4to5
745,746,OADMET-0005344,5.04,train,5to6,2,0.0014210897497832775,0.010467657819390297,0.8910012245178223,0.09684126824140549,0.00026875128969550133,4to5
746,747,OADMET-0005343,3.98,train,3to4,4,0.00011294485011603683,0.002590668387711048,0.534287691116333,0.4616699814796448,0.0013387708459049463,4to5
747,748,OADMET-0005342,5.2,train,5to6,1,5.801794759463519e-05,0.0008650600211694837,0.6833115816116333,0.31314000487327576,0.002625347813591361,4to5
748,749,OADMET-0005341,4.33,train,4to5,1,0.005333698354661465,0.08821932226419449,0.7700328230857849,0.13553215563297272,0.0008820247021503747,4to5
749,750,OADMET-0005340,4.22,train,4to5,0,0.48925521969795227,0.44966331124305725,0.05931742861866951,0.001716836355626583,4.722950325231068e-05,lt3
750,751,OADMET-0005339,4.44,train,4to5,0,0.016721129417419434,0.032361969351768494,0.7686344981193542,0.18121272325515747,0.0010697017423808575,4to5
751,752,OADMET-0005338,5.06,train,5to6,2,0.006974728312343359,0.03595809265971184,0.9023680686950684,0.054472681134939194,0.00022645367425866425,4to5
752,753,OADMET-0005337,4.87,train,4to5,0,0.028513634577393532,0.06406012177467346,0.6516393423080444,0.2476835995912552,0.0081033231690526,4to5
753,754,OADMET-0005336,4.75,train,4to5,1,0.007988500408828259,0.054341595619916916,0.4717499315738678,0.4633156955242157,0.0026042715180665255,4to5
754,755,OADMET-0005335,4.35,train,4to5,1,0.006498051341623068,0.07821490615606308,0.9106093645095825,0.004644487984478474,3.3123309549409896e-05,4to5
755,756,OADMET-0005334,4.47,train,4to5,2,7.054504385450855e-05,0.004925199318677187,0.31293532252311707,0.681321382522583,0.0007476249011233449,5to6
756,757,OADMET-0005333,5.27,train,5to6,4,0.0013849918032065034,0.13959550857543945,0.7192678451538086,0.13930831849575043,0.00044337488361634314,4to5
757,758,OADMET-0005332,4.98,train,4to5,1,0.0009073555120266974,0.02362864464521408,0.351428359746933,0.6221689581871033,0.0018666491378098726,5to6
758,759,OADMET-0005331,4.46,train,4to5,4,0.008729700930416584,0.20574243366718292,0.766130805015564,0.01928090676665306,0.00011617481504799798,4to5
759,760,OADMET-0005330,4.21,train,4to5,3,0.1155184656381607,0.06905105710029602,0.774169921875,0.04086029529571533,0.00040028634248301387,4to5
760,761,OADMET-0005329,4.62,train,4to5,3,8.355515092262067e-06,0.0007110764854587615,0.8864360451698303,0.11181233823299408,0.001032116822898388,4to5
761,762,OADMET-0005328,4.74,train,4to5,0,0.01057568471878767,0.11635132879018784,0.5791186094284058,0.28479689359664917,0.009157526306807995,4to5
762,763,OADMET-0005327,4.4,train,4to5,1,0.0028520175255835056,0.02931564301252365,0.9014793038368225,0.06620673090219498,0.00014631517115049064,4to5
763,764,OADMET-0005326,4.4,train,4to5,2,0.0030237685423344374,0.01933104917407036,0.8804079294204712,0.09714244306087494,9.476741979597136e-05,4to5
764,765,OADMET-0005325,5.14,train,5to6,2,0.010301846079528332,0.01666964404284954,0.8675843477249146,0.10405762493610382,0.0013865833170711994,4to5
765,766,OADMET-0005324,4.08,train,4to5,1,0.0002607657224871218,0.005279242992401123,0.35822099447250366,0.6305688619613647,0.005670150741934776,5to6
766,767,OADMET-0005323,5.02,train,5to6,3,0.002342534251511097,0.012450942769646645,0.4304877519607544,0.4365517199039459,0.118166983127594,5to6
767,768,OADMET-0005322,4.88,train,4to5,3,0.003792115254327655,0.013406106270849705,0.5846837162971497,0.379953533411026,0.018164506182074547,4to5
768,769,OADMET-0005321,4.29,train,4to5,4,0.09252806007862091,0.11035506427288055,0.7798048257827759,0.017163749784231186,0.0001482693915022537,4to5
769,770,OADMET-0005320,4.54,train,4to5,1,0.0016225994331762195,0.005555746611207724,0.5093138217926025,0.47718545794487,0.0063224355690181255,4to5
770,771,OADMET-0005319,5.04,train,5to6,2,0.0004286258772481233,0.00622184481471777,0.8925279974937439,0.10038653761148453,0.0004349678347352892,4to5
771,772,OADMET-0005318,4.42,train,4to5,2,0.0007417182205244899,0.001556270755827427,0.5009824633598328,0.49620968103408813,0.0005099198315292597,4to5
772,773,OADMET-0005317,5.34,train,5to6,3,0.0005034617497585714,0.004744329955428839,0.711219072341919,0.2832915186882019,0.00024166287039406598,4to5
773,774,OADMET-0005316,5.07,train,5to6,3,2.2879252981056197e-07,1.7108712199842557e-05,0.053040433675050735,0.9252641797065735,0.021678052842617035,5to6
774,775,OADMET-0005315,4.77,train,4to5,4,0.005186721216887236,0.019829507917165756,0.5975821018218994,0.3735601007938385,0.003841548692435026,4to5
775,776,OADMET-0005314,4.34,train,4to5,0,0.0028807460330426693,0.021500812843441963,0.8791135549545288,0.09643366187810898,7.12615146767348e-05,4to5
776,777,OADMET-0005313,5.06,train,5to6,1,0.00013384535850491375,0.0017854763427749276,0.843125581741333,0.15401412546634674,0.0009410038474015892,4to5
777,778,OADMET-0005312,4.57,train,4to5,1,0.0350671261548996,0.03211453557014465,0.868016242980957,0.0643354207277298,0.00046673504402861,4to5
778,779,OADMET-0005311,4.7,train,4to5,4,3.084761192440055e-05,0.00040227940189652145,0.7182148694992065,0.2811102271080017,0.00024179786851163954,4to5
779,780,OADMET-0005310,5.14,train,5to6,1,1.989830343518406e-05,0.00040447647916153073,0.14133229851722717,0.8482850193977356,0.009958299808204174,5to6
780,781,OADMET-0005309,4.64,train,4to5,1,0.003451880533248186,0.02369096875190735,0.5923123359680176,0.37913036346435547,0.0014145119348540902,4to5
781,782,OADMET-0005308,4.49,train,4to5,0,0.0008878520457074046,0.14917656779289246,0.517985999584198,0.30874186754226685,0.02320774830877781,4to5
782,783,OADMET-0005307,4.55,train,4to5,0,0.00044391333358362317,0.003390971105545759,0.8325126767158508,0.1632145494222641,0.00043791430653072894,4to5
783,784,OADMET-0005306,5.16,train,5to6,2,0.03166195750236511,0.06741654872894287,0.5914915204048157,0.3043256998062134,0.005104380659759045,4to5
784,785,OADMET-0005305,4.64,train,4to5,0,3.312680564704351e-05,0.00045952139771543443,0.3357032835483551,0.6627386808395386,0.0010653729550540447,5to6
785,786,OADMET-0005304,4.6,train,4to5,1,0.002099015284329653,0.17205914855003357,0.7843642830848694,0.03918558359146118,0.0022919857874512672,4to5
786,787,OADMET-0005303,4.98,train,4to5,0,0.01689317636191845,0.02594006061553955,0.9289833903312683,0.02453969046473503,0.003643699223175645,4to5
787,788,OADMET-0005302,4.96,train,4to5,4,0.006947188638150692,0.013133579865098,0.7322888374328613,0.24250830709934235,0.005122111178934574,4to5
788,789,OADMET-0005301,4.68,train,4to5,0,0.014763138256967068,0.28428635001182556,0.42932137846946716,0.23959596455097198,0.03203320875763893,4to5
789,790,OADMET-0005300,4.38,train,4to5,2,0.0017822808586061,0.15147563815116882,0.5220112800598145,0.30812889337539673,0.016601966693997383,4to5
790,791,OADMET-0005299,4.56,train,4to5,1,2.2649142010777723e-06,0.000694735674187541,0.49537980556488037,0.5036977529525757,0.00022543508384842426,5to6
791,792,OADMET-0005298,4.26,train,4to5,3,0.6771075129508972,0.31933778524398804,0.0014176912372931838,0.00104797026142478,0.0010890610283240676,lt3
792,793,OADMET-0005297,5.23,train,5to6,4,0.00036939058918505907,0.011891125701367855,0.8183218836784363,0.16911280155181885,0.00030482819420285523,4to5
793,794,OADMET-0005296,4.43,train,4to5,1,3.980984547524713e-05,0.0030082135926932096,0.09115507453680038,0.9012131690979004,0.004583737347275019,5to6
794,795,OADMET-0005295,5.27,train,5to6,2,0.007998048327863216,0.02820957452058792,0.25442829728126526,0.7076545357704163,0.001709550735540688,5to6
795,796,OADMET-0005294,4.97,train,4to5,1,0.0003020967706106603,0.01303097978234291,0.855331301689148,0.13092674314975739,0.0004088971472810954,4to5
796,797,OADMET-0005293,4.6,train,4to5,1,0.0003095363499596715,0.0015458452980965376,0.8830843567848206,0.11489300429821014,0.00016725200111977756,4to5
797,798,OADMET-0005292,4.39,train,4to5,4,0.0002969795896206051,0.014546514488756657,0.8523975014686584,0.13238291442394257,0.0003761373518500477,4to5
798,799,OADMET-0005291,4.65,train,4to5,4,0.02875465527176857,0.051800575107336044,0.679616391658783,0.2367582470178604,0.0030700734350830317,4to5
799,800,OADMET-0005290,5.16,train,5to6,3,0.0015709237195551395,0.13501401245594025,0.7846047282218933,0.07829931378364563,0.0005109503981657326,4to5
800,801,OADMET-0005289,5.12,train,5to6,4,7.92640003055567e-06,0.0002208396908827126,0.0852702409029007,0.9006015658378601,0.013899438083171844,5to6
801,802,OADMET-0005288,4.53,train,4to5,3,0.000909556052647531,0.019484980031847954,0.9126384854316711,0.06661121547222137,0.0003557282907422632,4to5
802,803,OADMET-0005287,4.73,train,4to5,2,0.0028179993387311697,0.026781918480992317,0.8265429735183716,0.14362400770187378,0.00023312392295338213,4to5
803,804,OADMET-0005286,3.26,train,3to4,4,0.008192388340830803,0.020587923005223274,0.7134374976158142,0.2540934383869171,0.003688829019665718,4to5
804,805,OADMET-0005285,4.79,train,4to5,1,0.0011264400091022253,0.018395502120256424,0.9490259885787964,0.031211979687213898,0.00024013184884097427,4to5
805,806,OADMET-0005284,4.93,train,4to5,4,7.933174856589176e-06,0.0024122775066643953,0.32664754986763,0.6705805659294128,0.00035175165976397693,5to6
806,807,OADMET-0005283,4.46,train,4to5,0,0.011028655804693699,0.08635909110307693,0.8618261814117432,0.04019749537110329,0.0005886065191589296,4to5
807,808,OADMET-0005282,4.54,train,4to5,1,1.8773220290313475e-05,0.0019238622626289725,0.33824726939201355,0.6586273312568665,0.0011827724520117044,5to6
808,809,OADMET-0005281,4.42,train,4to5,2,0.05217733606696129,0.03555917367339134,0.7643672227859497,0.1470262110233307,0.0008701171027496457,4to5
809,810,OADMET-0005280,5.02,train,5to6,2,3.740348620340228e-05,7.322045712498948e-05,0.06754285097122192,0.8685995936393738,0.06374695897102356,5to6
810,811,OADMET-0005279,5.39,train,5to6,4,0.01019456796348095,0.09894056618213654,0.7535277605056763,0.1368819773197174,0.00045513015356846154,4to5
811,812,OADMET-0005278,4.78,train,4to5,1,0.0003085401840507984,0.003095065476372838,0.23863840103149414,0.7382362484931946,0.01972173899412155,5to6
812,813,OADMET-0005277,4.38,train,4to5,0,0.019475657492876053,0.09882161766290665,0.8440876007080078,0.03489064797759056,0.0027244919911026955,4to5
813,814,OADMET-0005276,4.92,train,4to5,1,0.00023124346625991166,0.004863720387220383,0.44857388734817505,0.5446192026138306,0.001712022116407752,5to6
814,815,OADMET-0005275,4.43,train,4to5,1,0.0008944834116846323,0.01629660651087761,0.7026970386505127,0.2784464955329895,0.0016653628554195166,4to5
815,816,OADMET-0005274,4.26,train,4to5,1,0.08317046612501144,0.13272568583488464,0.6892569065093994,0.0912838876247406,0.003563055768609047,4to5
816,817,OADMET-0005273,4.13,train,4to5,4,0.002365283900871873,0.008944212459027767,0.8960151672363281,0.09077082574367523,0.0019044942455366254,4to5
817,818,OADMET-0005272,4.3,train,4to5,3,0.0005808245623484254,0.01648237556219101,0.9469636678695679,0.03582415357232094,0.00014897517394274473,4to5
818,819,OADMET-0005271,4.45,train,4to5,3,0.00015715602785348892,0.011222275905311108,0.7481078505516052,0.23984965682029724,0.0006630658754147589,4to5
819,820,OADMET-0005270,4.28,train,4to5,4,0.004262213129550219,0.5095372200012207,0.4643590748310089,0.021599434316158295,0.00024213656433857977,3to4
820,821,OADMET-0005269,4.58,train,4to5,2,0.6278234124183655,0.23193900287151337,0.13908514380455017,0.0011212641838937998,3.1239829695550725e-05,lt3
821,822,OADMET-0005268,4.73,train,4to5,2,0.00180395832285285,0.011269898153841496,0.8174583911895752,0.1692000925540924,0.0002676975855138153,4to5
822,823,OADMET-0005267,4.24,train,4to5,3,0.014361097477376461,0.5043440461158752,0.4750559329986572,0.006181220058351755,5.763810986536555e-05,3to4
823,824,OADMET-0005266,5.09,train,5to6,1,0.010052945464849472,0.07335232943296432,0.6610119938850403,0.252269446849823,0.0033133269753307104,4to5
824,825,OADMET-0005265,5.0,train,4to5,3,0.00011817936319857836,0.0054567293263971806,0.9348491430282593,0.059443507343530655,0.00013238404062576592,4to5
825,826,OADMET-0005264,4.75,train,4to5,1,0.00020767493697348982,0.00837208703160286,0.6451908946037292,0.3443690538406372,0.0018602285999804735,4to5
826,827,OADMET-0005263,5.08,train,5to6,2,0.005566160660237074,0.01547236181795597,0.9177008271217346,0.06124128773808479,1.9422528566792607e-05,4to5
827,828,OADMET-0005262,4.24,train,4to5,4,0.12825927138328552,0.3234427869319916,0.5005351305007935,0.044245027005672455,0.0035178372636437416,4to5
828,829,OADMET-0005261,5.05,train,5to6,0,0.0005457414081320167,0.0038547436706721783,0.6216505765914917,0.37295830249786377,0.0009906997438520193,4to5
829,830,OADMET-0005260,4.55,train,4to5,0,0.0013021763879805803,0.008032004348933697,0.6312369704246521,0.35743001103401184,0.0019987537525594234,4to5
830,831,OADMET-0005259,4.38,train,4to5,2,0.00020953587954863906,0.0021251835860311985,0.6727935671806335,0.32182592153549194,0.0030457735992968082,4to5
831,832,OADMET-0005258,4.36,train,4to5,2,0.03963831067085266,0.0568319670855999,0.7788884043693542,0.12437467277050018,0.000266618822934106,4to5
832,833,OADMET-0005257,5.46,train,5to6,0,5.388540375861339e-05,0.004431216511875391,0.6522940397262573,0.33326399326324463,0.009956787340342999,4to5
833,834,OADMET-0005256,4.93,train,4to5,4,0.00010410193499410525,0.0021548946388065815,0.8586015701293945,0.13856351375579834,0.0005758764455094934,4to5
834,835,OADMET-0005255,5.3,train,5to6,0,0.020901648327708244,0.14372518658638,0.8088332414627075,0.024790914729237556,0.0017489626770839095,4to5
835,836,OADMET-0005254,4.04,train,4to5,1,0.41186514496803284,0.32859018445014954,0.24595262110233307,0.012929074466228485,0.0006630179123021662,lt3
836,837,OADMET-0005253,4.51,train,4to5,2,0.005233690608292818,0.049345601350069046,0.3062242269515991,0.6050587296485901,0.034137774258852005,5to6
837,838,OADMET-0005252,4.86,train,4to5,1,9.726630378281698e-05,0.0016825426137074828,0.7166116833686829,0.2812325656414032,0.00037593531305901706,4to5
838,839,OADMET-0005251,4.53,train,4to5,4,0.00025260206894017756,0.007028759457170963,0.755484938621521,0.23668590188026428,0.000547831179574132,4to5
839,840,OADMET-0005250,4.35,train,4to5,1,0.10907729715108871,0.15269680321216583,0.6925874948501587,0.04215143993496895,0.003487016772851348,4to5
840,841,OADMET-0005249,4.7,train,4to5,2,0.015115955844521523,0.04178009182214737,0.8838657736778259,0.05909658968448639,0.00014163074956741184,4to5
841,842,OADMET-0005248,4.53,train,4to5,1,0.0002640009915921837,0.007024907041341066,0.5123211145401001,0.4775073230266571,0.0028826254419982433,4to5
842,843,OADMET-0005247,4.72,train,4to5,1,0.13459967076778412,0.46424344182014465,0.3403419554233551,0.06005482375621796,0.0007601170218549669,3to4
843,844,OADMET-0005246,4.81,train,4to5,0,0.003318859962746501,0.019210461527109146,0.7451358437538147,0.23011605441570282,0.0022187940776348114,4to5
844,845,OADMET-0005245,5.01,train,5to6,0,0.03827106952667236,0.1541339010000229,0.6895276308059692,0.11283334344625473,0.00523411575704813,4to5
845,846,OADMET-0005244,4.81,train,4to5,2,0.00019632175099104643,0.0014071388868615031,0.24726073443889618,0.7396268844604492,0.01150888204574585,5to6
846,847,OADMET-0005243,3.98,train,3to4,4,0.02420678362250328,0.37374362349510193,0.5730155110359192,0.028980186209082603,5.387439523474313e-05,4to5
847,848,OADMET-0005242,4.46,train,4to5,1,0.050151679664850235,0.697106659412384,0.21927867829799652,0.03283989056944847,0.0006230605649761856,3to4
848,849,OADMET-0005241,4.3,train,4to5,1,0.014101964421570301,0.02115122228860855,0.8352177739143372,0.12419487535953522,0.005334093235433102,4to5
849,850,OADMET-0005240,4.24,train,4to5,1,1.6955132196017075e-06,0.0006484723417088389,0.17508061230182648,0.8229166269302368,0.0013526304392144084,5to6
850,851,OADMET-0005239,5.15,train,5to6,4,0.012735583819448948,0.002477467292919755,0.4576992690563202,0.5207821130752563,0.006305628921836615,5to6
851,852,OADMET-0005238,4.73,train,4to5,1,0.018491029739379883,0.03276285156607628,0.6599175333976746,0.28141605854034424,0.007412564940750599,4to5
852,853,OADMET-0005237,4.47,train,4to5,1,0.00019485369557514787,0.006434631999582052,0.6970300674438477,0.2943258583545685,0.002014642348513007,4to5
853,854,OADMET-0005236,5.19,train,5to6,0,0.001140348264016211,0.04077727347612381,0.661155641078949,0.289496511220932,0.007430252153426409,4to5
854,855,OADMET-0005235,4.54,train,4to5,4,2.835685336322058e-05,0.0018108898075297475,0.5769465565681458,0.41960445046424866,0.0016098057385534048,4to5
855,856,OADMET-0005234,4.87,train,4to5,3,0.002056193770840764,0.023251134902238846,0.9504952430725098,0.023956332355737686,0.00024104089243337512,4to5
856,857,OADMET-0005233,4.88,train,4to5,3,0.3197886645793915,0.08138890564441681,0.536730945110321,0.058532893657684326,0.003558563767001033,4to5
857,858,OADMET-0005232,5.45,train,5to6,2,0.00027628117823041975,0.00038157065864652395,0.14122724533081055,0.8533071279525757,0.004807810299098492,5to6
858,859,OADMET-0005231,4.81,train,4to5,1,0.0005041711847297847,0.0035256484989076853,0.7585859894752502,0.2363806962966919,0.0010035097366198897,4to5
859,860,OADMET-0005230,5.21,train,5to6,3,0.12908662855625153,0.15911449491977692,0.5205106139183044,0.1769823133945465,0.014305894263088703,4to5
860,861,OADMET-0005229,4.6,train,4to5,4,0.0009044238249771297,0.030574994161725044,0.5654003024101257,0.4005205035209656,0.002599746221676469,4to5
861,862,OADMET-0005228,4.89,train,4to5,2,0.002028531627729535,0.0049766735173761845,0.5858957171440125,0.4057532548904419,0.0013458000030368567,4to5
862,863,OADMET-0005227,4.63,train,4to5,3,4.3713451304938644e-05,0.010427156463265419,0.7871198654174805,0.19867800176143646,0.0037312444765120745,4to5
863,864,OADMET-0005226,4.2,train,4to5,0,0.004494642838835716,0.013477683067321777,0.31160691380500793,0.6523745059967041,0.018046345561742783,5to6
864,865,OADMET-0005225,4.62,train,4to5,1,0.0014670757809653878,0.006219583097845316,0.7407866716384888,0.24200581014156342,0.009520864114165306,4to5
865,866,OADMET-0005224,4.91,train,4to5,4,6.992682756390423e-05,0.0004200213588774204,0.3580034077167511,0.640430748462677,0.001075926935300231,5to6
866,867,OADMET-0005223,5.2,train,5to6,2,2.1615769583149813e-05,7.397109584417194e-05,0.19030293822288513,0.8085613250732422,0.0010401929030194879,5to6
867,868,OADMET-0005222,5.48,train,5to6,2,0.00024901406140998006,0.0012458044802770019,0.1720326989889145,0.8248690962791443,0.0016033266438171268,5to6
868,869,OADMET-0005221,5.04,train,5to6,0,0.003938394598662853,0.009638178162276745,0.5501938462257385,0.29316550493240356,0.14306405186653137,4to5
869,870,OADMET-0005220,5.16,train,5to6,1,6.429748282243963e-06,0.0004172220651526004,0.19021686911582947,0.8068370223045349,0.0025223589036613703,5to6
870,871,OADMET-0005219,4.16,train,4to5,0,0.0012848417973145843,0.03617146983742714,0.615553617477417,0.3348214030265808,0.012168641202151775,4to5
871,872,OADMET-0005218,5.57,train,5to6,1,1.5156152585404925e-05,0.001042736228555441,0.06725431233644485,0.9187303781509399,0.012957409955561161,5to6
872,873,OADMET-0005217,4.47,train,4to5,1,0.006384652573615313,0.010342687368392944,0.6324421167373657,0.3495010733604431,0.001329478225670755,4to5
873,874,OADMET-0005216,4.14,train,4to5,1,0.003953797742724419,0.01776852458715439,0.9520582556724548,0.02581968903541565,0.00039973773527890444,4to5
874,875,OADMET-0005215,4.65,train,4to5,0,0.0005441460525617003,0.01443162839859724,0.7619228363037109,0.22218461334705353,0.0009167948155663908,4to5
875,876,OADMET-0005214,5.12,train,5to6,4,0.012660704553127289,0.1231708899140358,0.49155133962631226,0.3487721085548401,0.02384490892291069,4to5
876,877,OADMET-0005213,5.15,train,5to6,3,0.0006785739678889513,0.0073976069688797,0.9333387613296509,0.057645101100206375,0.0009399554692208767,4to5
877,878,OADMET-0005212,4.87,train,4to5,0,0.05062928423285484,0.4205912947654724,0.49080607295036316,0.03723598271608353,0.0007374236593022943,4to5
878,879,OADMET-0005211,4.46,train,4to5,0,3.5853133795171743e-06,0.001173530356027186,0.08955923467874527,0.8249077200889587,0.08435598015785217,5to6
879,880,OADMET-0005210,4.52,train,4to5,4,7.120556256268173e-05,0.0010637235827744007,0.9809655547142029,0.017864691093564034,3.4839373256545514e-05,4to5
880,881,OADMET-0005209,4.57,train,4to5,0,0.0053638252429664135,0.00854716170579195,0.5486452579498291,0.4178430140018463,0.019600719213485718,4to5
881,882,OADMET-0005208,4.93,train,4to5,0,0.008995013311505318,0.02843962050974369,0.6829416155815125,0.2719331979751587,0.007690632715821266,4to5
882,883,OADMET-0005207,4.3,train,4to5,1,0.0006132344715297222,0.01019501592963934,0.7603754997253418,0.22727492451667786,0.0015413559740409255,4to5
883,884,OADMET-0005206,5.13,train,5to6,3,0.022215532138943672,0.17812250554561615,0.6268765330314636,0.16181200742721558,0.010973376221954823,4to5
884,885,OADMET-0005205,4.34,train,4to5,3,0.2362646609544754,0.17370061576366425,0.5544180870056152,0.032522570341825485,0.003094032872468233,4to5
885,886,OADMET-0005204,4.61,train,4to5,0,0.00010369902156526223,0.0036078738048672676,0.44021114706993103,0.5484833717346191,0.007593863178044558,5to6
886,887,OADMET-0005203,4.57,train,4to5,4,0.25516602396965027,0.32545018196105957,0.3436259627342224,0.06972234696149826,0.006035495083779097,4to5
887,888,OADMET-0005202,4.47,train,4to5,4,0.003894758177921176,0.030249860137701035,0.9030854105949402,0.06246314197778702,0.00030679930932819843,4to5
888,889,OADMET-0005201,4.31,train,4to5,4,0.003177858190611005,0.04267406091094017,0.8236113786697388,0.13011817634105682,0.0004184414283372462,4to5
889,890,OADMET-0005200,5.33,train,5to6,4,2.2180520318215713e-05,0.0017911102622747421,0.5023230910301208,0.4954308867454529,0.0004327947972342372,4to5
890,891,OADMET-0005199,4.58,train,4to5,3,0.02679547294974327,0.08036409318447113,0.6724587082862854,0.21607936918735504,0.004302368499338627,4to5
891,892,OADMET-0005198,4.8,train,4to5,2,0.0004127835563849658,0.0008968200418166816,0.24368520081043243,0.7406401038169861,0.01436510868370533,5to6
892,893,OADMET-0005197,4.44,train,4to5,1,0.003308128332719207,0.020499980077147484,0.6108304262161255,0.35583698749542236,0.009524435736238956,4to5
893,894,OADMET-0005196,5.07,train,5to6,2,6.0957256209803745e-05,0.0004254981176927686,0.028546372428536415,0.9134525060653687,0.05751468613743782,5to6
894,895,OADMET-0005195,4.26,train,4to5,0,0.00487520219758153,0.02144484408199787,0.9108772873878479,0.06161874532699585,0.0011839813087135553,4to5
895,896,OADMET-0005194,4.92,train,4to5,1,1.7525115254102275e-05,0.003059794194996357,0.36641520261764526,0.6261709332466125,0.00433651078492403,5to6
896,897,OADMET-0005193,4.81,train,4to5,2,0.08970887213945389,0.16788135468959808,0.5450271964073181,0.19656597077846527,0.0008166427141986787,4to5
897,898,OADMET-0005192,4.39,train,4to5,1,1.862877070379909e-05,0.0016615181230008602,0.3679504692554474,0.6124144196510315,0.017954928800463676,5to6
898,899,OADMET-0005191,5.21,train,5to6,4,0.00018142632325179875,0.0011795535683631897,0.09533555060625076,0.8894703984260559,0.013833016157150269,5to6
899,900,OADMET-0005190,5.57,train,5to6,1,0.3841477036476135,0.05877847969532013,0.5204527974128723,0.032554417848587036,0.004066485445946455,4to5
900,901,OADMET-0005189,4.37,train,4to5,1,0.003529423149302602,0.06939291208982468,0.759130597114563,0.1675681173801422,0.0003789869078900665,4to5
901,902,OADMET-0005188,4.78,train,4to5,0,0.6148875951766968,0.2656361162662506,0.1128210797905922,0.005985485389828682,0.0006697402568534017,lt3
902,903,OADMET-0005187,5.2,train,5to6,3,1.2642869933188194e-06,0.0004969153087586164,0.9562946557998657,0.0431685708463192,3.861731238430366e-05,4to5
903,904,OADMET-0005186,4.4,train,4to5,1,4.484829787543276e-06,0.0011741085909307003,0.29467910528182983,0.7038454413414001,0.00029684105538763106,5to6
904,905,OADMET-0005185,4.5,train,4to5,1,0.015882451087236404,0.012686195783317089,0.6765280961990356,0.28682592511177063,0.008077386766672134,4to5
905,906,OADMET-0005184,4.82,train,4to5,1,0.0006682415842078626,0.015202978625893593,0.7182223200798035,0.2637312710285187,0.002175247063860297,4to5
906,907,OADMET-0005183,4.46,train,4to5,1,0.00518126180395484,0.17493422329425812,0.7220295667648315,0.0972929522395134,0.000562025757972151,4to5
907,908,OADMET-0005182,4.87,train,4to5,1,0.003390812547877431,0.021702663972973824,0.890373945236206,0.08442775160074234,0.0001048148624249734,4to5
908,909,OADMET-0005181,5.33,train,5to6,4,1.7617021512705833e-05,0.00039132958045229316,0.10015019029378891,0.8930703997612,0.006370506249368191,5to6
909,910,OADMET-0005180,4.86,train,4to5,1,0.0006171012064442039,0.007185105234384537,0.6345715522766113,0.3527008891105652,0.004925353452563286,4to5
910,911,OADMET-0005179,5.21,train,5to6,3,0.0439816452562809,0.03809865936636925,0.4684731662273407,0.44091376662254333,0.008532755076885223,4to5
911,912,OADMET-0005178,5.0,train,4to5,1,0.0001703707384876907,0.005422316025942564,0.22353693842887878,0.7335259914398193,0.03734437748789787,5to6
912,913,OADMET-0005177,5.21,train,5to6,4,9.415553358849138e-05,0.0002908276510424912,0.4292036294937134,0.5672301054000854,0.0031813171226531267,5to6
913,914,OADMET-0005176,4.86,train,4to5,1,2.3916280042612925e-05,0.0007264951127581298,0.23069334030151367,0.7598259449005127,0.008730330504477024,5to6
914,915,OADMET-0005175,4.2,train,4to5,1,0.00012291267921682447,0.010157792828977108,0.5663830041885376,0.4214179217815399,0.0019183700205758214,4to5
915,916,OADMET-0005174,4.62,train,4to5,4,6.636115722358227e-05,0.00032836917671374977,0.6481173634529114,0.3457708954811096,0.005717024672776461,4to5
916,917,OADMET-0005173,4.82,train,4to5,0,0.00014328300312627107,0.009801202453672886,0.872766375541687,0.11718519777059555,0.00010393198317615315,4to5
917,918,OADMET-0005172,5.2,train,5to6,2,0.0007628752500750124,0.00886596366763115,0.645547091960907,0.3432520925998688,0.001572033972479403,4to5
918,919,OADMET-0005171,4.72,train,4to5,2,0.0002442256663925946,0.0033463225699961185,0.7252399921417236,0.27052003145217896,0.0006494047120213509,4to5
919,920,OADMET-0005170,5.14,train,5to6,2,0.002271593315526843,0.03270722180604935,0.8304611444473267,0.13378652930259705,0.0007734520477242768,4to5
920,921,OADMET-0005169,4.87,train,4to5,1,1.5019756460787903e-07,2.544818380556535e-05,0.009526033885776997,0.9432128667831421,0.04723544046282768,5to6
921,922,OADMET-0005168,4.95,train,4to5,2,0.0008371491567231715,0.0015494271647185087,0.2228723168373108,0.7709996104240417,0.0037415141705423594,5to6
922,923,OADMET-0005167,5.28,train,5to6,4,0.3622123897075653,0.19865551590919495,0.41646483540534973,0.02216423861682415,0.0005030914908275008,4to5
923,924,OADMET-0005166,5.37,train,5to6,1,0.048845306038856506,0.009273777715861797,0.4033747911453247,0.5361465215682983,0.0023596531245857477,5to6
924,925,OADMET-0005165,5.25,train,5to6,0,0.0018178416648879647,0.055231448262929916,0.7360665798187256,0.20464235544204712,0.002241799607872963,4to5
925,926,OADMET-0005164,4.84,train,4to5,1,0.0010812459513545036,0.009983832947909832,0.43539851903915405,0.5246137976646423,0.028922632336616516,5to6
926,927,OADMET-0005163,4.54,train,4to5,3,0.8057176470756531,0.18136774003505707,0.011966864578425884,0.00030655160662718117,0.0006411943468265235,lt3
927,928,OADMET-0005162,4.9,train,4to5,1,0.006473740562796593,0.004292855504900217,0.7528243064880371,0.22470107674598694,0.011708101257681847,4to5
928,929,OADMET-0005161,5.07,train,5to6,1,8.914766112866346e-06,0.0032304134219884872,0.15432459115982056,0.8389577865600586,0.003478339873254299,5to6
929,930,OADMET-0005160,4.49,train,4to5,1,0.012962506152689457,0.07227952778339386,0.8581218719482422,0.05625958740711212,0.0003765081928577274,4to5
930,931,OADMET-0005159,4.4,train,4to5,4,0.07363582402467728,0.6593343019485474,0.26611435413360596,0.0009008434135466814,1.4744742657057941e-05,3to4
931,932,OADMET-0005158,4.61,train,4to5,0,0.07460964471101761,0.29611241817474365,0.5657597780227661,0.06212328374385834,0.0013949474086984992,4to5
932,933,OADMET-0005157,4.8,train,4to5,1,0.24312767386436462,0.3177764415740967,0.43029507994651794,0.008707428351044655,9.336393122794107e-05,4to5
933,934,OADMET-0005156,4.31,train,4to5,0,0.03475775942206383,0.032321833074092865,0.8590543866157532,0.07082982361316681,0.0030362289398908615,4to5
934,935,OADMET-0005155,4.83,train,4to5,2,0.00029129948234185576,0.016478942707180977,0.7141393423080444,0.2670000493526459,0.002090388210490346,4to5
935,936,OADMET-0005154,4.89,train,4to5,2,0.0002493398205842823,0.0015370158944278955,0.5134132504463196,0.48455652594566345,0.00024391266924794763,4to5
936,937,OADMET-0005153,4.53,train,4to5,0,0.00032783448114059865,0.012902121059596539,0.6595727205276489,0.3261702060699463,0.0010270996717736125,4to5
937,938,OADMET-0005152,5.06,train,5to6,2,0.010421395301818848,0.028012771159410477,0.7195091247558594,0.24073556065559387,0.0013211803743615746,4to5
938,939,OADMET-0005151,4.83,train,4to5,4,0.06786299496889114,0.27699607610702515,0.6015589237213135,0.05317382887005806,0.0004082236555404961,4to5
939,940,OADMET-0005150,5.02,train,5to6,0,0.0037453959230333567,0.016978297382593155,0.8621935248374939,0.11590234190225601,0.0011804787209257483,4to5
940,941,OADMET-0005149,4.64,train,4to5,2,0.07068625092506409,0.02490903064608574,0.870659351348877,0.03361388295888901,0.00013151150778867304,4to5
941,942,OADMET-0005148,4.92,train,4to5,3,1.027855546453793e-06,0.0019149479921907187,0.9233844876289368,0.07444065064191818,0.00025888311211019754,4to5
942,943,OADMET-0005147,4.62,train,4to5,4,0.0008246086654253304,0.11872956156730652,0.8252408504486084,0.05511470139026642,9.031881199916825e-05,4to5
943,944,OADMET-0005146,4.45,train,4to5,0,0.053598545491695404,0.12292013317346573,0.7285717725753784,0.09368137270212173,0.0012281505623832345,4to5
944,945,OADMET-0005145,4.99,train,4to5,4,2.788733399938792e-05,0.0013820724561810493,0.3325890600681305,0.6657201051712036,0.0002809363941196352,5to6
945,946,OADMET-0005144,4.6,train,4to5,0,0.00045168877113610506,0.0034433575347065926,0.9360319972038269,0.059597745537757874,0.00047522931708954275,4to5
946,947,OADMET-0005143,4.63,train,4to5,1,0.008800155483186245,0.0892486646771431,0.7091572880744934,0.19111715257167816,0.0016767749330028892,4to5
947,948,OADMET-0005142,4.49,train,4to5,3,0.7982354760169983,0.13230383396148682,0.052020423114299774,0.016663696616888046,0.0007765929331071675,lt3
948,949,OADMET-0005141,4.8,train,4to5,3,0.0014652438694611192,0.05529852584004402,0.799811065196991,0.14276188611984253,0.0006632977747358382,4to5
949,950,OADMET-0005140,4.87,train,4to5,1,1.338576475973241e-05,0.0003716593491844833,0.10895947366952896,0.879065215587616,0.011590294539928436,5to6
950,951,OADMET-0005139,5.12,train,5to6,0,0.0014615028630942106,0.017737723886966705,0.8683037757873535,0.10989227890968323,0.0026047099381685257,4to5
951,952,OADMET-0005138,4.84,train,4to5,2,0.00011326038656989112,0.001963773975148797,0.7905153632164001,0.2062639743089676,0.0011436630738899112,4to5
952,953,OADMET-0005137,5.44,train,5to6,2,1.5498830180149525e-05,0.0010825047502294183,0.16600961983203888,0.7811790108680725,0.05171338841319084,5to6
953,954,OADMET-0005136,5.05,train,5to6,2,0.0025173041503876448,0.003865706967189908,0.48501473665237427,0.5064280033111572,0.0021742975804954767,5to6
954,955,OADMET-0005135,4.34,train,4to5,0,0.036021653562784195,0.07735059410333633,0.7486695647239685,0.13702835142612457,0.0009298408986069262,4to5
955,956,OADMET-0005134,4.42,train,4to5,2,0.0005694303545169532,0.001776490593329072,0.8308326601982117,0.16656562685966492,0.00025582220405340195,4to5
956,957,OADMET-0005133,5.03,train,5to6,1,0.000327852088958025,0.010552536696195602,0.28599056601524353,0.6915664076805115,0.011562647297978401,5to6
957,958,OADMET-0005132,5.33,train,5to6,0,0.000869722047355026,0.013746307231485844,0.8315469026565552,0.15154287219047546,0.002294176258146763,4to5
958,959,OADMET-0005131,4.46,train,4to5,4,0.007117621600627899,0.10790318250656128,0.8533586263656616,0.03151345252990723,0.00010711887443903834,4to5
959,960,OADMET-0005130,5.1,train,5to6,0,2.6254405383951962e-05,0.0037594609893858433,0.13946935534477234,0.8535047769546509,0.003240196732804179,5to6
960,961,OADMET-0005129,5.01,train,5to6,0,0.00019298614643048495,0.0013980563962832093,0.4753076732158661,0.522188663482666,0.0009126272052526474,5to6
961,962,OADMET-0005128,5.46,train,5to6,1,0.0011054774513468146,0.03335164114832878,0.7776266932487488,0.1847582757472992,0.003157830098643899,4to5
962,963,OADMET-0005127,5.25,train,5to6,0,0.00017780912457965314,0.0029632197692990303,0.5737842321395874,0.37437477707862854,0.04869994893670082,4to5
963,964,OADMET-0005126,4.15,train,4to5,0,0.0014565883902832866,0.009910914115607738,0.5983219742774963,0.38194549083709717,0.008365090005099773,4to5
964,965,OADMET-0005125,4.67,train,4to5,0,0.03305003046989441,0.0724232941865921,0.8369882106781006,0.05679578706622124,0.0007426850497722626,4to5
965,966,OADMET-0005124,4.5,train,4to5,1,0.001138710300438106,0.010830027051270008,0.8492539525032043,0.13801345229148865,0.0007637754315510392,4to5
966,967,OADMET-0005123,4.6,train,4to5,1,0.04070865735411644,0.14296954870224,0.680987536907196,0.13378259539604187,0.001551646157167852,4to5
967,968,OADMET-0005122,4.52,train,4to5,2,0.0003252182505093515,0.06139977648854256,0.7742260098457336,0.16392360627651215,0.00012535649875644594,4to5
968,969,OADMET-0005121,4.94,train,4to5,2,7.729583558102604e-06,0.0003537090087775141,0.37789782881736755,0.6212154626846313,0.0005252301343716681,5to6
969,970,OADMET-0005120,4.19,train,4to5,0,0.013171693310141563,0.4578530192375183,0.43612730503082275,0.08995893597602844,0.0028890897519886494,3to4
970,971,OADMET-0005119,4.97,train,4to5,2,0.0002272976707899943,0.00035969188320450485,0.5391369462013245,0.45999056100845337,0.0002855480997823179,4to5
971,972,OADMET-0005118,4.36,train,4to5,1,7.58743699407205e-05,0.008830537088215351,0.6116244792938232,0.374284029006958,0.005185072775930166,4to5
972,973,OADMET-0005117,4.46,train,4to5,1,0.003555821254849434,0.04083782061934471,0.3148810863494873,0.6370316743850708,0.0036935796961188316,5to6
973,974,OADMET-0005116,5.3,train,5to6,3,0.00012758989760186523,0.008865552954375744,0.6800376772880554,0.3048553168773651,0.006113886367529631,4to5
974,975,OADMET-0005115,5.12,train,5to6,0,0.0015828909818083048,0.0865907222032547,0.7221370339393616,0.18899071216583252,0.0006986463558860123,4to5
975,976,OADMET-0005114,4.01,train,4to5,0,0.03646952286362648,0.08169407397508621,0.4485096335411072,0.4063417911529541,0.026985015720129013,4to5
976,977,OADMET-0005113,4.23,train,4to5,2,1.8201013745056116e-06,0.00021225513773970306,0.09145727008581161,0.9070048928260803,0.00132375315297395,5to6
977,978,OADMET-0005112,4.26,train,4to5,4,0.05253816395998001,0.020120102912187576,0.8427770733833313,0.08391524106264114,0.0006494576809927821,4to5
978,979,OADMET-0005111,5.19,train,5to6,0,0.0001750513183651492,0.011206970550119877,0.959723711013794,0.02886689268052578,2.7392397896619514e-05,4to5
979,980,OADMET-0005110,4.93,train,4to5,4,2.434115685900906e-06,4.49450162705034e-05,0.11697567254304886,0.8825677037239075,0.0004092745075467974,5to6
980,981,OADMET-0005109,5.3,train,5to6,3,0.0004439891781657934,0.01317691896110773,0.43098509311676025,0.5465351939201355,0.008858848363161087,5to6
981,982,OADMET-0005108,5.1,train,5to6,1,0.0016737886471673846,0.007877510040998459,0.8058199882507324,0.18212254345417023,0.002506219083443284,4to5
982,983,OADMET-0005107,5.03,train,5to6,2,3.3891403290908784e-05,0.0009372135973535478,0.4199334681034088,0.578820526599884,0.00027498521376401186,5to6
983,984,OADMET-0005106,4.73,train,4to5,1,0.008197729475796223,0.07106924057006836,0.8472893834114075,0.07303094863891602,0.00041274091927334666,4to5
984,985,OADMET-0005105,5.15,train,5to6,3,9.75850343820639e-06,0.019294941797852516,0.705338716506958,0.27095746994018555,0.004399129189550877,4to5
985,986,OADMET-0005104,5.26,train,5to6,1,0.021792907267808914,0.09982384741306305,0.6517755389213562,0.222972571849823,0.003635178320109844,4to5
986,987,OADMET-0005103,5.06,train,5to6,4,1.917942972795572e-05,0.0006629197741858661,0.4382287561893463,0.5598387122154236,0.0012504502665251493,5to6
987,988,OADMET-0005102,5.09,train,5to6,2,0.0002732594730332494,0.004652804229408503,0.9480140805244446,0.04691668599843979,0.00014312166604213417,4to5
988,989,OADMET-0005101,4.57,train,4to5,1,0.0027331230230629444,0.016699399799108505,0.9583077430725098,0.022059209644794464,0.00020053540356457233,4to5
989,990,OADMET-0005100,4.44,train,4to5,2,0.0004296524275559932,0.05050353705883026,0.7225064039230347,0.22630628943443298,0.0002541353169362992,4to5
990,991,OADMET-0005099,4.84,train,4to5,0,0.0024071969091892242,0.01265803910791874,0.8322466611862183,0.15030446648597717,0.002383583225309849,4to5
991,992,OADMET-0005098,5.09,train,5to6,0,5.98008518863935e-05,0.0006666824338026345,0.490721732378006,0.4921172559261322,0.016434570774435997,5to6
992,993,OADMET-0005097,4.73,train,4to5,2,0.0010179487289860845,0.025231875479221344,0.808110237121582,0.165086567401886,0.0005533744697459042,4to5
993,994,OADMET-0005096,5.23,train,5to6,3,0.005983593873679638,0.012741748243570328,0.5172468423843384,0.4597063362598419,0.004321470391005278,4to5
994,995,OADMET-0005095,5.47,train,5to6,1,0.0003812611976172775,0.009067406877875328,0.41679346561431885,0.5566563606262207,0.017101509496569633,5to6
995,996,OADMET-0005094,5.24,train,5to6,1,0.0004577267973218113,0.00381287164054811,0.6545066833496094,0.3400630056858063,0.0011596772819757462,4to5
996,997,OADMET-0005093,5.31,train,5to6,4,0.0011003923136740923,0.004613988101482391,0.7229940295219421,0.27079617977142334,0.000495455227792263,4to5
997,998,OADMET-0005092,4.73,train,4to5,0,0.0018562478944659233,0.002872657496482134,0.8138008713722229,0.18022435903549194,0.001245882478542626,4to5
998,999,OADMET-0005091,5.31,train,5to6,0,0.02113444358110428,0.006722600664943457,0.482499897480011,0.47965461015701294,0.00998847745358944,4to5
999,1000,OADMET-0005090,5.44,train,5to6,4,2.4008864784264006e-05,0.004192475229501724,0.38291922211647034,0.6126005053520203,0.0002638111764099449,5to6
1000,1001,OADMET-0005089,5.06,train,5to6,2,1.6500428046128945e-06,0.00013993881293572485,0.1338002234697342,0.863341748714447,0.002716467250138521,5to6
1001,1002,OADMET-0005088,4.57,train,4to5,0,0.020450999960303307,0.05166206881403923,0.7809064984321594,0.13662117719650269,0.010359171777963638,4to5
1002,1003,OADMET-0005087,5.0,train,4to5,2,0.1469963788986206,0.6182292103767395,0.21342960000038147,0.02100624144077301,0.00033861707197502255,3to4
1003,1004,OADMET-0005086,3.99,train,3to4,4,0.4137842059135437,0.09532498568296432,0.47920796275138855,0.011597484350204468,8.540840644855052e-05,4to5
1004,1005,OADMET-0005085,5.25,train,5to6,1,2.3141217752709053e-05,0.002089565386995673,0.8597702980041504,0.13800695538520813,0.00011009356239810586,4to5
1005,1006,OADMET-0005084,4.58,train,4to5,0,0.002756493864580989,0.03651416301727295,0.7016609311103821,0.2561705708503723,0.002897916827350855,4to5
1006,1007,OADMET-0005083,4.27,train,4to5,2,0.0005071181803941727,0.00874720886349678,0.481381893157959,0.5076388716697693,0.0017249311786144972,5to6
1007,1008,OADMET-0005082,5.32,train,5to6,1,6.0400328948162496e-05,0.005484230350703001,0.3849773108959198,0.608546793460846,0.0009312992915511131,5to6
1008,1009,OADMET-0005081,4.91,train,4to5,2,0.5308046936988831,0.45683416724205017,0.011880461126565933,0.0004231340135447681,5.7576271501602605e-05,lt3
1009,1010,OADMET-0005080,4.43,train,4to5,2,0.0006062721367925406,0.005308432970196009,0.9494659304618835,0.04453090578317642,8.847564458847046e-05,4to5
1010,1011,OADMET-0005079,4.94,train,4to5,1,0.001220423961058259,0.004131898749619722,0.880639910697937,0.11101117730140686,0.002996621886268258,4to5
1011,1012,OADMET-0005078,5.24,train,5to6,0,0.013102165423333645,0.12916846573352814,0.7709987163543701,0.08471117913722992,0.002019484993070364,4to5
1012,1013,OADMET-0005077,5.07,train,5to6,4,0.007926651276648045,0.00737857585772872,0.9617262482643127,0.022837458178400993,0.0001311005762545392,4to5
1013,1014,OADMET-0005076,4.35,train,4to5,3,4.532705133897252e-06,0.0031092653516680002,0.7728970646858215,0.2226870059967041,0.0013021348277106881,4to5
1014,1015,OADMET-0005075,5.18,train,5to6,1,9.564483661961276e-06,0.00048080264241434634,0.11351495236158371,0.8647753596305847,0.021219344809651375,5to6
1015,1016,OADMET-0005074,5.08,train,5to6,2,0.0009319749660789967,0.0010353588731959462,0.2018248587846756,0.7754051089286804,0.02080269530415535,5to6
1016,1017,OADMET-0005073,4.85,train,4to5,3,0.0005328120314516127,0.009618237614631653,0.7303937077522278,0.23227693140506744,0.027178332209587097,4to5
1017,1018,OADMET-0005072,5.06,train,5to6,3,2.6330380364925077e-07,2.412879439361859e-05,0.27662593126296997,0.7217667102813721,0.001582931843586266,5to6
1018,1019,OADMET-0005071,4.41,train,4to5,4,0.006021752487868071,0.013326209969818592,0.8651161193847656,0.11238206923007965,0.0031538864132016897,4to5
1019,1020,OADMET-0005070,5.3,train,5to6,3,7.438743341481313e-05,0.0005142068839631975,0.04104723036289215,0.6892953515052795,0.26906880736351013,5to6
1020,1021,OADMET-0005069,5.02,train,5to6,2,0.0002604108885861933,0.0028405780903995037,0.5212506651878357,0.47408246994018555,0.001565890503115952,4to5
1021,1022,OADMET-0005068,5.43,train,5to6,0,0.0023012335877865553,0.039522282779216766,0.8428532481193542,0.11237089335918427,0.002952348440885544,4to5
1022,1023,OADMET-0005067,4.73,train,4to5,0,0.00015041806909721345,0.0028431203681975603,0.7201895713806152,0.27420467138290405,0.00261228671297431,4to5
1023,1024,OADMET-0005066,4.72,train,4to5,2,0.0017602776642888784,0.00790044292807579,0.8021845817565918,0.18735022842884064,0.000804489420261234,4to5
1024,1025,OADMET-0005065,5.19,train,5to6,1,0.004653043579310179,0.009790638461709023,0.6686563491821289,0.3102479875087738,0.006652019452303648,4to5
1025,1026,OADMET-0005064,4.99,train,4to5,2,0.0032014937605708838,0.038665518164634705,0.8302333354949951,0.12762951850891113,0.000270113319857046,4to5
1026,1027,OADMET-0005063,4.33,train,4to5,1,3.41651939379517e-05,0.004559781868010759,0.448315292596817,0.542184054851532,0.004906696267426014,5to6
1027,1028,OADMET-0005062,4.99,train,4to5,2,2.566591683716979e-05,6.954155105631799e-05,0.21358855068683624,0.7857427597045898,0.0005735339946113527,5to6
1028,1029,OADMET-0005061,5.39,train,5to6,4,0.00015225140668917447,0.0010413613636046648,0.44226762652397156,0.5448774695396423,0.011661311611533165,5to6
1029,1030,OADMET-0005060,5.25,train,5to6,1,6.881986337248236e-05,0.002345471642911434,0.18178687989711761,0.8115832209587097,0.004215665627270937,5to6
1030,1031,OADMET-0005059,4.92,train,4to5,0,0.0029451539739966393,0.03416141867637634,0.7515039443969727,0.2088526487350464,0.0025368493515998125,4to5
1031,1032,OADMET-0005058,4.96,train,4to5,0,0.0019770353101193905,0.2077656388282776,0.6981489658355713,0.0907227024435997,0.0013856800505891442,4to5
1032,1033,OADMET-0005057,4.26,train,4to5,4,0.0024197744205594063,0.08120610564947128,0.8944389224052429,0.021901214495301247,3.402088623261079e-05,4to5
1033,1034,OADMET-0005056,4.83,train,4to5,1,0.0025024693459272385,0.014547114260494709,0.7459368705749512,0.23605795204639435,0.0009555587312206626,4to5
1034,1035,OADMET-0005055,4.83,train,4to5,4,0.0008196841808967292,0.0016668998869135976,0.4947846829891205,0.4928954243659973,0.00983336754143238,4to5
1035,1036,OADMET-0005054,4.79,train,4to5,0,0.0007273208466358483,0.02741299942135811,0.5998140573501587,0.3586362600326538,0.013409372419118881,4to5
1036,1037,OADMET-0005053,4.95,train,4to5,4,0.00014095254300627857,0.0010735541582107544,0.11256628483533859,0.8649461269378662,0.021273108199238777,5to6
1037,1038,OADMET-0005052,4.82,train,4to5,1,0.0015651679132133722,0.013423445634543896,0.08950462192296982,0.767015814781189,0.12849093973636627,5to6
1038,1039,OADMET-0005051,4.84,train,4to5,0,0.00022937756148166955,0.0023772434797137976,0.3592614531517029,0.6163402199745178,0.021791746839880943,5to6
1039,1040,OADMET-0005050,5.22,train,5to6,4,0.00023245130432769656,0.0002600059669930488,0.7323256731033325,0.26562610268592834,0.0015558082377538085,4to5
1040,1041,OADMET-0005049,4.21,train,4to5,0,0.009243546053767204,0.031885091215372086,0.7400504946708679,0.21039144694805145,0.008429384790360928,4to5
1041,1042,OADMET-0005048,5.05,train,5to6,4,0.0017896193312481046,0.011007560417056084,0.9558068513870239,0.031390830874443054,5.134758339409018e-06,4to5
1042,1043,OADMET-0005047,4.88,train,4to5,4,0.0033838164526969194,0.19039303064346313,0.7332083582878113,0.07296962291002274,4.515950058703311e-05,4to5
1043,1044,OADMET-0005046,5.1,train,5to6,1,0.05070291459560394,0.04215501993894577,0.9034773111343384,0.003558248979970813,0.00010648508759913966,4to5
1044,1045,OADMET-0005045,5.05,train,5to6,3,0.07226988673210144,0.49045607447624207,0.3285273015499115,0.10331909358501434,0.0054276785813272,3to4
1045,1046,OADMET-0005044,4.84,train,4to5,0,9.541254985379055e-05,0.0024419347755610943,0.2648236155509949,0.7283582091331482,0.004280779976397753,5to6
1046,1047,OADMET-0005043,4.94,train,4to5,0,0.06377523392438889,0.3481830060482025,0.5802940130233765,0.007398850284516811,0.00034890713868662715,4to5
1047,1048,OADMET-0005042,4.69,train,4to5,2,0.0019289007177576423,0.0015072684036567807,0.6380196213722229,0.35611820220947266,0.0024260343052446842,4to5
1048,1049,OADMET-0005041,4.63,train,4to5,1,0.022826218977570534,0.15608933568000793,0.7167268395423889,0.10206364840269089,0.0022940298076719046,4to5
1049,1050,OADMET-0005040,4.68,train,4to5,0,0.007600314915180206,0.024211669340729713,0.7960057258605957,0.14556559920310974,0.026616688817739487,4to5
1050,1051,OADMET-0005039,4.57,train,4to5,4,0.03528740257024765,0.2761210501194,0.6504355072975159,0.037795986980199814,0.00035997325903736055,4to5
1051,1052,OADMET-0005038,4.86,train,4to5,2,0.099384605884552,0.08459705114364624,0.8070200681686401,0.008959533646702766,3.8769427192164585e-05,4to5
1052,1053,OADMET-0005037,4.09,train,4to5,2,6.304767885012552e-05,0.018141061067581177,0.40843549370765686,0.5701541304588318,0.0032062733080238104,5to6
1053,1054,OADMET-0005036,4.93,train,4to5,4,3.502730123727815e-07,8.724845974938944e-05,0.7475635409355164,0.25231048464775085,3.83678161597345e-05,4to5
1054,1055,OADMET-0005035,4.54,train,4to5,0,0.0025873195845633745,0.01031346432864666,0.6199422478675842,0.3550656735897064,0.012091327458620071,4to5
1055,1056,OADMET-0005034,4.88,train,4to5,4,0.0003571466659195721,0.0037385912146419287,0.8318684101104736,0.16390018165111542,0.00013572686293628067,4to5
1056,1057,OADMET-0005033,4.83,train,4to5,3,5.509490620170254e-06,0.0049209934659302235,0.20408569276332855,0.7520868182182312,0.03890106454491615,5to6
1057,1058,OADMET-0005032,4.82,train,4to5,2,6.471069355029613e-06,0.0007880809716880322,0.712665855884552,0.2860237956047058,0.000515771855134517,4to5
1058,1059,OADMET-0005031,4.53,train,4to5,0,0.0047759092412889,0.05076355114579201,0.6338354349136353,0.30838724970817566,0.0022379346191883087,4to5
1059,1060,OADMET-0005030,5.07,train,5to6,0,0.0003363861469551921,0.01463084015995264,0.5002681612968445,0.46894699335098267,0.01581767573952675,4to5
1060,1061,OADMET-0005029,4.73,train,4to5,1,5.9898004110436887e-05,0.0012106304056942463,0.2856178879737854,0.7083408236503601,0.0047708177007734776,5to6
1061,1062,OADMET-0005028,5.3,train,5to6,4,8.614849321020301e-06,0.00020627229241654277,0.24951371550559998,0.7410112023353577,0.009260162711143494,5to6
1062,1063,OADMET-0005027,5.69,train,5to6,1,0.00013089268759358674,0.0003050604718737304,0.6824896335601807,0.3097381889820099,0.007336216513067484,4to5
1063,1064,OADMET-0005026,5.0,train,4to5,3,1.0679146953407326e-06,0.0008000844973139465,0.37307196855545044,0.625430166721344,0.0006967625231482089,5to6
1064,1065,OADMET-0005025,4.71,train,4to5,2,0.0002234287967439741,0.0051225172355771065,0.9006325006484985,0.09400225430727005,1.9339608115842566e-05,4to5
1065,1066,OADMET-0005024,5.02,train,5to6,3,7.926689431769773e-05,0.0195588618516922,0.8365397453308105,0.1437026560306549,0.00011953314970014617,4to5
1066,1067,OADMET-0005023,5.23,train,5to6,0,0.0010992062743753195,0.023769205436110497,0.7778274416923523,0.194475457072258,0.0028287421446293592,4to5
1067,1068,OADMET-0005022,4.74,train,4to5,1,0.0002143432793673128,0.0021201528143137693,0.5889114141464233,0.4067642092704773,0.0019899250473827124,4to5
1068,1069,OADMET-0005021,5.0,train,4to5,1,3.628031481639482e-05,0.0014701621839776635,0.27417251467704773,0.7184044122695923,0.0059166825376451015,5to6
1069,1070,OADMET-0005020,5.24,train,5to6,0,0.0012510877568274736,0.007470380514860153,0.14507141709327698,0.8240451812744141,0.022161949425935745,5to6
1070,1071,OADMET-0005019,5.38,train,5to6,3,5.246951332082972e-05,0.0004905289388261735,0.17840614914894104,0.807224452495575,0.013826446607708931,5to6
1071,1072,OADMET-0005018,4.7,train,4to5,0,0.00027728910208679736,0.016533564776182175,0.9262759685516357,0.056647494435310364,0.00026570219779387116,4to5
1072,1073,OADMET-0005017,5.14,train,5to6,0,6.223916898306925e-06,0.0006806363235227764,0.5019901990890503,0.4944416284561157,0.002881341613829136,4to5
1073,1074,OADMET-0005016,5.13,train,5to6,1,0.022155357524752617,0.22466148436069489,0.5425597429275513,0.205819770693779,0.004803710151463747,4to5
1074,1075,OADMET-0005015,4.8,train,4to5,4,0.0019679227843880653,0.23005226254463196,0.7389732599258423,0.028980545699596405,2.601645974209532e-05,4to5
1075,1076,OADMET-0005014,4.66,train,4to5,2,0.025599075481295586,0.17481249570846558,0.3708983063697815,0.41714176535606384,0.011548410169780254,5to6
1076,1077,OADMET-0005013,4.7,train,4to5,2,0.0002280249900650233,0.18023928999900818,0.5831174850463867,0.23557785153388977,0.0008373241289518774,4to5
1077,1078,OADMET-0005012,5.33,train,5to6,2,0.00022830603120382875,0.04323970153927803,0.735889196395874,0.21982857584953308,0.0008142691222019494,4to5
1078,1079,OADMET-0005011,4.51,train,4to5,0,0.0018802954582497478,0.038228876888751984,0.4821881949901581,0.46063172817230225,0.017070971429347992,4to5
1079,1080,OADMET-0005010,4.61,train,4to5,4,0.09425202012062073,0.7923264503479004,0.0934767946600914,0.019626693800091743,0.0003181093779858202,3to4
1080,1081,OADMET-0005009,5.09,train,5to6,1,0.00025255579384975135,0.003226956818252802,0.6083121299743652,0.38204294443130493,0.00616542249917984,4to5
1081,1082,OADMET-0005008,4.57,train,4to5,1,0.006438749842345715,0.14532022178173065,0.7945561408996582,0.05302296578884125,0.0006619396735914052,4to5
1082,1083,OADMET-0005007,4.82,train,4to5,3,0.004596793558448553,0.08699807524681091,0.6492464542388916,0.24030786752700806,0.018850861117243767,4to5
1083,1084,OADMET-0005006,5.05,train,5to6,4,7.2711086431809235e-06,0.000450441031716764,0.07742886245250702,0.8970983028411865,0.025015128776431084,5to6
1084,1085,OADMET-0005005,5.0,train,4to5,3,3.741774708032608e-05,0.0018389237811788917,0.6011415123939514,0.3947567939758301,0.002225313102826476,4to5
1085,1086,OADMET-0005004,4.35,train,4to5,2,0.017960548400878906,0.006738918833434582,0.9632930159568787,0.01190926879644394,9.832031355472282e-05,4to5
1086,1087,OADMET-0005003,4.81,train,4to5,3,2.9061551686027087e-05,0.00126766343601048,0.5533648729324341,0.44456973671913147,0.0007686854223720729,4to5
1087,1088,OADMET-0005002,4.87,train,4to5,2,0.025745587423443794,0.06525477021932602,0.40153294801712036,0.4984092712402344,0.00905739888548851,5to6
1088,1089,OADMET-0005001,4.63,train,4to5,4,4.2372859752504155e-05,0.0001897104666568339,0.2679246664047241,0.7213822603225708,0.010460973717272282,5to6
1089,1090,OADMET-0005000,4.57,train,4to5,0,0.0014944220893085003,0.012456619180738926,0.8764430284500122,0.10919713228940964,0.00040881530730985105,4to5
1090,1091,OADMET-0004999,4.99,train,4to5,1,0.001977380132302642,0.010765367187559605,0.9686456322669983,0.01843511313199997,0.00017653650138527155,4to5
1091,1092,OADMET-0004998,5.08,train,5to6,2,0.00017575097444932908,0.0013416609726846218,0.6013453006744385,0.38847389817237854,0.008663443848490715,4to5
1092,1093,OADMET-0004997,5.02,train,5to6,4,1.405047169100726e-05,0.00037659204099327326,0.22046607732772827,0.7757163047790527,0.0034268531017005444,5to6
1093,1094,OADMET-0004996,5.03,train,5to6,0,0.005445730872452259,0.21696050465106964,0.6594298481941223,0.11698313802480698,0.0011808400740846992,4to5
1094,1095,OADMET-0004995,5.34,train,5to6,0,0.0006950804963707924,0.004268457181751728,0.8021899461746216,0.19095835089683533,0.0018882231088355184,4to5
1095,1096,OADMET-0004994,5.16,train,5to6,2,1.3635075447382405e-05,0.0037919161841273308,0.08214525133371353,0.9088348150253296,0.005214397329837084,5to6
1096,1097,OADMET-0004993,4.65,train,4to5,0,0.0031839185394346714,0.21720418334007263,0.6669252514839172,0.10858555138111115,0.004101161379367113,4to5
1097,1098,OADMET-0004992,4.78,train,4to5,0,0.20208241045475006,0.21852611005306244,0.44796496629714966,0.12083017826080322,0.010596306063234806,4to5
1098,1099,OADMET-0004991,5.41,train,5to6,1,0.0006137514137662947,0.019497854635119438,0.37721991539001465,0.5918185710906982,0.010849928483366966,5to6
1099,1100,OADMET-0004990,5.51,train,5to6,1,2.8544773158500902e-05,0.004358795005828142,0.5225033164024353,0.4722972810268402,0.0008120548445731401,4to5
1100,1101,OADMET-0004989,5.56,train,5to6,1,4.018491745227948e-05,0.0006444664322771132,0.67352294921875,0.32335415482521057,0.002438210416585207,4to5
1101,1102,OADMET-0004988,4.87,train,4to5,1,0.13243639469146729,0.3109695613384247,0.47328847646713257,0.08242694288492203,0.0008786469115875661,4to5
1102,1103,OADMET-0004987,5.23,train,5to6,0,0.00027760161901824176,0.016941417008638382,0.6060743927955627,0.3751881420612335,0.0015184978256002069,4to5
1103,1104,OADMET-0004986,4.87,train,4to5,2,0.0004939498612657189,0.0007059972267597914,0.5329149961471558,0.4647371470928192,0.001147811533883214,4to5
1104,1105,OADMET-0004985,4.78,train,4to5,4,4.582765541272238e-05,0.01996314711868763,0.7509283423423767,0.22893105447292328,0.00013160350499674678,4to5
1105,1106,OADMET-0004984,5.33,train,5to6,2,0.035945381969213486,0.06903743743896484,0.4130462408065796,0.4681735932826996,0.013797261752188206,5to6
1106,1107,OADMET-0004983,4.65,train,4to5,4,0.0007080711657181382,0.006346873939037323,0.42843031883239746,0.5571685433387756,0.0073461635038256645,5to6
1107,1108,OADMET-0004982,4.47,train,4to5,0,0.0008748081745579839,0.0028916283044964075,0.7740248441696167,0.21377411484718323,0.008434650488197803,4to5
1108,1109,OADMET-0004981,5.53,train,5to6,4,0.00012954701378475875,0.004967956338077784,0.6793118715286255,0.31059813499450684,0.004992506001144648,4to5
1109,1110,OADMET-0004980,5.35,train,5to6,4,0.0018427923787385225,0.00944152008742094,0.1831929236650467,0.8024775385856628,0.003045271150767803,5to6
1110,1111,OADMET-0004979,4.2,train,4to5,0,0.00010409654350951314,0.0008797711925581098,0.7786975502967834,0.22016875445842743,0.0001497821358498186,4to5
1111,1112,OADMET-0004978,5.05,train,5to6,4,0.0013019833713769913,0.011707819998264313,0.786142110824585,0.19968350231647491,0.001164618763141334,4to5
1112,1113,OADMET-0004977,5.33,train,5to6,0,9.781346307136118e-06,0.0003465846530161798,0.20440520346164703,0.78944993019104,0.005788487382233143,5to6
1113,1114,OADMET-0004976,4.56,train,4to5,0,0.001197995850816369,0.04821377247571945,0.8499637842178345,0.10037993639707565,0.0002445313730277121,4to5
1114,1115,OADMET-0004975,4.6,train,4to5,4,0.025308264419436455,0.07021144777536392,0.8041884899139404,0.10018472373485565,0.00010699482663767412,4to5
1115,1116,OADMET-0004974,4.98,train,4to5,0,0.00027581240283325315,0.003807483473792672,0.8916023969650269,0.10381540656089783,0.000498869048897177,4to5
1116,1117,OADMET-0004973,5.21,train,5to6,4,0.0001933393650688231,0.002738883951678872,0.4107186496257782,0.580715537071228,0.005633600056171417,5to6
1117,1118,OADMET-0004972,4.24,train,4to5,0,0.050749555230140686,0.527092456817627,0.3986005485057831,0.02179863676428795,0.0017588079208508134,3to4
1118,1119,OADMET-0004971,4.6,train,4to5,4,0.025133216753602028,0.08959774672985077,0.49898022413253784,0.38170385360717773,0.004584955517202616,4to5
1119,1120,OADMET-0004970,5.22,train,5to6,3,0.0007160226232372224,0.0037649753503501415,0.509658694267273,0.48232385516166687,0.003536463947966695,4to5
1120,1121,OADMET-0004969,4.97,train,4to5,4,1.5439130152117286e-07,1.775698365236167e-05,0.07887295633554459,0.9193135499954224,0.0017956097144633532,5to6
1121,1122,OADMET-0004968,4.73,train,4to5,1,3.761297193705104e-05,0.011022916994988918,0.17181698977947235,0.8116309642791748,0.005491466261446476,5to6
1122,1123,OADMET-0004967,4.8,train,4to5,1,7.432605343637988e-05,0.001652127131819725,0.48453354835510254,0.5130128860473633,0.0007270978530868888,5to6
1123,1124,OADMET-0004966,5.15,train,5to6,1,0.0009660536306910217,0.01171799749135971,0.4878678619861603,0.49773305654525757,0.0017150382045656443,5to6
1124,1125,OADMET-0004965,4.93,train,4to5,0,0.009442233480513096,0.013262744061648846,0.7739972472190857,0.19816413521766663,0.005133708938956261,4to5
1125,1126,OADMET-0004964,5.21,train,5to6,4,3.445927723078057e-05,0.002207797020673752,0.5297331213951111,0.4678601622581482,0.00016448697715532035,4to5
1126,1127,OADMET-0004963,4.78,train,4to5,4,0.00025399294099770486,0.001927144592627883,0.5530566573143005,0.44341200590133667,0.0013501658104360104,4to5
1127,1128,OADMET-0004962,4.27,train,4to5,1,2.7010753910872154e-05,0.002488799626007676,0.530070960521698,0.4615185856819153,0.005894666537642479,4to5
1128,1129,OADMET-0004961,4.67,train,4to5,3,0.0004178849048912525,0.004650761839002371,0.9778131246566772,0.01670941896736622,0.00040877528954297304,4to5
1129,1130,OADMET-0004960,5.39,train,5to6,3,3.4478875932109077e-07,0.00016481945931445807,0.7549498081207275,0.24092619121074677,0.003958814777433872,4to5
1130,1131,OADMET-0004959,4.68,train,4to5,3,0.002452037762850523,0.015868524089455605,0.7115185856819153,0.26711413264274597,0.00304674101062119,4to5
1131,1132,OADMET-0004958,4.97,train,4to5,0,0.0004826326039619744,0.003985439892858267,0.5216109752655029,0.47235196828842163,0.0015689765568822622,4to5
1132,1133,OADMET-0004957,4.95,train,4to5,1,0.00011280965554760769,0.003743278095498681,0.27115586400032043,0.7234774827957153,0.001510583097115159,5to6
1133,1134,OADMET-0004956,5.42,train,5to6,4,0.0005394607433117926,0.014888792298734188,0.45250651240348816,0.5295210480690002,0.002544212155044079,5to6
1134,1135,OADMET-0004955,4.57,train,4to5,3,1.5796291336300783e-05,0.0018490644870325923,0.5892589688301086,0.4085177481174469,0.0003584776713978499,4to5
1135,1136,OADMET-0004954,5.03,train,5to6,0,0.0033709134440869093,0.01992376707494259,0.9099037051200867,0.06487502157688141,0.0019266437739133835,4to5
1136,1137,OADMET-0004953,4.6,train,4to5,4,0.0006410725763998926,0.11821260303258896,0.7931836247444153,0.08788412809371948,7.85523297963664e-05,4to5
1137,1138,OADMET-0004952,5.03,train,5to6,3,2.465103250415268e-07,5.412612881627865e-05,0.13834035396575928,0.8224492073059082,0.03915605694055557,5to6
1138,1139,OADMET-0004951,4.56,train,4to5,0,0.0007576647331006825,0.03851139545440674,0.7402617931365967,0.21830125153064728,0.0021679282654076815,4to5
1139,1140,OADMET-0004950,5.33,train,5to6,3,5.054048233432695e-05,0.0010425427462905645,0.3815554976463318,0.6156466603279114,0.0017047616420313716,5to6
1140,1141,OADMET-0004949,4.9,train,4to5,4,0.00011628603533608839,0.00820885319262743,0.8795344829559326,0.11149252206087112,0.0006477983552031219,4to5
1141,1142,OADMET-0004948,4.54,train,4to5,3,1.351691025774926e-05,0.004092704970389605,0.883925199508667,0.11159510910511017,0.00037350034108385444,4to5
1142,1143,OADMET-0004947,4.89,train,4to5,2,2.6873622118728235e-06,0.0006472601089626551,0.06380647420883179,0.8818243145942688,0.05371931940317154,5to6
1143,1144,OADMET-0004946,4.56,train,4to5,0,0.004108032677322626,0.013739538379013538,0.6417840123176575,0.333366334438324,0.007002077531069517,4to5
1144,1145,OADMET-0004945,5.51,train,5to6,0,0.0006919070729054511,0.0026664496399462223,0.7984963059425354,0.19578419625759125,0.0023611700162291527,4to5
1145,1146,OADMET-0004944,4.37,train,4to5,4,0.00755276856943965,0.08712401241064072,0.8570656180381775,0.04794144257903099,0.00031612973543815315,4to5
1146,1147,OADMET-0004943,5.2,train,5to6,4,3.1849507649894804e-05,0.0007537304772995412,0.11325608938932419,0.8389357328414917,0.047022588551044464,5to6
1147,1148,OADMET-0004942,5.06,train,5to6,4,0.005022352561354637,0.00902935303747654,0.6649631857872009,0.3181689977645874,0.0028160931542515755,4to5
1148,1149,OADMET-0004941,5.24,train,5to6,1,0.000595505814999342,0.00855476874858141,0.698452353477478,0.2880629003047943,0.004334430210292339,4to5
1149,1150,OADMET-0004940,5.67,train,5to6,2,0.00045661957119591534,0.0025328965857625008,0.16318891942501068,0.8299815654754639,0.0038399610202759504,5to6
1150,1151,OADMET-0004939,4.71,train,4to5,4,0.0009999573230743408,0.024521280080080032,0.8537096381187439,0.12068537622690201,8.377827180083841e-05,4to5
1151,1152,OADMET-0004938,5.01,train,5to6,1,0.001845438266173005,0.007293116766959429,0.7566884756088257,0.23316830396652222,0.0010045695817098022,4to5
1152,1153,OADMET-0004937,4.9,train,4to5,1,1.1156828804814722e-05,0.0019941485952585936,0.08412009477615356,0.9114093780517578,0.0024652350693941116,5to6
1153,1154,OADMET-0004936,3.97,train,3to4,2,0.2681238353252411,0.45571112632751465,0.2707532048225403,0.0051660905592143536,0.0002457817899994552,3to4
1154,1155,OADMET-0004935,3.78,train,3to4,1,0.006480371579527855,0.06732230633497238,0.8466286063194275,0.07913197576999664,0.00043676127097569406,4to5
1155,1156,OADMET-0004934,4.83,train,4to5,0,0.001891708467155695,0.05863851308822632,0.6136564016342163,0.3225899636745453,0.0032234257087111473,4to5
1156,1157,OADMET-0004933,5.33,train,5to6,3,0.3294752836227417,0.4110625088214874,0.24971823394298553,0.008958802558481693,0.0007851552800275385,3to4
1157,1158,OADMET-0004932,5.49,train,5to6,1,0.0009495995473116636,0.006737580988556147,0.9217766523361206,0.07025745511054993,0.00027876230888068676,4to5
1158,1159,OADMET-0004931,5.36,train,5to6,2,1.3510161807062104e-06,0.0002666919899638742,0.08226025104522705,0.9149371981620789,0.002534539205953479,5to6
1159,1160,OADMET-0004930,4.1,train,4to5,2,0.008804066106677055,0.055554021149873734,0.8840932250022888,0.05083189159631729,0.000716846261639148,4to5
1160,1161,OADMET-0004929,4.81,train,4to5,2,0.0005770305288024247,0.0007473899167962372,0.9802959561347961,0.01832514815032482,5.4473399359267205e-05,4to5
1161,1162,OADMET-0004928,5.55,train,5to6,0,0.0003056985733564943,0.0003301829274278134,0.24774345755577087,0.6530821323394775,0.09853854775428772,5to6
1162,1163,OADMET-0004927,4.81,train,4to5,1,7.937098416732624e-05,0.002255824627354741,0.47564998269081116,0.5212778449058533,0.0007369364611804485,5to6
1163,1164,OADMET-0004926,5.54,train,5to6,2,0.00011967914906563237,0.0007879233453422785,0.6359259486198425,0.3628561496734619,0.0003102935734204948,4to5
1164,1165,OADMET-0004925,5.2,train,5to6,0,0.0007238667458295822,0.019693847745656967,0.49161389470100403,0.48200926184654236,0.00595912616699934,4to5
1165,1166,OADMET-0004924,4.3,train,4to5,0,0.22961989045143127,0.4211460053920746,0.34637290239334106,0.0028087699320167303,5.2439259889069945e-05,3to4
1166,1167,OADMET-0004923,4.4,train,4to5,0,0.022683728486299515,0.05660105496644974,0.6869979500770569,0.23031295835971832,0.0034043469931930304,4to5
1167,1168,OADMET-0004922,5.34,train,5to6,2,0.0018411979544907808,0.004470189567655325,0.6106559634208679,0.3826833963394165,0.0003491916286293417,4to5
1168,1169,OADMET-0004921,4.72,train,4to5,3,0.004207474645227194,0.05796124041080475,0.8846002817153931,0.052603818476200104,0.00062719383276999,4to5
1169,1170,OADMET-0004920,4.68,train,4to5,2,0.00012111960677430034,0.0013982529053464532,0.48959600925445557,0.5063251256942749,0.002559524727985263,5to6
1170,1171,OADMET-0004919,4.65,train,4to5,0,0.003253224538639188,0.06598091870546341,0.6942141652107239,0.23563723266124725,0.0009145127842202783,4to5
1171,1172,OADMET-0004918,4.53,train,4to5,0,0.01193928811699152,0.08001388609409332,0.7776537537574768,0.12971045076847076,0.0006826505996286869,4to5
1172,1173,OADMET-0004917,4.65,train,4to5,3,0.00019994624017272145,0.0008798448834568262,0.2334926426410675,0.7616227865219116,0.003804808482527733,5to6
1173,1174,OADMET-0004916,4.79,train,4to5,3,4.417019954416901e-05,0.007562106009572744,0.45958060026168823,0.5296472907066345,0.003165862523019314,5to6
1174,1175,OADMET-0004915,5.19,train,5to6,0,0.025553042069077492,0.052603382617235184,0.7561973929405212,0.14205358922481537,0.023592639714479446,4to5
1175,1176,OADMET-0004914,5.16,train,5to6,3,6.238367495825514e-05,0.004931318573653698,0.8759692907333374,0.11878562718629837,0.0002514608495403081,4to5
1176,1177,OADMET-0004913,5.23,train,5to6,2,4.792516392626567e-07,9.595943993190303e-06,0.1646685004234314,0.8330858945846558,0.002235538326203823,5to6
1177,1178,OADMET-0004912,5.47,train,5to6,0,0.051827747374773026,0.06734197586774826,0.8367810249328613,0.041212793439626694,0.0028364562895148993,4to5
1178,1179,OADMET-0004911,5.16,train,5to6,2,2.3658334612264298e-05,0.0022689076140522957,0.0777864009141922,0.8937636017799377,0.026157448068261147,5to6
1179,1180,OADMET-0004910,5.09,train,5to6,2,0.012212025001645088,0.06128298118710518,0.5038630366325378,0.3982170522212982,0.02442493848502636,4to5
1180,1181,OADMET-0004909,5.15,train,5to6,0,0.0006197108305059373,0.005393859930336475,0.9044562578201294,0.08921781927347183,0.0003123641654383391,4to5
1181,1182,OADMET-0004908,5.58,train,5to6,0,1.5451836588908918e-05,0.0017171426443383098,0.6725069284439087,0.31979241967201233,0.005968078505247831,4to5
1182,1183,OADMET-0004907,4.76,train,4to5,2,0.008470764383673668,0.0470949187874794,0.7051501274108887,0.23834025859832764,0.0009439401910640299,4to5
1183,1184,OADMET-0004906,5.1,train,5to6,2,0.00019579973013605922,0.0004910294082947075,0.22709856927394867,0.7658296227455139,0.006385014858096838,5to6
1184,1185,OADMET-0004905,5.08,train,5to6,4,4.341820556419407e-07,0.00027748820139095187,0.09485060721635818,0.897662341594696,0.007209140807390213,5to6
1185,1186,OADMET-0004904,4.86,train,4to5,0,0.004398596007376909,0.02518976666033268,0.6163752675056458,0.3458712697029114,0.008165187202394009,4to5
1186,1187,OADMET-0004903,4.51,train,4to5,0,0.002681461861357093,0.03347587585449219,0.8693175315856934,0.08860956877470016,0.005915594287216663,4to5
1187,1188,OADMET-0004902,4.98,train,4to5,4,4.202842092126957e-07,4.4036671170033514e-05,0.09765462577342987,0.890722393989563,0.011578552424907684,5to6
1188,1189,OADMET-0004901,4.66,train,4to5,4,0.0013167470460757613,0.001842861995100975,0.6468921899795532,0.3489672541618347,0.0009809653274714947,4to5
1189,1190,OADMET-0004900,4.73,train,4to5,2,2.2120055291452445e-05,3.506049688439816e-05,0.033491816371679306,0.960184633731842,0.0062663923017680645,5to6
1190,1191,OADMET-0004899,4.73,train,4to5,4,1.075881937140366e-05,0.0001373374107060954,0.3027689754962921,0.6964370608329773,0.0006459018331952393,5to6
1191,1192,OADMET-0004898,4.56,train,4to5,3,0.0007223179563879967,0.004554922226816416,0.7686135172843933,0.2225770205259323,0.0035322296898812056,4to5
1192,1193,OADMET-0004897,5.12,train,5to6,3,0.0003756072255782783,0.024291638284921646,0.9333319067955017,0.0419352687895298,6.557191227329895e-05,4to5
1193,1194,OADMET-0004896,4.77,train,4to5,2,3.657555396330281e-07,2.7591491743805818e-05,0.16431088745594025,0.8353607058525085,0.00030038200202398,5to6
1194,1195,OADMET-0004895,4.63,train,4to5,0,3.402791480766609e-05,0.005703820381313562,0.6457068920135498,0.3445475697517395,0.0040076677687466145,4to5
1195,1196,OADMET-0004894,4.73,train,4to5,2,0.001823645317927003,0.03622787073254585,0.93244868516922,0.029392801225185394,0.00010707339970394969,4to5
1196,1197,OADMET-0004893,5.17,train,5to6,1,1.5948948203003965e-05,0.0007965292315930128,0.020243454724550247,0.9498196244239807,0.02912445180118084,5to6
1197,1198,OADMET-0004892,5.08,train,5to6,4,0.0032838007900863886,0.3529605567455292,0.2029091715812683,0.4352389872074127,0.005607488565146923,5to6
1198,1199,OADMET-0004891,4.7,train,4to5,0,0.008409639820456505,0.0251455120742321,0.8668617606163025,0.09692051261663437,0.002662645885720849,4to5
1199,1200,OADMET-0004890,4.66,train,4to5,0,0.0012254560133442283,0.012638196349143982,0.7725265622138977,0.21074959635734558,0.002860188949853182,4to5
1200,1201,OADMET-0004889,4.38,train,4to5,4,9.058541036210954e-05,0.003951266873627901,0.5185611844062805,0.47702768445014954,0.00036930813803337514,4to5
1201,1202,OADMET-0004888,4.59,train,4to5,4,0.0189177468419075,0.09731830656528473,0.7705687284469604,0.11256089061498642,0.0006342603592202067,4to5
1202,1203,OADMET-0004887,5.02,train,5to6,4,0.00018823961727321148,0.009178336709737778,0.7517971992492676,0.23835843801498413,0.00047780180466361344,4to5
1203,1204,OADMET-0004886,4.25,train,4to5,2,0.2383035123348236,0.11746401339769363,0.3403645157814026,0.30244746804237366,0.001420501503162086,4to5
1204,1205,OADMET-0004885,4.72,train,4to5,0,0.041779737919569016,0.06480296701192856,0.8610889315605164,0.03220750391483307,0.00012090571544831619,4to5
1205,1206,OADMET-0004884,5.09,train,5to6,1,0.02876274846494198,0.009738355875015259,0.37670594453811646,0.56462562084198,0.02016734890639782,5to6
1206,1207,OADMET-0004883,4.76,train,4to5,2,0.0003507185319904238,0.000847381423227489,0.3251856863498688,0.6710218191146851,0.0025943932123482227,5to6
1207,1208,OADMET-0004882,4.49,train,4to5,0,0.00025596466730348766,0.004023319575935602,0.36387065052986145,0.6216998100280762,0.010150229558348656,5to6
1208,1209,OADMET-0004881,4.42,train,4to5,0,0.0004796474822796881,0.002047800924628973,0.46660274267196655,0.5283900499343872,0.002479806076735258,5to6
1209,1210,OADMET-0004880,4.93,train,4to5,1,0.000512856466230005,0.009367440827190876,0.6523457765579224,0.3357712924480438,0.0020026140846312046,4to5
1210,1211,OADMET-0004879,4.86,train,4to5,1,0.0005258132005110383,0.0036080158315598965,0.6676790714263916,0.32142335176467896,0.006763746030628681,4to5
1211,1212,OADMET-0004878,4.72,train,4to5,0,0.0004833918355870992,0.012198908254504204,0.5295661687850952,0.40279558300971985,0.054955970495939255,4to5
1212,1213,OADMET-0004877,4.11,train,4to5,0,0.010903348214924335,0.09097510576248169,0.555123507976532,0.33464285731315613,0.008355178870260715,4to5
1213,1214,OADMET-0004876,4.8,train,4to5,1,0.001621920964680612,0.0034052052069455385,0.5291457176208496,0.4625820219516754,0.003245105966925621,4to5
1214,1215,OADMET-0004875,4.65,train,4to5,2,0.004053829703480005,0.037812378257513046,0.8940954804420471,0.06396059691905975,7.761978486087173e-05,4to5
1215,1216,OADMET-0004874,4.89,train,4to5,2,0.0002555371029302478,0.005222829524427652,0.15977400541305542,0.8263630270957947,0.00838458351790905,5to6
1216,1217,OADMET-0004873,5.01,train,5to6,2,0.0024702558293938637,0.10313721001148224,0.5929570198059082,0.2915498912334442,0.009885692968964577,4to5
1217,1218,OADMET-0004872,4.77,train,4to5,1,0.009473636746406555,0.045125722885131836,0.40261393785476685,0.5370135307312012,0.005773254670202732,5to6
1218,1219,OADMET-0004871,5.27,train,5to6,0,0.00025931952404789627,0.002015339443460107,0.5972221493721008,0.39584654569625854,0.004656651988625526,4to5
1219,1220,OADMET-0004870,4.79,train,4to5,0,0.00038476361078210175,0.00158288748934865,0.5990527868270874,0.39757171273231506,0.00140785938128829,4to5
1220,1221,OADMET-0004869,4.92,train,4to5,4,0.0004992485046386719,0.003495468758046627,0.670110285282135,0.32550573348999023,0.0003892789245583117,4to5
1221,1222,OADMET-0004868,4.71,train,4to5,1,0.0001570772146806121,0.002888222923502326,0.5042341351509094,0.4714595675468445,0.021260960027575493,4to5
1222,1223,OADMET-0004867,4.05,train,4to5,2,0.005982242524623871,0.019039830192923546,0.5556854009628296,0.41806793212890625,0.001224552746862173,4to5
1223,1224,OADMET-0004866,4.51,train,4to5,1,0.0005390613805502653,0.0036462321877479553,0.42331206798553467,0.5685701370239258,0.003932464402168989,5to6
1224,1225,OADMET-0004865,5.37,train,5to6,4,0.00013547681737691164,0.008675554767251015,0.5949908494949341,0.3933752179145813,0.0028228918090462685,4to5
1225,1226,OADMET-0004864,4.2,train,4to5,4,0.00041335803689435124,0.0013538897037506104,0.3895970582962036,0.6041029095649719,0.0045327856205403805,5to6
1226,1227,OADMET-0004863,4.9,train,4to5,0,0.0009417945984750986,0.031219391152262688,0.2887064218521118,0.6633538603782654,0.015778595581650734,5to6
1227,1228,OADMET-0004862,4.54,train,4to5,3,0.00020583999867085367,0.02941237762570381,0.8446779847145081,0.12493926286697388,0.0007645540172234178,4to5
1228,1229,OADMET-0004861,5.52,train,5to6,2,6.239291906240396e-06,0.026193058118224144,0.37435057759284973,0.59798663854599,0.001463482971303165,5to6
1229,1230,OADMET-0004860,4.22,train,4to5,1,0.00024739978834986687,0.0019449492683634162,0.923753559589386,0.07394406199455261,0.000110056389530655,4to5
1230,1231,OADMET-0004859,5.29,train,5to6,4,7.980775262694806e-05,0.001179836574010551,0.5088676810264587,0.48909902572631836,0.0007736568222753704,4to5
1231,1232,OADMET-0004858,5.27,train,5to6,4,0.029290499165654182,0.020324451848864555,0.37834298610687256,0.5566537380218506,0.015388298779726028,5to6
1232,1233,OADMET-0004857,4.97,train,4to5,1,5.950082777417265e-05,0.015296872705221176,0.8101147413253784,0.17420616745948792,0.00032264189212583005,4to5
1233,1234,OADMET-0004856,4.49,train,4to5,2,0.00174165447242558,0.034203991293907166,0.9497234225273132,0.014309084042906761,2.184842924179975e-05,4to5
1234,1235,OADMET-0004855,4.97,train,4to5,3,0.04707701876759529,0.06048661842942238,0.8564459085464478,0.033947017043828964,0.002043511951342225,4to5
1235,1236,OADMET-0004854,4.05,train,4to5,4,0.00018473701493348926,0.0017663033213466406,0.7270829081535339,0.2696147859096527,0.001351296785287559,4to5
1236,1237,OADMET-0004853,4.37,train,4to5,3,0.000780175207182765,0.04363324120640755,0.9200205206871033,0.03552044555544853,4.5640663302037865e-05,4to5
1237,1238,OADMET-0004852,5.61,train,5to6,2,0.024934398010373116,0.09416215866804123,0.8184255361557007,0.06229497492313385,0.0001829725079005584,4to5
1238,1239,OADMET-0004851,4.86,train,4to5,4,0.006631586235016584,0.11799352616071701,0.842846691608429,0.0320451557636261,0.000482984323753044,4to5
1239,1240,OADMET-0004850,5.0,train,4to5,1,8.577261496611754e-07,0.00020277136354707181,0.25233912467956543,0.7456356883049011,0.0018215257441625,5to6
1240,1241,OADMET-0004849,4.3,train,4to5,2,0.001860327902249992,0.13230782747268677,0.7040383219718933,0.1607963889837265,0.0009971520630642772,4to5
1241,1242,OADMET-0004848,4.81,train,4to5,2,1.056325163517613e-05,0.0008376055047847331,0.12023990601301193,0.8713155388832092,0.007596404757350683,5to6
1242,1243,OADMET-0004847,4.48,train,4to5,0,8.88916983967647e-05,0.002273433143272996,0.4968022406101227,0.49616777896881104,0.0046676392666995525,4to5
1243,1244,OADMET-0004846,4.95,train,4to5,0,2.4098739231703803e-05,0.003969631623476744,0.3103572726249695,0.6590803265571594,0.026568684726953506,5to6
1244,1245,OADMET-0004845,5.4,train,5to6,2,0.0018869570922106504,0.00327489897608757,0.08966722339391708,0.9013190865516663,0.0038518563378602266,5to6
1245,1246,OADMET-0004844,5.37,train,5to6,0,2.2256781448959373e-06,0.00017846396076492965,0.1408330202102661,0.8561668395996094,0.0028194047044962645,5to6
1246,1247,OADMET-0004843,5.24,train,5to6,4,0.35397642850875854,0.368620902299881,0.26037171483039856,0.015902964398264885,0.0011280251201242208,3to4
1247,1248,OADMET-0004842,5.11,train,5to6,2,0.001616783789359033,0.005116618238389492,0.2185286581516266,0.7565037608146667,0.018234122544527054,5to6
1248,1249,OADMET-0004841,5.41,train,5to6,0,0.00519725913181901,0.008785088546574116,0.6756068468093872,0.30387210845947266,0.006538697984069586,4to5
1249,1250,OADMET-0004840,4.95,train,4to5,0,0.0007262228755280375,0.010837958194315434,0.6888325810432434,0.29843395948410034,0.0011692726984620094,4to5
1250,1251,OADMET-0004839,5.06,train,5to6,2,0.01609155535697937,0.22631897032260895,0.6497398614883423,0.1071687564253807,0.0006808535545133054,4to5
1251,1252,OADMET-0004838,5.09,train,5to6,2,0.0005770406569354236,0.0014845359837636352,0.8843566179275513,0.11329083144664764,0.0002909496834035963,4to5
1252,1253,OADMET-0004837,5.37,train,5to6,2,1.6329944628523663e-05,0.00015515390259679407,0.466182142496109,0.5325102210044861,0.0011361781507730484,5to6
1253,1254,OADMET-0004836,4.11,train,4to5,0,0.013452067971229553,0.12233448773622513,0.6370696425437927,0.22302888333797455,0.004114901646971703,4to5
1254,1255,OADMET-0004835,5.28,train,5to6,0,0.00011907233420060948,0.005306726787239313,0.7606630325317383,0.23333841562271118,0.0005727331154048443,4to5
1255,1256,OADMET-0004834,4.64,train,4to5,0,0.0017540357075631618,0.05310956761240959,0.4993877112865448,0.4403854012489319,0.005363299511373043,4to5
1256,1257,OADMET-0004833,5.21,train,5to6,3,1.8190663467976265e-05,0.00029475337942130864,0.22472868859767914,0.7386326789855957,0.03632570430636406,5to6
1257,1258,OADMET-0004832,4.81,train,4to5,0,0.0027052932418882847,0.019261786714196205,0.8059364557266235,0.16805626451969147,0.004040229599922895,4to5
1258,1259,OADMET-0004831,4.42,train,4to5,3,5.197539576329291e-05,0.0005056079244241118,0.628725528717041,0.369794636964798,0.0009222300141118467,4to5
1259,1260,OADMET-0004830,4.67,train,4to5,2,0.0001369241945212707,0.10248138010501862,0.7481991648674011,0.14807376265525818,0.0011087575694546103,4to5
1260,1261,OADMET-0004829,4.49,train,4to5,3,0.08071199059486389,0.2069447934627533,0.7045695781707764,0.007685281336307526,8.83052489371039e-05,4to5
1261,1262,OADMET-0004828,4.46,train,4to5,0,0.0031134416349232197,0.011326577514410019,0.48612120747566223,0.4783598780632019,0.021078888326883316,4to5
1262,1263,OADMET-0004827,4.97,train,4to5,0,0.000288758659735322,0.003429219825193286,0.7647885680198669,0.22401641309261322,0.007477076258510351,4to5
1263,1264,OADMET-0004826,5.03,train,5to6,2,0.03432755917310715,0.593906581401825,0.3612183928489685,0.010519181378185749,2.8274807846173644e-05,3to4
1264,1265,OADMET-0004825,5.3,train,5to6,1,0.00024789056624285877,0.007255998440086842,0.7424394488334656,0.24762526154518127,0.0024314310867339373,4to5
1265,1266,OADMET-0004824,4.13,train,4to5,1,0.0028077743481844664,0.005915370304137468,0.6857995390892029,0.29718929529190063,0.008288027718663216,4to5
1266,1267,OADMET-0004823,4.24,train,4to5,1,5.781041181762703e-06,0.0003761820844374597,0.07280375808477402,0.9245469570159912,0.0022673120256513357,5to6
1267,1268,OADMET-0004822,3.92,train,3to4,4,0.00205476232804358,0.28522875905036926,0.48237907886505127,0.22790677845478058,0.002430634805932641,4to5
1268,1269,OADMET-0004821,4.73,train,4to5,3,1.181276275019627e-06,6.457760173361748e-05,0.12419029325246811,0.8706141710281372,0.005129767116159201,5to6
1269,1270,OADMET-0004820,4.93,train,4to5,0,0.0011766417883336544,0.0063490355387330055,0.9834746718406677,0.008892832323908806,0.00010683479194995016,4to5
1270,1271,OADMET-0004819,4.63,train,4to5,4,0.25632646679878235,0.6596481800079346,0.0836515948176384,0.0003620315692387521,1.1742323295038659e-05,3to4
1271,1272,OADMET-0004818,4.88,train,4to5,2,0.010377245955169201,0.17078693211078644,0.6875897645950317,0.13064393401145935,0.0006021864828653634,4to5
1272,1273,OADMET-0004817,4.78,train,4to5,1,0.0002653599367477,0.005434679798781872,0.6128385066986084,0.37824684381484985,0.003214573720470071,4to5
1273,1274,OADMET-0004816,4.64,train,4to5,4,1.2612648561116657e-06,1.958762004505843e-05,0.018208131194114685,0.9728183746337891,0.008952561765909195,5to6
1274,1275,OADMET-0004815,4.8,train,4to5,3,6.127612141426653e-05,0.01884465105831623,0.9269103407859802,0.05386039614677429,0.0003232788876630366,4to5
1275,1276,OADMET-0004814,4.83,train,4to5,0,0.00441594235599041,0.11120946705341339,0.6632845997810364,0.2180582582950592,0.0030317578930407763,4to5
1276,1277,OADMET-0004813,5.17,train,5to6,1,1.9387368155321383e-08,4.533638730208622e-06,0.014162098057568073,0.9853529930114746,0.00048036256339401007,5to6
1277,1278,OADMET-0004812,4.72,train,4to5,2,0.0008883475093171,0.012088671326637268,0.8095893859863281,0.17721161246299744,0.00022198481019586325,4to5
1278,1279,OADMET-0004811,4.76,train,4to5,0,0.01923198439180851,0.03337309509515762,0.8019545674324036,0.14502675831317902,0.00041361371404491365,4to5
1279,1280,OADMET-0004810,4.49,train,4to5,2,0.4213806688785553,0.33843496441841125,0.21971231698989868,0.02028222382068634,0.0001898204063763842,lt3
1280,1281,OADMET-0004809,4.53,train,4to5,4,0.015413578599691391,0.0550968162715435,0.9226516485214233,0.006722593680024147,0.00011540801642695442,4to5
1281,1282,OADMET-0004808,4.51,train,4to5,4,0.004905841313302517,0.01156398095190525,0.6550626754760742,0.326555073261261,0.0019124519312754273,4to5
1282,1283,OADMET-0004807,4.59,train,4to5,4,0.004096873104572296,0.030832190066576004,0.837285041809082,0.12668119370937347,0.0011047245934605598,4to5
1283,1284,OADMET-0004806,4.11,train,4to5,0,0.20135074853897095,0.5758004784584045,0.1880294233560562,0.0340455025434494,0.0007737452397122979,3to4
1284,1285,OADMET-0004805,5.0,train,4to5,0,0.000946081941947341,0.012872181832790375,0.7686228156089783,0.13979370892047882,0.07776521146297455,4to5
1285,1286,OADMET-0004804,4.67,train,4to5,2,0.003054039552807808,0.008515256457030773,0.07865998893976212,0.8994127511978149,0.01035800389945507,5to6
1286,1287,OADMET-0004803,5.2,train,5to6,4,4.731848093797453e-05,0.0010708009358495474,0.6179763078689575,0.3795786201953888,0.0013269499177113175,4to5
1287,1288,OADMET-0004802,4.67,train,4to5,0,0.066542848944664,0.15663626790046692,0.7175971269607544,0.05867908522486687,0.0005446717841550708,4to5
1288,1289,OADMET-0004801,4.99,train,4to5,2,6.523882620967925e-05,0.004190996754914522,0.37812283635139465,0.615375816822052,0.0022450219839811325,5to6
1289,1290,OADMET-0004800,4.44,train,4to5,2,2.3789621991454624e-05,0.002621844643726945,0.39700162410736084,0.5986645817756653,0.001688134390860796,5to6
1290,1291,OADMET-0004799,5.38,train,5to6,2,2.9365275622694753e-05,0.0001655669475439936,0.37742868065834045,0.6216463446617126,0.0007300308789126575,5to6
1291,1292,OADMET-0004798,4.63,train,4to5,3,1.2009736565232743e-05,0.0022612030152231455,0.49187400937080383,0.505090057849884,0.0007627340382896364,5to6
1292,1293,OADMET-0004797,5.19,train,5to6,1,8.775261903792853e-07,0.00024046409816946834,0.034654878079891205,0.9430451393127441,0.022058704867959023,5to6
1293,1294,OADMET-0004796,4.72,train,4to5,3,0.9001449346542358,0.09500549733638763,0.002775919158011675,0.0010879560140892863,0.000985686550848186,lt3
1294,1295,OADMET-0004795,4.66,train,4to5,2,0.00021152289991732687,0.002367222448810935,0.6604849100112915,0.3012470304965973,0.03568938001990318,4to5
1295,1296,OADMET-0004794,4.58,train,4to5,2,0.001577549846842885,0.0010388066293671727,0.7030717730522156,0.28665250539779663,0.007659353781491518,4to5
1296,1297,OADMET-0004793,4.66,train,4to5,0,0.0034339679405093193,0.025626908987760544,0.6592332124710083,0.3089018762111664,0.0028040476609021425,4to5
1297,1298,OADMET-0004792,4.04,train,4to5,1,0.0006714065093547106,0.026267044246196747,0.7738842368125916,0.19891342520713806,0.0002639171143528074,4to5
1298,1299,OADMET-0004791,4.79,train,4to5,0,0.008831363171339035,0.004344136919826269,0.6813673377037048,0.295379638671875,0.010077516548335552,4to5
1299,1300,OADMET-0004790,5.31,train,5to6,2,0.0070103188045322895,0.17593270540237427,0.7554508447647095,0.06121305376291275,0.0003930357052013278,4to5
1300,1301,OADMET-0004789,5.06,train,5to6,2,7.081934745656326e-05,0.00023888176656328142,0.13886894285678864,0.8563652634620667,0.004456141032278538,5to6
1301,1302,OADMET-0004788,5.12,train,5to6,1,3.31433184328489e-05,0.0002728929102886468,0.8040424585342407,0.19536642730236053,0.00028512004064396024,4to5
1302,1303,OADMET-0004787,4.75,train,4to5,3,3.3294477361778263e-06,0.0014143212465569377,0.729026198387146,0.2691415250301361,0.0004145996063016355,4to5
1303,1304,OADMET-0004786,5.01,train,5to6,4,2.2968552571001055e-07,2.6857185730477795e-05,0.5750307440757751,0.424845814704895,9.640821372158825e-05,4to5
1304,1305,OADMET-0004785,4.37,train,4to5,4,2.7216560738452245e-06,3.761023617698811e-05,0.2640456557273865,0.7357606291770935,0.00015345041174441576,5to6
1305,1306,OADMET-0004784,4.73,train,4to5,1,0.006257686764001846,0.4129239618778229,0.4577276408672333,0.12230879068374634,0.0007819461170583963,4to5
1306,1307,OADMET-0004783,4.91,train,4to5,4,0.00020877701172139496,0.006495608948171139,0.490721195936203,0.5004767775535583,0.0020975922234356403,5to6
1307,1308,OADMET-0004782,4.22,train,4to5,4,0.0011601678561419249,0.016599059104919434,0.8730335235595703,0.10897233337163925,0.00023494318884331733,4to5
1308,1309,OADMET-0004781,4.7,train,4to5,0,0.0033135688863694668,0.01896972954273224,0.7221739292144775,0.2538830041885376,0.0016597893554717302,4to5
1309,1310,OADMET-0004780,5.58,train,5to6,0,0.0089450404047966,0.18782319128513336,0.572834849357605,0.2119389772415161,0.0184579286724329,4to5
1310,1311,OADMET-0004779,4.93,train,4to5,0,0.015312164090573788,0.0812293067574501,0.6105911731719971,0.2910725474357605,0.0017948811873793602,4to5
1311,1312,OADMET-0004778,4.74,train,4to5,0,0.003606668673455715,0.012054000981152058,0.5881627202033997,0.37654268741607666,0.019633958116173744,4to5
1312,1313,OADMET-0004777,4.93,train,4to5,1,7.815270510036498e-05,0.0005749206175096333,0.06836776435375214,0.8879389762878418,0.043040189892053604,5to6
1313,1314,OADMET-0004776,4.98,train,4to5,0,1.1377605005691294e-05,0.008052116259932518,0.586885392665863,0.3960806727409363,0.008970430120825768,4to5
1314,1315,OADMET-0004775,5.16,train,5to6,4,0.013702795840799809,0.037279654294252396,0.8083123564720154,0.1298067569732666,0.010898420587182045,4to5
1315,1316,OADMET-0004774,4.72,train,4to5,3,0.00014361555804498494,0.002659071935340762,0.6783518195152283,0.3170279562473297,0.0018175557488575578,4to5
1316,1317,OADMET-0004773,4.76,train,4to5,2,0.00531897135078907,0.027424819767475128,0.5136241912841797,0.44780445098876953,0.005827536340802908,4to5
1317,1318,OADMET-0004772,4.68,train,4to5,4,0.00028833874966949224,0.012761849910020828,0.9366686940193176,0.05010733753442764,0.00017371673311572522,4to5
1318,1319,OADMET-0004771,4.63,train,4to5,0,0.14114274084568024,0.0411524623632431,0.7725040912628174,0.044166676700115204,0.0010340317385271192,4to5
1319,1320,OADMET-0004770,4.15,train,4to5,2,0.0030782974790781736,0.008220533840358257,0.522403359413147,0.4616965651512146,0.00460128765553236,4to5
1320,1321,OADMET-0004769,4.76,train,4to5,0,0.349849134683609,0.523182213306427,0.11521901190280914,0.009508996270596981,0.0022407432552427053,3to4
1321,1322,OADMET-0004768,4.58,train,4to5,4,4.217403329676017e-05,0.0004103737883269787,0.2399410754442215,0.7589017748832703,0.0007046391838230193,5to6
1322,1323,OADMET-0004767,5.32,train,5to6,1,0.1193399429321289,0.04361112415790558,0.5064684748649597,0.31923049688339233,0.011349902488291264,4to5
1323,1324,OADMET-0004766,3.97,train,3to4,1,9.371471969643608e-05,0.014333931729197502,0.4650803208351135,0.5145738124847412,0.005918157286942005,5to6
1324,1325,OADMET-0004765,4.85,train,4to5,3,0.0002951562055386603,0.015455421060323715,0.8357760906219482,0.1474091112613678,0.0010642074048519135,4to5
1325,1326,OADMET-0004764,4.95,train,4to5,0,0.006290154997259378,0.010599000379443169,0.8520268797874451,0.13082529604434967,0.000258694461081177,4to5
1326,1327,OADMET-0004763,4.91,train,4to5,3,3.180245766998269e-05,0.0021176983136683702,0.9251712560653687,0.07234223932027817,0.00033702232758514583,4to5
1327,1328,OADMET-0004762,4.8,train,4to5,3,8.128368449433765e-07,0.00044543948024511337,0.27379271388053894,0.7245141267776489,0.0012469009961932898,5to6
1328,1329,OADMET-0004761,4.61,train,4to5,1,6.384758307831362e-05,0.0033128210343420506,0.7137945890426636,0.27945592999458313,0.0033728762064129114,4to5
1329,1330,OADMET-0004760,5.27,train,5to6,0,0.0022795291151851416,0.2711525559425354,0.47835808992385864,0.23599174618721008,0.01221808884292841,4to5
1330,1331,OADMET-0004759,4.96,train,4to5,1,1.1764548162318533e-06,0.00013760356523562223,0.3229978084564209,0.6752031445503235,0.0016602235846221447,5to6
1331,1332,OADMET-0004758,4.96,train,4to5,2,0.00018598623864818364,0.0006561570335179567,0.22815309464931488,0.7648804783821106,0.006124300416558981,5to6
1332,1333,OADMET-0004757,4.55,train,4to5,4,2.0207762645441107e-06,2.2031137632438913e-05,0.05562850087881088,0.9209490418434143,0.02339843101799488,5to6
1333,1334,OADMET-0004756,4.5,train,4to5,4,6.898772699059919e-05,0.001302662887610495,0.5245352983474731,0.47262126207351685,0.0014718429883942008,4to5
1334,1335,OADMET-0004755,5.18,train,5to6,4,8.399458693020279e-07,1.2235280337336008e-05,0.02838103286921978,0.9635457992553711,0.008060125634074211,5to6
1335,1336,OADMET-0004754,4.82,train,4to5,2,0.010225464589893818,0.07302556931972504,0.627243161201477,0.28354233503341675,0.005963499192148447,4to5
1336,1337,OADMET-0004753,5.06,train,5to6,3,5.443227564683184e-05,0.010050985030829906,0.7388154864311218,0.2472209632396698,0.0038581592962145805,4to5
1337,1338,OADMET-0004752,4.45,train,4to5,1,0.0008490341133438051,0.02294280007481575,0.6311438679695129,0.3436409831047058,0.0014233440160751343,4to5
1338,1339,OADMET-0004751,4.99,train,4to5,4,0.001015050569549203,0.5494595766067505,0.36965012550354004,0.07962960004806519,0.0002456645015627146,3to4
1339,1340,OADMET-0004750,3.92,train,3to4,0,0.01600269414484501,0.21869544684886932,0.7033605575561523,0.05750682204961777,0.0044344887137413025,4to5
1340,1341,OADMET-0004749,4.26,train,4to5,0,0.00129877426661551,0.06412670761346817,0.7280441522598267,0.20447029173374176,0.002060139551758766,4to5
1341,1342,OADMET-0004748,5.11,train,5to6,0,0.0063705709762871265,0.012918258085846901,0.6900453567504883,0.2822648882865906,0.008400858379900455,4to5
1342,1343,OADMET-0004747,4.69,train,4to5,4,0.0011514173820614815,0.006215682253241539,0.9314912557601929,0.0611114427447319,3.0225983209675178e-05,4to5
1343,1344,OADMET-0004746,5.04,train,5to6,1,0.000457286078017205,0.016160300001502037,0.7434476613998413,0.23918013274669647,0.0007546584820374846,4to5
1344,1345,OADMET-0004745,4.35,train,4to5,2,0.011789515614509583,0.07530395686626434,0.8911411166191101,0.021729327738285065,3.608066253946163e-05,4to5
1345,1346,OADMET-0004744,4.4,train,4to5,3,0.0001177463709609583,0.010449605993926525,0.7670633792877197,0.21512500941753387,0.00724426144734025,4to5
1346,1347,OADMET-0004743,4.97,train,4to5,2,0.005802500061690807,0.08567886054515839,0.8479750752449036,0.06051461026072502,2.894978752010502e-05,4to5
1347,1348,OADMET-0004742,4.98,train,4to5,1,0.0002030117902904749,0.005993782542645931,0.4778461754322052,0.5137820243835449,0.0021750335581600666,5to6
1348,1349,OADMET-0004741,4.94,train,4to5,1,0.0013996610650792718,0.008373326621949673,0.6937218904495239,0.2961067855358124,0.00039838007069192827,4to5
1349,1350,OADMET-0004740,4.81,train,4to5,1,0.09732864052057266,0.5474265217781067,0.3158870041370392,0.03635144978761673,0.003006360959261656,3to4
1350,1351,OADMET-0004739,4.77,train,4to5,0,0.00042921624844893813,0.017413649708032608,0.48275384306907654,0.48302146792411804,0.016381829977035522,5to6
1351,1352,OADMET-0004738,4.31,train,4to5,3,0.11229460686445236,0.39088332653045654,0.48728519678115845,0.008488068357110023,0.001048811012879014,4to5
1352,1353,OADMET-0004737,4.78,train,4to5,1,0.005778783932328224,0.02243959717452526,0.4625345766544342,0.5048407912254333,0.004406174644827843,5to6
1353,1354,OADMET-0004736,4.33,train,4to5,1,0.012512795627117157,0.026254912838339806,0.8909183740615845,0.06975632905960083,0.0005575766554102302,4to5
1354,1355,OADMET-0004735,4.25,train,4to5,1,8.124369742290583e-06,0.005928766448050737,0.16727815568447113,0.8221208453178406,0.00466413889080286,5to6
1355,1356,OADMET-0004734,4.61,train,4to5,2,0.0006350566982291639,0.003155115060508251,0.5385764837265015,0.45116695761680603,0.006466428283601999,4to5
1356,1357,OADMET-0004733,4.23,train,4to5,3,0.001846208586357534,0.06676007062196732,0.8278533816337585,0.10149510949850082,0.00204529520124197,4to5
1357,1358,OADMET-0004732,4.95,train,4to5,2,3.139131422358332e-06,0.0015272076707333326,0.343733549118042,0.6543427109718323,0.0003934729320462793,5to6
1358,1359,OADMET-0004731,5.25,train,5to6,0,0.003431102726608515,0.03352087363600731,0.8340018391609192,0.12804612517356873,0.0010000751353800297,4to5
1359,1360,OADMET-0004730,5.33,train,5to6,0,0.0014838181668892503,0.03130081668496132,0.29628026485443115,0.576824963092804,0.09411009401082993,5to6
1360,1361,OADMET-0004729,3.95,train,3to4,1,0.005332968197762966,0.09195521473884583,0.7812714576721191,0.11828269064426422,0.0031576063483953476,4to5
1361,1362,OADMET-0004728,4.34,train,4to5,0,0.0036639419849961996,0.013026498258113861,0.9553048014640808,0.027875568717718124,0.00012925580085720867,4to5
1362,1363,OADMET-0004727,5.01,train,5to6,0,0.0006749712047167122,0.04808197543025017,0.6634445786476135,0.2829609513282776,0.004837592598050833,4to5
1363,1364,OADMET-0004726,4.89,train,4to5,0,0.00021581645705737174,0.0009285988635383546,0.6039855480194092,0.39243510365486145,0.0024349926970899105,4to5
1364,1365,OADMET-0004725,4.38,train,4to5,3,1.3133588254277129e-05,0.0020099864341318607,0.4303535521030426,0.5643768310546875,0.0032464927062392235,5to6
1365,1366,OADMET-0004724,4.43,train,4to5,2,1.4611895494454075e-05,0.0011805741814896464,0.22846615314483643,0.7671449780464172,0.0031936033628880978,5to6
1366,1367,OADMET-0004723,4.31,train,4to5,0,0.009936342015862465,0.007924164645373821,0.9332817792892456,0.04845350608229637,0.0004042362270411104,4to5
1367,1368,OADMET-0004722,4.49,train,4to5,4,5.916580221310141e-07,0.00014304456999525428,0.11229575425386429,0.8865939378738403,0.0009666422847658396,5to6
1368,1369,OADMET-0004721,5.41,train,5to6,0,0.0007869632099755108,0.012345680966973305,0.8269234299659729,0.15776170790195465,0.0021822855342179537,4to5
1369,1370,OADMET-0004720,4.59,train,4to5,0,0.03950159624218941,0.15829233825206757,0.7058479189872742,0.09592203050851822,0.0004361082683317363,4to5
1370,1371,OADMET-0004719,4.64,train,4to5,4,9.629885607864708e-05,0.01251138374209404,0.3796252906322479,0.6066719889640808,0.001095035346224904,5to6
1371,1372,OADMET-0004718,4.38,train,4to5,1,0.0003638178459368646,0.0046373773366212845,0.5436150431632996,0.41956421732902527,0.031819604337215424,4to5
1372,1373,OADMET-0004717,4.68,train,4to5,1,0.0015479724388569593,0.09782752394676208,0.8705523014068604,0.02997640147805214,9.58082455326803e-05,4to5
1373,1374,OADMET-0004716,4.29,train,4to5,3,0.27157101035118103,0.6085107326507568,0.10704793781042099,0.012640170753002167,0.00023011879238765687,3to4
1374,1375,OADMET-0004715,5.04,train,5to6,2,0.001479410333558917,0.022415878251194954,0.36236634850502014,0.6106896996498108,0.003048692364245653,5to6
1375,1376,OADMET-0004714,4.41,train,4to5,1,0.0033576071728020906,0.005960020702332258,0.8988350033760071,0.0900079682469368,0.0018393958453088999,4to5
1376,1377,OADMET-0004713,3.82,train,3to4,2,0.0018883475568145514,0.01595572754740715,0.6385359168052673,0.34085410833358765,0.0027658878825604916,4to5
1377,1378,OADMET-0004712,4.39,train,4to5,1,0.0002723931975197047,0.007651336956769228,0.4109167456626892,0.5727177858352661,0.008441721089184284,5to6
1378,1379,OADMET-0004711,4.9,train,4to5,4,0.00030301642254926264,0.00359682971611619,0.5174531936645508,0.4767818748950958,0.0018650427227839828,4to5
1379,1380,OADMET-0004710,4.56,train,4to5,3,0.19148169457912445,0.573592483997345,0.20437361299991608,0.029043149203062057,0.001509058871306479,3to4
1380,1381,OADMET-0004709,4.48,train,4to5,3,0.0829484611749649,0.31042951345443726,0.6005217432975769,0.005819656420499086,0.0002806934353429824,4to5
1381,1382,OADMET-0004708,4.97,train,4to5,1,0.00041386322118341923,0.004004005808383226,0.2264469563961029,0.7479925751686096,0.0211426243185997,5to6
1382,1383,OADMET-0004707,4.93,train,4to5,4,1.0590439813995545e-07,2.725275294324092e-07,0.03578944876790047,0.963044285774231,0.0011658411240205169,5to6
1383,1384,OADMET-0004706,4.44,train,4to5,1,0.001151992124505341,0.011154763400554657,0.6094805598258972,0.37772607803344727,0.00048662119661457837,4to5
1384,1385,OADMET-0004705,4.66,train,4to5,1,6.584477523574606e-05,0.002752331318333745,0.14559420943260193,0.8445659875869751,0.0070215980522334576,5to6
1385,1386,OADMET-0004704,4.75,train,4to5,0,0.0004258891858626157,0.0028539237100631,0.4784533977508545,0.5171562433242798,0.0011106111342087388,5to6
1386,1387,OADMET-0004703,4.79,train,4to5,0,0.0017741310875862837,0.008355719037353992,0.9209738969802856,0.0685431957244873,0.00035303118056617677,4to5
1387,1388,OADMET-0004702,4.85,train,4to5,3,0.0834936648607254,0.3150961399078369,0.5675371885299683,0.03161856532096863,0.0022543794475495815,4to5
1388,1389,OADMET-0004701,4.89,train,4to5,2,0.00023493003391195089,0.0017995419912040234,0.26961591839790344,0.7270911931991577,0.0012583720963448286,5to6
1389,1390,OADMET-0004700,5.36,train,5to6,4,0.0003041968448087573,0.0027223217766731977,0.6246975660324097,0.3706181049346924,0.0016578056383877993,4to5
1390,1391,OADMET-0004699,5.04,train,5to6,3,0.0002587328781373799,0.008073722012341022,0.4744199216365814,0.5023798942565918,0.014867722988128662,5to6
1391,1392,OADMET-0004698,4.23,train,4to5,1,0.001085139811038971,0.018225809559226036,0.8333020210266113,0.1470329910516739,0.00035409387783147395,4to5
1392,1393,OADMET-0004697,5.03,train,5to6,3,0.0007533910102210939,0.0246263537555933,0.652405858039856,0.3015366494655609,0.02067776955664158,4to5
1393,1394,OADMET-0004696,4.21,train,4to5,0,0.013579699210822582,0.10956519097089767,0.7294710874557495,0.14600984752178192,0.001374212559312582,4to5
1394,1395,OADMET-0004695,5.2,train,5to6,0,0.0010843946365639567,0.07230807840824127,0.8157896399497986,0.11056161671876907,0.00025627727154642344,4to5
1395,1396,OADMET-0004694,4.76,train,4to5,0,0.022665739059448242,0.08647547662258148,0.7045713663101196,0.1701076328754425,0.016179809346795082,4to5
1396,1397,OADMET-0004693,4.66,train,4to5,2,0.00018586765509098768,0.0005125900497660041,0.10981045663356781,0.884238600730896,0.005252464674413204,5to6
1397,1398,OADMET-0004692,4.35,train,4to5,0,0.0019809878431260586,0.03389629349112511,0.9479289054870605,0.01616726629436016,2.6509937015362084e-05,4to5
1398,1399,OADMET-0004691,4.13,train,4to5,2,0.00010598414519336075,0.0030255760066211224,0.5561735033988953,0.4398482143878937,0.0008467366569675505,4to5
1399,1400,OADMET-0004690,4.79,train,4to5,0,0.00338759901933372,0.011827727779746056,0.6713762879371643,0.3090076148509979,0.00440074922516942,4to5
1400,1401,OADMET-0004689,4.22,train,4to5,2,8.077159691310953e-06,0.0007259763078764081,0.7687773108482361,0.230312317609787,0.00017629536159802228,4to5
1401,1402,OADMET-0004688,4.48,train,4to5,2,0.029975445941090584,0.044391971081495285,0.8653576970100403,0.05983639881014824,0.0004385007487144321,4to5
1402,1403,OADMET-0004687,4.05,train,4to5,2,0.0001941835362231359,0.0020561288110911846,0.30288589000701904,0.6879748702049255,0.00688897306099534,5to6
1403,1404,OADMET-0004686,4.89,train,4to5,0,0.00010466766252648085,0.0002164969191653654,0.5285913348197937,0.4345828592777252,0.03650464117527008,4to5
1404,1405,OADMET-0004685,4.63,train,4to5,3,1.9187928046449088e-05,0.0004237969114910811,0.980614960193634,0.01888561062514782,5.649093145621009e-05,4to5
1405,1406,OADMET-0004684,5.0,train,4to5,0,0.0018542007310315967,0.0007815103163011372,0.45229044556617737,0.5265479683876038,0.01852579228579998,5to6
1406,1407,OADMET-0004683,5.31,train,5to6,2,0.027108358219265938,0.10914445668458939,0.75127774477005,0.11204175651073456,0.00042768867569975555,4to5
1407,1408,OADMET-0004682,4.88,train,4to5,4,0.0003606788523029536,0.002304811729118228,0.7325096130371094,0.26459887623786926,0.0002260289911646396,4to5
1408,1409,OADMET-0004681,4.84,train,4to5,1,0.0003324095159769058,0.001733099576085806,0.5262807011604309,0.4641355872154236,0.007518239784985781,4to5
1409,1410,OADMET-0004680,5.15,train,5to6,2,0.013639001175761223,0.14125162363052368,0.7917208075523376,0.05299421772360802,0.00039426214061677456,4to5
1410,1411,OADMET-0004679,5.23,train,5to6,3,0.00037558903568424284,0.007320673670619726,0.6628140807151794,0.32788699865341187,0.0016027347883209586,4to5
1411,1412,OADMET-0004678,5.08,train,5to6,3,6.264133844524622e-05,0.007448412012308836,0.7566530108451843,0.2319079041481018,0.003927909303456545,4to5
1412,1413,OADMET-0004677,3.93,train,3to4,4,0.07340041548013687,0.8181973695755005,0.10545197874307632,0.0022388757206499577,0.0007113440078683197,3to4
1413,1414,OADMET-0004673,4.78,train,4to5,2,0.5725621581077576,0.42544734477996826,0.001771945389918983,0.00017634706455282867,4.222766438033432e-05,lt3
1414,1415,OADMET-0004662,4.63,train,4to5,1,1.7042706303982413e-06,0.00017828575801104307,0.14093632996082306,0.8516808748245239,0.007202785462141037,5to6
1415,1416,OADMET-0004653,4.72,train,4to5,4,0.003653565887361765,0.019518494606018066,0.6754255890846252,0.2937047779560089,0.00769761111587286,4to5
1416,1417,OADMET-0004642,4.65,train,4to5,2,0.06985435634851456,0.13723890483379364,0.6839513182640076,0.10826535522937775,0.0006900801090523601,4to5
1417,1418,OADMET-0004629,4.41,train,4to5,3,5.915942438150523e-06,0.0006527131772600114,0.8118748068809509,0.18658442795276642,0.0008821826777420938,4to5
1418,1419,OADMET-0004628,4.15,train,4to5,1,0.002811575075611472,0.06211404502391815,0.6958895325660706,0.23800981044769287,0.0011750506237149239,4to5
1419,1420,OADMET-0004625,4.72,train,4to5,2,0.0028857833240181208,0.0020888024009764194,0.7153071165084839,0.2794210910797119,0.00029713273397646844,4to5
1420,1421,OADMET-0004617,4.99,train,4to5,3,0.0013214248465374112,0.006687805522233248,0.9455428123474121,0.04164071008563042,0.004807183984667063,4to5
1421,1422,OADMET-0004611,4.66,train,4to5,3,0.003241506405174732,0.00792422704398632,0.5504200458526611,0.4365141689777374,0.0019000946776941419,4to5
1422,1423,OADMET-0004605,4.95,train,4to5,1,0.004337172955274582,0.04582705721259117,0.5278095602989197,0.4197919964790344,0.002234223298728466,4to5
1423,1424,OADMET-0004590,5.48,train,5to6,3,4.942229679727461e-06,0.0009881966980174184,0.7181400656700134,0.27710965275764465,0.0037571692373603582,4to5
1424,1425,OADMET-0004588,4.85,train,4to5,3,0.016039572656154633,0.08403962105512619,0.8583174347877502,0.04112810641527176,0.00047530815936625004,4to5
1425,1426,OADMET-0004581,4.76,train,4to5,1,0.0066468799486756325,0.10190781205892563,0.4233410656452179,0.460822731256485,0.007281513884663582,5to6
1426,1427,OADMET-0004579,4.65,train,4to5,1,0.025528624653816223,0.4456106722354889,0.4990272521972656,0.02892094850540161,0.0009125061333179474,4to5
1427,1428,OADMET-0004577,4.8,train,4to5,2,0.04729081317782402,0.022136226296424866,0.5822511315345764,0.34805524349212646,0.00026663971948437393,4to5
1428,1429,OADMET-0004575,4.36,train,4to5,0,1.8585606085252948e-05,0.0006748471059836447,0.029664460569620132,0.8682100176811218,0.10143212974071503,5to6
1429,1430,OADMET-0004570,5.04,train,5to6,2,0.0013959064381197095,0.0039735897444188595,0.8139832615852356,0.17921555042266846,0.0014316776068881154,4to5
1430,1431,OADMET-0004567,4.92,train,4to5,0,0.00036722171353176236,0.0036245365627110004,0.4798678457736969,0.49835172295570374,0.01778867468237877,5to6
1431,1432,OADMET-0004566,4.71,train,4to5,2,0.0006595891318283975,0.005185263231396675,0.23798269033432007,0.7503759860992432,0.005796479061245918,5to6
1432,1433,OADMET-0004560,5.02,train,5to6,0,0.0008768333937041461,0.01825365051627159,0.7461754083633423,0.22898295521736145,0.005711224861443043,4to5
1433,1434,OADMET-0004551,4.43,train,4to5,4,0.014558069407939911,0.008672617375850677,0.4417886734008789,0.5320468544960022,0.002933804877102375,5to6
1434,1435,OADMET-0004547,4.12,train,4to5,4,0.027668258175253868,0.10188261419534683,0.8567106127738953,0.013658734038472176,7.980388181749731e-05,4to5
1435,1436,OADMET-0004514,5.26,train,5to6,2,0.000103667814983055,0.0013127874117344618,0.3999943435192108,0.5981574058532715,0.0004318487481214106,5to6
1436,1437,OADMET-0004510,4.78,train,4to5,2,0.018329044803977013,0.04484555125236511,0.7946045994758606,0.14198781549930573,0.00023299019085243344,4to5
1437,1438,OADMET-0004498,5.18,train,5to6,4,3.9383635908052383e-07,2.0320080693636555e-06,0.03177235275506973,0.9539540410041809,0.014271192252635956,5to6
1438,1439,OADMET-0004490,5.01,train,5to6,0,0.013143044896423817,0.009093538857996464,0.9718334674835205,0.005762482061982155,0.00016747124027460814,4to5
1439,1440,OADMET-0004489,5.41,train,5to6,3,1.1610452474997146e-06,0.00010127213317900896,0.2537018358707428,0.7426490187644958,0.0035467243287712336,5to6
1440,1441,OADMET-0004478,5.41,train,5to6,0,0.05207926407456398,0.1070014238357544,0.5901994705200195,0.23866479098796844,0.012055124156177044,4to5
1441,1442,OADMET-0004472,4.86,train,4to5,0,0.00026806077221408486,0.005567471496760845,0.4938846528530121,0.4978484511375427,0.0024313656613230705,5to6
1442,1443,OADMET-0004458,5.18,train,5to6,4,0.00018298246141057462,0.003999652341008186,0.719760000705719,0.2751416563987732,0.0009157395688816905,4to5
1443,1444,OADMET-0004452,4.89,train,4to5,4,0.008209600113332272,0.0076455906964838505,0.5856649279594421,0.3972886800765991,0.0011912481859326363,4to5
1444,1445,OADMET-0004444,4.36,train,4to5,3,0.001479010097682476,0.06675169616937637,0.6318744421005249,0.29352501034736633,0.0063698785379529,4to5
1445,1446,OADMET-0004442,4.7,train,4to5,1,0.007124805822968483,0.0688469409942627,0.5016078352928162,0.4177990257740021,0.004621371626853943,4to5
1446,1447,OADMET-0004440,4.97,train,4to5,0,3.534827192197554e-05,0.0024038690607994795,0.48722559213638306,0.5057137608528137,0.0046213590539991856,5to6
1447,1448,OADMET-0004439,4.2,train,4to5,4,0.00019376465934328735,0.010269598104059696,0.5307613611221313,0.45737218856811523,0.0014031474711373448,4to5
1448,1449,OADMET-0004428,4.61,train,4to5,1,0.00016770845104474574,0.0023310042452067137,0.8186048865318298,0.17798462510108948,0.0009118415764532983,4to5
1449,1450,OADMET-0004419,4.55,train,4to5,0,0.006193005479872227,0.02678423933684826,0.493455708026886,0.4525941014289856,0.020972955971956253,4to5
1450,1451,OADMET-0004418,5.2,train,5to6,2,3.2361949706682935e-05,0.006285139359533787,0.10614663362503052,0.8775172233581543,0.010018651373684406,5to6
1451,1452,OADMET-0004415,4.17,train,4to5,4,0.0025099674239754677,0.19914887845516205,0.6963022351264954,0.10128403455018997,0.0007549236761406064,4to5
1452,1453,OADMET-0004413,4.66,train,4to5,2,0.005871755536645651,0.034496746957302094,0.8241583704948425,0.13407108187675476,0.0014021042734384537,4to5
1453,1454,OADMET-0004402,4.66,train,4to5,4,8.430547495663632e-06,0.00023637054255232215,0.3619100749492645,0.6364406943321228,0.0014044215204194188,5to6
1454,1455,OADMET-0004396,4.57,train,4to5,4,0.07533439993858337,0.14284862577915192,0.6592941284179688,0.11820925027132034,0.004313614219427109,4to5
1455,1456,OADMET-0004394,4.1,train,4to5,1,0.0047293370589613914,0.033079713582992554,0.6045272946357727,0.35711169242858887,0.0005519348196685314,4to5
1456,1457,OADMET-0004388,4.24,train,4to5,4,0.6212855577468872,0.35692477226257324,0.02081277035176754,0.0008437496144324541,0.00013319282152224332,lt3
1457,1458,OADMET-0004379,4.78,train,4to5,0,0.1537877321243286,0.07478199154138565,0.2654420733451843,0.4219438433647156,0.08404438942670822,5to6
1458,1459,OADMET-0004372,4.82,train,4to5,4,1.2900159163109493e-05,0.003230787580832839,0.2910305857658386,0.704663872718811,0.0010618428932502866,5to6
1459,1460,OADMET-0004349,4.1,train,4to5,2,0.0020270326640456915,0.01452707126736641,0.4865115284919739,0.4891369938850403,0.0077974130399525166,5to6
1460,1461,OADMET-0004348,4.55,train,4to5,0,0.010615350678563118,0.03155970573425293,0.5751257538795471,0.35305601358413696,0.029643157497048378,4to5
1461,1462,OADMET-0004345,4.53,train,4to5,4,0.011478074826300144,0.12840332090854645,0.7634471654891968,0.09569616615772247,0.0009753036429174244,4to5
1462,1463,OADMET-0004332,5.42,train,5to6,0,0.7837436199188232,0.04576781764626503,0.08178701251745224,0.08083455264568329,0.007866976782679558,lt3
1463,1464,OADMET-0004327,4.89,train,4to5,2,0.010536846704781055,0.021197540685534477,0.9108043313026428,0.057243622839450836,0.00021755864145234227,4to5
1464,1465,OADMET-0004321,5.11,train,5to6,1,7.521043880842626e-05,0.0014429694274440408,0.5134740471839905,0.4828243851661682,0.002183434320613742,4to5
1465,1466,OADMET-0004315,4.04,train,4to5,4,0.011095178313553333,0.07685830444097519,0.6671457886695862,0.2355061173439026,0.009394626133143902,4to5
1466,1467,OADMET-0004313,4.81,train,4to5,4,0.00010745497274911031,0.0013379384763538837,0.7068945169448853,0.2913307249546051,0.00032940038363449275,4to5
1467,1468,OADMET-0004305,5.19,train,5to6,4,0.23214375972747803,0.6160339117050171,0.14456136524677277,0.007038797251880169,0.00022220522805582732,3to4
1468,1469,OADMET-0004301,4.27,train,4to5,4,0.000465216813609004,0.00639440817758441,0.3816978931427002,0.5986517071723938,0.012790773995220661,5to6
1469,1470,OADMET-0004297,5.04,train,5to6,1,0.010983078740537167,0.15485996007919312,0.5267857313156128,0.3068337142467499,0.0005375067121349275,4to5
1470,1471,OADMET-0004296,4.71,train,4to5,4,0.028261706233024597,0.1342826783657074,0.7488110661506653,0.08847381919622421,0.00017076643416658044,4to5
1471,1472,OADMET-0004294,5.48,train,5to6,4,0.00017429406580049545,0.0008695272845216095,0.48204857110977173,0.503416895866394,0.013490712270140648,5to6
1472,1473,OADMET-0004285,4.66,train,4to5,1,0.0066696456633508205,0.02388409525156021,0.48528817296028137,0.47976911067962646,0.004389007110148668,4to5
1473,1474,OADMET-0004281,4.85,train,4to5,4,0.01649143360555172,0.6189984679222107,0.3537173569202423,0.010776772163808346,1.595560934219975e-05,3to4
1474,1475,OADMET-0004280,5.0,train,4to5,4,0.0012361754197627306,0.026959892362356186,0.9217133522033691,0.05004458874464035,4.5939603296574205e-05,4to5
1475,1476,OADMET-0004279,4.63,train,4to5,3,0.0005574392853304744,0.0028602785896509886,0.44655826687812805,0.5117056369781494,0.038318391889333725,5to6
1476,1477,OADMET-0004273,4.63,train,4to5,0,1.4766383173991926e-05,0.001780306687578559,0.14046676456928253,0.8446502685546875,0.013087858445942402,5to6
1477,1478,OADMET-0004272,4.23,train,4to5,0,0.0026705237105488777,0.03018045797944069,0.7326874732971191,0.23124490678310394,0.0032166859600692987,4to5
1478,1479,OADMET-0004270,5.08,train,5to6,2,0.003011573338881135,0.051287636160850525,0.9121672511100769,0.03334689885377884,0.00018661326612345874,4to5
1479,1480,OADMET-0004267,4.3,train,4to5,0,0.08128256350755692,0.31712356209754944,0.4366133213043213,0.14350548386573792,0.02147505432367325,4to5
1480,1481,OADMET-0004263,4.98,train,4to5,4,0.1492026001214981,0.05864712968468666,0.6621932983398438,0.12866267561912537,0.0012943092733621597,4to5
1481,1482,OADMET-0004261,5.0,train,4to5,3,0.12402091920375824,0.09598356485366821,0.5853725671768188,0.19209206104278564,0.002530910773202777,4to5
1482,1483,OADMET-0004259,4.21,train,4to5,0,0.001423023990355432,0.008245843462646008,0.5643707513809204,0.4213832914829254,0.004577052313834429,4to5
1483,1484,OADMET-0004256,5.3,train,5to6,0,0.008632330223917961,0.026242416352033615,0.8541489243507385,0.11048039048910141,0.0004959846846759319,4to5
1484,1485,OADMET-0004247,4.41,train,4to5,2,0.002932795789092779,0.0016140741063281894,0.7563062906265259,0.23880241811275482,0.0003444525646045804,4to5
1485,1486,OADMET-0004239,4.91,train,4to5,3,0.0005867037689313293,0.044887032359838486,0.42192327976226807,0.5298393368721008,0.002763705560937524,5to6
1486,1487,OADMET-0004238,4.6,train,4to5,0,0.06562566012144089,0.16094791889190674,0.5051329731941223,0.24015285074710846,0.02814055234193802,4to5
1487,1488,OADMET-0004237,4.4,train,4to5,4,2.160093799830065e-06,9.162066271528602e-05,0.06248009204864502,0.9325743317604065,0.00485181761905551,5to6
1488,1489,OADMET-0004225,3.99,train,3to4,3,6.051430682418868e-05,0.012581481598317623,0.8164327144622803,0.1683158427476883,0.0026095204520970583,4to5
1489,1490,OADMET-0004220,4.36,train,4to5,4,0.006822681054472923,0.22790822386741638,0.704221785068512,0.060688044875860214,0.0003593222936615348,4to5
1490,1491,OADMET-0004216,4.24,train,4to5,3,0.004552418831735849,0.06798791140317917,0.9212369918823242,0.006157369818538427,6.531519466079772e-05,4to5
1491,1492,OADMET-0004214,5.24,train,5to6,3,0.00333518348634243,0.01636539027094841,0.5762958526611328,0.3877490758895874,0.016254518181085587,4to5
1492,1493,OADMET-0004210,5.06,train,5to6,4,0.0011423969408497214,0.02787652797996998,0.3347727656364441,0.6351451873779297,0.0010631618788465858,5to6
1493,1494,OADMET-0004207,4.22,train,4to5,4,0.0007023145444691181,0.10781524330377579,0.7758741974830627,0.1154652088880539,0.00014304245996754616,4to5
1494,1495,OADMET-0004205,1.72,train,lt3,0,0.029675601050257683,0.2786276936531067,0.6367120742797852,0.05243701860308647,0.002547609619796276,4to5
1495,1496,OADMET-0004203,5.07,train,5to6,3,0.0006391050410456955,0.05490156263113022,0.8705545663833618,0.07140706479549408,0.002497643930837512,4to5
1496,1497,OADMET-0004193,4.62,train,4to5,1,0.00013153121108189225,0.009777791798114777,0.7151665091514587,0.2744244635105133,0.0004997528158128262,4to5
1497,1498,OADMET-0004187,4.73,train,4to5,3,0.00019824117771349847,0.16102580726146698,0.8175632953643799,0.021069306880235672,0.00014342633949127048,4to5
1498,1499,OADMET-0004182,4.9,train,4to5,2,0.007818354293704033,0.046762365847826004,0.6026214361190796,0.3426291346549988,0.0001687149633653462,4to5
1499,1500,OADMET-0004180,4.85,train,4to5,0,0.0009493186371400952,0.02678818814456463,0.9280696511268616,0.04339379072189331,0.0007990436861291528,4to5
1500,1501,OADMET-0004176,5.07,train,5to6,3,0.13475117087364197,0.14337705075740814,0.6390373706817627,0.08250456303358078,0.00032984602148644626,4to5
1501,1502,OADMET-0004172,4.71,train,4to5,3,0.014011244289577007,0.02188122831285,0.7597110867500305,0.20334415137767792,0.00105221604462713,4to5
1502,1503,OADMET-0004170,5.47,train,5to6,2,0.0005680117174051702,0.010588902980089188,0.7270106673240662,0.26153939962387085,0.00029302938492037356,4to5
1503,1504,OADMET-0004168,4.79,train,4to5,4,0.0004727017367258668,0.019949935376644135,0.6832247376441956,0.2947656214237213,0.0015870451461523771,4to5
1504,1505,OADMET-0004153,5.36,train,5to6,0,0.0050727021880447865,0.0044311778619885445,0.46824392676353455,0.4963318705558777,0.025920389220118523,5to6
1505,1506,OADMET-0004129,4.51,train,4to5,4,0.0017798719927668571,0.07278809696435928,0.8902013897895813,0.03517436608672142,5.631927342619747e-05,4to5
1506,1507,OADMET-0004128,5.13,train,5to6,0,0.006114823278039694,0.05285005271434784,0.5141984224319458,0.3997058570384979,0.027130834758281708,4to5
1507,1508,OADMET-0004116,5.66,train,5to6,0,0.0003736827347893268,0.00931842252612114,0.2012166678905487,0.7352925539016724,0.05379866808652878,5to6
1508,1509,OADMET-0004106,4.73,train,4to5,0,0.0034408129286020994,0.06937598437070847,0.7582921385765076,0.168070986866951,0.0008200757438316941,4to5
1509,1510,OADMET-0004105,5.18,train,5to6,0,0.00012684875400736928,0.009585462510585785,0.8856720924377441,0.1043771356344223,0.00023839234199840575,4to5
1510,1511,OADMET-0004101,5.57,train,5to6,1,0.0001414401485817507,0.0007968609570525587,0.38148728013038635,0.6163302063941956,0.001244243117980659,5to6
1511,1512,OADMET-0004094,4.41,train,4to5,1,0.001975980820134282,0.05328245460987091,0.8675158619880676,0.07700696587562561,0.000218721863348037,4to5
1512,1513,OADMET-0004092,4.9,train,4to5,4,0.11651734262704849,0.5597774982452393,0.28233638405799866,0.039871666580438614,0.001497054472565651,3to4
1513,1514,OADMET-0004090,3.75,train,3to4,4,0.0011235384736210108,0.008674141950905323,0.5578591823577881,0.4312014877796173,0.0011416878551244736,4to5
1514,1515,OADMET-0004088,3.99,train,3to4,1,0.0024543292820453644,0.0035326515790075064,0.4739478826522827,0.5099815726280212,0.010083575733006,5to6
1515,1516,OADMET-0004080,4.66,train,4to5,3,0.2742762863636017,0.1455274075269699,0.5212565660476685,0.05805325135588646,0.0008865210693329573,4to5
1516,1517,OADMET-0004069,4.26,train,4to5,1,0.007558087818324566,0.016203761100769043,0.6989151835441589,0.2764492630958557,0.0008736577001400292,4to5
1517,1518,OADMET-0004067,4.82,train,4to5,4,0.00037098900065757334,0.019080067053437233,0.6775705218315125,0.30251947045326233,0.0004589318996295333,4to5
1518,1519,OADMET-0004065,4.77,train,4to5,1,2.3525355572928675e-05,0.0003518163284752518,0.3551467955112457,0.6419945359230042,0.0024833467323333025,5to6
1519,1520,OADMET-0004064,4.52,train,4to5,3,0.006806184072047472,0.06476646661758423,0.7739236354827881,0.14261017739772797,0.011893583461642265,4to5
1520,1521,OADMET-0004060,4.92,train,4to5,2,0.006807110272347927,0.3484678864479065,0.6073160767555237,0.037312425673007965,9.646766557125375e-05,4to5
1521,1522,OADMET-0004056,4.92,train,4to5,4,0.22876673936843872,0.026607109233736992,0.6205174326896667,0.1227836012840271,0.0013251465279608965,4to5
1522,1523,OADMET-0004054,4.87,train,4to5,3,0.000658318167552352,0.012700450606644154,0.9219450950622559,0.06307840347290039,0.0016177290817722678,4to5
1523,1524,OADMET-0004053,4.86,train,4to5,4,0.0005785815883427858,0.004773261491209269,0.7431930303573608,0.247995525598526,0.0034596046898514032,4to5
1524,1525,OADMET-0004051,4.6,train,4to5,0,0.0017406917177140713,0.07079226523637772,0.6369541883468628,0.2861654758453369,0.004347377922385931,4to5
1525,1526,OADMET-0004047,5.05,train,5to6,3,0.0015428854385390878,0.01958298496901989,0.9579140543937683,0.020733822137117386,0.0002262551279272884,4to5
1526,1527,OADMET-0004040,5.28,train,5to6,0,0.025158299133181572,0.0400562547147274,0.7179684638977051,0.21136057376861572,0.005456382408738136,4to5
1527,1528,OADMET-0004029,4.45,train,4to5,2,0.02015438675880432,0.05126073211431503,0.21822892129421234,0.7062724232673645,0.004083515144884586,5to6
1528,1529,OADMET-0004025,4.55,train,4to5,2,0.16892698407173157,0.14518313109874725,0.2270677089691162,0.4555579721927643,0.0032642458099871874,5to6
1529,1530,OADMET-0004024,5.08,train,5to6,1,0.0009239963255822659,0.03031163476407528,0.7973596453666687,0.17077554762363434,0.000629205780569464,4to5
1530,1531,OADMET-0004021,5.2,train,5to6,4,3.149391704937443e-05,0.004470608197152615,0.40680089592933655,0.5866525769233704,0.002044485881924629,5to6
1531,1532,OADMET-0004014,5.13,train,5to6,4,0.0007148472941480577,0.029598910361528397,0.7123392224311829,0.2560427784919739,0.001304312259890139,4to5
1532,1533,OADMET-0004004,5.15,train,5to6,0,0.0069200750440359116,0.060248300433158875,0.7796237468719482,0.15027792751789093,0.002930022543296218,4to5
1533,1534,OADMET-0004003,5.12,train,5to6,0,0.01188593078404665,0.00664052227512002,0.744199812412262,0.2345634549856186,0.0027103121392428875,4to5
1534,1535,OADMET-0003997,4.29,train,4to5,0,0.05046093836426735,0.3420296013355255,0.5220211148262024,0.08438137918710709,0.001106932875700295,4to5
1535,1536,OADMET-0003994,4.3,train,4to5,0,0.005552834365516901,0.016076447442173958,0.917614221572876,0.060358788818120956,0.00039762709639035165,4to5
1536,1537,OADMET-0003975,5.04,train,5to6,4,9.410797065356746e-05,0.0005094517255201936,0.517999529838562,0.4798889458179474,0.0015079742297530174,4to5
1537,1538,OADMET-0003971,5.0,train,4to5,1,1.3575598131865263e-05,0.0010022972710430622,0.26249560713768005,0.7339781522750854,0.0025103630032390356,5to6
1538,1539,OADMET-0003969,5.04,train,5to6,3,0.0014696478610858321,0.06525015830993652,0.8091640472412109,0.11879230290651321,0.005323871970176697,4to5
1539,1540,OADMET-0003963,5.17,train,5to6,2,0.0036635580472648144,0.13641953468322754,0.6476337909698486,0.21008136868476868,0.00220178859308362,4to5
1540,1541,OADMET-0003961,4.41,train,4to5,4,0.00011013641051249579,0.005634903907775879,0.7898398637771606,0.2043294459581375,8.567662735003978e-05,4to5
1541,1542,OADMET-0003960,4.97,train,4to5,2,0.8204548954963684,0.1773080676794052,0.002209314377978444,2.1432684661704116e-05,6.2998633438837714e-06,lt3
1542,1543,OADMET-0003956,3.89,train,3to4,4,0.03308520093560219,0.21439872682094574,0.6964402198791504,0.05582467094063759,0.00025115470634773374,4to5
1543,1544,OADMET-0003950,5.05,train,5to6,3,0.39378681778907776,0.40810951590538025,0.1631108671426773,0.028913505375385284,0.006079335231333971,3to4
1544,1545,OADMET-0003946,4.66,train,4to5,4,0.7308854460716248,0.25326094031333923,0.015315256081521511,0.0005160202272236347,2.2391350285033695e-05,lt3
1545,1546,OADMET-0003942,5.44,train,5to6,0,0.29564785957336426,0.13719408214092255,0.5503799915313721,0.01643999107182026,0.00033809602609835565,4to5
1546,1547,OADMET-0003932,4.64,train,4to5,0,0.024975351989269257,0.045804571360349655,0.8213061094284058,0.10729753971099854,0.0006164443911984563,4to5
1547,1548,OADMET-0003930,4.9,train,4to5,1,0.010228283703327179,0.14553804695606232,0.7380321025848389,0.10564813017845154,0.0005535098607651889,4to5
1548,1549,OADMET-0003921,4.4,train,4to5,3,0.07362855225801468,0.08117791265249252,0.6583319902420044,0.1849065124988556,0.0019550363067537546,4to5
1549,1550,OADMET-0003914,5.16,train,5to6,0,3.782965359278023e-05,0.06686559319496155,0.5552021265029907,0.37680163979530334,0.0010928116971626878,4to5
1550,1551,OADMET-0003911,4.4,train,4to5,2,0.8308399319648743,0.13891738653182983,0.026495933532714844,0.003667825600132346,7.888846448622644e-05,lt3
1551,1552,OADMET-0003900,5.29,train,5to6,1,0.0011477123480290174,0.024292683228850365,0.7609987854957581,0.21025784313678741,0.003302972763776779,4to5
1552,1553,OADMET-0003898,4.85,train,4to5,0,0.11881926655769348,0.21015849709510803,0.6370193362236023,0.03355439007282257,0.0004485578101594001,4to5
1553,1554,OADMET-0003889,4.89,train,4to5,4,0.009977000765502453,0.18038667738437653,0.6887877583503723,0.12061034142971039,0.0002382313396083191,4to5
1554,1555,OADMET-0003884,4.58,train,4to5,4,0.0006178350304253399,0.002845608862116933,0.43758970499038696,0.5553258657455444,0.0036210184916853905,5to6
1555,1556,OADMET-0003879,4.21,train,4to5,1,0.0004543938266579062,0.018771091476082802,0.5751742720603943,0.4048442244529724,0.0007560887024737895,4to5
1556,1557,OADMET-0003872,4.39,train,4to5,0,0.021900949999690056,0.10147153586149216,0.6275205016136169,0.24819408357143402,0.0009129163227044046,4to5
1557,1558,OADMET-0003866,5.07,train,5to6,1,0.004616815596818924,0.01224254909902811,0.5144789814949036,0.46658000349998474,0.0020816982723772526,4to5
1558,1559,OADMET-0003864,4.92,train,4to5,4,0.005626463331282139,0.011714005842804909,0.8717218637466431,0.10973992198705673,0.0011977547546848655,4to5
1559,1560,OADMET-0003862,4.37,train,4to5,0,0.04666348174214363,0.12187474966049194,0.6692467331886292,0.1599821150302887,0.002232911065220833,4to5
1560,1561,OADMET-0003860,4.97,train,4to5,4,0.0010657910024747252,0.011481468565762043,0.4678042531013489,0.5088017582893372,0.010846716351807117,5to6
1561,1562,OADMET-0003858,4.64,train,4to5,2,1.427862935088342e-05,8.524814620614052e-05,0.11374837160110474,0.8829441666603088,0.003207935718819499,5to6
1562,1563,OADMET-0003857,5.11,train,5to6,0,0.001986831659451127,0.013491888530552387,0.6885576248168945,0.29070407152175903,0.0052595739252865314,4to5
1563,1564,OADMET-0003853,4.92,train,4to5,4,0.0011871930910274386,0.04229610785841942,0.8732647895812988,0.08310093730688095,0.00015099947631824762,4to5
1564,1565,OADMET-0003848,4.07,train,4to5,2,6.313945050351322e-05,0.0009448386845178902,0.3424105942249298,0.6557530164718628,0.0008284487412311137,5to6
1565,1566,OADMET-0003844,4.54,train,4to5,1,2.2111124053481035e-05,0.0012908878270536661,0.4186195433139801,0.5786519646644592,0.0014154670061543584,5to6
1566,1567,OADMET-0003835,3.9,train,3to4,4,0.012348298914730549,0.05223439633846283,0.77415531873703,0.16049590706825256,0.0007660278351977468,4to5
1567,1568,OADMET-0003834,5.26,train,5to6,3,1.099824658012949e-05,0.001410242635756731,0.2718927264213562,0.715527355670929,0.01115871500223875,5to6
1568,1569,OADMET-0003833,4.76,train,4to5,2,0.0077559431083500385,0.021216262131929398,0.7809322476387024,0.1898059993982315,0.0002895864308811724,4to5
1569,1570,OADMET-0003832,5.34,train,5to6,2,0.0012489584041759372,0.0018494585528969765,0.7305408716201782,0.26454105973243713,0.0018196309683844447,4to5
1570,1571,OADMET-0003829,4.49,train,4to5,4,0.0021597938612103462,0.0899919643998146,0.7656049728393555,0.14215059578418732,9.271509043173864e-05,4to5
1571,1572,OADMET-0003828,4.77,train,4to5,2,2.050746388704283e-06,0.0005009592860005796,0.3445928990840912,0.6535953879356384,0.0013086661929264665,5to6
1572,1573,OADMET-0003827,4.17,train,4to5,3,0.0035566003061830997,0.05530330911278725,0.689085066318512,0.22086820006370544,0.03118685819208622,4to5
1573,1574,OADMET-0003823,5.02,train,5to6,4,3.1138555641518906e-05,0.0029166615568101406,0.5970953702926636,0.3993377089500427,0.000619172933511436,4to5
1574,1575,OADMET-0003816,4.83,train,4to5,4,8.847589924698696e-05,0.003159953746944666,0.30885550379753113,0.6862868070602417,0.001609291066415608,5to6
1575,1576,OADMET-0003812,3.27,train,3to4,1,9.489670446782839e-06,0.9997128844261169,0.0002728386898525059,4.818394700123463e-06,2.3462451537170637e-08,3to4
1576,1577,OADMET-0003811,4.56,train,4to5,1,0.41160133481025696,0.3384172022342682,0.13844440877437592,0.10875213891267776,0.0027849525213241577,lt3
1577,1578,OADMET-0003810,4.86,train,4to5,3,0.005913122557103634,0.0594087615609169,0.48026883602142334,0.2977391481399536,0.1566702127456665,4to5
1578,1579,OADMET-0003809,4.67,train,4to5,2,0.00010245484736515209,0.0012443215819075704,0.13179610669612885,0.8627597093582153,0.00409737741574645,5to6
1579,1580,OADMET-0003808,3.54,train,3to4,2,0.988972008228302,0.011025984771549702,2.0597756247298094e-06,2.347840366567766e-09,6.495491700064804e-09,lt3
1580,1581,OADMET-0003807,4.92,train,4to5,3,4.4303365029918496e-06,0.00029766885563731194,0.20072725415229797,0.6838482022285461,0.11512241512537003,5to6
1581,1582,OADMET-0003806,3.28,train,3to4,0,0.04386023059487343,0.8508475422859192,0.092159204185009,0.011407270096242428,0.0017257108120247722,3to4
1582,1583,OADMET-0003805,4.42,train,4to5,3,0.004717463161796331,0.24399814009666443,0.7122831344604492,0.03883359581232071,0.00016764126485213637,4to5
1583,1584,OADMET-0003804,4.4,train,4to5,1,0.6066585779190063,0.30904072523117065,0.07558894902467728,0.008234967477619648,0.00047680974239483476,lt3
1584,1585,OADMET-0003803,3.27,train,3to4,0,2.461949643716571e-13,9.230296214857159e-12,0.00014537059178110212,0.7692763805389404,0.23057830333709717,5to6
1585,1586,OADMET-0003802,4.61,train,4to5,1,0.36455878615379333,0.09995666146278381,0.41057854890823364,0.09467552602291107,0.03023051843047142,4to5
1586,1587,OADMET-0003801,3.96,train,3to4,4,0.12831778824329376,0.269114226102829,0.31936824321746826,0.27177804708480835,0.01142168790102005,4to5
1587,1588,OADMET-0003800,4.48,train,4to5,0,0.004055310040712357,0.03366494178771973,0.8737927079200745,0.069500632584095,0.01898638904094696,4to5
1588,1589,OADMET-0003799,5.88,train,5to6,1,0.00010799099982250482,0.0008654606062918901,0.05323827639222145,0.6354364156723022,0.3103518784046173,5to6
1589,1590,OADMET-0003798,4.23,train,4to5,1,0.055319644510746,0.11740846186876297,0.6822568774223328,0.1437089741230011,0.0013061021454632282,4to5
1590,1591,OADMET-0003797,4.26,train,4to5,1,0.00292793195694685,0.0027019635308533907,0.5882534980773926,0.38335445523262024,0.022762181237339973,4to5
1591,1592,OADMET-0003796,4.86,train,4to5,4,0.0022554544266313314,0.12918460369110107,0.628008246421814,0.18990859389305115,0.05064303055405617,4to5
1592,1593,OADMET-0003794,4.6,train,4to5,1,0.030425311997532845,0.4130934178829193,0.5275342464447021,0.028704196214675903,0.00024287178530357778,4to5
1593,1594,OADMET-0003793,4.16,train,4to5,1,0.0027654815930873156,0.026617860421538353,0.7540658712387085,0.21539930999279022,0.0011514804791659117,4to5
1594,1595,OADMET-0003792,5.04,train,5to6,2,0.027362583205103874,0.20657627284526825,0.14755815267562866,0.6049221754074097,0.013580785132944584,5to6
1595,1596,OADMET-0003791,5.1,train,5to6,1,0.00024983315961435437,0.004621567670255899,0.40993815660476685,0.5807900428771973,0.0044004363007843494,5to6
1596,1597,OADMET-0003790,3.27,train,3to4,2,0.8863171339035034,0.10924246907234192,0.0036705411039292812,0.00022142261150293052,0.00054840900702402,lt3
1597,1598,OADMET-0003789,3.24,train,3to4,3,0.8024215698242188,0.1363222599029541,0.05855265259742737,0.0024796912912279367,0.00022388999059330672,lt3
1598,1599,OADMET-0003788,1.77,train,lt3,2,0.9935402274131775,0.006459770258516073,2.2848116454365908e-10,2.1966910235260428e-10,2.5100410638856374e-09,lt3
1599,1600,OADMET-0003787,4.06,train,4to5,2,0.003946105949580669,0.3027192950248718,0.6420066356658936,0.05116092413663864,0.00016707023314666003,4to5
1600,1601,OADMET-0003786,2.92,train,lt3,2,0.0006071060197427869,0.1314011812210083,0.4344196319580078,0.3797348439693451,0.0538371242582798,4to5
1601,1602,OADMET-0003785,2.02,train,lt3,1,0.0003059021837543696,0.008964466862380505,0.08871673792600632,0.6546992659568787,0.24731363356113434,5to6
1602,1603,OADMET-0003784,2.59,train,lt3,2,0.9280953407287598,0.07186450809240341,4.012067802250385e-05,8.625774938764152e-08,1.796526594155523e-09,lt3
1603,1604,OADMET-0003783,4.86,train,4to5,3,5.7158636082021985e-06,0.006569098215550184,0.25895798206329346,0.6118304133415222,0.1226368322968483,5to6
1604,1605,OADMET-0003782,4.17,train,4to5,4,0.007116659078747034,0.007957801222801208,0.7597247958183289,0.22400948405265808,0.0011912400368601084,4to5
1605,1606,OADMET-0003781,5.46,train,5to6,4,0.0022435274440795183,0.13387811183929443,0.6537476778030396,0.17247602343559265,0.03765471652150154,4to5
1606,1607,OADMET-0003780,6.22,train,gte6,1,0.053700827062129974,0.8911559581756592,0.04254632815718651,0.01224887277930975,0.00034802762093022466,3to4
1607,1608,OADMET-0003779,4.67,train,4to5,1,7.89495898061432e-05,0.011481531895697117,0.5428957939147949,0.441578209400177,0.003965470474213362,4to5
1608,1609,OADMET-0003777,1.89,train,lt3,2,0.97831791639328,0.021682091057300568,7.716982608485523e-11,4.231330997389593e-12,7.597635298672856e-10,lt3
1609,1610,OADMET-0003775,3.06,train,3to4,2,0.34105223417282104,0.5834435224533081,0.06376518309116364,0.011707526631653309,3.1544699595542625e-05,3to4
1610,1611,OADMET-0003773,4.85,train,4to5,1,0.023008543998003006,0.2988368570804596,0.42576074600219727,0.24944253265857697,0.002951340051367879,4to5
1611,1612,OADMET-0003772,1.78,train,lt3,2,0.6989425420761108,0.15079042315483093,0.13826793432235718,0.011851992458105087,0.0001470873539801687,lt3
1612,1613,OADMET-0003771,2.51,train,lt3,2,0.9975135326385498,0.002485931385308504,3.944729698446281e-08,2.174783375608058e-08,5.059893055658904e-07,lt3
1613,1614,OADMET-0003770,3.79,train,3to4,4,0.11431608349084854,0.8751835823059082,0.010453819297254086,4.497863847063854e-05,1.4488504120890866e-06,3to4
1614,1615,OADMET-0003769,4.12,train,4to5,0,0.0017225326737388968,0.02394181303679943,0.5564316511154175,0.3935391902923584,0.024364909157156944,4to5
1615,1616,OADMET-0003768,2.54,train,lt3,3,0.9831783175468445,0.016764603555202484,5.288841566652991e-05,2.6879095003096154e-06,1.5543020026598242e-06,lt3
1616,1617,OADMET-0003767,2.03,train,lt3,4,0.9012492895126343,0.06694529205560684,0.018884528428316116,0.0055861566215753555,0.0073347738943994045,lt3
1617,1618,OADMET-0003766,3.89,train,3to4,4,0.28033629059791565,0.5955420136451721,0.12185879796743393,0.002181446412578225,8.139588317135349e-05,3to4
1618,1619,OADMET-0003765,2.79,train,lt3,2,0.9815447926521301,0.018454652279615402,5.385082886277814e-07,1.3527737818819219e-09,2.813200783435832e-10,lt3
1619,1620,OADMET-0003764,3.94,train,3to4,1,0.25585809350013733,0.7262692451477051,0.017194906249642372,0.0006382510182447731,3.949752863263711e-05,3to4
1620,1621,OADMET-0003763,1.79,train,lt3,3,0.9880334138870239,0.011966491118073463,1.151890884898421e-07,6.069516556017618e-10,4.64799612132083e-08,lt3
1621,1622,OADMET-0003762,4.18,train,4to5,1,0.0508149079978466,0.22887489199638367,0.7098691463470459,0.010071172378957272,0.000369921704987064,4to5
1622,1623,OADMET-0003761,1.89,train,lt3,2,0.8272448182106018,0.17200802266597748,0.0007426354568451643,4.551247911876999e-06,8.048547073258305e-08,lt3
1623,1624,OADMET-0003760,3.26,train,3to4,1,0.00023026684357319027,0.9477806091308594,0.04886660352349281,0.0031069472897797823,1.550328488519881e-05,3to4
1624,1625,OADMET-0003759,1.76,train,lt3,2,0.27944833040237427,0.617635190486908,0.10212177783250809,0.0007859833422116935,8.654792509332765e-06,3to4
1625,1626,OADMET-0003758,5.11,train,5to6,4,0.007747740484774113,0.00876261480152607,0.762713611125946,0.2195749580860138,0.0012010256759822369,4to5
1626,1627,OADMET-0003757,3.98,train,3to4,4,0.00029597131651826203,0.008607800118625164,0.9627742767333984,0.02827836014330387,4.3553558498388156e-05,4to5
1627,1628,OADMET-0003756,4.0,train,3to4,1,0.012602834030985832,0.0819665864109993,0.8976205587387085,0.007761466782540083,4.847528907703236e-05,4to5
1628,1629,OADMET-0003755,1.87,train,lt3,1,0.5945118069648743,0.3900257349014282,0.015230557881295681,0.00022466272639576346,7.293518137885258e-06,lt3
1629,1630,OADMET-0003754,3.93,train,3to4,1,0.719071090221405,0.2766188681125641,0.004235438536852598,7.125490810722113e-05,3.3200740290340036e-06,lt3
1630,1631,OADMET-0003753,1.76,train,lt3,2,0.29181018471717834,0.6989932060241699,0.008135596290230751,0.0010490574641153216,1.195643562823534e-05,3to4
1631,1632,OADMET-0003752,4.27,train,4to5,4,0.7012500166893005,0.00587181281298399,0.13155019283294678,0.0520273856818676,0.10930057615041733,lt3
1632,1633,OADMET-0003751,1.78,train,lt3,2,0.991145133972168,0.008854357525706291,4.986276280760649e-07,3.453436292488732e-08,5.5504316698318235e-09,lt3
1633,1634,OADMET-0003750,2.05,train,lt3,0,0.9145545363426208,0.08535685390233994,8.814942702883855e-05,3.758183879654098e-07,1.4753305777048809e-07,lt3
1634,1635,OADMET-0003749,1.75,train,lt3,3,0.9954823851585388,0.004516324959695339,1.3308745110407472e-06,9.072132378662445e-09,1.9415050900306596e-08,lt3
1635,1636,OADMET-0003748,2.01,train,lt3,2,0.9950670599937439,0.0049329581670463085,1.9081436430923304e-10,7.754303926396644e-13,1.877087721369186e-11,lt3
1636,1637,OADMET-0003747,5.28,train,5to6,3,1.1225164797679099e-07,1.579734089318663e-05,0.03617400303483009,0.9484734535217285,0.01533663459122181,5to6
1637,1638,OADMET-0003746,3.89,train,3to4,2,0.07285343110561371,0.545071542263031,0.3671177327632904,0.014746014028787613,0.00021130856475792825,3to4
1638,1639,OADMET-0003745,2.69,train,lt3,1,0.3750118613243103,0.2817404568195343,0.31838446855545044,0.024514973163604736,0.00034822337329387665,lt3
1639,1640,OADMET-0003744,4.46,train,4to5,2,0.03081081621348858,0.4686306118965149,0.4608334004878998,0.0385957695543766,0.0011294158175587654,3to4
1640,1641,OADMET-0003743,4.78,train,4to5,2,0.15518230199813843,0.6955721378326416,0.10973823815584183,0.03887287527322769,0.0006344466237351298,3to4
1641,1642,OADMET-0003742,2.13,train,lt3,0,0.11403191089630127,0.15494923293590546,0.6785799860954285,0.051239196211099625,0.0011997207766398787,4to5
1642,1643,OADMET-0003741,4.61,train,4to5,1,0.0010434831492602825,0.07849820703268051,0.7921600937843323,0.12753331661224365,0.0007649221806786954,4to5
1643,1644,OADMET-0003740,1.86,train,lt3,0,0.07996350526809692,0.17055028676986694,0.461295485496521,0.13076382875442505,0.1574268341064453,4to5
1644,1645,OADMET-0003739,4.04,train,4to5,2,0.9723590016365051,0.02761032246053219,3.0377694201888517e-05,2.416151119177812e-07,3.582406149504891e-09,lt3
1645,1646,OADMET-0003738,5.01,train,5to6,1,0.020768903195858,0.4086599051952362,0.5589877367019653,0.011492829769849777,9.054214751813561e-05,4to5
1646,1647,OADMET-0003737,5.21,train,5to6,3,0.2010134905576706,0.6646026372909546,0.1325233280658722,0.0014395262114703655,0.0004210708721075207,3to4
1647,1648,OADMET-0003736,2.69,train,lt3,3,0.8656380772590637,0.13427463173866272,8.69772193254903e-05,9.7167003332288e-08,2.039414255250449e-07,lt3
1648,1649,OADMET-0003735,3.25,train,3to4,2,0.6145002841949463,0.37514594197273254,0.010251432657241821,0.00010106729314429685,1.227148118232435e-06,lt3
1649,1650,OADMET-0003734,4.67,train,4to5,2,0.01295448001474142,0.015166082419455051,0.796768069267273,0.17478573322296143,0.0003256486961618066,4to5
1650,1651,OADMET-0003733,3.2,train,3to4,3,0.016505563631653786,0.01377848070114851,0.7700568437576294,0.19745241105556488,0.0022067041136324406,4to5
1651,1652,OADMET-0003732,4.98,train,4to5,1,0.0019947749096900225,0.0033296679612249136,0.12470134347677231,0.8588297963142395,0.011144428513944149,5to6
1652,1653,OADMET-0003731,4.74,train,4to5,2,0.016614750027656555,0.07191909849643707,0.751335620880127,0.15923023223876953,0.0009003554587252438,4to5
1653,1654,OADMET-0003730,5.74,train,5to6,4,0.9667046666145325,0.023957358673214912,0.008259063586592674,0.0008405827102251351,0.00023831207363400608,lt3
1654,1655,OADMET-0003729,2.93,train,lt3,4,0.5042634606361389,0.4789399206638336,0.016191236674785614,0.000603355118073523,2.022535454671015e-06,lt3
1655,1656,OADMET-0003728,2.74,train,lt3,0,0.7659881114959717,0.2327311486005783,0.0012665271060541272,6.230197413970018e-06,7.944725439301692e-06,lt3
1656,1657,OADMET-0003727,2.54,train,lt3,3,0.6753309369087219,0.31497058272361755,0.009687161073088646,1.0220972399110906e-05,1.1193017144250916e-06,lt3
1657,1658,OADMET-0003726,1.98,train,lt3,1,0.003158458974212408,0.030183782801032066,0.4449938237667084,0.5048556327819824,0.016808215528726578,5to6
1658,1659,OADMET-0003725,4.09,train,4to5,1,0.012407160364091396,0.005827552173286676,0.7318815588951111,0.24751016497612,0.002373598050326109,4to5
1659,1660,OADMET-0003724,4.55,train,4to5,1,0.0025556450709700584,0.0066015347838401794,0.6875366568565369,0.30170300602912903,0.0016031848499551415,4to5
1660,1661,OADMET-0003723,1.84,train,lt3,3,0.234846830368042,0.4969030022621155,0.25948256254196167,0.008482684381306171,0.00028486241353675723,3to4
1661,1662,OADMET-0003722,3.1,train,3to4,3,0.5320224761962891,0.4533706307411194,0.014036595821380615,0.0003740235697478056,0.00019628733571153134,lt3
1662,1663,OADMET-0003721,1.99,train,lt3,2,0.9075097441673279,0.09248925745487213,6.08672053203918e-07,7.389495948473268e-08,3.7330207192098896e-07,lt3
1663,1664,OADMET-0003720,2.89,train,lt3,3,0.9935005903244019,0.006495326291769743,3.9480805753555615e-06,4.758421212613939e-08,1.1279225020643935e-07,lt3
1664,1665,OADMET-0003719,1.81,train,lt3,3,0.9965201616287231,0.003479889128357172,4.107331719183094e-08,3.4554856198631967e-10,8.842699017463929e-09,lt3
1665,1666,OADMET-0003718,3.25,train,3to4,2,0.3516218960285187,0.6095269918441772,0.034178584814071655,0.004093235824257135,0.0005792866577394307,3to4
1666,1667,OADMET-0003717,4.3,train,4to5,2,0.00030241443892009556,0.008878068998456001,0.5908918976783752,0.39455676078796387,0.0053708963096141815,4to5
1667,1668,OADMET-0003716,5.64,train,5to6,3,0.8318732976913452,0.13043838739395142,0.03580835089087486,0.00015710544539615512,0.001722865505144,lt3
1668,1669,OADMET-0003715,1.89,train,lt3,1,0.4689631462097168,0.5291469097137451,0.0018490628572180867,3.8536323700100183e-05,2.347025883864262e-06,3to4
1669,1670,OADMET-0003714,4.54,train,4to5,3,6.927299409653642e-07,0.00018328745500184596,0.1959209144115448,0.790545642375946,0.013349487446248531,5to6
1670,1671,OADMET-0003713,1.73,train,lt3,1,0.022583957761526108,0.9521769881248474,0.025001924484968185,0.0002320132771274075,5.062770924268989e-06,3to4
1671,1672,OADMET-0003712,1.81,train,lt3,1,0.3849021792411804,0.6145235896110535,0.0005143914604559541,5.7368510169908404e-05,2.5018084670591634e-06,3to4
1672,1673,OADMET-0003711,4.87,train,4to5,3,1.1120328963443171e-05,0.0005371453589759767,0.2541801929473877,0.7053841948509216,0.039887309074401855,5to6
1673,1674,OADMET-0003710,4.4,train,4to5,2,2.868924093490932e-05,0.00125888641923666,0.06181308999657631,0.9322106838226318,0.004688621032983065,5to6
1674,1675,OADMET-0003709,1.82,train,lt3,1,0.0022912994027137756,0.014527634717524052,0.5225916504859924,0.45734068751335144,0.0032487651333212852,4to5
1675,1676,OADMET-0003708,4.68,train,4to5,1,0.0007481556967832148,0.16629864275455475,0.7263662815093994,0.10581416636705399,0.0007727877818979323,4to5
1676,1677,OADMET-0003707,6.08,train,gte6,1,0.8441194891929626,0.14557473361492157,0.009044630452990532,0.0012408278416842222,2.0242778191459365e-05,lt3
1677,1678,OADMET-0003706,4.92,train,4to5,1,9.029224747791886e-05,0.0055359103716909885,0.8386039137840271,0.1546611487865448,0.0011086692102253437,4to5
1678,1679,OADMET-0003705,1.83,train,lt3,3,0.3810036778450012,0.5707569718360901,0.04737970232963562,0.0003206444380339235,0.0005389908910728991,3to4
1679,1680,OADMET-0003704,4.19,train,4to5,2,0.01036412175744772,0.002555279294028878,0.6106575131416321,0.3745824992656708,0.0018405760638415813,4to5
1680,1681,OADMET-0003703,4.49,train,4to5,3,4.52763337932538e-09,2.647841711223009e-06,0.02367570251226425,0.6229566335678101,0.35336506366729736,5to6
1681,1682,OADMET-0003702,1.81,train,lt3,3,0.2452245056629181,0.6776321530342102,0.07657793164253235,0.0005076018860563636,5.7855348131852224e-05,3to4
1682,1683,OADMET-0003701,2.24,train,lt3,3,0.686518132686615,0.2514050602912903,0.03875590115785599,0.02190704271197319,0.0014139431295916438,lt3
1683,1684,OADMET-0003700,5.52,train,5to6,3,8.120657618571059e-11,4.5221010935847517e-08,0.024259528145194054,0.9674518704414368,0.008288564160466194,5to6
1684,1685,OADMET-0003699,5.06,train,5to6,2,1.3153437976143323e-05,2.433813460811507e-05,0.035590194165706635,0.9370028972625732,0.027369424700737,5to6
1685,1686,OADMET-0003697,5.13,train,5to6,3,8.28138297492842e-07,1.5398760297102854e-05,0.22886300086975098,0.7674199938774109,0.003700686153024435,5to6
1686,1687,OADMET-0003696,3.68,train,3to4,3,0.003578138304874301,0.040604107081890106,0.9338357448577881,0.021479090675711632,0.0005029351450502872,4to5
1687,1688,OADMET-0003695,4.48,train,4to5,2,0.3633274734020233,0.21835178136825562,0.3833800256252289,0.024979090318083763,0.009961576201021671,4to5
1688,1689,OADMET-0003694,4.79,train,4to5,3,0.029394816607236862,0.18981580436229706,0.644946813583374,0.10545998811721802,0.030382554978132248,4to5
1689,1690,OADMET-0003693,3.92,train,3to4,1,0.005703886970877647,0.11721418797969818,0.6857417821884155,0.18827857077121735,0.0030615711584687233,4to5
1690,1691,OADMET-0003692,1.86,train,lt3,2,0.9945777654647827,0.005422020796686411,4.4074909055780154e-08,1.8757059905283313e-08,2.350622594349261e-07,lt3
1691,1692,OADMET-0003691,2.4,train,lt3,1,0.3876767158508301,0.09873924404382706,0.17640256881713867,0.2749156057834625,0.06226586923003197,lt3
1692,1693,OADMET-0003690,4.57,train,4to5,1,1.1925342732865829e-05,0.000965445302426815,0.510280966758728,0.48727166652679443,0.0014700231840834022,4to5
1693,1694,OADMET-0003689,3.95,train,3to4,4,1.6183252228074707e-05,0.0008813991444185376,0.9197565317153931,0.06271686404943466,0.016629047691822052,4to5
1694,1695,OADMET-0003688,2.08,train,lt3,1,0.7537592649459839,0.24179254472255707,0.0008836225606501102,0.003533507464453578,3.1082279747352004e-05,lt3
1695,1696,OADMET-0003687,1.84,train,lt3,1,0.9358311295509338,0.06295636296272278,0.0012027332559227943,9.292105460190214e-06,3.6512133760879806e-07,lt3
1696,1697,OADMET-0003686,1.76,train,lt3,3,0.9471797347068787,0.028858879581093788,0.012436546385288239,0.00250765192322433,0.009017153643071651,lt3
1697,1698,OADMET-0003685,1.93,train,lt3,1,0.003309205174446106,0.9965758323669434,0.00011499157699290663,2.3313512897971123e-08,4.666387502100244e-12,3to4
1698,1699,OADMET-0003684,1.98,train,lt3,3,0.11189700663089752,0.0400942787528038,0.7191501259803772,0.12656094133853912,0.0022976608015596867,4to5
1699,1700,OADMET-0003683,4.39,train,4to5,1,0.029000114649534225,0.14743651449680328,0.7245484590530396,0.09859433770179749,0.00042052159551531076,4to5
1700,1701,OADMET-0003682,3.33,train,3to4,1,0.701901376247406,0.07081018388271332,0.22617557644844055,0.0010370713425800204,7.579626253573224e-05,lt3
1701,1702,OADMET-0003681,2.97,train,lt3,2,0.9957757592201233,0.004224262200295925,8.132026607654552e-09,3.0724064958853603e-10,1.0830410179796246e-10,lt3
1702,1703,OADMET-0003680,2.68,train,lt3,0,0.7458350658416748,0.24530015885829926,0.008783007971942425,6.528395897476003e-05,1.653058461670298e-05,lt3
1703,1704,OADMET-0003679,2.44,train,lt3,2,0.9972336888313293,0.0027662627398967743,1.0116448651009691e-10,5.475378830888111e-11,6.401577601344854e-10,lt3
1704,1705,OADMET-0003678,2.63,train,lt3,3,0.13210825622081757,0.5573394298553467,0.30495980381965637,0.005210400093346834,0.00038207907346077263,3to4
1705,1706,OADMET-0003677,1.86,train,lt3,2,0.1736309677362442,0.8262743353843689,9.386587771587074e-05,8.667979045640095e-07,4.759150407096513e-09,3to4
1706,1707,OADMET-0003676,1.79,train,lt3,2,0.9852530360221863,0.014746990986168385,4.1936523587082775e-08,2.2794370557743804e-11,7.098850587222705e-13,lt3
1707,1708,OADMET-0003675,1.98,train,lt3,2,0.9855820536613464,0.014396238140761852,2.1676456526620314e-05,3.881425669760574e-08,1.2856027353791433e-08,lt3
1708,1709,OADMET-0003674,1.78,train,lt3,2,0.9364612102508545,0.05586440488696098,0.0055738347582519054,0.0020366222597658634,6.397459947038442e-05,lt3
1709,1710,OADMET-0003673,1.83,train,lt3,1,0.45543372631073,0.23927068710327148,0.26734837889671326,0.036544036120176315,0.0014032266335561872,lt3
1710,1711,OADMET-0003672,1.95,train,lt3,3,0.7358522415161133,0.20285005867481232,0.06075984239578247,0.000519915483891964,1.7975895389099605e-05,lt3
1711,1712,OADMET-0003671,3.25,train,3to4,2,0.6855896711349487,0.2979051470756531,0.01621294766664505,0.00029064330738037825,1.6498656805197243e-06,lt3
1712,1713,OADMET-0003670,4.41,train,4to5,1,0.8146573901176453,0.08723942935466766,0.09801073372364044,8.138621342368424e-05,1.0995513548550662e-05,lt3
1713,1714,OADMET-0003669,4.71,train,4to5,4,0.49848422408103943,0.3078383207321167,0.1911565661430359,0.002455782378092408,6.51045556878671e-05,lt3
1714,1715,OADMET-0003668,2.94,train,lt3,1,0.7633548378944397,0.22330942749977112,0.012957418337464333,0.0003673180181067437,1.1039472155971453e-05,lt3
1715,1716,OADMET-0003667,2.25,train,lt3,2,0.9856708645820618,0.014329079538583755,1.65187827860791e-08,6.324461787610147e-12,5.495060136084806e-12,lt3
1716,1717,OADMET-0003666,4.43,train,4to5,3,7.809316230122931e-06,0.003381234360858798,0.8156375885009766,0.17501799762248993,0.005955397617071867,4to5
1717,1718,OADMET-0003665,4.95,train,4to5,3,0.9664658308029175,0.028615588322281837,0.0044914111495018005,0.00033342704409733415,9.377227979712188e-05,lt3
1718,1719,OADMET-0003664,3.4,train,3to4,1,0.03959910571575165,0.18879002332687378,0.7231960892677307,0.04769235476851463,0.0007224167347885668,4to5
1719,1720,OADMET-0003663,4.57,train,4to5,2,0.00019669155881274492,0.000491056649480015,0.0034209967125207186,0.9953518509864807,0.0005394056206569076,5to6
1720,1721,OADMET-0003662,2.02,train,lt3,2,0.9809564352035522,0.019043540582060814,1.7937606955342744e-09,1.2735482807224585e-11,4.33787797349261e-11,lt3
1721,1722,OADMET-0003661,4.9,train,4to5,3,8.715708645468112e-06,0.0019933085422962904,0.9539386034011841,0.04382941499352455,0.00023000806686468422,4to5
1722,1723,OADMET-0003660,4.58,train,4to5,1,0.06712550669908524,0.6089151501655579,0.21911866962909698,0.10343854129314423,0.0014021703973412514,3to4
1723,1724,OADMET-0003659,2.89,train,lt3,1,0.11000730842351913,0.7454766631126404,0.14418964087963104,0.0003101496258750558,1.6340534784831107e-05,3to4
1724,1725,OADMET-0003658,1.87,train,lt3,2,0.5819301605224609,0.28873106837272644,0.05680224299430847,0.07169663161039352,0.0008399584330618382,lt3
1725,1726,OADMET-0003656,4.53,train,4to5,2,0.025965005159378052,0.09905052185058594,0.7845788598060608,0.08993910998106003,0.00046645934344269335,4to5
1726,1727,OADMET-0003655,3.96,train,3to4,3,0.0011035375064238906,0.24824434518814087,0.7089443802833557,0.04138460010290146,0.00032320243190042675,4to5
1727,1728,OADMET-0003654,2.27,train,lt3,3,0.9426635503768921,0.05728420615196228,4.8531008360441774e-05,7.244164521580387e-07,3.0249434530560393e-06,lt3
1728,1729,OADMET-0003653,3.4,train,3to4,1,0.9727776646614075,0.02644285000860691,0.0007779842126183212,1.4806275885348441e-06,5.2387427729172487e-08,lt3
1729,1730,OADMET-0003652,6.58,train,gte6,1,0.5722768306732178,0.41349393129348755,0.013623980805277824,0.0005808418500237167,2.4457598556182347e-05,lt3
1730,1731,OADMET-0003651,4.83,train,4to5,0,0.7111319899559021,0.2205069214105606,0.05709843337535858,0.007529596332460642,0.003733046818524599,lt3
1731,1732,OADMET-0003650,1.82,train,lt3,1,0.3859706521034241,0.23622746765613556,0.3508927822113037,0.026514537632465363,0.0003945930511690676,lt3
1732,1733,OADMET-0003649,6.69,train,gte6,1,0.03549661114811897,0.8596947193145752,0.04487840086221695,0.05885865166783333,0.0010716362157836556,3to4
1733,1734,OADMET-0003648,4.45,train,4to5,1,0.02348623052239418,0.4326368272304535,0.38161182403564453,0.15825143456459045,0.004013730213046074,3to4
1734,1735,OADMET-0003647,4.75,train,4to5,1,0.008075980469584465,0.42324215173721313,0.41076093912124634,0.15670369565486908,0.0012172273127362132,3to4
1735,1736,OADMET-0003646,4.21,train,4to5,2,0.013942600227892399,0.06792207062244415,0.742519736289978,0.1743854433298111,0.0012301551178097725,4to5
1736,1737,OADMET-0003645,3.68,train,3to4,3,0.9990176558494568,0.0009823477594181895,1.7032020238616496e-08,6.845041200520541e-11,2.5898592159734335e-09,lt3
1737,1738,OADMET-0003644,4.67,train,4to5,2,0.0016459958860650659,0.0019182852702215314,0.017331430688500404,0.7731136679649353,0.20599059760570526,5to6
1738,1739,OADMET-0003643,1.87,train,lt3,2,0.9201062917709351,0.07989273220300674,9.375818308399175e-07,9.497480135678416e-09,8.385590000159482e-09,lt3
1739,1740,OADMET-0003642,2.74,train,lt3,3,0.35144931077957153,0.1518620252609253,0.49511849880218506,0.0014032082399353385,0.0001669623889029026,4to5
1740,1741,OADMET-0003641,1.98,train,lt3,1,0.0004911093856208026,0.0018209178233519197,0.9231629371643066,0.06658254563808441,0.007942546159029007,4to5
1741,1742,OADMET-0003640,5.03,train,5to6,2,0.00041696426342241466,0.005323754623532295,0.2884237468242645,0.6926944255828857,0.013141085393726826,5to6
1742,1743,OADMET-0003639,2.04,train,lt3,2,0.5718169808387756,0.3210451006889343,0.10475453734397888,0.0023562225978821516,2.721700911934022e-05,lt3
1743,1744,OADMET-0003638,5.33,train,5to6,0,0.00047400721814483404,0.00034805413451977074,0.1454104334115982,0.8530247807502747,0.0007427356904372573,5to6
1744,1745,OADMET-0003637,3.88,train,3to4,4,3.297918010503054e-05,0.0017085812287405133,0.9453800916671753,0.05282259359955788,5.5729728046571836e-05,4to5
1745,1746,OADMET-0003636,4.3,train,4to5,1,0.006168799940496683,0.05545641854405403,0.19489111006259918,0.6980165243148804,0.045467086136341095,5to6
1746,1747,OADMET-0003634,3.9,train,3to4,1,0.4183354675769806,0.5797422528266907,0.0018565148347988725,5.963327203062363e-05,6.157739790069172e-06,3to4
1747,1748,OADMET-0003633,1.82,train,lt3,2,0.995355486869812,0.004644543863832951,3.5370145923252494e-08,1.6861409837809482e-11,6.843027811065383e-10,lt3
1748,1749,OADMET-0003631,4.89,train,4to5,3,0.011079461313784122,0.16301819682121277,0.8092092871665955,0.016591733321547508,0.00010133082105312496,4to5
1749,1750,OADMET-0003630,5.66,train,5to6,3,7.139440150183418e-10,2.367539764236426e-07,0.0053384690545499325,0.8894034624099731,0.10525783151388168,5to6
1750,1751,OADMET-0003629,4.89,train,4to5,3,0.0003405605093576014,0.01846092753112316,0.5981252193450928,0.3822883665561676,0.000784924253821373,4to5
1751,1752,OADMET-0003628,2.54,train,lt3,1,0.827359139919281,0.16980507969856262,0.002512748586013913,0.00030360842356458306,1.9414961570873857e-05,lt3
1752,1753,OADMET-0003627,2.95,train,lt3,3,0.31645166873931885,0.6104854345321655,0.07138355821371078,0.0013130721636116505,0.0003663408278953284,3to4
1753,1754,OADMET-0003626,5.88,train,5to6,3,2.7784532452557187e-09,3.434715154071455e-06,0.022037914022803307,0.6113499402999878,0.36660870909690857,5to6
1754,1755,OADMET-0003625,6.21,train,gte6,3,1.3599846804268623e-09,2.8263724516364164e-07,0.015593457035720348,0.9590254426002502,0.025380820035934448,5to6
1755,1756,OADMET-0003624,1.9,train,lt3,2,0.9571670293807983,0.0428299605846405,3.0572721243515844e-06,2.5644347090292285e-08,9.7980921154317e-09,lt3
1756,1757,OADMET-0003623,4.7,train,4to5,3,2.7345699891156983e-06,0.027537280693650246,0.8411129713058472,0.12656551599502563,0.00478152371942997,4to5
1757,1758,OADMET-0003622,1.74,train,lt3,2,0.7431929707527161,0.08922373503446579,0.1240781620144844,0.03564068302512169,0.007864454761147499,lt3
1758,1759,OADMET-0003621,1.77,train,lt3,3,0.6018408536911011,0.3930610716342926,0.005057475063949823,2.7182222765986808e-05,1.3496209248842206e-05,lt3
1759,1760,OADMET-0003620,3.89,train,3to4,2,0.004494984168559313,0.11161644756793976,0.8036526441574097,0.07996594905853271,0.0002699877950362861,4to5
1760,1761,OADMET-0003619,4.37,train,4to5,2,0.002671097172424197,0.013421216048300266,0.8019465804100037,0.1759653389453888,0.005995826330035925,4to5
1761,1762,OADMET-0003618,4.35,train,4to5,4,3.146672725051758e-06,0.00034494968713261187,0.7004416584968567,0.29899927973747253,0.00021097896387800574,4to5
1762,1763,OADMET-0003617,4.92,train,4to5,1,0.009193191304802895,0.20887041091918945,0.38089561462402344,0.3828947842121124,0.01814601570367813,5to6
1763,1764,OADMET-0003616,4.04,train,4to5,2,0.02626461163163185,0.016387799754738808,0.6868873238563538,0.268365740776062,0.0020944823045283556,4to5
1764,1765,OADMET-0003615,3.29,train,3to4,2,0.9677913188934326,0.03220869600772858,3.813526827656233e-09,1.3570362888959409e-10,1.1373498587374797e-08,lt3
1765,1766,OADMET-0003614,4.56,train,4to5,1,0.027554139494895935,0.6589136123657227,0.28640666604042053,0.02704213745892048,8.342246292158961e-05,3to4
1766,1767,OADMET-0003613,2.69,train,lt3,2,0.54415363073349,0.44998425245285034,0.005623689852654934,0.00023075933859217912,7.67779511079425e-06,lt3
1767,1768,OADMET-0003612,4.57,train,4to5,1,0.00010791828390210867,0.000900471699424088,0.6765157580375671,0.32113149762153625,0.001344375079497695,4to5
1768,1769,OADMET-0003611,4.28,train,4to5,3,0.00045901816338300705,0.01843409612774849,0.935151219367981,0.04524071514606476,0.0007149720913730562,4to5
1769,1770,OADMET-0003610,1.82,train,lt3,2,0.12798254191875458,0.5170291066169739,0.35205912590026855,0.002896971069276333,3.225595355615951e-05,3to4
1770,1771,OADMET-0003609,4.47,train,4to5,1,0.0015184395015239716,0.04837533086538315,0.5798174738883972,0.369182288646698,0.0011064194841310382,4to5
1771,1772,OADMET-0003608,5.55,train,5to6,3,1.54569792295417e-12,7.676739799400423e-10,0.0002746154204942286,0.764845073223114,0.23488029837608337,5to6
1772,1773,OADMET-0003607,3.59,train,3to4,1,0.46998924016952515,0.3562869429588318,0.16209663450717926,0.011334158480167389,0.00029300240566954017,lt3
1773,1774,OADMET-0003606,3.81,train,3to4,3,0.20142817497253418,0.07544796168804169,0.632350504398346,0.08904995024204254,0.001723401597701013,4to5
1774,1775,OADMET-0003605,4.34,train,4to5,3,0.007302022073417902,0.7651282548904419,0.2228700965642929,0.00457991985604167,0.0001197389792650938,3to4
1775,1776,OADMET-0003604,4.88,train,4to5,1,0.01793374866247177,0.18723396956920624,0.138016477227211,0.6282439827919006,0.02857181988656521,5to6
1776,1777,OADMET-0003603,5.2,train,5to6,0,0.17367099225521088,0.3580102324485779,0.4445229768753052,0.022558683529496193,0.0012371540069580078,4to5
1777,1778,OADMET-0003602,5.09,train,5to6,3,0.9137858748435974,0.057678114622831345,0.019904395565390587,0.0059885140508413315,0.00264308275654912,lt3
1778,1779,OADMET-0003600,2.65,train,lt3,0,0.7838730812072754,0.17861755192279816,0.03690299764275551,0.000559368752874434,4.685681051341817e-05,lt3
1779,1780,OADMET-0003599,4.75,train,4to5,1,0.00015079039440024644,0.0017949865432456136,0.6266080737113953,0.36992254853248596,0.0015236547915264964,4to5
1780,1781,OADMET-0003598,1.78,train,lt3,3,0.9966148138046265,0.0033849887549877167,1.894293717441542e-07,7.87268639168559e-10,8.612552448994393e-09,lt3
1781,1782,OADMET-0003597,2.06,train,lt3,2,0.9723064303398132,0.027217114344239235,0.00046417582780122757,1.1925807484658435e-05,3.3550355738043436e-07,lt3
1782,1783,OADMET-0003596,3.21,train,3to4,4,0.00011785474634962156,0.0015064955223351717,0.8499112129211426,0.14827178418636322,0.00019267691823188215,4to5
1783,1784,OADMET-0003595,2.51,train,lt3,3,0.22813424468040466,0.36823806166648865,0.3572298288345337,0.0418175645172596,0.004580312874168158,3to4
1784,1785,OADMET-0003594,4.65,train,4to5,3,0.0008538976544514298,0.002860268112272024,0.9755589365959167,0.01997099071741104,0.0007558907964266837,4to5
1785,1786,OADMET-0003593,4.31,train,4to5,0,0.1071595549583435,0.31608113646507263,0.4738522171974182,0.09465314447879791,0.00825399998575449,4to5
1786,1787,OADMET-0003592,5.08,train,5to6,1,0.020073700696229935,0.19299809634685516,0.06292447447776794,0.6770585775375366,0.04694516956806183,5to6
1787,1788,OADMET-0003591,3.29,train,3to4,2,0.6234392523765564,0.3765051066875458,4.509965219767764e-05,7.0167347985261586e-06,3.5592941003415035e-06,lt3
1788,1789,OADMET-0003590,4.26,train,4to5,1,0.07017301023006439,0.8503202199935913,0.07919611036777496,0.00030509475618600845,5.547327418753412e-06,3to4
1789,1790,OADMET-0003589,3.73,train,3to4,1,0.025163525715470314,0.03413013368844986,0.9139049053192139,0.02646184153854847,0.00033964685280807316,4to5
1790,1791,OADMET-0003588,5.18,train,5to6,1,3.3113380482063803e-08,5.725130904465914e-06,0.0021344406995922327,0.9775351285934448,0.02032468095421791,5to6
1791,1792,OADMET-0003587,5.14,train,5to6,1,0.005817108321934938,0.02980084717273712,0.8545929193496704,0.10844184458255768,0.0013472973369061947,4to5
1792,1793,OADMET-0003586,1.77,train,lt3,1,0.447587788105011,0.2524689733982086,0.2500873804092407,0.047106560319662094,0.0027492160443216562,lt3
1793,1794,OADMET-0003585,1.74,train,lt3,4,0.8421262502670288,0.1090107336640358,0.04810360446572304,0.0005692003760486841,0.0001900832576211542,lt3
1794,1795,OADMET-0003584,4.43,train,4to5,1,0.09259279072284698,0.19298961758613586,0.3405590355396271,0.3707997500896454,0.003058778354898095,5to6
1795,1796,OADMET-0003583,2.59,train,lt3,3,0.2494223564863205,0.7387405633926392,0.011695446446537971,0.00011657429422484711,2.5034645659616217e-05,3to4
1796,1797,OADMET-0003582,1.79,train,lt3,2,0.5754109025001526,0.3376688063144684,0.08610087633132935,0.0008161069126799703,3.291347184131155e-06,lt3
1797,1798,OADMET-0003581,2.04,train,lt3,1,8.253522537415847e-05,0.41980984807014465,0.4883870780467987,0.09057196229696274,0.001148585113696754,4to5
1798,1799,OADMET-0003580,4.81,train,4to5,3,2.4201559867265132e-08,1.1203223948541563e-05,0.03282354027032852,0.5501000881195068,0.4170651137828827,5to6
1799,1800,OADMET-0003579,2.45,train,lt3,1,0.8597491383552551,0.13136491179466248,0.008723326027393341,0.00015690893633291125,5.789952865598025e-06,lt3
1800,1801,OADMET-0003578,1.79,train,lt3,2,0.9822899699211121,0.01771005056798458,1.5337743519694413e-08,9.004558210179425e-10,7.129298928987282e-09,lt3
1801,1802,OADMET-0003577,4.42,train,4to5,2,0.006909209303557873,0.2722735106945038,0.32979637384414673,0.3905457556247711,0.00047514427569694817,5to6
1802,1803,OADMET-0003576,5.18,train,5to6,2,0.0001090690930141136,0.00024269935966003686,0.5994983911514282,0.37407851219177246,0.02607138454914093,4to5
1803,1804,OADMET-0003575,4.18,train,4to5,2,0.045511867851018906,0.04565148428082466,0.5656343698501587,0.3425736129283905,0.0006287170108407736,4to5
1804,1805,OADMET-0003574,2.36,train,lt3,1,0.1962626576423645,0.8031641840934753,0.00048337248153984547,8.809035352896899e-05,1.6959239701463957e-06,3to4
1805,1806,OADMET-0003573,4.52,train,4to5,4,0.08846349269151688,0.8064879179000854,0.09943529218435287,0.005531558766961098,8.179499855032191e-05,3to4
1806,1807,OADMET-0003572,1.82,train,lt3,2,0.3220452666282654,0.561829686164856,0.050412002950906754,0.06544718146324158,0.00026591841015033424,3to4
1807,1808,OADMET-0003571,2.24,train,lt3,3,0.14129774272441864,0.15143021941184998,0.5398470759391785,0.11980568617582321,0.0476192943751812,4to5
1808,1809,OADMET-0003570,4.65,train,4to5,0,0.08290459960699081,0.29748615622520447,0.4327442944049835,0.16776436567306519,0.01910058595240116,4to5
1809,1810,OADMET-0003569,1.75,train,lt3,1,0.00011022244143532589,0.00624254671856761,0.3645491600036621,0.6222564578056335,0.006841639056801796,5to6
1810,1811,OADMET-0003567,5.24,train,5to6,3,2.4425412448181305e-07,0.00012431331560947,0.006020659115165472,0.6585956811904907,0.3352590799331665,5to6
1811,1812,OADMET-0003566,4.68,train,4to5,4,0.026741595938801765,0.09339942783117294,0.7811645865440369,0.09738844633102417,0.001305887708440423,4to5
1812,1813,OADMET-0003565,1.96,train,lt3,3,0.9975619316101074,0.002437121933326125,1.1902444896350062e-07,8.249563698825568e-09,8.428630735579645e-07,lt3
1813,1814,OADMET-0003564,4.84,train,4to5,3,3.044273810814957e-08,2.2423821064876392e-05,0.09931391477584839,0.5492734313011169,0.35139018297195435,5to6
1814,1815,OADMET-0003563,6.09,train,gte6,4,0.0479111522436142,0.947984516620636,0.004095090087503195,8.930071999202482e-06,2.848170765901159e-07,3to4
1815,1816,OADMET-0003562,5.42,train,5to6,2,0.002380677266046405,0.019646232947707176,0.494825541973114,0.48102980852127075,0.002117748372256756,4to5
1816,1817,OADMET-0003561,2.11,train,lt3,3,0.915613055229187,0.08348443359136581,0.0008956827805377543,3.7883226013946114e-06,3.0319099550979445e-06,lt3
1817,1818,OADMET-0003560,3.0,train,lt3,3,0.5775248408317566,0.2939394414424896,0.09357614815235138,0.03480880707502365,0.00015079151489771903,lt3
1818,1819,OADMET-0003557,4.69,train,4to5,0,0.0022041290067136288,0.05988393351435661,0.8958961367607117,0.040206898003816605,0.0018088839715346694,4to5
1819,1820,OADMET-0003556,3.98,train,3to4,4,0.4425923526287079,0.11505315452814102,0.3916430175304413,0.04912356287240982,0.0015879160491749644,lt3
1820,1821,OADMET-0003555,4.0,train,3to4,2,0.002464012010022998,0.021596938371658325,0.23793259263038635,0.7068638205528259,0.03114263340830803,5to6
1821,1822,OADMET-0003554,4.71,train,4to5,3,0.10468016564846039,0.09858960658311844,0.7364881038665771,0.05004601553082466,0.010196082293987274,4to5
1822,1823,OADMET-0003553,4.12,train,4to5,2,0.07509973645210266,0.15221716463565826,0.5082916021347046,0.26200586557388306,0.0023855888284742832,4to5
1823,1824,OADMET-0003552,4.24,train,4to5,2,0.04064145311713219,0.04878716170787811,0.2168477475643158,0.6438091397285461,0.04991453140974045,5to6
1824,1825,OADMET-0003551,4.94,train,4to5,4,0.0003397928085178137,0.05558803677558899,0.9343982338905334,0.009635389782488346,3.859277057927102e-05,4to5
1825,1826,OADMET-0003550,5.25,train,5to6,4,5.506820525624789e-05,0.0003177950857207179,0.0468134768307209,0.89574134349823,0.05707234516739845,5to6
1826,1827,OADMET-0003549,4.18,train,4to5,1,0.14785423874855042,0.7860790491104126,0.04995090514421463,0.015739919617772102,0.00037590120336972177,3to4
1827,1828,OADMET-0003548,4.18,train,4to5,2,0.03862038627266884,0.2087293416261673,0.46321508288383484,0.2769457697868347,0.01248947810381651,4to5
1828,1829,OADMET-0003547,4.75,train,4to5,4,0.032615769654512405,0.2707422375679016,0.686803936958313,0.009763965383172035,7.408520468743518e-05,4to5
1829,1830,OADMET-0003546,4.34,train,4to5,2,0.0001620380353415385,0.0007138056680560112,0.09138596057891846,0.9031600952148438,0.004578135907649994,5to6
1830,1831,OADMET-0003545,4.6,train,4to5,0,0.009257561527192593,0.16182060539722443,0.727273166179657,0.09798134118318558,0.00366738042794168,4to5
1831,1832,OADMET-0003544,4.7,train,4to5,2,0.16324467957019806,0.5869918465614319,0.05600301921367645,0.18417462706565857,0.009585869498550892,3to4
1832,1833,OADMET-0003543,1.82,train,lt3,3,0.8439745903015137,0.15531638264656067,0.0006858673878014088,1.8450165953254327e-05,4.62895604869118e-06,lt3
1833,1834,OADMET-0003542,5.69,train,5to6,4,0.0632997453212738,0.02367219887673855,0.8256387710571289,0.08285626024007797,0.004533088766038418,4to5
1834,1835,OADMET-0003541,2.92,train,lt3,0,0.38232746720314026,0.4565243124961853,0.1564178466796875,0.0038236938416957855,0.0009067326318472624,3to4
1835,1836,OADMET-0003540,2.09,train,lt3,1,0.7439804077148438,0.17428722977638245,0.08130548894405365,0.00040581129724159837,2.106173815263901e-05,lt3
1836,1837,OADMET-0003539,2.38,train,lt3,0,0.961840808391571,0.03802480176091194,0.00013438743189908564,4.72333212542253e-08,2.0103799514004095e-08,lt3
1837,1838,OADMET-0003538,2.57,train,lt3,2,0.9676826000213623,0.03231712430715561,3.4246727409481537e-07,1.0400261762910645e-09,1.246358294348937e-10,lt3
1838,1839,OADMET-0003537,1.77,train,lt3,3,0.8839261531829834,0.11597812175750732,9.503313049208373e-05,2.3715587360584323e-07,5.052222604717826e-07,lt3
1839,1840,OADMET-0003536,5.82,train,5to6,4,0.0013014969881623983,0.0034160525538027287,0.5583106875419617,0.4343498647212982,0.002621882827952504,4to5
1840,1841,OADMET-0003535,2.62,train,lt3,0,0.1603068709373474,0.060019273310899734,0.3078562915325165,0.4397179186344147,0.032099686563014984,5to6
1841,1842,OADMET-0003534,5.66,train,5to6,1,7.0116520873853005e-06,0.0008556327084079385,0.3267965018749237,0.6690729260444641,0.0032678861171007156,5to6
1842,1843,OADMET-0003533,5.58,train,5to6,3,2.754748784639105e-08,5.472815246321261e-05,0.037632208317518234,0.9509380459785461,0.011375014670193195,5to6
1843,1844,OADMET-0003532,5.62,train,5to6,1,0.00012924423208460212,0.0021957934368401766,0.26208093762397766,0.7328196167945862,0.0027744355611503124,5to6
1844,1845,OADMET-0003531,5.91,train,5to6,3,0.0003365423181094229,0.017895972356200218,0.8116702437400818,0.16880863904953003,0.0012885751202702522,4to5
1845,1846,OADMET-0003530,5.6,train,5to6,3,7.157368031585065e-08,0.00019853736739605665,0.12524642050266266,0.8719552755355835,0.0025997497141361237,5to6
1846,1847,OADMET-0003529,5.74,train,5to6,4,0.0007672027568332851,0.0026464483235031366,0.13595561683177948,0.5396674275398254,0.3209633231163025,5to6
1847,1848,OADMET-0003528,1.91,train,lt3,3,0.9477939605712891,0.047330982983112335,0.0024413117207586765,0.00158696249127388,0.0008467848529107869,lt3
1848,1849,OADMET-0003527,5.005,train,5to6,4,1.6708385146557703e-06,0.0004723640449810773,0.7377716898918152,0.26153066754341125,0.00022359678405337036,4to5
1849,1850,OADMET-0003526,6.63,train,gte6,4,4.167993029113859e-05,0.0007551490562036633,0.5869545340538025,0.4096248745918274,0.0026237089186906815,4to5
1850,1851,OADMET-0003525,5.42,train,5to6,4,2.242887239845004e-05,0.0014518414391204715,0.6310353875160217,0.3662716746330261,0.001218672376126051,4to5
1851,1852,OADMET-0003524,5.92,train,5to6,0,0.006159177049994469,0.007476687431335449,0.5059662461280823,0.4158763885498047,0.06452147662639618,4to5
1852,1853,OADMET-0003523,5.38,train,5to6,4,1.1763263074726638e-07,1.558571739224135e-06,0.014022340066730976,0.9829481244087219,0.0030279140919446945,5to6
1853,1854,OADMET-0003522,1.73,train,lt3,3,0.3324124217033386,0.5196002721786499,0.12415676563978195,0.01873735524713993,0.005093168932944536,3to4
1854,1855,OADMET-0003521,4.79,train,4to5,1,7.07624258211581e-06,0.0002066786546492949,0.11935855448246002,0.8678718209266663,0.012555825524032116,5to6
1855,1856,OADMET-0003520,5.49,train,5to6,2,3.62681976184831e-06,7.744457434455398e-06,0.013739836402237415,0.9739686846733093,0.01228013914078474,5to6
1856,1857,OADMET-0003519,5.12,train,5to6,0,0.006594567093998194,0.02242874540388584,0.49327245354652405,0.45593851804733276,0.021765651181340218,4to5
1857,1858,OADMET-0003518,5.25,train,5to6,4,1.5742124332973617e-06,0.0002073510258924216,0.7869670987129211,0.2127753347158432,4.867124880547635e-05,4to5
1858,1859,OADMET-0003517,4.91,train,4to5,0,0.000166342593729496,0.0006363295833580196,0.018934207037091255,0.42950400710105896,0.5507591366767883,gte6
1859,1860,OADMET-0003516,5.29,train,5to6,2,0.0002137213887181133,0.001812416478060186,0.38411813974380493,0.6106153130531311,0.0032403653021901846,5to6
1860,1861,OADMET-0003515,5.14,train,5to6,2,0.00027043605223298073,0.000625664135441184,0.33242061734199524,0.6596609950065613,0.00702225835993886,5to6
1861,1862,OADMET-0003514,5.35,train,5to6,3,1.0882748028961942e-05,0.001997576327994466,0.8853880167007446,0.11240992695093155,0.00019357896235305816,4to5
1862,1863,OADMET-0003513,5.66,train,5to6,1,6.896183890603425e-07,2.074492113024462e-05,0.018794042989611626,0.972170352935791,0.009014217182993889,5to6
1863,1864,OADMET-0003512,5.89,train,5to6,0,7.256172011693707e-06,0.0001430503325536847,0.08057955652475357,0.7452369928359985,0.17403317987918854,5to6
1864,1865,OADMET-0003511,5.55,train,5to6,4,2.910421926571871e-06,9.767370647750795e-05,0.09063974767923355,0.9010249376296997,0.008234714157879353,5to6
1865,1866,OADMET-0003510,5.2,train,5to6,0,2.5705090592964552e-05,0.004044321831315756,0.6340526938438416,0.3569568991661072,0.004920372273772955,4to5
1866,1867,OADMET-0003509,2.94,train,lt3,3,0.6399304866790771,0.15047752857208252,0.1896342784166336,0.013544466346502304,0.006413288880139589,lt3
1867,1868,OADMET-0003508,5.23,train,5to6,1,0.0008344434900209308,0.002829906065016985,0.255994975566864,0.7125866413116455,0.02775409258902073,5to6
1868,1869,OADMET-0003506,5.14,train,5to6,2,2.0611541913240217e-06,4.800553870154545e-05,0.021111495792865753,0.9745578169822693,0.0042806691490113735,5to6
1869,1870,OADMET-0003505,5.74,train,5to6,2,0.013173572719097137,0.013798434287309647,0.177884042263031,0.7912319302558899,0.003911926411092281,5to6
1870,1871,OADMET-0003504,5.58,train,5to6,1,0.00022943034127820283,0.04384610429406166,0.6233261227607727,0.33152860403060913,0.0010697593679651618,4to5
1871,1872,OADMET-0003503,6.140000000000001,train,gte6,4,1.2972614058526233e-05,0.0001259639539057389,0.1892455816268921,0.806912362575531,0.0037031355313956738,5to6
1872,1873,OADMET-0003502,5.35,train,5to6,1,1.9215247448300943e-05,0.01578395813703537,0.24316635727882385,0.7317793369293213,0.009251068346202374,5to6
1873,1874,OADMET-0003501,5.23,train,5to6,4,0.00035229179775342345,0.016414042562246323,0.7156956195831299,0.2667480707168579,0.0007900509517639875,4to5
1874,1875,OADMET-0003500,5.24,train,5to6,1,4.486282341531478e-05,0.0023212747182697058,0.50605708360672,0.48969709873199463,0.001879704650491476,4to5
1875,1876,OADMET-0003499,6.215,train,gte6,1,1.1280362741672434e-05,0.0003698194632306695,0.10411582142114639,0.8877721428871155,0.0077308895997703075,5to6
1876,1877,OADMET-0003498,5.39,train,5to6,3,0.0007811860414221883,0.025778673589229584,0.7855527400970459,0.18518862128257751,0.0026986964512616396,4to5
1877,1878,OADMET-0003497,2.95,train,lt3,2,0.0029339345637708902,0.277869313955307,0.653124988079071,0.06338274478912354,0.0026889697182923555,4to5
1878,1879,OADMET-0003496,5.77,train,5to6,1,1.6940193745540455e-05,0.0027625944931060076,0.17473334074020386,0.7725722789764404,0.0499148927628994,5to6
1879,1880,OADMET-0003495,3.42,train,3to4,3,0.42943698167800903,0.4808521866798401,0.08407191187143326,0.0051710703410208225,0.0004678358091041446,3to4
1880,1881,OADMET-0003493,5.42,train,5to6,3,0.005893958732485771,0.06327422708272934,0.8601870536804199,0.07008304446935654,0.0005616844864562154,4to5
1881,1882,OADMET-0003492,5.47,train,5to6,0,4.198959231871413e-06,0.00021639368787873536,0.079250767827034,0.8618866205215454,0.05864202603697777,5to6
1882,1883,OADMET-0003491,4.98,train,4to5,2,0.00031051214318722486,0.02543472871184349,0.6057524085044861,0.36003783345222473,0.008464456535875797,4to5
1883,1884,OADMET-0003490,5.57,train,5to6,2,1.9746095858863555e-05,0.00017462391406297684,0.19982479512691498,0.7966120839118958,0.0033687518443912268,5to6
1884,1885,OADMET-0003489,5.3,train,5to6,0,0.0022933962754905224,0.003132268786430359,0.10065402090549469,0.3080385625362396,0.585881769657135,gte6
1885,1886,OADMET-0003488,5.37,train,5to6,1,0.00105735519900918,0.008104929700493813,0.15365943312644958,0.8249669671058655,0.012211327441036701,5to6
1886,1887,OADMET-0003487,4.94,train,4to5,2,3.8830847188364714e-05,0.00015035003889352083,0.19710667431354523,0.8011415600776672,0.001562645542435348,5to6
1887,1888,OADMET-0003486,5.880000000000001,train,5to6,3,8.013792580641166e-07,9.407815377926454e-05,0.11661247164011002,0.6622742414474487,0.2210184633731842,5to6
1888,1889,OADMET-0003485,5.57,train,5to6,4,1.6195768694160506e-05,3.162485154462047e-05,0.12090889364480972,0.8733333945274353,0.005709868855774403,5to6
1889,1890,OADMET-0003484,5.39,train,5to6,2,1.8703890418692026e-06,3.618972641561413e-06,0.013141540810465813,0.9831185340881348,0.0037344375159591436,5to6
1890,1891,OADMET-0003483,5.45,train,5to6,3,3.9687638491159305e-06,0.0022823417093604803,0.45010140538215637,0.545110821723938,0.002501503797248006,5to6
1891,1892,OADMET-0003482,5.43,train,5to6,0,4.6053872210904956e-05,0.0019059829646721482,0.39834392070770264,0.5384855270385742,0.061218585819005966,5to6
1892,1893,OADMET-0003481,5.38,train,5to6,3,1.104979764932068e-05,0.0006037255516275764,0.17020627856254578,0.8274208307266235,0.001758137485012412,5to6
1893,1894,OADMET-0003480,5.33,train,5to6,1,6.145409861346707e-05,0.00016174362099263817,0.6216451525688171,0.3777739107608795,0.000357748765964061,4to5
1894,1895,OADMET-0003479,4.92,train,4to5,0,0.00011236353020649403,0.00029511700267903507,0.2646603584289551,0.7206652164459229,0.01426699012517929,5to6
1895,1896,OADMET-0003478,1.83,train,lt3,2,0.2594974935054779,0.5410589575767517,0.19070476293563843,0.008261866867542267,0.0004769614606630057,3to4
1896,1897,OADMET-0003477,5.9,train,5to6,4,7.060774805722758e-05,0.00024300237419083714,0.11599902808666229,0.8750280737876892,0.008659305050969124,5to6
1897,1898,OADMET-0003476,4.79,train,4to5,1,3.356853994773701e-05,0.0015215770108625293,0.34232744574546814,0.6546235084533691,0.0014939226675778627,5to6
1898,1899,OADMET-0003475,4.9,train,4to5,3,0.00048485086881555617,0.03772038593888283,0.8481346368789673,0.10895314812660217,0.004707003477960825,4to5
1899,1900,OADMET-0003474,5.89,train,5to6,2,3.157189667035709e-06,7.162680412875488e-05,0.07698751240968704,0.8678349256515503,0.05510282143950462,5to6
1900,1901,OADMET-0003473,5.98,train,5to6,2,3.768219357880298e-06,0.0008882962283678353,0.0851677805185318,0.863998532295227,0.04994158819317818,5to6
1901,1902,OADMET-0003472,6.015000000000001,train,gte6,0,4.24985637437203e-06,0.001380764995701611,0.14542634785175323,0.8323644995689392,0.0208241268992424,5to6
1902,1903,OADMET-0003471,5.4,train,5to6,0,0.0037572116125375032,0.03989299014210701,0.6661990284919739,0.28058311343193054,0.00956762209534645,4to5
1903,1904,OADMET-0003470,5.82,train,5to6,1,1.0280926971972804e-06,0.0005315120797604322,0.3216584026813507,0.6761515736579895,0.0016574340406805277,5to6
1904,1905,OADMET-0003469,4.82,train,4to5,4,5.871925623068819e-06,0.0008976402459666133,0.5506443381309509,0.4463651478290558,0.0020869786385446787,4to5
1905,1906,OADMET-0003468,1.85,train,lt3,0,0.021445272490382195,0.029075253754854202,0.8576427102088928,0.08388957381248474,0.007947087287902832,4to5
1906,1907,OADMET-0003467,6.494999999999999,train,gte6,1,7.573586202624938e-08,7.852181056478003e-07,0.0021451956126838923,0.8779915571212769,0.11986240744590759,5to6
1907,1908,OADMET-0003466,5.3,train,5to6,0,4.8576363042229787e-05,0.0011150987120345235,0.6422858238220215,0.35454249382019043,0.00200799317099154,4to5
1908,1909,OADMET-0003465,5.54,train,5to6,1,1.5247534975060262e-05,0.0004532916937023401,0.017224926501512527,0.9760540723800659,0.006252491381019354,5to6
1909,1910,OADMET-0003464,5.16,train,5to6,1,1.1366114449629094e-05,0.0006631225696764886,0.35092416405677795,0.6467364430427551,0.0016648853197693825,5to6
1910,1911,OADMET-0003463,5.14,train,5to6,3,1.8816690783296508e-07,1.0914482118096203e-05,0.16690735518932343,0.8099905252456665,0.023091048002243042,5to6
1911,1912,OADMET-0003462,4.92,train,4to5,1,4.7934841859387234e-05,0.0011890328023582697,0.1015249714255333,0.889118492603302,0.008119592443108559,5to6
1912,1913,OADMET-0003461,1.76,train,lt3,3,0.9802746176719666,0.016874536871910095,0.0016310159116983414,0.0009044567123055458,0.000315386860165745,lt3
1913,1914,OADMET-0003460,5.555,train,5to6,2,0.00030170870013535023,0.0036162862088531256,0.11147043853998184,0.8762407898902893,0.008370758034288883,5to6
1914,1915,OADMET-0003459,5.04,train,5to6,1,2.519014060453628e-06,0.0001348063669865951,0.023394156247377396,0.9492677450180054,0.027200769633054733,5to6
1915,1916,OADMET-0003458,2.05,train,lt3,1,0.03225771337747574,0.11369253695011139,0.4973498582839966,0.32383212447166443,0.032867807894945145,4to5
1916,1917,OADMET-0003457,5.25,train,5to6,4,4.9107584345620126e-06,2.1629502953146584e-05,0.02697553113102913,0.9707196950912476,0.0022782464511692524,5to6
1917,1918,OADMET-0003456,1.79,train,lt3,0,0.4935056269168854,0.48581618070602417,0.020398160442709923,0.0002685805957298726,1.1478063242975622e-05,lt3
1918,1919,OADMET-0003455,5.47,train,5to6,1,0.00019100774079561234,0.001729473820887506,0.2483314871788025,0.7336198091506958,0.016128212213516235,5to6
1919,1920,OADMET-0003454,1.78,train,lt3,2,0.49382707476615906,0.4260047674179077,0.07619419693946838,0.003950047306716442,2.386960113653913e-05,lt3
1920,1921,OADMET-0003453,5.28,train,5to6,3,1.3334916957319365e-06,9.066978236660361e-05,0.3345758318901062,0.6581507325172424,0.007181475404649973,5to6
1921,1922,OADMET-0003452,5.67,train,5to6,3,0.0005427603609859943,0.009904523380100727,0.41705092787742615,0.40496328473091125,0.16753855347633362,4to5
1922,1923,OADMET-0003451,5.66,train,5to6,4,2.6202507797279395e-05,3.384895171620883e-05,0.10535316914319992,0.8927245140075684,0.0018623282667249441,5to6
1923,1924,OADMET-0003450,5.28,train,5to6,4,3.615774403442629e-05,0.0008195782429538667,0.4653191566467285,0.5327689051628113,0.0010562560055404902,5to6
1924,1925,OADMET-0003449,5.57,train,5to6,0,0.0010864203795790672,0.14486543834209442,0.6544066071510315,0.19763688743114471,0.0020046860445290804,4to5
1925,1926,OADMET-0003448,5.01,train,5to6,2,0.0002521868154872209,0.0002632603864185512,0.3783724009990692,0.6203756928443909,0.0007365032797679305,5to6
1926,1927,OADMET-0003447,5.49,train,5to6,1,1.0964515240630135e-05,0.0015460795257240534,0.0823100209236145,0.9070882797241211,0.00904462207108736,5to6
1927,1928,OADMET-0003446,5.35,train,5to6,4,8.142790761667129e-07,0.0001387640950269997,0.12029235064983368,0.8783499598503113,0.001218023942783475,5to6
1928,1929,OADMET-0003445,5.21,train,5to6,3,6.608541269770285e-08,1.8155154975829646e-05,0.04470929875969887,0.9332947134971619,0.021977810189127922,5to6
1929,1930,OADMET-0003444,2.55,train,lt3,4,0.15621796250343323,0.7537615299224854,0.08864878118038177,0.001361271133646369,1.051303024723893e-05,3to4
1930,1931,OADMET-0003443,2.49,train,lt3,2,0.7444432973861694,0.24406403303146362,0.0071693044155836105,0.0037451758980751038,0.0005781844374723732,lt3
1931,1932,OADMET-0003442,6.325,train,gte6,4,1.7258943785236625e-07,8.55583550674055e-07,0.011603951454162598,0.9713127017021179,0.017082367092370987,5to6
1932,1933,OADMET-0003441,5.75,train,5to6,4,3.4881090016369853e-08,1.701607743598288e-07,0.002142737852409482,0.8309073448181152,0.16694967448711395,5to6
1933,1934,OADMET-0003440,5.49,train,5to6,0,3.4136151953134686e-05,0.00040764379082247615,0.6539478898048401,0.34383273124694824,0.0017776117892935872,4to5
1934,1935,OADMET-0003439,5.33,train,5to6,1,0.00010961114458041266,0.01898464560508728,0.1503535360097885,0.8142284750938416,0.0163237527012825,5to6
1935,1936,OADMET-0003438,6.0,train,5to6,2,1.1063206329708919e-05,0.000124369835248217,0.2975222170352936,0.6828892827033997,0.019453050568699837,5to6
1936,1937,OADMET-0003437,5.955,train,5to6,3,2.054507058346644e-05,0.0038066329434514046,0.671491801738739,0.3207794427871704,0.003901644377037883,4to5
1937,1938,OADMET-0003436,5.859999999999999,train,5to6,3,9.522949540041736e-08,5.547718683374114e-05,0.07822366803884506,0.8968994617462158,0.02482130005955696,5to6
1938,1939,OADMET-0003435,5.56,train,5to6,2,1.977806277864147e-06,2.2020416508894414e-05,0.025061490014195442,0.9690305590629578,0.005883936304599047,5to6
1939,1940,OADMET-0003434,6.01,train,gte6,0,0.0004656795063056052,0.005114440340548754,0.43725427985191345,0.543576180934906,0.013589378446340561,5to6
1940,1941,OADMET-0003433,5.83,train,5to6,4,4.45465220266783e-09,7.487883380008498e-08,0.007396044675260782,0.943104088306427,0.04949980601668358,5to6
1941,1942,OADMET-0003432,5.48,train,5to6,0,1.4492881064143148e-06,0.00041038874769583344,0.15421117842197418,0.8397755026817322,0.005601504351943731,5to6
1942,1943,OADMET-0003431,5.7,train,5to6,4,0.0023767175152897835,0.030383115634322166,0.5661503076553345,0.39583852887153625,0.0052512637339532375,4to5
1943,1944,OADMET-0003430,3.79,train,3to4,3,0.0029585177544504404,0.1049904003739357,0.8356267213821411,0.055229101330041885,0.0011952625354751945,4to5
1944,1945,OADMET-0003429,5.31,train,5to6,1,2.7444728402770124e-05,0.0012216528411954641,0.21331153810024261,0.7797197103500366,0.005719645414501429,5to6
1945,1946,OADMET-0003428,5.09,train,5to6,0,0.00039461199776269495,0.018488654866814613,0.6947901248931885,0.28424960374832153,0.0020769916009157896,4to5
1946,1947,OADMET-0003427,5.34,train,5to6,2,1.1281440492894035e-05,1.6024223441490903e-05,0.07041226327419281,0.9207719564437866,0.008788450621068478,5to6
1947,1948,OADMET-0003426,5.49,train,5to6,1,8.750495908316225e-06,0.001413540681824088,0.48998093605041504,0.5074467062950134,0.0011500688269734383,5to6
1948,1949,OADMET-0003425,5.59,train,5to6,4,0.003094285726547241,0.017521213740110397,0.4840403199195862,0.48990777134895325,0.0054364316165447235,5to6
1949,1950,OADMET-0003424,5.69,train,5to6,0,4.228033503750339e-05,0.0016332600498571992,0.4001242518424988,0.5922377109527588,0.005962463095784187,5to6
1950,1951,OADMET-0003423,3.0,train,lt3,3,0.3250204920768738,0.16456155478954315,0.47364696860313416,0.03496575355529785,0.0018052395898848772,4to5
1951,1952,OADMET-0003422,5.53,train,5to6,2,1.578948285896331e-05,0.00026473175967112184,0.2492818683385849,0.7496936321258545,0.0007439661421813071,5to6
1952,1953,OADMET-0003421,3.38,train,3to4,2,0.17265847325325012,0.43170228600502014,0.3708065450191498,0.024627119302749634,0.00020565216254908592,3to4
1953,1954,OADMET-0003420,5.3,train,5to6,1,2.027315531449858e-06,9.036288247443736e-05,0.18158212304115295,0.8124826550483704,0.005842843558639288,5to6
1954,1955,OADMET-0003419,5.68,train,5to6,0,2.1464986275532283e-05,0.0003195208264514804,0.09418181329965591,0.8948147892951965,0.010662352666258812,5to6
1955,1956,OADMET-0003418,5.44,train,5to6,1,1.9389399312785827e-06,3.994049984612502e-05,0.05759167671203613,0.9381657242774963,0.004200685303658247,5to6
1956,1957,OADMET-0003417,5.87,train,5to6,2,9.271094825180626e-08,9.560411854181439e-06,0.0017457343637943268,0.7931550741195679,0.20508956909179688,5to6
1957,1958,OADMET-0003416,4.81,train,4to5,3,0.08375833183526993,0.05116129666566849,0.22247813642024994,0.6278020143508911,0.014800267294049263,5to6
1958,1959,OADMET-0003415,5.89,train,5to6,2,4.761109266837593e-07,0.00287906127050519,0.3619663417339325,0.6339855194091797,0.0011685540666803718,5to6
1959,1960,OADMET-0003414,6.845,train,gte6,2,1.0944096402454306e-06,2.680424222489819e-05,0.013468531891703606,0.9750186800956726,0.011484835296869278,5to6
1960,1961,OADMET-0003413,5.54,train,5to6,4,1.3513195881387219e-05,0.00011394048488000408,0.44907981157302856,0.5496881008148193,0.0011046762811020017,5to6
1961,1962,OADMET-0003412,5.975,train,5to6,1,1.9000084648723714e-05,0.0003716458159033209,0.11836406588554382,0.854388952255249,0.02685639075934887,5to6
1962,1963,OADMET-0003411,5.8,train,5to6,1,1.5003399767010706e-07,1.2574977517942898e-05,0.14852313697338104,0.8502795696258545,0.0011846040142700076,5to6
1963,1964,OADMET-0003410,2.28,train,lt3,3,0.26970621943473816,0.6556218862533569,0.07230522483587265,0.0016539449570700526,0.0007127469289116561,3to4
1964,1965,OADMET-0003409,6.41,train,gte6,1,1.3938660003987025e-07,9.125562428380363e-06,0.018119217827916145,0.9572108387947083,0.024660736322402954,5to6
1965,1966,OADMET-0003408,5.45,train,5to6,1,7.706585165578872e-05,0.0024514482356607914,0.3987516462802887,0.5904574394226074,0.00826240237802267,5to6
1966,1967,OADMET-0003407,5.48,train,5to6,2,4.1754023527573736e-07,5.424386472441256e-05,0.019483815878629684,0.9684126377105713,0.012048928998410702,5to6
1967,1968,OADMET-0003406,5.85,train,5to6,3,1.5165162494668039e-06,0.0030537587590515614,0.5162862539291382,0.47819969058036804,0.0024588380474597216,4to5
1968,1969,OADMET-0003405,2.42,train,lt3,0,0.8374109268188477,0.16100361943244934,0.001518330303952098,5.308377876644954e-05,1.4073637430556118e-05,lt3
1969,1970,OADMET-0003404,5.88,train,5to6,0,0.0002373963943682611,0.0002570222713984549,0.3550735414028168,0.5213062167167664,0.12312579900026321,5to6
1970,1971,OADMET-0003403,5.61,train,5to6,2,1.864003024820704e-05,0.0011480636894702911,0.30776602029800415,0.6783761382102966,0.0126911960542202,5to6
1971,1972,OADMET-0003402,5.81,train,5to6,0,0.029486123472452164,0.05699612572789192,0.5930848121643066,0.3115776479244232,0.008855362422764301,4to5
1972,1973,OADMET-0003401,5.25,train,5to6,2,2.996229704876896e-05,2.7988400688627735e-05,0.23848678171634674,0.7530065178871155,0.008448696695268154,5to6
1973,1974,OADMET-0003400,5.38,train,5to6,0,0.00018726364942267537,0.0037320242263376713,0.6646000742912292,0.321159690618515,0.010320916771888733,4to5
1974,1975,OADMET-0003399,5.3,train,5to6,3,2.7497748078531004e-08,4.414644718053751e-05,0.551906406879425,0.4414632320404053,0.006586184725165367,4to5
1975,1976,OADMET-0003398,5.33,train,5to6,2,0.00024142499023582786,0.013726167380809784,0.3640167713165283,0.6094960570335388,0.012519579380750656,5to6
1976,1977,OADMET-0003397,6.470000000000001,train,gte6,2,4.436348035596893e-07,9.315028000855818e-05,0.030390799045562744,0.9676606059074402,0.001855006325058639,5to6
1977,1978,OADMET-0003396,5.33,train,5to6,0,5.704835984943202e-06,3.181822830811143e-05,0.025725651532411575,0.9508287906646729,0.02340804785490036,5to6
1978,1979,OADMET-0003395,5.58,train,5to6,2,3.2727439247537404e-07,0.00010268004552926868,0.027827365323901176,0.9558547735214233,0.01621490716934204,5to6
1979,1980,OADMET-0003394,1.74,train,lt3,3,0.933198869228363,0.06421449780464172,0.00124914082698524,0.0005527251050807536,0.0007848281529732049,lt3
1980,1981,OADMET-0003393,1.97,train,lt3,3,0.3730381727218628,0.29930785298347473,0.3144756853580475,0.012491583824157715,0.0006866723415441811,lt3
1981,1982,OADMET-0003392,3.33,train,3to4,0,0.9417298436164856,0.050010066479444504,0.008204605430364609,4.292941957828589e-05,1.2565679753606673e-05,lt3
1982,1983,OADMET-0003391,5.06,train,5to6,2,0.003372904844582081,0.03340251371264458,0.5205914974212646,0.4355567395687103,0.007076354697346687,4to5
1983,1984,OADMET-0003390,5.29,train,5to6,3,1.6026029697968625e-05,0.00044605162111110985,0.43787145614624023,0.5592615604400635,0.0024049237836152315,5to6
1984,1985,OADMET-0003389,5.31,train,5to6,4,1.1971422281931154e-05,0.00033409756724722683,0.09302809089422226,0.903473436832428,0.0031524156220257282,5to6
1985,1986,OADMET-0003388,5.5,train,5to6,4,0.0003211275616195053,0.00023375742603093386,0.1674552857875824,0.8196969628334045,0.012292920611798763,5to6
1986,1987,OADMET-0003387,4.97,train,4to5,4,0.0002458110684528947,0.006801059003919363,0.9528926014900208,0.040030527859926224,3.0021892598597333e-05,4to5
1987,1988,OADMET-0003386,3.35,train,3to4,3,0.7030037045478821,0.24935407936573029,0.04670029133558273,0.0009079207666218281,3.404581002541818e-05,lt3
1988,1989,OADMET-0003385,5.48,train,5to6,3,3.436716360738501e-05,0.001650575315579772,0.3155761659145355,0.6756499409675598,0.007088945712894201,5to6
1989,1990,OADMET-0003384,5.16,train,5to6,1,4.525732038018759e-06,0.0004988619475625455,0.1881715953350067,0.8093286752700806,0.001996363280341029,5to6
1990,1991,OADMET-0003383,5.38,train,5to6,0,0.01162642054259777,0.138361856341362,0.6634167432785034,0.1802748590707779,0.0063201566226780415,4to5
1991,1992,OADMET-0003381,4.635,train,4to5,0,0.006252870429307222,0.023115748539566994,0.5485393404960632,0.40944015979766846,0.012651833705604076,4to5
1992,1993,OADMET-0003380,5.02,train,5to6,4,0.0007882816134952009,0.06275729089975357,0.48216113448143005,0.41597506403923035,0.03831823915243149,4to5
1993,1994,OADMET-0003379,5.68,train,5to6,1,0.00024334638146683574,0.0028765129391103983,0.39394184947013855,0.5179123878479004,0.08502599596977234,5to6
1994,1995,OADMET-0003378,5.51,train,5to6,4,0.002533350372686982,0.0064661456272006035,0.7405036091804504,0.2445105016231537,0.005986443720757961,4to5
1995,1996,OADMET-0003377,5.57,train,5to6,1,0.0002745907986536622,0.0030409493483603,0.3007426857948303,0.6611766219139099,0.03476513549685478,5to6
1996,1997,OADMET-0003376,5.81,train,5to6,0,2.7375011768526747e-07,6.062443389964756e-06,0.05483734980225563,0.9421562552452087,0.0030000885017216206,5to6
1997,1998,OADMET-0003375,5.19,train,5to6,1,0.0009423444862477481,0.00398298492655158,0.8723074793815613,0.12180521339178085,0.0009619016200304031,4to5
1998,1999,OADMET-0003374,5.16,train,5to6,3,3.962120409539693e-09,7.636004738742486e-06,0.15190884470939636,0.8464246392250061,0.0016589463921263814,5to6
1999,2000,OADMET-0003373,1.86,train,lt3,1,0.595221757888794,0.2523655891418457,0.10482695698738098,0.046866342425346375,0.000719261821359396,lt3
2000,2001,OADMET-0003372,5.37,train,5to6,4,3.367448186963884e-07,1.289769784307282e-06,0.12792159616947174,0.8360540270805359,0.03602283075451851,5to6
2001,2002,OADMET-0003371,5.05,train,5to6,1,0.008480099961161613,0.008690638467669487,0.45989540219306946,0.5201548933982849,0.0027790223248302937,5to6
2002,2003,OADMET-0003370,2.45,train,lt3,3,0.8543196320533752,0.14299719035625458,0.0026305662468075752,2.547248914197553e-05,2.7121272069052793e-05,lt3
2003,2004,OADMET-0003369,1.96,train,lt3,0,0.12742547690868378,0.8194661736488342,0.03399138152599335,0.01570003107190132,0.0034169473219662905,3to4
2004,2005,OADMET-0003368,6.27,train,gte6,4,2.7583477276493795e-05,0.0010710112983360887,0.3270428776741028,0.6464367508888245,0.025421729311347008,5to6
2005,2006,OADMET-0003367,5.56,train,5to6,2,6.706146109536348e-07,1.7036252756952308e-05,0.39302343130111694,0.6064504981040955,0.0005083690630272031,5to6
2006,2007,OADMET-0003366,5.59,train,5to6,4,0.0009279419900849462,0.12352613359689713,0.517982006072998,0.34659579396247864,0.010968172922730446,4to5
2007,2008,OADMET-0003365,5.58,train,5to6,0,1.7439890598325292e-07,1.8448870832799003e-05,0.04610360413789749,0.8715018033981323,0.08237602561712265,5to6
2008,2009,OADMET-0003364,3.18,train,3to4,4,0.1172315925359726,0.0385139174759388,0.4694604277610779,0.3485652506351471,0.02622884139418602,4to5
2009,2010,OADMET-0003363,5.84,train,5to6,4,2.6231855372316204e-05,9.502266766503453e-05,0.6439920663833618,0.35408952832221985,0.001797208678908646,4to5
2010,2011,OADMET-0003362,5.61,train,5to6,0,6.56591437291354e-05,0.0050676134414970875,0.6303921341896057,0.35013216733932495,0.01434249710291624,4to5
2011,2012,OADMET-0003361,1.88,train,lt3,4,0.6394442319869995,0.2404961735010147,0.117032490670681,0.00298187043517828,4.531285958364606e-05,lt3
2012,2013,OADMET-0003360,5.39,train,5to6,1,7.20723983249627e-05,0.0013529120478779078,0.484258770942688,0.4859963059425354,0.028319943696260452,5to6
2013,2014,OADMET-0003358,4.86,train,4to5,0,0.01687786541879177,0.004219357855618,0.5715098977088928,0.39113330841064453,0.016259638592600822,4to5
2014,2015,OADMET-0003357,6.255,train,gte6,1,3.869923602906056e-06,2.4164311980712228e-05,0.07065441459417343,0.919812798500061,0.00950471218675375,5to6
2015,2016,OADMET-0003356,5.45,train,5to6,1,8.025504030229058e-06,0.0005088168545626104,0.06033119931817055,0.9098734259605408,0.02927854098379612,5to6
2016,2017,OADMET-0003355,2.96,train,lt3,0,0.5784230828285217,0.21388566493988037,0.13061077892780304,0.04825931787490845,0.02882116660475731,lt3
2017,2018,OADMET-0003354,3.9,train,3to4,1,0.01264437660574913,0.7329619526863098,0.23057197034358978,0.01966046541929245,0.004161247052252293,3to4
2018,2019,OADMET-0003353,5.64,train,5to6,3,7.955030014272779e-05,0.00327856931835413,0.8459965586662292,0.1495543122291565,0.0010909877019003034,4to5
2019,2020,OADMET-0003352,5.59,train,5to6,3,1.1757349760443958e-08,3.332005508127622e-05,0.0341644324362278,0.9505190253257751,0.015283203683793545,5to6
2020,2021,OADMET-0003351,5.07,train,5to6,2,0.0012434205273166299,0.0010685119777917862,0.11133785545825958,0.8855991959571838,0.0007510439609177411,5to6
2021,2022,OADMET-0003350,5.82,train,5to6,2,9.304641935159452e-06,8.830903243506327e-05,0.6897286176681519,0.3091195225715637,0.001054238062351942,4to5
2022,2023,OADMET-0003349,5.41,train,5to6,0,4.13099178331322e-06,0.00026878362405113876,0.26804056763648987,0.7231214046478271,0.008565163239836693,5to6
2023,2024,OADMET-0003348,6.33,train,gte6,1,2.8095707094166755e-08,6.034910256857984e-06,0.00886828824877739,0.9878902435302734,0.0032353929709643126,5to6
2024,2025,OADMET-0003347,5.83,train,5to6,3,0.00022235405049286783,0.0012137487065047026,0.08153726905584335,0.798279881477356,0.11874675750732422,5to6
2025,2026,OADMET-0003346,5.34,train,5to6,3,0.0024364241398870945,0.021820509806275368,0.8826202154159546,0.09142084419727325,0.001702032401226461,4to5
2026,2027,OADMET-0003345,4.975,train,4to5,3,4.2109615606023e-05,0.00045217000297270715,0.2152910977602005,0.7525753974914551,0.03163924068212509,5to6
2027,2028,OADMET-0003344,6.26,train,gte6,4,9.314676572103053e-05,0.0002598778228275478,0.20931608974933624,0.787935733795166,0.002395141404122114,5to6
2028,2029,OADMET-0003343,5.965,train,5to6,2,9.564586071064696e-05,0.0005631252424791455,0.32538944482803345,0.6703298091888428,0.003621985437348485,5to6
2029,2030,OADMET-0003342,5.38,train,5to6,2,3.2380544325860683e-06,0.030251266434788704,0.5546610951423645,0.41448140144348145,0.0006029927753843367,4to5
2030,2031,OADMET-0003341,6.09,train,gte6,0,6.338977073028218e-06,0.00011706766963470727,0.018533241003751755,0.7728777527809143,0.2084656059741974,5to6
2031,2032,OADMET-0003340,4.98,train,4to5,2,0.005283169448375702,0.009127098135650158,0.6962381601333618,0.28656435012817383,0.0027872412465512753,4to5
2032,2033,OADMET-0003339,2.62,train,lt3,4,0.23127877712249756,0.7648014426231384,0.003900412702932954,1.915944267238956e-05,2.425088894142391e-07,3to4
2033,2034,OADMET-0003338,5.42,train,5to6,0,0.010615367442369461,0.05438453331589699,0.6325168609619141,0.2933650612831116,0.009118215180933475,4to5
2034,2035,OADMET-0003337,5.01,train,5to6,2,3.390221934296278e-07,9.984848929889267e-07,0.005415669642388821,0.9932700991630554,0.0013129438739269972,5to6
2035,2036,OADMET-0003336,5.65,train,5to6,3,1.463171770410554e-07,0.0002145215985365212,0.10558708757162094,0.8529557585716248,0.04124249517917633,5to6
2036,2037,OADMET-0003335,1.85,train,lt3,0,0.03872488811612129,0.7852362990379333,0.15723347663879395,0.01698606088757515,0.0018192693823948503,3to4
2037,2038,OADMET-0003334,6.16,train,gte6,1,1.0611859835307769e-07,2.2680429538013414e-05,0.03940194845199585,0.9037312269210815,0.05684404820203781,5to6
2038,2039,OADMET-0003333,5.44,train,5to6,4,4.060736458200154e-08,2.8227987058926374e-07,0.00648287869989872,0.9760763645172119,0.0174404289573431,5to6
2039,2040,OADMET-0003332,5.29,train,5to6,0,0.0036347433924674988,0.02668187953531742,0.3824552297592163,0.5766322016716003,0.0105958953499794,5to6
2040,2041,OADMET-0003331,5.67,train,5to6,2,0.00018684631504584104,0.0005508566973730922,0.09594085067510605,0.9009692072868347,0.0023522591218352318,5to6
2041,2042,OADMET-0003330,5.29,train,5to6,0,1.1468122465885244e-05,0.00019643365521915257,0.16381670534610748,0.7718283534049988,0.06414704024791718,5to6
2042,2043,OADMET-0003329,5.67,train,5to6,0,0.004914791788905859,0.004446093458682299,0.5292949676513672,0.4554246664047241,0.005919492803514004,4to5
2043,2044,OADMET-0003328,5.13,train,5to6,0,0.006317867897450924,0.006412116810679436,0.14453880488872528,0.706612765789032,0.13611844182014465,5to6
2044,2045,OADMET-0003327,5.69,train,5to6,4,1.5867368347244337e-05,0.00011426531273173168,0.10416107624769211,0.892808198928833,0.0029005808755755424,5to6
2045,2046,OADMET-0003326,5.39,train,5to6,2,7.764744077576324e-05,0.00023554335348308086,0.09469395130872726,0.904099702835083,0.0008930605254136026,5to6
2046,2047,OADMET-0003325,5.69,train,5to6,4,8.076269295997918e-06,1.7282050976064056e-05,0.09158850461244583,0.9040600657463074,0.004326048772782087,5to6
2047,2048,OADMET-0003324,5.86,train,5to6,4,0.0005667298682965338,0.0009950578678399324,0.4568471312522888,0.5347540974617004,0.006836986634880304,5to6
2048,2049,OADMET-0003323,2.69,train,lt3,0,0.02958710864186287,0.06765855103731155,0.5861296653747559,0.2915387749671936,0.025085976347327232,4to5
2049,2050,OADMET-0003322,6.23,train,gte6,3,4.028052899229806e-06,5.455324208014645e-05,0.08768556267023087,0.8990039229393005,0.013251983560621738,5to6
2050,2051,OADMET-0003321,5.84,train,5to6,4,3.986798401456326e-05,0.00015541320317424834,0.09488307684659958,0.894458532333374,0.010463095270097256,5to6
2051,2052,OADMET-0003320,5.24,train,5to6,4,2.6750874894787557e-05,0.000797968590632081,0.5536090731620789,0.44187334179878235,0.003692946396768093,4to5
2052,2053,OADMET-0003319,5.13,train,5to6,4,4.175768481218256e-06,6.486214260803536e-05,0.09759917855262756,0.8981391787528992,0.004192568361759186,5to6
2053,2054,OADMET-0003318,5.45,train,5to6,0,0.0022803291212767363,0.02789936773478985,0.7720834612846375,0.17343129217624664,0.0243055522441864,4to5
2054,2055,OADMET-0003317,2.65,train,lt3,0,0.9309945106506348,0.0680214986205101,0.0009686485282145441,1.2895257896161638e-05,2.491491613909602e-06,lt3
2055,2056,OADMET-0003316,5.945,train,5to6,2,5.1020105473753574e-08,1.0261946044920478e-05,0.009403390809893608,0.9658064246177673,0.02477986365556717,5to6
2056,2057,OADMET-0003315,5.1,train,5to6,1,0.00887445267289877,0.05096675083041191,0.35142356157302856,0.5821671485900879,0.006568088661879301,5to6
2057,2058,OADMET-0003314,5.77,train,5to6,3,3.8008838743053275e-08,3.567038584151305e-05,0.2240699678659439,0.7737770676612854,0.002117300173267722,5to6
2058,2059,OADMET-0003313,3.31,train,3to4,2,0.15110650658607483,0.3434612452983856,0.5007720589637756,0.004643947351723909,1.6253283320111223e-05,4to5
2059,2060,OADMET-0003312,5.865,train,5to6,4,0.00012307196448091418,0.0014703646302223206,0.2229582667350769,0.7700590491294861,0.005389160476624966,5to6
2060,2061,OADMET-0003311,5.78,train,5to6,3,1.1122615433123428e-06,0.00013994459004607052,0.012465592473745346,0.4804682731628418,0.5069250464439392,gte6
2061,2062,OADMET-0003310,5.64,train,5to6,1,0.0003386527532711625,0.005488132126629353,0.1345868557691574,0.7948101758956909,0.06477618962526321,5to6
2062,2063,OADMET-0003309,5.33,train,5to6,3,1.3830463103658985e-06,0.0017851456068456173,0.6087468266487122,0.3871607184410095,0.002305955858901143,4to5
2063,2064,OADMET-0003308,5.0,train,4to5,1,4.744968009617878e-07,3.500205639284104e-05,0.11966240406036377,0.8790055513381958,0.0012964720372110605,5to6
2064,2065,OADMET-0003306,5.76,train,5to6,4,6.473149127828037e-09,6.124170681687247e-08,0.005731864832341671,0.9462295174598694,0.04803856089711189,5to6
2065,2066,OADMET-0003305,1.83,train,lt3,1,0.00021016070968471467,0.002415287308394909,0.756057858467102,0.24047444760799408,0.0008423019316978753,4to5
2066,2067,OADMET-0003303,5.62,train,5to6,0,8.798651833785698e-06,0.00048080578562803566,0.05532998591661453,0.9091289639472961,0.03505149483680725,5to6
2067,2068,OADMET-0003302,4.86,train,4to5,3,0.4643559753894806,0.1793968379497528,0.17552120983600616,0.17814764380455017,0.0025783940218389034,lt3
2068,2069,OADMET-0003301,5.42,train,5to6,2,4.560427441901993e-06,0.0005933901993557811,0.20516112446784973,0.7927579879760742,0.0014829832362011075,5to6
2069,2070,OADMET-0003300,5.27,train,5to6,4,6.41151491436176e-05,0.0005628691287711263,0.30517157912254333,0.6889147162437439,0.00528670521453023,5to6
2070,2071,OADMET-0003299,4.75,train,4to5,1,6.405388376151677e-06,4.837367669097148e-05,0.08795786648988724,0.9102977514266968,0.0016896289307624102,5to6
2071,2072,OADMET-0003298,5.85,train,5to6,4,6.278503860812634e-05,0.0006059362785890698,0.26089736819267273,0.7210337519645691,0.01740013249218464,5to6
2072,2073,OADMET-0003297,5.55,train,5to6,2,8.312283171107993e-06,0.0001266680919798091,0.09918522089719772,0.8983449935913086,0.002334826160222292,5to6
2073,2074,OADMET-0003296,5.77,train,5to6,1,5.133210834173951e-07,8.380385224882048e-06,0.014071568846702576,0.9782403707504272,0.007679156959056854,5to6
2074,2075,OADMET-0003295,1.73,train,lt3,3,0.1255858987569809,0.4386898875236511,0.3632408678531647,0.06951659917831421,0.0029667264316231012,3to4
2075,2076,OADMET-0003294,5.23,train,5to6,2,7.870983608881943e-06,0.0009755938081070781,0.07455046474933624,0.9155574440956116,0.00890862662345171,5to6
2076,2077,OADMET-0003293,5.25,train,5to6,2,0.00011934973008465022,0.0038510181475430727,0.5513507723808289,0.4444999098777771,0.0001789728703442961,4to5
2077,2078,OADMET-0003292,5.43,train,5to6,4,1.0600735400601025e-08,3.515684454669099e-07,0.016528630629181862,0.9772117733955383,0.006259262096136808,5to6
2078,2079,OADMET-0003291,5.865,train,5to6,4,3.5685643524629995e-05,0.0006523658521473408,0.18866421282291412,0.8094220757484436,0.0012256591580808163,5to6
2079,2080,OADMET-0003289,5.2,train,5to6,1,5.996331537971855e-07,0.00015171855920925736,0.08074324578046799,0.9167737364768982,0.0023307260125875473,5to6
2080,2081,OADMET-0003288,5.39,train,5to6,1,0.0008177115814760327,0.011337104253470898,0.7101655602455139,0.2758989930152893,0.0017805786337703466,4to5
2081,2082,OADMET-0003287,5.27,train,5to6,3,7.42220152005757e-08,9.528620284982026e-05,0.031940754503011703,0.8850991725921631,0.0828646644949913,5to6
2082,2083,OADMET-0003286,5.51,train,5to6,0,6.317321094684303e-05,0.000396123097743839,0.25445905327796936,0.6987078785896301,0.04637376591563225,5to6
2083,2084,OADMET-0003285,1.73,train,lt3,4,0.0006912940880283713,0.0061394148506224155,0.9713716506958008,0.021784361451864243,1.3350481822271831e-05,4to5
2084,2085,OADMET-0003284,4.89,train,4to5,2,4.7592436658305814e-07,2.7690091883414425e-05,0.0425417497754097,0.954646646976471,0.0027834614738821983,5to6
2085,2086,OADMET-0003283,5.79,train,5to6,2,1.0935060572592192e-06,6.902065069880337e-05,0.056868113577365875,0.9239516854286194,0.019110077992081642,5to6
2086,2087,OADMET-0003282,5.55,train,5to6,3,2.4174097390528004e-08,0.0003149036783725023,0.05023687332868576,0.874626636505127,0.0748216062784195,5to6
2087,2088,OADMET-0003281,5.45,train,5to6,4,0.00323115405626595,0.035642415285110474,0.9205474257469177,0.040205709636211395,0.0003732873883564025,4to5
2088,2089,OADMET-0003280,5.32,train,5to6,1,5.799041173304431e-05,0.0009724374394863844,0.13738657534122467,0.8403819799423218,0.02120102196931839,5to6
2089,2090,OADMET-0003279,4.98,train,4to5,4,4.009410986327566e-06,6.2418703237199225e-06,0.21349939703941345,0.7861107587814331,0.0003796369128394872,5to6
2090,2091,OADMET-0003278,5.31,train,5to6,0,6.084640699555166e-05,0.00041198779945261776,0.1565522700548172,0.775060772895813,0.06791417300701141,5to6
2091,2092,OADMET-0003277,5.85,train,5to6,0,1.1480632565508131e-05,0.00022106897085905075,0.39304789900779724,0.5947404503822327,0.01197919063270092,5to6
2092,2093,OADMET-0003276,5.79,train,5to6,4,0.124239481985569,0.09713821113109589,0.76358562707901,0.014345750212669373,0.0006909646326676011,4to5
2093,2094,OADMET-0003275,5.96,train,5to6,0,5.545748081203783e-06,8.514573710272089e-05,0.2176666557788849,0.7759191393852234,0.006323519162833691,5to6
2094,2095,OADMET-0003274,1.74,train,lt3,1,0.9193685054779053,0.06700751930475235,0.005442326422780752,0.006050995085388422,0.002130709355697036,lt3
2095,2096,OADMET-0003273,5.54,train,5to6,4,1.3632426032472722e-07,4.7296907723648474e-07,0.011686611920595169,0.8945460319519043,0.09376679360866547,5to6
2096,2097,OADMET-0003272,5.13,train,5to6,4,1.0991670933435671e-05,0.00044153857743367553,0.13753828406333923,0.8537726998329163,0.008236413821578026,5to6
2097,2098,OADMET-0003271,5.62,train,5to6,0,0.00018282904056832194,0.00729227252304554,0.6815235614776611,0.31010350584983826,0.0008978382684290409,4to5
2098,2099,OADMET-0003270,5.99,train,5to6,2,2.4594996261839697e-07,0.0002913229982368648,0.037864431738853455,0.9146853089332581,0.04715874046087265,5to6
2099,2100,OADMET-0003269,5.83,train,5to6,1,1.913830237754155e-05,0.0014685788191854954,0.3475596308708191,0.6483562588691711,0.0025964078959077597,5to6
2100,2101,OADMET-0003268,4.99,train,4to5,2,0.001714564859867096,0.03881901130080223,0.33178937435150146,0.6176700592041016,0.01000704150646925,5to6
2101,2102,OADMET-0003267,1.75,train,lt3,1,0.11211366951465607,0.4945239722728729,0.28211456537246704,0.1064419373869896,0.0048057823441922665,3to4
2102,2103,OADMET-0003266,6.18,train,gte6,4,2.1468959943149457e-09,6.163147645565914e-07,0.019364766776561737,0.9120790958404541,0.0685555636882782,5to6
2103,2104,OADMET-0003265,5.15,train,5to6,0,0.00017669462249614298,0.002340583596378565,0.08883257955312729,0.8320499658584595,0.07660020887851715,5to6
2104,2105,OADMET-0003264,5.265000000000001,train,5to6,1,4.2066558307851665e-06,0.00037496001459658146,0.18212294578552246,0.8070035576820374,0.010494363494217396,5to6
2105,2106,OADMET-0003263,4.78,train,4to5,0,0.020659418776631355,0.09673845767974854,0.7332953214645386,0.14406907558441162,0.005237754434347153,4to5
2106,2107,OADMET-0003262,5.2,train,5to6,1,4.4175194489071146e-06,0.00012662744848057628,0.07436776161193848,0.917475700378418,0.008025445975363255,5to6
2107,2108,OADMET-0003261,1.74,train,lt3,3,0.5387570261955261,0.22018349170684814,0.2146715372800827,0.025492388755083084,0.0008956302190199494,lt3
2108,2109,OADMET-0003260,5.98,train,5to6,4,4.625965743798588e-07,0.00014571283827535808,0.12427499890327454,0.8745160102844238,0.001062824740074575,5to6
2109,2110,OADMET-0003258,6.105,train,gte6,3,0.05264363810420036,0.035159431397914886,0.3380189538002014,0.5682841539382935,0.005893798545002937,5to6
2110,2111,OADMET-0003257,6.6850000000000005,train,gte6,2,4.019263997179223e-07,0.00010553974425420165,0.1361771523952484,0.8588360548019409,0.004880827385932207,5to6
2111,2112,OADMET-0003256,5.09,train,5to6,1,9.060728189069778e-06,0.00026294219424016774,0.14818400144577026,0.838299036026001,0.013244873844087124,5to6
2112,2113,OADMET-0003255,5.18,train,5to6,2,6.692152965115383e-06,0.0004464061348699033,0.1852523386478424,0.8139645457267761,0.0003300305688753724,5to6
2113,2114,OADMET-0003254,2.93,train,lt3,0,0.26179206371307373,0.49299201369285583,0.20595960319042206,0.03762863203883171,0.0016276238020509481,3to4
2114,2115,OADMET-0003253,5.47,train,5to6,0,7.857760465412866e-06,9.881443838821724e-05,0.05201930180191994,0.9448779821395874,0.002996036782860756,5to6
2115,2116,OADMET-0003252,5.05,train,5to6,2,0.0015732370084151626,0.021207094192504883,0.602616012096405,0.37077707052230835,0.0038266172632575035,4to5
2116,2117,OADMET-0003251,5.1,train,5to6,2,7.946306141093373e-06,0.00031065757502801716,0.1509622484445572,0.8457561135292053,0.0029630744829773903,5to6
2117,2118,OADMET-0003250,5.06,train,5to6,4,1.8658912495084223e-06,3.422414238229976e-06,0.05716855078935623,0.7245075702667236,0.21831858158111572,5to6
2118,2119,OADMET-0003249,5.08,train,5to6,1,7.053110948618269e-06,0.0003536866861395538,0.045259956270456314,0.934539258480072,0.019840046763420105,5to6
2119,2120,OADMET-0003248,1.83,train,lt3,2,0.14894382655620575,0.03910069912672043,0.5255418419837952,0.2840278446674347,0.002385878236964345,4to5
2120,2121,OADMET-0003247,5.26,train,5to6,1,0.0013041364727541804,0.010323237627744675,0.7429991960525513,0.24456413090229034,0.0008093127980828285,4to5
2121,2122,OADMET-0003246,5.765000000000001,train,5to6,4,0.0033013520296663046,0.0055143567733466625,0.6592243909835815,0.3299624025821686,0.001997484592720866,4to5
2122,2123,OADMET-0003245,5.31,train,5to6,4,9.125485433969516e-08,3.350902261445299e-06,0.02207162231206894,0.9741263389587402,0.0037985946983098984,5to6
2123,2124,OADMET-0003244,5.99,train,5to6,2,8.099285686569146e-09,2.1043822471256135e-06,0.0035150540061295033,0.9189045429229736,0.07757827639579773,5to6
2124,2125,OADMET-0003243,1.91,train,lt3,3,0.9437854886054993,0.03601326793432236,0.010900335386395454,0.0057028355076909065,0.00359814683906734,lt3
2125,2126,OADMET-0003242,5.21,train,5to6,3,0.00045968996710143983,0.016833873465657234,0.582325279712677,0.39904770255088806,0.0013334484538063407,4to5
2126,2127,OADMET-0003241,5.83,train,5to6,1,9.222701180533477e-08,4.316692866268568e-05,0.04168802127242088,0.9423381686210632,0.015930479392409325,5to6
2127,2128,OADMET-0003240,6.215,train,gte6,1,6.284329856498516e-08,1.0645354450389277e-05,0.023084847256541252,0.9754582047462463,0.0014462645631283522,5to6
2128,2129,OADMET-0003239,3.78,train,3to4,1,0.6957378387451172,0.2016361653804779,0.06513764709234238,0.03160367161035538,0.005884626414626837,lt3
2129,2130,OADMET-0003238,5.19,train,5to6,4,8.477492485781113e-09,2.8422948616935173e-07,0.0279553160071373,0.9650353193283081,0.007009046617895365,5to6
2130,2131,OADMET-0003237,5.38,train,5to6,4,3.000202923431061e-06,7.15682253940031e-05,0.12051758915185928,0.8699804544448853,0.00942741334438324,5to6
2131,2132,OADMET-0003236,1.77,train,lt3,3,0.3344230353832245,0.1968781054019928,0.38637444376945496,0.07668949663639069,0.0056348759680986404,4to5
2132,2133,OADMET-0003235,5.19,train,5to6,2,0.00016180778038688004,0.0006376395467668772,0.5139889717102051,0.4166017770767212,0.0686098113656044,4to5
2133,2134,OADMET-0003234,5.43,train,5to6,4,7.26367852621479e-06,5.9470861742738634e-05,0.25945332646369934,0.5902410745620728,0.15023894608020782,5to6
2134,2135,OADMET-0003233,5.58,train,5to6,4,4.833359525946435e-06,0.00013270827184896916,0.3833606541156769,0.6134429574012756,0.0030588661320507526,5to6
2135,2136,OADMET-0003232,4.65,train,4to5,3,0.0009947750950232148,0.0388379730284214,0.5990782976150513,0.3556744158267975,0.005414544139057398,4to5
2136,2137,OADMET-0003231,5.48,train,5to6,1,0.00030322992824949324,0.018624236807227135,0.4590427279472351,0.5169779658317566,0.005051803775131702,5to6
2137,2138,OADMET-0003230,5.29,train,5to6,0,0.00026921648532152176,0.07357810437679291,0.2525683641433716,0.5309604406356812,0.1426238715648651,5to6
2138,2139,OADMET-0003229,4.97,train,4to5,4,0.00014911046309862286,0.0003021986049134284,0.4434327483177185,0.47682663798332214,0.0792892649769783,5to6
2139,2140,OADMET-0003228,5.4,train,5to6,2,0.0001496993500040844,0.0012474285904318094,0.12287458032369614,0.8665140867233276,0.009214116260409355,5to6
2140,2141,OADMET-0003227,5.21,train,5to6,0,0.0006494427798315883,0.005507847294211388,0.7961314916610718,0.19711194932460785,0.0005992966471239924,4to5
2141,2142,OADMET-0003226,5.77,train,5to6,3,5.851516160504389e-09,5.770714324171422e-06,0.05534617602825165,0.9414514899253845,0.003196479519829154,5to6
2142,2143,OADMET-0003225,1.82,train,lt3,1,0.522601842880249,0.3221603333950043,0.14068877696990967,0.013436893001198769,0.00111212651245296,lt3
2143,2144,OADMET-0003224,4.12,train,4to5,3,3.238592398702167e-05,0.12473618984222412,0.5643887519836426,0.29055503010749817,0.02028767392039299,4to5
2144,2145,OADMET-0003223,5.76,train,5to6,4,0.000256524101132527,0.000952215981669724,0.24008744955062866,0.740519106388092,0.01818469911813736,5to6
2145,2146,OADMET-0003222,5.1,train,5to6,1,0.0006765856523998082,0.0014152127550914884,0.6646586656570435,0.3283903896808624,0.004859146662056446,4to5
2146,2147,OADMET-0003221,5.74,train,5to6,4,3.5844834656018065e-06,0.00011168391938554123,0.09172999858856201,0.9053207635879517,0.0028340083081275225,5to6
2147,2148,OADMET-0003220,5.01,train,5to6,3,0.00022659006936009973,0.014905670657753944,0.6992761492729187,0.27716442942619324,0.008427164517343044,4to5
2148,2149,OADMET-0003219,5.17,train,5to6,4,0.0002089371409965679,0.0012965627247467637,0.3927604854106903,0.6039202213287354,0.001813844428397715,5to6
2149,2150,OADMET-0003218,5.11,train,5to6,3,0.00013161430251784623,0.02211832068860531,0.863244891166687,0.11421912163496017,0.0002860625390894711,4to5
2150,2151,OADMET-0003217,4.220000000000001,train,4to5,3,0.417074590921402,0.5383475422859192,0.04110004007816315,0.0025783975142985582,0.0008994583040475845,3to4
2151,2152,OADMET-0003216,1.78,train,lt3,2,0.10637935996055603,0.13376186788082123,0.4494326710700989,0.2893734872341156,0.02105257660150528,4to5
2152,2153,OADMET-0003215,5.14,train,5to6,0,0.0003016685659531504,0.002553495578467846,0.28001534938812256,0.6971514225006104,0.019978057593107224,5to6
2153,2154,OADMET-0003214,5.66,train,5to6,2,4.651932158594718e-06,0.00013582887186203152,0.11056410521268845,0.8780500292778015,0.011245365254580975,5to6
2154,2155,OADMET-0003213,1.75,train,lt3,4,0.9376883506774902,0.06215553358197212,0.00013732232037000358,6.398037839971948e-06,1.2450144822651055e-05,lt3
2155,2156,OADMET-0003212,5.98,train,5to6,0,1.345934288110584e-05,0.0003096924629062414,0.10800769925117493,0.789351761341095,0.10231734067201614,5to6
2156,2157,OADMET-0003211,5.6,train,5to6,4,0.000947897438891232,0.007738704793155193,0.7200479507446289,0.2678064703941345,0.0034590011928230524,4to5
2157,2158,OADMET-0003210,5.3,train,5to6,2,5.420216984930448e-05,0.0012081515742465854,0.658428966999054,0.33544817566871643,0.004860542248934507,4to5
2158,2159,OADMET-0003209,4.95,train,4to5,2,1.920053819048917e-06,0.0005103183211758733,0.0474567785859108,0.9435621500015259,0.008468767628073692,5to6
2159,2160,OADMET-0003208,5.13,train,5to6,0,0.0007606727303937078,0.0034873345866799355,0.35994598269462585,0.6249114871025085,0.010894517414271832,5to6
2160,2161,OADMET-0003207,5.67,train,5to6,1,0.0029654516838490963,0.09939112514257431,0.7510679364204407,0.14472584426403046,0.001849726540967822,4to5
2161,2162,OADMET-0003206,5.29,train,5to6,3,1.870754567789845e-05,0.0015659057535231113,0.7918468713760376,0.20462188124656677,0.0019466837402433157,4to5
2162,2163,OADMET-0003205,5.14,train,5to6,1,0.00010101260704686865,0.0038344452623277903,0.2092095911502838,0.7775797247886658,0.009275203570723534,5to6
2163,2164,OADMET-0003204,1.87,train,lt3,0,0.31270286440849304,0.27072927355766296,0.2331496626138687,0.17182011902332306,0.01159810833632946,lt3
2164,2165,OADMET-0003203,5.78,train,5to6,1,1.7109407224324968e-07,7.070720585033996e-06,0.021243015304207802,0.9765932559967041,0.0021565095521509647,5to6
2165,2166,OADMET-0003202,4.96,train,4to5,2,0.02634577266871929,0.08918582648038864,0.5052998065948486,0.3611750304698944,0.01799357868731022,4to5
2166,2167,OADMET-0003201,5.71,train,5to6,1,2.5352466792583073e-08,2.2723270376445726e-06,0.010498295538127422,0.9860101938247681,0.0034892160911113024,5to6
2167,2168,OADMET-0003200,5.89,train,5to6,2,1.9172969700775866e-07,1.199528924189508e-05,0.027760382741689682,0.9714884757995605,0.0007389872916974127,5to6
2168,2169,OADMET-0003199,5.78,train,5to6,2,7.0443998083646875e-06,0.000828427029773593,0.29354020953178406,0.6947119235992432,0.010912464000284672,5to6
2169,2170,OADMET-0003198,5.68,train,5to6,4,6.718881650158437e-06,0.004642479121685028,0.7236124873161316,0.27080464363098145,0.0009336677030660212,4to5
2170,2171,OADMET-0003197,5.02,train,5to6,0,0.005380063317716122,0.006037117913365364,0.4594852328300476,0.42741307616233826,0.10168450325727463,4to5
2171,2172,OADMET-0003196,5.16,train,5to6,0,0.00018110596283804625,0.008888176642358303,0.5476763844490051,0.4271487295627594,0.01610567979514599,4to5
2172,2173,OADMET-0003195,5.22,train,5to6,4,0.00011981060379184783,0.0004630805633496493,0.2729905843734741,0.7244462370872498,0.0019803293980658054,5to6
2173,2174,OADMET-0003194,5.35,train,5to6,2,1.0735756404756103e-05,0.0018198713660240173,0.4681472182273865,0.5290063619613647,0.001015754067339003,5to6
2174,2175,OADMET-0003193,1.76,train,lt3,1,0.4037399888038635,0.5588896870613098,0.029039805755019188,0.006883563008159399,0.0014469753950834274,3to4
2175,2176,OADMET-0003192,5.975,train,5to6,2,6.73195927447523e-07,5.419505396275781e-05,0.013790248893201351,0.9638959765434265,0.02225893922150135,5to6
2176,2177,OADMET-0003191,5.05,train,5to6,4,1.82115090865409e-05,0.0012948819203302264,0.7563218474388123,0.241526797413826,0.0008383007952943444,4to5
2177,2178,OADMET-0003190,5.66,train,5to6,1,0.00017458271759096533,0.0028113226871937513,0.08739023655653,0.8971464037895203,0.012477430514991283,5to6
2178,2179,OADMET-0003189,4.71,train,4to5,0,0.00884304940700531,0.012881648726761341,0.6318950057029724,0.32098329067230225,0.02539701759815216,4to5
2179,2180,OADMET-0003188,5.18,train,5to6,2,1.139051278187253e-06,2.1416921299532987e-05,0.003970935940742493,0.9367114901542664,0.059294987469911575,5to6
2180,2181,OADMET-0003187,5.23,train,5to6,4,1.0388062946731225e-05,0.0010717551922425628,0.9264478087425232,0.07237329334020615,9.681220399215817e-05,4to5
2181,2182,OADMET-0003186,6.605,train,gte6,1,0.0002209226950071752,0.002522500231862068,0.2554226219654083,0.7382523417472839,0.003581627970561385,5to6
2182,2183,OADMET-0003185,5.27,train,5to6,2,6.259653309825808e-05,0.0005907997256144881,0.5639680027961731,0.4349525272846222,0.0004260568821337074,4to5
2183,2184,OADMET-0003184,5.15,train,5to6,4,6.776643203920685e-06,8.398783393204212e-05,0.32861170172691345,0.6691045165061951,0.0021929906215518713,5to6
2184,2185,OADMET-0003183,5.4,train,5to6,1,4.668177098210435e-06,0.0007416512817144394,0.19295303523540497,0.8011255264282227,0.005175119265913963,5to6
2185,2186,OADMET-0003182,5.11,train,5to6,0,3.314448622404598e-05,0.002903008833527565,0.6004096269607544,0.3962539732456207,0.0004003141075372696,4to5
2186,2187,OADMET-0003181,5.64,train,5to6,2,2.7779414324413665e-08,2.3245991087605944e-06,0.04582439735531807,0.9482855796813965,0.005887662060558796,5to6
2187,2188,OADMET-0003180,5.27,train,5to6,1,0.00011552328214747831,0.0028177837375551462,0.2288171797990799,0.7663966417312622,0.0018529066583141685,5to6
2188,2189,OADMET-0003179,5.15,train,5to6,1,5.30024499312276e-06,0.0008852832252159715,0.14960484206676483,0.8429675102233887,0.0065370541997253895,5to6
2189,2190,OADMET-0003178,4.81,train,4to5,1,1.926740151247941e-05,0.00040639544022269547,0.07442284375429153,0.922843337059021,0.00230810628272593,5to6
2190,2191,OADMET-0003177,4.6,train,4to5,2,0.0005593420937657356,0.001716256607323885,0.9265103936195374,0.07115087658166885,6.314709753496572e-05,4to5
2191,2192,OADMET-0003176,4.78,train,4to5,1,1.653096296649892e-05,0.014522664248943329,0.7437618374824524,0.24075722694396973,0.0009417716064490378,4to5
2192,2193,OADMET-0003175,4.86,train,4to5,3,0.011380402371287346,0.03222613409161568,0.912833034992218,0.04333385080099106,0.00022660134709440172,4to5
2193,2194,OADMET-0003174,5.27,train,5to6,4,9.81369918662267e-09,1.1168044693476986e-06,0.022253690287470818,0.9773725271224976,0.0003726570575963706,5to6
2194,2195,OADMET-0003173,6.56,train,gte6,1,1.6704928995636692e-08,4.239161626173882e-06,0.011481679044663906,0.9631574749946594,0.025356611236929893,5to6
2195,2196,OADMET-0003172,5.46,train,5to6,3,0.0006520424503833055,0.005613186862319708,0.7227849960327148,0.26747021079063416,0.003479601349681616,4to5
2196,2197,OADMET-0003171,5.2,train,5to6,0,0.0017165346071124077,0.01531253196299076,0.7358481287956238,0.24507765471935272,0.002045183442533016,4to5
2197,2198,OADMET-0003170,5.54,train,5to6,2,8.66691152623389e-06,8.747870742809027e-05,0.027267267927527428,0.96839439868927,0.004242174327373505,5to6
2198,2199,OADMET-0003168,5.08,train,5to6,2,0.0006578072789125144,0.010294783860445023,0.03897450864315033,0.8506869077682495,0.09938600659370422,5to6
2199,2200,OADMET-0003167,5.63,train,5to6,2,0.0001598954841028899,0.00036702683428302407,0.33799663186073303,0.6602424383163452,0.0012340240646153688,5to6
2200,2201,OADMET-0003166,5.77,train,5to6,1,0.0009632400469854474,0.03390096500515938,0.49142464995384216,0.47301825881004333,0.000692817906383425,4to5
2201,2202,OADMET-0003165,5.74,train,5to6,0,1.0960779945889954e-06,0.0002366935950703919,0.06487315893173218,0.6939173340797424,0.2409716695547104,5to6
2202,2203,OADMET-0003164,4.92,train,4to5,1,2.510668127797544e-05,0.0029495374765247107,0.34854555130004883,0.6475515961647034,0.00092823535669595,5to6
2203,2204,OADMET-0003163,5.3,train,5to6,2,8.02660167664726e-07,1.659852387092542e-05,0.012092001736164093,0.9376025795936584,0.05028804764151573,5to6
2204,2205,OADMET-0003162,5.55,train,5to6,0,0.0025320362765341997,0.03328987583518028,0.8403100967407227,0.12192251533269882,0.001945469994097948,4to5
2205,2206,OADMET-0003161,5.15,train,5to6,2,4.167703536950285e-06,0.0002116925170412287,0.11318539083003998,0.8858538269996643,0.0007449676631949842,5to6
2206,2207,OADMET-0003160,3.89,train,3to4,1,0.0075403740629553795,0.24374765157699585,0.5386987328529358,0.20917795598506927,0.0008353826706297696,4to5
2207,2208,OADMET-0003159,5.1,train,5to6,2,6.5366414503387205e-09,6.789367716919514e-07,0.016364313662052155,0.9834585189819336,0.0001765245251590386,5to6
2208,2209,OADMET-0003158,6.39,train,gte6,2,0.0004543132381513715,0.0007039111224003136,0.299971342086792,0.6957552433013916,0.003115181578323245,5to6
2209,2210,OADMET-0003157,3.03,train,3to4,1,0.000476859015179798,0.004225193988531828,0.520477831363678,0.4739942252635956,0.0008259111200459301,4to5
2210,2211,OADMET-0003156,5.015000000000001,train,5to6,1,0.0017256782157346606,0.028411081060767174,0.703829288482666,0.2434784471988678,0.02255546674132347,4to5
2211,2212,OADMET-0003155,5.75,train,5to6,1,0.0002653458504937589,0.05354379490017891,0.38142144680023193,0.5489572286605835,0.015812182798981667,5to6
2212,2213,OADMET-0003154,5.6,train,5to6,0,0.004701151512563229,0.031170375645160675,0.3869016766548157,0.379509836435318,0.19771693646907806,4to5
2213,2214,OADMET-0003153,5.52,train,5to6,4,6.449287320720032e-05,0.0005765511887148023,0.1199614480137825,0.8608696460723877,0.018527846783399582,5to6
2214,2215,OADMET-0003152,5.29,train,5to6,2,7.429319339280482e-06,0.0006904258625581861,0.12459694594144821,0.8716163635253906,0.003088831203058362,5to6
2215,2216,OADMET-0003151,5.63,train,5to6,3,0.022143233567476273,0.17066456377506256,0.7732834815979004,0.033148784190416336,0.0007599459495395422,4to5
2216,2217,OADMET-0003150,4.86,train,4to5,0,0.0002165548939956352,0.010336298495531082,0.7541952133178711,0.2347058206796646,0.0005461553810164332,4to5
2217,2218,OADMET-0003149,5.74,train,5to6,3,0.00024765345733612776,0.002852705540135503,0.413161963224411,0.5798572301864624,0.0038804649375379086,5to6
2218,2219,OADMET-0003148,5.66,train,5to6,3,6.513641848115981e-10,1.2971818250662182e-06,0.015918375924229622,0.9813734889030457,0.0027068424969911575,5to6
2219,2220,OADMET-0003147,1.74,train,lt3,2,0.8553484082221985,0.1426832675933838,0.0019138321513310075,4.721312870969996e-05,7.236419151013251e-06,lt3
2220,2221,OADMET-0003146,3.64,train,3to4,2,0.17166560888290405,0.07273025810718536,0.6096681356430054,0.1435857117176056,0.002350359922274947,4to5
2221,2222,OADMET-0003145,3.29,train,3to4,1,0.15248709917068481,0.19183191657066345,0.5519890189170837,0.08171311765909195,0.021978924050927162,4to5
2222,2223,OADMET-0003144,5.11,train,5to6,0,0.0001628864265512675,0.0005075036897324026,0.24842602014541626,0.7361168265342712,0.014786820858716965,5to6
2223,2224,OADMET-0003143,5.68,train,5to6,1,7.53072182391179e-09,2.7797968868981116e-06,0.0035412427969276905,0.9889644980430603,0.007491483353078365,5to6
2224,2225,OADMET-0003142,5.66,train,5to6,1,0.0005620337324216962,0.007732826750725508,0.6513078212738037,0.3241634666919708,0.016233831644058228,4to5
2225,2226,OADMET-0003141,5.69,train,5to6,1,4.812606221094029e-06,0.0006072085816413164,0.07026644796133041,0.9183138012886047,0.010807773098349571,5to6
2226,2227,OADMET-0003140,1.84,train,lt3,2,0.29979875683784485,0.21538114547729492,0.12408577650785446,0.36008304357528687,0.0006511877290904522,5to6
2227,2228,OADMET-0003139,5.25,train,5to6,0,3.8125701394164935e-05,0.0004528517019934952,0.3561057150363922,0.6353117823600769,0.008091554045677185,5to6
2228,2229,OADMET-0003138,5.47,train,5to6,1,7.076744623191189e-06,0.00012171819253126159,0.03923119232058525,0.9403806924819946,0.02025933936238289,5to6
2229,2230,OADMET-0003137,5.28,train,5to6,2,3.461507276369957e-07,0.0002561952860560268,0.08038883656263351,0.9158180952072144,0.003536547301337123,5to6
2230,2231,OADMET-0003136,5.12,train,5to6,1,1.6444297216366976e-05,0.0005708565004169941,0.4989488124847412,0.4968109726905823,0.0036529223434627056,4to5
2231,2232,OADMET-0003135,5.54,train,5to6,4,9.827414760366082e-05,0.0001303281169384718,0.11457910388708115,0.8688757419586182,0.01631651632487774,5to6
2232,2233,OADMET-0003134,5.09,train,5to6,4,0.4370657801628113,0.36014097929000854,0.1905665099620819,0.011893624439835548,0.0003330155450385064,lt3
2233,2234,OADMET-0003133,6.22,train,gte6,3,0.0004568197764456272,0.003352472558617592,0.35813555121421814,0.6303974986076355,0.007657711394131184,5to6
2234,2235,OADMET-0003132,4.62,train,4to5,3,6.002707095831283e-07,0.0001697348925517872,0.2981892228126526,0.6939510703086853,0.007689367048442364,5to6
2235,2236,OADMET-0003131,5.11,train,5to6,3,0.2968690097332001,0.11952406167984009,0.4466773569583893,0.13255804777145386,0.0043715061619877815,4to5
2236,2237,OADMET-0003130,5.56,train,5to6,0,1.1976261703239288e-05,7.330146036110818e-05,0.06804488599300385,0.7251238822937012,0.2067459523677826,5to6
2237,2238,OADMET-0003129,2.87,train,lt3,1,0.955167293548584,0.02510060928761959,0.012415719218552113,0.007002295460551977,0.00031412203679792583,lt3
2238,2239,OADMET-0003128,4.859999999999999,train,4to5,3,0.0001500515645602718,0.0009466620977036655,0.8626521229743958,0.13525353372097015,0.0009976390283554792,4to5
2239,2240,OADMET-0003127,5.44,train,5to6,0,0.00014553690562024713,0.0009827231988310814,0.2028709352016449,0.7825480699539185,0.013452666811645031,5to6
2240,2241,OADMET-0003126,5.2,train,5to6,3,0.00015743312542326748,0.030484650284051895,0.7378236055374146,0.23077012598514557,0.0007641784613952041,4to5
2241,2242,OADMET-0003125,4.91,train,4to5,1,6.688275607302785e-05,0.0027028387412428856,0.36153316497802734,0.6348150372505188,0.0008820764487609267,5to6
2242,2243,OADMET-0003124,5.99,train,5to6,1,1.6539906937396154e-05,0.00043278594966977835,0.24938778579235077,0.7476577162742615,0.0025051874108612537,5to6
2243,2244,OADMET-0003123,5.17,train,5to6,3,7.273642404470593e-05,0.011984869837760925,0.8720301389694214,0.11566544324159622,0.0002468049351591617,4to5
2244,2245,OADMET-0003122,5.37,train,5to6,0,1.4647001080447808e-05,0.0031313160434365273,0.8137391209602356,0.1829422563314438,0.00017264419875573367,4to5
2245,2246,OADMET-0003121,5.43,train,5to6,0,0.002915192861109972,0.09001556038856506,0.5460438132286072,0.35257047414779663,0.008454864844679832,4to5
2246,2247,OADMET-0003120,5.37,train,5to6,2,8.263606105174404e-06,0.00011409720900701359,0.053425051271915436,0.9453437328338623,0.0011089376639574766,5to6
2247,2248,OADMET-0003119,5.17,train,5to6,2,0.08633220195770264,0.2844470739364624,0.5240578055381775,0.10305619984865189,0.0021067336201667786,4to5
2248,2249,OADMET-0003118,6.3100000000000005,train,gte6,4,7.184590256059664e-09,5.527267035176919e-07,0.05308187007904053,0.9370260238647461,0.00989159382879734,5to6
2249,2250,OADMET-0003117,5.08,train,5to6,4,1.6031449945330678e-08,2.911840283559286e-06,0.012092742137610912,0.9709002375602722,0.01700403355062008,5to6
2250,2251,OADMET-0003116,5.19,train,5to6,0,4.659776095650159e-05,0.004052833653986454,0.07754527032375336,0.8618787527084351,0.05647655948996544,5to6
2251,2252,OADMET-0003114,5.13,train,5to6,2,9.370928455609828e-05,0.0032954621128737926,0.5746774673461914,0.4212851822376251,0.0006481131422333419,4to5
2252,2253,OADMET-0003113,5.62,train,5to6,3,0.0009312332258559763,0.011395713314414024,0.8773534297943115,0.10975771397352219,0.0005618679570034146,4to5
2253,2254,OADMET-0003112,5.54,train,5to6,2,1.2004762538708746e-05,3.0398719900404103e-05,0.08708357065916061,0.9059998989105225,0.006874181795865297,5to6
2254,2255,OADMET-0003111,5.71,train,5to6,0,0.000589231145568192,0.001257865340448916,0.8015244007110596,0.1956607550382614,0.0009677864145487547,4to5
2255,2256,OADMET-0003110,5.45,train,5to6,1,0.004027992021292448,0.010107682086527348,0.8246409296989441,0.15990808606147766,0.0013153485488146544,4to5
2256,2257,OADMET-0003109,5.64,train,5to6,1,0.000650976609904319,0.0033981932792812586,0.39694294333457947,0.5750505924224854,0.0239572711288929,5to6
2257,2258,OADMET-0003108,5.15,train,5to6,4,0.004456598777323961,0.01817651465535164,0.6808596253395081,0.2940400540828705,0.0024671743158251047,4to5
2258,2259,OADMET-0003107,5.48,train,5to6,1,4.529334489689063e-07,2.4944090910139494e-05,0.01670782081782818,0.9789001941680908,0.004366553854197264,5to6
2259,2260,OADMET-0003106,5.43,train,5to6,3,2.3069504095474258e-05,0.0059462860226631165,0.5257587432861328,0.4646129608154297,0.0036589347291737795,4to5
2260,2261,OADMET-0003105,5.5,train,5to6,1,9.34056060941657e-06,0.00041143468115478754,0.10725496709346771,0.8847991824150085,0.007525064516812563,5to6
2261,2262,OADMET-0003104,5.46,train,5to6,0,0.0006032163510099053,0.007591915316879749,0.39029932022094727,0.577422559261322,0.02408299595117569,5to6
2262,2263,OADMET-0003103,5.22,train,5to6,1,6.039697473170236e-05,0.0008211250533349812,0.29631307721138,0.6859484910964966,0.01685696840286255,5to6
2263,2264,OADMET-0003102,5.82,train,5to6,1,2.8493326681200415e-05,0.0007474248996004462,0.4967941343784332,0.47474542260169983,0.027684519067406654,4to5
2264,2265,OADMET-0003101,5.61,train,5to6,3,1.2695642908511218e-05,0.0009003305458463728,0.2304132878780365,0.6576242446899414,0.11104943603277206,5to6
2265,2266,OADMET-0003100,4.99,train,4to5,0,0.1829216033220291,0.2927115857601166,0.402864545583725,0.11016195267438889,0.011340349912643433,4to5
2266,2267,OADMET-0003099,5.7,train,5to6,4,6.658267921011429e-06,3.725687929545529e-05,0.10052276402711868,0.8917573690414429,0.007675963453948498,5to6
2267,2268,OADMET-0003098,5.14,train,5to6,1,0.0002150531072402373,0.0027995314449071884,0.3213214874267578,0.6655018329620361,0.010162144899368286,5to6
2268,2269,OADMET-0003097,5.9,train,5to6,4,6.828619092402732e-08,3.3013927804859122e-06,0.02397317998111248,0.8347437381744385,0.14127963781356812,5to6
2269,2270,OADMET-0003095,4.77,train,4to5,4,0.015454010106623173,0.18184669315814972,0.7254604697227478,0.07711772620677948,0.00012108089140383527,4to5
2270,2271,OADMET-0003094,5.02,train,5to6,4,0.964250922203064,0.02288813516497612,0.01266834419220686,0.0001563848927617073,3.620170537033118e-05,lt3
2271,2272,OADMET-0003093,4.76,train,4to5,4,6.373206269927323e-05,0.00038370382389985025,0.34341078996658325,0.6477375030517578,0.008404342457652092,5to6
2272,2273,OADMET-0003092,3.69,train,3to4,3,0.4163801074028015,0.46541672945022583,0.11737975478172302,0.0005465190624818206,0.00027689989656209946,3to4
2273,2274,OADMET-0003090,4.86,train,4to5,0,0.0007650498882867396,0.01952064037322998,0.9009059071540833,0.07857458293437958,0.00023385310487356037,4to5
2274,2275,OADMET-0003089,2.08,train,lt3,0,0.14216382801532745,0.19864442944526672,0.5570350885391235,0.10108762979507446,0.0010690810158848763,4to5
2275,2276,OADMET-0003088,6.14,train,gte6,0,0.00026266384520567954,0.001983915688470006,0.5170570611953735,0.47824007272720337,0.0024563355837017298,4to5
2276,2277,OADMET-0003087,3.13,train,3to4,3,0.9468132257461548,0.044638801366090775,0.008034804835915565,0.00032424688106402755,0.00018884656310547143,lt3
2277,2278,OADMET-0003086,2.01,train,lt3,1,0.02246788516640663,0.06183012202382088,0.8709643483161926,0.043650783598423004,0.00108680862467736,4to5
2278,2279,OADMET-0003085,4.21,train,4to5,0,0.0022090820129960775,0.0325387641787529,0.5391356348991394,0.4222913086414337,0.003825246822088957,4to5
2279,2280,OADMET-0003084,5.42,train,5to6,3,2.740501486186986e-06,0.000310933799482882,0.21489715576171875,0.7545110583305359,0.030278082937002182,5to6
2280,2281,OADMET-0003083,1.76,train,lt3,3,0.740598201751709,0.2508090138435364,0.008432148955762386,0.00013480278721544892,2.5815896151470952e-05,lt3
2281,2282,OADMET-0003082,1.77,train,lt3,3,0.8687670230865479,0.11290713399648666,0.013002771884202957,0.0030357972718775272,0.00228734128177166,lt3
2282,2283,OADMET-0003081,5.59,train,5to6,3,2.6133116989512928e-05,0.009834978729486465,0.8235861659049988,0.16593050956726074,0.0006222700467333198,4to5
2283,2284,OADMET-0003080,4.89,train,4to5,3,4.781921688845614e-06,0.000510572746861726,0.6732452511787415,0.32493001222610474,0.0013093965826556087,4to5
2284,2285,OADMET-0003079,2.88,train,lt3,0,0.011065324768424034,0.46730396151542664,0.4477709233760834,0.07286697626113892,0.0009928749641403556,3to4
2285,2286,OADMET-0003078,5.28,train,5to6,2,7.044415542623028e-05,0.04479233920574188,0.2596646845340729,0.6575806140899658,0.03789195045828819,5to6
2286,2287,OADMET-0003077,4.32,train,4to5,1,0.005075146444141865,0.04334690421819687,0.6046056151390076,0.34542185068130493,0.0015505146002396941,4to5
2287,2288,OADMET-0003076,3.86,train,3to4,0,0.7995938062667847,0.1916969120502472,0.008475366979837418,0.00021321279928088188,2.0715202481369488e-05,lt3
2288,2289,OADMET-0003075,4.99,train,4to5,2,0.007271172013133764,0.032483622431755066,0.591936469078064,0.36662977933883667,0.0016789269866421819,4to5
2289,2290,OADMET-0003073,3.14,train,3to4,3,0.09094773232936859,0.2017720639705658,0.6096236109733582,0.08772597461938858,0.009930689819157124,4to5
2290,2291,OADMET-0003071,5.59,train,5to6,0,0.0021805588621646166,0.02065618522465229,0.6991356611251831,0.27529528737068176,0.0027323311660438776,4to5
2291,2292,OADMET-0003070,5.25,train,5to6,0,0.0015499204164370894,0.02637641504406929,0.6524161100387573,0.31047073006629944,0.00918684620410204,4to5
2292,2293,OADMET-0003069,5.7,train,5to6,3,0.004546569660305977,0.023039672523736954,0.48866453766822815,0.46670249104499817,0.01704668067395687,4to5
2293,2294,OADMET-0003068,5.41,train,5to6,0,0.017689455300569534,0.07878699153661728,0.7881923317909241,0.11379952728748322,0.0015317562501877546,4to5
2294,2295,OADMET-0003067,5.21,train,5to6,0,0.0001717987033771351,0.005517703481018543,0.6986148953437805,0.2924638092517853,0.0032318260055035353,4to5
2295,2296,OADMET-0003066,5.07,train,5to6,4,2.9029493816778995e-05,0.00030058337142691016,0.3653501570224762,0.6279689073562622,0.006351366639137268,5to6
2296,2297,OADMET-0003065,5.14,train,5to6,1,0.01243325974792242,0.026077913120388985,0.6886703968048096,0.25196778774261475,0.02085069566965103,4to5
2297,2298,OADMET-0003064,5.32,train,5to6,1,0.007081511430442333,0.009542610496282578,0.8795954585075378,0.10291444510221481,0.0008659883169457316,4to5
2298,2299,OADMET-0003063,5.11,train,5to6,0,0.003968880977481604,0.03293007239699364,0.8698903918266296,0.09222213923931122,0.0009884494356811047,4to5
2299,2300,OADMET-0003062,4.84,train,4to5,0,0.00012961994798388332,0.0011073325295001268,0.1465955674648285,0.832700252532959,0.019467240199446678,5to6
2300,2301,OADMET-0003061,4.94,train,4to5,2,0.0001738767314236611,0.0007468598778359592,0.17177730798721313,0.8249796628952026,0.002322293119505048,5to6
2301,2302,OADMET-0003060,5.45,train,5to6,4,0.0001901061914395541,0.003662992035970092,0.458162397146225,0.5357252359390259,0.0022593343164771795,5to6
2302,2303,OADMET-0003059,5.17,train,5to6,1,1.919256101245992e-05,0.0012629908742383122,0.3189708888530731,0.6770294308662415,0.0027174893766641617,5to6
2303,2304,OADMET-0003057,2.1,train,lt3,2,0.10253695398569107,0.3853234648704529,0.4563160240650177,0.05466685816645622,0.001156675280071795,4to5
2304,2305,OADMET-0003056,4.94,train,4to5,4,0.00023969322501216084,0.00430170726031065,0.16162894666194916,0.6732702851295471,0.16055937111377716,5to6
2305,2306,OADMET-0003055,5.63,train,5to6,0,4.024803274660371e-06,0.00017945771105587482,0.026505744084715843,0.6781767010688782,0.2951340973377228,5to6
2306,2307,OADMET-0003054,3.63,train,3to4,3,0.7937557697296143,0.14613701403141022,0.056932397186756134,0.002866719150915742,0.00030810025054961443,lt3
2307,2308,OADMET-0003053,4.87,train,4to5,0,0.00011840769002446905,0.0029023487586528063,0.666479229927063,0.3284451961517334,0.0020548601169139147,4to5
2308,2309,OADMET-0003052,4.84,train,4to5,4,1.552636967971921e-05,0.00933955516666174,0.03572782874107361,0.9528849720954895,0.0020320885814726353,5to6
2309,2310,OADMET-0003051,5.21,train,5to6,1,8.731367415748537e-06,5.934284126851708e-05,0.057039014995098114,0.838965892791748,0.10392701625823975,5to6
2310,2311,OADMET-0003050,3.8,train,3to4,1,0.04047805070877075,0.07368773221969604,0.5524674654006958,0.3274974226951599,0.00586931686848402,4to5
2311,2312,OADMET-0003049,5.18,train,5to6,4,8.426429303654004e-06,0.0003132851852569729,0.25189539790153503,0.7433722019195557,0.004410702269524336,5to6
2312,2313,OADMET-0003048,6.46,train,gte6,4,2.6689908949606433e-08,1.0733327115985958e-07,0.0021579137537628412,0.9225442409515381,0.07529765367507935,5to6
2313,2314,OADMET-0003047,5.03,train,5to6,3,5.6527616834500805e-05,0.0008495469228364527,0.5492652058601379,0.4493999481201172,0.0004288368800189346,4to5
2314,2315,OADMET-0003046,5.355,train,5to6,2,0.01619638316333294,0.005225787870585918,0.8062873482704163,0.1718541532754898,0.00043634598841890693,4to5
2315,2316,OADMET-0003045,5.22,train,5to6,4,5.632173838421295e-07,1.8721883634498226e-06,0.01688310317695141,0.8483099937438965,0.13480451703071594,5to6
2316,2317,OADMET-0003044,5.59,train,5to6,3,1.4894156663558533e-07,3.347330493852496e-05,0.14832556247711182,0.8397278785705566,0.011912958696484566,5to6
2317,2318,OADMET-0003043,6.34,train,gte6,4,4.5271764292920125e-07,1.9973103917436674e-06,0.012694704346358776,0.6851372718811035,0.30216559767723083,5to6
2318,2319,OADMET-0003042,5.0,train,4to5,1,1.644190547267499e-06,0.00011904283019248396,0.04160842299461365,0.9319573044776917,0.02631358802318573,5to6
2319,2320,OADMET-0003041,5.36,train,5to6,2,9.390577361045871e-06,0.000461649673525244,0.0637577548623085,0.9294235110282898,0.006347744259983301,5to6
2320,2321,OADMET-0003040,5.04,train,5to6,3,8.057260856730863e-05,0.005363659933209419,0.6504274606704712,0.3419348895549774,0.002193465130403638,4to5
2321,2322,OADMET-0003039,5.42,train,5to6,0,2.198028414568398e-05,0.003978276625275612,0.21413084864616394,0.7602782845497131,0.021590571850538254,5to6
2322,2323,OADMET-0003038,4.87,train,4to5,4,0.00016727119509596378,0.001784972264431417,0.825786828994751,0.17182166874408722,0.00043931358959525824,4to5
2323,2324,OADMET-0003037,5.58,train,5to6,0,0.0002577000705059618,0.0025566318072378635,0.31769129633903503,0.5299854874610901,0.14950892329216003,5to6
2324,2325,OADMET-0003036,5.11,train,5to6,4,0.00018701038789004087,0.003290395950898528,0.6525179147720337,0.3438737690448761,0.00013092723384033889,4to5
2325,2326,OADMET-0003035,5.27,train,5to6,1,0.017133869230747223,0.06592532992362976,0.8748099207878113,0.04185410588979721,0.0002768092090263963,4to5
2326,2327,OADMET-0003034,5.22,train,5to6,2,0.00037242224789224565,0.004569922108203173,0.3464675545692444,0.6436736583709717,0.004916447214782238,5to6
2327,2328,OADMET-0003033,5.16,train,5to6,2,0.00030313860042952,0.026233019307255745,0.6217390894889832,0.23836001753807068,0.11336477845907211,4to5
2328,2329,OADMET-0003032,4.31,train,4to5,4,0.009617563337087631,0.3135337233543396,0.604167640209198,0.07255778461694717,0.00012326205614954233,4to5
2329,2330,OADMET-0003031,4.99,train,4to5,1,0.0005610535736195743,0.002970833331346512,0.24462129175662994,0.7489838004112244,0.002863077912479639,5to6
2330,2331,OADMET-0003030,5.04,train,5to6,1,5.558488737733569e-06,0.0021963869221508503,0.41196438670158386,0.5809969902038574,0.004836730659008026,5to6
2331,2332,OADMET-0003029,5.44,train,5to6,0,5.068494829174597e-06,0.00022359633294399828,0.12188723683357239,0.6754012703895569,0.20248278975486755,5to6
2332,2333,OADMET-0003028,5.22,train,5to6,2,4.209738904137339e-07,1.6012825653888285e-05,0.030792532488703728,0.9627013802528381,0.006489619147032499,5to6
2333,2334,OADMET-0003027,4.98,train,4to5,3,0.001033299951814115,0.15604282915592194,0.4516250789165497,0.3482382297515869,0.04306051507592201,4to5
2334,2335,OADMET-0003026,5.8,train,5to6,4,6.590645390547323e-11,6.758059445388653e-09,0.0004019741027150303,0.9874983429908752,0.012099687941372395,5to6
2335,2336,OADMET-0003025,5.6,train,5to6,3,1.3765382789188152e-07,1.2002935363852885e-05,0.036335937678813934,0.952532947063446,0.011118950322270393,5to6
2336,2337,OADMET-0003024,5.09,train,5to6,3,6.431766087189317e-05,0.00752343749627471,0.7730605602264404,0.21881723403930664,0.0005344851524569094,4to5
2337,2338,OADMET-0003023,4.88,train,4to5,0,0.00025572290178388357,0.003152887336909771,0.7661217451095581,0.2125081568956375,0.01796151138842106,4to5
2338,2339,OADMET-0003022,5.19,train,5to6,2,0.003816294716671109,0.004294677171856165,0.5047218799591064,0.4652329683303833,0.02193409390747547,4to5
2339,2340,OADMET-0003021,5.53,train,5to6,3,0.018040237948298454,0.2797425091266632,0.5966182351112366,0.09095308929681778,0.014646020717918873,4to5
2340,2341,OADMET-0003020,5.28,train,5to6,3,1.9243236693000654e-07,6.74117254675366e-05,0.047241877764463425,0.943011462688446,0.00967910885810852,5to6
2341,2342,OADMET-0003019,4.63,train,4to5,4,0.045515403151512146,0.029430314898490906,0.8242887258529663,0.08548927307128906,0.015276339836418629,4to5
2342,2343,OADMET-0003018,4.65,train,4to5,2,3.0711476028955076e-06,0.0002050841721938923,0.17689350247383118,0.8219253420829773,0.0009729437879286706,5to6
2343,2344,OADMET-0003017,6.205,train,gte6,4,0.04530879110097885,0.22422528266906738,0.7090505957603455,0.02047056518495083,0.0009447985794395208,4to5
2344,2345,OADMET-0003016,4.75,train,4to5,3,0.00019283455912955105,0.01586737111210823,0.5291392803192139,0.45050492882728577,0.004295596852898598,4to5
2345,2346,OADMET-0003015,4.91,train,4to5,0,0.012194979004561901,0.031195195391774178,0.4583274722099304,0.4707604646682739,0.027521898970007896,5to6
2346,2347,OADMET-0003014,5.24,train,5to6,3,0.06223635748028755,0.22411024570465088,0.3623337149620056,0.2972855865955353,0.05403409153223038,4to5
2347,2348,OADMET-0003013,4.78,train,4to5,4,2.275322685818537e-06,3.475946141406894e-05,0.28366804122924805,0.7144759893417358,0.0018189249094575644,5to6
2348,2349,OADMET-0003012,4.78,train,4to5,1,0.0001270229695364833,0.015241362154483795,0.6214823722839355,0.36200660467147827,0.001142580178566277,4to5
2349,2350,OADMET-0003011,5.72,train,5to6,3,0.00024849901092238724,0.0010973525932058692,0.35505998134613037,0.6059726476669312,0.03762156888842583,5to6
2350,2351,OADMET-0003010,5.63,train,5to6,2,5.6489378039259464e-05,0.00014295772416517138,0.2021108865737915,0.7548395395278931,0.04285011813044548,5to6
2351,2352,OADMET-0003009,4.94,train,4to5,1,6.419216515496373e-05,0.000206530443392694,0.6729893088340759,0.3246731758117676,0.0020667791832238436,4to5
2352,2353,OADMET-0003008,5.27,train,5to6,0,3.885544174409006e-06,7.225960871437564e-05,0.06863336265087128,0.8915029168128967,0.039787616580724716,5to6
2353,2354,OADMET-0003007,4.6,train,4to5,0,0.0010803404729813337,0.027524307370185852,0.7149204015731812,0.2547447681427002,0.0017302031628787518,4to5
2354,2355,OADMET-0003006,5.15,train,5to6,4,2.195203251176281e-06,0.000261818990111351,0.11375866830348969,0.8818784952163696,0.004098847508430481,5to6
2355,2356,OADMET-0003005,5.17,train,5to6,2,0.0006559790926985443,0.03655031695961952,0.47164690494537354,0.48546579480171204,0.005681058391928673,5to6
2356,2357,OADMET-0003004,5.16,train,5to6,3,0.0015562393236905336,0.008037077262997627,0.4285410940647125,0.5553731322288513,0.006492504850029945,5to6
2357,2358,OADMET-0003003,5.23,train,5to6,4,9.718249930301681e-05,0.000930357608012855,0.18881843984127045,0.7993375062942505,0.010816561058163643,5to6
2358,2359,OADMET-0003002,5.38,train,5to6,1,3.5933346225647256e-05,0.0017347909742966294,0.4364141523838043,0.5606896877288818,0.0011254592100158334,5to6
2359,2360,OADMET-0003001,5.46,train,5to6,1,4.7113957180044963e-07,7.299191929632798e-05,0.0893976166844368,0.905807375907898,0.00472155911847949,5to6
2360,2361,OADMET-0003000,4.69,train,4to5,4,0.0002001038083108142,0.0005872340989299119,0.39508968591690063,0.602938711643219,0.0011842548847198486,5to6
2361,2362,OADMET-0002999,5.11,train,5to6,0,0.00029782732599414885,0.005587038584053516,0.4708741009235382,0.5065552592277527,0.016685808077454567,5to6
2362,2363,OADMET-0002998,5.28,train,5to6,4,1.6197814147744793e-06,2.4711192963877693e-05,0.018655242398381233,0.976845383644104,0.004473074339330196,5to6
2363,2364,OADMET-0002997,5.25,train,5to6,2,2.577981206286495e-07,2.412011963315308e-05,0.04205084592103958,0.9543505907058716,0.003574199741706252,5to6
2364,2365,OADMET-0002996,3.65,train,3to4,1,0.5613498091697693,0.2747958302497864,0.16314807534217834,0.0006838870467618108,2.2436874132836238e-05,lt3
2365,2366,OADMET-0002995,3.43,train,3to4,2,0.8841779232025146,0.11052990704774857,0.00475506205111742,0.0005070133483968675,3.0068980777286924e-05,lt3
2366,2367,OADMET-0002994,4.73,train,4to5,3,2.414878110812424e-07,0.00021158260642550886,0.8078488707542419,0.19148479402065277,0.0004545090196188539,4to5
2367,2368,OADMET-0002993,5.06,train,5to6,0,0.037400029599666595,0.09965217858552933,0.7342907786369324,0.12755003571510315,0.001107033691368997,4to5
2368,2369,OADMET-0002992,6.02,train,gte6,2,0.00020075734937563539,0.0016071090940386057,0.489838182926178,0.5071015954017639,0.0012523580808192492,5to6
2369,2370,OADMET-0002991,5.15,train,5to6,4,0.0002777538902591914,0.012532183900475502,0.8005452156066895,0.1841978132724762,0.0024469979107379913,4to5
2370,2371,OADMET-0002990,3.35,train,3to4,2,0.11946672946214676,0.8590844869613647,0.021023128181695938,0.00041845536907203496,7.149542852857849e-06,3to4
2371,2372,OADMET-0002989,3.16,train,3to4,0,0.741818368434906,0.25387054681777954,0.003217550227418542,0.0004214506479911506,0.0006720628589391708,lt3
2372,2373,OADMET-0002988,5.18,train,5to6,4,0.00013456468877848238,0.0015800866531208158,0.3896429240703583,0.6066931486129761,0.0019492830615490675,5to6
2373,2374,OADMET-0002987,5.61,train,5to6,4,2.886871925511514e-06,0.0006422029691748321,0.45794418454170227,0.5403367877006531,0.0010739716235548258,5to6
2374,2375,OADMET-0002986,4.6,train,4to5,0,0.2149258553981781,0.4349419176578522,0.3408699035644531,0.008878391236066818,0.00038391229463741183,3to4
2375,2376,OADMET-0002985,5.105,train,5to6,4,0.13464507460594177,0.18971939384937286,0.6033845543861389,0.06940467655658722,0.0028463457711040974,4to5
2376,2377,OADMET-0002984,5.09,train,5to6,0,0.001378093147650361,0.11876646429300308,0.7945557236671448,0.08469963818788528,0.0006000782013870776,4to5
2377,2378,OADMET-0002983,4.95,train,4to5,1,0.00010515588655835018,0.002194670494645834,0.5546555519104004,0.42827269434928894,0.014771958813071251,4to5
2378,2379,OADMET-0002982,5.31,train,5to6,0,0.00511687807738781,0.08356416970491409,0.3893412947654724,0.489656001329422,0.03232162818312645,5to6
2379,2380,OADMET-0002981,5.97,train,5to6,1,3.4483332456147764e-07,3.541775731719099e-05,0.02069200575351715,0.9421122670173645,0.037159934639930725,5to6
2380,2381,OADMET-0002980,3.17,train,3to4,1,0.5070334672927856,0.23052144050598145,0.23386545479297638,0.02675074338912964,0.001828935812227428,lt3
2381,2382,OADMET-0002979,5.59,train,5to6,0,0.0010409178212285042,0.04736184701323509,0.46442797780036926,0.45149943232536316,0.035669852048158646,4to5
2382,2383,OADMET-0002978,5.11,train,5to6,2,9.333515663456637e-06,0.0003859836724586785,0.014158918522298336,0.9606813192367554,0.024764420464634895,5to6
2383,2384,OADMET-0002977,5.02,train,5to6,4,1.3399577483141911e-06,4.621760672307573e-05,0.22940610349178314,0.7695986032485962,0.0009477890562266111,5to6
2384,2385,OADMET-0002976,4.93,train,4to5,4,8.436858820459747e-07,0.0001662699069129303,0.17633356153964996,0.823347806930542,0.00015153983258642256,5to6
2385,2386,OADMET-0002975,5.71,train,5to6,4,5.931933173997095e-06,1.6933448932832107e-05,0.05890507996082306,0.9268599152565002,0.014212183654308319,5to6
2386,2387,OADMET-0002974,4.755,train,4to5,0,0.010786641389131546,0.06496785581111908,0.8786337375640869,0.04497991502285004,0.0006318408413790166,4to5
2387,2388,OADMET-0002973,5.55,train,5to6,4,0.00021279999054968357,0.0258492361754179,0.6723654866218567,0.29947516322135925,0.002097358228638768,4to5
2388,2389,OADMET-0002972,5.26,train,5to6,2,0.00033141631865873933,0.0008131660288199782,0.31929731369018555,0.674985945224762,0.004572227597236633,5to6
2389,2390,OADMET-0002971,5.79,train,5to6,4,2.3075989474818925e-07,0.0031540917698293924,0.23952551186084747,0.7566226124763489,0.0006975629949010909,5to6
2390,2391,OADMET-0002970,5.28,train,5to6,0,9.058577234100085e-06,0.011335184797644615,0.2444322109222412,0.7213844656944275,0.02283903956413269,5to6
2391,2392,OADMET-0002969,5.08,train,5to6,2,0.0006633335724473,0.012166313827037811,0.6471353769302368,0.33964675664901733,0.0003882234450429678,4to5
2392,2393,OADMET-0002968,5.32,train,5to6,4,4.9458053581474815e-06,8.185893238987774e-05,0.11991085112094879,0.8763943314552307,0.003608045168220997,5to6
2393,2394,OADMET-0002967,4.83,train,4to5,1,1.7919660422194283e-06,0.0008587242336943746,0.19783233106136322,0.7998860478401184,0.0014211232773959637,5to6
2394,2395,OADMET-0002966,4.96,train,4to5,3,0.0012694178149104118,0.02732798457145691,0.7146086096763611,0.2557240426540375,0.001069948310032487,4to5
2395,2396,OADMET-0002965,5.01,train,5to6,1,0.010081415995955467,0.004671799950301647,0.34003353118896484,0.6238138675689697,0.021399451419711113,5to6
2396,2397,OADMET-0002964,5.404999999999999,train,5to6,4,0.03752274438738823,0.04455455765128136,0.7660605907440186,0.15073971450328827,0.0011224208865314722,4to5
2397,2398,OADMET-0002963,4.74,train,4to5,1,0.05924862250685692,0.4056655764579773,0.40447744727134705,0.12672236561775208,0.003886051243171096,3to4
2398,2399,OADMET-0002962,5.88,train,5to6,1,1.9642423865207093e-07,0.0001170341347460635,0.09735292196273804,0.8868726491928101,0.015657193958759308,5to6
2399,2400,OADMET-0002961,5.71,train,5to6,0,1.978675209102221e-05,0.0024037191178649664,0.3959536552429199,0.5736986994743347,0.02792416699230671,5to6
2400,2401,OADMET-0002960,5.11,train,5to6,2,7.616017683176324e-05,0.0014973027864471078,0.015883518382906914,0.9748061895370483,0.007736805360764265,5to6
2401,2402,OADMET-0002959,4.94,train,4to5,2,0.06670176982879639,0.17301756143569946,0.6768695712089539,0.0827714130282402,0.000639727630186826,4to5
2402,2403,OADMET-0002958,5.35,train,5to6,2,0.0001213211944559589,0.02290334738790989,0.18287478387355804,0.7835887670516968,0.010511788539588451,5to6
2403,2404,OADMET-0002957,5.12,train,5to6,1,1.2908558346680366e-05,0.0014978509861975908,0.4026825726032257,0.5953967571258545,0.00040994019946083426,5to6
2404,2405,OADMET-0002955,5.53,train,5to6,2,0.0003850662615150213,0.0006204386008903384,0.21193012595176697,0.7864009141921997,0.0006634343299083412,5to6
2405,2406,OADMET-0002954,5.12,train,5to6,3,0.0039788843132555485,0.03180147707462311,0.7752335667610168,0.18553875386714935,0.0034473161213099957,4to5
2406,2407,OADMET-0002953,5.25,train,5to6,4,0.00027531274827197194,0.00030569350928999484,0.28223076462745667,0.6706476211547852,0.046540651470422745,5to6
2407,2408,OADMET-0002952,5.64,train,5to6,4,0.00016779381257947534,0.0002032286865869537,0.11384619027376175,0.8479076027870178,0.03787517920136452,5to6
2408,2409,OADMET-0002951,3.25,train,3to4,0,0.7848166823387146,0.14004147052764893,0.0707678496837616,0.003833251539617777,0.0005407658172771335,lt3
2409,2410,OADMET-0002950,5.800000000000001,train,5to6,1,3.6854549989584484e-07,0.00013743326417170465,0.04325588047504425,0.939762532711029,0.016843808814883232,5to6
2410,2411,OADMET-0002949,4.97,train,4to5,1,1.8618210972931593e-08,3.643520585683291e-06,0.02573574334383011,0.9718433618545532,0.002417194191366434,5to6
2411,2412,OADMET-0002948,4.64,train,4to5,4,0.013171620666980743,0.04743242263793945,0.9070931673049927,0.032240841537714005,6.194852176122367e-05,4to5
2412,2413,OADMET-0002947,3.34,train,3to4,3,0.9027672410011292,0.09714643657207489,8.469066233374178e-05,1.0075887075799983e-06,5.689192335012194e-07,lt3
2413,2414,OADMET-0002946,5.915,train,5to6,4,7.291266229003668e-05,0.0028221840038895607,0.36614975333213806,0.6268894672393799,0.004065681714564562,5to6
2414,2415,OADMET-0002945,2.68,train,lt3,1,0.902469277381897,0.09614665806293488,0.0013752785744145513,8.430846719420515e-06,4.379494100703596e-07,lt3
2415,2416,OADMET-0002944,6.04,train,gte6,1,1.0281626572350433e-07,1.2650041753659025e-05,0.007937449030578136,0.9408621191978455,0.051187701523303986,5to6
2416,2417,OADMET-0002943,5.16,train,5to6,2,0.0002265356306452304,0.002055896446108818,0.5246684551239014,0.47172343730926514,0.0013256521197035909,4to5
2417,2418,OADMET-0002942,5.37,train,5to6,3,7.529736649303231e-06,0.0036569861695170403,0.3266838788986206,0.6571146845817566,0.012536939233541489,5to6
2418,2419,OADMET-0002941,5.51,train,5to6,1,2.2833651200926397e-06,0.0002530334750190377,0.12263236194849014,0.8721575140953064,0.004954801872372627,5to6
2419,2420,OADMET-0002940,5.05,train,5to6,4,5.0048118538370545e-08,4.475178684515413e-06,0.01274313498288393,0.9746508598327637,0.012601508758962154,5to6
2420,2421,OADMET-0002939,5.17,train,5to6,2,0.0004690509522333741,0.00845230184495449,0.782667338848114,0.2069324404001236,0.0014789382694289088,4to5
2421,2422,OADMET-0002938,4.6,train,4to5,2,4.053174052387476e-05,0.0032373047433793545,0.7817326188087463,0.21488530933856964,0.00010413070413051173,4to5
2422,2423,OADMET-0002937,4.85,train,4to5,4,8.621302549727261e-05,0.003855699673295021,0.48414507508277893,0.5105109214782715,0.0014020244125276804,5to6
2423,2424,OADMET-0002936,4.64,train,4to5,1,0.18645256757736206,0.3474327027797699,0.19076840579509735,0.25016137957572937,0.025184988975524902,3to4
2424,2425,OADMET-0002935,5.28,train,5to6,1,0.0002122795267496258,0.005447969306260347,0.4500981569290161,0.5430237650871277,0.0012179004261270165,5to6
2425,2426,OADMET-0002934,4.9,train,4to5,0,4.154949783696793e-05,0.0009791937191039324,0.2989155352115631,0.6984120011329651,0.0016517858020961285,5to6
2426,2427,OADMET-0002933,5.26,train,5to6,4,0.0003761641273740679,0.00981920212507248,0.40516355633735657,0.5826563835144043,0.001984743634238839,5to6
2427,2428,OADMET-0002932,5.17,train,5to6,2,0.00020572237554006279,0.00232312292791903,0.5620496869087219,0.42725661396980286,0.008164869621396065,4to5
2428,2429,OADMET-0002930,5.53,train,5to6,4,8.590653123974334e-06,2.005529313464649e-05,0.05789698660373688,0.9205222725868225,0.0215520691126585,5to6
2429,2430,OADMET-0002929,3.1,train,3to4,1,0.4545540511608124,0.14709454774856567,0.2593071162700653,0.1161009892821312,0.022943206131458282,lt3
2430,2431,OADMET-0002928,5.54,train,5to6,1,0.0001440837513655424,0.0004339230072218925,0.24526426196098328,0.7485889792442322,0.00556879723444581,5to6
2431,2432,OADMET-0002927,5.1,train,5to6,0,0.00011968940088991076,0.005099163390696049,0.5113409757614136,0.4703631103038788,0.01307706069201231,4to5
2432,2433,OADMET-0002926,4.87,train,4to5,2,0.0001318338472628966,0.001023722579702735,0.34310397505760193,0.6531398892402649,0.002600596286356449,5to6
2433,2434,OADMET-0002925,3.58,train,3to4,2,0.6211373209953308,0.37065786123275757,0.00808870978653431,0.0001104329276131466,5.71836244489532e-06,lt3
2434,2435,OADMET-0002924,3.78,train,3to4,4,0.02513613924384117,0.6079134345054626,0.3640940189361572,0.0028501092456281185,6.30083195574116e-06,3to4
2435,2436,OADMET-0002923,5.27,train,5to6,1,2.5548984012857545e-06,0.00013713797670789063,0.09700622409582138,0.8899949789047241,0.012859107926487923,5to6
2436,2437,OADMET-0002922,5.42,train,5to6,4,0.010924921371042728,0.004354062490165234,0.8565163612365723,0.12618422508239746,0.002020422602072358,4to5
2437,2438,OADMET-0002921,5.79,train,5to6,3,4.470263775147032e-06,0.0002646479697432369,0.4500047564506531,0.5491164326667786,0.0006096814759075642,5to6
2438,2439,OADMET-0002920,5.2,train,5to6,2,0.00013303394371178,0.003941501956433058,0.4971718192100525,0.48807311058044434,0.01068050879985094,4to5
2439,2440,OADMET-0002919,4.85,train,4to5,4,0.00014095139340497553,0.0028503339271992445,0.5386649966239929,0.4564857482910156,0.0018579706083983183,4to5
2440,2441,OADMET-0002918,4.8,train,4to5,4,0.0001276756083825603,0.015298349782824516,0.46876052021980286,0.5149493217468262,0.0008641230524517596,5to6
2441,2442,OADMET-0002917,3.95,train,3to4,1,0.7679768204689026,0.11994659155607224,0.11092250794172287,0.0011362734949216247,1.777579018380493e-05,lt3
2442,2443,OADMET-0002916,5.22,train,5to6,2,0.12223853170871735,0.8700371980667114,0.0074770753271877766,0.00024115685664582998,6.070649760658853e-06,3to4
2443,2444,OADMET-0002915,4.97,train,4to5,3,0.014617757871747017,0.12108824402093887,0.8458545207977295,0.01817995309829712,0.00025960642960853875,4to5
2444,2445,OADMET-0002914,5.46,train,5to6,0,0.0001085258845705539,0.002892124466598034,0.519586980342865,0.474354088306427,0.003058232134208083,4to5
2445,2446,OADMET-0002913,5.22,train,5to6,3,4.997585165256169e-06,0.00030593681731261313,0.4323587119579315,0.5660909414291382,0.0012394277146086097,5to6
2446,2447,OADMET-0002912,6.13,train,gte6,1,0.0005924153956584632,0.004066320136189461,0.48689520359039307,0.4999403655529022,0.008505715057253838,5to6
2447,2448,OADMET-0002911,5.06,train,5to6,3,1.7220988866029074e-06,0.0016595263732597232,0.6103744506835938,0.3829687237739563,0.0049955653958022594,4to5
2448,2449,OADMET-0002910,5.035,train,5to6,1,0.0018631225684657693,0.03219246119260788,0.775063157081604,0.1876470148563385,0.0032342944759875536,4to5
2449,2450,OADMET-0002909,4.78,train,4to5,3,6.891736848047003e-05,0.0025547894183546305,0.7408832311630249,0.25496265292167664,0.0015304948901757598,4to5
2450,2451,OADMET-0002908,5.19,train,5to6,2,5.118424087413587e-05,0.0007055202149786055,0.14597196877002716,0.8490211963653564,0.004250117111951113,5to6
2451,2452,OADMET-0002907,5.51,train,5to6,1,1.3178670315028285e-06,0.00018608618120197207,0.26530078053474426,0.7273784279823303,0.0071333954110741615,5to6
2452,2453,OADMET-0002906,5.54,train,5to6,0,4.9592370487516746e-05,0.003291953355073929,0.5985161066055298,0.397093802690506,0.0010485784150660038,4to5
2453,2454,OADMET-0002905,4.72,train,4to5,2,1.8466464098310098e-05,0.003194346558302641,0.25619518756866455,0.738126277923584,0.00246573518961668,5to6
2454,2455,OADMET-0002904,5.44,train,5to6,4,8.827243618725333e-06,0.0001379552122671157,0.10700153559446335,0.8800619840621948,0.01278971042484045,5to6
2455,2456,OADMET-0002903,5.4,train,5to6,2,2.1173566722154646e-07,0.0002790499129332602,0.11295716464519501,0.886724591255188,3.89837623515632e-05,5to6
2456,2457,OADMET-0002902,5.74,train,5to6,0,3.446192931733094e-05,0.0004747317871078849,0.4419901967048645,0.5250128507614136,0.03248775377869606,5to6
2457,2458,OADMET-0002901,5.14,train,5to6,2,0.0015996377915143967,0.016438191756606102,0.929604172706604,0.052313949912786484,4.4071144657209516e-05,4to5
2458,2459,OADMET-0002900,5.95,train,5to6,2,3.1742201827000827e-05,0.00010843598283827305,0.1710367649793625,0.8166216015815735,0.012201422825455666,5to6
2459,2460,OADMET-0002899,5.78,train,5to6,1,7.494058991142083e-06,9.513092663837597e-05,0.012611144222319126,0.9619265794754028,0.025359634310007095,5to6
2460,2461,OADMET-0002898,2.54,train,lt3,1,0.6186643242835999,0.07797325402498245,0.29910343885421753,0.004006856121122837,0.00025216463836841285,lt3
2461,2462,OADMET-0002897,4.89,train,4to5,0,0.0011820954969152808,0.004150174558162689,0.5516868233680725,0.4255106747150421,0.01747024804353714,4to5
2462,2463,OADMET-0002896,5.42,train,5to6,1,0.0008182517485693097,0.005996007937937975,0.41428831219673157,0.5779534578323364,0.0009439550922252238,5to6
2463,2464,OADMET-0002895,5.43,train,5to6,0,0.0019606752321124077,0.0038436949253082275,0.6655538082122803,0.3228052258491516,0.005836627446115017,4to5
2464,2465,OADMET-0002894,5.1,train,5to6,4,0.00018079412984661758,0.0012158534955233335,0.8323595523834229,0.1652284562587738,0.0010153239127248526,4to5
2465,2466,OADMET-0002893,5.09,train,5to6,0,0.00019781399169005454,0.0034978040494024754,0.4677632749080658,0.5244920253753662,0.004049081355333328,5to6
2466,2467,OADMET-0002892,5.42,train,5to6,0,0.0005080389673821628,0.012271870858967304,0.44909653067588806,0.5319840312004089,0.0061395238153636456,5to6
2467,2468,OADMET-0002889,4.79,train,4to5,4,2.3941195195220644e-06,0.0001459124032407999,0.4799746870994568,0.5194339156150818,0.00044311792589724064,5to6
2468,2469,OADMET-0002888,2.67,train,lt3,3,0.8951451778411865,0.09162883460521698,0.012971808202564716,0.00021969416411593556,3.4508022508816794e-05,lt3
2469,2470,OADMET-0002887,4.96,train,4to5,3,0.26697298884391785,0.036411937326192856,0.6175094246864319,0.07839301973581314,0.0007126575219444931,4to5
2470,2471,OADMET-0002886,1.77,train,lt3,0,0.3185137212276459,0.4020225703716278,0.20277978479862213,0.06884589791297913,0.007838033139705658,3to4
2471,2472,OADMET-0002885,1.78,train,lt3,1,0.6374111175537109,0.29407361149787903,0.052743613719940186,0.015034394338726997,0.0007372941472567618,lt3
2472,2473,OADMET-0002884,5.21,train,5to6,0,0.0032370290718972683,0.03506585210561752,0.2666545510292053,0.6852206587791443,0.00982192438095808,5to6
2473,2474,OADMET-0002883,5.48,train,5to6,3,1.6297217371175066e-05,0.0013773521641269326,0.17115965485572815,0.5821515917778015,0.24529512226581573,5to6
2474,2475,OADMET-0002882,5.25,train,5to6,3,2.7017536012863275e-06,0.00011404412362026051,0.4478492736816406,0.5489584803581238,0.00307545717805624,5to6
2475,2476,OADMET-0002881,1.76,train,lt3,1,0.011704516597092152,0.14643903076648712,0.37993961572647095,0.38256290555000305,0.0793539509177208,5to6
2476,2477,OADMET-0002880,5.06,train,5to6,1,0.00010703684529289603,0.010768926702439785,0.5717889070510864,0.41593578457832336,0.0013993913307785988,4to5
2477,2478,OADMET-0002879,5.42,train,5to6,3,0.00788869522511959,0.08614453673362732,0.6405414342880249,0.26122504472732544,0.004200284369289875,4to5
2478,2479,OADMET-0002878,5.0,train,4to5,4,0.0049953823909163475,0.01948578655719757,0.6711002588272095,0.30262061953544617,0.0017979579279199243,4to5
2479,2480,OADMET-0002877,3.08,train,3to4,2,0.00029091371106915176,0.014174025505781174,0.712052583694458,0.27235686779022217,0.0011256153229624033,4to5
2480,2481,OADMET-0002876,5.34,train,5to6,4,7.223641205200693e-06,9.822694846661761e-05,0.14337760210037231,0.8528833985328674,0.0036335710901767015,5to6
2481,2482,OADMET-0002875,1.99,train,lt3,1,0.2830889821052551,0.43496453762054443,0.25116056203842163,0.028014138340950012,0.0027718464843928814,3to4
2482,2483,OADMET-0002874,5.33,train,5to6,0,0.024238256737589836,0.08157085627317429,0.7298851013183594,0.15863244235515594,0.005673345178365707,4to5
2483,2484,OADMET-0002873,5.22,train,5to6,1,0.0027034650556743145,0.00399005739018321,0.8236415386199951,0.16576789319515228,0.003896999405696988,4to5
2484,2485,OADMET-0002872,4.74,train,4to5,1,8.384085958823562e-05,0.002966575790196657,0.4982432723045349,0.4968750476837158,0.001831313013099134,4to5
2485,2486,OADMET-0002871,5.16,train,5to6,4,0.6943467259407043,0.1189313605427742,0.14613868296146393,0.0398508682847023,0.0007323586032725871,lt3
2486,2487,OADMET-0002870,5.07,train,5to6,4,4.7171641199383885e-05,0.018344178795814514,0.7316713929176331,0.2498723268508911,6.488928192993626e-05,4to5
2487,2488,OADMET-0002869,5.51,train,5to6,2,5.174951638764469e-06,0.00026561302365735173,0.03516888618469238,0.9607225060462952,0.0038378702010959387,5to6
2488,2489,OADMET-0002868,5.44,train,5to6,0,0.0001394817081745714,0.004412926733493805,0.7607095837593079,0.23316961526870728,0.0015684033278375864,4to5
2489,2490,OADMET-0002867,5.12,train,5to6,2,4.3363223085179925e-05,0.0008688747184351087,0.3835400342941284,0.6069284677505493,0.008619236759841442,5to6
2490,2491,OADMET-0002866,3.47,train,3to4,4,0.1879439651966095,0.6650876998901367,0.1440848857164383,0.002810277510434389,7.311318768188357e-05,3to4
2491,2492,OADMET-0002865,5.44,train,5to6,3,3.35282129526604e-05,0.007156329229474068,0.7671304941177368,0.22508686780929565,0.0005928226746618748,4to5
2492,2493,OADMET-0002864,4.94,train,4to5,1,0.0020943148992955685,0.029611079022288322,0.2658281922340393,0.7000210285186768,0.0024453820660710335,5to6
2493,2494,OADMET-0002863,1.79,train,lt3,2,0.42846739292144775,0.3166719079017639,0.22006447613239288,0.03452083468437195,0.0002754471788648516,lt3
2494,2495,OADMET-0002862,2.57,train,lt3,1,0.1832602173089981,0.3939209580421448,0.2794368267059326,0.10751643776893616,0.03586551547050476,3to4
2495,2496,OADMET-0002861,5.83,train,5to6,0,2.5207826183759607e-05,0.0009774159407243133,0.11130291223526001,0.8456156849861145,0.04207879677414894,5to6
2496,2497,OADMET-0002860,5.3,train,5to6,4,7.912564115031273e-07,3.597946488298476e-05,0.16620895266532898,0.8278635740280151,0.005890727508813143,5to6
2497,2498,OADMET-0002859,5.83,train,5to6,0,0.00014817254850640893,0.004617338068783283,0.6733893156051636,0.3214145004749298,0.0004306956834625453,4to5
2498,2499,OADMET-0002858,2.82,train,lt3,1,0.9103435277938843,0.059991247951984406,0.0063734813593328,0.018663132563233376,0.0046286508440971375,lt3
2499,2500,OADMET-0002857,5.86,train,5to6,3,0.0005374066531658173,0.003751101903617382,0.6331165432929993,0.3347828686237335,0.02781214565038681,4to5
2500,2501,OADMET-0002856,5.545,train,5to6,1,0.007563614286482334,0.004021127708256245,0.9391859769821167,0.048842865973711014,0.00038639522972516716,4to5
2501,2502,OADMET-0002855,5.33,train,5to6,1,9.532923428423601e-08,4.463866935111582e-05,0.036500029265880585,0.9591063857078552,0.004348872695118189,5to6
2502,2503,OADMET-0002854,5.59,train,5to6,4,1.6217182974287425e-07,3.515106436680071e-05,0.01990743726491928,0.9313986301422119,0.04865860193967819,5to6
2503,2504,OADMET-0002853,1.76,train,lt3,1,0.2633407711982727,0.6008579134941101,0.11727956682443619,0.018156258389353752,0.0003654691099654883,3to4
2504,2505,OADMET-0002852,4.86,train,4to5,4,3.1010625178851114e-08,3.1351255529443733e-06,0.0014639070723205805,0.9948337078094482,0.0036992367822676897,5to6
2505,2506,OADMET-0002851,4.97,train,4to5,1,2.115511733791209e-06,0.00041658745612949133,0.19027383625507355,0.8021243214607239,0.007183156907558441,5to6
2506,2507,OADMET-0002850,5.35,train,5to6,1,1.4624576579080895e-05,0.0013768227072432637,0.2801307141780853,0.7119702696800232,0.006507574580609798,5to6
2507,2508,OADMET-0002849,5.44,train,5to6,1,4.719106527772965e-06,0.0004651822382584214,0.3567587435245514,0.6412255764007568,0.0015457839472219348,5to6
2508,2509,OADMET-0002848,5.69,train,5to6,4,4.876776316109499e-08,8.906163770916464e-07,0.02278331108391285,0.9231310486793518,0.05408470705151558,5to6
2509,2510,OADMET-0002847,5.27,train,5to6,1,3.2743701012805104e-05,0.0023023246321827173,0.11791303753852844,0.8674798607826233,0.012272058054804802,5to6
2510,2511,OADMET-0002846,5.4,train,5to6,2,0.0023308403324335814,0.005294760689139366,0.31851324439048767,0.6653124690055847,0.008548656478524208,5to6
2511,2512,OADMET-0002845,5.71,train,5to6,1,1.4983543223934248e-05,0.00015436213288921863,0.1254386007785797,0.8625131845474243,0.011878930032253265,5to6
2512,2513,OADMET-0002844,5.88,train,5to6,0,0.0012835660018026829,0.043702755123376846,0.5693788528442383,0.3760705292224884,0.009564317762851715,4to5
2513,2514,OADMET-0002843,3.84,train,3to4,4,0.07345487177371979,0.532336413860321,0.35383984446525574,0.03865814581513405,0.0017108001047745347,3to4
2514,2515,OADMET-0002842,5.04,train,5to6,3,4.094946177701786e-07,0.0005823728861287236,0.38544324040412903,0.6108387112617493,0.003135259496048093,5to6
2515,2516,OADMET-0002841,5.45,train,5to6,0,0.4222225248813629,0.06240628659725189,0.3243807256221771,0.1655360460281372,0.025454450398683548,lt3
2516,2517,OADMET-0002840,5.14,train,5to6,3,3.9344627111859154e-07,5.276519732433371e-05,0.21297438442707062,0.784155011177063,0.002817458938807249,5to6
2517,2518,OADMET-0002839,1.74,train,lt3,1,0.7295032143592834,0.2681405544281006,0.001337746623903513,0.0006213465239852667,0.0003971555852331221,lt3
2518,2519,OADMET-0002838,5.14,train,5to6,2,8.172818525054026e-06,0.00011987439211225137,0.07655715197324753,0.9167296886444092,0.006585146300494671,5to6
2519,2520,OADMET-0002837,1.73,train,lt3,2,0.6642099022865295,0.32748275995254517,0.007906746119260788,0.0003582061908673495,4.243590956320986e-05,lt3
2520,2521,OADMET-0002836,2.91,train,lt3,1,0.019025074318051338,0.0774836391210556,0.8549293875694275,0.046979159116744995,0.0015827473253011703,4to5
2521,2522,OADMET-0002835,5.01,train,5to6,3,0.009502856992185116,0.048982616513967514,0.8169630169868469,0.12186320871114731,0.0026883576065301895,4to5
2522,2523,OADMET-0002834,5.64,train,5to6,0,5.967399829387432e-06,0.00019535374303814024,0.16975805163383484,0.8218172788619995,0.008223327808082104,5to6
2523,2524,OADMET-0002833,4.885,train,4to5,1,1.813188282540068e-05,0.002249716315418482,0.06365862488746643,0.9178059697151184,0.016267558559775352,5to6
2524,2525,OADMET-0002832,5.38,train,5to6,2,1.1570217566259089e-06,3.7054510357847903e-06,0.09967099875211716,0.8925762176513672,0.007747835014015436,5to6
2525,2526,OADMET-0002831,4.04,train,4to5,1,0.038766153156757355,0.11557266861200333,0.7975293397903442,0.047790054231882095,0.00034177908673882484,4to5
2526,2527,OADMET-0002830,5.4,train,5to6,2,9.697533442931672e-08,1.2871162198280217e-06,0.0009323825361207128,0.9429190754890442,0.05614721402525902,5to6
2527,2528,OADMET-0002829,5.64,train,5to6,0,0.0001134249396272935,0.0015104759950190783,0.1333736628293991,0.8227646350860596,0.04223772510886192,5to6
2528,2529,OADMET-0002828,3.73,train,3to4,0,0.7076048851013184,0.0649382695555687,0.20147912204265594,0.024800071492791176,0.0011776891769841313,lt3
2529,2530,OADMET-0002827,5.91,train,5to6,2,8.121094651869498e-06,0.00028053150163032115,0.06903521716594696,0.9235838651657104,0.007092311047017574,5to6
2530,2531,OADMET-0002825,6.225,train,gte6,0,0.1531767100095749,0.060541585087776184,0.5771257877349854,0.19443368911743164,0.014722221530973911,4to5
2531,2532,OADMET-0002824,6.52,train,gte6,4,4.1100883807487776e-10,1.2338193577932088e-08,0.00031659271917305887,0.9750753045082092,0.02460801601409912,5to6
2532,2533,OADMET-0002823,5.39,train,5to6,3,8.782848453847691e-06,0.00030862059793435037,0.3273431658744812,0.6508768200874329,0.021462617442011833,5to6
2533,2534,OADMET-0002822,5.47,train,5to6,2,1.3818326806358527e-05,0.00010389881208539009,0.017632074654102325,0.9340114593505859,0.04823881387710571,5to6
2534,2535,OADMET-0002821,5.52,train,5to6,3,1.761678163347824e-07,3.230117727071047e-05,0.03072270378470421,0.9367216229438782,0.03252323344349861,5to6
2535,2536,OADMET-0002820,5.73,train,5to6,3,1.1238823205417248e-09,5.694513447451754e-07,0.016645340248942375,0.9741361737251282,0.00921789649873972,5to6
2536,2537,OADMET-0002819,6.345000000000001,train,gte6,4,0.00010573037434369326,3.885054320562631e-05,0.03120868094265461,0.9516483545303345,0.016998430714011192,5to6
2537,2538,OADMET-0002818,5.74,train,5to6,0,1.4301766668722848e-06,2.6835035896510817e-05,0.02072651870548725,0.8402822017669678,0.138962984085083,5to6
2538,2539,OADMET-0002817,5.3,train,5to6,4,0.00019014201825484633,0.00011160637950524688,0.31739649176597595,0.6724756360054016,0.009826159104704857,5to6
2539,2540,OADMET-0002816,5.51,train,5to6,4,1.361739236926951e-06,4.772579268319532e-05,0.12772536277770996,0.8702648878097534,0.001960716675966978,5to6
2540,2541,OADMET-0002815,5.72,train,5to6,3,2.9935608836240135e-06,0.0007289015920832753,0.4609438180923462,0.5361102819442749,0.0022140231449157,5to6
2541,2542,OADMET-0002814,5.28,train,5to6,3,2.062463408947224e-06,0.0008356362814083695,0.253173291683197,0.7309646010398865,0.015024416148662567,5to6
2542,2543,OADMET-0002813,5.02,train,5to6,0,5.3151496103964746e-05,0.015008549205958843,0.3743094801902771,0.5930948853492737,0.017533928155899048,5to6
2543,2544,OADMET-0002812,5.0,train,4to5,4,1.8488628938939655e-07,2.8464515708037652e-05,0.0580713115632534,0.9371419548988342,0.004758059978485107,5to6
2544,2545,OADMET-0002811,5.03,train,5to6,0,0.044533871114254,0.1986670196056366,0.26447638869285583,0.43812981247901917,0.054192911833524704,5to6
2545,2546,OADMET-0002810,5.949999999999999,train,5to6,4,6.63989263571807e-09,3.4400267168166465e-07,0.0013942524092271924,0.9847007393836975,0.013904653489589691,5to6
2546,2547,OADMET-0002809,5.74,train,5to6,1,1.1019953490176704e-05,6.406245665857568e-05,0.041409168392419815,0.6304287314414978,0.3280870318412781,5to6
2547,2548,OADMET-0002808,5.19,train,5to6,3,2.009296167670982e-06,9.697907808003947e-05,0.19695927202701569,0.7931532263755798,0.009788516908884048,5to6
2548,2549,OADMET-0002807,5.775,train,5to6,0,4.12872941524256e-06,0.00040010648081079125,0.04829701408743858,0.9053241014480591,0.0459747277200222,5to6
2549,2550,OADMET-0002806,3.26,train,3to4,4,0.9653805494308472,0.030994616448879242,0.0032806035596877337,0.0002594486577436328,8.483713463647291e-05,lt3
2550,2551,OADMET-0002805,4.91,train,4to5,3,0.001283835037611425,0.0132016371935606,0.8215718269348145,0.1612006276845932,0.0027421044651418924,4to5
2551,2552,OADMET-0002804,4.95,train,4to5,2,7.282400929398136e-06,0.00024759123334661126,0.23104652762413025,0.7674922347068787,0.0012064005713909864,5to6
2552,2553,OADMET-0002803,5.22,train,5to6,3,9.797715028980747e-05,0.006568252574652433,0.8376172184944153,0.14254452288150787,0.013172032311558723,4to5
2553,2554,OADMET-0002802,5.55,train,5to6,0,6.983118510106578e-05,0.001041258918121457,0.38836491107940674,0.6060966849327087,0.0044272602535784245,5to6
2554,2555,OADMET-0002801,5.84,train,5to6,4,1.999178493861109e-06,0.00021481074509210885,0.10187268257141113,0.8848481178283691,0.013062317855656147,5to6
2555,2556,OADMET-0002800,5.09,train,5to6,3,9.359307568956865e-07,0.00013216827937867492,0.06078990176320076,0.6079210638999939,0.331155925989151,5to6
2556,2557,OADMET-0002799,3.4,train,3to4,4,0.3803725838661194,0.39584192633628845,0.18506012856960297,0.038014378398656845,0.0007110433652997017,3to4
2557,2558,OADMET-0002798,5.21,train,5to6,0,0.23109638690948486,0.11266528815031052,0.23716047406196594,0.3687080442905426,0.05036984384059906,5to6
2558,2559,OADMET-0002797,5.84,train,5to6,1,7.815453386683657e-07,5.3999068768462166e-05,0.003982232417911291,0.9548293352127075,0.041133683174848557,5to6
2559,2560,OADMET-0002796,5.0,train,4to5,3,0.0010188132291659713,0.012981683015823364,0.8801707029342651,0.10552189499139786,0.0003068525402341038,4to5
2560,2561,OADMET-0002795,5.029999999999999,train,5to6,4,0.5529273748397827,0.26506534218788147,0.1761995553970337,0.005772130563855171,3.5619719710666686e-05,lt3
2561,2562,OADMET-0002794,5.64,train,5to6,0,0.029342874884605408,0.10489804297685623,0.40978753566741943,0.393279492855072,0.06269209086894989,4to5
2562,2563,OADMET-0002793,4.96,train,4to5,3,8.520783921994735e-06,0.0014031622558832169,0.3964080214500427,0.6003677845001221,0.0018124997150152922,5to6
2563,2564,OADMET-0002792,5.39,train,5to6,4,0.00027864970616064966,0.0004904139204882085,0.36871102452278137,0.6192284226417542,0.01129147782921791,5to6
2564,2565,OADMET-0002791,6.125,train,gte6,4,1.252754486813501e-06,8.168397016561357e-07,0.0025195360649377108,0.948394238948822,0.04908408224582672,5to6
2565,2566,OADMET-0002790,4.93,train,4to5,4,0.003941756673157215,0.0023361986968666315,0.8763419985771179,0.11549725383520126,0.0018826753366738558,4to5
2566,2567,OADMET-0002789,5.46,train,5to6,2,9.897354402710334e-07,2.061088162008673e-05,0.01432360615581274,0.9807764887809753,0.004878234583884478,5to6
2567,2568,OADMET-0002788,5.3,train,5to6,3,0.001126784598454833,0.024490144103765488,0.9009279608726501,0.07304904609918594,0.00040611601434648037,4to5
2568,2569,OADMET-0002787,5.7,train,5to6,4,3.193831389580737e-06,3.4717995731625706e-05,0.508193850517273,0.49126943945884705,0.000498842098750174,4to5
2569,2570,OADMET-0002786,6.14,train,gte6,4,8.340323984157294e-05,0.029565375298261642,0.8399800658226013,0.13023047149181366,0.0001407478703185916,4to5
2570,2571,OADMET-0002785,5.41,train,5to6,2,0.0004762090393342078,0.00023213420354295522,0.3243594169616699,0.6717568635940552,0.0031753277871757746,5to6
2571,2572,OADMET-0002784,5.35,train,5to6,1,0.035856831818819046,0.035706814378499985,0.8032304048538208,0.11725356429815292,0.007952439598739147,4to5
2572,2573,OADMET-0002783,5.69,train,5to6,2,9.196799510391429e-06,0.00016979823703877628,0.2589123845100403,0.7399332523345947,0.0009754101047292352,5to6
2573,2574,OADMET-0002782,5.41,train,5to6,4,1.3009908798267134e-05,0.00018551915127318352,0.1907912790775299,0.7983312606811523,0.010678986087441444,5to6
2574,2575,OADMET-0002781,5.5,train,5to6,3,0.0002813473984133452,0.0147350849583745,0.9531190991401672,0.03171622008085251,0.00014824228128418326,4to5
2575,2576,OADMET-0002780,5.925000000000001,train,5to6,3,5.77348328079097e-05,0.0009247997077181935,0.5659148097038269,0.4312502443790436,0.0018523354083299637,4to5
2576,2577,OADMET-0002779,5.3,train,5to6,1,0.0007452793652191758,0.009726349264383316,0.2992660701274872,0.6646836400032043,0.025578677654266357,5to6
2577,2578,OADMET-0002778,5.04,train,5to6,0,0.00016619653615634888,0.0005732061108574271,0.10385160148143768,0.8100500106811523,0.08535899966955185,5to6
2578,2579,OADMET-0002777,5.03,train,5to6,3,0.00016261162818409503,0.01928587444126606,0.8119103312492371,0.1671709418296814,0.0014702664921060205,4to5
2579,2580,OADMET-0002776,5.22,train,5to6,2,3.955844294978306e-05,0.0004174916248302907,0.5437036156654358,0.45525923371315,0.000580069434363395,4to5
2580,2581,OADMET-0002775,5.23,train,5to6,1,0.0003098136803600937,0.0058583845384418964,0.28729361295700073,0.6889408826828003,0.017597362399101257,5to6
2581,2582,OADMET-0002774,5.07,train,5to6,3,6.634184046561131e-07,0.0001330669765593484,0.5248003005981445,0.4739561676979065,0.001109781675040722,4to5
2582,2583,OADMET-0002773,5.91,train,5to6,2,3.1075421702553285e-06,4.610855467035435e-05,0.04810645431280136,0.8529588580131531,0.09888552129268646,5to6
2583,2584,OADMET-0002772,5.215,train,5to6,1,4.1017447074409574e-06,0.00030400004470720887,0.23097297549247742,0.7661238312721252,0.002595114754512906,5to6
2584,2585,OADMET-0002771,1.8,train,lt3,1,0.22190304100513458,0.5998880863189697,0.12236996740102768,0.05080273002386093,0.0050362455658614635,3to4
2585,2586,OADMET-0002769,5.22,train,5to6,1,0.0013641350669786334,0.004065799061208963,0.35213929414749146,0.5512911081314087,0.09113968163728714,5to6
2586,2587,OADMET-0002768,5.25,train,5to6,4,2.039684403598585e-07,4.95376625622157e-05,0.07236118614673615,0.9263384342193604,0.0012506056809797883,5to6
2587,2588,OADMET-0002767,6.27,train,gte6,1,2.3151223160766676e-09,2.0765323824889492e-06,0.00497873080894351,0.9925861954689026,0.0024330075830221176,5to6
2588,2589,OADMET-0002766,5.904999999999999,train,5to6,1,3.1484535156778293e-07,6.100777682149783e-05,0.01951744593679905,0.9393185973167419,0.04110266640782356,5to6
2589,2590,OADMET-0002765,3.1,train,3to4,0,0.08917955309152603,0.5426915287971497,0.1484510898590088,0.1927042156457901,0.02697361446917057,3to4
2590,2591,OADMET-0002764,4.79,train,4to5,3,0.005736880004405975,0.007949073798954487,0.7690610289573669,0.216635063290596,0.0006179057527333498,4to5
2591,2592,OADMET-0002763,5.31,train,5to6,2,0.0001008333929348737,0.012010826729238033,0.8983331918716431,0.0895145833492279,4.058414197061211e-05,4to5
2592,2593,OADMET-0002762,5.6,train,5to6,4,4.3176930830668425e-07,1.685868255663081e-06,0.016561249271035194,0.8934704065322876,0.08996625244617462,5to6
2593,2594,OADMET-0002761,5.41,train,5to6,1,0.0030720361974090338,0.037590086460113525,0.23741383850574493,0.7165738940238953,0.005350120831280947,5to6
2594,2595,OADMET-0002760,6.32,train,gte6,4,1.185789688662453e-09,1.6779121381205186e-07,0.0009824499720707536,0.9973461627960205,0.001671219477429986,5to6
2595,2596,OADMET-0002759,4.74,train,4to5,0,0.07823242992162704,0.2885819971561432,0.6149879097938538,0.01797572337090969,0.00022189963783603162,4to5
2596,2597,OADMET-0002758,5.795,train,5to6,0,0.0006583077483810484,0.03064047545194626,0.6772888898849487,0.287298321723938,0.004114039242267609,4to5
2597,2598,OADMET-0002757,4.77,train,4to5,1,1.0494896969248657e-06,1.2131707080698106e-05,0.012270914390683174,0.9809282422065735,0.0067876470275223255,5to6
2598,2599,OADMET-0002756,4.87,train,4to5,3,0.01460823230445385,0.06751281023025513,0.5957017540931702,0.3142514228820801,0.007925804704427719,4to5
2599,2600,OADMET-0002755,5.38,train,5to6,1,0.0001317460264544934,0.0021098670549690723,0.5678996443748474,0.4282379746437073,0.0016208344604820013,4to5
2600,2601,OADMET-0002754,5.6,train,5to6,0,2.472810956533067e-05,0.0005105740274302661,0.34634894132614136,0.6271191239356995,0.02599664218723774,5to6
2601,2602,OADMET-0002753,6.15,train,gte6,1,0.8676624298095703,0.04168226569890976,0.028816673904657364,0.039926305413246155,0.021912338212132454,lt3
2602,2603,OADMET-0002752,4.95,train,4to5,2,5.7771387218963355e-05,0.0018815012881532311,0.23595990240573883,0.7584946155548096,0.0036062675062566996,5to6
2603,2604,OADMET-0002751,5.13,train,5to6,2,0.0001732095843181014,0.010378403589129448,0.48454785346984863,0.4990392327308655,0.005861262325197458,5to6
2604,2605,OADMET-0002750,3.43,train,3to4,4,0.0027615423314273357,0.14019359648227692,0.7985501289367676,0.05839965492486954,9.508843504590914e-05,4to5
2605,2606,OADMET-0002749,1.9,train,lt3,2,0.30191874504089355,0.37442752718925476,0.28523167967796326,0.03395061939954758,0.004471475258469582,3to4
2606,2607,OADMET-0002748,1.79,train,lt3,4,0.3347591459751129,0.6627809405326843,0.0024233125150203705,2.9038625143584795e-05,7.558284323749831e-06,3to4
2607,2608,OADMET-0002747,5.87,train,5to6,4,0.13824014365673065,0.07941193133592606,0.748842179775238,0.03331278637051582,0.00019297270046081394,4to5
2608,2609,OADMET-0002746,4.78,train,4to5,1,0.012443656101822853,0.0461958646774292,0.8760292530059814,0.06492374837398529,0.00040749882464297116,4to5
2609,2610,OADMET-0002745,1.76,train,lt3,1,0.913029670715332,0.06957744807004929,0.014497837983071804,0.0023396939504891634,0.0005553593509830534,lt3
2610,2611,OADMET-0002744,5.34,train,5to6,1,1.25039036902308e-07,4.973960585630266e-06,0.007134882267564535,0.9785963892936707,0.014263623394072056,5to6
2611,2612,OADMET-0002743,1.83,train,lt3,0,0.9392627477645874,0.05648021399974823,0.0017193281091749668,0.0009560726466588676,0.0015816355589777231,lt3
2612,2613,OADMET-0002742,1.82,train,lt3,3,0.038057729601860046,0.2748333811759949,0.5262565612792969,0.15025442838668823,0.010597879998385906,4to5
2613,2614,OADMET-0002740,5.67,train,5to6,0,0.0015653911978006363,0.01871018297970295,0.7470264434814453,0.22821596264839172,0.004482019692659378,4to5
2614,2615,OADMET-0002739,5.33,train,5to6,4,0.00016587921709287912,0.001844641286879778,0.6217843890190125,0.3753850758075714,0.0008200191659852862,4to5
2615,2616,OADMET-0002738,5.34,train,5to6,4,0.005975026171654463,0.08230864256620407,0.7005060315132141,0.20222923159599304,0.00898110680282116,4to5
2616,2617,OADMET-0002736,4.91,train,4to5,3,0.011320000514388084,0.07007007300853729,0.6482774019241333,0.266919881105423,0.0034126569516956806,4to5
2617,2618,OADMET-0002735,5.455,train,5to6,2,0.0005353416199795902,0.0009853309020400047,0.2624998390674591,0.7329307198524475,0.0030487256590276957,5to6
2618,2619,OADMET-0002734,1.81,train,lt3,1,0.023387573659420013,0.03128495067358017,0.8550852537155151,0.08779846876859665,0.002443677745759487,4to5
2619,2620,OADMET-0002733,5.76,train,5to6,0,4.5054530346533284e-05,0.001539768883958459,0.32382071018218994,0.6181548833847046,0.05643957108259201,5to6
2620,2621,OADMET-0002732,5.66,train,5to6,4,1.1577511031646281e-05,5.459826934384182e-05,0.05663065239787102,0.9402676820755005,0.0030355150811374187,5to6
2621,2622,OADMET-0002731,5.61,train,5to6,2,1.2328884224643843e-07,1.1025633284589276e-05,0.02506345883011818,0.9730780124664307,0.0018473886884748936,5to6
2622,2623,OADMET-0002730,5.58,train,5to6,4,1.7475732647653786e-06,8.243357297033072e-05,0.10056386888027191,0.8987026214599609,0.0006492750835604966,5to6
2623,2624,OADMET-0002729,5.175,train,5to6,1,2.7310838959238026e-06,0.0006329531315714121,0.07113352417945862,0.9204651117324829,0.007765709422528744,5to6
2624,2625,OADMET-0002728,5.65,train,5to6,2,0.000319510669214651,0.0017309165559709072,0.758176326751709,0.2392270416021347,0.0005461928667500615,4to5
2625,2626,OADMET-0002727,5.71,train,5to6,1,2.1651880160789005e-05,0.0007204128196462989,0.4227186441421509,0.5745053887367249,0.0020339079201221466,5to6
2626,2627,OADMET-0002726,5.01,train,5to6,1,0.0130140520632267,0.1854773759841919,0.43177005648612976,0.357168972492218,0.012569546699523926,4to5
2627,2628,OADMET-0002725,5.35,train,5to6,2,0.00010376334830652922,0.0010740632424131036,0.2615501284599304,0.7367339730262756,0.000538111082278192,5to6
2628,2629,OADMET-0002724,2.6,train,lt3,3,0.6645128130912781,0.2953644394874573,0.03991641104221344,0.00017781245696824044,2.8558213671203703e-05,lt3
2629,2630,OADMET-0002723,2.89,train,lt3,4,0.6411627531051636,0.35316067934036255,0.0031710145995020866,0.0007859845645725727,0.001719566178508103,lt3
2630,2631,OADMET-0002722,5.47,train,5to6,3,7.280130830622511e-06,0.0002767450932879001,0.3822384476661682,0.6143112182617188,0.003166304202750325,5to6
2631,2632,OADMET-0002721,4.97,train,4to5,3,4.687147736603947e-07,0.00024683840456418693,0.4151262938976288,0.5840615034103394,0.0005649104132317007,5to6
2632,2633,OADMET-0002720,5.46,train,5to6,1,2.0643297204969713e-07,4.396383883431554e-05,0.03522183746099472,0.964182436466217,0.0005516385426744819,5to6
2633,2634,OADMET-0002719,2.53,train,lt3,2,0.9240824580192566,0.0727696567773819,0.0030250106938183308,0.00011885543062817305,4.091752089152578e-06,lt3
2634,2635,OADMET-0002718,6.115,train,gte6,3,1.492605861130869e-06,0.0019536130130290985,0.7630141377449036,0.23484311997890472,0.0001877149479696527,4to5
2635,2636,OADMET-0002717,5.54,train,5to6,3,2.0431062353054585e-07,0.00017898291116580367,0.11879368871450424,0.8711948394775391,0.0098322294652462,5to6
2636,2637,OADMET-0002716,4.79,train,4to5,0,0.003916215617209673,0.028593936935067177,0.6986843943595886,0.26531603932380676,0.0034894077107310295,4to5
2637,2638,OADMET-0002715,5.83,train,5to6,4,9.57695665420033e-05,0.005548920016735792,0.6517348885536194,0.33799347281455994,0.004626977723091841,4to5
2638,2639,OADMET-0002714,5.82,train,5to6,4,4.264177277946146e-06,7.45352590456605e-05,0.2508734464645386,0.7441707849502563,0.004876992199569941,5to6
2639,2640,OADMET-0002713,5.44,train,5to6,3,6.333621422527358e-05,0.0052621192298829556,0.3020003139972687,0.6560680866241455,0.03660615161061287,5to6
2640,2641,OADMET-0002712,5.29,train,5to6,0,0.00016456619778182358,0.011237592436373234,0.2512800991535187,0.5914059281349182,0.14591185748577118,5to6
2641,2642,OADMET-0002710,2.78,train,lt3,1,0.8382703065872192,0.15389196574687958,0.007554702460765839,0.00024810328613966703,3.494300472084433e-05,lt3
2642,2643,OADMET-0002709,5.49,train,5to6,1,3.935424217615946e-07,3.31540395563934e-05,0.032979436218738556,0.9627958536148071,0.004191185347735882,5to6
2643,2644,OADMET-0002708,1.84,train,lt3,1,0.0036130573134869337,0.05043186619877815,0.615232527256012,0.3115572929382324,0.019165247678756714,4to5
2644,2645,OADMET-0002707,5.56,train,5to6,2,0.0002580577274784446,0.0007474970770999789,0.13490667939186096,0.838753342628479,0.025334389880299568,5to6
2645,2646,OADMET-0002706,4.94,train,4to5,1,4.575310958898626e-05,0.0015355100622400641,0.18878556787967682,0.8073644638061523,0.00226868549361825,5to6
2646,2647,OADMET-0002705,3.56,train,3to4,4,0.1536932736635208,0.2857232987880707,0.5527832508087158,0.007743680849671364,5.6581327953608707e-05,4to5
2647,2648,OADMET-0002704,5.6,train,5to6,2,0.3824048936367035,0.24099749326705933,0.29451361298561096,0.0772315263748169,0.0048525286838412285,lt3
2648,2649,OADMET-0002703,5.16,train,5to6,1,4.7272456527025497e-07,9.34799390961416e-05,0.060580987483263016,0.935982346534729,0.0033426990266889334,5to6
2649,2650,OADMET-0002702,5.24,train,5to6,4,8.587053343944717e-06,0.0009835186647251248,0.5726436376571655,0.4252893030643463,0.001074943458661437,4to5
2650,2651,OADMET-0002701,5.365,train,5to6,2,0.00039099244168028235,0.0003824167652055621,0.2073303908109665,0.784491777420044,0.007404426112771034,5to6
2651,2652,OADMET-0002700,5.64,train,5to6,0,2.8007395940221613e-06,0.00031143243541009724,0.26157546043395996,0.7276551723480225,0.01045509148389101,5to6
2652,2653,OADMET-0002699,5.22,train,5to6,1,0.002346941502764821,0.007418112829327583,0.896575391292572,0.09318269044160843,0.0004768958315253258,4to5
2653,2654,OADMET-0002698,5.7,train,5to6,1,4.884757345280377e-07,0.00016401064931415021,0.14309315383434296,0.856261670589447,0.0004806571814697236,5to6
2654,2655,OADMET-0002697,5.36,train,5to6,2,0.0006746728904545307,0.002214919775724411,0.4023289382457733,0.581649661064148,0.013131855055689812,5to6
2655,2656,OADMET-0002696,5.85,train,5to6,4,0.00013220666733104736,0.0007813024567440152,0.8182286024093628,0.18065616488456726,0.00020174705423414707,4to5
2656,2657,OADMET-0002695,2.69,train,lt3,4,0.08736799657344818,0.057433903217315674,0.8126598000526428,0.04239843040704727,0.00013981210940983146,4to5
2657,2658,OADMET-0002694,1.91,train,lt3,3,0.9137569665908813,0.04426979646086693,0.022052902728319168,0.010882725939154625,0.009037657640874386,lt3
2658,2659,OADMET-0002693,5.06,train,5to6,0,0.0007006822852417827,0.020067395642399788,0.7291723489761353,0.24807484447956085,0.0019846991635859013,4to5
2659,2660,OADMET-0002692,4.67,train,4to5,3,1.6518335996806854e-06,0.000351359456544742,0.725537896156311,0.27200719714164734,0.0021019023843109608,4to5
2660,2661,OADMET-0002691,5.35,train,5to6,2,1.3492753168975469e-05,9.671496627561282e-06,0.12692537903785706,0.8712138533592224,0.0018376632360741496,5to6
2661,2662,OADMET-0002690,5.27,train,5to6,2,5.031244754150066e-08,4.309822088544024e-06,0.00627408642321825,0.9925438165664673,0.0011776764877140522,5to6
2662,2663,OADMET-0002689,4.07,train,4to5,4,0.9660706520080566,0.02250453270971775,0.00979960709810257,0.0013907761313021183,0.00023450196022167802,lt3
2663,2664,OADMET-0002688,4.65,train,4to5,0,0.00018863198056351393,0.0003875862166751176,0.06673426181077957,0.6722020506858826,0.2604874074459076,5to6
2664,2665,OADMET-0002687,5.12,train,5to6,4,5.619538205792196e-05,0.00036807736614719033,0.7840505242347717,0.21126823127269745,0.004256953950971365,4to5
2665,2666,OADMET-0002686,5.44,train,5to6,2,0.0004681303689721972,0.001500127837061882,0.27628812193870544,0.7178372740745544,0.00390634685754776,5to6
2666,2667,OADMET-0002685,5.98,train,5to6,2,1.9651542970677838e-06,1.3226384908193722e-05,0.024611670523881912,0.9739722013473511,0.0014009518781676888,5to6
2667,2668,OADMET-0002684,3.2,train,3to4,2,0.2331407070159912,0.5885449647903442,0.15239275991916656,0.025526732206344604,0.00039484124863520265,3to4
2668,2669,OADMET-0002683,6.07,train,gte6,2,0.013611947186291218,0.026860311627388,0.1414581835269928,0.7709164619445801,0.04715313762426376,5to6
2669,2670,OADMET-0002682,2.42,train,lt3,0,0.07580454647541046,0.047467637807130814,0.5611549019813538,0.3109835386276245,0.004589397925883532,4to5
2670,2671,OADMET-0002681,5.33,train,5to6,1,5.016678187530488e-05,0.0019275043159723282,0.4925605058670044,0.5047459602355957,0.0007157932268455625,5to6
2671,2672,OADMET-0002680,5.4,train,5to6,1,2.8784622827515705e-06,4.4041400542482734e-05,0.2061491757631302,0.7932141423225403,0.0005897646769881248,5to6
2672,2673,OADMET-0002679,5.27,train,5to6,2,0.00011429407459218055,0.0009368931641802192,0.30807584524154663,0.46037307381629944,0.23049987852573395,5to6
2673,2674,OADMET-0002678,5.53,train,5to6,1,1.9116563976240286e-07,0.000154952984303236,0.02816425822675228,0.9626445770263672,0.009035996161401272,5to6
2674,2675,OADMET-0002677,5.28,train,5to6,3,0.0018870679195970297,0.011160038411617279,0.8310451507568359,0.15367019176483154,0.0022375553380697966,4to5
2675,2676,OADMET-0002676,5.57,train,5to6,1,3.599203409976326e-05,0.0009918531868606806,0.0700102373957634,0.9073950052261353,0.021566985175013542,5to6
2676,2677,OADMET-0002675,5.8100000000000005,train,5to6,4,0.07234584540128708,0.018994105979800224,0.7739886045455933,0.12930163741111755,0.0053697614930570126,4to5
2677,2678,OADMET-0002674,5.28,train,5to6,3,0.00020838002092204988,0.0037793375086039305,0.5684512257575989,0.4268938899040222,0.0006671806331723928,4to5
2678,2679,OADMET-0002673,4.81,train,4to5,1,4.3253632497908256e-07,8.909856842365116e-05,0.028972696512937546,0.9496794939041138,0.021258274093270302,5to6
2679,2680,OADMET-0002672,1.72,train,lt3,2,0.13850347697734833,0.23580965399742126,0.14848914742469788,0.4577387869358063,0.019458888098597527,5to6
2680,2681,OADMET-0002671,5.3,train,5to6,0,0.00022239744430407882,0.013777987100183964,0.662183403968811,0.3110215663909912,0.012794684618711472,4to5
2681,2682,OADMET-0002670,5.18,train,5to6,0,0.03317560628056526,0.2976975739002228,0.43802180886268616,0.2282092124223709,0.0028958027251064777,4to5
2682,2683,OADMET-0002669,3.36,train,3to4,4,0.19483906030654907,0.43531471490859985,0.3601345717906952,0.009579410776495934,0.00013224380381871015,3to4
2683,2684,OADMET-0002668,5.03,train,5to6,0,0.0005295687587931752,0.0009356880327686667,0.25622832775115967,0.557877242565155,0.18442922830581665,5to6
2684,2685,OADMET-0002667,1.8,train,lt3,0,0.49317508935928345,0.2887052595615387,0.08810639381408691,0.11619587987661362,0.013817432336509228,lt3
2685,2686,OADMET-0002666,6.325,train,gte6,4,1.775932832970284e-05,2.598368882900104e-05,0.050412870943546295,0.8928313851356506,0.056712016463279724,5to6
2686,2687,OADMET-0002665,5.42,train,5to6,1,0.0003290310560259968,0.004286755807697773,0.6006343960762024,0.3818622827529907,0.012887534685432911,4to5
2687,2688,OADMET-0002664,5.08,train,5to6,0,1.3515450518752914e-06,0.00012539615272544324,0.10951844602823257,0.8839381337165833,0.006416662596166134,5to6
2688,2689,OADMET-0002663,5.08,train,5to6,0,0.0010461878264322877,0.018611498177051544,0.7169073820114136,0.2606329917907715,0.002801975468173623,4to5
2689,2690,OADMET-0002662,5.87,train,5to6,2,5.9426206462376285e-06,0.013306432403624058,0.5024557709693909,0.4841691255569458,6.269446021178737e-05,4to5
2690,2691,OADMET-0002661,5.28,train,5to6,1,1.0527111271585454e-06,0.00010729736823122948,0.08548063039779663,0.9070327281951904,0.007378334179520607,5to6
2691,2692,OADMET-0002660,1.8,train,lt3,3,0.6792497038841248,0.1395275890827179,0.13162799179553986,0.04378160834312439,0.005813160911202431,lt3
2692,2693,OADMET-0002659,5.87,train,5to6,3,6.312450562262484e-09,5.97138580360479e-07,0.004785880446434021,0.7510676383972168,0.24414588510990143,5to6
2693,2694,OADMET-0002658,5.41,train,5to6,4,2.0069084172291696e-08,4.72584997623926e-06,0.14840133488178253,0.850239098072052,0.0013547971611842513,5to6
2694,2695,OADMET-0002657,5.76,train,5to6,3,1.2033327038807329e-05,0.0004268604679964483,0.3340787887573242,0.6330548524856567,0.03242745250463486,5to6
2695,2696,OADMET-0002656,5.65,train,5to6,4,6.516324333460943e-07,4.1868945118039846e-05,0.04536820575594902,0.9523671865463257,0.002222121926024556,5to6
2696,2697,OADMET-0002655,5.13,train,5to6,3,0.001168487360700965,0.016716009005904198,0.8310506939888,0.15084661543369293,0.00021821972040925175,4to5
2697,2698,OADMET-0002654,4.73,train,4to5,4,0.00010458425094839185,0.0004085788386873901,0.2077988237142563,0.7779406309127808,0.013747275806963444,5to6
2698,2699,OADMET-0002653,5.44,train,5to6,1,2.640865022840444e-05,0.0011480965185910463,0.263555109500885,0.7289090156555176,0.006361344829201698,5to6
2699,2700,OADMET-0002652,1.71,train,lt3,0,0.17665539681911469,0.1459749937057495,0.5439318418502808,0.1289377063512802,0.004500033333897591,4to5
2700,2701,OADMET-0002651,5.57,train,5to6,3,6.661622808934453e-09,1.2614606021088548e-05,0.35363948345184326,0.645277738571167,0.001070115133188665,5to6
2701,2702,OADMET-0002650,1.75,train,lt3,1,0.0477454848587513,0.17133313417434692,0.5616459846496582,0.18637874722480774,0.03289664536714554,4to5
2702,2703,OADMET-0002649,1.79,train,lt3,2,0.7108138799667358,0.20568083226680756,0.06863993406295776,0.013797810301184654,0.0010675521334633231,lt3
2703,2704,OADMET-0002648,4.69,train,4to5,4,0.1296105682849884,0.8110513687133789,0.05879506096243858,0.0005300584598444402,1.2970682291779667e-05,3to4
2704,2705,OADMET-0002647,1.73,train,lt3,2,0.7061216831207275,0.18742536008358002,0.09183339029550552,0.01404759380966425,0.0005719263572245836,lt3
2705,2706,OADMET-0002646,4.78,train,4to5,0,0.00014592734805773944,0.001221227808855474,0.054602473974227905,0.8496928811073303,0.0943375676870346,5to6
2706,2707,OADMET-0002645,5.67,train,5to6,1,1.0078736778496022e-07,1.0288496923749335e-05,0.011184419505298138,0.9446142315864563,0.044190920889377594,5to6
2707,2708,OADMET-0002644,2.0,train,lt3,2,0.2963797152042389,0.2043389230966568,0.40514320135116577,0.09288289397954941,0.001255297684110701,4to5
2708,2709,OADMET-0002643,5.98,train,5to6,4,2.294843000072433e-07,1.8067983546643518e-05,0.04536512494087219,0.9540269374847412,0.0005896626971662045,5to6
2709,2710,OADMET-0002642,5.48,train,5to6,4,8.478269592160359e-06,0.0010577875655144453,0.7538483142852783,0.2447482794523239,0.0003370715712662786,4to5
2710,2711,OADMET-0002641,2.06,train,lt3,0,0.9264864921569824,0.056802839040756226,0.014670479111373425,0.0009542544721625745,0.0010859231697395444,lt3
2711,2712,OADMET-0002640,5.12,train,5to6,1,2.836766270775115e-06,0.0001858001487562433,0.07085995376110077,0.9251562356948853,0.0037951734848320484,5to6
2712,2713,OADMET-0002639,3.52,train,3to4,4,0.0002847434370778501,0.005065707955509424,0.6056793928146362,0.38818949460983276,0.0007806625799275935,4to5
2713,2714,OADMET-0002638,5.26,train,5to6,0,0.0007953306194394827,0.002559170825406909,0.3855329751968384,0.5509806871414185,0.06013187766075134,5to6
2714,2715,OADMET-0002637,5.31,train,5to6,3,9.073914043256082e-06,0.0003059855371247977,0.14784526824951172,0.8253778219223022,0.026461880654096603,5to6
2715,2716,OADMET-0002636,5.19,train,5to6,2,0.0012960650492459536,0.003369065932929516,0.29019632935523987,0.7033026218414307,0.001835904666222632,5to6
2716,2717,OADMET-0002635,5.45,train,5to6,0,0.17825016379356384,0.5600100755691528,0.20560011267662048,0.050158970057964325,0.00598073098808527,3to4
2717,2718,OADMET-0002634,4.7,train,4to5,3,0.00012010030332021415,0.0012285223929211497,0.2476581335067749,0.7438375949859619,0.007155633065849543,5to6
2718,2719,OADMET-0002633,6.045,train,gte6,0,2.873224912036676e-05,0.0009894181275740266,0.09740769118070602,0.6924852728843689,0.20908892154693604,5to6
2719,2720,OADMET-0002632,5.79,train,5to6,4,6.092880511232579e-08,5.764337629443617e-07,0.05348218232393265,0.9460300207138062,0.00048709154361858964,5to6
2720,2721,OADMET-0002631,5.77,train,5to6,4,0.00010417235898785293,0.0004047819529660046,0.3056856393814087,0.6914010643959045,0.0024043123703449965,5to6
2721,2722,OADMET-0002630,4.705,train,4to5,2,0.004887664224952459,0.028980901464819908,0.5593289136886597,0.40144336223602295,0.005359166767448187,4to5
2722,2723,OADMET-0002629,4.95,train,4to5,1,0.0002731728309299797,0.003265021601691842,0.3706367015838623,0.6252461075782776,0.0005789881106466055,5to6
2723,2724,OADMET-0002628,6.11,train,gte6,0,0.0006473874673247337,0.06790304183959961,0.3849429488182068,0.5072377920150757,0.039268892258405685,5to6
2724,2725,OADMET-0002627,5.29,train,5to6,4,6.781084812246263e-05,0.0010415209690108895,0.5094913840293884,0.48804008960723877,0.001359239686280489,4to5
2725,2726,OADMET-0002626,5.19,train,5to6,0,7.641554839210585e-05,0.0015443556476384401,0.526512861251831,0.4676598012447357,0.004206526558846235,4to5
2726,2727,OADMET-0002625,5.3,train,5to6,2,3.9886740523797926e-06,3.2372645364375785e-05,0.049679022282361984,0.9459569454193115,0.00432764645665884,5to6
2727,2728,OADMET-0002624,1.74,train,lt3,4,0.00027878364198841155,0.002995521994307637,0.9702868461608887,0.0264133270829916,2.5566614567651413e-05,4to5
2728,2729,OADMET-0002623,5.28,train,5to6,1,0.00043714061030186713,0.003611156018450856,0.23389796912670135,0.746880829334259,0.015172887593507767,5to6
2729,2730,OADMET-0002622,5.52,train,5to6,1,0.6514309644699097,0.12582245469093323,0.13617919385433197,0.07781524211168289,0.008752169087529182,lt3
2730,2731,OADMET-0002621,5.15,train,5to6,4,7.001961876085261e-06,0.00030277782934717834,0.5494596362113953,0.44919848442077637,0.001032202155329287,4to5
2731,2732,OADMET-0002620,5.42,train,5to6,2,6.773367204004899e-06,1.8743810869636945e-05,0.03705335408449173,0.954908013343811,0.008013135753571987,5to6
2732,2733,OADMET-0002619,5.91,train,5to6,1,1.2335342489677714e-06,9.06484856386669e-05,0.030605165287852287,0.9675873517990112,0.0017155851237475872,5to6
2733,2734,OADMET-0002618,4.87,train,4to5,1,5.2867699196212925e-06,2.9781464036204852e-05,0.010324336588382721,0.883565366268158,0.106075219810009,5to6
2734,2735,OADMET-0002617,5.67,train,5to6,4,2.0891982330795145e-06,5.437409708974883e-05,0.0694713145494461,0.9276413321495056,0.002830912359058857,5to6
2735,2736,OADMET-0002616,5.88,train,5to6,4,5.10961115196551e-07,3.273308539064601e-05,0.03456262871623039,0.9476278424263,0.017776301130652428,5to6
2736,2737,OADMET-0002615,5.33,train,5to6,4,7.986953876049085e-10,7.837281827960396e-07,0.02867467701435089,0.9702121615409851,0.0011124310549348593,5to6
2737,2738,OADMET-0002614,5.5,train,5to6,2,0.00023613714438397437,0.002091660164296627,0.537509560585022,0.4564764201641083,0.00368615984916687,4to5
2738,2739,OADMET-0002613,5.29,train,5to6,1,0.00010755589028121904,0.0008932403870858252,0.10662275552749634,0.890375554561615,0.002000849461182952,5to6
2739,2740,OADMET-0002612,4.85,train,4to5,2,6.16386896581389e-05,0.0035869895946234465,0.7138304114341736,0.27995753288269043,0.0025634141638875008,4to5
2740,2741,OADMET-0002611,5.27,train,5to6,1,5.947898102931504e-07,0.00031144582317210734,0.09177777171134949,0.8942291736602783,0.013680987060070038,5to6
2741,2742,OADMET-0002610,4.6850000000000005,train,4to5,1,1.7547247352922568e-06,0.00012462398444768041,0.029787424951791763,0.959025502204895,0.011060718446969986,5to6
2742,2743,OADMET-0002609,4.67,train,4to5,0,5.207332833379041e-06,0.00015824018919374794,0.12399251013994217,0.7716360092163086,0.10420802980661392,5to6
2743,2744,OADMET-0002608,4.76,train,4to5,0,0.0015717832138761878,0.06644614785909653,0.630937933921814,0.29798802733421326,0.0030560598243027925,4to5
2744,2745,OADMET-0002607,5.08,train,5to6,4,0.9610150456428528,0.03892447426915169,6.013298116158694e-05,1.7507289840068552e-07,1.763008441457714e-07,lt3
2745,2746,OADMET-0002606,5.33,train,5to6,0,0.00013422078336589038,0.0033531347289681435,0.7803848385810852,0.2140437513589859,0.002084099454805255,4to5
2746,2747,OADMET-0002605,5.6,train,5to6,4,1.58890898660502e-07,3.6542639918479836e-06,0.01788974180817604,0.962256908416748,0.019849568605422974,5to6
2747,2748,OADMET-0002604,5.81,train,5to6,4,1.392236754327314e-05,0.00024730194127187133,0.7995001077651978,0.19475792348384857,0.005480734631419182,4to5
2748,2749,OADMET-0002603,6.855,train,gte6,4,2.690238147806667e-07,6.319194199022604e-07,0.02736191265285015,0.9406589269638062,0.03197828307747841,5to6
2749,2750,OADMET-0002602,5.62,train,5to6,1,7.487813491025008e-06,0.0002706106461118907,0.03664160147309303,0.8931472897529602,0.06993298977613449,5to6
2750,2751,OADMET-0002601,5.915,train,5to6,2,0.00039303890662267804,0.0632072240114212,0.5602601766586304,0.37237468361854553,0.003764886176213622,4to5
2751,2752,OADMET-0002600,5.28,train,5to6,2,1.2766646477757604e-06,1.4869026927044615e-05,0.09126925468444824,0.9076448082923889,0.0010697274701669812,5to6
2752,2753,OADMET-0002599,5.63,train,5to6,4,4.882788617877054e-10,2.1540310868317647e-08,0.013219824060797691,0.9856647253036499,0.0011153881205245852,5to6
2753,2754,OADMET-0002598,5.4,train,5to6,0,0.0011214499827474356,0.012715354561805725,0.2871547341346741,0.6553851962089539,0.043623294681310654,5to6
2754,2755,OADMET-0002597,5.09,train,5to6,0,0.004286701790988445,0.048230234533548355,0.621578574180603,0.32107478380203247,0.004829689860343933,4to5
2755,2756,OADMET-0002596,5.47,train,5to6,0,0.0004143736441619694,0.0006440519355237484,0.07380201667547226,0.917674720287323,0.007464851718395948,5to6
2756,2757,OADMET-0002595,2.69,train,lt3,3,0.7564267516136169,0.24268653988838196,0.0008691796101629734,1.182238611363573e-05,5.695838808605913e-06,lt3
2757,2758,OADMET-0002594,4.175,train,4to5,1,0.04225253686308861,0.2370421439409256,0.697048544883728,0.022196553647518158,0.0014602286973968148,4to5
2758,2759,OADMET-0002593,4.609999999999999,train,4to5,0,0.002938758349046111,0.034756164997816086,0.5137172341346741,0.43785756826400757,0.01073032058775425,4to5
2759,2760,OADMET-0002592,5.68,train,5to6,2,8.761110075283796e-05,0.00039923505391925573,0.08412542939186096,0.9103079438209534,0.0050797839649021626,5to6
2760,2761,OADMET-0002591,5.23,train,5to6,4,0.0005225028726272285,0.0020921872928738594,0.4677084684371948,0.527489423751831,0.0021874827798455954,5to6
2761,2762,OADMET-0002590,5.12,train,5to6,2,1.3232433047960512e-05,0.0002512292703613639,0.26120102405548096,0.7380304932594299,0.0005039992975071073,5to6
2762,2763,OADMET-0002589,5.2,train,5to6,1,1.2043634342262521e-05,0.0006150595145300031,0.3021682798862457,0.6967600584030151,0.0004445788508746773,5to6
2763,2764,OADMET-0002588,5.41,train,5to6,1,2.1150766770006157e-05,0.0006571314297616482,0.3913976550102234,0.6067173480987549,0.001206753309816122,5to6
2764,2765,OADMET-0002587,5.02,train,5to6,0,0.020726436749100685,0.1332978457212448,0.6225706934928894,0.21382907032966614,0.009576013311743736,4to5
2765,2766,OADMET-0002586,5.62,train,5to6,4,2.2500958041238306e-10,2.179913494160246e-08,0.0028265102300792933,0.9927024841308594,0.004471044056117535,5to6
2766,2767,OADMET-0002585,5.35,train,5to6,2,0.0006187463295646012,0.0025783483870327473,0.23378780484199524,0.7237780690193176,0.03923700377345085,5to6
2767,2768,OADMET-0002584,5.62,train,5to6,0,2.5910811018547975e-05,0.0014454005286097527,0.3642723560333252,0.6326836347579956,0.001572726177982986,5to6
2768,2769,OADMET-0002583,5.91,train,5to6,0,0.057775042951107025,0.0422486886382103,0.4298621416091919,0.43466344475746155,0.035450711846351624,5to6
2769,2770,OADMET-0002582,1.75,train,lt3,3,0.5516095161437988,0.40049436688423157,0.03409459814429283,0.0076290275901556015,0.00617256248369813,lt3
2770,2771,OADMET-0002581,5.29,train,5to6,3,3.817581273324322e-06,0.003340614028275013,0.48852431774139404,0.5056565403938293,0.0024746516719460487,5to6
2771,2772,OADMET-0002580,5.6,train,5to6,4,0.0001222401624545455,0.0007272331276908517,0.8158069849014282,0.18300600349903107,0.000337552948622033,4to5
2772,2773,OADMET-0002579,5.15,train,5to6,1,0.0001166913061751984,0.013188320212066174,0.6262791752815247,0.3601665794849396,0.0002492457570042461,4to5
2773,2774,OADMET-0002578,4.65,train,4to5,4,0.00023393522133119404,0.013086248189210892,0.8772680759429932,0.10922666639089584,0.00018507229106035084,4to5
2774,2775,OADMET-0002577,5.03,train,5to6,2,0.001071791397407651,0.002365067834034562,0.6488303542137146,0.3412286043167114,0.006504166405647993,4to5
2775,2776,OADMET-0002576,5.38,train,5to6,3,5.976792635919992e-06,0.0005245312349870801,0.2513556182384491,0.7456958889961243,0.002417982555925846,5to6
2776,2777,OADMET-0002575,6.16,train,gte6,1,0.0003439948777668178,0.0012382905697450042,0.34180837869644165,0.651206374168396,0.005402939394116402,5to6
2777,2778,OADMET-0002574,4.79,train,4to5,0,1.6089196606117184e-06,7.237356476252899e-05,0.070235475897789,0.9051055312156677,0.024585025385022163,5to6
2778,2779,OADMET-0002573,5.41,train,5to6,1,0.05405687913298607,0.34844234585762024,0.4549155831336975,0.14104662835597992,0.0015385273145511746,4to5
2779,2780,OADMET-0002572,5.58,train,5to6,4,8.497318049194291e-08,3.899497642123606e-06,0.04118143767118454,0.950480580329895,0.008334003388881683,5to6
2780,2781,OADMET-0002571,6.0600000000000005,train,gte6,3,0.6435014009475708,0.24506454169750214,0.10609885305166245,0.004608907271176577,0.0007262615254148841,lt3
2781,2782,OADMET-0002570,5.14,train,5to6,0,5.498235623235814e-05,0.00012530412641353905,0.02223598212003708,0.6298213005065918,0.34776240587234497,5to6
2782,2783,OADMET-0002569,5.58,train,5to6,2,6.316301551123615e-06,0.00046092638513073325,0.33746081590652466,0.6435039043426514,0.018568124622106552,5to6
2783,2784,OADMET-0002568,5.53,train,5to6,0,2.0947358279954642e-05,0.00028398362337611616,0.08156143873929977,0.57155841588974,0.34657520055770874,5to6
2784,2785,OADMET-0002567,5.93,train,5to6,2,1.349605440736923e-06,4.150551467319019e-05,0.07978260517120361,0.9139077067375183,0.0062668113969266415,5to6
2785,2786,OADMET-0002566,5.61,train,5to6,2,4.256616739439778e-05,0.00010116375051438808,0.5390247106552124,0.45942628383636475,0.0014052966143935919,4to5
2786,2787,OADMET-0002565,5.55,train,5to6,1,3.383259172551334e-05,0.0004009874537587166,0.32024702429771423,0.6752855777740479,0.0040326351299881935,5to6
2787,2788,OADMET-0002564,5.52,train,5to6,1,2.281267597936676e-06,0.0006189447594806552,0.3397855758666992,0.6552124619483948,0.0043807439506053925,5to6
2788,2789,OADMET-0002563,5.36,train,5to6,1,0.00014624427421949804,0.007071340922266245,0.3252960443496704,0.662475049495697,0.005011319648474455,5to6
2789,2790,OADMET-0002562,4.94,train,4to5,1,5.776846228400245e-05,0.0009575676522217691,0.17344574630260468,0.8166597485542297,0.008879208005964756,5to6
2790,2791,OADMET-0002561,5.32,train,5to6,4,0.012424454092979431,0.013062804937362671,0.5662360787391663,0.4054908752441406,0.0027858291286975145,4to5
2791,2792,OADMET-0002560,5.4,train,5to6,2,5.395148946263362e-06,7.741166336927563e-05,0.0124544408172369,0.9703044295310974,0.017158368602395058,5to6
2792,2793,OADMET-0002559,6.140000000000001,train,gte6,2,2.3806070714726957e-07,0.00015391339547932148,0.0280182883143425,0.9630782604217529,0.00874927919358015,5to6
2793,2794,OADMET-0002558,4.57,train,4to5,1,3.059597293031402e-05,0.0021561598405241966,0.8297107219696045,0.1680019646883011,0.00010052777361124754,4to5
2794,2795,OADMET-0002557,5.13,train,5to6,4,2.5700101105030626e-06,0.00011685267963912338,0.19849906861782074,0.8004032373428345,0.0009782846318557858,5to6
2795,2796,OADMET-0002556,5.6,train,5to6,4,7.1639988163951784e-06,0.0006389457266777754,0.5425686240196228,0.4528111219406128,0.003974145278334618,4to5
2796,2797,OADMET-0002555,5.03,train,5to6,4,0.8373780250549316,0.057813696563243866,0.10083188116550446,0.0038994094356894493,7.701019058004022e-05,lt3
2797,2798,OADMET-0002554,5.08,train,5to6,0,0.04149310663342476,0.06650033593177795,0.30375364422798157,0.4818040728569031,0.10644882172346115,5to6
2798,2799,OADMET-0002553,5.89,train,5to6,4,0.0019778357818722725,0.002187398262321949,0.17873334884643555,0.7613404393196106,0.05576099082827568,5to6
2799,2800,OADMET-0002552,5.52,train,5to6,1,2.537291550197551e-07,6.978613964747638e-05,0.03192727640271187,0.9669435024261475,0.0010592263424769044,5to6
2800,2801,OADMET-0002551,5.44,train,5to6,1,1.0163768820348196e-05,6.761995609849691e-05,0.034403812140226364,0.9575448632240295,0.00797354243695736,5to6
2801,2802,OADMET-0002550,5.11,train,5to6,4,3.55324338841001e-08,5.347603746486129e-06,0.03573578596115112,0.9547133445739746,0.009545535780489445,5to6
2802,2803,OADMET-0002549,5.63,train,5to6,1,0.0005355437751859426,0.04315291345119476,0.735554039478302,0.21977391839027405,0.0009836250683292747,4to5
2803,2804,OADMET-0002547,5.16,train,5to6,0,2.3689426598139107e-05,0.001995894592255354,0.21893450617790222,0.7506496906280518,0.02839629165828228,5to6
2804,2805,OADMET-0002546,5.36,train,5to6,4,6.381372713804012e-06,0.0005129600176587701,0.15420685708522797,0.811937689781189,0.03333607688546181,5to6
2805,2806,OADMET-0002545,4.96,train,4to5,4,0.0003552696143742651,0.1630706936120987,0.6514073014259338,0.18458256125450134,0.0005842683603987098,4to5
2806,2807,OADMET-0002544,3.45,train,3to4,1,0.10835318267345428,0.4546184539794922,0.35139769315719604,0.08493293076753616,0.0006977805751375854,3to4
2807,2808,OADMET-0002543,5.14,train,5to6,0,0.0017447865102440119,0.011213433928787708,0.8519088625907898,0.131050705909729,0.004082205705344677,4to5
2808,2809,OADMET-0002542,5.54,train,5to6,4,0.002367218490689993,0.003985848743468523,0.6147143244743347,0.3774462938308716,0.0014862770913168788,4to5
2809,2810,OADMET-0002541,6.195,train,gte6,4,1.1698954267558292e-06,9.45113060879521e-06,0.06742601096630096,0.9144068360328674,0.018156515434384346,5to6
2810,2811,OADMET-0002539,6.050000000000001,train,gte6,2,6.965869397390634e-05,0.00035176239907741547,0.05177263915538788,0.896918535232544,0.05088740959763527,5to6
2811,2812,OADMET-0002538,5.835,train,5to6,1,7.883613193371275e-07,0.00020534270151983947,0.03146173059940338,0.9608867168426514,0.007445408031344414,5to6
2812,2813,OADMET-0002537,5.45,train,5to6,0,2.5153136448352598e-05,0.00032114304485730827,0.11696009337902069,0.8754343390464783,0.0072592212818562984,5to6
2813,2814,OADMET-0002338,6.12,train,gte6,1,0.11835821717977524,0.8648635149002075,0.00911126658320427,0.007420394569635391,0.0002465063880663365,3to4
2814,2815,OADMET-0002337,6.87,train,gte6,1,3.020688810195793e-09,2.953803414129652e-05,0.00882515124976635,0.5646803975105286,0.4264649450778961,5to6
2815,2816,OADMET-0002333,2.17,train,lt3,3,0.9913282990455627,0.008655230514705181,1.578409683133941e-05,2.2657266640635498e-07,3.993461632489925e-07,lt3
2816,2817,OADMET-0002332,3.95,train,3to4,3,0.9795284271240234,0.020417500287294388,5.339374183677137e-05,1.4237373591186042e-07,5.828721896250499e-07,lt3
2817,2818,OADMET-0002331,3.77,train,3to4,3,0.8257630467414856,0.17371657490730286,0.0004596685466822237,2.197160392825026e-05,3.871077933581546e-05,lt3
2818,2819,OADMET-0002330,3.9,train,3to4,3,0.012084540911018848,0.11069049686193466,0.861528754234314,0.015488768927752972,0.00020750833209604025,4to5
2819,2820,OADMET-0002329,1.87,train,lt3,2,0.7962480783462524,0.20371006429195404,4.1652328945929185e-05,2.0666979594352597e-07,1.7813118091680735e-08,lt3
2820,2821,OADMET-0002328,3.31,train,3to4,3,0.25735700130462646,0.7186405658721924,0.023751674219965935,0.0001479608763474971,0.00010280667629558593,3to4
2821,2822,OADMET-0002327,2.65,train,lt3,0,0.6148521304130554,0.37483298778533936,0.007355890236794949,0.0022374754771590233,0.0007215026998892426,lt3
2822,2823,OADMET-0002326,1.86,train,lt3,3,0.9885349869728088,0.011457959190011024,4.974646799382754e-06,3.966911208408419e-07,1.6279278725050972e-06,lt3
2823,2824,OADMET-0002325,2.96,train,lt3,1,0.8636266589164734,0.13430137932300568,0.0020505301654338837,2.055512959486805e-05,9.529155704512959e-07,lt3
2824,2825,OADMET-0002324,3.58,train,3to4,3,0.5890373587608337,0.40365156531333923,0.007246195338666439,4.913576049148105e-05,1.577568764332682e-05,lt3
2825,2826,OADMET-0002323,1.96,train,lt3,0,0.9477941989898682,0.05200186371803284,0.00020300369942560792,5.804450324831123e-07,2.5452254703850485e-07,lt3
2826,2827,OADMET-0002322,2.83,train,lt3,3,0.9808995127677917,0.01909957081079483,9.143841452896595e-07,9.75320602059071e-10,2.226000272997908e-09,lt3
2827,2828,OADMET-0002321,2.54,train,lt3,2,0.4960628151893616,0.503535807132721,0.0003933817206416279,3.5124728583468823e-06,4.471273314266e-06,3to4
2828,2829,OADMET-0002320,1.88,train,lt3,3,0.9988104104995728,0.0011895910138264298,2.7657984791318313e-09,2.0593908522936744e-11,3.5335043779838315e-09,lt3
2829,2830,OADMET-0002319,3.0,train,lt3,2,0.814281165599823,0.18560786545276642,0.00010955343168461695,1.3007582992941025e-06,1.289870823484307e-07,lt3
2830,2831,OADMET-0002318,2.88,train,lt3,1,0.9294911623001099,0.07039888948202133,0.00010030201519839466,7.256739991134964e-06,2.3980132937140297e-06,lt3
2831,2832,OADMET-0002317,1.92,train,lt3,3,0.9948397278785706,0.005160242319107056,4.8944066577405465e-09,7.544680158400041e-11,5.3962976309662736e-09,lt3
2832,2833,OADMET-0002316,2.11,train,lt3,2,0.9518209099769592,0.04817589372396469,2.967276031995425e-06,5.016874027319318e-08,2.0593304839167104e-07,lt3
2833,2834,OADMET-0002315,2.64,train,lt3,1,0.9574500918388367,0.04162336140871048,0.0009201601496897638,5.858310942130629e-06,5.563863396673696e-07,lt3
2834,2835,OADMET-0002314,2.63,train,lt3,1,0.9126200079917908,0.08512542396783829,0.002212145132943988,4.0576665924163535e-05,1.768135916790925e-06,lt3
2835,2836,OADMET-0002313,2.02,train,lt3,1,0.9396671652793884,0.05861464515328407,0.0017098586540669203,7.36469655748806e-06,8.753657994020614e-07,lt3
2836,2837,OADMET-0002312,2.47,train,lt3,1,0.9359788298606873,0.06348146498203278,0.0005381518276408315,1.4556568430634798e-06,1.1423733781157352e-07,lt3
2837,2838,OADMET-0002311,2.95,train,lt3,2,0.951767086982727,0.030743010342121124,0.014563118107616901,0.002915352815762162,1.1331149835314136e-05,lt3
2838,2839,OADMET-0002310,1.97,train,lt3,2,0.8334980607032776,0.166464164853096,3.655036198324524e-05,1.180122239929915e-06,3.4732256182223864e-08,lt3
2839,2840,OADMET-0002309,2.87,train,lt3,1,0.8271557688713074,0.17264051735401154,0.00020203363965265453,1.4883605672366684e-06,1.2966820861493034e-07,lt3
2840,2841,OADMET-0002308,2.32,train,lt3,2,0.9249724745750427,0.0750264823436737,1.0583380571915768e-06,3.929673475511208e-09,1.9318853183847295e-09,lt3
2841,2842,OADMET-0002307,2.89,train,lt3,3,0.7866668105125427,0.18387925624847412,0.029025418683886528,0.0003702178655657917,5.830799273098819e-05,lt3
2842,2843,OADMET-0002306,2.89,train,lt3,2,0.9617931842803955,0.037041932344436646,0.0010305654723197222,0.0001218884062836878,1.2492040696088225e-05,lt3
2843,2844,OADMET-0002305,2.18,train,lt3,3,0.9835772514343262,0.016421617940068245,9.412921144758002e-07,9.606275774842743e-09,1.7900673299209302e-07,lt3
2844,2845,OADMET-0002304,2.2,train,lt3,2,0.9731044769287109,0.02675585448741913,0.00013951191795058548,1.6414777803674951e-07,1.311506347967395e-09,lt3
2845,2846,OADMET-0002303,2.76,train,lt3,1,0.8282678723335266,0.17121942341327667,0.0005076272063888609,4.757731858262559e-06,2.461223687078018e-07,lt3
2846,2847,OADMET-0002302,2.82,train,lt3,1,0.9826728701591492,0.017307814210653305,1.9334183889441192e-05,1.712202291059839e-08,4.26687263299641e-09,lt3
2847,2848,OADMET-0002301,2.91,train,lt3,2,0.971339762210846,0.02865956537425518,6.725103389726428e-07,1.317547182466683e-09,3.1025673696838396e-10,lt3
2848,2849,OADMET-0002300,2.1,train,lt3,1,0.8691316843032837,0.1299820840358734,0.0008787156548351049,5.544908162846696e-06,1.9711224013008177e-06,lt3
2849,2850,OADMET-0002299,3.05,train,3to4,3,0.1935269683599472,0.583869218826294,0.21970154345035553,0.0023971814662218094,0.0005051511689089239,3to4
2850,2851,OADMET-0002298,2.13,train,lt3,1,0.8106505870819092,0.18896113336086273,0.0003818901313934475,5.832960141560761e-06,5.710490427190962e-07,lt3
2851,2852,OADMET-0002297,2.2,train,lt3,1,0.789928674697876,0.2095629870891571,0.0004839478642679751,2.013203084061388e-05,4.176666607236257e-06,lt3
2852,2853,OADMET-0002296,2.01,train,lt3,4,0.8889428377151489,0.11102267354726791,3.350324914208613e-05,7.993068038558704e-07,1.535680524966665e-07,lt3
2853,2854,OADMET-0002295,2.09,train,lt3,3,0.9991625547409058,0.0008374577155336738,8.505713466888665e-09,3.5342204857125026e-11,2.6638167227588383e-09,lt3
2854,2855,OADMET-0002294,2.06,train,lt3,3,0.9796767830848694,0.020108677446842194,0.0001863864454207942,4.784305474458961e-06,2.339441198273562e-05,lt3
2855,2856,OADMET-0002293,2.22,train,lt3,3,0.9910639524459839,0.008917792700231075,1.749505099724047e-05,8.52051371680318e-08,6.067901949791121e-07,lt3
2856,2857,OADMET-0002292,1.92,train,lt3,2,0.9795779585838318,0.02042149193584919,5.078741764918959e-07,6.223413451245108e-10,1.5151673318780645e-11,lt3
2857,2858,OADMET-0002291,4.27,train,4to5,4,0.03634989261627197,0.9423240423202515,0.021248726174235344,7.465336966561154e-05,2.7144869818584993e-06,3to4
2858,2859,OADMET-0002290,2.12,train,lt3,3,0.9942640662193298,0.005735913757234812,5.268184821716204e-08,8.024802350403704e-11,1.9087442737486526e-09,lt3
2859,2860,OADMET-0002289,2.97,train,lt3,1,0.4759712517261505,0.5176931619644165,0.006279605906456709,5.188081195228733e-05,4.190981599094812e-06,3to4
2860,2861,OADMET-0002288,2.96,train,lt3,0,0.25951340794563293,0.7391812205314636,0.0012535013956949115,4.1644059820100665e-05,1.0240999472443946e-05,3to4
2861,2862,OADMET-0002287,2.76,train,lt3,1,0.6522144675254822,0.3456008732318878,0.002169277286157012,1.4430201190407388e-05,1.0156328471566667e-06,lt3
2862,2863,OADMET-0002286,2.55,train,lt3,1,0.9544380903244019,0.04552636668086052,3.498029036563821e-05,3.97931529505513e-07,1.7674311436621792e-07,lt3
2863,2864,OADMET-0002285,2.21,train,lt3,1,0.8364787697792053,0.16334028542041779,0.00017508039309177548,3.937697329092771e-06,1.9616227291407995e-06,lt3
2864,2865,OADMET-0002284,3.5,train,3to4,2,0.13906154036521912,0.8468897342681885,0.012874814681708813,0.0010706459870561957,0.00010331173689337447,3to4
2865,2866,OADMET-0002283,3.52,train,3to4,2,0.08474254608154297,0.7796992659568787,0.11481734365224838,0.02044781483709812,0.00029307857039384544,3to4
2866,2867,OADMET-0002282,2.73,train,lt3,2,0.5033432841300964,0.49502503871917725,0.0015152706764638424,0.00010639904940035194,1.000658085104078e-05,lt3
2867,2868,OADMET-0002281,3.65,train,3to4,4,0.7134566903114319,0.23175974190235138,0.05432162433862686,0.00042580932495184243,3.6124234611634165e-05,lt3
2868,2869,OADMET-0002280,1.96,train,lt3,2,0.958284854888916,0.04171499237418175,1.5002449060830259e-07,2.9891311648100327e-10,2.4497529005351737e-10,lt3
2869,2870,OADMET-0002279,1.97,train,lt3,2,0.9346120953559875,0.06537570804357529,1.1833755706902593e-05,2.2691952494824363e-07,1.0846202513903336e-07,lt3
2870,2871,OADMET-0002278,2.91,train,lt3,4,0.9414353370666504,0.05856187641620636,2.7450980724097462e-06,2.400738496888266e-09,1.4393491953867965e-09,lt3
2871,2872,OADMET-0002277,2.26,train,lt3,1,0.9142892360687256,0.08569025993347168,2.014365600189194e-05,2.2254782550135133e-07,1.1295783508558088e-07,lt3
2872,2873,OADMET-0002276,2.88,train,lt3,2,0.6494767069816589,0.35019201040267944,0.00032706186175346375,3.7809807054145494e-06,4.567660596421774e-07,lt3
2873,2874,OADMET-0002275,2.96,train,lt3,1,0.4262818396091461,0.5625099539756775,0.011096489615738392,0.00010390576062491164,7.880071279942058e-06,3to4
2874,2875,OADMET-0002274,1.85,train,lt3,3,0.9990764856338501,0.0009233062737621367,1.3955779820662428e-07,1.8816788127651307e-09,3.9426904407946495e-08,lt3
2875,2876,OADMET-0002273,2.48,train,lt3,1,0.9351983070373535,0.06476844847202301,3.307372026029043e-05,1.5319308488415118e-07,5.2500222835760724e-08,lt3
2876,2877,OADMET-0002272,3.13,train,3to4,2,0.9558583498001099,0.043923839926719666,0.00021452321379911155,3.0220728604035685e-06,2.490588713044417e-07,lt3
2877,2878,OADMET-0002271,3.02,train,3to4,1,0.9394888877868652,0.060308221727609634,0.00020005990518257022,2.150775799236726e-06,7.030729989310203e-07,lt3
2878,2879,OADMET-0002270,2.11,train,lt3,2,0.9777611494064331,0.022237828001379967,1.020389163386426e-06,2.838497437096521e-09,2.6614352943710173e-09,lt3
2879,2880,OADMET-0002269,2.35,train,lt3,2,0.9894775748252869,0.010521749965846539,6.05091372563038e-07,3.1173374992476965e-09,3.5890584948461424e-10,lt3
2880,2881,OADMET-0002268,2.5,train,lt3,2,0.30609771609306335,0.2996906638145447,0.39387044310569763,0.0003376657550688833,3.486196874291636e-06,4to5
2881,2882,OADMET-0002267,3.37,train,3to4,3,0.7266942858695984,0.26832830905914307,0.004565306939184666,0.00021417962852865458,0.00019793573301285505,lt3
2882,2883,OADMET-0002266,3.88,train,3to4,3,0.588938295841217,0.4082011878490448,0.0025630209129303694,5.2773000788874924e-05,0.0002447960723657161,lt3
2883,2884,OADMET-0002265,2.94,train,lt3,3,0.6147906184196472,0.37258633971214294,0.012234264053404331,0.00010879039473365992,0.00028004319756291807,lt3
2884,2885,OADMET-0002264,2.02,train,lt3,3,0.9994462132453918,0.0005538323894143105,3.2012159589811517e-09,7.094997506174039e-11,3.8406167135462965e-09,lt3
2885,2886,OADMET-0002263,1.82,train,lt3,2,0.9366571307182312,0.063275545835495,6.696795753668994e-05,2.9367305387495435e-07,6.225835846862537e-08,lt3
2886,2887,OADMET-0002262,1.97,train,lt3,2,0.5993586182594299,0.4004954397678375,0.0001445066591259092,1.2338873602857348e-06,2.1322719589988992e-07,lt3
2887,2888,OADMET-0002261,3.38,train,3to4,2,0.11692314594984055,0.8576962947845459,0.024579130113124847,0.0007877763127908111,1.364535819448065e-05,3to4
2888,2889,OADMET-0002260,2.01,train,lt3,1,0.882926881313324,0.11643566936254501,0.0006292004836723208,6.102695806475822e-06,2.2129709122964414e-06,lt3
2889,2890,OADMET-0002259,4.01,train,4to5,3,0.03633829578757286,0.18414701521396637,0.7668675184249878,0.009371881373226643,0.0032753252889961004,4to5
2890,2891,OADMET-0002258,2.66,train,lt3,2,0.9139792323112488,0.08601513504981995,5.684420557372505e-06,2.5018952243271997e-08,1.8921990641018738e-09,lt3
2891,2892,OADMET-0002257,3.23,train,3to4,1,0.7106624841690063,0.2887023985385895,0.0006302454858087003,4.582257133733947e-06,2.9292772296685143e-07,lt3
2892,2893,OADMET-0002256,3.03,train,3to4,2,0.9123950004577637,0.08752068877220154,8.322150824824348e-05,9.61282466960256e-07,1.7576297750565573e-07,lt3
2893,2894,OADMET-0002255,2.17,train,lt3,2,0.24613544344902039,0.29709047079086304,0.4553830623626709,0.0013680761912837625,2.2885697035235353e-05,4to5
2894,2895,OADMET-0002254,2.45,train,lt3,2,0.6312203407287598,0.3681354224681854,0.0006412981310859323,2.883713477785932e-06,1.3384212138589646e-07,lt3
2895,2896,OADMET-0002253,3.05,train,3to4,3,0.07503054291009903,0.8585495948791504,0.06536845862865448,0.0007777321734465659,0.00027368456358090043,3to4
2896,2897,OADMET-0002252,2.04,train,lt3,1,0.360460102558136,0.6382715702056885,0.0012358640087768435,3.170264608343132e-05,7.776513371027249e-07,3to4
2897,2898,OADMET-0002251,2.57,train,lt3,2,0.9088788032531738,0.09053462743759155,0.0005838974611833692,2.2486467514681863e-06,3.891738060701755e-07,lt3
2898,2899,OADMET-0002250,4.14,train,4to5,1,0.17058464884757996,0.47808295488357544,0.32774484157562256,0.023314503952860832,0.00027313295868225396,3to4
2899,2900,OADMET-0002249,3.05,train,3to4,4,0.00905834510922432,0.9867272973060608,0.004196741618216038,1.719936881272588e-05,4.0617845797896734e-07,3to4
2900,2901,OADMET-0002248,2.45,train,lt3,2,0.9041395783424377,0.09562685340642929,0.00023243630130309612,1.090129217118374e-06,3.2162802199309226e-08,lt3
2901,2902,OADMET-0002247,2.55,train,lt3,3,0.9992244243621826,0.0007756009581498802,2.378350183462885e-09,1.6508376610158138e-10,7.69865593497343e-09,lt3
2902,2903,OADMET-0002246,1.92,train,lt3,2,0.9866401553153992,0.013359855860471725,5.4272550897849214e-08,1.1045701853173995e-10,3.550440150212886e-11,lt3
2903,2904,OADMET-0002245,2.64,train,lt3,4,0.985781729221344,0.014215861447155476,2.3340783172898227e-06,1.172617225542183e-09,8.073102741867899e-10,lt3
2904,2905,OADMET-0002244,2.05,train,lt3,2,0.6016905903816223,0.39767521619796753,0.0006173397414386272,1.4633467799285427e-05,2.255882236568141e-06,lt3
2905,2906,OADMET-0002243,3.18,train,3to4,2,0.9630129933357239,0.03698648512363434,5.136704999131325e-07,3.772852696926066e-09,9.251611143845651e-10,lt3
2906,2907,OADMET-0002242,2.01,train,lt3,2,0.9884560108184814,0.011544028297066689,2.3157236128668046e-08,2.69300387545357e-10,8.098833825798124e-10,lt3
2907,2908,OADMET-0002241,2.75,train,lt3,2,0.9775393009185791,0.022460322827100754,3.821302811957139e-07,5.130990299306859e-09,3.782498225746167e-08,lt3
2908,2909,OADMET-0002240,3.05,train,3to4,2,0.7986471056938171,0.20131249725818634,3.911070234607905e-05,1.2047369182255352e-06,1.3160286016500322e-07,lt3
2909,2910,OADMET-0002239,2.07,train,lt3,1,0.9592980742454529,0.04069608449935913,5.826773758599302e-06,4.340687098647322e-08,1.6999122109950804e-08,lt3
2910,2911,OADMET-0002238,2.19,train,lt3,2,0.9897597432136536,0.010240193456411362,4.28955573283929e-08,2.6944071973566963e-10,4.715537960109373e-10,lt3
2911,2912,OADMET-0002237,3.72,train,3to4,2,0.42185378074645996,0.535430908203125,0.04249943792819977,0.00021311936143320054,2.73184696197859e-06,3to4
2912,2913,OADMET-0002236,2.92,train,lt3,2,0.7356908321380615,0.2640852630138397,0.00022055352746974677,3.3098804124165326e-06,8.187354438859984e-08,lt3
2913,2914,OADMET-0002235,2.88,train,lt3,0,0.9577942490577698,0.04007697477936745,0.0021185760851949453,6.861231213406427e-06,3.3438300306443125e-06,lt3
2914,2915,OADMET-0002234,3.75,train,3to4,2,0.1703816056251526,0.24817223846912384,0.5487645864486694,0.03193611279129982,0.0007455009617842734,4to5
2915,2916,OADMET-0002233,1.88,train,lt3,2,0.9808140993118286,0.019185779616236687,9.050899052454042e-08,1.615977074376218e-10,1.6294902926983212e-10,lt3
2916,2917,OADMET-0002232,2.69,train,lt3,2,0.8957433700561523,0.10425450652837753,2.070120899588801e-06,2.7407674352275535e-08,3.6979652673352348e-09,lt3
2917,2918,OADMET-0002231,3.7,train,3to4,2,0.16947992146015167,0.6789509057998657,0.15070700645446777,0.0008477963274344802,1.4341422684083227e-05,3to4
2918,2919,OADMET-0002230,2.49,train,lt3,2,0.8905882239341736,0.10940395295619965,7.704402378294617e-06,1.3330765114005771e-07,2.1879325018403506e-08,lt3
2919,2920,OADMET-0002229,2.61,train,lt3,2,0.9324266314506531,0.0675685703754425,4.722548055724474e-06,4.157951138950011e-08,5.5656492747857556e-09,lt3
2920,2921,OADMET-0002228,3.04,train,3to4,2,0.8276445865631104,0.16913051903247833,0.0021352439653128386,0.001059909351170063,2.9780881959595717e-05,lt3
2921,2922,OADMET-0002227,2.87,train,lt3,1,0.19734327495098114,0.7556018233299255,0.044444408267736435,0.002471250481903553,0.00013921783829573542,3to4
2922,2923,OADMET-0002226,2.02,train,lt3,3,0.9982770681381226,0.001721857814118266,8.481805480187177e-07,2.914420882405011e-08,2.3668815174460178e-07,lt3
2923,2924,OADMET-0002225,3.54,train,3to4,2,0.20564903318881989,0.7676396369934082,0.02575177513062954,0.0009356028749607503,2.3944714484969154e-05,3to4
2924,2925,OADMET-0002224,3.24,train,3to4,2,0.6792464852333069,0.3187922537326813,0.0019449464743956923,1.584996425663121e-05,4.6015324528525525e-07,lt3
2925,2926,OADMET-0002223,2.1,train,lt3,2,0.9533922076225281,0.04660574346780777,1.9996680293843383e-06,3.071804499654718e-08,1.7134382801486936e-08,lt3
2926,2927,OADMET-0002222,2.03,train,lt3,3,0.9835036396980286,0.016493842005729675,2.3257282464328455e-06,1.0566878927420476e-08,1.9636557624380657e-07,lt3
2927,2928,OADMET-0002221,2.64,train,lt3,2,0.9864876866340637,0.0135123236104846,4.356116534154353e-08,7.854162459297598e-11,1.4518829194454241e-10,lt3
2928,2929,OADMET-0002220,1.88,train,lt3,1,0.938180148601532,0.06181174889206886,8.011362297111191e-06,1.231470889706543e-07,2.407838728402112e-08,lt3
2929,2930,OADMET-0002219,1.98,train,lt3,2,0.8801996111869812,0.11979261785745621,7.696454304095823e-06,4.923893826003223e-08,7.372936927652063e-09,lt3
2930,2931,OADMET-0002218,3.44,train,3to4,2,0.4130134880542755,0.58107590675354,0.0046758223325014114,0.0011619688011705875,7.28177183191292e-05,3to4
2931,2932,OADMET-0002217,2.05,train,lt3,1,0.934499979019165,0.06516911834478378,0.0003279588418081403,2.2614799490838777e-06,7.265124963851122e-07,lt3
2932,2933,OADMET-0002216,2.96,train,lt3,2,0.33889806270599365,0.5944191217422485,0.05339521914720535,0.013024472631514072,0.00026322645135223866,3to4
2933,2934,OADMET-0002215,2.52,train,lt3,2,0.6759253740310669,0.32360023260116577,0.000455120753031224,1.6834401321830228e-05,2.4930855033744592e-06,lt3
2934,2935,OADMET-0002214,3.93,train,3to4,3,0.5832263231277466,0.4164874255657196,0.0002668253146111965,5.221112132858252e-06,1.4151990399113856e-05,lt3
2935,2936,OADMET-0002213,2.98,train,lt3,1,0.48355886340141296,0.4626067876815796,0.023407507687807083,0.028638822957873344,0.0017879065126180649,lt3
2936,2937,OADMET-0002212,2.01,train,lt3,2,0.9918495416641235,0.008149259723722935,1.056753831107926e-06,6.67918911290144e-08,1.0092687574569936e-08,lt3
2937,2938,OADMET-0002211,1.85,train,lt3,2,0.9923386573791504,0.007661356125026941,1.6518079348770698e-08,9.183749594132706e-11,7.63409474524579e-12,lt3
2938,2939,OADMET-0002210,1.91,train,lt3,2,0.7618050575256348,0.23807679116725922,0.00011684156197588891,1.2679561223194469e-06,1.0763235280819572e-07,lt3
2939,2940,OADMET-0002209,2.72,train,lt3,3,0.9875796437263489,0.012417810969054699,2.1809173631481826e-06,1.0051692811430257e-08,3.499959291275445e-07,lt3
2940,2941,OADMET-0002208,3.05,train,3to4,3,0.8017200231552124,0.197987362742424,0.0002706020313780755,6.975390988372965e-06,1.5079178410815075e-05,lt3
2941,2942,OADMET-0002207,2.89,train,lt3,3,0.9463751912117004,0.05361983925104141,4.4232592699700035e-06,2.848784319553488e-08,5.425837912298448e-07,lt3
2942,2943,OADMET-0002206,2.84,train,lt3,4,0.9723009467124939,0.02769271470606327,6.243449661269551e-06,3.8244362343675675e-08,1.8911215704520146e-08,lt3
2943,2944,OADMET-0002205,2.33,train,lt3,2,0.9806132316589355,0.01936822012066841,1.4877949070069008e-05,3.2212024052569177e-06,3.8761089626859757e-07,lt3
2944,2945,OADMET-0002204,3.67,train,3to4,2,0.6295034289360046,0.3667500615119934,0.003677929285913706,6.80454249959439e-05,5.523887125491456e-07,lt3
2945,2946,OADMET-0002203,4.08,train,4to5,3,0.22213239967823029,0.7660962343215942,0.011604143306612968,0.00010251127241645008,6.463468889705837e-05,3to4
2946,2947,OADMET-0002202,2.98,train,lt3,2,0.9463585019111633,0.05362851172685623,1.213577161252033e-05,4.792655659002776e-07,3.8710928151886037e-07,lt3
2947,2948,OADMET-0002201,2.25,train,lt3,1,0.9568731188774109,0.04305261746048927,7.275812822626904e-05,1.2295095075387508e-06,2.783987156362855e-07,lt3
2948,2949,OADMET-0002200,2.24,train,lt3,2,0.9827451109886169,0.017254820093512535,6.257011619936748e-08,1.4844607487685124e-10,9.21847528867481e-11,lt3
2949,2950,OADMET-0002199,1.95,train,lt3,2,0.9103779792785645,0.08962155878543854,4.999007501282904e-07,4.79470108061264e-09,4.889230797999744e-09,lt3
2950,2951,OADMET-0002198,2.77,train,lt3,2,0.966668426990509,0.03333110734820366,4.82796281175979e-07,5.901127586582788e-09,1.618956413373951e-09,lt3
2951,2952,OADMET-0002197,1.95,train,lt3,2,0.9945276379585266,0.005472375079989433,1.2550793737631238e-09,8.703627228656696e-12,2.1441948910849717e-11,lt3
2952,2953,OADMET-0002196,3.01,train,3to4,2,0.8608062863349915,0.1391066163778305,8.647127833683044e-05,6.102597467361193e-07,3.0792154603886956e-08,lt3
2953,2954,OADMET-0002195,2.9,train,lt3,2,0.9766392111778259,0.023360108956694603,7.01072451647633e-07,3.555089111983989e-09,4.5578277263480516e-10,lt3
2954,2955,OADMET-0002194,2.54,train,lt3,3,0.8938427567481995,0.10612872987985611,2.7605470677372068e-05,1.2411248917487683e-07,8.444503123428149e-07,lt3
2955,2956,OADMET-0002193,2.65,train,lt3,4,0.7067373394966125,0.28438764810562134,0.008847111836075783,2.6636611437425017e-05,1.3387185617830255e-06,lt3
2956,2957,OADMET-0002192,3.05,train,3to4,3,0.8559290170669556,0.14398308098316193,8.454763155896217e-05,1.1789018117269734e-06,2.2243004877964268e-06,lt3
2957,2958,OADMET-0002191,3.73,train,3to4,2,0.5848230719566345,0.41414475440979004,0.0010120294755324721,1.8879100025515072e-05,1.1986805930064293e-06,lt3
2958,2959,OADMET-0002190,2.93,train,lt3,3,0.9864023327827454,0.01359272375702858,4.527499186224304e-06,4.685762888811951e-08,3.791468543568044e-07,lt3
2959,2960,OADMET-0002189,1.83,train,lt3,2,0.8546780943870544,0.14504018425941467,0.0002679365570656955,1.1769189768529031e-05,1.9985661765531404e-06,lt3
2960,2961,OADMET-0002188,2.1,train,lt3,2,0.98479163646698,0.015208347700536251,1.497993729060454e-09,4.808994348570739e-12,5.066886146765093e-12,lt3
2961,2962,OADMET-0002187,2.06,train,lt3,2,0.713080108165741,0.2812771797180176,0.005474819801747799,0.0001302444579778239,3.7680529203498736e-05,lt3
2962,2963,OADMET-0002186,3.79,train,3to4,2,0.14949774742126465,0.8044734001159668,0.04122905433177948,0.00467841187492013,0.00012137619341956452,3to4
2963,2964,OADMET-0002185,1.82,train,lt3,2,0.5213142037391663,0.46920785307884216,0.008917056024074554,0.0005260469042696059,3.4872769901994616e-05,lt3
2964,2965,OADMET-0002184,3.5,train,3to4,3,0.02295389026403427,0.2935904264450073,0.6704862713813782,0.012655360624194145,0.00031398158171214163,4to5
2965,2966,OADMET-0002183,1.92,train,lt3,2,0.993819534778595,0.006180444732308388,2.1721586307421603e-08,1.6204410036024797e-10,1.3899460575561573e-11,lt3
2966,2967,OADMET-0002182,2.58,train,lt3,1,0.7974199652671814,0.20207373797893524,0.0005038948147557676,2.2468668703368166e-06,1.5827107802124374e-07,lt3
2967,2968,OADMET-0002181,2.14,train,lt3,2,0.9514314532279968,0.0485665388405323,2.026223228313029e-06,1.2590287923330834e-08,1.3360764938852299e-08,lt3
2968,2969,OADMET-0002180,1.89,train,lt3,3,0.998353123664856,0.0016450744587928057,1.4831154260264157e-07,1.1925154197456322e-08,1.6457719311802066e-06,lt3
2969,2970,OADMET-0002179,3.03,train,3to4,2,0.9635125398635864,0.03648598492145538,1.5468101537408074e-06,1.133092730754015e-08,2.115301533933689e-08,lt3
2970,2971,OADMET-0002178,2.45,train,lt3,3,0.9972667694091797,0.002732859691604972,3.277799009993032e-07,4.317161295119831e-09,8.076359847564163e-08,lt3
2971,2972,OADMET-0002177,2.36,train,lt3,1,0.7447250485420227,0.2547306716442108,0.000495380605570972,3.041556556127034e-05,1.8522296159062535e-05,lt3
2972,2973,OADMET-0002176,2.73,train,lt3,2,0.9798475503921509,0.020149243995547295,3.2438790640298976e-06,1.4014664984074443e-08,3.1006472944739016e-09,lt3
2973,2974,OADMET-0002175,3.03,train,3to4,3,0.9914261102676392,0.008573917672038078,1.1641103192516766e-08,4.3029059482169174e-11,2.9083808694707614e-09,lt3
2974,2975,OADMET-0002174,1.82,train,lt3,2,0.9470424056053162,0.052944231778383255,1.3379945812630467e-05,1.4858029473430179e-08,1.226507090335005e-10,lt3
2975,2976,OADMET-0002173,2.61,train,lt3,2,0.9750272631645203,0.024971885606646538,8.128426998155192e-07,4.433985179019828e-09,4.758940352900254e-09,lt3
2976,2977,OADMET-0002172,2.42,train,lt3,1,0.9475748538970947,0.0523904450237751,3.4580461942823604e-05,1.304005934343877e-07,4.490307858873166e-08,lt3
2977,2978,OADMET-0002171,3.36,train,3to4,2,0.531731128692627,0.4230314791202545,0.04499880596995354,0.00023656245321035385,2.0417439827724593e-06,lt3
2978,2979,OADMET-0002170,2.19,train,lt3,1,0.9909319281578064,0.009048526175320148,1.945704389072489e-05,4.357925575959598e-08,3.03715097516033e-08,lt3
2979,2980,OADMET-0002169,2.86,train,lt3,2,0.6375184059143066,0.3588944971561432,0.0033176231663674116,0.00026320238248445094,6.2770609474682715e-06,lt3
2980,2981,OADMET-0002168,3.0,train,lt3,2,0.4370259642601013,0.5394225716590881,0.02040674351155758,0.0021444899030029774,0.0010002456838265061,3to4
2981,2982,OADMET-0002167,3.11,train,3to4,1,0.330923855304718,0.6535517573356628,0.01520469505339861,0.00030966647318564355,1.0084082532557659e-05,3to4
2982,2983,OADMET-0002166,2.22,train,lt3,3,0.9979066848754883,0.0020913348998874426,1.3082589020996238e-06,1.373410327687452e-07,5.784573318123876e-07,lt3
2983,2984,OADMET-0002165,2.92,train,lt3,3,0.3001967966556549,0.6624562740325928,0.029974315315485,0.007266670931130648,0.00010596665379125625,3to4
2984,2985,OADMET-0002164,2.82,train,lt3,1,0.7936999201774597,0.2050296664237976,0.001257975003682077,1.1652070497802924e-05,8.640839723739191e-07,lt3
2985,2986,OADMET-0002163,2.99,train,lt3,2,0.9606781601905823,0.038740064948797226,0.0005244239000603557,5.1778453780571e-05,5.599415544566e-06,lt3
2986,2987,OADMET-0002162,1.79,train,lt3,3,0.9988163709640503,0.0011836591875180602,1.8115912325811223e-08,1.122703041644968e-09,7.678166547009369e-09,lt3
2987,2988,OADMET-0002161,2.57,train,lt3,3,0.9048854112625122,0.09426876157522202,0.0008412475581280887,3.0716535093233688e-06,1.516810243629152e-06,lt3
2988,2989,OADMET-0002160,1.82,train,lt3,2,0.9936153888702393,0.0063845873810350895,5.402143088417688e-08,2.2007450029004616e-10,1.147895060255033e-11,lt3
2989,2990,OADMET-0002159,1.99,train,lt3,2,0.9300768375396729,0.06991900503635406,4.100525984540582e-06,7.17731154509238e-08,2.1705176322939224e-08,lt3
2990,2991,OADMET-0002158,3.27,train,3to4,1,0.5296787619590759,0.3639359474182129,0.06156237795948982,0.04329785704612732,0.0015250834403559566,lt3
2991,2992,OADMET-0002157,2.17,train,lt3,2,0.6448466181755066,0.3538357615470886,0.0013000036124140024,1.6799029253888875e-05,8.086112188721017e-07,lt3
2992,2993,OADMET-0002156,2.36,train,lt3,2,0.941641628742218,0.05833185091614723,2.64281752606621e-05,9.535033740348808e-08,1.3714972268985548e-08,lt3
2993,2994,OADMET-0002155,3.02,train,3to4,2,0.49360406398773193,0.5010287165641785,0.005291922949254513,7.055711466819048e-05,4.76321611131425e-06,3to4
2994,2995,OADMET-0002154,3.47,train,3to4,1,0.11835882812738419,0.864801287651062,0.01673281192779541,0.00010596614447422326,1.0777526995298103e-06,3to4
2995,2996,OADMET-0002153,1.8,train,lt3,3,0.9985404014587402,0.0014595724642276764,4.26175006396079e-09,3.8661719659049965e-11,5.976534267482236e-10,lt3
2996,2997,OADMET-0002152,2.85,train,lt3,3,0.996972918510437,0.003026763442903757,3.008491944456182e-07,2.4277133636729786e-09,2.2406185351542263e-08,lt3
2997,2998,OADMET-0002151,2.77,train,lt3,3,0.9467599391937256,0.053237855434417725,2.0112083802814595e-06,1.0901004543484305e-08,1.8586902683637163e-07,lt3
2998,2999,OADMET-0002150,1.94,train,lt3,2,0.7658929824829102,0.2337438464164734,0.00035937613574787974,3.4475351640139706e-06,2.990519476497866e-07,lt3
2999,3000,OADMET-0002149,1.98,train,lt3,2,0.9539948105812073,0.046004608273506165,6.094343802942603e-07,6.0834901560724575e-09,3.6304983463963936e-09,lt3
3000,3001,OADMET-0002148,2.78,train,lt3,3,0.997164785861969,0.002834693295881152,4.460697482500109e-07,1.1100774521821677e-08,1.4468540143752762e-07,lt3
3001,3002,OADMET-0002147,3.19,train,3to4,3,0.9862785935401917,0.013721114955842495,2.4347582439077087e-07,8.876589463469031e-10,3.4648198976583444e-08,lt3
3002,3003,OADMET-0002146,1.87,train,lt3,2,0.9800969362258911,0.019901681691408157,1.3664737252838677e-06,9.444393711532939e-09,2.59706722793851e-09,lt3
3003,3004,OADMET-0002145,2.02,train,lt3,2,0.9916621446609497,0.008337875828146935,2.266043352960878e-08,4.322225563568871e-11,2.922054959109133e-11,lt3
3004,3005,OADMET-0002144,3.42,train,3to4,1,0.09716042131185532,0.8278096318244934,0.07360679656267166,0.0013619373785331845,6.125571962911636e-05,3to4
3005,3006,OADMET-0002143,3.01,train,3to4,3,0.9816758036613464,0.018323620781302452,6.424388061532227e-07,4.364400396639212e-09,4.1217980140118016e-08,lt3
3006,3007,OADMET-0002142,2.15,train,lt3,2,0.9073566198348999,0.09258148074150085,5.7822900998871773e-05,3.7266308936523274e-06,2.858815548734128e-07,lt3
3007,3008,OADMET-0002141,2.83,train,lt3,1,0.9594054222106934,0.03792259097099304,0.0025801623705774546,8.095260272966698e-05,1.0924683010671288e-05,lt3
3008,3009,OADMET-0002140,2.52,train,lt3,4,0.6732435822486877,0.326670378446579,8.520364644937217e-05,8.736004133425013e-07,9.596920591548042e-09,lt3
3009,3010,OADMET-0002139,2.96,train,lt3,3,0.9752345085144043,0.024278609082102776,0.0004536423075478524,6.912898697919445e-06,2.6370169507572427e-05,lt3
3010,3011,OADMET-0002138,1.96,train,lt3,3,0.9984089732170105,0.0015903539024293423,6.005556656418776e-07,1.6022898563505805e-08,4.405152509434629e-08,lt3
3011,3012,OADMET-0002137,3.22,train,3to4,3,0.9685169458389282,0.031453050673007965,2.9835904570063576e-05,4.2347235051920507e-08,6.238207106434857e-08,lt3
3012,3013,OADMET-0002136,1.83,train,lt3,3,0.9979944229125977,0.0020032934844493866,2.000565018533962e-06,8.437268661509734e-08,1.2431455331807229e-07,lt3
3013,3014,OADMET-0002135,3.41,train,3to4,3,0.9736854434013367,0.025713447481393814,0.0005878086085431278,6.5312901824654546e-06,6.756556558684679e-06,lt3
3014,3015,OADMET-0002134,2.85,train,lt3,4,0.957624614238739,0.04236064478754997,1.4726151675859e-05,3.7571847855133456e-09,8.828554554085599e-11,lt3
3015,3016,OADMET-0002133,3.95,train,3to4,3,0.09431641548871994,0.8900526165962219,0.01559530571103096,3.0492034056806006e-05,5.108191089675529e-06,3to4
3016,3017,OADMET-0002132,2.95,train,lt3,3,0.9965996146202087,0.0034004305489361286,7.438175853025086e-09,1.627712201135445e-11,9.346942109189627e-10,lt3
3017,3018,OADMET-0002131,3.1,train,3to4,3,0.8878358602523804,0.11088268458843231,0.0012454475509002805,1.3192222468205728e-05,2.2863829144625925e-05,lt3
3018,3019,OADMET-0002130,2.81,train,lt3,3,0.5914071202278137,0.100366972386837,0.27311959862709045,0.03426595404744148,0.0008404194377362728,lt3
3019,3020,OADMET-0002129,2.45,train,lt3,3,0.7458766102790833,0.11115206032991409,0.13240881264209747,0.010111690498888493,0.00045083940494805574,lt3
3020,3021,OADMET-0002128,2.87,train,lt3,3,0.9158955812454224,0.08167855441570282,0.0023640829604119062,5.705056537408382e-05,4.691184585681185e-06,lt3
3021,3022,OADMET-0002127,3.92,train,3to4,3,0.8338995575904846,0.16219288110733032,0.0038798758760094643,1.983374750125222e-05,7.830150025256444e-06,lt3
3022,3023,OADMET-0002126,3.22,train,3to4,3,0.048454638570547104,0.16529425978660583,0.7708750367164612,0.013948522508144379,0.0014275897992774844,4to5
3023,3024,OADMET-0002125,2.16,train,lt3,3,0.9959231019020081,0.0040765684098005295,3.7559775023510156e-07,6.527121620969467e-10,6.92209667363386e-09,lt3
3024,3025,OADMET-0002124,3.59,train,3to4,3,0.01287058461457491,0.12767323851585388,0.1972457617521286,0.4255751371383667,0.23663529753684998,5to6
3025,3026,OADMET-0002123,3.56,train,3to4,0,0.4173821806907654,0.5194041132926941,0.06270083785057068,0.0004595282080117613,5.3287571063265204e-05,3to4
3026,3027,OADMET-0002122,4.15,train,4to5,0,0.9257806539535522,0.06831573694944382,0.0058614592999219894,3.450196891208179e-05,7.658813956368249e-06,lt3
3027,3028,OADMET-0002121,2.91,train,lt3,3,0.9166300892829895,0.06600071489810944,0.016051679849624634,0.0011980104027315974,0.0001195560980704613,lt3
3028,3029,OADMET-0002120,1.95,train,lt3,2,0.9487044811248779,0.05113334581255913,0.00016195666103158146,2.1620576262648683e-07,6.121218643073689e-09,lt3
3029,3030,OADMET-0002119,2.73,train,lt3,2,0.9785333275794983,0.021436095237731934,3.0326496926136315e-05,2.8877619229206175e-07,1.8200052576133885e-09,lt3
3030,3031,OADMET-0002118,1.77,train,lt3,3,0.9740385413169861,0.025923801586031914,3.672701132018119e-05,3.10012126192305e-07,6.544519237650093e-07,lt3
3031,3032,OADMET-0002117,2.4,train,lt3,2,0.9830756187438965,0.01692383363842964,5.189685339246353e-07,9.25943877128077e-10,3.418174771008253e-11,lt3
3032,3033,OADMET-0002116,3.11,train,3to4,3,0.7323421239852905,0.26711928844451904,0.0005349785787984729,1.7077371694540489e-06,1.958596840268001e-06,lt3
3033,3034,OADMET-0002115,3.65,train,3to4,3,0.9584559798240662,0.041327688843011856,0.0002102288999594748,3.929342256014934e-06,2.164373654522933e-06,lt3
3034,3035,OADMET-0002114,2.53,train,lt3,3,0.9996304512023926,0.0003695746709126979,1.5971485467503044e-08,7.730789342019762e-10,6.9012280334845855e-09,lt3
3035,3036,OADMET-0002113,3.0,train,lt3,3,0.7907971739768982,0.20886443555355072,0.00033639706089161336,1.0711898994486546e-06,9.325850101049582e-07,lt3
3036,3037,OADMET-0002112,2.97,train,lt3,3,0.9929350018501282,0.006973772309720516,7.794705015840009e-05,9.300112651544623e-06,4.0004779293667525e-06,lt3
3037,3038,OADMET-0002111,2.97,train,lt3,3,0.9990044236183167,0.0009915078990161419,3.262508471379988e-06,3.015219931512547e-07,5.218012688601448e-07,lt3
3038,3039,OADMET-0002110,2.0,train,lt3,3,0.9148139953613281,0.08387835323810577,0.0012885390315204859,1.391527803207282e-05,5.233080173638882e-06,lt3
3039,3040,OADMET-0002109,2.53,train,lt3,1,0.9673962593078613,0.03212346136569977,0.00047623401042073965,3.752440306925564e-06,2.7648619038700417e-07,lt3
3040,3041,OADMET-0002108,2.515,train,lt3,2,0.9951431751251221,0.004856788087636232,3.101045109588085e-08,9.628042113574153e-11,1.0048841099508099e-11,lt3
3041,3042,OADMET-0002107,2.6,train,lt3,2,0.677241325378418,0.22710660099983215,0.0925387442111969,0.0030918181873857975,2.155500442313496e-05,lt3
3042,3043,OADMET-0002106,2.02,train,lt3,2,0.9673317074775696,0.03266661614179611,1.6740774526624591e-06,1.34941757767848e-09,1.542931754583421e-11,lt3
3043,3044,OADMET-0002105,1.86,train,lt3,3,0.9918972253799438,0.008094864897429943,7.84284475230379e-06,6.80098466432355e-08,2.7027432736304036e-08,lt3
3044,3045,OADMET-0002104,2.81,train,lt3,0,0.9754660129547119,0.022959129884839058,0.0015631155110895634,9.213879820890725e-06,2.539523848099634e-06,lt3
3045,3046,OADMET-0002103,3.18,train,3to4,3,0.999031662940979,0.0009682862437330186,5.948468384531225e-09,1.2880608038501329e-11,6.509453531755582e-10,lt3
3046,3047,OADMET-0002102,2.82,train,lt3,3,0.9844458699226379,0.015547960065305233,6.015233793732477e-06,5.96557114818097e-08,1.4126575820228027e-07,lt3
3047,3048,OADMET-0002101,3.26,train,3to4,3,0.980516254901886,0.019176317378878593,0.0002449048333801329,1.9559091015253216e-05,4.2936113459290937e-05,lt3
3048,3049,OADMET-0002100,3.01,train,3to4,1,0.12921355664730072,0.8212352991104126,0.04818538576364517,0.0011806332040578127,0.00018512258247938007,3to4
3049,3050,OADMET-0002099,1.98,train,lt3,3,0.992183268070221,0.007725812029093504,8.708517998456955e-05,1.497390485383221e-06,2.3810157472325955e-06,lt3
3050,3051,OADMET-0002098,2.05,train,lt3,1,0.991204559803009,0.008746456354856491,4.8912457714322954e-05,3.163262718430815e-08,7.291236503448317e-09,lt3
3051,3052,OADMET-0002097,2.67,train,lt3,3,0.9767366647720337,0.023242149502038956,2.09983791137347e-05,6.258810714143692e-08,1.2324970555255277e-07,lt3
3052,3053,OADMET-0002096,2.51,train,lt3,2,0.9844914078712463,0.015503969974815845,4.655450084101176e-06,7.06432201624807e-09,5.172208841774939e-11,lt3
3053,3054,OADMET-0002095,2.85,train,lt3,3,0.9995343685150146,0.0004656596283894032,1.606238142493055e-09,2.3948917935584513e-12,2.794595110877651e-10,lt3
3054,3055,OADMET-0002094,1.93,train,lt3,1,0.9947340488433838,0.005259661469608545,6.30926069788984e-06,3.988008590027903e-09,1.1558491941343618e-09,lt3
3055,3056,OADMET-0002093,2.45,train,lt3,3,0.9942183494567871,0.005778929218649864,2.7628655061562313e-06,9.59434931502301e-09,3.8412508729379624e-08,lt3
3056,3057,OADMET-0002092,1.98,train,lt3,3,0.9631703495979309,0.036629170179367065,0.00019759406859520823,1.657235429775028e-06,1.1445141581134521e-06,lt3
3057,3058,OADMET-0002091,2.83,train,lt3,2,0.8907433748245239,0.10718055814504623,0.002032435964792967,4.2833202314795926e-05,7.452665613527643e-07,lt3
3058,3059,OADMET-0002090,1.91,train,lt3,1,0.22040122747421265,0.769572913646698,0.008951344527304173,0.0004458327603060752,0.0006286269053816795,3to4
3059,3060,OADMET-0002089,1.95,train,lt3,3,0.9823240041732788,0.017674313858151436,1.647588646846998e-06,1.7531188722941238e-09,6.08288930337153e-09,lt3
3060,3061,OADMET-0002088,2.08,train,lt3,2,0.9372081756591797,0.06276984512805939,2.1416919480543584e-05,5.192816843191395e-07,2.9928255429467754e-08,lt3
3061,3062,OADMET-0002087,2.69,train,lt3,1,0.9786763787269592,0.020953116938471794,0.0003703011607285589,2.3651034553040517e-07,3.381738267194123e-08,lt3
3062,3063,OADMET-0002086,1.85,train,lt3,3,0.9797617197036743,0.02015465870499611,8.237447764258832e-05,7.463668794116529e-07,5.128819111632765e-07,lt3
3063,3064,OADMET-0002085,2.71,train,lt3,3,0.8276264071464539,0.16686062514781952,0.005463128909468651,4.0972390706883743e-05,8.900180546334013e-06,lt3
3064,3065,OADMET-0002084,1.84,train,lt3,3,0.9938445091247559,0.006152879912406206,2.4262046736112097e-06,3.849853769111178e-08,1.2560583684262383e-07,lt3
3065,3066,OADMET-0002083,4.28,train,4to5,3,0.03690594807267189,0.12173549830913544,0.7907382845878601,0.04694007337093353,0.0036801721435040236,4to5
3066,3067,OADMET-0002082,2.64,train,lt3,2,0.9668854475021362,0.032797396183013916,0.0003165639063809067,6.550438911290257e-07,9.447664872652695e-09,lt3
3067,3068,OADMET-0002081,3.02,train,3to4,1,0.9259028434753418,0.07359996438026428,0.000492907885927707,4.060559149365872e-06,2.3535464777069137e-07,lt3
3068,3069,OADMET-0002080,3.32,train,3to4,4,0.783443033695221,0.21419835090637207,0.002349687973037362,8.892065125110094e-06,5.621294363322704e-08,lt3
3069,3070,OADMET-0002079,2.07,train,lt3,3,0.995430588722229,0.004564133007079363,5.099615464132512e-06,5.5107076235572094e-08,1.549899906194696e-07,lt3
3070,3071,OADMET-0002078,1.91,train,lt3,3,0.15110987424850464,0.11291714757680893,0.6370314955711365,0.0983307734131813,0.0006106296787038445,4to5
3071,3072,OADMET-0002077,2.06,train,lt3,3,0.9925819635391235,0.0074127111583948135,4.0462068682245445e-06,3.686687648496445e-07,8.377696758543607e-07,lt3
3072,3073,OADMET-0002076,2.9,train,lt3,3,0.9816469550132751,0.01834709942340851,6.005882369208848e-06,8.731279699247807e-09,2.2590354475937602e-08,lt3
3073,3074,OADMET-0002075,2.41,train,lt3,3,0.9865765571594238,0.01342296227812767,5.128047746438824e-07,6.258108253831551e-09,2.5414829352143897e-08,lt3
3074,3075,OADMET-0002074,1.82,train,lt3,3,0.8511481881141663,0.1353205442428589,0.013422667048871517,8.34816019050777e-05,2.5114126401604153e-05,lt3
3075,3076,OADMET-0002073,1.94,train,lt3,3,0.21757139265537262,0.5023131966590881,0.2775411307811737,0.0024630464613437653,0.00011130601342301816,3to4
3076,3077,OADMET-0002072,2.09,train,lt3,2,0.8646568059921265,0.05884445831179619,0.07091479748487473,0.005568271037191153,1.568639163451735e-05,lt3
3077,3078,OADMET-0002071,2.72,train,lt3,2,0.8656163811683655,0.13410797715187073,0.000270537770120427,4.8471424634044524e-06,2.3484076905333495e-07,lt3
3078,3079,OADMET-0002070,2.92,train,lt3,3,0.9994606375694275,0.0005388701101765037,2.1457297805227427e-07,3.585812535789046e-08,1.696345748314343e-07,lt3
3079,3080,OADMET-0002069,2.88,train,lt3,3,0.8361744284629822,0.15111063420772552,0.01242154836654663,0.0002511058992240578,4.2310563003411517e-05,lt3
3080,3081,OADMET-0002068,1.87,train,lt3,3,0.14490264654159546,0.6850024461746216,0.16948744654655457,0.0005518400575965643,5.5666296248091385e-05,3to4
3081,3082,OADMET-0002067,2.6,train,lt3,2,0.9835774898529053,0.016422538086771965,1.426416651462148e-09,4.8266677113439904e-12,1.2316107335375026e-12,lt3
3082,3083,OADMET-0002066,2.69,train,lt3,3,0.8440110683441162,0.1544645130634308,0.001516952645033598,5.516448254638817e-06,1.9804326711891918e-06,lt3
3083,3084,OADMET-0002065,2.39,train,lt3,3,0.872837483882904,0.10314599424600601,0.023331398144364357,0.0005461975815705955,0.00013884516374673694,lt3
3084,3085,OADMET-0002064,2.12,train,lt3,2,0.9738073945045471,0.026150858029723167,4.174686546321027e-05,2.8645757765843882e-08,2.569231771776259e-10,lt3
3085,3086,OADMET-0002063,3.96,train,3to4,1,0.4070773422718048,0.5855568051338196,0.007270864211022854,9.261404193239287e-05,2.343283540540142e-06,3to4
3086,3087,OADMET-0002062,2.44,train,lt3,3,0.966475248336792,0.019781161099672318,0.008276631124317646,0.005209403112530708,0.00025757827097550035,lt3
3087,3088,OADMET-0002061,1.98,train,lt3,3,0.916458010673523,0.08347892016172409,6.0658516304101795e-05,4.227605074902385e-07,1.9571098164306022e-06,lt3
3088,3089,OADMET-0002060,2.49,train,lt3,1,0.9886859655380249,0.011283806525170803,3.007243140018545e-05,1.2250166037119925e-07,2.3022733941502338e-08,lt3
3089,3090,OADMET-0002059,4.08,train,4to5,3,0.012319188565015793,0.12622040510177612,0.8529974222183228,0.00820231158286333,0.00026059956871904433,4to5
3090,3091,OADMET-0002058,2.13,train,lt3,2,0.9761383533477783,0.023811589926481247,4.996764619136229e-05,1.1217139928021425e-07,1.5313628143331925e-09,lt3
3091,3092,OADMET-0002057,1.97,train,lt3,3,0.9808511734008789,0.019136935472488403,1.1417129826440942e-05,6.995963985900744e-08,4.455567363947921e-07,lt3
3092,3093,OADMET-0002056,2.82,train,lt3,1,0.7549451589584351,0.24459369480609894,0.00044457835610955954,1.497814264439512e-05,1.6053876379373833e-06,lt3
3093,3094,OADMET-0002055,1.94,train,lt3,3,0.9980487823486328,0.001950449193827808,7.021392320893938e-07,3.015629967961786e-09,6.658681428461932e-08,lt3
3094,3095,OADMET-0002054,1.83,train,lt3,3,0.9920879602432251,0.007909984327852726,1.914129370561568e-06,2.2162588209084788e-08,2.001223720071721e-07,lt3
3095,3096,OADMET-0002053,2.49,train,lt3,3,0.9901873469352722,0.009775659069418907,3.519104575389065e-05,3.501679373130173e-07,1.4820506066826056e-06,lt3
3096,3097,OADMET-0002052,2.49,train,lt3,3,0.9944331049919128,0.0055662887170910835,5.950814170319063e-07,2.5582733709228478e-09,3.2004823680154004e-08,lt3
3097,3098,OADMET-0002051,2.01,train,lt3,2,0.9888928532600403,0.011106960475444794,1.3252794417439873e-07,1.2718803787947763e-10,2.9156002698954575e-12,lt3
3098,3099,OADMET-0002050,1.88,train,lt3,2,0.683148980140686,0.28375816345214844,0.03248894587159157,0.0006009354256093502,3.0060984954616288e-06,lt3
3099,3100,OADMET-0002049,2.86,train,lt3,2,0.9934137463569641,0.0065862261690199375,2.5931699010328657e-09,1.9704262093495073e-12,1.8319956554373185e-13,lt3
3100,3101,OADMET-0002048,2.01,train,lt3,1,0.9749352931976318,0.024848248809576035,0.00021586442016996443,5.33703030214383e-07,8.865468004159993e-08,lt3
3101,3102,OADMET-0002047,2.01,train,lt3,2,0.9902737736701965,0.009725937619805336,3.099114564975025e-07,3.737548881499464e-10,5.5395384460088515e-12,lt3
3102,3103,OADMET-0002046,1.92,train,lt3,0,0.9942940473556519,0.005693910177797079,1.2048863936797716e-05,5.859015494991127e-09,9.549486756910142e-10,lt3
3103,3104,OADMET-0002045,4.51,train,4to5,3,0.01105900201946497,0.05340643227100372,0.8244328498840332,0.10371796041727066,0.007383834104984999,4to5
3104,3105,OADMET-0002044,3.73,train,3to4,2,0.016162266954779625,0.9685447216033936,0.014686021022498608,0.0005972259677946568,9.7150068540941e-06,3to4
3105,3106,OADMET-0002043,4.46,train,4to5,2,0.0026967658195644617,0.007238263264298439,0.645587146282196,0.34352177381515503,0.0009560928447172046,4to5
3106,3107,OADMET-0002042,5.61,train,5to6,3,5.58215333512635e-07,0.00034497471642680466,0.14169810712337494,0.7590281963348389,0.09892824292182922,5to6
3107,3108,OADMET-0002041,5.03,train,5to6,3,2.549223972891923e-05,0.0022272057831287384,0.36219918727874756,0.6177792549133301,0.017768844962120056,5to6
3108,3109,OADMET-0002040,3.55,train,3to4,3,5.383829829952447e-06,0.013079352676868439,0.9484338164329529,0.03840677812695503,7.470257696695626e-05,4to5
3109,3110,OADMET-0002039,3.04,train,3to4,3,0.004009726922959089,0.1258164793252945,0.8254351019859314,0.04460339620709419,0.00013530271826311946,4to5
3110,3111,OADMET-0002038,2.0,train,lt3,2,0.6939904689788818,0.3047068119049072,0.0012922970345243812,1.0341929737478495e-05,5.5849401547902744e-08,lt3
3111,3112,OADMET-0002037,2.98,train,lt3,3,0.022552136331796646,0.48295828700065613,0.4934597909450531,0.001019110786728561,1.0657667189661879e-05,4to5
3112,3113,OADMET-0002036,4.09,train,4to5,3,0.0030566344503313303,0.04796817898750305,0.9119770526885986,0.036116015166044235,0.0008821578812785447,4to5
3113,3114,OADMET-0002035,4.95,train,4to5,2,0.00043612171430140734,0.0022470024414360523,0.33197203278541565,0.6627071499824524,0.0026376661844551563,5to6
3114,3115,OADMET-0002034,4.17,train,4to5,3,0.8005185127258301,0.18066896498203278,0.01783408597111702,0.0007028701365925372,0.0002755849272944033,lt3
3115,3116,OADMET-0002033,3.88,train,3to4,4,0.11117100715637207,0.30394119024276733,0.5731313824653625,0.011359002441167831,0.0003975128347519785,4to5
3116,3117,OADMET-0002032,3.89,train,3to4,1,0.061082374304533005,0.47128304839134216,0.4067154824733734,0.06020192801952362,0.0007171547040343285,3to4
3117,3118,OADMET-0002031,1.96,train,lt3,0,0.9792183041572571,0.019821949303150177,0.0009566263179294765,2.6712280032370472e-06,4.550461767394154e-07,lt3
3118,3119,OADMET-0002030,4.57,train,4to5,3,0.0003976454318035394,0.047756001353263855,0.8784064650535583,0.07285044342279434,0.0005894218338653445,4to5
3119,3120,OADMET-0002029,4.37,train,4to5,3,5.641020106850192e-05,0.0027056157123297453,0.9443401098251343,0.05272415280342102,0.00017363307415507734,4to5
3120,3121,OADMET-0002028,3.95,train,3to4,3,0.3515618145465851,0.45261943340301514,0.19399867951869965,0.0016773557290434837,0.00014279247261583805,3to4
3121,3122,OADMET-0002027,2.83,train,lt3,3,0.23798628151416779,0.7298254370689392,0.03214821591973305,2.8391999876475893e-05,1.1744707990146708e-05,3to4
3122,3123,OADMET-0002026,1.95,train,lt3,3,0.0005602912860922515,0.08624476194381714,0.7361948490142822,0.1604619324207306,0.016538210213184357,4to5
3123,3124,OADMET-0002025,3.75,train,3to4,2,0.00435153441503644,0.007409250363707542,0.34810778498649597,0.6347872018814087,0.005344271194189787,5to6
3124,3125,OADMET-0002024,3.1,train,3to4,4,0.008779250085353851,0.37357643246650696,0.537318229675293,0.07989484071731567,0.0004312251112423837,4to5
3125,3126,OADMET-0002023,2.7,train,lt3,4,0.4585326611995697,0.5129866003990173,0.028389889746904373,9.056619455805048e-05,3.6087564581066545e-07,3to4
3126,3127,OADMET-0002022,3.85,train,3to4,3,0.021253086626529694,0.18366560339927673,0.7531877160072327,0.04125364497303963,0.0006399979465641081,4to5
3127,3128,OADMET-0002021,4.41,train,4to5,0,0.006140876095741987,0.039052706211805344,0.869534432888031,0.08514970541000366,0.00012232417066115886,4to5
3128,3129,OADMET-0002020,3.82,train,3to4,0,0.02132347598671913,0.023976018652319908,0.7436712384223938,0.21039676666259766,0.0006325368885882199,4to5
3129,3130,OADMET-0002019,4.49,train,4to5,0,0.0014508654130622745,0.06607136130332947,0.5657435059547424,0.36175423860549927,0.004980024415999651,4to5
3130,3131,OADMET-0002018,2.36,train,lt3,4,0.21584147214889526,0.20387308299541473,0.5657543540000916,0.013458382338285446,0.0010726606706157327,4to5
3131,3132,OADMET-0002017,4.21,train,4to5,1,0.0022372968960553408,0.047464173287153244,0.7073215842247009,0.24003809690475464,0.002938878023996949,4to5
3132,3133,OADMET-0002016,2.99,train,lt3,3,0.2633630633354187,0.5940335988998413,0.14159563183784485,0.0009877198608592153,1.9997369236079976e-05,3to4
3133,3134,OADMET-0002015,4.12,train,4to5,4,0.0005841326201334596,0.008976051583886147,0.8052613735198975,0.18419194221496582,0.0009865604806691408,4to5
3134,3135,OADMET-0002014,5.29,train,5to6,1,0.0368686243891716,0.06315924227237701,0.8207626342773438,0.07896481454372406,0.00024466923787258565,4to5
3135,3136,OADMET-0002013,4.28,train,4to5,2,5.977712589810835e-06,5.032709304941818e-05,0.03140319883823395,0.9599367380142212,0.008603758178651333,5to6
3136,3137,OADMET-0002012,4.33,train,4to5,2,0.025217590853571892,0.2867116630077362,0.4492962956428528,0.22679570317268372,0.011978765949606895,4to5
3137,3138,OADMET-0002011,4.46,train,4to5,4,0.10554999858140945,0.293200820684433,0.5736737847328186,0.027364449575543404,0.00021089175425004214,4to5
3138,3139,OADMET-0002010,4.87,train,4to5,3,0.03816789388656616,0.1595568209886551,0.570587694644928,0.22977085411548615,0.0019167371792718768,4to5
3139,3140,OADMET-0002009,3.11,train,3to4,2,0.4949665665626526,0.13536548614501953,0.34928005933761597,0.02022528648376465,0.00016259690164588392,lt3
3140,3141,OADMET-0002008,2.27,train,lt3,2,0.719370424747467,0.2474643737077713,0.032208751887083054,0.000942270562518388,1.4176729564496782e-05,lt3
3141,3142,OADMET-0002007,4.83,train,4to5,3,0.01605461910367012,0.08339166641235352,0.868878185749054,0.031169597059488297,0.000505942152813077,4to5
3142,3143,OADMET-0002006,5.19,train,5to6,4,0.03885548189282417,0.18614692986011505,0.628944993019104,0.1448720544576645,0.0011805945541709661,4to5
3143,3144,OADMET-0002005,4.24,train,4to5,0,0.004917267244309187,0.015351592563092709,0.871051013469696,0.10821669548749924,0.00046345312148332596,4to5
3144,3145,OADMET-0002004,2.3,train,lt3,1,0.24389411509037018,0.048862650990486145,0.637860119342804,0.0676230788230896,0.0017600924475118518,4to5
3145,3146,OADMET-0002003,2.34,train,lt3,0,0.632235586643219,0.34412187337875366,0.021211327984929085,0.002091845264658332,0.00033938459819182754,lt3
3146,3147,OADMET-0002002,2.58,train,lt3,2,0.7385367155075073,0.2535254955291748,0.0077403513714671135,0.0001966034178622067,8.326761076205003e-07,lt3
3147,3148,OADMET-0002001,3.1100000000000003,train,3to4,4,0.9473461508750916,0.03489271178841591,0.01582413539290428,0.0011794955935329199,0.0007575093768537045,lt3
3148,3149,OADMET-0002000,1.92,train,lt3,4,0.5787652730941772,0.42095109820365906,0.0002827524149324745,8.599538432463305e-07,8.599414513810189e-09,lt3
3149,3150,OADMET-0001999,3.82,train,3to4,3,0.48237520456314087,0.15193498134613037,0.2645292580127716,0.09998498857021332,0.001175560406409204,lt3
3150,3151,OADMET-0001998,4.87,train,4to5,4,0.00039071874925866723,0.024797191843390465,0.8395010232925415,0.13526882231235504,4.2305611714255065e-05,4to5
3151,3152,OADMET-0001997,3.61,train,3to4,2,0.08986752480268478,0.09640709310770035,0.6990278363227844,0.1140216737985611,0.0006759407697245479,4to5
3152,3153,OADMET-0001996,3.0,train,lt3,3,0.01890164613723755,0.44235286116600037,0.5362207293510437,0.0024420353583991528,8.263560448540375e-05,4to5
3153,3154,OADMET-0001995,4.32,train,4to5,3,0.0059444294311106205,0.18911148607730865,0.7745815515518188,0.029796922579407692,0.0005656395223923028,4to5
3154,3155,OADMET-0001994,3.47,train,3to4,2,0.005433523096144199,0.019320137798786163,0.4097066819667816,0.5633672475814819,0.002172390464693308,5to6
3155,3156,OADMET-0001993,2.98,train,lt3,2,0.41562485694885254,0.4390338361263275,0.14132122695446014,0.003989070188254118,3.100519461440854e-05,3to4
3156,3157,OADMET-0001992,2.95,train,lt3,0,0.6318650841712952,0.314025342464447,0.05380334332585335,0.00030291741131804883,3.3139292554551503e-06,lt3
3157,3158,OADMET-0001991,4.45,train,4to5,0,0.21958179771900177,0.4013988971710205,0.3469773530960083,0.030340952798724174,0.0017008953727781773,3to4
3158,3159,OADMET-0001990,5.29,train,5to6,2,1.6039409445056663e-07,5.5720847740303725e-06,0.009136519394814968,0.9654921293258667,0.02536553144454956,5to6
3159,3160,OADMET-0001989,4.4,train,4to5,0,0.05694493651390076,0.11917345225811005,0.43853357434272766,0.30767303705215454,0.077674999833107,4to5
3160,3161,OADMET-0001988,1.77,train,lt3,1,0.7697364687919617,0.21121187508106232,0.01687285304069519,0.001441948115825653,0.0007368779624812305,lt3
3161,3162,OADMET-0001987,2.45,train,lt3,2,0.8313966989517212,0.15942402184009552,0.00879112258553505,0.00038474638131447136,3.4493373277655337e-06,lt3
3162,3163,OADMET-0001986,3.85,train,3to4,4,0.8433483242988586,0.15306048095226288,0.0035418204497545958,4.851132689509541e-05,8.919576544030861e-07,lt3
3163,3164,OADMET-0001985,3.58,train,3to4,3,0.020158225670456886,0.21150878071784973,0.737193763256073,0.029290100559592247,0.0018491530790925026,4to5
3164,3165,OADMET-0001984,3.41,train,3to4,0,0.291059672832489,0.6027178168296814,0.07898616045713425,0.024373656138777733,0.002862759167328477,3to4
3165,3166,OADMET-0001983,4.91,train,4to5,3,2.844069157958984e-08,2.3149139451561496e-05,0.02671564556658268,0.9497267603874207,0.023534448817372322,5to6
3166,3167,OADMET-0001982,4.745,train,4to5,2,0.041949428617954254,0.1087079793214798,0.7900487184524536,0.05874843895435333,0.000545449205674231,4to5
3167,3168,OADMET-0001981,1.81,train,lt3,3,0.10591483861207962,0.8803314566612244,0.012442291714251041,0.0011155904503539205,0.00019583452376537025,3to4
3168,3169,OADMET-0001980,4.06,train,4to5,0,0.03660920634865761,0.3571070730686188,0.5368781685829163,0.06913013011217117,0.0002754971501417458,4to5
3169,3170,OADMET-0001979,3.61,train,3to4,3,0.07335299253463745,0.3740167021751404,0.4870174825191498,0.06498268246650696,0.0006301756366156042,4to5
3170,3171,OADMET-0001978,4.03,train,4to5,3,0.005439331289380789,0.02794616110622883,0.9348384141921997,0.03171449899673462,6.160393240861595e-05,4to5
3171,3172,OADMET-0001977,5.42,train,5to6,3,0.00019344649626873434,0.01410285010933876,0.8971244692802429,0.08847088366746902,0.00010837310401257128,4to5
3172,3173,OADMET-0001976,4.58,train,4to5,3,1.0131274308378124e-07,0.0063576605170965195,0.7597044706344604,0.23275074362754822,0.0011870155576616526,4to5
3173,3174,OADMET-0001975,4.78,train,4to5,4,0.0008245183271355927,0.029189860448241234,0.8688719868659973,0.1009829118847847,0.00013075268361717463,4to5
3174,3175,OADMET-0001974,3.67,train,3to4,2,0.44298890233039856,0.5392100214958191,0.017645016312599182,0.00015300717495847493,3.109123554168036e-06,3to4
3175,3176,OADMET-0001973,5.19,train,5to6,4,0.0001583405683049932,0.004326611757278442,0.3861660361289978,0.6072736382484436,0.00207539857365191,5to6
3176,3177,OADMET-0001972,1.81,train,lt3,4,0.7096203565597534,0.008037521503865719,0.24348990619182587,0.03644508123397827,0.002407167572528124,lt3
3177,3178,OADMET-0001971,2.84,train,lt3,4,0.8645467162132263,0.13467374444007874,0.0007784582558088005,1.0495909918972757e-06,1.7059532453345128e-08,lt3
3178,3179,OADMET-0001970,2.22,train,lt3,3,0.6534551382064819,0.3452616333961487,0.0012822472490370274,8.062800134212011e-07,1.3710399571209564e-07,lt3
3179,3180,OADMET-0001969,4.27,train,4to5,4,8.086804155027494e-05,0.005431334022432566,0.7809616923332214,0.21342742443084717,9.87473686109297e-05,4to5
3180,3181,OADMET-0001968,4.48,train,4to5,0,0.01273432094603777,0.30174559354782104,0.6435906291007996,0.03992811590433121,0.002001357264816761,4to5
3181,3182,OADMET-0001967,2.18,train,lt3,3,0.9914416670799255,0.00831189751625061,0.00022254633950069547,1.4042333532415796e-05,9.773799320100807e-06,lt3
3182,3183,OADMET-0001966,4.59,train,4to5,2,0.35093462467193604,0.37247949838638306,0.26855868101119995,0.007906493730843067,0.00012071499804733321,3to4
3183,3184,OADMET-0001965,2.08,train,lt3,3,0.04004344344139099,0.2790411710739136,0.6720781326293945,0.008819467388093472,1.7847944036475383e-05,4to5
3184,3185,OADMET-0001964,4.71,train,4to5,2,0.05169614404439926,0.6486068367958069,0.2712141275405884,0.027385802939534187,0.0010970770381391048,3to4
3185,3186,OADMET-0001963,4.39,train,4to5,2,0.05964169278740883,0.39976415038108826,0.2948776185512543,0.24228744208812714,0.003429088508710265,3to4
3186,3187,OADMET-0001962,1.84,train,lt3,2,0.49347439408302307,0.4911850094795227,0.01524609886109829,9.355892689200118e-05,8.410956411353254e-07,lt3
3187,3188,OADMET-0001961,3.92,train,3to4,3,0.0021505835466086864,0.160469189286232,0.6882235407829285,0.14645853638648987,0.0026982335839420557,4to5
3188,3189,OADMET-0001960,4.84,train,4to5,0,0.0004297747218515724,0.017417188733816147,0.7892245650291443,0.19057156145572662,0.002356999320909381,4to5
3189,3190,OADMET-0001958,1.91,train,lt3,2,0.922010600566864,0.07788268476724625,0.0001011380591080524,5.383604730013758e-06,2.130272207523376e-07,lt3
3190,3191,OADMET-0001957,1.89,train,lt3,2,0.11019404232501984,0.19593848288059235,0.6925113201141357,0.0013540602521970868,2.094270485031302e-06,4to5
3191,3192,OADMET-0001956,1.86,train,lt3,0,0.09012894332408905,0.035559628158807755,0.6217500567436218,0.24927134811878204,0.003290111431851983,4to5
3192,3193,OADMET-0001955,4.57,train,4to5,3,0.4097629487514496,0.15052488446235657,0.3581133186817169,0.08061452209949493,0.000984362792223692,lt3
3193,3194,OADMET-0001954,2.28,train,lt3,1,0.9200248122215271,0.06716849654912949,0.012649509124457836,0.00015472479572054,2.3561885882372735e-06,lt3
3194,3195,OADMET-0001953,4.07,train,4to5,1,0.9481830596923828,0.04585812985897064,0.005919836927205324,3.685563206090592e-05,2.2022545635991264e-06,lt3
3195,3196,OADMET-0001951,5.95,train,5to6,1,1.0221621238315493e-07,3.817878314293921e-05,0.03960924595594406,0.9483827948570251,0.01196967251598835,5to6
3196,3197,OADMET-0001950,5.66,train,5to6,3,0.025136079639196396,0.07415596395730972,0.5612940192222595,0.3382280766963959,0.001185900648124516,4to5
3197,3198,OADMET-0001949,3.47,train,3to4,1,0.18240275979042053,0.4924613833427429,0.31717562675476074,0.007400155533105135,0.0005600631120614707,3to4
3198,3199,OADMET-0001948,4.48,train,4to5,3,0.0012439327547326684,0.019289199262857437,0.8404726982116699,0.13889014720916748,0.00010402261978015304,4to5
3199,3200,OADMET-0001947,3.6,train,3to4,0,0.4463907480239868,0.3959275186061859,0.14691363275051117,0.008812770247459412,0.0019553005695343018,lt3
3200,3201,OADMET-0001946,4.64,train,4to5,3,0.00023443940153811127,0.006816414184868336,0.9379996657371521,0.05487000197172165,7.944407843751833e-05,4to5
3201,3202,OADMET-0001945,1.81,train,lt3,3,0.28104954957962036,0.7114066481590271,0.007533151190727949,9.755201062944252e-06,8.908879181035445e-07,3to4
3202,3203,OADMET-0001944,3.13,train,3to4,3,0.1796988695859909,0.45950451493263245,0.3547215461730957,0.005872305948287249,0.00020281666365917772,3to4
3203,3204,OADMET-0001943,5.52,train,5to6,3,2.2613721739617176e-05,0.005081888288259506,0.766076922416687,0.22768622636795044,0.0011323506478220224,4to5
3204,3205,OADMET-0001942,2.82,train,lt3,3,0.10351426899433136,0.7777045965194702,0.11739136278629303,0.0013127345591783524,7.708499470027164e-05,3to4
3205,3206,OADMET-0001941,3.0,train,lt3,2,0.007008863613009453,0.033552344888448715,0.24481359124183655,0.7058832049369812,0.008742060512304306,5to6
3206,3207,OADMET-0001940,2.27,train,lt3,2,0.8344986438751221,0.16123823821544647,0.00282728741876781,0.0013981813099235296,3.763277345569804e-05,lt3
3207,3208,OADMET-0001938,2.19,train,lt3,3,0.0013263322180137038,0.23569899797439575,0.7015933394432068,0.05773106589913368,0.0036502587608993053,4to5
3208,3209,OADMET-0001937,5.25,train,5to6,3,2.3823162337066606e-05,0.0007927709957584739,0.5579610466957092,0.43805044889450073,0.003171921707689762,4to5
3209,3210,OADMET-0001936,2.93,train,lt3,1,0.21621428430080414,0.30346518754959106,0.47329357266426086,0.006804847624152899,0.00022210425231605768,4to5
3210,3211,OADMET-0001935,4.99,train,4to5,1,0.0027299204375594854,0.05509902164340019,0.3898211121559143,0.5506492853164673,0.0017006760463118553,5to6
3211,3212,OADMET-0001934,5.29,train,5to6,0,0.0003182787913829088,0.06498052924871445,0.7275902628898621,0.2064725011587143,0.0006384480511769652,4to5
3212,3213,OADMET-0001933,3.63,train,3to4,4,0.12817388772964478,0.6592443585395813,0.21030795574188232,0.002241729758679867,3.201124491170049e-05,3to4
3213,3214,OADMET-0001932,5.37,train,5to6,3,8.381116640521213e-05,0.002839107532054186,0.4659208655357361,0.5285264253616333,0.0026298414450138807,5to6
3214,3215,OADMET-0001931,1.97,train,lt3,3,0.35403740406036377,0.2368292510509491,0.36245566606521606,0.04537316784262657,0.0013045142404735088,4to5
3215,3216,OADMET-0001930,3.63,train,3to4,2,0.02640267089009285,0.15514375269412994,0.667802095413208,0.149666428565979,0.0009850108763203025,4to5
3216,3217,OADMET-0001928,5.62,train,5to6,4,0.07994675636291504,0.35007914900779724,0.3983219563961029,0.15445683896541595,0.01719525456428528,4to5
3217,3218,OADMET-0001927,3.89,train,3to4,0,0.6220973134040833,0.22359715402126312,0.1408841758966446,0.013153303414583206,0.0002680660109035671,lt3
3218,3219,OADMET-0001926,5.23,train,5to6,3,1.2130047934988397e-06,0.0003017604467459023,0.1403251588344574,0.8569193482398987,0.002452528104186058,5to6
3219,3220,OADMET-0001925,4.82,train,4to5,4,0.03507477045059204,0.14848892390727997,0.6264383792877197,0.18656468391418457,0.003433265257626772,4to5
3220,3221,OADMET-0001924,3.9,train,3to4,2,0.3782447576522827,0.35228949785232544,0.2626059651374817,0.006608597002923489,0.00025122053921222687,lt3
3221,3222,OADMET-0001923,3.4,train,3to4,2,0.22796404361724854,0.562411367893219,0.06505433470010757,0.11324805021286011,0.031322259455919266,3to4
3222,3223,OADMET-0001922,4.98,train,4to5,4,0.0375603511929512,0.07911626249551773,0.4402013421058655,0.41468679904937744,0.028435174375772476,4to5
3223,3224,OADMET-0001921,1.84,train,lt3,3,0.8814314603805542,0.11820778250694275,0.00036013484350405633,5.077656624052906e-07,6.047294931477154e-08,lt3
3224,3225,OADMET-0001920,1.78,train,lt3,3,0.0004850008408538997,0.06955918669700623,0.8586669564247131,0.06879951059818268,0.002489352598786354,4to5
3225,3226,OADMET-0001919,1.88,train,lt3,2,0.424469530582428,0.24594220519065857,0.32559847831726074,0.003983434289693832,6.395465334207984e-06,lt3
3226,3227,OADMET-0001918,4.73,train,4to5,3,0.20618127286434174,0.21015717089176178,0.4985218346118927,0.08229996263980865,0.002839809050783515,4to5
3227,3228,OADMET-0001917,4.16,train,4to5,4,0.026711326092481613,0.09343237429857254,0.8078435659408569,0.07138291746377945,0.0006298161461018026,4to5
3228,3229,OADMET-0001916,4.95,train,4to5,3,0.0001945560798048973,0.03602880239486694,0.8457779288291931,0.11721453815698624,0.0007842045743018389,4to5
3229,3230,OADMET-0001914,3.88,train,3to4,2,0.8917132019996643,0.1079266294836998,0.00035882971133105457,1.348748241980502e-06,3.482446775393555e-09,lt3
3230,3231,OADMET-0001913,4.875,train,4to5,2,0.006907233037054539,0.045000482350587845,0.7230594754219055,0.22431574761867523,0.000717107905074954,4to5
3231,3232,OADMET-0001912,3.0,train,lt3,3,0.6866186857223511,0.11029905825853348,0.12454327195882797,0.07579850405454636,0.0027404751162976027,lt3
3232,3233,OADMET-0001911,4.18,train,4to5,3,0.017698364332318306,0.014519493095576763,0.5796550512313843,0.38542819023132324,0.002698957920074463,4to5
3233,3234,OADMET-0001910,2.42,train,lt3,2,0.946117103099823,0.05194254592061043,0.0018328315345570445,9.624322410672903e-05,1.131688077293802e-05,lt3
3234,3235,OADMET-0001909,2.415,train,lt3,3,0.9696186780929565,0.014360199682414532,0.010153858922421932,0.0055055380798876286,0.00036175738205201924,lt3
3235,3236,OADMET-0001908,4.05,train,4to5,4,0.04374125227332115,0.7911314964294434,0.1625925600528717,0.0025220452807843685,1.2701356354227755e-05,3to4
3236,3237,OADMET-0001906,4.25,train,4to5,4,0.001727209659293294,0.015447337180376053,0.5985029339790344,0.38414764404296875,0.00017490908794570714,4to5
3237,3238,OADMET-0001905,2.97,train,lt3,0,0.8486786484718323,0.11294464766979218,0.03674435615539551,0.001510400790721178,0.00012196938769193366,lt3
3238,3239,OADMET-0001904,4.84,train,4to5,1,0.002830203389748931,0.10849468410015106,0.6686826348304749,0.2185247540473938,0.0014676983701065183,4to5
3239,3240,OADMET-0001903,5.16,train,5to6,2,0.0011440177913755178,0.03470291197299957,0.7541676759719849,0.20882540941238403,0.0011599811259657145,4to5
3240,3241,OADMET-0001902,4.7,train,4to5,3,0.00035869417479261756,0.012015718966722488,0.8367590308189392,0.14946773648262024,0.0013988605933263898,4to5
3241,3242,OADMET-0001901,4.06,train,4to5,2,0.04871559143066406,0.028954675421118736,0.21539969742298126,0.6995100975036621,0.007419960107654333,5to6
3242,3243,OADMET-0001900,4.81,train,4to5,2,0.14063851535320282,0.10732103139162064,0.7155523896217346,0.036390870809555054,9.715736814541742e-05,4to5
3243,3244,OADMET-0001899,4.95,train,4to5,3,0.10514020919799805,0.07572300732135773,0.3552199602127075,0.4543028175830841,0.009613976813852787,5to6
3244,3245,OADMET-0001898,5.13,train,5to6,3,0.0004685716121457517,0.021337851881980896,0.8008514046669006,0.1746155172586441,0.002726657083258033,4to5
3245,3246,OADMET-0001897,3.48,train,3to4,4,0.0033464718144387007,0.16564114391803741,0.7412837743759155,0.08865626901388168,0.001072360435500741,4to5
3246,3247,OADMET-0001895,3.94,train,3to4,0,0.12180729955434799,0.2712332606315613,0.5177091956138611,0.08804912120103836,0.0012011148501187563,4to5
3247,3248,OADMET-0001894,5.1,train,5to6,4,4.912490567221539e-06,0.0008620172156952322,0.25137123465538025,0.7471302151679993,0.0006316492217592895,5to6
3248,3249,OADMET-0001893,1.94,train,lt3,2,0.0005283022182993591,0.015901563689112663,0.573726236820221,0.40850234031677246,0.0013415359426289797,4to5
3249,3250,OADMET-0001892,4.45,train,4to5,2,0.001499676494859159,0.00230366550385952,0.7328023314476013,0.263129323720932,0.00026500364765524864,4to5
3250,3251,OADMET-0001890,3.37,train,3to4,3,0.31662970781326294,0.33930277824401855,0.3343445658683777,0.009510016068816185,0.00021286924311425537,3to4
3251,3252,OADMET-0001888,4.13,train,4to5,1,0.14590248465538025,0.7531847953796387,0.08293987810611725,0.01775362156331539,0.0002192225947510451,3to4
3252,3253,OADMET-0001887,4.13,train,4to5,4,0.002214660169556737,0.589640200138092,0.3911428451538086,0.016977371647953987,2.493566535122227e-05,3to4
3253,3254,OADMET-0001885,3.1,train,3to4,1,0.6132274270057678,0.30419740080833435,0.07947997748851776,0.0030006563756614923,9.450515062781051e-05,lt3
3254,3255,OADMET-0001884,4.2,train,4to5,0,0.0005340290954336524,0.012775730341672897,0.6657457947731018,0.319427490234375,0.0015169420512393117,4to5
3255,3256,OADMET-0001883,4.75,train,4to5,0,0.0012271745363250375,0.12854035198688507,0.6571411490440369,0.21213027834892273,0.0009610401466488838,4to5
3256,3257,OADMET-0001882,1.81,train,lt3,2,0.17861151695251465,0.1469632089138031,0.6518622040748596,0.022518925368785858,4.417236050358042e-05,4to5
3257,3258,OADMET-0001881,4.6,train,4to5,2,0.08982191234827042,0.30563345551490784,0.5576321482658386,0.0462820939719677,0.0006304254638962448,4to5
3258,3259,OADMET-0001880,3.86,train,3to4,0,0.08231626451015472,0.29814738035202026,0.6094087362289429,0.010031236335635185,9.64052087510936e-05,4to5
3259,3260,OADMET-0001879,3.53,train,3to4,1,0.008576849475502968,0.23194338381290436,0.5720717310905457,0.18555952608585358,0.00184851314406842,4to5
3260,3261,OADMET-0001878,4.83,train,4to5,0,0.002724413527175784,0.16955499351024628,0.6913573145866394,0.13609902560710907,0.0002642154577188194,4to5
3261,3262,OADMET-0001877,4.88,train,4to5,4,0.002946197986602783,0.09398339688777924,0.8798034191131592,0.023175349459052086,9.163848881144077e-05,4to5
3262,3263,OADMET-0001876,3.1,train,3to4,4,0.03207917883992195,0.9477542638778687,0.019745811820030212,0.000405364902690053,1.5371930203400552e-05,3to4
3263,3264,OADMET-0001875,1.9,train,lt3,1,0.5650110244750977,0.4330151379108429,0.0018961592577397823,7.41532858228311e-05,3.6024853216076735e-06,lt3
3264,3265,OADMET-0001874,4.77,train,4to5,3,0.012601690366864204,0.1676781326532364,0.7432530522346497,0.07449621707201004,0.0019709800835698843,4to5
3265,3266,OADMET-0001872,3.92,train,3to4,2,0.003201394574716687,0.022956663742661476,0.8083890676498413,0.16448567807674408,0.00096718012355268,4to5
3266,3267,OADMET-0001871,4.38,train,4to5,3,0.3038288354873657,0.37895774841308594,0.3050358295440674,0.011976094916462898,0.0002014955971390009,3to4
3267,3268,OADMET-0001870,4.12,train,4to5,2,0.010091504082083702,0.015205953270196915,0.6696783304214478,0.30317917466163635,0.0018450503703206778,4to5
3268,3269,OADMET-0001869,2.54,train,lt3,2,0.850034236907959,0.12795531749725342,0.019815457984805107,0.0021764556877315044,1.8479426216799766e-05,lt3
3269,3270,OADMET-0001868,2.84,train,lt3,3,0.0006379388505592942,0.005247649271041155,0.9335700869560242,0.059807583689689636,0.0007367152720689774,4to5
3270,3271,OADMET-0001867,3.55,train,3to4,2,0.0006383025902323425,0.016213765367865562,0.6459730863571167,0.33676624298095703,0.00040858183638192713,4to5
3271,3272,OADMET-0001866,4.54,train,4to5,0,0.03850693628191948,0.20566612482070923,0.6248824000358582,0.12786437571048737,0.0030800774693489075,4to5
3272,3273,OADMET-0001865,2.81,train,lt3,2,0.08458925783634186,0.17910350859165192,0.7262183427810669,0.01003737561404705,5.158604835742153e-05,4to5
3273,3274,OADMET-0001864,3.49,train,3to4,1,0.4639921486377716,0.34834301471710205,0.18263721466064453,0.004889886360615492,0.00013769898214377463,lt3
3274,3275,OADMET-0001863,5.06,train,5to6,1,0.011935816146433353,0.22300367057323456,0.5451268553733826,0.21828608214855194,0.0016475365264341235,4to5
3275,3276,OADMET-0001862,3.27,train,3to4,1,0.15295810997486115,0.3950388729572296,0.3775896728038788,0.07355521619319916,0.0008580986177548766,3to4
3276,3277,OADMET-0001861,2.01,train,lt3,3,0.9938269257545471,0.006059859413653612,9.678448259364814e-05,1.238737331732409e-05,4.006795279565267e-06,lt3
3277,3278,OADMET-0001859,2.82,train,lt3,0,0.6420780420303345,0.20874734222888947,0.14272865653038025,0.006128352135419846,0.00031756621319800615,lt3
3278,3279,OADMET-0001858,1.9,train,lt3,4,0.6295579075813293,0.2981719970703125,0.07116547971963882,0.001087318523786962,1.7308053429587744e-05,lt3
3279,3280,OADMET-0001857,4.0,train,3to4,2,0.0022629783488810062,0.023056011646986008,0.7690535187721252,0.20430400967597961,0.0013234020443633199,4to5
3280,3281,OADMET-0001828,4.3,train,4to5,0,0.2196604460477829,0.22244369983673096,0.5175966024398804,0.0382884182035923,0.0020107654854655266,4to5
3281,3282,OADMET-0001827,3.62,train,3to4,2,0.49967050552368164,0.3462560176849365,0.13778634369373322,0.015766747295856476,0.0005204365588724613,lt3
3282,3283,OADMET-0001826,3.42,train,3to4,4,0.22491198778152466,0.4825974106788635,0.29135918617248535,0.0011153192026540637,1.6135369151015766e-05,3to4
3283,3284,OADMET-0001825,1.62,train,lt3,2,0.5262585282325745,0.349354088306427,0.11662323772907257,0.007564835716038942,0.00019929792324546725,lt3
3284,3285,OADMET-0001824,2.56,train,lt3,1,0.05239813029766083,0.8133799433708191,0.13284286856651306,0.0013542046071961522,2.485359254933428e-05,3to4
3285,3286,OADMET-0001823,5.23,train,5to6,0,0.1399763971567154,0.0679500550031662,0.7230347394943237,0.06522352993488312,0.0038152956403791904,4to5
3286,3287,OADMET-0001822,4.04,train,4to5,4,0.0008860072703100741,0.05444101244211197,0.8696600198745728,0.07414625585079193,0.0008667235379107296,4to5
3287,3288,OADMET-0001821,4.17,train,4to5,2,0.2629847526550293,0.5586557984352112,0.17698657512664795,0.0013715079985558987,1.39937037602067e-06,3to4
3288,3289,OADMET-0001820,4.45,train,4to5,3,0.0019050425617024302,0.015797177329659462,0.8776113986968994,0.09973032772541046,0.0049560763873159885,4to5
3289,3290,OADMET-0001819,3.8,train,3to4,1,0.12324181199073792,0.7470511198043823,0.12653082609176636,0.0031234342604875565,5.2789124310947955e-05,3to4
3290,3291,OADMET-0001818,4.05,train,4to5,1,0.001402548630721867,0.021349018439650536,0.9046899080276489,0.07246575504541397,9.269851580029353e-05,4to5
3291,3292,OADMET-0001817,3.77,train,3to4,4,0.057395417243242264,0.23794648051261902,0.644170343875885,0.05906647816300392,0.0014213428366929293,4to5
3292,3293,OADMET-0001816,3.99,train,3to4,4,0.08844529837369919,0.20050375163555145,0.6976101398468018,0.012301954440772533,0.0011388888815417886,4to5
3293,3294,OADMET-0001815,2.81,train,lt3,4,0.004286317154765129,0.7647500038146973,0.22738537192344666,0.003574609523639083,3.710511464305455e-06,3to4
3294,3295,OADMET-0001814,3.36,train,3to4,4,0.1708783358335495,0.7887526154518127,0.04029049724340439,7.776460552122444e-05,7.82444885771838e-07,3to4
3295,3296,OADMET-0001813,4.07,train,4to5,4,0.45890870690345764,0.4901532232761383,0.05053490772843361,0.00038106407737359405,2.21348582272185e-05,3to4
3296,3297,OADMET-0001812,3.33,train,3to4,0,0.19932806491851807,0.576258659362793,0.21616707742214203,0.007704521529376507,0.0005417510983534157,3to4
3297,3298,OADMET-0001811,1.7,train,lt3,0,0.8877199292182922,0.1119471862912178,0.00032804766669869423,1.9498820620356128e-06,2.835603709172574e-06,lt3
3298,3299,OADMET-0001810,4.7,train,4to5,0,0.0003054547414649278,0.02542993053793907,0.7925172448158264,0.17551791667938232,0.006229467689990997,4to5
3299,3300,OADMET-0001809,4.33,train,4to5,1,0.00022885999351274222,0.01720529980957508,0.7208573222160339,0.2601626515388489,0.001545857172459364,4to5
3300,3301,OADMET-0001808,4.16,train,4to5,0,0.014822057448327541,0.304362416267395,0.6222713589668274,0.05666615068912506,0.0018781103426590562,4to5
3301,3302,OADMET-0001807,4.63,train,4to5,0,0.2649419903755188,0.5548464059829712,0.16932742297649384,0.009790086187422276,0.001094103674404323,3to4
3302,3303,OADMET-0001806,1.68,train,lt3,0,0.5799928307533264,0.4178791344165802,0.0020815273746848106,3.383806688361801e-05,1.2656305443670135e-05,lt3
3303,3304,OADMET-0001805,4.64,train,4to5,0,0.0005695442087017,0.008238603360950947,0.8996635675430298,0.09084568172693253,0.0006825971649959683,4to5
3304,3305,OADMET-0001804,4.22,train,4to5,2,0.16295412182807922,0.4251655638217926,0.40933501720428467,0.002465787110850215,7.94936713646166e-05,3to4
3305,3306,OADMET-0001803,4.17,train,4to5,0,0.0016223047859966755,0.1006971001625061,0.7706499099731445,0.12606196105480194,0.0009687445126473904,4to5
3306,3307,OADMET-0001802,3.5,train,3to4,0,0.2229485809803009,0.46411266922950745,0.2947080433368683,0.017129257321357727,0.0011014629853889346,3to4
3307,3308,OADMET-0001801,1.75,train,lt3,0,0.754494845867157,0.24369825422763824,0.0017616942059248686,2.841079367499333e-05,1.6793523172964342e-05,lt3
3308,3309,OADMET-0001800,4.53,train,4to5,4,0.0014996230602264404,0.372397780418396,0.6118389368057251,0.014236894436180592,2.679597855603788e-05,4to5
3309,3310,OADMET-0001799,5.22,train,5to6,2,1.2762658116116654e-05,0.010566409677267075,0.2851087749004364,0.6993464231491089,0.004965674597769976,5to6
3310,3311,OADMET-0001798,5.25,train,5to6,0,0.04742971435189247,0.08529497683048248,0.8384242057800293,0.027851594612002373,0.0009994963183999062,4to5
3311,3312,OADMET-0001797,3.59,train,3to4,0,0.33446991443634033,0.650275707244873,0.014864439144730568,0.0003261188103351742,6.38106357655488e-05,3to4
3312,3313,OADMET-0001796,4.1,train,4to5,4,0.052171990275382996,0.5694240927696228,0.37318241596221924,0.0047766524367034435,0.00044488400453701615,3to4
3313,3314,OADMET-0001795,3.81,train,3to4,0,0.2779391407966614,0.6115047335624695,0.10616330802440643,0.004141852259635925,0.00025087976246140897,3to4
3314,3315,OADMET-0001794,5.37,train,5to6,0,0.001959486398845911,0.08474653959274292,0.7471164464950562,0.1636972874403,0.0024801974650472403,4to5
3315,3316,OADMET-0001793,5.21,train,5to6,0,0.0003885706828441471,0.015975449234247208,0.8213151097297668,0.15881593525409698,0.0035048804711550474,4to5
3316,3317,OADMET-0001792,2.25,train,lt3,4,0.4251917898654938,0.49659058451652527,0.0686844065785408,0.008727004751563072,0.0008062447886914015,3to4
3317,3318,OADMET-0001791,1.91,train,lt3,4,0.8343874216079712,0.16496935486793518,0.0006388863548636436,3.823257884505438e-06,5.077410492049239e-07,lt3
3318,3319,OADMET-0001790,2.57,train,lt3,4,0.24140001833438873,0.3617675006389618,0.37806564569473267,0.018202032893896103,0.000564803252927959,4to5
3319,3320,OADMET-0001789,1.73,train,lt3,4,0.1831161081790924,0.7683428525924683,0.047400861978530884,0.0011016634525731206,3.8545567804249004e-05,3to4
3320,3321,OADMET-0001788,4.67,train,4to5,4,0.03291646018624306,0.28677788376808167,0.6555083394050598,0.02454492263495922,0.00025233454653061926,4to5
3321,3322,OADMET-0001787,3.96,train,3to4,4,0.04111822322010994,0.4837641716003418,0.4670751392841339,0.007933917455375195,0.00010853274579858407,3to4
3322,3323,OADMET-0001786,4.06,train,4to5,2,0.4670206308364868,0.3949756324291229,0.13207249343395233,0.005717247724533081,0.0002139554126188159,lt3
3323,3324,OADMET-0001785,4.09,train,4to5,4,0.5963336825370789,0.27793022990226746,0.12420502305030823,0.0014665385242551565,6.46250628051348e-05,lt3
3324,3325,OADMET-0001784,3.37,train,3to4,4,0.037490151822566986,0.8599004745483398,0.10107553750276566,0.0015211516292765737,1.2684256944339722e-05,3to4
3325,3326,OADMET-0001783,3.99,train,3to4,4,0.020683178678154945,0.8382319808006287,0.14062698185443878,0.00045677192974835634,1.1282944569757092e-06,3to4
3326,3327,OADMET-0001782,2.35,train,lt3,4,0.7369135022163391,0.26288697123527527,0.00019907063688151538,4.342377053490054e-07,7.529286705221239e-08,lt3
3327,3328,OADMET-0001781,2.37,train,lt3,4,0.009288412518799305,0.7967350482940674,0.1919572502374649,0.0020124816801398993,6.836201919213636e-06,3to4
3328,3329,OADMET-0001780,2.98,train,lt3,4,0.6568843722343445,0.31376785039901733,0.028937166556715965,0.0003933919360861182,1.7202346498379484e-05,lt3
3329,3330,OADMET-0001779,3.76,train,3to4,3,0.061573050916194916,0.6469727754592896,0.2892729938030243,0.002135609742254019,4.556355997920036e-05,3to4
3330,3331,OADMET-0001778,2.28,train,lt3,4,0.6254235506057739,0.37307441234588623,0.0014980097766965628,3.885971182171488e-06,2.1523796078781743e-07,lt3
3331,3332,OADMET-0001777,4.13,train,4to5,0,0.03633401170372963,0.7288866639137268,0.22683584690093994,0.007574719842523336,0.00036868895404040813,3to4
3332,3333,OADMET-0001776,3.98,train,3to4,0,0.0026345103979110718,0.05669380724430084,0.7619447708129883,0.17205822467803955,0.006668706424534321,4to5
3333,3334,OADMET-0001775,3.43,train,3to4,4,0.002800979185849428,0.1943448781967163,0.7407138347625732,0.06193133071064949,0.00020895151828881353,4to5
3334,3335,OADMET-0001774,4.45,train,4to5,0,0.42097675800323486,0.5287895202636719,0.04831942915916443,0.0016514534363523126,0.00026294446433894336,3to4
3335,3336,OADMET-0001773,5.81,train,5to6,4,3.225872205803171e-06,0.0004970444715581834,0.7161202430725098,0.2832101881504059,0.00016931717982515693,4to5
3336,3337,OADMET-0001772,2.82,train,lt3,4,0.04657316207885742,0.7623105645179749,0.18956975638866425,0.0015224242815747857,2.411922105238773e-05,3to4
3337,3338,OADMET-0001771,3.87,train,3to4,0,0.7057841420173645,0.28858327865600586,0.005582273937761784,4.244899537297897e-05,7.871289199101739e-06,lt3
3338,3339,OADMET-0001770,1.94,train,lt3,4,0.5236669778823853,0.3640395700931549,0.10931077599525452,0.00276812887750566,0.00021465038298629224,lt3
3339,3340,OADMET-0001769,3.52,train,3to4,0,0.6940991878509521,0.29289647936820984,0.012893499806523323,9.862343722488731e-05,1.2156397133367136e-05,lt3
3340,3341,OADMET-0001768,4.19,train,4to5,0,0.16092681884765625,0.5562679171562195,0.25827354192733765,0.02324363775551319,0.001288053230382502,3to4
3341,3342,OADMET-0001767,5.25,train,5to6,4,0.014992608688771725,0.0974571630358696,0.5553967952728271,0.3267238140106201,0.005429691635072231,4to5
3342,3343,OADMET-0001766,4.28,train,4to5,2,0.4578973352909088,0.5204942226409912,0.020112529397010803,0.0013758152490481734,0.00012013802188448608,3to4
3343,3344,OADMET-0001765,3.9,train,3to4,4,0.03878670930862427,0.900675892829895,0.06020814925432205,0.00032107619335874915,8.158213859132957e-06,3to4
3344,3345,OADMET-0001764,3.76,train,3to4,0,0.25482600927352905,0.4122607707977295,0.2539355456829071,0.07615017890930176,0.0028275095392018557,3to4
3345,3346,OADMET-0001763,1.88,train,lt3,4,0.1648246794939041,0.8303754329681396,0.004737458657473326,5.8495559642324224e-05,3.98808288082364e-06,3to4
3346,3347,OADMET-0001762,4.26,train,4to5,2,0.16674183309078217,0.3815157413482666,0.4323665499687195,0.019205855205655098,0.00017003310495056212,4to5
3347,3348,OADMET-0001761,4.1,train,4to5,0,0.15228040516376495,0.747599720954895,0.09853115677833557,0.0014117233222350478,0.0001770055096130818,3to4
3348,3349,OADMET-0001760,3.47,train,3to4,4,0.03779243677854538,0.739336371421814,0.21785876154899597,0.0049842228181660175,2.8201844543218613e-05,3to4
3349,3350,OADMET-0001759,3.4,train,3to4,0,0.6397150754928589,0.3398035168647766,0.020423375070095062,5.092107312520966e-05,7.187609298853204e-06,lt3
3350,3351,OADMET-0001758,1.71,train,lt3,0,0.892623245716095,0.10569064319133759,0.0015224681701511145,9.584232611814514e-05,6.782828131690621e-05,lt3
3351,3352,OADMET-0001757,3.25,train,3to4,0,0.12298697978258133,0.8196807503700256,0.05550520494580269,0.0016759345307946205,0.00015108849038369954,3to4
3352,3353,OADMET-0001756,2.94,train,lt3,4,0.6131779551506042,0.3718610405921936,0.014757880941033363,0.00017303420463576913,3.0129318474791944e-05,lt3
3353,3354,OADMET-0001755,6.37,train,gte6,2,6.031910743331537e-06,0.00010141419625142589,0.01940952055156231,0.9286609292030334,0.05182213708758354,5to6
3354,3355,OADMET-0001754,3.04,train,3to4,0,0.1364009976387024,0.7558706998825073,0.10489092022180557,0.0025856902357190847,0.0002516708627808839,3to4
3355,3356,OADMET-0001753,4.63,train,4to5,2,0.26593926548957825,0.5011186003684998,0.2269475907087326,0.005758556537330151,0.0002359667414566502,3to4
3356,3357,OADMET-0001752,3.33,train,3to4,0,0.18836550414562225,0.63653165102005,0.17320583760738373,0.00184956518933177,4.740642543765716e-05,3to4
3357,3358,OADMET-0001751,4.62,train,4to5,4,0.000845948001369834,0.0864245817065239,0.8139706254005432,0.09850562363862991,0.00025318245752714574,4to5
3358,3359,OADMET-0001750,3.27,train,3to4,4,0.03793476149439812,0.30681923031806946,0.6232230067253113,0.03133156895637512,0.0006914405385032296,4to5
3359,3360,OADMET-0001749,1.65,train,lt3,4,0.44162341952323914,0.5579297542572021,0.00044668547343462706,1.6205336805796833e-07,1.0497338998050054e-08,3to4
3360,3361,OADMET-0001748,4.89,train,4to5,0,0.00100702082272619,0.029734039679169655,0.4826725721359253,0.45864561200141907,0.027940794825553894,4to5
3361,3362,OADMET-0001747,3.91,train,3to4,0,0.5577164888381958,0.39666685461997986,0.04269612953066826,0.0020810707937926054,0.000839468149933964,lt3
3362,3363,OADMET-0001746,2.6,train,lt3,2,0.8672792315483093,0.1317530870437622,0.00096599489916116,1.1825992487501935e-06,4.298705675864767e-07,lt3
3363,3364,OADMET-0001745,3.87,train,3to4,0,0.07977917790412903,0.646100640296936,0.26479658484458923,0.008853883482515812,0.00046964618377387524,3to4
3364,3365,OADMET-0001744,2.14,train,lt3,2,0.7949855327606201,0.20186375081539154,0.003134279977530241,1.4202961210685316e-05,2.3300697193917586e-06,lt3
3365,3366,OADMET-0001743,4.11,train,4to5,4,0.19622044265270233,0.7560575604438782,0.047169122844934464,0.0005491643096320331,3.826263309747446e-06,3to4
3366,3367,OADMET-0001742,2.94,train,lt3,4,0.01411647628992796,0.9750917553901672,0.010712305083870888,7.820389873813838e-05,1.2474454251787392e-06,3to4
3367,3368,OADMET-0001741,2.45,train,lt3,4,0.42115330696105957,0.571708619594574,0.006946527864784002,0.0001619725808268413,2.962431426567491e-05,3to4
3368,3369,OADMET-0001740,2.82,train,lt3,4,0.23365645110607147,0.5558590292930603,0.20805849134922028,0.0023547799792140722,7.128759170882404e-05,3to4
3369,3370,OADMET-0001739,3.59,train,3to4,4,0.22033651173114777,0.7354947328567505,0.04259546473622322,0.0015525146154686809,2.079623118333984e-05,3to4
3370,3371,OADMET-0001738,5.09,train,5to6,4,0.0003224856045562774,0.017641503363847733,0.8102554678916931,0.17126627266407013,0.0005142515292391181,4to5
3371,3372,OADMET-0001737,3.99,train,3to4,2,0.30807608366012573,0.514773428440094,0.164688378572464,0.012357949279248714,0.0001042469302774407,3to4
3372,3373,OADMET-0001736,3.05,train,3to4,0,0.3126094937324524,0.6381959319114685,0.048243239521980286,0.0008444153354503214,0.00010700730490498245,3to4
3373,3374,OADMET-0001735,4.27,train,4to5,4,0.0010853204876184464,0.09911467880010605,0.8512108325958252,0.04853000119328499,5.922070340602659e-05,4to5
3374,3375,OADMET-0001734,4.53,train,4to5,0,0.02927909605205059,0.11357033997774124,0.8178509473800659,0.03888987749814987,0.0004097368218936026,4to5
3375,3376,OADMET-0001733,3.44,train,3to4,0,0.6729942560195923,0.23052258789539337,0.09121236205101013,0.004689907655119896,0.0005809647846035659,lt3
3376,3377,OADMET-0001732,4.38,train,4to5,2,0.05574173107743263,0.4404156506061554,0.4807898700237274,0.022684572264552116,0.0003681756788864732,4to5
3377,3378,OADMET-0001731,2.75,train,lt3,4,0.061696089804172516,0.9378553628921509,0.00044676123070530593,1.6249114196398295e-06,2.587103153928183e-07,3to4
3378,3379,OADMET-0001730,3.26,train,3to4,4,0.17916586995124817,0.6033869385719299,0.21393418312072754,0.003367799334228039,0.0001452481810702011,3to4
3379,3380,OADMET-0001729,3.67,train,3to4,0,0.6868547797203064,0.29737797379493713,0.015263757668435574,0.00039329854189418256,0.00011021597310900688,lt3
3380,3381,OADMET-0001727,2.54,train,lt3,4,0.8270645141601562,0.1728459894657135,8.933467324823141e-05,1.6551086901017698e-07,9.097985476103077e-09,lt3
3381,3382,OADMET-0001726,3.35,train,3to4,4,0.8188628554344177,0.15448309481143951,0.022480271756649017,0.003316702786833048,0.0008570972131565213,lt3
3382,3383,OADMET-0001725,2.55,train,lt3,4,0.23985819518566132,0.7218390107154846,0.03818679228425026,0.00011433012696215883,1.7248358972210553e-06,3to4
3383,3384,OADMET-0001724,4.6,train,4to5,4,0.00041090179001912475,0.010873639956116676,0.8201004266738892,0.16780510544776917,0.0008099899278022349,4to5
3384,3385,OADMET-0001723,4.07,train,4to5,4,0.00643738592043519,0.7199691534042358,0.18714523315429688,0.08560824394226074,0.0008400222286581993,3to4
3385,3386,OADMET-0001722,3.87,train,3to4,0,0.09646058827638626,0.3288033902645111,0.4844689965248108,0.08645649254322052,0.0038105729036033154,4to5
3386,3387,OADMET-0001721,3.91,train,3to4,4,0.6357642412185669,0.32341626286506653,0.04006689414381981,0.0007120957598090172,4.0555249142926186e-05,lt3
3387,3388,OADMET-0001720,3.44,train,3to4,2,0.658473789691925,0.31420454382896423,0.027011370286345482,0.0002867367002181709,2.3508064259658568e-05,lt3
3388,3389,OADMET-0001719,1.67,train,lt3,2,0.8341838121414185,0.16579896211624146,1.7162261428893544e-05,3.089376221510065e-08,1.7200347812718064e-08,lt3
3389,3390,OADMET-0001718,4.08,train,4to5,2,0.14364688098430634,0.8215057253837585,0.03420206904411316,0.000642621424049139,2.811343392750132e-06,3to4
3390,3391,OADMET-0001717,3.36,train,3to4,0,0.976033627986908,0.02387411706149578,9.129355748882517e-05,2.580758859949128e-07,7.3126489041897e-07,lt3
3391,3392,OADMET-0001716,4.04,train,4to5,4,0.0008478728705085814,0.06604163348674774,0.8232083916664124,0.10950217396020889,0.0003998751926701516,4to5
3392,3393,OADMET-0001715,3.41,train,3to4,0,0.2678072452545166,0.6248534917831421,0.10223228484392166,0.0041844709776341915,0.0009224959649145603,3to4
3393,3394,OADMET-0001714,1.72,train,lt3,0,0.1660919189453125,0.3939988315105438,0.29892444610595703,0.1354411542415619,0.0055437348783016205,3to4
3394,3395,OADMET-0001713,3.49,train,3to4,0,0.3022232949733734,0.6465110182762146,0.050835754722356796,0.0003568893298506737,7.303529127966613e-05,3to4
3395,3396,OADMET-0001712,2.66,train,lt3,4,0.39887067675590515,0.5981725454330444,0.0029503528494387865,6.268078777793562e-06,2.0173605719264742e-07,3to4
3396,3397,OADMET-0001711,1.62,train,lt3,4,0.13089537620544434,0.8343608975410461,0.03392103686928749,0.0008068387396633625,1.58228722284548e-05,3to4
3397,3398,OADMET-0001710,4.45,train,4to5,0,0.3375107944011688,0.6381091475486755,0.02395562455058098,0.00038212331128306687,4.233432264300063e-05,3to4
3398,3399,OADMET-0001709,4.56,train,4to5,4,0.0012041315203532577,0.005145357921719551,0.8234390020370483,0.16742967069149017,0.002781802089884877,4to5
3399,3400,OADMET-0001708,2.43,train,lt3,4,0.9220245480537415,0.06638491153717041,0.01101644616574049,0.00044642717693932354,0.00012768218584824353,lt3
3400,3401,OADMET-0001707,2.81,train,lt3,2,0.9473196268081665,0.05247467756271362,0.00020544206199701875,1.8576582760942983e-07,8.678615870394424e-08,lt3
3401,3402,OADMET-0001695,4.44,train,4to5,4,0.01593240164220333,0.15497519075870514,0.8046582937240601,0.024295302107930183,0.00013871594273950905,4to5
3402,3403,OADMET-0001694,3.67,train,3to4,3,0.07437580823898315,0.2944009602069855,0.6163744330406189,0.014669476076960564,0.00017935318464878947,4to5
3403,3404,OADMET-0001693,4.52,train,4to5,1,0.06883633136749268,0.42924490571022034,0.4226674735546112,0.07810232043266296,0.001148968585766852,3to4
3404,3405,OADMET-0001692,1.89,train,lt3,1,0.9917770624160767,0.008159897290170193,6.111891707405448e-05,1.9001306554855546e-06,3.4084088440522464e-08,lt3
3405,3406,OADMET-0001691,3.47,train,3to4,3,0.5784560441970825,0.420719176530838,0.0008061319240368903,1.1168043783982284e-05,7.481690317945322e-06,lt3
3406,3407,OADMET-0001690,3.91,train,3to4,3,0.4682636559009552,0.40615981817245483,0.1067502498626709,0.01846879906952381,0.00035747664514929056,lt3
3407,3408,OADMET-0001689,3.28,train,3to4,3,0.027078697457909584,0.5140256285667419,0.42902958393096924,0.029376782476902008,0.0004892987781204283,3to4
3408,3409,OADMET-0001688,3.48,train,3to4,1,0.16427908837795258,0.5267773270606995,0.2922191619873047,0.01644035242497921,0.0002840544329956174,3to4
3409,3410,OADMET-0001687,4.18,train,4to5,3,0.3778824210166931,0.327524334192276,0.29247987270355225,0.0020212847739458084,9.206274262396619e-05,lt3
3410,3411,OADMET-0001686,4.5,train,4to5,3,0.3899551331996918,0.5792218446731567,0.03010917827486992,0.0006704246625304222,4.34350295108743e-05,3to4
3411,3412,OADMET-0001685,2.27,train,lt3,3,0.6297168731689453,0.19932027161121368,0.1343250870704651,0.03551873564720154,0.001119060441851616,lt3
3412,3413,OADMET-0001684,3.91,train,3to4,1,0.0019802236929535866,0.12478569895029068,0.7179614901542664,0.15496303141117096,0.00030961891752667725,4to5
3413,3414,OADMET-0001683,4.58,train,4to5,1,0.015423411503434181,0.1063687726855278,0.6262823343276978,0.2436203509569168,0.008305078372359276,4to5
3414,3415,OADMET-0001682,4.63,train,4to5,3,0.7019982933998108,0.2878088057041168,0.009953709319233894,0.0001297269482165575,0.00010948802810162306,lt3
3415,3416,OADMET-0001681,4.09,train,4to5,0,0.05378473550081253,0.06643792241811752,0.664300799369812,0.2099144458770752,0.005562124773859978,4to5
3416,3417,OADMET-0001680,4.31,train,4to5,3,0.0013356104027479887,0.019010469317436218,0.9038089513778687,0.07563947886228561,0.00020546115410979837,4to5
3417,3418,OADMET-0001679,5.43,train,5to6,2,0.002640291815623641,0.06096227839589119,0.5985289216041565,0.33652958273887634,0.0013389703817665577,4to5
3418,3419,OADMET-0001678,2.37,train,lt3,3,0.8476014137268066,0.14458605647087097,0.006983014754951,0.0007542875246144831,7.523969543399289e-05,lt3
3419,3420,OADMET-0001677,2.97,train,lt3,0,0.8143139481544495,0.16681253910064697,0.01877412758767605,9.609851986169815e-05,3.274940809205873e-06,lt3
3420,3421,OADMET-0001676,3.94,train,3to4,3,0.00843175407499075,0.23095840215682983,0.7281115055084229,0.03226373344659805,0.00023465939739253372,4to5
3421,3422,OADMET-0001675,3.46,train,3to4,1,0.354509174823761,0.3496212661266327,0.2612130343914032,0.033817749470472336,0.0008387130801565945,lt3
3422,3423,OADMET-0001674,3.81,train,3to4,4,0.008550425060093403,0.9156171679496765,0.07393597066402435,0.0018898637499660254,6.577176463906653e-06,3to4
3423,3424,OADMET-0001673,2.73,train,lt3,2,0.6833996176719666,0.30042174458503723,0.015549445524811745,0.0005394375184550881,8.973733201855794e-05,lt3
3424,3425,OADMET-0001672,3.35,train,3to4,4,0.05485441908240318,0.9215615391731262,0.023519065231084824,6.353200296871364e-05,1.5254668142006267e-06,3to4
3425,3426,OADMET-0001671,3.66,train,3to4,4,0.14338566362857819,0.8547648787498474,0.0018290959997102618,1.919046371767763e-05,1.1980024510194198e-06,3to4
3426,3427,OADMET-0001670,4.5,train,4to5,2,0.0030228630639612675,0.12296006083488464,0.7897836565971375,0.08369939774274826,0.000534073100425303,4to5
3427,3428,OADMET-0001669,3.72,train,3to4,4,0.0017413630848750472,0.18957963585853577,0.7923867702484131,0.016161412000656128,0.00013091274013277143,4to5
3428,3429,OADMET-0001668,3.49,train,3to4,0,0.001223557977937162,0.10404077172279358,0.8693901896476746,0.025253675878047943,9.187898103846237e-05,4to5
3429,3430,OADMET-0001667,4.56,train,4to5,0,0.19042468070983887,0.14439895749092102,0.6403606534004211,0.023760991171002388,0.0010547530837357044,4to5
3430,3431,OADMET-0001666,1.76,train,lt3,4,0.5743350386619568,0.42077183723449707,0.004865911789238453,2.636244062159676e-05,8.85934070993244e-07,lt3
3431,3432,OADMET-0001665,2.36,train,lt3,2,0.9552404284477234,0.04475608095526695,3.406824362173211e-06,1.0591341137455856e-09,3.9805730933650807e-10,lt3
3432,3433,OADMET-0001664,3.43,train,3to4,4,0.030959533527493477,0.4327148199081421,0.530632734298706,0.005651656538248062,4.125310078961775e-05,4to5
3433,3434,OADMET-0001663,1.89,train,lt3,4,0.2065657526254654,0.6634546518325806,0.12819382548332214,0.001746154623106122,3.9530561480205506e-05,3to4
3434,3435,OADMET-0001662,3.14,train,3to4,4,0.307870090007782,0.6584659814834595,0.033540841192007065,0.00012132705160183832,1.7546517483424395e-06,3to4
3435,3436,OADMET-0001661,4.26,train,4to5,0,0.030179059132933617,0.18420875072479248,0.738775908946991,0.04543139785528183,0.0014049261808395386,4to5
3436,3437,OADMET-0001660,3.33,train,3to4,0,0.13831166923046112,0.6823968291282654,0.17396123707294464,0.005033569410443306,0.00029679626459255815,3to4
3437,3438,OADMET-0001659,1.7,train,lt3,0,0.508417010307312,0.48981425166130066,0.0017395803006365895,2.275512451888062e-05,6.3264542404795066e-06,lt3
3438,3439,OADMET-0001658,2.2,train,lt3,0,0.8712940216064453,0.1286470890045166,5.456199505715631e-05,1.6799482409624034e-06,2.6419065761729144e-06,lt3
3439,3440,OADMET-0001657,1.66,train,lt3,4,0.70730060338974,0.2855320870876312,0.006949877832084894,0.0001608572347322479,5.659564340021461e-05,lt3
3440,3441,OADMET-0001656,2.5,train,lt3,4,0.6853010654449463,0.3097279667854309,0.004903785418719053,5.470327960210852e-05,1.2462441191019025e-05,lt3
3441,3442,OADMET-0001655,4.11,train,4to5,2,0.014649290591478348,0.3162083923816681,0.6202932596206665,0.04858572408556938,0.0002633242111187428,4to5
3442,3443,OADMET-0001654,3.66,train,3to4,0,0.3610536754131317,0.4668475389480591,0.1715802252292633,0.0004974025068804622,2.1153469788259827e-05,3to4
3443,3444,OADMET-0001653,1.88,train,lt3,0,0.004416635725647211,0.3652454912662506,0.6027897000312805,0.027125926688313484,0.00042223426862619817,4to5
3444,3445,OADMET-0001652,3.09,train,3to4,4,0.0004289773933123797,0.09144452959299088,0.8760578632354736,0.032006166875362396,6.252434832276776e-05,4to5
3445,3446,OADMET-0001651,4.37,train,4to5,4,0.0011561329010874033,0.011805850081145763,0.42157143354415894,0.5649136900901794,0.0005529249901883304,5to6
3446,3447,OADMET-0001650,2.86,train,lt3,4,0.1824161559343338,0.661664605140686,0.1527949422597885,0.003046951722353697,7.740002911305055e-05,3to4
3447,3448,OADMET-0001649,3.95,train,3to4,0,0.16121606528759003,0.45584389567375183,0.37306708097457886,0.00935690850019455,0.0005159453139640391,3to4
3448,3449,OADMET-0001648,2.64,train,lt3,4,0.1714286208152771,0.7698614001274109,0.056624505668878555,0.0020559290423989296,2.9577855457318947e-05,3to4
3449,3450,OADMET-0001647,3.33,train,3to4,4,0.1892993450164795,0.7498487830162048,0.05964701622724533,0.0011752825230360031,2.9543596610892564e-05,3to4
3450,3451,OADMET-0001646,4.22,train,4to5,4,0.0002452898188494146,0.012291643768548965,0.83954256772995,0.14749540388584137,0.0004251201171427965,4to5
3451,3452,OADMET-0001645,4.45,train,4to5,4,0.07436907291412354,0.28624477982521057,0.6324781179428101,0.006790862884372473,0.0001171631010947749,4to5
3452,3453,OADMET-0001644,2.51,train,lt3,4,0.6032149791717529,0.39455166459083557,0.002206000266596675,2.537200452934485e-05,1.9471904124657158e-06,lt3
3453,3454,OADMET-0001643,4.1,train,4to5,0,0.011881508864462376,0.11624516546726227,0.8211711049079895,0.050480134785175323,0.00022211088798940182,4to5
3454,3455,OADMET-0001642,4.24,train,4to5,4,0.03901534155011177,0.5879515409469604,0.3662610650062561,0.00639815628528595,0.0003738763916771859,3to4
3455,3456,OADMET-0001641,3.27,train,3to4,0,0.3391035795211792,0.3962748944759369,0.2616986334323883,0.0028298634570091963,9.310581663157791e-05,3to4
3456,3457,OADMET-0001640,2.23,train,lt3,4,0.001998721854761243,0.43099257349967957,0.5525818467140198,0.014382937923073769,4.3825268221553415e-05,4to5
3457,3458,OADMET-0001639,2.58,train,lt3,0,0.01034282986074686,0.025916537269949913,0.39482349157333374,0.4121864140033722,0.15673065185546875,5to6
3458,3459,OADMET-0001638,2.28,train,lt3,4,0.3654807507991791,0.6141056418418884,0.020153513178229332,0.00025522609939798713,4.831230398849584e-06,3to4
3459,3460,OADMET-0001637,3.62,train,3to4,2,0.24672026932239532,0.5278904438018799,0.22298289835453033,0.002363872714340687,4.2548046621959656e-05,3to4
3460,3461,OADMET-0001636,3.15,train,3to4,4,0.6125057935714722,0.37808242440223694,0.009285246022045612,0.00011743696086341515,9.105812750931364e-06,lt3
3461,3462,OADMET-0001635,3.63,train,3to4,4,0.4808354675769806,0.4234922230243683,0.09388859570026398,0.001693550730124116,9.020360448630527e-05,lt3
3462,3463,OADMET-0001634,4.83,train,4to5,4,0.8509624600410461,0.1440969854593277,0.004822589457035065,0.00010632150952005759,1.1650764463411178e-05,lt3
3463,3464,OADMET-0001633,4.18,train,4to5,4,0.00011415236804168671,0.010451951064169407,0.7663119435310364,0.22117485105991364,0.0019470775732770562,4to5
3464,3465,OADMET-0001632,2.45,train,lt3,4,0.076071597635746,0.9132923483848572,0.010368142277002335,0.0002570968063082546,1.0748643035185523e-05,3to4
3465,3466,OADMET-0001631,4.35,train,4to5,0,0.018841451033949852,0.10221191495656967,0.8077308535575867,0.06975752860307693,0.0014582431176677346,4to5
3466,3467,OADMET-0001630,5.82,train,5to6,4,6.566358206328005e-05,0.00045303115621209145,0.037130728363990784,0.9319380521774292,0.030412552878260612,5to6
3467,3468,OADMET-0001629,3.27,train,3to4,4,0.7553523182868958,0.19598056375980377,0.047890063375234604,0.0007078348426148295,6.923283217474818e-05,lt3
3468,3469,OADMET-0001628,3.48,train,3to4,4,0.24397626519203186,0.5408361554145813,0.2054581344127655,0.009400990791618824,0.00032839301275089383,3to4
3469,3470,OADMET-0001627,4.67,train,4to5,4,0.00098512158729136,0.051597002893686295,0.523748517036438,0.42217156291007996,0.0014977852115407586,4to5
3470,3471,OADMET-0001626,2.86,train,lt3,2,0.8215714693069458,0.1783662587404251,5.978609260637313e-05,2.349986743865884e-06,1.3507734308859654e-07,lt3
3471,3472,OADMET-0001625,2.97,train,lt3,4,0.3330456018447876,0.6360069513320923,0.030433407053351402,0.0005022084806114435,1.1886133506777696e-05,3to4
3472,3473,OADMET-0001624,4.33,train,4to5,3,0.0008853357867337763,0.15870840847492218,0.8002925515174866,0.03980023041367531,0.00031349348137155175,4to5
3473,3474,OADMET-0001623,4.87,train,4to5,4,0.004566021263599396,0.029357969760894775,0.4104786813259125,0.5529593825340271,0.0026379774790257215,5to6
3474,3475,OADMET-0001622,4.2,train,4to5,4,0.0023847664706408978,0.0303790345788002,0.7384791970252991,0.2234944999217987,0.005262508988380432,4to5
3475,3476,OADMET-0001621,4.65,train,4to5,4,0.0019301738357171416,0.018925080075860023,0.9435361623764038,0.035313140600919724,0.0002954876981675625,4to5
3476,3477,OADMET-0001620,3.85,train,3to4,0,0.023936506360769272,0.28800997138023376,0.6610182523727417,0.026700930669903755,0.000334390060743317,4to5
3477,3478,OADMET-0001619,5.05,train,5to6,4,1.4208632819645572e-05,0.004043986089527607,0.297345906496048,0.696734607219696,0.001861338154412806,5to6
3478,3479,OADMET-0001618,4.88,train,4to5,0,0.012215669266879559,0.05893906578421593,0.8322787880897522,0.08353527635335922,0.013031103648245335,4to5
3479,3480,OADMET-0001617,3.92,train,3to4,0,0.01974550448358059,0.15011358261108398,0.8186576962471008,0.011429600417613983,5.3537125495495275e-05,4to5
3480,3481,OADMET-0001616,4.34,train,4to5,0,0.02019733376801014,0.5101651549339294,0.4544169306755066,0.01501037459820509,0.0002102474245475605,3to4
3481,3482,OADMET-0001615,2.79,train,lt3,4,0.06360867619514465,0.9048102498054504,0.03145188093185425,0.00012764068378601223,1.5643336155335419e-06,3to4
3482,3483,OADMET-0001614,3.88,train,3to4,4,0.00013777492858935148,0.04370998218655586,0.8866090178489685,0.0692458525300026,0.0002973986847791821,4to5
3483,3484,OADMET-0001613,4.08,train,4to5,2,0.02244609221816063,0.29058215022087097,0.6723827123641968,0.014262271113693714,0.0003268262662459165,4to5
3484,3485,OADMET-0001612,3.53,train,3to4,4,0.025259846821427345,0.805006206035614,0.1593131124973297,0.010358721949160099,6.210539868334308e-05,3to4
3485,3486,OADMET-0001611,4.25,train,4to5,2,0.02043663151562214,0.8341730833053589,0.1406826376914978,0.004526578355580568,0.00018113187979906797,3to4
3486,3487,OADMET-0001610,5.01,train,5to6,2,0.004164119716733694,0.05275008827447891,0.5056743025779724,0.4352225363254547,0.0021889787167310715,4to5
3487,3488,OADMET-0001609,4.31,train,4to5,0,0.12069642543792725,0.3344992399215698,0.5383957028388977,0.006161450874060392,0.00024721011868678033,4to5
3488,3489,OADMET-0001608,3.98,train,3to4,0,0.07400819659233093,0.7192369103431702,0.2014945149421692,0.005063219461590052,0.00019711740605998784,3to4
3489,3490,OADMET-0001607,2.28,train,lt3,4,0.8080868124961853,0.18627838790416718,0.005565585568547249,6.377549289027229e-05,5.374469765229151e-06,lt3
3490,3491,OADMET-0001606,3.99,train,3to4,3,0.07227542251348495,0.8833982944488525,0.04430210217833519,2.1327043214114383e-05,2.8835008833993925e-06,3to4
3491,3492,OADMET-0001605,4.21,train,4to5,0,0.08755285292863846,0.22268101572990417,0.6556453704833984,0.03291497007012367,0.0012058231513947248,4to5
3492,3493,OADMET-0001604,2.68,train,lt3,0,0.17375682294368744,0.748969316482544,0.07476012408733368,0.002137326169759035,0.00037642812822014093,3to4
3493,3494,OADMET-0001602,1.77,train,lt3,4,0.6839244961738586,0.3156493008136749,0.0004253118531778455,8.531860657967627e-07,2.5721098140252252e-08,lt3
3494,3495,OADMET-0001601,3.52,train,3to4,2,0.08764800429344177,0.6353520750999451,0.25443336367607117,0.02185875177383423,0.0007078646449372172,3to4
3495,3496,OADMET-0001600,1.96,train,lt3,4,0.17289726436138153,0.8049136996269226,0.02153763920068741,0.0005813778843730688,6.998341268626973e-05,3to4
3496,3497,OADMET-0001599,4.29,train,4to5,0,0.14373645186424255,0.5886615514755249,0.24397973716259003,0.020586542785167694,0.0030356915667653084,3to4
3497,3498,OADMET-0001598,3.71,train,3to4,4,0.1840440332889557,0.7858546376228333,0.029859773814678192,0.00023384443193208426,7.692650797253009e-06,3to4
3498,3499,OADMET-0001597,4.5,train,4to5,4,0.020632034167647362,0.404792845249176,0.4575721025466919,0.10288688540458679,0.014116070233285427,4to5
3499,3500,OADMET-0001596,2.23,train,lt3,4,0.8198840022087097,0.17724739015102386,0.0028656444046646357,2.7637402126856614e-06,1.734404264652767e-07,lt3
3500,3501,OADMET-0001595,1.8,train,lt3,4,0.8176829218864441,0.18203052878379822,0.00028635369380936027,2.523218824990181e-07,1.009010208719019e-08,lt3
3501,3502,OADMET-0001594,1.7,train,lt3,4,0.28488484025001526,0.7078857421875,0.007209763862192631,1.867857645265758e-05,1.0010805908677867e-06,3to4
3502,3503,OADMET-0001593,4.84,train,4to5,4,0.008036955259740353,0.3773483633995056,0.5639894008636475,0.05048418417572975,0.00014115736121311784,4to5
3503,3504,OADMET-0001592,2.44,train,lt3,4,0.9499444365501404,0.04857859015464783,0.0014735471922904253,3.1387605758936843e-06,1.8170335636114032e-07,lt3
3504,3505,OADMET-0001591,3.5,train,3to4,2,0.21807877719402313,0.6424399614334106,0.13641251623630524,0.002979705575853586,8.906746370485052e-05,3to4
3505,3506,OADMET-0001590,2.88,train,lt3,4,0.6826984882354736,0.3172544240951538,4.641208943212405e-05,5.205204161029542e-07,1.3383557018187275e-07,lt3
3506,3507,OADMET-0001589,3.04,train,3to4,1,0.048812247812747955,0.8904542326927185,0.056087128818035126,0.004485239740461111,0.00016111190780065954,3to4
3507,3508,OADMET-0001588,4.34,train,4to5,0,0.00016348004282917827,0.0023384017404168844,0.7942779064178467,0.19483427703380585,0.008385926485061646,4to5
3508,3509,OADMET-0001587,5.09,train,5to6,4,0.00030014681397005916,0.017982935532927513,0.8312997817993164,0.15011724829673767,0.0002999120333697647,4to5
3509,3510,OADMET-0001586,2.57,train,lt3,4,0.6934689879417419,0.29922086000442505,0.007257645949721336,4.6215300244512036e-05,6.396945082087768e-06,lt3
3510,3511,OADMET-0001585,2.25,train,lt3,4,0.5699185729026794,0.4291585385799408,0.0009214981691911817,1.4495990399154834e-06,1.7698617682526674e-08,lt3
3511,3512,OADMET-0001584,5.28,train,5to6,4,0.00037882893229834735,0.014010980725288391,0.6140500903129578,0.36982616782188416,0.0017339522019028664,4to5
3512,3513,OADMET-0001583,5.28,train,5to6,2,0.012098947539925575,0.17446374893188477,0.6799962520599365,0.13045044243335724,0.0029905985575169325,4to5
3513,3514,OADMET-0001582,3.01,train,3to4,4,0.01519776787608862,0.08491291105747223,0.853699266910553,0.04609628766775131,9.375881199957803e-05,4to5
3514,3515,OADMET-0001581,5.01,train,5to6,4,0.00047131042811088264,0.018329642713069916,0.5953060388565063,0.3837582468986511,0.0021347778383642435,4to5
3515,3516,OADMET-0001580,5.26,train,5to6,0,0.0005806339904665947,0.014948339201509953,0.7747370600700378,0.20617449283599854,0.0035595051012933254,4to5
3516,3517,OADMET-0001579,2.77,train,lt3,4,0.4073372781276703,0.5825099349021912,0.010132675059139729,1.922641968121752e-05,8.849180517245259e-07,3to4
3517,3518,OADMET-0001578,3.58,train,3to4,4,0.006174599286168814,0.037967465817928314,0.8574603199958801,0.09713525325059891,0.0012623699149116874,4to5
3518,3519,OADMET-0001577,3.83,train,3to4,2,0.7477200627326965,0.2037971317768097,0.04802154004573822,0.00040546024683862925,5.5820193665567786e-05,lt3
3519,3520,OADMET-0001576,2.7,train,lt3,4,0.4843418002128601,0.3553352653980255,0.15957650542259216,0.0007227750029414892,2.3610808057128452e-05,lt3
3520,3521,OADMET-0001575,2.48,train,lt3,4,0.895670473575592,0.10423304885625839,9.527417569188401e-05,1.0944038422167068e-06,1.5282060417121102e-07,lt3
3521,3522,OADMET-0001574,4.01,train,4to5,0,0.0057523539289832115,0.09359096735715866,0.8270610570907593,0.0732414722442627,0.00035419981577433646,4to5
3522,3523,OADMET-0001573,2.61,train,lt3,0,0.4235604405403137,0.5649777054786682,0.01130735781043768,0.00013561887317337096,1.893187072710134e-05,3to4
3523,3524,OADMET-0001572,2.37,train,lt3,2,0.7637814879417419,0.23532284796237946,0.0008940514526329935,1.440611526959401e-06,1.1719972548007718e-07,lt3
3524,3525,OADMET-0001571,4.35,train,4to5,0,0.17652612924575806,0.5096886157989502,0.3095470666885376,0.004026462323963642,0.00021170989202801138,3to4
3525,3526,OADMET-0001570,4.63,train,4to5,2,0.012885862961411476,0.1334499716758728,0.8187161087989807,0.03376968950033188,0.0011784144444391131,4to5
3526,3527,OADMET-0001569,4.28,train,4to5,4,0.0051887985318899155,0.9150213599205017,0.07900802046060562,0.0007740158471278846,7.808516784280073e-06,3to4
3527,3528,OADMET-0001568,2.55,train,lt3,2,0.8888854384422302,0.11107015609741211,4.440238990355283e-05,2.784849684189794e-08,3.1463731620107183e-09,lt3
3528,3529,OADMET-0001567,1.85,train,lt3,4,0.9291208386421204,0.07023081928491592,0.0006456857081502676,2.5590388759155758e-06,7.859881634431076e-08,lt3
3529,3530,OADMET-0001566,4.66,train,4to5,0,0.028287427499890327,0.37249085307121277,0.5281851887702942,0.06892292201519012,0.0021135779097676277,4to5
3530,3531,OADMET-0001565,3.07,train,3to4,4,0.07966666668653488,0.29552751779556274,0.6154710054397583,0.00918699149042368,0.00014780722267460078,4to5
3531,3532,OADMET-0001564,2.92,train,lt3,4,0.6490656137466431,0.3380904197692871,0.01249723881483078,0.0003219092614017427,2.4817889425321482e-05,lt3
3532,3533,OADMET-0001563,3.97,train,3to4,1,0.059567518532276154,0.646263837814331,0.2609049379825592,0.03284888714551926,0.00041482370579615235,3to4
3533,3534,OADMET-0001562,4.52,train,4to5,4,0.010708031244575977,0.16391392052173615,0.8120923042297363,0.012984705157577991,0.00030110293300822377,4to5
3534,3535,OADMET-0001561,3.95,train,3to4,0,0.03885151445865631,0.4513157308101654,0.4760938882827759,0.03276338800787926,0.0009755557985045016,4to5
3535,3536,OADMET-0001558,3.69,train,3to4,0,0.5901340842247009,0.3357742428779602,0.07127602398395538,0.0025744130834937096,0.00024126113567035645,lt3
3536,3537,OADMET-0001557,4.81,train,4to5,4,0.0018875139066949487,0.1764451265335083,0.7697965502738953,0.0517975389957428,7.333151734201238e-05,4to5
3537,3538,OADMET-0001556,3.58,train,3to4,4,0.6177084445953369,0.3634476065635681,0.01849152334034443,0.0003352340718265623,1.7225929695996456e-05,lt3
3538,3539,OADMET-0001555,3.25,train,3to4,4,0.34389156103134155,0.6333461999893188,0.022589880973100662,0.0001643807627260685,8.012840226001572e-06,3to4
3539,3540,OADMET-0001554,2.02,train,lt3,0,0.4193365275859833,0.5725633502006531,0.00798415020108223,9.435219544684514e-05,2.158418283215724e-05,3to4
3540,3541,OADMET-0001553,2.96,train,lt3,4,0.530657947063446,0.45255836844444275,0.016658972948789597,0.00012020039866911247,4.523674761003349e-06,lt3
3541,3542,OADMET-0001552,4.64,train,4to5,2,0.003130729077383876,0.009008790366351604,0.3519648015499115,0.6029093861579895,0.03298624977469444,5to6
3542,3543,OADMET-0001551,4.07,train,4to5,1,0.16107487678527832,0.4446478486061096,0.37049856781959534,0.02345081977546215,0.0003278807271271944,3to4
3543,3544,OADMET-0001550,5.04,train,5to6,3,0.017314529046416283,0.09466493874788284,0.8769485950469971,0.010994480922818184,7.740652654320002e-05,4to5
3544,3545,OADMET-0001549,2.58,train,lt3,3,0.7413838505744934,0.1903049349784851,0.06369735300540924,0.004012007266283035,0.0006018771673552692,lt3
3545,3546,OADMET-0001548,4.7,train,4to5,2,0.00462513929232955,0.35532641410827637,0.5232204794883728,0.11652742326259613,0.0003005244070664048,4to5
3546,3547,OADMET-0001547,3.25,train,3to4,3,0.0641212910413742,0.25203603506088257,0.6784699559211731,0.005316967610269785,5.574908936978318e-05,4to5
3547,3548,OADMET-0001545,1.69,train,lt3,3,0.9642810821533203,0.035520270466804504,0.00019798897847067565,3.100990397797432e-07,3.839047906240012e-07,lt3
3548,3549,OADMET-0001544,2.68,train,lt3,4,0.7283617854118347,0.2623927891254425,0.008754096925258636,0.00045019248500466347,4.115961928619072e-05,lt3
3549,3550,OADMET-0001543,4.2,train,4to5,1,0.018877023831009865,0.16324776411056519,0.6833215951919556,0.13408789038658142,0.0004657708341255784,4to5
3550,3551,OADMET-0001542,1.68,train,lt3,2,0.8203674554824829,0.1787242889404297,0.0009076262358576059,6.64564765884279e-07,2.0637646258592213e-08,lt3
3551,3552,OADMET-0001540,3.37,train,3to4,3,0.9184489846229553,0.07415134459733963,0.007225680164992809,0.00013026755186729133,4.369379530544393e-05,lt3
3552,3553,OADMET-0001539,3.34,train,3to4,3,0.6544349789619446,0.09089842438697815,0.25326910614967346,0.0013628966407850385,3.461047890596092e-05,lt3
3553,3554,OADMET-0001538,4.12,train,4to5,3,0.3094369173049927,0.6020544767379761,0.08733198046684265,0.0003777740348596126,0.0007988709839992225,3to4
3554,3555,OADMET-0001537,3.49,train,3to4,1,0.010218626819550991,0.1025477722287178,0.634006679058075,0.2529604434967041,0.00026654795510694385,4to5
3555,3556,OADMET-0001536,4.82,train,4to5,1,0.0003512678958941251,0.005506872199475765,0.575833797454834,0.40428534150123596,0.01402278896421194,4to5
3556,3557,OADMET-0001535,4.87,train,4to5,0,0.006531978491693735,0.18108320236206055,0.4495522081851959,0.3469370901584625,0.01589551381766796,4to5
3557,3558,OADMET-0001533,5.2,train,5to6,1,0.04466252028942108,0.19860351085662842,0.7480800747871399,0.00855611078441143,9.782135020941496e-05,4to5
3558,3559,OADMET-0001532,4.67,train,4to5,3,0.015312186442315578,0.6170393824577332,0.3398272395133972,0.027008743956685066,0.0008124977466650307,3to4
3559,3560,OADMET-0001531,3.29,train,3to4,0,0.7353225350379944,0.23793762922286987,0.026403257623314857,0.00032792738056741655,8.59376996231731e-06,lt3
3560,3561,OADMET-0001530,3.87,train,3to4,3,0.24828848242759705,0.7469750046730042,0.004572321195155382,0.0001434407167835161,2.074561416520737e-05,3to4
3561,3562,OADMET-0001529,5.1,train,5to6,4,0.017292017117142677,0.6049689054489136,0.3635246455669403,0.01413033064454794,8.408778376178816e-05,3to4
3562,3563,OADMET-0001528,4.56,train,4to5,3,0.5145065188407898,0.17647746205329895,0.3053610324859619,0.003564245766028762,9.072398097487167e-05,lt3
3563,3564,OADMET-0001527,3.79,train,3to4,0,0.5481585264205933,0.11380830407142639,0.32816773653030396,0.009647304192185402,0.00021816238586325198,lt3
3564,3565,OADMET-0001526,3.53,train,3to4,3,0.0005010095774196088,0.010832536034286022,0.9170594215393066,0.07125820964574814,0.00034889185917563736,4to5
3565,3566,OADMET-0001525,4.91,train,4to5,3,0.00025644092238508165,0.12211886793375015,0.8182567358016968,0.05918922275304794,0.0001787676737876609,4to5
3566,3567,OADMET-0001524,3.01,train,3to4,1,0.1593640297651291,0.7723636031150818,0.06675488501787186,0.0015060509322211146,1.1474772691144608e-05,3to4
3567,3568,OADMET-0001522,4.53,train,4to5,0,0.015287570655345917,0.03695366531610489,0.6766133308410645,0.2609401345252991,0.010205303318798542,4to5
3568,3569,OADMET-0001520,4.55,train,4to5,4,0.011802386492490768,0.25511375069618225,0.6404251456260681,0.09152423590421677,0.0011345203965902328,4to5
3569,3570,OADMET-0001519,3.81,train,3to4,4,0.08597166836261749,0.22556796669960022,0.6268289089202881,0.061196424067020416,0.0004349618684500456,4to5
3570,3571,OADMET-0001518,3.66,train,3to4,3,0.9701736569404602,0.02979450859129429,3.095011561526917e-05,3.032951951809082e-07,5.904282716073794e-07,lt3
3571,3572,OADMET-0001517,3.1,train,3to4,1,0.03300881013274193,0.539126992225647,0.38934701681137085,0.037618156522512436,0.0008990287897177041,3to4
3572,3573,OADMET-0001516,4.79,train,4to5,0,0.002842084039002657,0.01921159029006958,0.8274616599082947,0.14924387633800507,0.0012408018810674548,4to5
3573,3574,OADMET-0001514,4.53,train,4to5,3,0.0006804668228141963,0.009500652551651001,0.7946697473526001,0.19098606705665588,0.004163031000643969,4to5
3574,3575,OADMET-0001513,4.98,train,4to5,3,0.0002733851142693311,0.008951283991336823,0.8848800659179688,0.10570894926786423,0.00018631531565915793,4to5
3575,3576,OADMET-0001512,1.82,train,lt3,1,0.2359154224395752,0.745979905128479,0.01736210286617279,0.0007304258178919554,1.2130262803111691e-05,3to4
3576,3577,OADMET-0001511,3.62,train,3to4,3,0.16590934991836548,0.8190631866455078,0.014917124062776566,0.00010329685028409585,7.052914497762686e-06,3to4
3577,3578,OADMET-0001510,1.67,train,lt3,1,0.8694860339164734,0.12972821295261383,0.0007607880979776382,2.3573162252432667e-05,1.4419407534660422e-06,lt3
3578,3579,OADMET-0001509,2.86,train,lt3,3,0.43501752614974976,0.40384456515312195,0.15880274772644043,0.0022994468454271555,3.574580478016287e-05,lt3
3579,3580,OADMET-0001508,4.58,train,4to5,3,0.0016163073014467955,0.02785562351346016,0.8939979672431946,0.07574111223220825,0.00078899587970227,4to5
3580,3581,OADMET-0001507,4.61,train,4to5,3,0.34577715396881104,0.43948864936828613,0.192128524184227,0.022060047835111618,0.0005456330836750567,3to4
3581,3582,OADMET-0001506,4.47,train,4to5,1,0.07995057106018066,0.5878306031227112,0.3176369071006775,0.014477071352303028,0.0001048067060764879,3to4
3582,3583,OADMET-0001505,3.86,train,3to4,3,0.03026135079562664,0.364871621131897,0.5996626615524292,0.005091768689453602,0.00011259801976848394,4to5
3583,3584,OADMET-0001504,5.16,train,5to6,3,0.00013690885680262,0.006250707898288965,0.9584689140319824,0.0348745733499527,0.00026894357870332897,4to5
3584,3585,OADMET-0001503,3.52,train,3to4,2,0.7591333389282227,0.2403160035610199,0.0005435688071884215,6.928112270543352e-06,1.766638177969071e-07,lt3
3585,3586,OADMET-0001502,4.57,train,4to5,3,0.006795122753828764,0.08787260949611664,0.8460201025009155,0.05886311084032059,0.00044911628356203437,4to5
3586,3587,OADMET-0001501,3.91,train,3to4,3,0.1783035844564438,0.5716956257820129,0.20799535512924194,0.03281759098172188,0.009187870658934116,3to4
3587,3588,OADMET-0001500,4.41,train,4to5,2,0.0008796156034804881,0.004353858530521393,0.4299565553665161,0.5630294680595398,0.0017805874813348055,5to6
3588,3589,OADMET-0001499,3.88,train,3to4,1,0.09854820370674133,0.23676399886608124,0.6525678038597107,0.012053417041897774,6.657063931925222e-05,4to5
3589,3590,OADMET-0001498,5.51,train,5to6,4,3.831134381471202e-05,0.001170431962236762,0.15429644286632538,0.8364409804344177,0.008053818717598915,5to6
3590,3591,OADMET-0001497,4.95,train,4to5,2,0.0010347997304052114,0.06776762008666992,0.7649964690208435,0.1660345494747162,0.00016659381799399853,4to5
3591,3592,OADMET-0001496,1.85,train,lt3,1,0.861902117729187,0.09693711996078491,0.030519291758537292,0.009328385815024376,0.0013131017331033945,lt3
3592,3593,OADMET-0001495,5.09,train,5to6,4,0.0006031992379575968,0.009757338091731071,0.8083750605583191,0.17968949675559998,0.0015749145532026887,4to5
3593,3594,OADMET-0001494,2.26,train,lt3,4,0.09122733771800995,0.8541160821914673,0.053842104971408844,0.000787925673648715,2.654885611264035e-05,3to4
3594,3595,OADMET-0001493,2.33,train,lt3,2,0.8047886490821838,0.19487395882606506,0.0003316506335977465,4.895841357210884e-06,8.665903692417487e-07,lt3
3595,3596,OADMET-0001492,4.19,train,4to5,4,7.084455864969641e-05,0.007520658895373344,0.845630943775177,0.14630141854286194,0.0004761464078910649,4to5
3596,3597,OADMET-0001491,5.18,train,5to6,1,0.00032203629962168634,0.0306959580630064,0.5193840861320496,0.448334276676178,0.0012636749306693673,4to5
3597,3598,OADMET-0001490,5.3,train,5to6,4,0.0007010700646787882,0.025545677170157433,0.8759031891822815,0.09779606014490128,5.404502371675335e-05,4to5
3598,3599,OADMET-0001489,4.09,train,4to5,2,0.004183620680123568,0.012042779475450516,0.6656162142753601,0.31679314374923706,0.0013642566045746207,4to5
3599,3600,OADMET-0001488,5.22,train,5to6,3,1.7475930746968515e-07,6.314110578387044e-06,0.17124620079994202,0.8272531032562256,0.001494241296313703,5to6
3600,3601,OADMET-0001487,3.76,train,3to4,4,9.391388289259339e-08,6.273190138017526e-06,0.032816361635923386,0.9371041655540466,0.030073076486587524,5to6
3601,3602,OADMET-0001486,5.08,train,5to6,3,0.001358094741590321,0.046339891850948334,0.8513939380645752,0.09935252368450165,0.0015555678401142359,4to5
3602,3603,OADMET-0001485,5.78,train,5to6,1,2.3377413526759483e-05,0.0031629607547074556,0.23796766996383667,0.7403369545936584,0.01850905269384384,5to6
3603,3604,OADMET-0001484,2.44,train,lt3,3,0.16753238439559937,0.3650190234184265,0.4657747447490692,0.001670517842285335,3.327714694023598e-06,4to5
3604,3605,OADMET-0001482,5.67,train,5to6,3,4.0696997416489467e-07,8.964854350779206e-05,0.042185571044683456,0.8994657397270203,0.05825868621468544,5to6
3605,3606,OADMET-0001481,4.41,train,4to5,4,2.678331293282099e-05,0.00435945950448513,0.6170637607574463,0.3736201226711273,0.004929892253130674,4to5
3606,3607,OADMET-0001480,4.83,train,4to5,2,0.00033431965857744217,0.0013447473756968975,0.19220341742038727,0.8036063313484192,0.002511207479983568,5to6
3607,3608,OADMET-0001479,4.61,train,4to5,0,0.010009209625422955,0.10782579332590103,0.46498188376426697,0.36969947814941406,0.0474836528301239,4to5
3608,3609,OADMET-0001478,5.04,train,5to6,4,0.0002811040903907269,0.014623426832258701,0.3801194131374359,0.5991008281707764,0.005875175818800926,5to6
3609,3610,OADMET-0001477,5.33,train,5to6,0,0.00011961319978581741,0.001043281052261591,0.250180184841156,0.7324379086494446,0.016219086945056915,5to6
3610,3611,OADMET-0001476,4.38,train,4to5,4,9.888887143461034e-05,0.0013566854177042842,0.4412178099155426,0.5544466376304626,0.0028799802530556917,5to6
3611,3612,OADMET-0001474,2.86,train,lt3,4,0.00036498747067525983,0.004163598176091909,0.23963701725006104,0.7367380261421204,0.01909642107784748,5to6
3612,3613,OADMET-0001473,2.52,train,lt3,4,0.1665940284729004,0.37416601181030273,0.4494239091873169,0.0097936000674963,2.249009230581578e-05,4to5
3613,3614,OADMET-0001472,3.57,train,3to4,4,0.001924764597788453,0.0644487515091896,0.8085737824440002,0.12471774965524673,0.0003348979807924479,4to5
3614,3615,OADMET-0001471,1.73,train,lt3,4,0.9277229309082031,0.0713922530412674,0.0008782586082816124,6.38946676190244e-06,1.2360378320863674e-07,lt3
3615,3616,OADMET-0001470,6.43,train,gte6,4,2.2027841168892337e-06,4.813873238163069e-05,0.043071355670690536,0.9475369453430176,0.009341331198811531,5to6
3616,3617,OADMET-0001469,4.34,train,4to5,3,0.09969303756952286,0.1483815461397171,0.7000495791435242,0.050712019205093384,0.001163829816505313,4to5
3617,3618,OADMET-0001468,4.01,train,4to5,4,0.00010952135198749602,0.002869777148589492,0.5568453073501587,0.4386243522167206,0.0015510739758610725,4to5
3618,3619,OADMET-0001467,3.87,train,3to4,4,0.009834407828748226,0.031242212280631065,0.887762188911438,0.0707993134856224,0.00036189009551890194,4to5
3619,3620,OADMET-0001466,3.16,train,3to4,4,0.014308391138911247,0.5676627159118652,0.39251360297203064,0.025334205478429794,0.00018116709543392062,3to4
3620,3621,OADMET-0001465,4.41,train,4to5,4,0.005015658680349588,0.0542018860578537,0.8792728781700134,0.061393074691295624,0.00011642663594102487,4to5
3621,3622,OADMET-0001464,4.45,train,4to5,3,0.19227081537246704,0.6537075042724609,0.14770162105560303,0.005778884049504995,0.0005411688471212983,3to4
3622,3623,OADMET-0001463,3.21,train,3to4,0,0.08806487917900085,0.6494006514549255,0.2456560879945755,0.016581669449806213,0.0002967613108921796,3to4
3623,3624,OADMET-0001462,5.16,train,5to6,0,0.0033234392758458853,0.03821570798754692,0.7825449109077454,0.17294079065322876,0.0029751951806247234,4to5
3624,3625,OADMET-0001461,5.18,train,5to6,0,0.0024701468646526337,0.09826470911502838,0.766660749912262,0.13114337623119354,0.0014610278885811567,4to5
3625,3626,OADMET-0001460,2.48,train,lt3,0,0.8319710493087769,0.09612689912319183,0.04552595317363739,0.022300150245428085,0.004075964447110891,lt3
3626,3627,OADMET-0001459,3.69,train,3to4,0,0.7774474024772644,0.14591318368911743,0.07379879057407379,0.002686778549104929,0.00015382289711851627,lt3
3627,3628,OADMET-0001458,3.0,train,lt3,0,0.7092426419258118,0.24515272676944733,0.04058786854147911,0.004659575875848532,0.00035723275505006313,lt3
3628,3629,OADMET-0001457,2.9,train,lt3,0,0.017182940617203712,0.04219380021095276,0.7346723079681396,0.2032644897699356,0.002686472376808524,4to5
3629,3630,OADMET-0001456,3.16,train,3to4,0,0.3775136172771454,0.33501192927360535,0.2820335924625397,0.005155083257704973,0.00028580144862644374,lt3
3630,3631,OADMET-0001454,2.3,train,lt3,3,0.8178934454917908,0.15475665032863617,0.025733796879649162,0.0011806549737229943,0.0004354705451987684,lt3
3631,3632,OADMET-0001453,5.52,train,5to6,1,2.896264959417749e-06,7.519210339523852e-05,0.013768159784376621,0.9638721346855164,0.022281697019934654,5to6
3632,3633,OADMET-0001452,5.06,train,5to6,1,0.0010190620087087154,0.00519559858366847,0.15147122740745544,0.8127008080482483,0.029613222926855087,5to6
3633,3634,OADMET-0001451,5.04,train,5to6,0,0.002637704601511359,0.014473361894488335,0.7787848114967346,0.18988311290740967,0.014221033081412315,4to5
3634,3635,OADMET-0001450,3.66,train,3to4,0,0.01592032052576542,0.08839625120162964,0.784587562084198,0.1101086363196373,0.0009872313821688294,4to5
3635,3636,OADMET-0001449,5.2,train,5to6,2,0.2421393096446991,0.39942023158073425,0.1828552484512329,0.1745912879705429,0.0009939126903191209,3to4
3636,3637,OADMET-0001448,4.54,train,4to5,0,0.018450405448675156,0.1285708248615265,0.6679484844207764,0.1824653595685959,0.0025649277959018946,4to5
3637,3638,OADMET-0001447,4.65,train,4to5,0,0.0005447049043141305,0.0051712654531002045,0.4699682593345642,0.5217170119285583,0.002598785562440753,5to6
3638,3639,OADMET-0001446,2.51,train,lt3,0,0.4050835967063904,0.2956390678882599,0.25192126631736755,0.045455992221832275,0.0019000574247911572,lt3
3639,3640,OADMET-0001445,4.36,train,4to5,2,0.003751116106286645,0.08614993095397949,0.7715001702308655,0.13847173750400543,0.00012709846487268806,4to5
3640,3641,OADMET-0001444,4.56,train,4to5,3,0.07115259766578674,0.5565595030784607,0.32908570766448975,0.03814312443137169,0.005059037823230028,3to4
3641,3642,OADMET-0001442,3.69,train,3to4,3,0.09615206718444824,0.4183037281036377,0.47944945096969604,0.005583923775702715,0.0005107590695843101,4to5
3642,3643,OADMET-0001441,5.05,train,5to6,0,7.410351099679247e-05,0.010514428839087486,0.8542156219482422,0.13492093980312347,0.00027493067318573594,4to5
3643,3644,OADMET-0001440,4.59,train,4to5,0,0.02500678040087223,0.25813576579093933,0.6535847187042236,0.06288143992424011,0.00039127591298893094,4to5
3644,3645,OADMET-0001439,5.33,train,5to6,0,0.0008200056036002934,0.013429686427116394,0.8499058485031128,0.13191883265972137,0.00392563734203577,4to5
3645,3646,OADMET-0001438,1.67,train,lt3,0,0.8997303247451782,0.09328363090753555,0.006901284214109182,5.233660704107024e-05,3.246651976951398e-05,lt3
3646,3647,OADMET-0001437,4.53,train,4to5,3,0.030140740796923637,0.1591825783252716,0.6776816844940186,0.13105623424053192,0.0019388038199394941,4to5
3647,3648,OADMET-0001436,5.35,train,5to6,3,5.6789893278619274e-05,0.0026232751552015543,0.7826825380325317,0.21422775089740753,0.0004095670592505485,4to5
3648,3649,OADMET-0001435,3.09,train,3to4,2,0.46282821893692017,0.05270051583647728,0.4119889438152313,0.06351105123758316,0.008971333503723145,lt3
3649,3650,OADMET-0001434,2.86,train,lt3,3,0.06931422650814056,0.7078646421432495,0.20584744215011597,0.016076596453785896,0.0008970735361799598,3to4
3650,3651,OADMET-0001433,2.36,train,lt3,2,0.767932116985321,0.22591325640678406,0.0060723572969436646,7.976233609952033e-05,2.5947879294108134e-06,lt3
3651,3652,OADMET-0001432,4.61,train,4to5,0,0.01217833161354065,0.08582662791013718,0.7378886342048645,0.16319505870342255,0.0009114223648793995,4to5
3652,3653,OADMET-0001431,3.64,train,3to4,4,0.03057657741010189,0.08639328926801682,0.8691554069519043,0.013807497918605804,6.729082815581933e-05,4to5
3653,3654,OADMET-0001430,4.92,train,4to5,0,0.0051210792735219,0.05772717669606209,0.726025402545929,0.2078447788953781,0.003281565848737955,4to5
3654,3655,OADMET-0001429,3.34,train,3to4,3,0.8293832540512085,0.16097578406333923,0.008314311504364014,0.0011113766813650727,0.00021518429275602102,lt3
3655,3656,OADMET-0001427,4.79,train,4to5,3,0.6572811603546143,0.29809314012527466,0.04386795684695244,0.000678383163176477,7.941104558994994e-05,lt3
3656,3657,OADMET-0001426,4.87,train,4to5,0,0.07285182178020477,0.19164496660232544,0.5921432971954346,0.13682517409324646,0.0065348208881914616,4to5
3657,3658,OADMET-0001425,5.15,train,5to6,3,0.008050353266298771,0.12798567116260529,0.6944472789764404,0.1681881695985794,0.00132858008146286,4to5
3658,3659,OADMET-0001424,4.98,train,4to5,2,0.004722090438008308,0.056475453078746796,0.8481491804122925,0.09046991169452667,0.00018338864902034402,4to5
3659,3660,OADMET-0001423,1.88,train,lt3,4,0.4300192594528198,0.281801700592041,0.2869952619075775,0.001177682657726109,6.065182333259145e-06,lt3
3660,3661,OADMET-0001422,4.77,train,4to5,0,0.03155183047056198,0.13638781011104584,0.7521392107009888,0.07619112730026245,0.003730054711923003,4to5
3661,3662,OADMET-0001420,5.19,train,5to6,3,0.11704609543085098,0.8052666187286377,0.07644841074943542,0.001083191717043519,0.0001556674687890336,3to4
3662,3663,OADMET-0001419,3.61,train,3to4,3,0.2877673804759979,0.34194430708885193,0.33430227637290955,0.03056626208126545,0.005419792607426643,3to4
3663,3664,OADMET-0001418,4.24,train,4to5,2,0.07613704353570938,0.2340143471956253,0.353334903717041,0.3209615647792816,0.015552147291600704,4to5
3664,3665,OADMET-0001417,3.38,train,3to4,3,0.5476876497268677,0.42151808738708496,0.027676843106746674,0.0028150498401373625,0.0003024313773494214,lt3
3665,3666,OADMET-0001416,4.71,train,4to5,0,0.03457820042967796,0.08798408508300781,0.5366041660308838,0.3187471926212311,0.022086355835199356,4to5
3666,3667,OADMET-0001415,3.83,train,3to4,3,0.05575527623295784,0.0540553480386734,0.8158580660820007,0.07357235997915268,0.0007589566521346569,4to5
3667,3668,OADMET-0001414,4.86,train,4to5,0,0.0025599468499422073,0.015624462626874447,0.8791057467460632,0.1023847907781601,0.0003250239824410528,4to5
3668,3669,OADMET-0001413,3.4,train,3to4,3,0.36981233954429626,0.2567880153656006,0.3561585247516632,0.015156268142163754,0.002084920182824135,lt3
3669,3670,OADMET-0001412,4.11,train,4to5,3,0.28690674901008606,0.26314234733581543,0.43225058913230896,0.01579168252646923,0.0019086708780378103,4to5
3670,3671,OADMET-0001410,4.8,train,4to5,4,0.001935135805979371,0.02669232338666916,0.795616626739502,0.17494022846221924,0.0008156675030477345,4to5
3671,3672,OADMET-0001409,4.1,train,4to5,1,4.29619503847789e-05,0.002291769487783313,0.3463591933250427,0.637981653213501,0.013324357569217682,5to6
3672,3673,OADMET-0001408,5.27,train,5to6,1,0.00012789532775059342,0.0014602707233279943,0.19144922494888306,0.8001753687858582,0.006787273567169905,5to6
3673,3674,OADMET-0001407,3.2,train,3to4,2,0.1458616703748703,0.15775682032108307,0.23184612393379211,0.46369704604148865,0.0008383286185562611,5to6
3674,3675,OADMET-0001406,5.86,train,5to6,4,3.6263392644286796e-07,1.6373595599361579e-06,0.013458706438541412,0.957057535648346,0.0294817928224802,5to6
3675,3676,OADMET-0001405,5.8,train,5to6,1,2.5885152354021557e-05,0.0003340700059197843,0.08707285672426224,0.8905064463615417,0.022060774266719818,5to6
3676,3677,OADMET-0001404,4.09,train,4to5,3,0.04596739634871483,0.830710768699646,0.12185827642679214,0.0014286579098552465,3.486707282718271e-05,3to4
3677,3678,OADMET-0001403,4.05,train,4to5,3,0.010540162213146687,0.11076287925243378,0.8487887978553772,0.02985757403075695,5.060799594502896e-05,4to5
3678,3679,OADMET-0001402,4.39,train,4to5,0,0.027422955259680748,0.07459433376789093,0.7918331027030945,0.10099142044782639,0.005158151034265757,4to5
3679,3680,OADMET-0001401,3.49,train,3to4,3,0.27799054980278015,0.21315467357635498,0.20295538008213043,0.12561485171318054,0.1802845448255539,lt3
3680,3681,OADMET-0001400,4.99,train,4to5,3,0.001262274687178433,0.07607658952474594,0.7498423457145691,0.17074012756347656,0.0020786775276064873,4to5
3681,3682,OADMET-0001399,5.01,train,5to6,3,2.5886748744596844e-07,2.8770122298737988e-05,0.13644210994243622,0.8614718317985535,0.0020569926127791405,5to6
3682,3683,OADMET-0001398,1.66,train,lt3,3,0.015882255509495735,0.05603841319680214,0.7949148416519165,0.1327863186597824,0.0003782191779464483,4to5
3683,3684,OADMET-0001397,4.38,train,4to5,3,0.9196372032165527,0.04345988482236862,0.027823185548186302,0.00754779065027833,0.0015318517107516527,lt3
3684,3685,OADMET-0001396,5.48,train,5to6,1,1.293600598728517e-05,0.0010758149437606335,0.18517495691776276,0.8118127584457397,0.0019235865911468863,5to6
3685,3686,OADMET-0001395,5.48,train,5to6,2,8.700642979420081e-07,7.555141201009974e-05,0.04976214841008186,0.946118175983429,0.004043278284370899,5to6
3686,3687,OADMET-0001394,4.74,train,4to5,2,0.0034802895970642567,0.03686758130788803,0.8625876307487488,0.09622561931610107,0.0008388473652303219,4to5
3687,3688,OADMET-0001393,3.04,train,3to4,3,0.0074990675784647465,0.0555226169526577,0.9084233045578003,0.028524095192551613,3.091052349191159e-05,4to5
3688,3689,OADMET-0001392,2.85,train,lt3,4,0.004930931609123945,0.03784969821572304,0.6521344184875488,0.3033418655395508,0.001743076485581696,4to5
3689,3690,OADMET-0001391,4.33,train,4to5,2,0.05808855593204498,0.260474294424057,0.6532188653945923,0.026997176930308342,0.0012211843859404325,4to5
3690,3691,OADMET-0001390,1.75,train,lt3,1,0.1512533277273178,0.5750705003738403,0.19569967687129974,0.07722429186105728,0.0007522833766415715,3to4
3691,3692,OADMET-0001388,6.14,train,gte6,0,0.0001364434283459559,0.002120421500876546,0.4649500250816345,0.5249983668327332,0.007794824428856373,5to6
3692,3693,OADMET-0001387,1.63,train,lt3,2,0.15092039108276367,0.3030564785003662,0.5282630920410156,0.017462866380810738,0.0002971614012494683,4to5
3693,3694,OADMET-0001385,4.75,train,4to5,2,0.0012260159710422158,0.024446658790111542,0.6636641621589661,0.31005316972732544,0.0006100811879150569,4to5
3694,3695,OADMET-0001384,1.71,train,lt3,3,0.8546215891838074,0.06647341698408127,0.04152538627386093,0.021526703611016273,0.01585291139781475,lt3
3695,3696,OADMET-0001383,3.93,train,3to4,0,0.0029371001292020082,0.02615674026310444,0.9049407839775085,0.06471201032400131,0.0012533945264294744,4to5
3696,3697,OADMET-0001382,4.76,train,4to5,1,0.0010075237369164824,0.06376886367797852,0.6213701367378235,0.31139060854911804,0.0024628182873129845,4to5
3697,3698,OADMET-0001381,4.44,train,4to5,3,0.9730052351951599,0.02697676047682762,1.7458602087572217e-05,7.949319780209407e-08,4.5797995085195e-07,lt3
3698,3699,OADMET-0001380,2.42,train,lt3,3,0.9918518662452698,0.008137691766023636,8.567449185648002e-06,2.886312699956761e-07,1.5590464954584604e-06,lt3
3699,3700,OADMET-0001379,4.88,train,4to5,3,0.7517350912094116,0.21289370954036713,0.03522792458534241,0.00011215943959541619,3.104345523752272e-05,lt3
3700,3701,OADMET-0001377,3.19,train,3to4,4,0.015475980006158352,0.31888678669929504,0.5998957753181458,0.0641600489616394,0.0015814111102372408,4to5
3701,3702,OADMET-0001376,3.92,train,3to4,4,0.06717260926961899,0.06463012099266052,0.7957772612571716,0.07189978659152985,0.000520228932145983,4to5
3702,3703,OADMET-0001375,3.39,train,3to4,0,0.3273685574531555,0.5872432589530945,0.07932025194168091,0.005857216194272041,0.00021074416872579604,3to4
3703,3704,OADMET-0001374,5.25,train,5to6,2,3.83136939490214e-05,0.0011811454314738512,0.044864628463983536,0.9447258114814758,0.009190058335661888,5to6
3704,3705,OADMET-0001373,4.38,train,4to5,2,0.01611146330833435,0.06071068346500397,0.6072736382484436,0.29828375577926636,0.017620490863919258,4to5
3705,3706,OADMET-0001372,3.41,train,3to4,3,0.04587488994002342,0.14663371443748474,0.7455856204032898,0.061558764427900314,0.0003469981311354786,4to5
3706,3707,OADMET-0001371,5.14,train,5to6,2,2.158032111765351e-05,0.00031652499455958605,0.08463089913129807,0.9103296995162964,0.0047013042494654655,5to6
3707,3708,OADMET-0001370,5.26,train,5to6,2,4.943613475916209e-06,5.540786514757201e-05,0.017376987263560295,0.9725525379180908,0.010010131634771824,5to6
3708,3709,OADMET-0001369,4.26,train,4to5,2,0.0047937664203345776,0.08627759665250778,0.6825793385505676,0.22611527144908905,0.00023407106345985085,4to5
3709,3710,OADMET-0001368,5.6,train,5to6,3,1.2661404070968274e-05,0.0013970073778182268,0.7039989829063416,0.2944825291633606,0.00010889718396356329,4to5
3710,3711,OADMET-0001367,5.43,train,5to6,4,2.5694029659462103e-07,3.418353298911825e-05,0.046116504818201065,0.9499131441116333,0.003935914020985365,5to6
3711,3712,OADMET-0001366,5.2,train,5to6,3,0.00014747837849427015,0.0009412193321622908,0.22118441760540009,0.6917362809181213,0.08599060028791428,5to6
3712,3713,OADMET-0001365,4.8,train,4to5,3,0.0012486899504438043,0.0070488411001861095,0.5449904799461365,0.44423648715019226,0.002475503832101822,4to5
3713,3714,OADMET-0001364,5.09,train,5to6,3,1.7430807929486036e-05,0.006810312625020742,0.738054633140564,0.2547605633735657,0.0003570825210772455,4to5
3714,3715,OADMET-0001363,3.57,train,3to4,3,0.7296403646469116,0.242031067609787,0.028049439191818237,0.0002461992553435266,3.286564242444001e-05,lt3
3715,3716,OADMET-0001362,3.53,train,3to4,3,0.7656158804893494,0.17461338639259338,0.057928893715143204,0.0015289874281734228,0.0003127985692117363,lt3
3716,3717,OADMET-0001361,3.55,train,3to4,3,0.742136538028717,0.2577093839645386,0.00014793175796512514,3.4199699712189613e-06,2.776144583549467e-06,lt3
3717,3718,OADMET-0001360,3.02,train,3to4,3,0.49277541041374207,0.5030412077903748,0.0020928920712321997,0.0018389446195214987,0.00025161521625705063,3to4
3718,3719,OADMET-0001359,4.38,train,4to5,1,0.00024926348123699427,0.0101670166477561,0.6784436106681824,0.30885782837867737,0.0022822879254817963,4to5
3719,3720,OADMET-0001358,3.43,train,3to4,4,0.0007814263226464391,0.011119508184492588,0.8099676966667175,0.1776634007692337,0.0004678682016674429,4to5
3720,3721,OADMET-0001357,3.38,train,3to4,1,0.03642415627837181,0.7652748227119446,0.19103504717350006,0.007202720269560814,6.313327321549878e-05,3to4
3721,3722,OADMET-0001356,3.94,train,3to4,1,0.2533167600631714,0.2927268445491791,0.3910854160785675,0.06058217212557793,0.0022888733074069023,4to5
3722,3723,OADMET-0001355,3.78,train,3to4,2,0.13246819376945496,0.6892898082733154,0.15302281081676483,0.0248064324259758,0.0004128302389290184,3to4
3723,3724,OADMET-0001354,3.62,train,3to4,0,0.3619810938835144,0.35059306025505066,0.27372682094573975,0.012722844257950783,0.0009762045810930431,lt3
3724,3725,OADMET-0001353,3.24,train,3to4,3,0.06348912417888641,0.42794591188430786,0.5018534660339355,0.006200083997100592,0.0005114010418765247,4to5
3725,3726,OADMET-0001352,2.61,train,lt3,4,0.030440716072916985,0.900387704372406,0.06553822010755539,0.0035742116160690784,5.91855205129832e-05,3to4
3726,3727,OADMET-0001351,4.55,train,4to5,1,0.04257146269083023,0.37482398748397827,0.5788719058036804,0.003723819274455309,8.903146408556495e-06,4to5
3727,3728,OADMET-0001350,3.7,train,3to4,0,0.08748714625835419,0.5601897239685059,0.25420305132865906,0.09430224448442459,0.0038178307004272938,3to4
3728,3729,OADMET-0001349,3.36,train,3to4,3,0.6540772318840027,0.3357413411140442,0.009711625054478645,0.00038144431891851127,8.828371210256591e-05,lt3
3729,3730,OADMET-0001347,4.64,train,4to5,0,0.0011734336148947477,0.13383866846561432,0.6561229825019836,0.20844009518623352,0.00042476135422475636,4to5
3730,3731,OADMET-0001346,4.38,train,4to5,3,0.0005648515070788562,0.013533364050090313,0.7552852630615234,0.22961348295211792,0.0010030280100181699,4to5
3731,3732,OADMET-0001345,3.28,train,3to4,2,0.8858429789543152,0.1079874262213707,0.006026865914463997,0.0001419372856616974,7.24203175650473e-07,lt3
3732,3733,OADMET-0001344,4.08,train,4to5,0,0.0015233404701575637,0.27168551087379456,0.5693920850753784,0.15597599744796753,0.0014230904635041952,4to5
3733,3734,OADMET-0001343,3.71,train,3to4,1,0.027568766847252846,0.24938800930976868,0.7133289575576782,0.009421497583389282,0.0002928219037130475,4to5
3734,3735,OADMET-0001342,1.81,train,lt3,0,0.140581876039505,0.738351583480835,0.07433225959539413,0.03907284885644913,0.007661447394639254,3to4
3735,3736,OADMET-0001341,3.44,train,3to4,4,0.007461606990545988,0.9851881861686707,0.007255296688526869,9.451196092413738e-05,3.764588427657145e-07,3to4
3736,3737,OADMET-0001340,3.16,train,3to4,1,0.41003960371017456,0.32315129041671753,0.22860628366470337,0.02636212669312954,0.011840642429888248,lt3
3737,3738,OADMET-0001339,2.05,train,lt3,3,0.9678186774253845,0.03217343986034393,7.1427384682465345e-06,6.236171401496904e-08,6.148515012682765e-07,lt3
3738,3739,OADMET-0001338,4.87,train,4to5,0,0.00310985604301095,0.24192531406879425,0.4995483160018921,0.24263402819633484,0.012782429344952106,4to5
3739,3740,OADMET-0001337,4.99,train,4to5,4,3.977112100983504e-06,0.00015278701903298497,0.07736361026763916,0.9191975593566895,0.003282050834968686,5to6
3740,3741,OADMET-0001336,4.96,train,4to5,3,0.012664115987718105,0.17905424535274506,0.5944958329200745,0.2017936408519745,0.011992174200713634,4to5
3741,3742,OADMET-0001335,4.74,train,4to5,0,6.00945386395324e-05,0.0008775109308771789,0.3871861398220062,0.610393226146698,0.0014830235159024596,5to6
3742,3743,OADMET-0001334,3.49,train,3to4,0,0.17707568407058716,0.6801329851150513,0.13365164399147034,0.008566764183342457,0.0005729115218855441,3to4
3743,3744,OADMET-0001333,3.73,train,3to4,4,0.001277256989851594,0.18295244872570038,0.8117543458938599,0.004015284590423107,6.623279205086874e-07,4to5
3744,3745,OADMET-0001332,4.69,train,4to5,2,0.011852719821035862,0.143617182970047,0.5402330756187439,0.29910609126091003,0.005190979689359665,4to5
3745,3746,OADMET-0001331,3.09,train,3to4,1,0.8027825951576233,0.19078576564788818,0.0063403998501598835,7.88364268373698e-05,1.2427828551153652e-05,lt3
3746,3747,OADMET-0001330,4.56,train,4to5,2,0.008251093327999115,0.00953020341694355,0.1707276999950409,0.8096609115600586,0.0018301258096471429,5to6
3747,3748,OADMET-0001329,3.05,train,3to4,3,0.9015921354293823,0.0984068289399147,8.566266842535697e-07,6.643463024147422e-08,1.1309160186101508e-07,lt3
3748,3749,OADMET-0001328,3.67,train,3to4,3,0.007890067994594574,0.9379218816757202,0.052197687327861786,0.0019466114463284612,4.374864147393964e-05,3to4
3749,3750,OADMET-0001327,1.91,train,lt3,3,0.9075462222099304,0.09245271235704422,1.0932625400528195e-06,2.623136596824338e-09,1.4521309488202405e-08,lt3
3750,3751,OADMET-0001326,4.8,train,4to5,0,4.334704135544598e-05,0.009010933339595795,0.8160424828529358,0.17387433350086212,0.0010289063211530447,4to5
3751,3752,OADMET-0001325,3.98,train,3to4,1,0.7985996007919312,0.1946529746055603,0.0063440194353461266,0.0003739608800970018,2.9517146685975604e-05,lt3
3752,3753,OADMET-0001324,3.39,train,3to4,0,0.02355102263391018,0.13663598895072937,0.8085740208625793,0.030684959143400192,0.000554019003175199,4to5
3753,3754,OADMET-0001323,3.58,train,3to4,0,0.299897164106369,0.4635779857635498,0.22695553302764893,0.00919792428612709,0.00037135518505237997,3to4
3754,3755,OADMET-0001322,2.55,train,lt3,0,0.269266813993454,0.7254953384399414,0.004819129593670368,0.0003375308006070554,8.116131357382983e-05,3to4
3755,3756,OADMET-0001321,2.59,train,lt3,2,0.05537300556898117,0.6741142868995667,0.2624765634536743,0.007729370146989822,0.0003067810321226716,3to4
3756,3757,OADMET-0001320,2.51,train,lt3,1,0.9916688799858093,0.008321457542479038,9.685559234640095e-06,1.4889236510384762e-08,1.9650487903533076e-09,lt3
3757,3758,OADMET-0001319,3.69,train,3to4,1,0.2561724781990051,0.4882652759552002,0.241450235247612,0.013575499877333641,0.0005365478573367,3to4
3758,3759,OADMET-0001318,4.66,train,4to5,0,0.0011378700146451592,0.008892230689525604,0.897855281829834,0.09129372984170914,0.0008208414656110108,4to5
3759,3760,OADMET-0001317,3.25,train,3to4,0,0.9154450297355652,0.07419261336326599,0.010353539139032364,6.579232831427362e-06,2.291220653205528e-06,lt3
3760,3761,OADMET-0001316,2.36,train,lt3,2,0.9763107299804688,0.02367858961224556,1.0499991731194314e-05,2.2165355062497838e-07,4.2069896011298624e-08,lt3
3761,3762,OADMET-0001315,4.46,train,4to5,0,0.04154575243592262,0.1881689578294754,0.7403585910797119,0.02940455451607704,0.0005221624160185456,4to5
3762,3763,OADMET-0001314,3.43,train,3to4,4,0.013993519358336926,0.14880850911140442,0.8264299631118774,0.010740240104496479,2.781679359031841e-05,4to5
3763,3764,OADMET-0001313,3.53,train,3to4,0,0.00337230134755373,0.9415094256401062,0.05030498653650284,0.004600586835294962,0.00021261395886540413,3to4
3764,3765,OADMET-0001312,3.53,train,3to4,2,0.00796879455447197,0.010243303142488003,0.6299090385437012,0.3510509431362152,0.0008279216126538813,4to5
3765,3766,OADMET-0001311,3.81,train,3to4,1,0.03377096727490425,0.35776621103286743,0.604112982749939,0.004290358163416386,5.950874401605688e-05,4to5
3766,3767,OADMET-0001308,3.23,train,3to4,0,0.285391628742218,0.7106952667236328,0.0038730495143681765,3.08612288790755e-05,9.184487680613529e-06,3to4
3767,3768,OADMET-0001307,3.03,train,3to4,2,0.8610789775848389,0.13620023429393768,0.002370026195421815,0.00010460611520102248,0.00024624215438961983,lt3
3768,3769,OADMET-0001306,3.56,train,3to4,3,0.0005248865345492959,0.14950880408287048,0.5426569581031799,0.28448694944381714,0.022822357714176178,4to5
3769,3770,OADMET-0001305,3.17,train,3to4,3,0.3916695713996887,0.5865063071250916,0.020575013011693954,0.0009633578592911363,0.0002858264488168061,3to4
3770,3771,OADMET-0001304,2.56,train,lt3,0,0.5725867748260498,0.424894779920578,0.0024812056217342615,3.091086546191946e-05,6.239645244932035e-06,lt3
3771,3772,OADMET-0001303,4.15,train,4to5,0,0.001701053697615862,0.08028177917003632,0.6513161659240723,0.2655372619628906,0.0011637720745056868,4to5
3772,3773,OADMET-0001302,3.94,train,3to4,3,0.02049606293439865,0.22148750722408295,0.680519700050354,0.07215996831655502,0.005336796399205923,4to5
3773,3774,OADMET-0001301,4.68,train,4to5,1,0.0002789458667393774,0.0032006611581891775,0.6381205916404724,0.35752442479133606,0.0008754119044169784,4to5
3774,3775,OADMET-0001300,3.18,train,3to4,4,0.08385799825191498,0.5537140965461731,0.35675689578056335,0.0056044417433440685,6.658034544670954e-05,3to4
3775,3776,OADMET-0001299,4.92,train,4to5,2,0.0003356793604325503,0.000593499862588942,0.02098666876554489,0.8209328651428223,0.1571512520313263,5to6
3776,3777,OADMET-0001297,2.6,train,lt3,1,0.9742180705070496,0.023846495896577835,0.0019321164581924677,3.1319830213760724e-06,1.5911361117559863e-07,lt3
3777,3778,OADMET-0001296,2.71,train,lt3,4,0.7515604496002197,0.2429831624031067,0.00480072433128953,0.0005388946156017482,0.00011675171117531136,lt3
3778,3779,OADMET-0001295,4.6,train,4to5,1,4.694954623118974e-05,0.004870675504207611,0.2938794195652008,0.6783113479614258,0.02289162203669548,5to6
3779,3780,OADMET-0001294,2.34,train,lt3,3,0.9805395603179932,0.01881120540201664,0.0006170147098600864,1.0589350495138206e-05,2.151902299374342e-05,lt3
3780,3781,OADMET-0001293,4.19,train,4to5,4,0.013906874693930149,0.0949833020567894,0.8112962245941162,0.07953715324401855,0.0002764765522442758,4to5
3781,3782,OADMET-0001292,3.68,train,3to4,3,0.041727691888809204,0.15891431272029877,0.7642067670822144,0.03430857136845589,0.000842696288600564,4to5
3782,3783,OADMET-0001290,3.41,train,3to4,4,0.47129401564598083,0.4921959638595581,0.036150556057691574,0.0003493826661724597,9.990377293433994e-06,3to4
3783,3784,OADMET-0001289,4.21,train,4to5,3,0.06062937527894974,0.29242566227912903,0.6357774138450623,0.011047874577343464,0.00011971545609412715,4to5
3784,3785,OADMET-0001288,2.76,train,lt3,3,0.9855547547340393,0.014441120438277721,3.9442870729544666e-06,1.9455429267623003e-08,1.6614065145859058e-07,lt3
3785,3786,OADMET-0001287,2.5,train,lt3,1,0.2581895887851715,0.7292693853378296,0.010712223127484322,0.0017673347610980272,6.153985304990783e-05,3to4
3786,3787,OADMET-0001286,2.39,train,lt3,4,0.8320282697677612,0.16400499641895294,0.003656696993857622,0.00022771702788304538,8.235426503233612e-05,lt3
3787,3788,OADMET-0001284,3.35,train,3to4,3,0.0028169204015284777,0.6640689373016357,0.3282591998577118,0.004840429872274399,1.4527890016324818e-05,3to4
3788,3789,OADMET-0001283,4.0,train,3to4,2,0.33467137813568115,0.6285687685012817,0.03403304144740105,0.002451848704367876,0.0002750045678112656,3to4
3789,3790,OADMET-0001282,2.37,train,lt3,2,0.883720874786377,0.11623299866914749,4.618169623427093e-05,3.5024438460595775e-08,3.1151599078071968e-09,lt3
3790,3791,OADMET-0001281,2.28,train,lt3,4,0.869728684425354,0.1302289068698883,4.201756019028835e-05,3.380055204615928e-07,4.999665748073312e-08,lt3
3791,3792,OADMET-0001280,3.14,train,3to4,0,0.7533174753189087,0.24603654444217682,0.0006442490848712623,1.1954974752370617e-06,5.342374720385124e-07,lt3
3792,3793,OADMET-0001279,4.83,train,4to5,3,0.11032448709011078,0.25466805696487427,0.5384474396705627,0.09357447922229767,0.00298551213927567,4to5
3793,3794,OADMET-0001278,2.56,train,lt3,0,0.9392257928848267,0.0606316477060318,0.00012460138532333076,7.635773727088235e-06,1.035644527291879e-05,lt3
3794,3795,OADMET-0001277,1.61,train,lt3,1,0.2468205839395523,0.5200355052947998,0.21760709583759308,0.014663993380963802,0.0008727861568331718,3to4
3795,3796,OADMET-0001276,4.6,train,4to5,0,0.007463876623660326,0.08084756880998611,0.8923316597938538,0.019214879721403122,0.0001420845655957237,4to5
3796,3797,OADMET-0001275,3.8,train,3to4,4,0.22414778172969818,0.6960276365280151,0.07711402326822281,0.002688487060368061,2.2150054064695723e-05,3to4
3797,3798,OADMET-0001274,3.68,train,3to4,2,0.3225850760936737,0.6768092513084412,0.0005931739578954875,1.1241641914239153e-05,1.2755291436405969e-06,3to4
3798,3799,OADMET-0001273,3.39,train,3to4,0,0.6705136895179749,0.3294512629508972,3.4696895454544574e-05,1.8577826210730564e-07,2.058618662204026e-07,lt3
3799,3800,OADMET-0001272,2.95,train,lt3,2,0.4460996091365814,0.28940072655677795,0.26244184374809265,0.0020394090097397566,1.8405540686217137e-05,lt3
3800,3801,OADMET-0001270,4.39,train,4to5,0,0.00836511142551899,0.37361565232276917,0.5579345226287842,0.058549992740154266,0.0015346813015639782,4to5
3801,3802,OADMET-0001268,2.43,train,lt3,3,0.6794573664665222,0.2946488559246063,0.025685416534543037,0.00010314978135284036,0.00010521624062675983,lt3
3802,3803,OADMET-0001267,3.29,train,3to4,0,0.06203583627939224,0.9335492849349976,0.004185617435723543,0.00016154251352418214,6.771943299099803e-05,3to4
3803,3804,OADMET-0001266,2.79,train,lt3,2,0.900347888469696,0.0995364636182785,0.00011549630289664492,7.631280851683186e-08,1.0823375085067255e-08,lt3
3804,3805,OADMET-0001264,2.91,train,lt3,3,0.2790563404560089,0.2361844927072525,0.44850945472717285,0.035367656499147415,0.0008819702197797596,4to5
3805,3806,OADMET-0001263,4.5,train,4to5,4,0.003844683291390538,0.06107482686638832,0.8636224269866943,0.07111654430627823,0.00034150248393416405,4to5
3806,3807,OADMET-0001262,3.18,train,3to4,3,0.7834637761116028,0.203960120677948,0.012381362728774548,0.0001916317269206047,3.09734991787991e-06,lt3
3807,3808,OADMET-0001261,3.15,train,3to4,2,0.39820751547813416,0.5702648162841797,0.03100096620619297,0.0005233840201981366,3.2831869702931726e-06,3to4
3808,3809,OADMET-0001260,3.37,train,3to4,4,0.07890409231185913,0.8931068778038025,0.027932576835155487,5.595468246610835e-05,4.521984919847455e-07,3to4
3809,3810,OADMET-0001259,2.88,train,lt3,3,0.6300510764122009,0.368939608335495,0.0008894566562958062,5.2026298362761736e-05,6.777760427212343e-05,lt3
3810,3811,OADMET-0001258,1.64,train,lt3,4,0.9925310015678406,0.0074224635027348995,4.543235991150141e-05,6.969793275857228e-07,4.1970045572270465e-07,lt3
3811,3812,OADMET-0001257,3.77,train,3to4,3,0.2864629030227661,0.6228064298629761,0.07776865363121033,0.009478652849793434,0.0034833040554076433,3to4
3812,3813,OADMET-0001256,3.21,train,3to4,0,0.600653886795044,0.3646089732646942,0.03440739959478378,0.0003088708035647869,2.0874094843748026e-05,lt3
3813,3814,OADMET-0001255,3.39,train,3to4,2,0.0016916048480197787,0.664940595626831,0.3103627562522888,0.02285807952284813,0.00014695775462314487,3to4
3814,3815,OADMET-0001254,5.05,train,5to6,4,1.7994856534642167e-05,0.0005101417191326618,0.08320345729589462,0.8597378134727478,0.05653058737516403,5to6
3815,3816,OADMET-0001253,4.36,train,4to5,1,0.008409373462200165,0.29211124777793884,0.6161359548568726,0.08293913304805756,0.0004042577347718179,4to5
3816,3817,OADMET-0001252,3.73,train,3to4,3,0.9870830774307251,0.01291069108992815,5.672479801432928e-06,3.3578649549781403e-07,2.3336659182859876e-07,lt3
3817,3818,OADMET-0001251,4.47,train,4to5,0,8.727344538783655e-05,0.005059731192886829,0.8833387494087219,0.10751999914646149,0.003994256258010864,4to5
3818,3819,OADMET-0001250,3.09,train,3to4,4,0.42104804515838623,0.5091819167137146,0.0660814568400383,0.003354318207129836,0.00033427707967348397,3to4
3819,3820,OADMET-0001248,3.28,train,3to4,4,0.6356549859046936,0.3591201901435852,0.004936584737151861,0.0002735172165557742,1.477459318266483e-05,lt3
3820,3821,OADMET-0001247,3.55,train,3to4,3,0.4342113733291626,0.559086799621582,0.006658611819148064,3.875817128573544e-05,4.45437035523355e-06,3to4
3821,3822,OADMET-0001246,2.77,train,lt3,4,0.8205333948135376,0.17837342619895935,0.001025765435770154,6.644988025072962e-05,9.984826192521723e-07,lt3
3822,3823,OADMET-0001245,2.84,train,lt3,3,0.128475621342659,0.4244956076145172,0.40559279918670654,0.038390617817640305,0.003045374294742942,3to4
3823,3824,OADMET-0001244,2.8,train,lt3,2,0.41644808650016785,0.5830463767051697,0.0004931923467665911,8.949170478445012e-06,3.483838099782588e-06,3to4
3824,3825,OADMET-0001243,3.03,train,3to4,2,0.132796972990036,0.8443734645843506,0.021306395530700684,0.001479617552831769,4.3492065742611885e-05,3to4
3825,3826,OADMET-0001242,2.62,train,lt3,4,0.41240301728248596,0.5865985155105591,0.0009900445584207773,6.050618139852304e-06,2.3714726467005676e-06,3to4
3826,3827,OADMET-0001241,1.66,train,lt3,4,0.04900609329342842,0.9485069513320923,0.0024842775892466307,2.6894547318079276e-06,2.1655907289641618e-08,3to4
3827,3828,OADMET-0001240,3.38,train,3to4,3,0.9342983365058899,0.06462360918521881,0.0009047548519447446,0.00010890496196225286,6.440644938265905e-05,lt3
3828,3829,OADMET-0001239,7.54855421686747,train,gte6,1,3.0503017114824615e-05,0.00962864700704813,0.37518003582954407,0.6150219440460205,0.0001388527889503166,5to6
3829,3830,OADMET-0001238,3.33,train,3to4,1,0.7616320252418518,0.17245995998382568,0.06410019844770432,0.0016613684128969908,0.0001464921806473285,lt3
3830,3831,OADMET-0001237,3.94,train,3to4,3,0.4158208668231964,0.5144321918487549,0.0631934106349945,0.0060597811825573444,0.000493773608468473,3to4
3831,3832,OADMET-0001236,2.57,train,lt3,0,0.3304140865802765,0.6247062087059021,0.04405853897333145,0.0007824507774785161,3.876144910464063e-05,3to4
3832,3833,OADMET-0001235,3.35,train,3to4,3,0.18199659883975983,0.6285672783851624,0.18529613316059113,0.003011282766237855,0.001128713134676218,3to4
3833,3834,OADMET-0001234,4.11,train,4to5,3,0.11949001252651215,0.8788940906524658,0.0014024922857061028,8.758908370509744e-05,0.0001257782569155097,3to4
3834,3835,OADMET-0001233,3.4,train,3to4,2,0.13820983469486237,0.8528315424919128,0.008653632365167141,0.00030398971284739673,1.055137886396551e-06,3to4
3835,3836,OADMET-0001232,3.35,train,3to4,3,0.9278922080993652,0.07208875566720963,9.307525033364072e-06,3.432569144479203e-07,9.303797924076207e-06,lt3
3836,3837,OADMET-0001231,3.95,train,3to4,3,0.005850560497492552,0.10677388310432434,0.8530980944633484,0.03387780115008354,0.000399725598981604,4to5
3837,3838,OADMET-0001230,4.19,train,4to5,1,0.1399419754743576,0.8144176006317139,0.045263491570949554,0.00036781615926884115,9.111014151130803e-06,3to4
3838,3839,OADMET-0001229,3.49,train,3to4,1,0.2809751629829407,0.7122334837913513,0.006693874020129442,9.400692215422168e-05,3.5036598546867026e-06,3to4
3839,3840,OADMET-0001228,2.71,train,lt3,0,0.2306106835603714,0.2515821158885956,0.5109208226203918,0.006832984276115894,5.3457242756849155e-05,4to5
3840,3841,OADMET-0001227,2.79,train,lt3,1,0.8010528683662415,0.19869451224803925,0.00024051657237578183,1.0545159966568463e-05,1.6029360949687543e-06,lt3
3841,3842,OADMET-0001226,3.19,train,3to4,0,0.6157769560813904,0.3568367660045624,0.0246414914727211,0.002130132168531418,0.0006146715022623539,lt3
3842,3843,OADMET-0001225,3.52,train,3to4,4,0.05509672686457634,0.9433917999267578,0.0014707266818732023,3.765864312299527e-05,2.9849375096091535e-06,3to4
3843,3844,OADMET-0001224,3.76,train,3to4,0,0.06768134981393814,0.7245559096336365,0.19206248223781586,0.015115579590201378,0.0005847340798936784,3to4
3844,3845,OADMET-0001223,2.9,train,lt3,4,0.3208872675895691,0.6773918271064758,0.0017012461321428418,1.889765917439945e-05,7.843588036848814e-07,3to4
3845,3846,OADMET-0001222,3.19,train,3to4,2,0.0023067558649927378,0.007268439047038555,0.5024647116661072,0.4817529618740082,0.0062071229331195354,4to5
3846,3847,OADMET-0001221,2.97,train,lt3,1,0.38079142570495605,0.3440629839897156,0.26920780539512634,0.00570035120472312,0.00023744427016936243,lt3
3847,3848,OADMET-0001220,3.16,train,3to4,1,0.6103357672691345,0.3685547113418579,0.020848259329795837,0.00024146083160303533,1.978775253519416e-05,lt3
3848,3849,OADMET-0001219,2.74,train,lt3,2,0.06114484369754791,0.7554647922515869,0.18297463655471802,0.0004144940176047385,1.2700636489171302e-06,3to4
3849,3850,OADMET-0001218,3.82,train,3to4,1,0.06846703588962555,0.17689856886863708,0.7324631810188293,0.02167425863444805,0.0004969769506715238,4to5
3850,3851,OADMET-0001217,4.01,train,4to5,0,0.3186767101287842,0.3179839253425598,0.3539603054523468,0.008965734392404556,0.00041331228567287326,4to5
3851,3852,OADMET-0001216,3.11,train,3to4,4,0.9642967581748962,0.035656362771987915,4.6689568989677355e-05,2.0668241518251307e-07,3.6582861184797366e-08,lt3
3852,3853,OADMET-0001215,2.24,train,lt3,3,0.5667940378189087,0.42106500267982483,0.011809737421572208,0.0001944402465596795,0.00013674730143975466,lt3
3853,3854,OADMET-0001214,4.57,train,4to5,0,0.023146899417042732,0.15991611778736115,0.7617631554603577,0.04873087629675865,0.006442992482334375,4to5
3854,3855,OADMET-0001213,4.36,train,4to5,4,0.012514687143266201,0.09638799726963043,0.8501676321029663,0.04073082655668259,0.0001988519506994635,4to5
3855,3856,OADMET-0001212,4.28,train,4to5,3,0.000731925421860069,0.0951186940073967,0.8837049007415771,0.020363032817840576,8.136242831824347e-05,4to5
3856,3857,OADMET-0001211,2.67,train,lt3,4,0.13121777772903442,0.5461944341659546,0.3013707995414734,0.020988401025533676,0.00022859549790155143,3to4
3857,3858,OADMET-0001210,3.23,train,3to4,2,0.03892648220062256,0.05259029567241669,0.7648404836654663,0.14277175068855286,0.0008708987152203918,4to5
3858,3859,OADMET-0001209,4.0,train,3to4,3,0.433477520942688,0.5426527261734009,0.023537524044513702,0.0002729921252466738,5.923065691604279e-05,3to4
3859,3860,OADMET-0001208,4.11,train,4to5,1,0.09612062573432922,0.23321858048439026,0.5550106167793274,0.11406678706407547,0.0015834023943170905,4to5
3860,3861,OADMET-0001207,2.75,train,lt3,0,0.7514543533325195,0.2457311749458313,0.002804920542985201,8.052848897932563e-06,1.3733601917920168e-06,lt3
3861,3862,OADMET-0001206,2.77,train,lt3,4,0.34068015217781067,0.26265227794647217,0.38949140906333923,0.006383422762155533,0.000792732578702271,4to5
3862,3863,OADMET-0001204,5.33,train,5to6,3,0.4350219666957855,0.5449291467666626,0.017208147794008255,0.0023123999126255512,0.0005283334176056087,3to4
3863,3864,OADMET-0001203,3.05,train,3to4,2,0.3570173978805542,0.49354952573776245,0.14449438452720642,0.004847679287195206,9.103512275032699e-05,3to4
3864,3865,OADMET-0001202,2.49,train,lt3,3,0.7828561067581177,0.21391993761062622,0.0029677925631403923,0.00019775444525294006,5.834015246364288e-05,lt3
3865,3866,OADMET-0001201,3.95,train,3to4,4,0.37838417291641235,0.19277584552764893,0.4245160222053528,0.004313428420573473,1.0575113265076652e-05,4to5
3866,3867,OADMET-0001200,4.17,train,4to5,2,0.08766940236091614,0.4676376283168793,0.340770959854126,0.10232279449701309,0.0015991785330697894,3to4
3867,3868,OADMET-0001199,2.53,train,lt3,0,0.968178927898407,0.0307779423892498,0.001036859001033008,5.572871032200055e-06,7.499242542508e-07,lt3
3868,3869,OADMET-0001198,2.79,train,lt3,3,0.9492923617362976,0.05069337412714958,1.4120495507086162e-05,7.086896403052378e-08,7.074405061757716e-08,lt3
3869,3870,OADMET-0001197,2.68,train,lt3,3,0.6586499810218811,0.3413025140762329,2.8703872885671444e-05,1.5691380212956574e-06,1.7280079191550612e-05,lt3
3870,3871,OADMET-0001196,4.98,train,4to5,0,1.619522117835004e-05,0.0014303962234407663,0.19344420731067657,0.7968148589134216,0.008294318802654743,5to6
3871,3872,OADMET-0001195,3.78,train,3to4,3,7.083370292093605e-05,0.15274512767791748,0.8221008777618408,0.025052420794963837,3.077428846154362e-05,4to5
3872,3873,OADMET-0001194,3.32,train,3to4,3,0.3010578453540802,0.5998718738555908,0.09864241629838943,0.00041262785089202225,1.5293629985535517e-05,3to4
3873,3874,OADMET-0001193,2.48,train,lt3,3,0.9630986452102661,0.0368819385766983,1.9267132302047685e-05,9.457200889073647e-08,8.55879349614952e-08,lt3
3874,3875,OADMET-0001192,3.06,train,3to4,0,0.7602052688598633,0.1563534289598465,0.08216974884271622,0.0010856239823624492,0.00018595930305309594,lt3
3875,3876,OADMET-0001191,3.66,train,3to4,3,0.8913021087646484,0.10416583716869354,0.004510220605880022,2.030024006671738e-05,1.573530312271032e-06,lt3
3876,3877,OADMET-0001190,3.48,train,3to4,3,0.3513766825199127,0.6240617036819458,0.02111419104039669,0.002371269976720214,0.0010761937592178583,3to4
3877,3878,OADMET-0001189,3.05,train,3to4,0,0.20648889243602753,0.7364870309829712,0.05695327743887901,6.824375304859132e-05,2.5356355308758793e-06,3to4
3878,3879,OADMET-0001188,3.19,train,3to4,0,0.9294548034667969,0.07012543082237244,0.00041081177187152207,4.437094958120724e-06,4.5882061385782436e-06,lt3
3879,3880,OADMET-0001187,4.19,train,4to5,2,0.009215787053108215,0.04794279485940933,0.7304126620292664,0.21166233718395233,0.0007663748692721128,4to5
3880,3881,OADMET-0001186,3.7,train,3to4,1,0.4586111009120941,0.4822182357311249,0.042690034955739975,0.01571507193148136,0.0007655025110580027,3to4
3881,3882,OADMET-0001185,5.54,train,5to6,4,0.0018486212939023972,0.0058844247832894325,0.30322563648223877,0.6820615530014038,0.006979794707149267,5to6
3882,3883,OADMET-0001184,3.34,train,3to4,3,0.04013691842556,0.8069137930870056,0.14622248709201813,0.006518471520394087,0.0002083360159303993,3to4
3883,3884,OADMET-0001183,3.85,train,3to4,0,0.0005601305165328085,0.0280750822275877,0.8845096230506897,0.08635981380939484,0.000495389977004379,4to5
3884,3885,OADMET-0001182,2.69,train,lt3,3,0.9262612462043762,0.07373563200235367,1.0411044968350325e-06,1.585350304367239e-07,1.953046876224107e-06,lt3
3885,3886,OADMET-0001181,4.56,train,4to5,1,0.028819896280765533,0.06238279491662979,0.7945716977119446,0.1125735491514206,0.001652114326134324,4to5
3886,3887,OADMET-0001180,4.77,train,4to5,0,0.0009220134234055877,0.010852889157831669,0.7745824456214905,0.2123933732509613,0.0012492890236899257,4to5
3887,3888,OADMET-0001179,2.66,train,lt3,3,0.6250132322311401,0.3743003010749817,0.0006809792248532176,4.677193828683812e-06,7.974858817760833e-07,lt3
3888,3889,OADMET-0001178,2.53,train,lt3,0,0.33712342381477356,0.6620572805404663,0.0007849395624361932,2.44782986555947e-05,9.900054465106223e-06,3to4
3889,3890,OADMET-0001177,4.84,train,4to5,4,0.0003494227130431682,0.0029045797418802977,0.4698074162006378,0.5259519815444946,0.0009865987813100219,5to6
3890,3891,OADMET-0001176,4.47,train,4to5,2,0.0016714022494852543,0.09096483141183853,0.7975282669067383,0.10891994833946228,0.0009154982981272042,4to5
3891,3892,OADMET-0001175,3.9,train,3to4,3,0.5454497933387756,0.44664186239242554,0.007894600741565228,1.2744447303703055e-05,1.0751501804406871e-06,lt3
3892,3893,OADMET-0001174,3.81,train,3to4,0,0.038790833204984665,0.33869296312332153,0.6004102826118469,0.021311985328793526,0.0007938974886201322,4to5
3893,3894,OADMET-0001173,3.3,train,3to4,1,0.8529343008995056,0.12569274008274078,0.020781390368938446,0.0005745149101130664,1.706331931927707e-05,lt3
3894,3895,OADMET-0001172,2.43,train,lt3,2,0.052791472524404526,0.9433863759040833,0.003785105887800455,3.6370849556988105e-05,6.156008680591185e-07,3to4
3895,3896,OADMET-0001171,3.55,train,3to4,0,0.045442551374435425,0.5380203127861023,0.3771584928035736,0.03857070952653885,0.0008079198887571692,3to4
3896,3897,OADMET-0001170,3.24,train,3to4,4,0.14920608699321747,0.7110415101051331,0.13658636808395386,0.003162460634484887,3.599664523790125e-06,3to4
3897,3898,OADMET-0001169,3.01,train,3to4,4,0.8460526466369629,0.15274640917778015,0.0011871977476403117,1.2514217814896256e-05,1.2622385838767514e-06,lt3
3898,3899,OADMET-0001168,4.55,train,4to5,1,0.16272468864917755,0.30959051847457886,0.4758165776729584,0.046524327248334885,0.005343911238014698,4to5
3899,3900,OADMET-0001167,2.28,train,lt3,0,0.7576892971992493,0.24214641749858856,0.00016005717043299228,2.5842916784313275e-06,1.7262210576518555e-06,lt3
3900,3901,OADMET-0001166,2.4,train,lt3,3,0.9840683341026306,0.01592198759317398,8.720436198927928e-06,2.7700590976564854e-07,6.669253025393118e-07,lt3
3901,3902,OADMET-0001165,2.49,train,lt3,2,0.6586122512817383,0.34089669585227966,0.00048452455666847527,5.387257715483429e-06,1.1866430895679514e-06,lt3
3902,3903,OADMET-0001164,2.51,train,lt3,3,0.17427542805671692,0.8207519054412842,0.003955957479774952,0.0006568247335962951,0.00035989959724247456,3to4
3903,3904,OADMET-0001163,3.93,train,3to4,4,0.0013712674845010042,0.0021908916532993317,0.23558180034160614,0.7465075254440308,0.014348526485264301,5to6
3904,3905,OADMET-0001162,3.5,train,3to4,1,0.24479922652244568,0.6840441226959229,0.07080680131912231,0.00034031190443784,9.578440767654683e-06,3to4
3905,3906,OADMET-0001161,3.62,train,3to4,3,0.21071358025074005,0.7572981715202332,0.03178016096353531,0.0001858794130384922,2.2181171516422182e-05,3to4
3906,3907,OADMET-0001160,3.31,train,3to4,4,0.6571407914161682,0.32444146275520325,0.01730673387646675,0.0010862834751605988,2.470376784913242e-05,lt3
3907,3908,OADMET-0001159,3.41,train,3to4,4,0.01283416710793972,0.9650548696517944,0.021940790116786957,0.0001699190615909174,2.3205087984479178e-07,3to4
3908,3909,OADMET-0001158,3.2,train,3to4,0,0.1264786273241043,0.8666349649429321,0.006853315979242325,3.079385351156816e-05,2.175445388274966e-06,3to4
3909,3910,OADMET-0001157,3.15,train,3to4,4,0.9702900648117065,0.0296170674264431,8.923254063120112e-05,3.2766683943918906e-06,3.380224882221228e-07,lt3
3910,3911,OADMET-0001156,4.16,train,4to5,3,0.008046996779739857,0.461465984582901,0.49497362971305847,0.03219790384173393,0.0033154792618006468,4to5
3911,3912,OADMET-0001155,1.72,train,lt3,4,0.37815022468566895,0.6147952079772949,0.006949343252927065,0.00010057032341137528,4.6459267650789116e-06,3to4
3912,3913,OADMET-0001154,2.74,train,lt3,0,0.7603237628936768,0.18473675847053528,0.048591505736112595,0.005120139103382826,0.0012278599897399545,lt3
3913,3914,OADMET-0001153,3.48,train,3to4,4,0.973704993724823,0.026171009987592697,0.00012313267507124692,7.265832664415939e-07,1.1204147654098051e-07,lt3
3914,3915,OADMET-0001152,3.86,train,3to4,0,0.14283257722854614,0.48703938722610474,0.3674198091030121,0.0025851938407868147,0.0001230650523211807,3to4
3915,3916,OADMET-0001151,2.87,train,lt3,3,0.41453981399536133,0.5181724429130554,0.05964226275682449,0.006461179815232754,0.0011842666426673532,3to4
3916,3917,OADMET-0001150,3.69,train,3to4,3,0.07910752296447754,0.8861884474754333,0.03337644785642624,0.0013005216605961323,2.7078711354988627e-05,3to4
3917,3918,OADMET-0001149,4.71,train,4to5,0,0.0016794523689895868,0.012063572183251381,0.7854080200195312,0.1882130652666092,0.012635922059416771,4to5
3918,3919,OADMET-0001148,2.59,train,lt3,4,0.8737994432449341,0.12618474662303925,1.5807192539796233e-05,1.057216625355295e-08,1.8974526394544e-09,lt3
3919,3920,OADMET-0001147,3.72,train,3to4,0,0.006331342738121748,0.10833735764026642,0.7991280555725098,0.0857425332069397,0.0004606718721333891,4to5
3920,3921,OADMET-0001146,4.13,train,4to5,3,0.025133952498435974,0.250676691532135,0.723072350025177,0.001095568179152906,2.1403673599706963e-05,4to5
3921,3922,OADMET-0001145,3.48,train,3to4,0,0.2714897394180298,0.3826429843902588,0.3422771096229553,0.0035385785158723593,5.160197179066017e-05,3to4
3922,3923,OADMET-0001144,3.74,train,3to4,3,0.01595836691558361,0.18792006373405457,0.7200648784637451,0.07402624189853668,0.002030509291216731,4to5
3923,3924,OADMET-0001143,3.04,train,3to4,4,0.2787514925003052,0.7075310945510864,0.013548824936151505,0.00016652425983920693,2.0827228581765667e-06,3to4
3924,3925,OADMET-0001142,4.24,train,4to5,3,0.0003505353815853596,0.08754756301641464,0.8872512578964233,0.024797232821583748,5.328736006049439e-05,4to5
3925,3926,OADMET-0001141,4.41,train,4to5,2,0.000791735015809536,0.001697840285487473,0.16760917007923126,0.8212987780570984,0.008602550253272057,5to6
3926,3927,OADMET-0001140,2.77,train,lt3,4,0.012273832224309444,0.9853023290634155,0.0021009037736803293,0.0003057202266063541,1.7208780263899826e-05,3to4
3927,3928,OADMET-0001139,3.79,train,3to4,2,0.0009216340840794146,0.003042886732146144,0.4910339117050171,0.5001974105834961,0.004804152529686689,5to6
3928,3929,OADMET-0001138,2.9,train,lt3,3,0.19532091915607452,0.4898952841758728,0.31281447410583496,0.0019521581707522273,1.721416811051313e-05,3to4
3929,3930,OADMET-0001137,2.75,train,lt3,1,0.20683333277702332,0.7556353807449341,0.03564015403389931,0.0018802579725161195,1.098898246709723e-05,3to4
3930,3931,OADMET-0001136,4.16,train,4to5,1,0.015288790687918663,0.05849179998040199,0.9165981411933899,0.009490879252552986,0.00013040113844908774,4to5
3931,3932,OADMET-0001135,2.22,train,lt3,0,0.8856748342514038,0.11414007097482681,0.00018483074381947517,1.9626412495199475e-07,1.4280385585152544e-07,lt3
3932,3933,OADMET-0001134,3.34,train,3to4,3,0.7677382826805115,0.1997411698102951,0.030138403177261353,0.001474431250244379,0.0009077026625163853,lt3
3933,3934,OADMET-0001133,4.61,train,4to5,1,0.0006172400317154825,0.017533782869577408,0.5743264555931091,0.40074366331100464,0.006778880953788757,4to5
3934,3935,OADMET-0001132,2.67,train,lt3,3,0.8326261043548584,0.16724690794944763,0.00011639259901130572,4.032489414385054e-06,6.5113517848658375e-06,lt3
3935,3936,OADMET-0001131,3.75,train,3to4,4,0.09412790834903717,0.8203124403953552,0.08521772921085358,0.0003415532410144806,4.1194076061401574e-07,3to4
3936,3937,OADMET-0001130,3.85,train,3to4,1,0.37329521775245667,0.3625716269016266,0.23640042543411255,0.026942767202854156,0.00078992685303092,lt3
3937,3938,OADMET-0001129,2.76,train,lt3,2,0.811503529548645,0.18817052245140076,0.00032387333340011537,1.4549448223988293e-06,6.709947228955571e-07,lt3
3938,3939,OADMET-0001128,4.28,train,4to5,2,0.10879268497228622,0.6159765720367432,0.2458561211824417,0.028540369123220444,0.0008342594956047833,3to4
3939,3940,OADMET-0001127,3.29,train,3to4,3,0.18529106676578522,0.7174948453903198,0.0960659310221672,0.0010888662654906511,5.9290807257639244e-05,3to4
3940,3941,OADMET-0001126,2.5,train,lt3,0,0.4713502526283264,0.5095285773277283,0.018418917432427406,0.0006205238751135767,8.170743967639282e-05,3to4
3941,3942,OADMET-0001125,3.63,train,3to4,1,0.03485091030597687,0.13186562061309814,0.722412109375,0.11025339365005493,0.0006179633783176541,4to5
3942,3943,OADMET-0001124,4.12,train,4to5,1,0.018053248524665833,0.058648381382226944,0.8084532022476196,0.11352411657571793,0.0013210076140239835,4to5
3943,3944,OADMET-0001123,4.26,train,4to5,0,3.412292471693945e-06,0.0007690974744036794,0.8056902885437012,0.19345863163471222,7.859890320105478e-05,4to5
3944,3945,OADMET-0001122,2.2,train,lt3,0,0.6647353768348694,0.330821692943573,0.004236265085637569,0.00011176451516803354,9.483105532126501e-05,lt3
3945,3946,OADMET-0001121,2.84,train,lt3,0,0.6095709204673767,0.3791063129901886,0.011085744947195053,0.00022316725517157465,1.385207269777311e-05,lt3
3946,3947,OADMET-0001120,2.95,train,lt3,0,0.6588376760482788,0.3395465612411499,0.001562418881803751,2.0600458810804412e-05,3.26973240589723e-05,lt3
3947,3948,OADMET-0001119,3.52,train,3to4,0,0.1723843663930893,0.07963987439870834,0.7139770984649658,0.033886831253767014,0.0001117934298235923,4to5
3948,3949,OADMET-0001118,3.14,train,3to4,1,0.6365783214569092,0.36103355884552,0.0022634409833699465,0.00011340811033733189,1.1248860573687125e-05,lt3
3949,3950,OADMET-0001117,3.42,train,3to4,1,0.5912427306175232,0.40556490421295166,0.0031667181756347418,2.438413503114134e-05,1.27141140637832e-06,lt3
3950,3951,OADMET-0001116,3.21,train,3to4,3,0.944204568862915,0.05557473376393318,0.0001968686847249046,6.5888470999198034e-06,1.7252090401598252e-05,lt3
3951,3952,OADMET-0001115,2.53,train,lt3,0,0.658288836479187,0.33918312191963196,0.002514103427529335,1.1201472261745948e-05,2.688009772100486e-06,lt3
3952,3953,OADMET-0001114,2.55,train,lt3,4,0.005035974085330963,0.9944444894790649,0.0005002744146622717,1.4546580132446252e-05,4.698630164057249e-06,3to4
3953,3954,OADMET-0001113,3.2,train,3to4,0,0.45103150606155396,0.5375346541404724,0.011417733505368233,1.456831432733452e-05,1.5273949429683853e-06,3to4
3954,3955,OADMET-0001112,3.08,train,3to4,3,0.611912190914154,0.37187156081199646,0.01591058447957039,0.00025528235710226,5.04436029586941e-05,lt3
3955,3956,OADMET-0001111,4.24,train,4to5,1,0.005881824530661106,0.12700781226158142,0.7364990711212158,0.12872646749019623,0.0018847854807972908,4to5
3956,3957,OADMET-0001110,2.74,train,lt3,1,0.9876089096069336,0.012375393882393837,1.5499565051868558e-05,1.537341773882872e-07,1.4243172863359632e-08,lt3
3957,3958,OADMET-0001109,2.47,train,lt3,0,0.7491204142570496,0.2376844882965088,0.01311496365815401,6.815524830017239e-05,1.1935930160689168e-05,lt3
3958,3959,OADMET-0001108,3.16,train,3to4,0,0.15415653586387634,0.7041352987289429,0.13657930493354797,0.005043450742959976,8.547193283447996e-05,3to4
3959,3960,OADMET-0001107,2.23,train,lt3,0,0.8361177444458008,0.16130979359149933,0.002435630187392235,6.780864350730553e-05,6.905167538207024e-05,lt3
3960,3961,OADMET-0001106,2.45,train,lt3,3,0.8798632025718689,0.11987362802028656,0.0002627239446155727,2.6545259856902703e-07,1.711832595674423e-07,lt3
3961,3962,OADMET-0001105,2.88,train,lt3,1,0.42785724997520447,0.2173699289560318,0.3379238247871399,0.016280774027109146,0.0005682105547748506,lt3
3962,3963,OADMET-0001104,3.73,train,3to4,0,0.19686557352542877,0.7187689542770386,0.08162800222635269,0.0023997402749955654,0.00033773461473174393,3to4
3963,3964,OADMET-0001103,3.94,train,3to4,0,0.041829660534858704,0.32834988832473755,0.5677056312561035,0.060264457017183304,0.0018504435429349542,4to5
3964,3965,OADMET-0001102,3.53,train,3to4,1,0.012435831129550934,0.3994731307029724,0.5822842717170715,0.005644271615892649,0.00016252647037617862,4to5
3965,3966,OADMET-0001101,4.26,train,4to5,0,0.02984786406159401,0.17701171338558197,0.7659225463867188,0.026783224195241928,0.0004346340720076114,4to5
3966,3967,OADMET-0001100,3.43,train,3to4,3,0.5190302729606628,0.46423402428627014,0.016536712646484375,0.0001620402472326532,3.6869394534733146e-05,lt3
3967,3968,OADMET-0001099,3.92,train,3to4,1,0.9174634218215942,0.07648289203643799,0.005800181068480015,0.00023553206119686365,1.7955206203623675e-05,lt3
3968,3969,OADMET-0001098,3.49,train,3to4,0,0.0915997177362442,0.6456934809684753,0.24840739369392395,0.012921244837343693,0.0013781499583274126,3to4
3969,3970,OADMET-0001097,4.31,train,4to5,2,0.07255613058805466,0.1505313515663147,0.5083433985710144,0.26730841398239136,0.0012608007527887821,4to5
3970,3971,OADMET-0001096,2.3,train,lt3,3,0.7925702929496765,0.2045310139656067,0.002802737057209015,8.326883835252374e-05,1.2707938367384486e-05,lt3
3971,3972,OADMET-0001095,3.87,train,3to4,2,0.06972474604845047,0.6141075491905212,0.30953162908554077,0.006557790096849203,7.829119567759335e-05,3to4
3972,3973,OADMET-0001094,3.09,train,3to4,3,0.1881280392408371,0.8087160587310791,0.0030895560048520565,6.352371565299109e-05,2.8235062927706167e-06,3to4
3973,3974,OADMET-0001093,4.08,train,4to5,4,0.0004896718310192227,0.004704888444393873,0.6487411260604858,0.34354203939437866,0.002522266935557127,4to5
3974,3975,OADMET-0001092,4.82,train,4to5,4,0.01772710494697094,0.1539939045906067,0.7931302189826965,0.0345897302031517,0.0005591088556684554,4to5
3975,3976,OADMET-0001091,4.1,train,4to5,4,0.07700212299823761,0.7812577486038208,0.1372973918914795,0.0043793837539851665,6.339512765407562e-05,3to4
3976,3977,OADMET-0001090,4.32,train,4to5,1,0.0011134272208437324,0.026805702596902847,0.950867772102356,0.02110842987895012,0.0001047032346832566,4to5
3977,3978,OADMET-0001089,2.55,train,lt3,3,0.4642753601074219,0.5249934196472168,0.010496060363948345,0.00021256139734759927,2.2626867576036602e-05,3to4
3978,3979,OADMET-0001088,5.11,train,5to6,0,4.616009391611442e-05,0.002371805254369974,0.8671914935112,0.12982045114040375,0.0005700595211237669,4to5
3979,3980,OADMET-0001087,4.88,train,4to5,4,4.285226623323979e-06,0.00033348717261105776,0.11108285188674927,0.8866304755210876,0.0019488781690597534,5to6
3980,3981,OADMET-0001086,3.39,train,3to4,1,0.4352051317691803,0.501958966255188,0.06256430596113205,0.0002657296718098223,5.87288059250568e-06,3to4
3981,3982,OADMET-0001085,3.53,train,3to4,3,0.7030816078186035,0.2810781002044678,0.015383279882371426,0.0003784813452512026,7.848267705412582e-05,lt3
3982,3983,OADMET-0001084,3.46,train,3to4,1,0.024527275934815407,0.952498197555542,0.021899379789829254,0.0010626902803778648,1.243433689523954e-05,3to4
3983,3984,OADMET-0001083,3.46,train,3to4,2,0.6460435390472412,0.3474962115287781,0.005658853333443403,0.000787013559602201,1.43710085467319e-05,lt3
3984,3985,OADMET-0001082,2.11,train,lt3,4,0.271869421005249,0.6921099424362183,0.03572695329785347,0.00026680936571210623,2.6901776436716318e-05,3to4
3985,3986,OADMET-0001081,3.64,train,3to4,3,0.0816301479935646,0.5288113355636597,0.3782595694065094,0.010734415613114834,0.0005644977209158242,3to4
3986,3987,OADMET-0001080,5.22,train,5to6,4,1.7933274421011447e-06,1.9295337551739067e-05,0.05475586652755737,0.9432084560394287,0.0020145848393440247,5to6
3987,3988,OADMET-0001079,3.43,train,3to4,3,0.02363004721701145,0.20441292226314545,0.7072719931602478,0.0643695667386055,0.0003154897131025791,4to5
3988,3989,OADMET-0001078,2.93,train,lt3,3,0.9594781398773193,0.03988860547542572,0.0005457369261421263,3.8843390939291567e-05,4.866628660238348e-05,lt3
3989,3990,OADMET-0001077,3.91,train,3to4,0,0.0036653471179306507,0.04002152383327484,0.7602638602256775,0.19585095345973969,0.00019826962670776993,4to5
3990,3991,OADMET-0001076,4.87,train,4to5,1,7.120367808965966e-05,0.00256137503311038,0.4553147554397583,0.5355717539787292,0.0064809429459273815,5to6
3991,3992,OADMET-0001075,2.27,train,lt3,4,0.7430093288421631,0.25665974617004395,0.0003289889427833259,1.7035358723660465e-06,1.4065501829918503e-07,lt3
3992,3993,OADMET-0001074,3.04,train,3to4,3,0.4736073315143585,0.5140525102615356,0.012157854624092579,0.0001665488671278581,1.576763497723732e-05,3to4
3993,3994,OADMET-0001073,3.98,train,3to4,3,0.9007088541984558,0.08916357159614563,0.008503221906721592,0.0012689045397564769,0.00035545873106457293,lt3
3994,3995,OADMET-0001072,3.62,train,3to4,4,0.6364034414291382,0.22323836386203766,0.13981778919696808,0.0005206763162277639,1.9772018276853487e-05,lt3
3995,3996,OADMET-0001071,2.86,train,lt3,3,0.8534342050552368,0.1464814394712448,8.188694482669234e-05,1.107991465687519e-06,1.2550065093819285e-06,lt3
3996,3997,OADMET-0001070,3.61,train,3to4,0,0.012265745550394058,0.3578647971153259,0.6174501180648804,0.011896665208041668,0.0005227604997344315,4to5
3997,3998,OADMET-0001069,2.67,train,lt3,3,0.6807106733322144,0.3184853494167328,0.0007818260346539319,1.1648294275801163e-05,1.0564454896666575e-05,lt3
3998,3999,OADMET-0001068,3.97,train,3to4,2,0.07332330197095871,0.4554215967655182,0.3957918882369995,0.07512605935335159,0.0003371585626155138,3to4
3999,4000,OADMET-0001067,3.11,train,3to4,4,0.1603659689426422,0.6903915405273438,0.12119569629430771,0.027979006990790367,6.772318010916933e-05,3to4
4000,4001,OADMET-0001066,2.42,train,lt3,0,0.10056725144386292,0.8910686373710632,0.008304429240524769,5.467477240017615e-05,5.0582466428750195e-06,3to4
4001,4002,OADMET-0001065,3.31,train,3to4,3,0.10364286601543427,0.8241358995437622,0.07171630859375,0.0004754878464154899,2.947387474705465e-05,3to4
4002,4003,OADMET-0001064,3.14,train,3to4,4,0.16790686547756195,0.7993078231811523,0.03265088424086571,0.0001322676835115999,2.2092779090598924e-06,3to4
4003,4004,OADMET-0001063,2.44,train,lt3,1,0.7253795266151428,0.2651723623275757,0.008757898584008217,0.000659081619232893,3.1166600820142776e-05,lt3
4004,4005,OADMET-0001062,3.3,train,3to4,3,0.6104313731193542,0.3858335316181183,0.0035923023242503405,0.00011378220369806513,2.8972859581699595e-05,lt3
4005,4006,OADMET-0001061,4.08,train,4to5,3,0.6465151906013489,0.2938065826892853,0.05868803337216377,0.0006713600014336407,0.0003187659604009241,lt3
4006,4007,OADMET-0001060,3.97,train,3to4,2,0.015479395166039467,0.046321261674165726,0.8693395853042603,0.06839121133089066,0.00046855260734446347,4to5
4007,4008,OADMET-0001059,3.61,train,3to4,0,0.007714942563325167,0.10684341937303543,0.6791766285896301,0.20345060527324677,0.002814468229189515,4to5
4008,4009,OADMET-0001058,4.1,train,4to5,4,0.0036633056588470936,0.01139303669333458,0.9009115099906921,0.08255564421415329,0.0014765036758035421,4to5
4009,4010,OADMET-0001057,3.65,train,3to4,3,0.4517767131328583,0.5228642821311951,0.024421341717243195,0.0008460365934297442,9.16534845600836e-05,3to4
4010,4011,OADMET-0001056,3.92,train,3to4,4,0.00045599168515764177,0.09566262364387512,0.354920357465744,0.5482522249221802,0.0007087982376106083,5to6
4011,4012,OADMET-0001055,2.8,train,lt3,3,0.15015947818756104,0.5149539113044739,0.3344786763191223,0.00038338181911967695,2.4531005692551844e-05,3to4
4012,4013,OADMET-0001054,2.56,train,lt3,3,0.3566688299179077,0.6396234035491943,0.0036728482227772474,3.346089943079278e-05,1.5427502830789308e-06,3to4
4013,4014,OADMET-0001053,4.64,train,4to5,4,0.001388754229992628,0.023891286924481392,0.7856189608573914,0.1883365660905838,0.0007644496508873999,4to5
4014,4015,OADMET-0001052,2.85,train,lt3,2,0.7502906918525696,0.24804747104644775,0.0016480927588418126,1.0921948160103057e-05,2.897543708968442e-06,lt3
4015,4016,OADMET-0001051,2.49,train,lt3,0,0.5603457093238831,0.4373803436756134,0.0022087395191192627,5.991266880300827e-05,5.316162059898488e-06,lt3
4016,4017,OADMET-0001050,2.16,train,lt3,0,0.9362670183181763,0.06230368837714195,0.0013851415133103728,2.6469992008060217e-05,1.7627569832256995e-05,lt3
4017,4018,OADMET-0001049,4.01,train,4to5,3,0.013551107607781887,0.19187264144420624,0.7589462399482727,0.035368964076042175,0.00026107009034603834,4to5
4018,4019,OADMET-0001048,2.97,train,lt3,4,0.17656676471233368,0.8052465319633484,0.017748961225152016,0.0004312247328925878,6.555869276780868e-06,3to4
4019,4020,OADMET-0001047,3.79,train,3to4,3,0.11125657707452774,0.3697946071624756,0.5117183327674866,0.007038053125143051,0.0001924693788168952,4to5
4020,4021,OADMET-0001046,4.23,train,4to5,3,2.6286459615221247e-05,0.024006683379411697,0.6426616311073303,0.3323700726032257,0.0009353684727102518,4to5
4021,4022,OADMET-0001045,4.29,train,4to5,3,0.02769739367067814,0.2253803163766861,0.5618190169334412,0.17775721848011017,0.007345986552536488,4to5
4022,4023,OADMET-0001044,3.2,train,3to4,1,0.957471489906311,0.04248376935720444,4.4672615331364796e-05,1.2231683399477333e-07,2.61878554397299e-08,lt3
4023,4024,OADMET-0001043,3.76,train,3to4,1,0.006677747238427401,0.6340847611427307,0.3270879089832306,0.03161712735891342,0.0005324642406776547,3to4
4024,4025,OADMET-0001042,3.87,train,3to4,4,0.25255095958709717,0.6022098660469055,0.12295199930667877,0.021512344479560852,0.0007748690550215542,3to4
4025,4026,OADMET-0001041,3.76,train,3to4,4,0.9858828186988831,0.013801145367324352,0.00031486418447457254,1.0744472547230544e-06,7.463498974402683e-08,lt3
4026,4027,OADMET-0001040,3.08,train,3to4,3,0.04201510548591614,0.557164192199707,0.382976770401001,0.01750093698501587,0.0003429115458857268,3to4
4027,4028,OADMET-0001039,3.33,train,3to4,4,0.04473922774195671,0.14833316206932068,0.6807464361190796,0.08933386206626892,0.03684733062982559,4to5
4028,4029,OADMET-0001038,3.97,train,3to4,1,0.027913207188248634,0.23221486806869507,0.6610657572746277,0.07764820009469986,0.0011580194113776088,4to5
4029,4030,OADMET-0001037,2.68,train,lt3,3,0.705772876739502,0.2939106822013855,0.000314179778797552,1.7393488178640837e-06,5.727241614295053e-07,lt3
4030,4031,OADMET-0001036,2.5,train,lt3,4,0.8244579434394836,0.17409619688987732,0.0014301880728453398,1.5462335795746185e-05,2.3719826458545867e-07,lt3
4031,4032,OADMET-0001035,3.12,train,3to4,0,0.23857435584068298,0.619987428188324,0.13938960433006287,0.001963067799806595,8.557326509617269e-05,3to4
4032,4033,OADMET-0001034,3.56,train,3to4,0,0.08567827939987183,0.6607833504676819,0.2372327744960785,0.015440265648066998,0.0008653030381537974,3to4
4033,4034,OADMET-0001033,2.04,train,lt3,0,0.7818177938461304,0.21734027564525604,0.0008358513587154448,4.034172889078036e-06,2.057887058981578e-06,lt3
4034,4035,OADMET-0001032,2.5,train,lt3,3,0.8899157643318176,0.11002343893051147,4.902096770820208e-05,1.4217298485164065e-06,1.0384021152276546e-05,lt3
4035,4036,OADMET-0001031,3.73,train,3to4,0,0.15771442651748657,0.4040185511112213,0.3784377872943878,0.05639610439538956,0.0034331227652728558,3to4
4036,4037,OADMET-0001030,3.39,train,3to4,3,0.42848506569862366,0.5309503674507141,0.040145646780729294,0.00041110324673354626,7.838257261028048e-06,3to4
4037,4038,OADMET-0001029,2.7,train,lt3,4,0.14378587901592255,0.8479393720626831,0.007720895577222109,0.0005254162824712694,2.8415977794793434e-05,3to4
4038,4039,OADMET-0001028,3.44,train,3to4,1,0.10148320347070694,0.11979944258928299,0.7155213356018066,0.06211666017770767,0.0010793445399031043,4to5
4039,4040,OADMET-0001027,3.67,train,3to4,0,0.2301495522260666,0.7649282813072205,0.0046179997734725475,0.00026316699222661555,4.1097202483797446e-05,3to4
4040,4041,OADMET-0001026,2.94,train,lt3,4,0.5069518089294434,0.3382631540298462,0.14788629114627838,0.0060264114290475845,0.0008724280050955713,lt3
4041,4042,OADMET-0001025,2.39,train,lt3,4,0.7550677061080933,0.22839394211769104,0.016459912061691284,7.773654942866415e-05,7.115514790712041e-07,lt3
4042,4043,OADMET-0001024,4.24,train,4to5,3,0.06122869625687599,0.28235629200935364,0.6391915082931519,0.01704569160938263,0.0001778648584149778,4to5
4043,4044,OADMET-0001023,5.58,train,5to6,0,7.187376922956901e-06,0.0004601360415108502,0.23420993983745575,0.762647271156311,0.0026753698475658894,5to6
4044,4045,OADMET-0001022,2.31,train,lt3,1,0.7806926965713501,0.2154637724161148,0.0038232372608035803,1.9063143554376438e-05,1.265019363927422e-06,lt3
4045,4046,OADMET-0001021,1.62,train,lt3,4,0.0037288295570760965,0.017356937751173973,0.9490169882774353,0.029885610565543175,1.1571351933525875e-05,4to5
4046,4047,OADMET-0001020,2.74,train,lt3,1,0.6822258830070496,0.3143933117389679,0.003287013154476881,8.654024713905528e-05,7.2916077442641836e-06,lt3
4047,4048,OADMET-0001019,2.31,train,lt3,2,0.8706488609313965,0.1289099156856537,0.0004250479396432638,1.2220284588693175e-05,3.998076863354072e-06,lt3
4048,4049,OADMET-0001018,3.34,train,3to4,3,0.546879768371582,0.4524819850921631,0.0005509056500159204,4.1002971556736156e-05,4.634791912394576e-05,lt3
4049,4050,OADMET-0001017,4.26,train,4to5,3,0.015031171962618828,0.015335646457970142,0.962037205696106,0.007167086936533451,0.00042888071038760245,4to5
4050,4051,OADMET-0001016,3.28,train,3to4,3,0.30374932289123535,0.6907204389572144,0.00550164096057415,2.2719397748005576e-05,5.946456440142356e-06,3to4
4051,4052,OADMET-0001015,4.0,train,3to4,2,0.0018610558472573757,0.046384990215301514,0.6767857074737549,0.2728554308414459,0.0021128698717802763,4to5
4052,4053,OADMET-0001014,4.11,train,4to5,1,0.0009483788162469864,0.019112514331936836,0.7445416450500488,0.2348404824733734,0.0005570148350670934,4to5
4053,4054,OADMET-0001013,2.37,train,lt3,3,0.10289269685745239,0.04920947179198265,0.8405820727348328,0.00724843330681324,6.728774314979091e-05,4to5
4054,4055,OADMET-0001012,3.47,train,3to4,3,0.9112260937690735,0.0886555165052414,0.00011722688213922083,6.684592790406896e-07,4.325704594521085e-07,lt3
4055,4056,OADMET-0001011,3.14,train,3to4,3,0.7848100662231445,0.19914014637470245,0.01599796675145626,3.159077823511325e-05,2.025571302510798e-05,lt3
4056,4057,OADMET-0001010,5.6,train,5to6,3,0.00028188759461045265,0.03573192283511162,0.7670520544052124,0.19315698742866516,0.003777134232223034,4to5
4057,4058,OADMET-0001009,3.21,train,3to4,0,0.2728629410266876,0.7173085808753967,0.00959744118154049,0.00017812760779634118,5.300982957123779e-05,3to4
4058,4059,OADMET-0001008,2.78,train,lt3,0,0.5191109776496887,0.4572409391403198,0.023455491289496422,0.0001851578854257241,7.459127118636388e-06,lt3
4059,4060,OADMET-0001007,1.63,train,lt3,0,0.528089702129364,0.4388826787471771,0.03102504275739193,0.0018428635085001588,0.00015974370762705803,lt3
4060,4061,OADMET-0001006,4.26,train,4to5,0,1.1144832569698337e-05,0.0009766274597495794,0.4212002456188202,0.5761462450027466,0.001665741205215454,5to6
4061,4062,OADMET-0001005,2.67,train,lt3,3,0.9596079587936401,0.0403260737657547,6.59459619782865e-05,3.606618292906205e-08,3.2158425256056944e-08,lt3
4062,4063,OADMET-0001004,2.79,train,lt3,1,0.9867335557937622,0.013263978995382786,2.4489706902386388e-06,5.480968567894706e-09,1.2043557262586546e-09,lt3
4063,4064,OADMET-0001003,3.49,train,3to4,0,0.0420050248503685,0.9515261650085449,0.0060334051959216595,0.0003555204893928021,7.98762048361823e-05,3to4
4064,4065,OADMET-0001002,3.6,train,3to4,3,0.5351176857948303,0.45943373441696167,0.005165670067071915,0.0002559404820203781,2.6978168534697033e-05,lt3
4065,4066,OADMET-0001001,2.92,train,lt3,0,0.2723010778427124,0.7260122895240784,0.0016804155893623829,5.367942776501877e-06,8.272355103144946e-07,3to4
4066,4067,OADMET-0001000,2.65,train,lt3,1,0.8154594898223877,0.17850764095783234,0.005969235207885504,5.054854409536347e-05,1.3142096577212214e-05,lt3
4067,4068,OADMET-0000999,4.84,train,4to5,3,0.0002672955160960555,0.025789564475417137,0.8500781059265137,0.12297750264406204,0.0008875172934494913,4to5
4068,4069,OADMET-0000998,2.57,train,lt3,0,0.7936012744903564,0.20308703184127808,0.0024215911980718374,0.0005208548391237855,0.000369239947758615,lt3
4069,4070,OADMET-0000997,3.07,train,3to4,4,0.3036212921142578,0.6843703389167786,0.011557238176465034,0.0004444874939508736,6.6800798776966985e-06,3to4
4070,4071,OADMET-0000996,4.55,train,4to5,3,6.120240141171962e-05,0.00823987927287817,0.5792438983917236,0.4083816111087799,0.004073407035320997,4to5
4071,4072,OADMET-0000995,2.93,train,lt3,1,0.2640744745731354,0.6447080969810486,0.09074509888887405,0.0004612851480487734,1.1000156519003212e-05,3to4
4072,4073,OADMET-0000994,3.14,train,3to4,2,0.0652853325009346,0.8564409613609314,0.07783428579568863,0.00043924624333158135,2.3699499251961242e-07,3to4
4073,4074,OADMET-0000993,2.75,train,lt3,4,0.49081951379776,0.3648630380630493,0.14230582118034363,0.0008855429477989674,0.001126147573813796,lt3
4074,4075,OADMET-0000992,3.26,train,3to4,1,0.26142966747283936,0.722211480140686,0.015922311693429947,0.00040363820153288543,3.2981635740725324e-05,3to4
4075,4076,OADMET-0000991,3.17,train,3to4,3,0.9953619241714478,0.004638036247342825,7.309161276225495e-09,4.083348936756437e-10,7.534655566132642e-08,lt3
4076,4077,OADMET-0000990,4.39,train,4to5,4,0.05049246549606323,0.2529866397380829,0.6438010334968567,0.052381522953510284,0.00033833118504844606,4to5
4077,4078,OADMET-0000989,3.63,train,3to4,0,0.15700729191303253,0.3726388216018677,0.45187366008758545,0.01821269653737545,0.0002675774449016899,4to5
4078,4079,OADMET-0000988,3.79,train,3to4,0,0.009649308398365974,0.4310612678527832,0.48006242513656616,0.07797399163246155,0.0012529734522104263,4to5
4079,4080,OADMET-0000987,4.19,train,4to5,3,0.003577066818252206,0.6086276173591614,0.3777889609336853,0.009949829429388046,5.655579298036173e-05,3to4
4080,4081,OADMET-0000986,3.86,train,3to4,1,0.2687520682811737,0.3057170510292053,0.3746703863143921,0.04838687926530838,0.00247365003451705,4to5
4081,4082,OADMET-0000985,4.55,train,4to5,4,0.010125698521733284,0.02063124254345894,0.8589509129524231,0.10987847298383713,0.00041369101381860673,4to5
4082,4083,OADMET-0000984,3.92,train,3to4,3,0.0007299523567780852,0.03628908470273018,0.9523548483848572,0.010346629656851292,0.00027953620883636177,4to5
4083,4084,OADMET-0000983,2.32,train,lt3,4,0.8394837379455566,0.16023072600364685,0.00028377139824442565,1.4755049733139458e-06,2.7280671588414407e-07,lt3
4084,4085,OADMET-0000982,3.01,train,3to4,1,0.6213235855102539,0.3773635923862457,0.001264283200725913,4.326151611167006e-05,5.291165962262312e-06,lt3
4085,4086,OADMET-0000981,3.99,train,3to4,3,0.04705309495329857,0.6126258969306946,0.327206552028656,0.012305425480008125,0.0008090869523584843,3to4
4086,4087,OADMET-0000980,2.74,train,lt3,3,0.7204326391220093,0.2766120433807373,0.002912985160946846,3.392796861589886e-05,8.406463166465983e-06,lt3
4087,4088,OADMET-0000979,3.6,train,3to4,2,0.14458760619163513,0.4957540035247803,0.3478144705295563,0.011818491853773594,2.543229675211478e-05,3to4
4088,4089,OADMET-0000978,4.25,train,4to5,3,0.004728138912469149,0.11078076809644699,0.7590927481651306,0.11458118259906769,0.010817158967256546,4to5
4089,4090,OADMET-0000977,2.68,train,lt3,1,0.7426803112030029,0.23478277027606964,0.0187857523560524,0.003682135371491313,6.898229185026139e-05,lt3
4090,4091,OADMET-0000976,3.81,train,3to4,1,0.5234997868537903,0.39826735854148865,0.05836721509695053,0.017545470967888832,0.0023202088195830584,lt3
4091,4092,OADMET-0000975,3.28,train,3to4,0,0.48116132616996765,0.5122987031936646,0.006387531291693449,0.00011607081250986084,3.634463791968301e-05,3to4
4092,4093,OADMET-0000974,3.64,train,3to4,3,0.33219456672668457,0.6288910508155823,0.03808414936065674,0.000786324089858681,4.3935498979408294e-05,3to4
4093,4094,OADMET-0000973,4.06,train,4to5,0,0.0025395783595740795,0.37756678462028503,0.6015709638595581,0.01799410954117775,0.0003286254941485822,4to5
4094,4095,OADMET-0000972,4.36,train,4to5,1,0.0006363062420859933,0.014685582369565964,0.659409761428833,0.32332733273506165,0.001940965885296464,4to5
4095,4096,OADMET-0000971,3.09,train,3to4,0,0.08707146346569061,0.9089347720146179,0.003664047922939062,0.00018790129979606718,0.0001418394094798714,3to4
4096,4097,OADMET-0000970,4.25,train,4to5,4,0.0010808254592120647,0.9322881102561951,0.0618305429816246,0.004748141393065453,5.2449355280259624e-05,3to4
4097,4098,OADMET-0000969,3.92,train,3to4,2,0.02991587109863758,0.5260029435157776,0.4076494872570038,0.03504128381609917,0.001390437944792211,3to4
4098,4099,OADMET-0000968,3.94,train,3to4,0,0.4601670205593109,0.5318813323974609,0.007805122993886471,0.00012642212095670402,2.0102061171201058e-05,3to4
4099,4100,OADMET-0000967,3.13,train,3to4,2,0.05659935250878334,0.907938539981842,0.033128708600997925,0.0021759250666946173,0.00015750086458865553,3to4
4100,4101,OADMET-0000966,3.9,train,3to4,3,0.004062401130795479,0.0940716415643692,0.8779935240745544,0.023795587942004204,7.684258162043989e-05,4to5
4101,4102,OADMET-0000965,2.96,train,lt3,0,0.6489804983139038,0.350869357585907,0.00014831669977866113,1.3237482789918431e-06,5.612296831714048e-07,lt3
4102,4103,OADMET-0000964,3.15,train,3to4,4,0.5003981590270996,0.4061400592327118,0.09269151091575623,0.000696200761012733,7.408654346363619e-05,lt3
4103,4104,OADMET-0000963,3.93,train,3to4,3,0.5780600309371948,0.38401544094085693,0.037702739238739014,0.0002104686718666926,1.1266577530477662e-05,lt3
4104,4105,OADMET-0000962,4.39,train,4to5,4,0.022236676886677742,0.09538212418556213,0.7327009439468384,0.14898370206356049,0.0006965880747884512,4to5
4105,4106,OADMET-0000961,2.44,train,lt3,1,0.9545079469680786,0.04468999058008194,0.0008008468430489302,1.0516010888750316e-06,7.220661046858368e-08,lt3
4106,4107,OADMET-0000960,3.63,train,3to4,3,0.028362104669213295,0.42439013719558716,0.5293711423873901,0.01770831272006035,0.0001683942973613739,4to5
4107,4108,OADMET-0000959,2.7,train,lt3,4,0.3493340313434601,0.6499435901641846,0.0007125904667191207,8.255196917161811e-06,1.5572923075524159e-06,3to4
4108,4109,OADMET-0000958,2.56,train,lt3,2,0.8624891042709351,0.13719137012958527,0.0003182443033438176,1.0629141797835473e-06,2.5012784021782863e-07,lt3
4109,4110,OADMET-0000957,3.56,train,3to4,2,0.19635537266731262,0.6046026349067688,0.16760434210300446,0.03134472295641899,9.293539187638089e-05,3to4
4110,4111,OADMET-0000956,2.94,train,lt3,3,0.9498258233070374,0.04781942069530487,0.002218504436314106,2.309943738509901e-05,0.00011309100955259055,lt3
4111,4112,OADMET-0000955,3.66,train,3to4,0,0.08118756115436554,0.04189569875597954,0.7101637721061707,0.16580943763256073,0.0009435073006898165,4to5
4112,4113,OADMET-0000954,2.48,train,lt3,4,0.5625004172325134,0.4363672137260437,0.0011127627221867442,1.8930375517811626e-05,6.460159625021333e-07,lt3
4113,4114,OADMET-0000953,2.73,train,lt3,0,0.1101747527718544,0.8860941529273987,0.0036617079749703407,4.7883040679153055e-05,2.1574222046183422e-05,3to4
4114,4115,OADMET-0000952,3.99,train,3to4,1,0.01607689820230007,0.16188423335552216,0.6981262564659119,0.12333715707063675,0.0005754862795583904,4to5
4115,4116,OADMET-0000951,3.33,train,3to4,0,0.899350106716156,0.1006147563457489,3.498538717394695e-05,1.1987283698999818e-07,1.0537559091972071e-07,lt3
4116,4117,OADMET-0000950,3.79,train,3to4,1,0.1412597894668579,0.2731117606163025,0.5173129439353943,0.06614352017641068,0.002171954605728388,4to5
4117,4118,OADMET-0000949,3.08,train,3to4,3,0.7119346857070923,0.26235559582710266,0.02491786703467369,0.000621670566033572,0.00017025180568452924,lt3
4118,4119,OADMET-0000948,3.13,train,3to4,3,0.9531931281089783,0.04673035815358162,7.574193296022713e-05,1.2782219016571617e-07,6.309763307399407e-07,lt3
4119,4120,OADMET-0000947,2.15,train,lt3,1,0.08942491561174393,0.29151880741119385,0.37300270795822144,0.2433054894208908,0.002748061902821064,4to5
4120,4121,OADMET-0000946,2.52,train,lt3,0,0.6431108713150024,0.34842056035995483,0.007089534308761358,0.0009149239049293101,0.00046409774222411215,lt3
4121,4122,OADMET-0000945,3.26,train,3to4,4,0.7767210602760315,0.1891668289899826,0.03308548033237457,0.0009210113203153014,0.00010566658602328971,lt3
4122,4123,OADMET-0000944,2.54,train,lt3,1,0.8697999715805054,0.12965990602970123,0.0005326404934749007,6.638740160269663e-06,9.016007425088901e-07,lt3
4123,4124,OADMET-0000943,2.61,train,lt3,3,0.6980663537979126,0.30180907249450684,0.00012416092795319855,4.3933874849244603e-07,8.36697751083193e-08,lt3
4124,4125,OADMET-0000942,2.26,train,lt3,4,0.4688323736190796,0.5093015432357788,0.018759550526738167,0.0021366775035858154,0.0009699419024400413,3to4
4125,4126,OADMET-0000941,3.86,train,3to4,0,0.17492826282978058,0.6363692879676819,0.17840301990509033,0.01026200596243143,3.7454803532455117e-05,3to4
4126,4127,OADMET-0000940,3.09,train,3to4,3,0.4401637017726898,0.5422024726867676,0.01760861463844776,2.10884609259665e-05,3.994175131083466e-06,3to4
4127,4128,OADMET-0000939,4.76,train,4to5,1,0.0005644792108796537,0.025489993393421173,0.17823681235313416,0.7562724351882935,0.039436277002096176,5to6
4128,4129,OADMET-0000938,2.34,train,lt3,4,0.8559504747390747,0.1440269947052002,2.185392440878786e-05,5.407293315329298e-07,1.6050667284162046e-07,lt3
4129,4130,OADMET-0000937,2.83,train,lt3,0,0.43735864758491516,0.5260445475578308,0.03635723888874054,0.0002318543556611985,7.747783456579782e-06,3to4
4130,4131,OADMET-0000936,3.96,train,3to4,3,0.026335440576076508,0.6666440367698669,0.30245089530944824,0.004526614677160978,4.301079025026411e-05,3to4
4131,4132,OADMET-0000935,2.59,train,lt3,0,0.8718794584274292,0.12677554786205292,0.0013410061364993453,2.4365890567423776e-06,1.591751470186864e-06,lt3
4132,4133,OADMET-0000934,2.14,train,lt3,4,0.7395956516265869,0.257315993309021,0.0029109742026776075,0.00012428218906279653,5.3173011110629886e-05,lt3
4133,4134,OADMET-0000933,4.05,train,4to5,4,0.5168474316596985,0.24806569516658783,0.21954764425754547,0.01449009869247675,0.0010491292923688889,lt3
4134,4135,OADMET-0000932,2.64,train,lt3,3,0.8741644024848938,0.12582644820213318,8.377715857932344e-06,1.675457639294109e-07,5.647345915349433e-07,lt3
4135,4136,OADMET-0000931,4.35,train,4to5,1,0.011993142776191235,0.1634022295475006,0.5903085470199585,0.23111824691295624,0.0031778723932802677,4to5
4136,4137,OADMET-0000930,2.76,train,lt3,4,0.9302897453308105,0.06858540326356888,0.0010809837840497494,3.950493555748835e-05,4.348218681116123e-06,lt3
4137,4138,OADMET-0000929,2.13,train,lt3,4,0.9688408374786377,0.031118471175432205,4.046659523737617e-05,1.837690604133968e-07,7.270540436365991e-08,lt3
4138,4139,OADMET-0000928,1.88,train,lt3,0,0.7477482557296753,0.2519637942314148,0.00027338581276126206,7.122726401576074e-06,7.438096872647293e-06,lt3
4139,4140,OADMET-0000927,2.32,train,lt3,3,0.963065505027771,0.0369231216609478,9.376063644594979e-06,8.238617965616868e-07,1.2213790796522517e-06,lt3
4140,4141,OADMET-0006617,3.515,as1,3to4,0,0.08637651801109314,0.10628289729356766,0.6948078274726868,0.1060682088136673,0.0064645870588719845,4to5
4141,4143,OADMET-0006615,5.335,as1,5to6,0,0.0008878748049028218,0.01332081202417612,0.31521689891815186,0.6246726512908936,0.04590178653597832,5to6
4142,4146,OADMET-0006612,4.28,as1,4to5,4,0.024485858157277107,0.14415688812732697,0.7663954496383667,0.06486561894416809,9.608333493815735e-05,4to5
4143,4148,OADMET-0006610,4.949999999999999,as1,4to5,0,1.8399372493149713e-05,0.0004363337648101151,0.10348991304636002,0.8517786264419556,0.04427675902843475,5to6
4144,4149,OADMET-0006609,2.015,as1,lt3,4,0.5392682552337646,0.4327029287815094,0.027577174827456474,0.000404597376473248,4.706856270786375e-05,lt3
4145,4152,OADMET-0006606,5.49,as1,5to6,1,4.547292519418988e-06,0.00036517519038170576,0.07006571441888809,0.8917805552482605,0.03778405860066414,5to6
4146,4154,OADMET-0006604,4.715,as1,4to5,4,0.0012205784441903234,0.0061173513531684875,0.8491251468658447,0.1410910189151764,0.00244592921808362,4to5
4147,4155,OADMET-0006603,2.275,as1,lt3,1,0.05731125548481941,0.1396549791097641,0.7866056561470032,0.01596139743924141,0.00046673446195200086,4to5
4148,4158,OADMET-0006600,3.99,as1,3to4,0,0.003970042802393436,0.07310119271278381,0.8905892372131348,0.03177458792924881,0.0005649853846989572,4to5
4149,4159,OADMET-0006599,2.3600000000000003,as1,lt3,3,0.42780250310897827,0.5685356259346008,0.00355135346762836,8.655236888444051e-05,2.4040247808443382e-05,3to4
4150,4161,OADMET-0006597,5.215,as1,5to6,0,0.001711270771920681,0.013073421083390713,0.6784987449645996,0.3009355664253235,0.005780997686088085,4to5
4151,4162,OADMET-0006596,4.89,as1,4to5,4,0.003471744479611516,0.029006559401750565,0.8005669116973877,0.1622747778892517,0.004679995123296976,4to5
4152,4165,OADMET-0006593,4.46,as1,4to5,4,0.04527845233678818,0.16673773527145386,0.7735679745674133,0.013931156136095524,0.00048470470937900245,4to5
4153,4169,OADMET-0006589,3.42,as1,3to4,3,0.008429956622421741,0.28822389245033264,0.6779273748397827,0.024777550250291824,0.0006412683869712055,4to5
4154,4171,OADMET-0006587,5.31,as1,5to6,3,1.8479564459994435e-05,0.001527541782706976,0.6920356750488281,0.30483752489089966,0.0015807810705155134,4to5
4155,4173,OADMET-0006585,4.215,as1,4to5,2,0.3930131494998932,0.07272150367498398,0.4822421371936798,0.04730914533138275,0.004714051261544228,4to5
4156,4176,OADMET-0006582,4.67,as1,4to5,3,0.0011645262129604816,0.06762182712554932,0.9172086715698242,0.013961381278932095,4.354590782895684e-05,4to5
4157,4177,OADMET-0006581,5.395,as1,5to6,2,1.5699910363764502e-05,0.0062558273784816265,0.13631799817085266,0.8339723348617554,0.023438183590769768,5to6
4158,4178,OADMET-0006580,5.265,as1,5to6,2,0.00028864911291748285,0.004342533648014069,0.1373174786567688,0.8218721151351929,0.03617914393544197,5to6
4159,4179,OADMET-0006579,5.15,as1,5to6,3,4.348681159171974e-06,0.0002535656385589391,0.1393929123878479,0.8563054203987122,0.00404377980157733,5to6
4160,4180,OADMET-0006578,4.890000000000001,as1,4to5,3,1.104587772715604e-05,0.011093886569142342,0.8982176184654236,0.09049799293279648,0.00017938713426701725,4to5
4161,4184,OADMET-0006574,5.405,as1,5to6,0,5.084745498606935e-05,0.0037938784807920456,0.6970335841178894,0.2957543730735779,0.0033673567231744528,4to5
4162,4185,OADMET-0006573,4.775,as1,4to5,0,0.44177040457725525,0.15644696354866028,0.3876727819442749,0.013782653026282787,0.0003272575850132853,lt3
4163,4188,OADMET-0006570,4.84,as1,4to5,4,7.159493975450459e-07,0.00028423950425349176,0.41537585854530334,0.5815257430076599,0.0028134293388575315,5to6
4164,4189,OADMET-0006568,5.105,as1,5to6,0,0.009172765538096428,0.05970045179128647,0.7535452246665955,0.1732952892780304,0.004286317154765129,4to5
4165,4190,OADMET-0006567,4.835,as1,4to5,2,6.253142782952636e-05,0.0010918771149590611,0.6828210353851318,0.3139680027961731,0.0020565902814269066,4to5
4166,4191,OADMET-0006566,1.945,as1,lt3,3,0.8302795886993408,0.13344408571720123,0.035471800714731216,0.0006567823002114892,0.00014777919568587095,lt3
4167,4192,OADMET-0006565,4.975,as1,4to5,0,0.03412487357854843,0.18373268842697144,0.7041242718696594,0.07637258619070053,0.0016456525772809982,4to5
4168,4193,OADMET-0006564,5.13,as1,5to6,3,1.8345812350162305e-05,0.005294830072671175,0.8548564910888672,0.13975121080875397,7.914774323580787e-05,4to5
4169,4195,OADMET-0006561,5.305,as1,5to6,4,1.9809696993888792e-07,0.0001277781993849203,0.18940520286560059,0.8100247979164124,0.0004420187615323812,5to6
4170,4197,OADMET-0006559,4.245,as1,4to5,0,0.006002126261591911,0.020478958263993263,0.9607881903648376,0.012499380856752396,0.00023132268688641489,4to5
4171,4199,OADMET-0006557,4.63,as1,4to5,4,2.1620642655761912e-05,0.0051312921568751335,0.49483633041381836,0.48820117115974426,0.011809605173766613,4to5
4172,4201,OADMET-0006555,5.335,as1,5to6,3,2.3490584055707586e-07,0.0004962626844644547,0.4936907887458801,0.5052744746208191,0.0005382105009630322,5to6
4173,4204,OADMET-0006552,5.41,as1,5to6,4,0.0038775785360485315,0.011352850124239922,0.8938547968864441,0.0906265377998352,0.0002882405824493617,4to5
4174,4208,OADMET-0006548,4.065,as1,4to5,2,0.1946813464164734,0.42283669114112854,0.37609460949897766,0.0063825310207903385,4.825187261303654e-06,3to4
4175,4209,OADMET-0006547,4.925000000000001,as1,4to5,1,2.2621106836595573e-05,0.0011389631545171142,0.30845028162002563,0.6899545788764954,0.0004335770499892533,5to6
4176,4210,OADMET-0006546,6.72,as1,gte6,1,5.7077585324805113e-08,4.577543677442009e-06,0.009731539525091648,0.9466415643692017,0.043622251600027084,5to6
4177,4211,OADMET-0006545,4.96,as1,4to5,3,5.515564225788694e-06,0.000868141301907599,0.6499676704406738,0.30144476890563965,0.04771393537521362,4to5
4178,4212,OADMET-0006544,4.87,as1,4to5,4,0.1643851101398468,0.2043532282114029,0.6131561398506165,0.017957786098122597,0.00014775038289371878,4to5
4179,4214,OADMET-0006542,5.565,as1,5to6,1,3.357054083608091e-06,0.0003582171048037708,0.06966844201087952,0.9124048948287964,0.017565013840794563,5to6
4180,4216,OADMET-0006540,5.805,as1,5to6,1,4.6840733602948603e-07,0.00013167413999326527,0.03740261495113373,0.9275166392326355,0.03494860604405403,5to6
4181,4217,OADMET-0006539,5.390000000000001,as1,5to6,3,2.828317337844055e-05,0.0017538745887577534,0.513816773891449,0.4730956256389618,0.011305461637675762,4to5
4182,4219,OADMET-0006536,4.605,as1,4to5,4,2.6187339244643226e-05,0.012078708037734032,0.8597781658172607,0.12794940173625946,0.00016755062097217888,4to5
4183,4221,OADMET-0006534,2.8200000000000003,as1,lt3,2,0.006550235208123922,0.04448678717017174,0.7086006999015808,0.23860761523246765,0.0017547084717079997,4to5
4184,4222,OADMET-0006533,4.655,as1,4to5,3,0.14834201335906982,0.663295328617096,0.18565453588962555,0.0024174426216632128,0.0002907168527599424,3to4
4185,4223,OADMET-0006532,5.25,as1,5to6,0,0.0012924912152811885,0.006915898062288761,0.7395875453948975,0.23751336336135864,0.014690718613564968,4to5
4186,4224,OADMET-0006531,5.955,as1,5to6,2,2.434937960060779e-05,0.01311530638486147,0.31601482629776,0.6690587401390076,0.0017867456190288067,5to6
4187,4225,OADMET-0006530,5.445,as1,5to6,4,0.0002516114618629217,0.0008458247757516801,0.2501332461833954,0.7464858889579773,0.0022834273986518383,5to6
4188,4226,OADMET-0006529,5.375,as1,5to6,4,0.010043317452073097,0.03924668952822685,0.8850467801094055,0.06449033319950104,0.001172949792817235,4to5
4189,4229,OADMET-0006525,4.415,as1,4to5,1,0.012512575834989548,0.68559330701828,0.25832992792129517,0.04343311861157417,0.00013108563143759966,3to4
4190,4231,OADMET-0006523,4.76,as1,4to5,2,9.761069668456912e-05,0.003154169302433729,0.32216548919677734,0.6672189235687256,0.007363883778452873,5to6
4191,4232,OADMET-0006522,5.625,as1,5to6,2,5.194069308345206e-05,0.001932537299580872,0.2220017910003662,0.7588338255882263,0.01717980206012726,5to6
4192,4234,OADMET-0006520,4.845000000000001,as1,4to5,4,0.009261339902877808,0.02542499080300331,0.7074790596961975,0.25687360763549805,0.0009610208217054605,4to5
4193,4237,OADMET-0006517,4.244999999999999,as1,4to5,1,0.00013239045802038163,0.02218998223543167,0.3518357574939728,0.6197688579559326,0.0060730804689228535,5to6
4194,4239,OADMET-0006515,5.23,as1,5to6,0,0.07479861378669739,0.23224569857120514,0.6106860637664795,0.07936039566993713,0.0029092084150761366,4to5
4195,4240,OADMET-0006514,2.725,as1,lt3,3,0.04500183090567589,0.13084161281585693,0.787109911441803,0.036778662353754044,0.0002679133031051606,4to5
4196,4243,OADMET-0006511,3.655,as1,3to4,2,0.004429877735674381,0.019307412207126617,0.8109351396560669,0.16499179601669312,0.00033578361035324633,4to5
4197,4247,OADMET-0006507,4.465,as1,4to5,2,0.0017214122926816344,0.009764288552105427,0.6270522475242615,0.35986533761024475,0.001596749876625836,4to5
4198,4248,OADMET-0006506,2.2,as1,lt3,4,0.1382828652858734,0.38964858651161194,0.47105100750923157,0.000984228914603591,3.330168692627922e-05,4to5
4199,4250,OADMET-0006504,5.15,as1,5to6,0,0.0001378083834424615,0.0014626466436311603,0.1607702076435089,0.7917693853378296,0.04585995152592659,5to6
4200,4253,OADMET-0006501,4.27,as1,4to5,3,0.04572226107120514,0.7757044434547424,0.1766844242811203,0.00184164778329432,4.7202775022014976e-05,3to4
4201,4255,OADMET-0006499,5.065,as1,5to6,0,0.00023663895262870938,0.016876783221960068,0.6258480548858643,0.3486405313014984,0.008397958241403103,4to5
4202,4260,OADMET-0006494,4.295,as1,4to5,3,0.002516241976991296,0.43316909670829773,0.46991416811943054,0.09306635707616806,0.0013342088786885142,4to5
4203,4264,OADMET-0006490,3.245,as1,3to4,1,0.18411356210708618,0.2513331472873688,0.5052957534790039,0.058037757873535156,0.0012197821633890271,4to5
4204,4270,OADMET-0006484,5.51,as1,5to6,4,8.896015060599893e-05,0.002708303974941373,0.3702595829963684,0.6115548014640808,0.015388412401080132,5to6
4205,4272,OADMET-0006482,6.035,as1,gte6,0,3.275061999374884e-07,0.00032974229543469846,0.022133029997348785,0.9213063716888428,0.056230578571558,5to6
4206,4276,OADMET-0006477,5.35,as1,5to6,0,9.239611244993284e-05,0.006827663630247116,0.19724296033382416,0.7251197099685669,0.07071731239557266,5to6
4207,4280,OADMET-0006472,1.755,as1,lt3,4,0.07142272591590881,0.37800636887550354,0.54111647605896,0.008638798259198666,0.0008156682015396655,4to5
4208,4283,OADMET-0006469,4.58,as1,4to5,2,0.1299450546503067,0.5346564650535583,0.1985684037208557,0.08849519491195679,0.048334892839193344,3to4
4209,4284,OADMET-0006468,5.87,as1,5to6,2,1.484369295212673e-05,0.0007094739121384919,0.29737624526023865,0.696992039680481,0.004907403606921434,5to6
4210,4289,OADMET-0006463,5.54,as1,5to6,0,0.0023200418800115585,0.013097112998366356,0.7013888955116272,0.2698746621608734,0.013319271616637707,4to5
4211,4290,OADMET-0006462,5.550000000000001,as1,5to6,1,4.876350772065052e-07,7.719898712821305e-05,0.019921408966183662,0.9574304223060608,0.022570520639419556,5to6
4212,4291,OADMET-0006461,5.34,as1,5to6,3,2.033440523518948e-06,0.00024443119764328003,0.3106401562690735,0.6877641677856445,0.0013491830322891474,5to6
4213,4292,OADMET-0006460,1.98,as1,lt3,2,0.8742830157279968,0.11987035721540451,0.005768256261944771,6.610942364204675e-05,1.2272685125935823e-05,lt3
4214,4294,OADMET-0006458,1.945,as1,lt3,0,0.07118462771177292,0.22829073667526245,0.6524785161018372,0.04705720767378807,0.0009888875065371394,4to5
4215,4297,OADMET-0006455,6.225,as1,gte6,0,0.02559424750506878,0.18189118802547455,0.7042790055274963,0.07483091205358505,0.013404685072600842,4to5
4216,4299,OADMET-0006453,5.135,as1,5to6,2,0.001204746775329113,0.00570995407178998,0.3968982696533203,0.5736595988273621,0.022527454420924187,5to6
4217,4300,OADMET-0006452,4.72,as1,4to5,2,0.05588994175195694,0.2642379701137543,0.5436451435089111,0.13538438081741333,0.000842573877889663,4to5
4218,4301,OADMET-0006451,5.11,as1,5to6,4,0.021564381197094917,0.01611793413758278,0.7166363596916199,0.24245457351207733,0.00322676170617342,4to5
4219,4303,OADMET-0006449,4.465,as1,4to5,2,0.007508297450840473,0.021023444831371307,0.4434291422367096,0.493391215801239,0.03464791551232338,5to6
4220,4307,OADMET-0006445,5.029999999999999,as1,5to6,0,0.00013801196473650634,0.0006683238898403943,0.05684566870331764,0.8551919460296631,0.08715606480836868,5to6
4221,4308,OADMET-0006443,4.6850000000000005,as1,4to5,2,0.024189604446291924,0.01174852717667818,0.891209065914154,0.06947111338376999,0.0033816832583397627,4to5
4222,4309,OADMET-0006442,4.75,as1,4to5,0,0.0011215123813599348,0.05391966551542282,0.8680515885353088,0.07445332407951355,0.0024539523292332888,4to5
4223,4310,OADMET-0006441,4.734999999999999,as1,4to5,2,4.410651308717206e-05,0.0017525714356452227,0.0833340510725975,0.7550209164619446,0.15984830260276794,5to6
4224,4311,OADMET-0006440,5.165,as1,5to6,0,0.0003329157771077007,0.001378438202664256,0.38165321946144104,0.5265421271324158,0.09009326249361038,5to6
4225,4312,OADMET-0006439,1.745,as1,lt3,3,0.18900634348392487,0.2218424528837204,0.5639241337776184,0.023021860048174858,0.0022052237764000893,4to5
4226,4316,OADMET-0006435,2.475,as1,lt3,1,0.48313331604003906,0.32686737179756165,0.15208342671394348,0.03576404228806496,0.0021518797148019075,lt3
4227,4318,OADMET-0006433,1.845,as1,lt3,4,0.630925178527832,0.12053707987070084,0.24622763693332672,0.0022440871689468622,6.603385554626584e-05,lt3
4228,4320,OADMET-0006431,4.005,as1,4to5,2,0.009785359725356102,0.04606197029352188,0.805489182472229,0.13847695291042328,0.0001864447840489447,4to5
4229,4321,OADMET-0006430,5.285,as1,5to6,0,0.00017905986169353127,0.0013275223318487406,0.08356735855340958,0.886126697063446,0.028799308463931084,5to6
4230,4322,OADMET-0006429,5.37,as1,5to6,4,1.2527623027835944e-07,6.163989746710286e-05,0.11171518266201019,0.8752479553222656,0.012975108809769154,5to6
4231,4324,OADMET-0006427,3.38,as1,3to4,0,0.003041517687961459,0.4152996242046356,0.29051291942596436,0.27643460035324097,0.01471142377704382,3to4
4232,4327,OADMET-0006424,5.38,as1,5to6,2,1.6100695177101443e-07,2.074467374768574e-06,0.002206651959568262,0.5923519730567932,0.4054391086101532,5to6
4233,4331,OADMET-0006420,6.140000000000001,as1,gte6,2,7.560709036624758e-08,2.54013480116555e-06,0.0027141713071614504,0.8410095572471619,0.15627364814281464,5to6
4234,4333,OADMET-0006418,3.84,as1,3to4,4,0.00730145163834095,0.01354832574725151,0.8802991509437561,0.09789738804101944,0.0009537625592201948,4to5
4235,4335,OADMET-0006416,6.015,as1,gte6,2,1.6835862481912045e-07,4.766527581523405e-06,0.0032664183527231216,0.8470349311828613,0.14969366788864136,5to6
4236,4336,OADMET-0006415,5.505000000000001,as1,5to6,0,0.0017885352717712522,0.007296002469956875,0.367347776889801,0.556503415107727,0.0670643225312233,5to6
4237,4337,OADMET-0006414,3.74,as1,3to4,2,0.3162972331047058,0.4656878113746643,0.19923008978366852,0.0176369808614254,0.0011479170061647892,3to4
4238,4338,OADMET-0006413,5.995,as1,5to6,2,0.0008417786448262632,0.006209761369973421,0.6163082718849182,0.37536343932151794,0.0012767675798386335,4to5
4239,4339,OADMET-0006412,5.735,as1,5to6,2,1.0255361303279642e-05,3.9395839849021286e-05,0.016103753820061684,0.8793826699256897,0.10446396470069885,5to6
4240,4341,OADMET-0006410,2.535,as1,lt3,1,0.25503650307655334,0.361937016248703,0.2963922917842865,0.08199461549520493,0.0046396381221711636,3to4
4241,4342,OADMET-0006409,6.005,as1,gte6,2,1.125727067119442e-05,0.07560878247022629,0.2566177248954773,0.6041375398635864,0.06362476199865341,5to6
4242,4343,OADMET-0006408,5.805,as1,5to6,2,1.8950603362100082e-06,2.120609860867262e-05,0.01182760950177908,0.9445065855979919,0.04364273324608803,5to6
4243,4347,OADMET-0006404,5.465,as1,5to6,3,2.088934252242325e-06,0.00012750561290886253,0.48130282759666443,0.518047034740448,0.0005205817287787795,5to6
4244,4348,OADMET-0006401,4.74,as1,4to5,1,5.872370456927456e-05,0.006086844950914383,0.3982135057449341,0.5947896838188171,0.0008512451313436031,5to6
4245,4349,OADMET-0006400,4.835,as1,4to5,3,0.00030624191276729107,0.013190483674407005,0.813044548034668,0.1732332557439804,0.00022552261361852288,4to5
4246,4350,OADMET-0006399,5.17,as1,5to6,3,1.755604905895325e-08,4.684927262132987e-06,0.059677839279174805,0.9393297433853149,0.0009877346456050873,5to6
4247,4353,OADMET-0006396,5.779999999999999,as1,5to6,2,0.0001462930958950892,0.0022801111917942762,0.17306029796600342,0.8224915862083435,0.0020217029377818108,5to6
4248,4354,OADMET-0006395,5.07,as1,5to6,0,0.003562655532732606,0.04520536586642265,0.43692344427108765,0.496246874332428,0.018061619251966476,5to6
4249,4356,OADMET-0006393,5.3100000000000005,as1,5to6,1,1.596416041138582e-06,0.00020181706349831074,0.027324963361024857,0.8895255327224731,0.08294610679149628,5to6
4250,4362,OADMET-0006386,6.26,as1,gte6,2,1.3809436723022372e-06,0.0014681947650387883,0.03337358310818672,0.9376667737960815,0.027490075677633286,5to6
4251,4363,OADMET-0006385,4.125,as1,4to5,1,0.03317613899707794,0.13697300851345062,0.7648810148239136,0.0647984966635704,0.00017135535017587245,4to5
4252,4369,OADMET-0006379,2.97,as1,lt3,1,0.1390611231327057,0.2422204166650772,0.5889714956283569,0.029647022485733032,0.00010002949420595542,4to5
4253,4370,OADMET-0006378,4.859999999999999,as1,4to5,3,3.514052878017537e-05,0.010751422494649887,0.892549991607666,0.09649652987718582,0.00016695760132279247,4to5
4254,4372,OADMET-0006375,4.970000000000001,as1,4to5,2,0.006733880843967199,0.03542286157608032,0.9197289347648621,0.03772216662764549,0.00039216040750034153,4to5
4255,4373,OADMET-0006374,5.6,as1,5to6,0,4.128256477997638e-05,0.001913752406835556,0.22368976473808289,0.7262445092201233,0.048110753297805786,5to6
4256,4375,OADMET-0006372,4.855,as1,4to5,4,0.011868111789226532,0.01450255699455738,0.8938210606575012,0.07953400164842606,0.0002743291843216866,4to5
4257,4376,OADMET-0006371,4.895,as1,4to5,3,8.31130746519193e-05,0.006154085975140333,0.6654636263847351,0.3271375298500061,0.0011616343399509788,4to5
4258,4378,OADMET-0006369,3.47,as1,3to4,4,0.7520822286605835,0.19545897841453552,0.052194952964782715,0.00022786521003581583,3.593021756387316e-05,lt3
4259,4379,OADMET-0006368,5.79,as1,5to6,0,7.356034984695725e-06,5.319017145666294e-05,0.008473276160657406,0.6045393347740173,0.3869268298149109,5to6
4260,4381,OADMET-0006366,5.915,as1,5to6,1,9.700627288111718e-07,0.00010511361324461177,0.03865969926118851,0.925489604473114,0.03574466332793236,5to6
4261,4384,OADMET-0006363,3.445,as1,3to4,3,0.4764404594898224,0.5208447575569153,0.002667112508788705,3.612047657952644e-05,1.1587452718231361e-05,3to4
4262,4387,OADMET-0006360,5.475,as1,5to6,2,0.00010077016486320645,0.0041085961274802685,0.4572902023792267,0.5330775380134583,0.005422902759164572,5to6
4263,4396,OADMET-0006351,5.58,as1,5to6,2,1.4884411939419806e-05,0.0008719112374819815,0.3605870008468628,0.6223263144493103,0.01619986817240715,5to6
4264,4397,OADMET-0006350,4.87,as1,4to5,3,2.8502688564913115e-06,0.0022569329012185335,0.3771815001964569,0.6168720722198486,0.00368664413690567,5to6
4265,4400,OADMET-0006347,5.58,as1,5to6,4,0.004773297812789679,0.011635808274149895,0.9201343059539795,0.06235899403691292,0.0010976187186315656,4to5
4266,4403,OADMET-0006344,4.195,as1,4to5,3,0.715462863445282,0.2507671117782593,0.0234692320227623,0.008765356615185738,0.0015354950446635485,lt3
4267,4406,OADMET-0006341,4.65,as1,4to5,1,0.0006105529027990997,0.050811123102903366,0.4815101623535156,0.4597078263759613,0.007360352203249931,4to5
4268,4407,OADMET-0006340,5.2,as1,5to6,4,3.326475416542962e-05,0.0001325338234892115,0.31264016032218933,0.6842410564422607,0.0029530019965022802,5to6
4269,4411,OADMET-0006336,1.805,as1,lt3,2,0.0029530662577599287,0.06129617616534233,0.8676118850708008,0.06739119440317154,0.0007476593018509448,4to5
4270,4412,OADMET-0006335,3.665,as1,3to4,1,0.17015235126018524,0.3016084134578705,0.4379751980304718,0.08692289143800735,0.0033411686308681965,4to5
4271,4413,OADMET-0006334,4.91,as1,4to5,0,0.0023131000343710184,0.18598859012126923,0.35932180285453796,0.42865633964538574,0.02372017689049244,5to6
4272,4416,OADMET-0006331,4.88,as1,4to5,4,0.0024128821678459644,0.001733133802190423,0.27817344665527344,0.7128512263298035,0.004829270299524069,5to6
4273,4419,OADMET-0006328,4.869999999999999,as1,4to5,3,0.0009761336841620505,0.19338858127593994,0.7633206248283386,0.04203524440526962,0.0002794838510453701,4to5
4274,4421,OADMET-0006326,5.24,as1,5to6,0,0.006548300851136446,0.025629790499806404,0.8574480414390564,0.10763253271579742,0.002741368254646659,4to5
4275,4423,OADMET-0006324,4.215,as1,4to5,2,0.030639149248600006,0.2594554126262665,0.5801535844802856,0.1286650151014328,0.00108680862467736,4to5
4276,4429,OADMET-0006318,5.745,as1,5to6,1,1.2117325240978971e-06,0.0001641800772631541,0.1518172323703766,0.8475844860076904,0.00043294933857396245,5to6
4277,4434,OADMET-0006313,5.07,as1,5to6,3,7.706344717917091e-07,9.421862341696396e-05,0.19235436618328094,0.8062106966972351,0.0013398826122283936,5to6
4278,4436,OADMET-0006311,4.725,as1,4to5,3,0.00015612412244081497,0.2389104962348938,0.6927788853645325,0.06783227622509003,0.0003222046361770481,4to5
4279,4439,OADMET-0006308,4.795,as1,4to5,2,4.185981742921285e-05,0.0001967582356883213,0.2221670001745224,0.7679648995399475,0.009629534557461739,5to6
4280,4441,OADMET-0006306,5.24,as1,5to6,1,0.00027708514244295657,0.006053579971194267,0.5071220993995667,0.4860585033893585,0.0004887632676400244,4to5
4281,4442,OADMET-0006305,3.565,as1,3to4,3,0.01586541160941124,0.5860872268676758,0.39380115270614624,0.004173729103058577,7.255039236042649e-05,3to4
4282,4443,OADMET-0006304,5.025,as1,5to6,2,0.00017716876755002886,0.47275447845458984,0.3942076861858368,0.1322963535785675,0.0005643184413202107,3to4
4283,4444,OADMET-0006303,5.875,as1,5to6,1,2.0790682810911676e-06,0.0001424405927537009,0.05618450418114662,0.9304052591323853,0.013265786692500114,5to6
4284,4445,OADMET-0006302,5.495,as1,5to6,0,4.0901661122916266e-05,0.00402045575901866,0.21586596965789795,0.7281892895698547,0.051883433014154434,5to6
4285,4446,OADMET-0006301,5.58,as1,5to6,3,9.596158633939922e-06,0.1051708534359932,0.7231141328811646,0.1701807826757431,0.001524613588117063,4to5
4286,4448,OADMET-0006299,4.725,as1,4to5,2,0.03355945646762848,0.12829411029815674,0.6309211254119873,0.2063995599746704,0.0008257845183834434,4to5
4287,4449,OADMET-0006298,4.26,as1,4to5,3,0.005385002586990595,0.14207644760608673,0.805452823638916,0.046943485736846924,0.00014230425585992634,4to5
4288,4451,OADMET-0006296,5.890000000000001,as1,5to6,2,7.817716686986387e-05,0.029188646003603935,0.41450005769729614,0.5543307065963745,0.0019024049397557974,5to6
4289,4453,OADMET-0006294,5.185,as1,5to6,0,0.0020607111509889364,0.02136770449578762,0.4702005684375763,0.4926794469356537,0.013691606931388378,5to6
4290,4455,OADMET-0006292,4.34,as1,4to5,1,0.0010612787446007133,0.12154367566108704,0.5481641888618469,0.32887643575668335,0.0003544922510627657,4to5
4291,4457,OADMET-0006290,3.2750000000000004,as1,3to4,1,0.06946910172700882,0.6343838572502136,0.2861020863056183,0.009658532217144966,0.0003864743048325181,3to4
4292,4459,OADMET-0006288,4.98,as1,4to5,1,0.00017871605814434588,0.019473468884825706,0.3879181444644928,0.5915718078613281,0.0008578611887060106,5to6
4293,4460,OADMET-0006287,4.055,as1,4to5,3,0.00013836208381690085,0.00700190756469965,0.5782639980316162,0.3654302656650543,0.04916546493768692,4to5
4294,4462,OADMET-0006285,3.57,as1,3to4,0,0.1374618262052536,0.26166030764579773,0.50179123878479,0.08862904459238052,0.01045770850032568,4to5
4295,4463,OADMET-0006284,6.08,as1,gte6,4,0.01107505802065134,0.022077560424804688,0.5838283896446228,0.37757349014282227,0.005445447284728289,4to5
4296,4464,OADMET-0006283,5.16,as1,5to6,4,0.003158261300995946,0.0016662772977724671,0.21248967945575714,0.7760546803474426,0.006631157826632261,5to6
4297,4467,OADMET-0006280,5.275,as1,5to6,4,2.6183436148130568e-06,0.0010836361907422543,0.5542698502540588,0.43743306398391724,0.007210911717265844,4to5
4298,4470,OADMET-0006277,2.505,as1,lt3,1,0.7159342169761658,0.19756384193897247,0.08060451596975327,0.005374673288315535,0.0005228062509559095,lt3
4299,4472,OADMET-0006275,3.415,as1,3to4,1,0.04539713263511658,0.36980342864990234,0.542922854423523,0.0415286049246788,0.00034804613096639514,4to5
4300,4473,OADMET-0006274,4.5600000000000005,as1,4to5,3,3.1356488761957735e-05,0.000991309992969036,0.7767796516418457,0.22184650599956512,0.0003512112016323954,4to5
4301,4474,OADMET-0006273,5.55,as1,5to6,4,2.6946750608658476e-08,4.486508714762749e-06,0.08191299438476562,0.9113149642944336,0.006767510436475277,5to6
4302,4475,OADMET-0006272,4.824999999999999,as1,4to5,2,0.006902429740875959,0.07321899384260178,0.6635610461235046,0.2542004883289337,0.0021170489490032196,4to5
4303,4476,OADMET-0006271,5.4,as1,5to6,3,1.0021881280408707e-06,0.00010728299821494147,0.11919993162155151,0.8588249087333679,0.02186686545610428,5to6
4304,4477,OADMET-0006270,2.765,as1,lt3,1,0.013455964624881744,0.10104598850011826,0.8360366821289062,0.04830387234687805,0.001157497870735824,4to5
4305,4479,OADMET-0006268,5.335,as1,5to6,4,0.0021596518345177174,0.02063087373971939,0.8869150876998901,0.09008869528770447,0.00020567850151564926,4to5
4306,4481,OADMET-0006266,2.815,as1,lt3,1,0.7387923002243042,0.2003524899482727,0.05996439605951309,0.0008076416561380029,8.31906872917898e-05,lt3
4307,4483,OADMET-0006264,4.275,as1,4to5,2,0.00014425891276914626,0.0024387601297348738,0.8035936951637268,0.1929498314857483,0.0008734518196433783,4to5
4308,4485,OADMET-0006262,4.96,as1,4to5,3,0.0012179433833807707,0.08648131042718887,0.7232317924499512,0.17577198147773743,0.013296992518007755,4to5
4309,4486,OADMET-0006260,3.1100000000000003,as1,3to4,3,0.45838120579719543,0.5370731353759766,0.00453871488571167,5.858322310814401e-06,1.1419431302783778e-06,3to4
4310,4487,OADMET-0006259,5.59,as1,5to6,3,3.829714856351529e-08,1.2898692148155533e-05,0.028205623850226402,0.9669399261474609,0.004841525573283434,5to6
4311,4489,OADMET-0006257,3.58,as1,3to4,0,0.20458382368087769,0.5263697504997253,0.2530337870121002,0.012092881835997105,0.00391975836828351,3to4
4312,4490,OADMET-0006256,3.735,as1,3to4,1,0.0013032002607360482,0.2040206491947174,0.6519873738288879,0.1423330456018448,0.0003557654854375869,4to5
4313,4491,OADMET-0006255,5.775,as1,5to6,4,4.6747321903239936e-05,2.2865169739816338e-05,0.007451375015079975,0.7615976333618164,0.23088140785694122,5to6
4314,4493,OADMET-0006252,4.69,as1,4to5,3,0.4697478711605072,0.31388670206069946,0.19817283749580383,0.017461031675338745,0.0007315801922231913,lt3
4315,4494,OADMET-0006251,5.445,as1,5to6,4,0.0020007749553769827,0.007604401558637619,0.8302114009857178,0.15946540236473083,0.0007180211832746863,4to5
4316,4496,OADMET-0006249,1.96,as1,lt3,3,0.2984023690223694,0.6373698711395264,0.063808873295784,0.000393131747841835,2.5739789634826593e-05,3to4
4317,4499,OADMET-0006246,3.5700000000000003,as1,3to4,1,0.09626945108175278,0.6050080060958862,0.24504223465919495,0.053208447992801666,0.00047183854621835053,3to4
4318,4500,OADMET-0006245,5.87,as1,5to6,4,0.002084579784423113,0.009533071890473366,0.4661775231361389,0.4958406388759613,0.026364238932728767,5to6
4319,4501,OADMET-0006244,3.875,as1,3to4,1,0.9298977255821228,0.06482919305562973,0.005237380973994732,3.0768413125770167e-05,4.9716313696990255e-06,lt3
4320,4508,OADMET-0006237,3.125,as1,3to4,1,0.5120936632156372,0.3204529285430908,0.11111026257276535,0.05323254317045212,0.0031106022652238607,lt3
4321,4511,OADMET-0006234,5.365,as1,5to6,2,7.80609916546382e-05,0.38789376616477966,0.38824033737182617,0.22046422958374023,0.0033235265873372555,4to5
4322,4512,OADMET-0006233,4.515000000000001,as1,4to5,3,0.23582926392555237,0.7508465647697449,0.013202836737036705,9.763212437974289e-05,2.3673481337027624e-05,3to4
4323,4513,OADMET-0006232,4.815,as1,4to5,4,0.0005480335676111281,0.005160058848559856,0.6543281078338623,0.3395441472530365,0.0004196500813122839,4to5
4324,4515,OADMET-0006230,3.035,as1,3to4,3,0.06890284270048141,0.711590051651001,0.214674711227417,0.004636323545128107,0.0001960691879503429,3to4
4325,4517,OADMET-0006228,5.470000000000001,as1,5to6,1,3.1919818866299465e-05,0.00047824913053773344,0.07632450759410858,0.9075021147727966,0.015663186088204384,5to6
4326,4518,OADMET-0006227,3.795,as1,3to4,1,0.19410210847854614,0.23386333882808685,0.5114914178848267,0.058253511786460876,0.002289676573127508,4to5
4327,4519,OADMET-0006226,4.955,as1,4to5,3,0.004287262912839651,0.017078600823879242,0.7565422654151917,0.21901226043701172,0.0030794795602560043,4to5
4328,4520,OADMET-0006225,5.055,as1,5to6,4,0.004978658631443977,0.010817443951964378,0.9088830351829529,0.0749565064907074,0.00036433900822885334,4to5
4329,4521,OADMET-0006224,2.6100000000000003,as1,lt3,3,0.8345080018043518,0.13896654546260834,0.026044871658086777,0.00038584659341722727,9.476309787714854e-05,lt3
4330,4522,OADMET-0006222,3.665,as1,3to4,2,0.08616729080677032,0.3982342481613159,0.5016258358955383,0.012713991105556488,0.001258696662262082,4to5
4331,4524,OADMET-0006219,4.949999999999999,as1,4to5,2,0.0024687210097908974,0.036198511719703674,0.8803109526634216,0.08076134324073792,0.0002605227055028081,4to5
4332,4525,OADMET-0006218,5.165,as1,5to6,2,0.010856332257390022,0.03291603922843933,0.5704628229141235,0.3850848972797394,0.0006799861439503729,4to5
4333,4530,OADMET-0006213,3.475,as1,3to4,4,0.7232329845428467,0.26879701018333435,0.007953779771924019,1.5090548004081938e-05,1.1632675978034968e-06,lt3
4334,4533,OADMET-0006210,4.8100000000000005,as1,4to5,3,0.00036254237056709826,0.006496971473097801,0.9073519110679626,0.08549344539642334,0.00029514526249840856,4to5
4335,4534,OADMET-0006209,3.41,as1,3to4,4,0.8094980716705322,0.1900215446949005,0.00048038235399872065,7.823347658586499e-08,6.625555215578061e-09,lt3
4336,4535,OADMET-0006208,5.105,as1,5to6,1,7.717492735537235e-06,0.0025965713430196047,0.3502921164035797,0.646793782711029,0.00030984662589617074,5to6
4337,4537,OADMET-0006206,4.02,as1,4to5,3,0.021158600226044655,0.07655255496501923,0.8028407096862793,0.09792567044496536,0.0015225318493321538,4to5
4338,4539,OADMET-0006204,4.67,as1,4to5,2,2.4024663503041666e-07,2.865538817786728e-06,0.006633683107793331,0.9019244909286499,0.09143873304128647,5to6
4339,4540,OADMET-0006203,4.895,as1,4to5,0,0.20830993354320526,0.2812613844871521,0.45020437240600586,0.05693497881293297,0.0032893954776227474,4to5
4340,4541,OADMET-0006202,6.0600000000000005,as1,gte6,1,2.0174535109163116e-07,5.260737816570327e-05,0.02330864407122135,0.9411942362785339,0.03544430434703827,5to6
4341,4542,OADMET-0006201,3.995,as1,3to4,2,0.004810397047549486,0.06320424377918243,0.8543265461921692,0.07562752068042755,0.0020313409622758627,4to5
4342,4543,OADMET-0006200,5.41,as1,5to6,2,0.00013080105418339372,0.0008395560435019433,0.1956923007965088,0.7783178091049194,0.02501952275633812,5to6
4343,4547,OADMET-0006196,4.710000000000001,as1,4to5,0,0.009268440306186676,0.5071431994438171,0.3608534336090088,0.1177254244685173,0.005009487271308899,3to4
4344,4551,OADMET-0006192,4.44,as1,4to5,0,0.002697685733437538,0.09679199010133743,0.6710672974586487,0.2252557873725891,0.004187226295471191,4to5
4345,4552,OADMET-0006191,4.21,as1,4to5,3,0.039069030433893204,0.058695606887340546,0.8928973078727722,0.008710017427802086,0.0006280564703047276,4to5
4346,4557,OADMET-0006186,4.84,as1,4to5,1,5.274335308058653e-06,2.9815249945386313e-05,0.14833182096481323,0.8450543880462646,0.006578710395842791,5to6
4347,4558,OADMET-0006185,5.92,as1,5to6,4,3.668506209919542e-08,3.498460955597693e-06,0.12448947876691818,0.8614663481712341,0.014040673151612282,5to6
4348,4560,OADMET-0006183,3.3200000000000003,as1,3to4,1,0.005443171132355928,0.03348599001765251,0.8254555463790894,0.13450674712657928,0.0011086070444434881,4to5
4349,4561,OADMET-0006182,5.505,as1,5to6,4,0.008362620137631893,0.007577004376798868,0.7340383529663086,0.24740226566791534,0.0026197938714176416,4to5
4350,4563,OADMET-0006180,5.86,as1,5to6,4,5.609473330281389e-09,1.2137001021983451e-06,0.016463231295347214,0.938478946685791,0.045056622475385666,5to6
4351,4567,OADMET-0006176,4.185,as1,4to5,1,0.12974336743354797,0.7645421624183655,0.09333998709917068,0.012106443755328655,0.0002681174373719841,3to4
4352,4573,OADMET-0006170,4.74,as1,4to5,0,0.001853902474977076,0.014788869768381119,0.9140715003013611,0.06833826005458832,0.0009474927792325616,4to5
4353,4582,OADMET-0006161,4.34,as1,4to5,2,0.01162433996796608,0.20882648229599,0.4448320269584656,0.3253690302371979,0.009348047897219658,4to5
4354,4583,OADMET-0006160,5.405,as1,5to6,3,7.076412344986238e-08,0.00013165880227461457,0.14912407100200653,0.846993625164032,0.003750554984435439,5to6
4355,4584,OADMET-0006158,3.9,as1,3to4,3,0.1359827071428299,0.590464174747467,0.270973801612854,0.0024648644030094147,0.00011444960546214134,3to4
4356,4587,OADMET-0006155,5.25,as1,5to6,4,0.0002400887751718983,0.0010879188776016235,0.6668857336044312,0.33074837923049927,0.0010379013838246465,4to5
4357,4590,OADMET-0006151,5.145,as1,5to6,4,1.2320592759351712e-05,3.2986114092636853e-05,0.18939073383808136,0.7978291511535645,0.012734819203615189,5to6
4358,4591,OADMET-0006150,4.68,as1,4to5,0,0.0009314215276390314,0.007411843165755272,0.6267786622047424,0.34227973222732544,0.022598357871174812,4to5
4359,4592,OADMET-0006149,4.66,as1,4to5,1,2.8855214623035863e-05,0.0026913853362202644,0.33780670166015625,0.6544649004936218,0.005008157808333635,5to6
4360,4593,OADMET-0006148,5.164999999999999,as1,5to6,4,1.3891674825572409e-05,8.823969983495772e-05,0.1225389689207077,0.5783094763755798,0.2990494668483734,5to6
4361,4595,OADMET-0006146,6.345000000000001,as1,gte6,0,4.1029372255252383e-07,3.511152681312524e-05,0.03072558529675007,0.8653996586799622,0.10383916646242142,5to6
4362,4599,OADMET-0006141,5.390000000000001,as1,5to6,0,0.0003931903338525444,0.006563079077750444,0.21828854084014893,0.6108525395393372,0.1639026403427124,5to6
4363,4600,OADMET-0006140,5.13,as1,5to6,0,0.0027961591258645058,0.008501734584569931,0.3407297134399414,0.6253446340560913,0.02262777090072632,5to6
4364,4601,OADMET-0006139,4.49,as1,4to5,1,0.05827619880437851,0.04474877566099167,0.7680901885032654,0.12714612483978271,0.0017387460684403777,4to5
4365,4605,OADMET-0006135,5.4350000000000005,as1,5to6,0,0.00011422058014431968,0.0029374908190220594,0.3855685293674469,0.5917848348617554,0.019594864919781685,5to6
4366,4606,OADMET-0006134,5.59,as1,5to6,0,0.0015468120109289885,0.002140815369784832,0.06672459840774536,0.4954325258731842,0.4341552257537842,5to6
4367,4608,OADMET-0006132,5.465,as1,5to6,4,2.534827956424124e-07,0.00010051114804809913,0.242768794298172,0.7429698705673218,0.014160563237965107,5to6
4368,4609,OADMET-0006131,5.495,as1,5to6,1,4.880185952060856e-05,0.001973022473976016,0.3040669858455658,0.6843055486679077,0.00960561167448759,5to6
4369,4611,OADMET-0006129,5.44,as1,5to6,1,5.395050948209246e-07,8.406768756685778e-05,0.026970000937581062,0.9300139546394348,0.04293148219585419,5to6
4370,4612,OADMET-0006128,5.335,as1,5to6,4,1.1374846508260816e-05,0.0010249633342027664,0.6547496318817139,0.31843215227127075,0.025781843811273575,4to5
4371,4615,OADMET-0006125,5.470000000000001,as1,5to6,1,1.4496623407467268e-05,0.000602522399276495,0.08764050155878067,0.8751108646392822,0.03663157671689987,5to6
4372,4617,OADMET-0006123,2.56,as1,lt3,3,0.8156790137290955,0.16313102841377258,0.020902885124087334,0.00022341153817251325,6.368339381879196e-05,lt3
4373,4619,OADMET-0006121,5.195,as1,5to6,1,0.00014160931459628046,0.004329104442149401,0.11813293397426605,0.8688470721244812,0.008549319580197334,5to6
4374,4620,OADMET-0006120,4.725,as1,4to5,3,0.07091197371482849,0.18281146883964539,0.7362307906150818,0.009928140789270401,0.00011765426461352035,4to5
4375,4621,OADMET-0006119,3.955,as1,3to4,2,0.0009244855027645826,0.7773142457008362,0.2030036598443985,0.01863398216664791,0.00012370834883768111,3to4
4376,4623,OADMET-0006117,4.92,as1,4to5,0,0.00015545809583272785,0.0031456798315048218,0.2662088871002197,0.6947996616363525,0.035690344870090485,5to6
4377,4624,OADMET-0006116,4.485,as1,4to5,2,0.01445106789469719,0.4020345211029053,0.570052444934845,0.013379916548728943,8.202235767384991e-05,4to5
4378,4625,OADMET-0006115,5.27,as1,5to6,4,0.00013051745190750808,0.0007824358763173223,0.632874071598053,0.36483895778656006,0.001374015468172729,4to5
4379,4627,OADMET-0006113,4.800000000000001,as1,4to5,1,0.21831990778446198,0.6563092470169067,0.11657543480396271,0.00869719311594963,9.811748168431222e-05,3to4
4380,4629,OADMET-0006111,5.31,as1,5to6,0,0.00020003689860459417,0.03039243444800377,0.23675791919231415,0.7023457288742065,0.03030388616025448,5to6
4381,4632,OADMET-0006108,2.56,as1,lt3,1,0.9343436360359192,0.0569811575114727,0.008599289692938328,6.943338667042553e-05,6.489409315690864e-06,lt3
4382,4635,OADMET-0006105,5.905,as1,5to6,4,0.001517395256087184,0.008697434328496456,0.6232032775878906,0.36545929312705994,0.0011226097121834755,4to5
4383,4637,OADMET-0006103,3.765,as1,3to4,1,0.014275655150413513,0.07868696004152298,0.5276101231575012,0.37349817156791687,0.005929132923483849,4to5
4384,4638,OADMET-0006102,4.955,as1,4to5,2,0.000256898085353896,0.00495154969394207,0.35081231594085693,0.6402369737625122,0.0037422769237309694,5to6
4385,4640,OADMET-0006100,5.234999999999999,as1,5to6,3,7.188070867414353e-07,0.00022367341443896294,0.5155296325683594,0.4835917055606842,0.0006542613846249878,4to5
4386,4644,OADMET-0006096,2.49,as1,lt3,3,0.27777495980262756,0.5220616459846497,0.19747638702392578,0.002218245528638363,0.00046867530909366906,3to4
4387,4646,OADMET-0006094,5.165,as1,5to6,3,4.441582132130861e-05,0.004068372771143913,0.8213834166526794,0.17424239218235016,0.0002614037657622248,4to5
4388,4648,OADMET-0006092,5.795,as1,5to6,4,0.007502772845327854,0.012690817937254906,0.618131697177887,0.3577571511268616,0.003917623311281204,4to5
4389,4649,OADMET-0006091,4.94,as1,4to5,0,0.026724759489297867,0.12215958535671234,0.7998889684677124,0.050146736204624176,0.001079925219528377,4to5
4390,4651,OADMET-0004676,5.085,as1,5to6,0,0.0003705813433043659,0.002386224688962102,0.14827090501785278,0.7910988330841064,0.057873472571372986,5to6
4391,4652,OADMET-0004675,4.895,as1,4to5,4,0.0008902995614334941,0.014616124331951141,0.9039321541786194,0.08048394322395325,7.746605115244165e-05,4to5
4392,4653,OADMET-0004674,4.995,as1,4to5,0,0.05639827623963356,0.012361741624772549,0.5744612812995911,0.3315649628639221,0.02521369978785515,4to5
