pool_idx,compound_id,molecule_name,pec50,source,true_bin,fold,p_lt3,p_3to4,p_4to5,p_5to6,p_gte6,pred_bin
0,1,OADMET-0006089,5.27,train,5to6,4,0.012643644798161095,0.036178220669932634,0.3541335522890128,0.41198319887341706,0.18506138336947645,5to6
1,2,OADMET-0006088,5.08,train,5to6,2,0.04834182416374015,0.13634116541322572,0.47048883228037264,0.26791267788670425,0.07691550025595724,4to5
2,3,OADMET-0006087,5.12,train,5to6,0,0.0011846718593022927,0.007570690314999591,0.20048357121553156,0.539416420951743,0.25134464565842346,5to6
3,4,OADMET-0006086,5.23,train,5to6,3,0.028913762828946865,0.08950907286862848,0.3826105998261157,0.35466257934292844,0.14430398513338044,4to5
4,5,OADMET-0006085,5.28,train,5to6,0,0.0037773432387375365,0.033491597975370484,0.47513400508300097,0.4191129382283464,0.06848411547454462,4to5
5,6,OADMET-0006084,4.5,train,4to5,3,0.12347892927254256,0.44063661092462497,0.3755387074052054,0.04889553808971477,0.011450214307912295,3to4
6,7,OADMET-0006083,4.66,train,4to5,0,0.0003989299242521762,0.0033438223917246256,0.1670955845177506,0.5988721770844493,0.2302894860818233,5to6
7,8,OADMET-0006082,5.18,train,5to6,1,0.16484464090896245,0.36266021569593937,0.3254817304953288,0.0906910415481388,0.05632237135163056,3to4
8,9,OADMET-0006081,4.31,train,4to5,1,0.0461062874958131,0.2974393201560162,0.5347867905281415,0.102163219703554,0.019504382116475212,4to5
9,10,OADMET-0006080,4.24,train,4to5,3,0.014344047254969199,0.05068879310996914,0.40613377972100445,0.3945041077578617,0.1343292721561955,4to5
10,11,OADMET-0006079,5.3,train,5to6,1,0.038294210459378204,0.1942934066907554,0.564657679726814,0.16633283844094218,0.03642186468211018,4to5
11,12,OADMET-0006078,4.19,train,4to5,0,0.023248456331907003,0.28063988581061405,0.5819165088909994,0.1010997366119186,0.013095412354560895,4to5
12,13,OADMET-0006077,5.07,train,5to6,1,0.0011242966610894248,0.012811522640026302,0.3995132653618829,0.48381965254144366,0.1027312627955577,5to6
13,14,OADMET-0006076,5.12,train,5to6,4,0.009659938514232635,0.07232560962438583,0.5221372842788696,0.3531482517719269,0.04272891581058502,4to5
14,15,OADMET-0006075,5.03,train,5to6,3,0.0008986192359697363,0.011345278216617,0.39461263386086426,0.5261661127904721,0.06697735589607691,5to6
15,16,OADMET-0006074,5.14,train,5to6,0,0.00349073809159602,0.036494699526137216,0.5776208827693184,0.34897220653049216,0.033421473082456195,4to5
16,17,OADMET-0006073,5.07,train,5to6,0,0.002486496443860147,0.0213689597345303,0.3186444910732456,0.5158900574110606,0.1416099953373033,5to6
17,18,OADMET-0006072,5.44,train,5to6,0,0.01730064328462844,0.17018313959513812,0.608532974251106,0.17160196858051371,0.03238127428861371,4to5
18,19,OADMET-0006071,3.96,train,3to4,0,0.017744709313785505,0.14907399171584534,0.5671069784995427,0.2097366590067688,0.05633766146405764,4to5
19,20,OADMET-0006070,4.36,train,4to5,0,0.0006380132776813984,0.015163585509068966,0.5207938263848498,0.4306990758975887,0.03270549893081112,4to5
20,21,OADMET-0006069,5.19,train,5to6,0,0.00036093261921027285,0.00991126179026831,0.46076230569073023,0.49315582175294925,0.035809678146841904,5to6
21,22,OADMET-0006068,4.76,train,4to5,3,0.07012142254062262,0.3131829208008627,0.4864235827446423,0.10115531105763337,0.02911676285623901,4to5
22,23,OADMET-0006067,4.74,train,4to5,1,0.13161234459569793,0.485856559232946,0.3238408541393216,0.04648601229126742,0.012204229740766959,3to4
23,24,OADMET-0006066,5.02,train,5to6,2,0.0009370974513538062,0.004962278257576059,0.1340005300966065,0.5438931200108781,0.3162069741835856,5to6
24,25,OADMET-0006065,5.2,train,5to6,4,0.0021401528514979153,0.0037638226362310748,0.06406569881383878,0.38122482037569083,0.5488055053227414,gte6
25,26,OADMET-0006064,4.61,train,4to5,4,0.0081994262233462,0.01447948512465529,0.17348421851569087,0.42030274241711585,0.3835341277191918,5to6
26,27,OADMET-0006063,5.44,train,5to6,3,0.027477989505179736,0.14671639387565433,0.4855890038883051,0.23827369847313284,0.10194291425772799,4to5
27,28,OADMET-0006062,4.81,train,4to5,1,0.02135203485096816,0.09885701785024352,0.5368184177314913,0.2668011650375436,0.0761713645297534,4to5
28,29,OADMET-0006061,4.69,train,4to5,3,0.006938548179879232,0.04647684021541411,0.4926682928375014,0.3793671963373889,0.07454912242981639,4to5
29,30,OADMET-0006060,4.87,train,4to5,0,0.006860208241539367,0.026166783682303667,0.32637044833000345,0.49136355587937436,0.14923900386677916,5to6
30,31,OADMET-0006059,4.45,train,4to5,3,0.012802486391381738,0.11382022574240488,0.6264947097613132,0.22406944778606866,0.02281313031883157,4to5
31,32,OADMET-0006058,5.26,train,5to6,1,0.0002348584076797947,0.0018830248017965732,0.05998095453934371,0.4371562270368892,0.5007449352142908,gte6
32,33,OADMET-0006057,4.48,train,4to5,1,0.029728776453093703,0.12111175308419259,0.5568353647835348,0.25018978631512756,0.04213431936405136,4to5
33,34,OADMET-0006056,4.58,train,4to5,4,0.0062434392749622595,0.0817428365025141,0.6514760134466735,0.24225431229445502,0.018283398481395124,4to5
34,35,OADMET-0006055,4.95,train,4to5,2,0.0009386459929653148,0.0041479191983001245,0.1129827306184222,0.5341248303342211,0.34780587385609124,5to6
35,36,OADMET-0006054,4.68,train,4to5,4,0.062061755115303534,0.42215811026772176,0.4286647617258664,0.06961206152256406,0.01750331136854427,4to5
36,37,OADMET-0006053,5.31,train,5to6,2,0.0006882531897859832,0.004345840688469713,0.2035726268534378,0.6145208356356548,0.17687244363265164,5to6
37,38,OADMET-0006052,4.6,train,4to5,4,0.005470063252073208,0.06210508246171789,0.627891448175608,0.28390945503587883,0.02062395107472198,4to5
38,39,OADMET-0006051,5.11,train,5to6,0,0.007112524095940474,0.02616381305568989,0.31615117589760655,0.4868289889508778,0.16374349799988533,5to6
39,40,OADMET-0006050,5.18,train,5to6,4,0.016237902358009145,0.0830213374966281,0.5622191669131598,0.26438157076207286,0.07414002247013009,4to5
40,41,OADMET-0006049,4.85,train,4to5,0,0.034385942573612105,0.18377588536358905,0.588639385523851,0.15707734312915714,0.03612144340979069,4to5
41,42,OADMET-0006048,4.99,train,4to5,0,0.10816983515944885,0.32223762981541954,0.4048099978145585,0.1161837985901006,0.04859873862047252,4to5
42,43,OADMET-0006047,4.93,train,4to5,0,0.004230470824810236,0.03999377751728437,0.45085239011505834,0.4418495258339024,0.06307383570894465,4to5
43,44,OADMET-0006046,5.13,train,5to6,1,0.009168315883762745,0.07408316599018498,0.5938641561686432,0.27985937028808977,0.04302499166931938,4to5
44,45,OADMET-0006045,5.42,train,5to6,4,0.0012998874571616462,0.011366332188008794,0.4344112666083998,0.48544181410450565,0.06748069964192412,5to6
45,46,OADMET-0006044,4.93,train,4to5,0,0.03175358018921665,0.1294775571437817,0.4365870838757247,0.2847021743919133,0.11747960439936359,4to5
46,47,OADMET-0006043,4.72,train,4to5,2,0.007564841075001904,0.07307302730635425,0.6066347773041294,0.2854325088890674,0.027294845425447006,4to5
47,48,OADMET-0006042,5.24,train,5to6,3,0.0003975895438283854,0.003179664421801863,0.14247539330552775,0.5851067177746299,0.2688406349542122,5to6
48,49,OADMET-0006041,5.09,train,5to6,1,0.006258657676529127,0.03380666677906178,0.45082527462042676,0.42623424589573533,0.08287515502824702,4to5
49,50,OADMET-0006040,5.3,train,5to6,1,0.05601730152835686,0.19360856759484354,0.5278551781285421,0.18232073021525663,0.040198222533000816,4to5
50,51,OADMET-0006039,4.18,train,4to5,2,0.20162314915570806,0.25876196254931527,0.2710630494705197,0.112390148923168,0.15616168990128898,4to5
51,52,OADMET-0006038,4.94,train,4to5,2,0.0046174738397623686,0.026984884153781873,0.4084996104245245,0.47106618607406436,0.08883184550786695,5to6
52,53,OADMET-0006037,4.74,train,4to5,1,0.06869892686439215,0.42970537579071216,0.42568870823863714,0.05975462790898532,0.016152361197273195,3to4
53,54,OADMET-0006036,5.2,train,5to6,0,0.005363599805458078,0.027880692555915597,0.33838212127667444,0.4796720989828658,0.14870148737908612,5to6
54,55,OADMET-0006035,5.53,train,5to6,0,0.025501327161654933,0.15830009910333737,0.5501261857317096,0.21775973968238074,0.04831264832091735,4to5
55,56,OADMET-0006034,4.93,train,4to5,2,0.012472192489672055,0.037333901171870784,0.30015336824252503,0.47335730969233614,0.17668322840359596,5to6
56,57,OADMET-0006033,5.14,train,5to6,2,0.004052759777548926,0.018434849125530634,0.28263212124764014,0.5302625499470123,0.16461771990226806,5to6
57,58,OADMET-0006032,4.76,train,4to5,0,0.040960733000042784,0.22675803388192517,0.5411654730929638,0.1529510473942423,0.03816471263082591,4to5
58,59,OADMET-0006031,4.42,train,4to5,0,0.30350555289653636,0.4779036249812383,0.1595533260511728,0.031091378471072212,0.027946117599980357,3to4
59,60,OADMET-0006030,5.06,train,5to6,2,0.09380252892699395,0.17453620168199258,0.38752363194026684,0.22112073820598674,0.12301689924475989,4to5
60,61,OADMET-0006029,4.74,train,4to5,1,0.00020030525777023597,0.0028187359127938736,0.2101611865933054,0.5876895572472232,0.19913021498890732,5to6
61,62,OADMET-0006028,5.23,train,5to6,2,0.00042302071163104324,0.0034128378554441805,0.17893572121976944,0.6199759830680376,0.19725243714511775,5to6
62,63,OADMET-0006027,5.23,train,5to6,1,0.04067166949024402,0.1914086192116849,0.5194896053177055,0.18219950859923034,0.06623059738113528,4to5
63,64,OADMET-0006026,4.64,train,4to5,2,0.054673851809321244,0.3171414508750069,0.5206632139315646,0.09317663528902073,0.014344848095086592,4to5
64,65,OADMET-0006025,5.22,train,5to6,4,0.0023965968859497176,0.016086601106664145,0.3395728848353045,0.4976438403263026,0.14430007684577906,5to6
65,66,OADMET-0006024,4.61,train,4to5,2,0.05770193624211653,0.344837089679099,0.5017074802413356,0.08306208020834029,0.01269141362910866,4to5
66,67,OADMET-0006023,4.98,train,4to5,4,0.021764871744322952,0.03620381139166646,0.2544980247608227,0.3630910969806592,0.32444219512252864,5to6
67,68,OADMET-0006022,4.97,train,4to5,2,0.029808632110705127,0.10168545270087699,0.49121405249580535,0.26453048828433884,0.1127613744082737,4to5
68,69,OADMET-0006021,4.93,train,4to5,0,0.0073751667445756805,0.05376068125128683,0.4702772791774224,0.4067094620254734,0.061877410801241726,4to5
69,70,OADMET-0006020,5.07,train,5to6,0,0.24855737943703038,0.25422454448546195,0.20534150761384162,0.07147110413322831,0.22040546433043773,3to4
70,71,OADMET-0006019,4.73,train,4to5,0,0.0016418141610906264,0.025871066817939995,0.5208082662916653,0.40767494494460205,0.04400390778470196,4to5
71,72,OADMET-0006018,4.63,train,4to5,0,0.08424460127159096,0.43139898696653733,0.3885665826712426,0.07263875739157431,0.023151071699054778,3to4
72,73,OADMET-0006017,5.16,train,5to6,3,0.12696249215472524,0.25484811120414236,0.34670133828961824,0.13122896263469921,0.14025909571681489,4to5
73,74,OADMET-0006016,4.26,train,4to5,2,0.012449405994643226,0.03929932386205104,0.3056183732627453,0.4588815833711506,0.18375131350940976,5to6
74,75,OADMET-0006015,4.51,train,4to5,1,0.06145466589385275,0.12241398740944323,0.3907399300900133,0.27577822167672716,0.14961319492996358,4to5
75,76,OADMET-0006014,5.39,train,5to6,1,0.00248152481174681,0.045998334499089966,0.5960305283178811,0.3125914011026522,0.04289821126862997,4to5
76,77,OADMET-0006013,4.34,train,4to5,0,0.3184049820424611,0.284193315630952,0.21714062145771448,0.08274831124390099,0.09751276962497143,lt3
77,78,OADMET-0006012,4.93,train,4to5,3,0.0032524505724734446,0.04052828206078014,0.44832390035319347,0.45586439447073374,0.05203097254281918,5to6
78,79,OADMET-0006011,5.11,train,5to6,2,0.016021318256219677,0.064066914794835,0.47916694047549546,0.3731323071380762,0.06761251933537366,4to5
79,80,OADMET-0006010,5.28,train,5to6,1,0.0023966162092195873,0.024016429298008544,0.44466335616687674,0.4260322252761625,0.1028913730497326,4to5
80,81,OADMET-0006009,4.11,train,4to5,0,0.03233897637815809,0.15959447384484896,0.5124635620048111,0.25389158347410584,0.04171140429807597,4to5
81,82,OADMET-0006008,4.81,train,4to5,1,0.01749195945895365,0.164371747778417,0.6168046743021547,0.17602147588185815,0.025310142578616465,4to5
82,83,OADMET-0006007,4.99,train,4to5,0,0.06577142534043134,0.44843699833149475,0.4142125505481805,0.060546642795107734,0.01103238298478564,3to4
83,84,OADMET-0006006,4.81,train,4to5,1,0.022439981971459716,0.14105832411595728,0.6029691584649366,0.2013797970732167,0.032152738374429723,4to5
84,85,OADMET-0006005,4.4,train,4to5,3,0.07706005799528157,0.3935490511958576,0.44706406773008345,0.06443065344886245,0.017896169629914967,4to5
85,86,OADMET-0006004,4.69,train,4to5,0,0.011343813967772001,0.025121825649067453,0.19227284895255664,0.4491068834804903,0.3221546279501136,5to6
86,87,OADMET-0006003,4.38,train,4to5,3,0.0677384967764988,0.37930045097023923,0.4585864910272731,0.07601709777142253,0.01835746345456635,4to5
87,88,OADMET-0006002,4.61,train,4to5,0,0.0033765236345789378,0.04657602176795465,0.5467129789186417,0.3538519340744736,0.04948254160435111,4to5
88,89,OADMET-0006001,5.16,train,5to6,4,0.0012226648666158392,0.008055153645268119,0.2878926781941436,0.5668366733038064,0.1359928299901661,5to6
89,90,OADMET-0006000,5.22,train,5to6,1,0.0005197048859732097,0.006666832104479687,0.29133298847273476,0.5616667838590602,0.13981369067775218,5to6
90,91,OADMET-0005999,4.98,train,4to5,3,0.0024790027094296002,0.005384239147504305,0.07898854140611755,0.45316861202994463,0.45997960470700394,gte6
91,92,OADMET-0005998,4.83,train,4to5,1,0.006845791045854786,0.04560832408685216,0.5270165918845666,0.3470509129848535,0.07347837999787286,4to5
92,93,OADMET-0005997,5.11,train,5to6,1,0.00992296790948053,0.06067675905021857,0.5357167551160141,0.3261877791114296,0.0674957388128572,4to5
93,94,OADMET-0005996,4.85,train,4to5,3,0.013992852199516447,0.11716332788533818,0.6030956169053897,0.23583599445266254,0.029912208557093138,4to5
94,95,OADMET-0005995,5.1,train,5to6,1,0.0005509146057543663,0.004097860245199985,0.13667125795475946,0.5153903288036052,0.34328963839068094,5to6
95,96,OADMET-0005994,5.16,train,5to6,4,0.01539684637153885,0.02973844659381573,0.18071680066092605,0.3690449649447645,0.40510294142895487,gte6
96,97,OADMET-0005993,5.08,train,5to6,0,0.007168286411569492,0.058048672465510674,0.5000488439136243,0.3659800493864463,0.06875414782284926,4to5
97,98,OADMET-0005992,4.56,train,4to5,4,0.031249695020973994,0.1891402072370148,0.6111892790292426,0.15468473055382972,0.0137360881589389,4to5
98,99,OADMET-0005991,4.65,train,4to5,1,0.00020265921454634233,0.0025260583822900905,0.18772691730029067,0.5746220424267886,0.23492232267608423,5to6
99,100,OADMET-0005990,4.84,train,4to5,2,0.24206467969185505,0.5083496153962183,0.19458067312548008,0.03054182912439018,0.024463202662056465,3to4
100,101,OADMET-0005989,4.7,train,4to5,1,0.0008742693685812557,0.010290661158366143,0.3536440820462159,0.5241214170871129,0.1110695703397238,5to6
101,102,OADMET-0005988,4.52,train,4to5,4,0.003134204198839975,0.007140270186611391,0.13138013622359365,0.44307549250818595,0.41526989688276905,5to6
102,103,OADMET-0005987,4.83,train,4to5,2,0.010235332829552348,0.06277657093055967,0.5555214165784143,0.33785471234715875,0.033611967314315025,4to5
103,104,OADMET-0005986,4.63,train,4to5,0,0.011983651355335268,0.08692391735141194,0.5710003227107142,0.29702725231948957,0.03306485626304897,4to5
104,105,OADMET-0005985,4.82,train,4to5,4,0.02687421378506781,0.22386422232109535,0.6028828480541043,0.1384486225794856,0.007930093260246952,4to5
105,106,OADMET-0005984,5.35,train,5to6,2,0.4046744055436536,0.43958377264982756,0.09493589277462801,0.018096280979599866,0.042709648052290945,3to4
106,107,OADMET-0005983,4.56,train,4to5,2,0.04322966371495817,0.3092390163482784,0.5334135656520375,0.0999445200922038,0.014173234192522236,4to5
107,108,OADMET-0005982,4.42,train,4to5,1,0.0019996240623316314,0.01702949953994062,0.4038182474459433,0.457205501624166,0.1199471273276184,5to6
108,109,OADMET-0005981,4.5,train,4to5,1,0.10273493233177271,0.32553810981720427,0.45253384480523096,0.08980824279774814,0.02938487024804395,4to5
109,110,OADMET-0005980,4.42,train,4to5,1,0.19838206666824904,0.4339128747825499,0.2859355024849203,0.05621387070513242,0.02555568535914833,3to4
110,111,OADMET-0005979,5.2,train,5to6,3,0.00011965338629308148,0.0005710384876983366,0.033816391802266595,0.37780080368393076,0.5876921126398112,gte6
111,112,OADMET-0005978,4.26,train,4to5,0,0.0398664120646933,0.32137615972309563,0.5235735530232287,0.09148078730884998,0.023703087880132354,4to5
112,113,OADMET-0005977,5.36,train,5to6,3,0.004689182150467129,0.04566317419925409,0.578388451991241,0.3439792391434505,0.027279952515587257,4to5
113,114,OADMET-0005976,5.0,train,4to5,3,0.12357447960877664,0.5528011882029397,0.28368180805279625,0.029224308017110307,0.010718216118377156,3to4
114,115,OADMET-0005975,4.71,train,4to5,3,0.1677840196796357,0.39498892279345943,0.32980897899788253,0.0684619766903595,0.03895610183866284,3to4
115,116,OADMET-0005974,4.06,train,4to5,4,0.2957576703348004,0.6057209165717878,0.09300490321343609,0.004385629019335287,0.001130880860640462,3to4
116,117,OADMET-0005973,4.68,train,4to5,1,0.04018334896396933,0.2858473222244897,0.543835431924207,0.10852095346083604,0.021612943426497843,4to5
117,118,OADMET-0005972,5.11,train,5to6,1,0.014411484038947452,0.06364311343065858,0.47104660159117784,0.3670867123063224,0.08381208863289373,4to5
118,119,OADMET-0005971,4.68,train,4to5,1,0.07267573882472986,0.3505692318748109,0.47845179594812004,0.08514769723882445,0.013155536113514745,4to5
119,120,OADMET-0005970,4.46,train,4to5,3,0.002067338740722758,0.02220342937383484,0.447662337888516,0.4807384464378536,0.04732844755907284,5to6
120,121,OADMET-0005969,4.57,train,4to5,3,0.020226239555292142,0.08485959962428809,0.47615610134136377,0.3366547424598115,0.08210331701924452,4to5
121,122,OADMET-0005968,3.85,train,3to4,1,0.029758659823634227,0.249041524319687,0.5919274257772237,0.11509659050262155,0.014175799576833502,4to5
122,123,OADMET-0005967,5.2,train,5to6,4,0.032775912433862686,0.2113768458366394,0.5412771701812744,0.17974254488945007,0.03482752665877342,4to5
123,124,OADMET-0005966,4.34,train,4to5,0,0.05079631220021622,0.40622950281215,0.4544946925536771,0.07371697698431609,0.0147625154496406,4to5
124,125,OADMET-0005965,5.07,train,5to6,4,0.008038076684410823,0.12292298101246796,0.617254861871547,0.23209609415516388,0.01968798627641033,4to5
125,126,OADMET-0005964,5.22,train,5to6,3,0.01110191333856854,0.08185834216522805,0.5322065805699762,0.32661004972486624,0.04822311420136102,4to5
126,127,OADMET-0005963,5.0,train,4to5,2,0.0025928495620842528,0.017018905020442173,0.3277605495362765,0.544676724646927,0.10795097123427018,5to6
127,128,OADMET-0005962,4.51,train,4to5,3,0.009644406581005162,0.06729802953084389,0.5300170548458231,0.3334739140021332,0.05956659504019472,4to5
128,129,OADMET-0005961,4.61,train,4to5,0,0.009098815519855927,0.026582365236655688,0.378763219836093,0.4729761967208191,0.11257940268657629,5to6
129,130,OADMET-0005960,4.42,train,4to5,1,0.0026044254712715258,0.02578810840327696,0.48143715630369155,0.414401271296318,0.07576903852544196,4to5
130,131,OADMET-0005959,4.53,train,4to5,2,0.009572945815673988,0.024179561282407516,0.2152457984975136,0.49684947331434903,0.25415222109005586,5to6
131,132,OADMET-0005958,5.09,train,5to6,2,0.0020326475931769063,0.014850404937667178,0.3606014821728119,0.5304467043737304,0.09206876092261365,5to6
132,133,OADMET-0005957,5.31,train,5to6,3,0.00020621605343234986,0.0015021446464594762,0.1105153061435814,0.5942517043064526,0.29352462885007424,5to6
133,134,OADMET-0005956,4.45,train,4to5,4,0.4622128878037656,0.3653446713536344,0.12770220565962304,0.018474275143029493,0.026265960039947404,lt3
134,135,OADMET-0005955,4.87,train,4to5,0,0.0703660394789686,0.390161482299707,0.4347620284104979,0.08397157443330674,0.020738875377519752,4to5
135,136,OADMET-0005954,4.91,train,4to5,3,0.0070731706306247435,0.08708048765969394,0.6508507843745546,0.2425376666786295,0.012457890656497257,4to5
136,137,OADMET-0005953,5.52,train,5to6,0,0.012922794931201863,0.08626037340059092,0.5470475116357886,0.29986686380195693,0.05390245623046173,4to5
137,138,OADMET-0005952,5.03,train,5to6,1,0.0005187488569041947,0.003461496477832575,0.14666392577982643,0.5016657429163783,0.3476900859690584,5to6
138,139,OADMET-0005951,4.8,train,4to5,0,0.007156310260660704,0.03353035507752706,0.4430410938302616,0.4405555801003037,0.0757166607312469,4to5
139,140,OADMET-0005950,4.83,train,4to5,4,0.01491467379475387,0.04731193198071401,0.29858818733670245,0.4242042016914232,0.21498100519640653,5to6
140,141,OADMET-0005949,5.28,train,5to6,2,0.0003430092363835361,0.001868593679089047,0.07868706926280654,0.5392989342350274,0.37980239358669343,5to6
141,142,OADMET-0005948,5.04,train,5to6,0,0.00017132401344803505,0.00222604685739789,0.14648535049905212,0.6018398092532254,0.24927746937687656,5to6
142,143,OADMET-0005947,5.18,train,5to6,1,0.0019456911068860589,0.02422601034492299,0.4752119579483425,0.42828805137041315,0.07032828922943529,4to5
143,144,OADMET-0005946,5.06,train,5to6,0,0.0002786952820697014,0.0015946066666062233,0.04422439623859613,0.41636603967661756,0.5375362621361104,gte6
144,145,OADMET-0005945,5.26,train,5to6,4,0.0037526135450027943,0.012185208839882411,0.3023040081086757,0.5089873217694645,0.17277084773697465,5to6
145,146,OADMET-0005944,5.24,train,5to6,1,0.21893169986609295,0.5117262487472687,0.23189989704117409,0.029256112219629163,0.008186042125835073,3to4
146,147,OADMET-0005943,5.0,train,4to5,2,0.004013946078016341,0.014024152646489214,0.19644666220236592,0.5048929198978305,0.2806223191752981,5to6
147,148,OADMET-0005942,4.41,train,4to5,1,0.09149881119983863,0.5027044232883746,0.3663780556165202,0.033039788446806606,0.006378921448459908,3to4
148,149,OADMET-0005941,5.07,train,5to6,0,0.014551172954477148,0.16955811859104045,0.6069956806262082,0.18662047077919544,0.022274557049078755,4to5
149,150,OADMET-0005940,5.22,train,5to6,2,0.001376447472138371,0.007832103246576808,0.21819903994451403,0.5837160823981438,0.18887632693862702,5to6
150,151,OADMET-0005939,4.44,train,4to5,4,0.024948359422542997,0.11364505740525908,0.5768359673888324,0.23531199071267284,0.04925862507069274,4to5
151,152,OADMET-0005938,4.82,train,4to5,3,0.0007137500246896526,0.010015133812624855,0.34448716196819584,0.5752806092915898,0.06950334490289994,5to6
152,153,OADMET-0005937,4.89,train,4to5,3,0.009736124897635071,0.08343520419544598,0.6077097948649054,0.26574741100786753,0.03337146503414603,4to5
153,154,OADMET-0005936,4.97,train,4to5,2,0.003470616853330058,0.028715839382182216,0.477472629343609,0.4355322088096069,0.05480870561127178,4to5
154,155,OADMET-0005935,4.49,train,4to5,0,0.000256778528171036,0.005265117184986192,0.33152324135897526,0.5779241353914918,0.08503072753637568,5to6
155,156,OADMET-0005934,5.25,train,5to6,0,0.0018926840539930955,0.013501840832203266,0.23123841310718674,0.5686923344902555,0.18467472751636144,5to6
156,157,OADMET-0005933,5.18,train,5to6,2,0.000580016562867136,0.006677298588563891,0.3121184008720783,0.5882795260971869,0.0923447578793037,5to6
157,158,OADMET-0005932,4.94,train,4to5,3,0.00033029200048080657,0.0035481172674608286,0.16297994154179204,0.6154268829034157,0.21771476628685055,5to6
158,159,OADMET-0005931,5.21,train,5to6,4,0.0012171395002170226,0.008042495301960422,0.2751052562799545,0.5422281983954051,0.1734069105224629,5to6
159,160,OADMET-0005930,5.19,train,5to6,0,0.001844756114909159,0.0048442814684435415,0.05784477054295882,0.43013472356445565,0.5053314683092328,gte6
160,161,OADMET-0005929,5.38,train,5to6,4,0.02703569728748138,0.06407934933605233,0.39280568090060053,0.3550450371561558,0.16103423531970995,4to5
161,162,OADMET-0005928,4.44,train,4to5,2,0.06155296919380808,0.34245078416268065,0.48684106352988193,0.09299230211817036,0.01616288099545892,4to5
162,163,OADMET-0005927,4.63,train,4to5,1,0.003356663572726093,0.015203459471528595,0.2048704960359353,0.4735327153193339,0.30303666560047615,5to6
163,164,OADMET-0005926,5.25,train,5to6,1,0.0047983578607371175,0.02586818311028818,0.38563972873182856,0.43872279112623314,0.14497093917091305,5to6
164,165,OADMET-0005925,4.02,train,4to5,0,0.029978393614936066,0.07662583659214268,0.38675074616817395,0.33566456032799,0.17098046329675723,4to5
165,166,OADMET-0005924,4.48,train,4to5,1,0.001945082464927266,0.029366510252144803,0.5235711383068675,0.39523083325856995,0.04988643571749045,4to5
166,167,OADMET-0005923,5.53,train,5to6,0,0.0011373245739082704,0.020605746023366584,0.5609997338494368,0.3932735501061872,0.023983645447101166,4to5
167,168,OADMET-0005922,4.26,train,4to5,4,0.24948293717256376,0.43215705656537245,0.2672126511570021,0.03630973663003038,0.014837618475031303,3to4
168,169,OADMET-0005921,4.6,train,4to5,3,0.01193557574293452,0.14436462373658004,0.647662334959688,0.17942777092223477,0.016609694638562725,4to5
169,170,OADMET-0005920,5.41,train,5to6,0,0.00694448588183115,0.03149886402907802,0.31500661109102934,0.4677602311504613,0.17878980784760018,5to6
170,171,OADMET-0005919,4.54,train,4to5,1,0.06311636587101607,0.2203707195852599,0.5503394101436602,0.14293906278160573,0.02323444161845811,4to5
171,172,OADMET-0005918,4.77,train,4to5,1,0.010493679522300603,0.043380035374479944,0.45939118981710036,0.373157934701853,0.11357716058426605,4to5
172,173,OADMET-0005917,4.67,train,4to5,0,0.01602155850759429,0.08873277621631101,0.4882786119343035,0.3390442621638021,0.06792279117798908,4to5
173,174,OADMET-0005916,4.64,train,4to5,2,0.01590886966493726,0.06695594180372853,0.5138086896717545,0.3360460544546307,0.06728044440494892,4to5
174,175,OADMET-0005915,4.67,train,4to5,2,0.004328650539304005,0.02235481017109891,0.3382376225748016,0.5326380873532076,0.10244082936158781,5to6
175,176,OADMET-0005914,3.92,train,3to4,1,0.03216230544689753,0.04753227230209518,0.11749009218052167,0.20084721149276513,0.6019681185777205,gte6
176,177,OADMET-0005913,4.48,train,4to5,2,0.005718172724891818,0.06730940424878891,0.6272242285379176,0.27985076080493454,0.01989743368346714,4to5
177,178,OADMET-0005912,5.1,train,5to6,1,0.08634508240325223,0.23233326836799703,0.49990021251327893,0.14719803357127992,0.034223403144191894,4to5
178,179,OADMET-0005911,5.23,train,5to6,1,0.0003414618931001766,0.003139686818803697,0.15119939152718376,0.5271701502515339,0.3181493095093784,5to6
179,180,OADMET-0005910,4.57,train,4to5,2,0.03854867632874987,0.2619331652684217,0.5654027789500153,0.11903184832015609,0.015083531132656999,4to5
180,181,OADMET-0005909,4.77,train,4to5,1,0.06155003624469983,0.3371844599131061,0.5077796592594488,0.0829878824287687,0.010497962153976678,4to5
181,182,OADMET-0005908,4.87,train,4to5,0,0.025096822950749484,0.2231072373836583,0.5895816782605556,0.14152151583450592,0.020692745570530576,4to5
182,183,OADMET-0005907,4.83,train,4to5,2,0.001413243094976378,0.019884064381550593,0.485837151473503,0.456477096158438,0.03638844489153205,4to5
183,184,OADMET-0005906,4.89,train,4to5,3,7.13243633036152e-05,0.0003903736591478197,0.0390203142136098,0.4678143489066258,0.49270363885731294,gte6
184,185,OADMET-0005905,4.67,train,4to5,1,0.003942494423833939,0.053696731193151805,0.5870112989968067,0.31573338463306616,0.03961609075314136,4to5
185,186,OADMET-0005904,4.39,train,4to5,2,0.022071684026029156,0.17132768226408604,0.6196124622927509,0.16979848038179965,0.017189691035334295,4to5
186,187,OADMET-0005903,4.38,train,4to5,3,0.060057879646623076,0.25583856201863486,0.5253556145668419,0.12999592164548823,0.02875202212241197,4to5
187,188,OADMET-0005902,4.73,train,4to5,4,0.008245282860209216,0.06208229477943486,0.5049398574368833,0.3786090041047549,0.04612356081871775,4to5
188,189,OADMET-0005901,4.26,train,4to5,1,0.0021428254341501526,0.019436959516669614,0.3322412429652394,0.5053713409935242,0.14080763109041666,5to6
189,190,OADMET-0005900,4.45,train,4to5,0,0.5157083128846722,0.3988620527406581,0.05501916105805446,0.011693549947062043,0.018716923369553218,lt3
190,191,OADMET-0005899,4.59,train,4to5,1,0.004951129300938249,0.03789993451428469,0.5193746789978404,0.3691775574696413,0.0685966997172954,4to5
191,192,OADMET-0005898,4.15,train,4to5,3,0.03490025810154215,0.19911397986963242,0.5732281039080102,0.16898022360952375,0.02377743451129157,4to5
192,193,OADMET-0005897,4.75,train,4to5,0,0.0006576045716266049,0.0060344303232050065,0.26392273962782586,0.5947437627284,0.13464146274894254,5to6
193,194,OADMET-0005896,4.86,train,4to5,2,0.0006560670447033133,0.00569762382855323,0.24477837988342335,0.5993881227679276,0.14947980647539247,5to6
194,195,OADMET-0005895,5.25,train,5to6,3,0.0007049432135969723,0.0048261732627124946,0.18233652701575398,0.578222999190717,0.23390935731721957,5to6
195,196,OADMET-0005894,4.71,train,4to5,3,0.031826269613156814,0.26867288804057826,0.5825589347272623,0.10631854577160149,0.010623361847401088,4to5
196,197,OADMET-0005893,5.01,train,5to6,2,0.018643475074482854,0.06636018615030619,0.47960513083288125,0.33623404876487556,0.09915715917745414,4to5
197,198,OADMET-0005892,5.1,train,5to6,3,0.0007345666315167629,0.004640459880638655,0.15178775350010618,0.5759454799645457,0.26689174002319277,5to6
198,199,OADMET-0005891,5.11,train,5to6,3,0.0050591780202595945,0.05043134498691132,0.5806817450232545,0.340965511637515,0.022862220332059584,4to5
199,200,OADMET-0005890,4.09,train,4to5,2,0.010226619306070682,0.08736154331294814,0.6215272470565008,0.2604354290425213,0.020449161281959064,4to5
200,201,OADMET-0005889,4.76,train,4to5,3,0.02000713836376438,0.0811212183138297,0.5031368554390963,0.2737461529650224,0.12198863491828728,4to5
201,202,OADMET-0005888,4.98,train,4to5,3,0.00041233208193558045,0.0012093254288633448,0.05253574793764091,0.4389224193713219,0.5069201751802382,gte6
202,203,OADMET-0005887,5.02,train,5to6,0,0.009070428138992347,0.07623566729707085,0.5851630005156416,0.28581515114278616,0.043715752905508984,4to5
203,204,OADMET-0005886,4.58,train,4to5,4,0.007981233477173003,0.08100293757773051,0.6171806592609136,0.2604394315281383,0.03339573815604459,4to5
204,205,OADMET-0005885,5.17,train,5to6,4,0.004420648121048948,0.0056965120251533975,0.10924624882923852,0.4487814990212529,0.43185509200330624,5to6
205,206,OADMET-0005884,5.04,train,5to6,2,0.0010108331734455258,0.007708405471080582,0.23918313846534742,0.5879213107833868,0.1641763121067397,5to6
206,207,OADMET-0005883,4.56,train,4to5,2,0.049800085096803434,0.07118931174016072,0.24283001502800683,0.3398809319029436,0.29629965623208543,5to6
207,208,OADMET-0005882,4.07,train,4to5,0,0.028601398531712226,0.11491809721150567,0.47160783146540913,0.3029001934291784,0.08197247936219454,4to5
208,209,OADMET-0005881,4.68,train,4to5,2,0.03147553459053367,0.15030225187544838,0.5652154932690574,0.23157985575099432,0.0214268645139662,4to5
209,210,OADMET-0005880,5.19,train,5to6,4,0.016192511206642127,0.08975588052737357,0.5268750943802325,0.315538534985141,0.051637978900610775,4to5
210,211,OADMET-0005879,4.22,train,4to5,3,0.0067942023065643295,0.04002943085376363,0.44459725439700337,0.4093486783615665,0.09923043408110215,4to5
211,212,OADMET-0005878,4.99,train,4to5,3,0.0005465095026194395,0.007502347972708578,0.336331031170693,0.5738352392192176,0.08178487213476128,5to6
212,213,OADMET-0005877,4.44,train,4to5,3,0.014406821918595557,0.14918445286912443,0.595501611124284,0.22352710720148014,0.017380006886515875,4to5
213,214,OADMET-0005876,4.72,train,4to5,1,0.0039280405778694275,0.023968791332430114,0.40661513369896074,0.44140022520338873,0.12408780918735098,5to6
214,215,OADMET-0005875,4.95,train,4to5,0,0.015102331951554911,0.14720405144677884,0.6083818470111615,0.19864618112215537,0.030665588468349367,4to5
215,216,OADMET-0005874,5.65,train,5to6,2,0.002981630758726934,0.023753087221023914,0.4327159983998491,0.4737252444138499,0.06682403920655015,5to6
216,217,OADMET-0005873,4.38,train,4to5,1,0.03104848538509594,0.28666169135560704,0.5578059107332413,0.10528058460528937,0.01920332792076636,4to5
217,218,OADMET-0005872,5.48,train,5to6,1,0.010391333820135632,0.06333121504018867,0.5186202400511818,0.32636641665778415,0.08129079443070976,4to5
218,219,OADMET-0005871,5.37,train,5to6,0,0.00017691455654897842,0.0036046925665555924,0.31170257292779874,0.6014232513322079,0.08309256861688881,5to6
219,220,OADMET-0005870,4.88,train,4to5,2,0.006291926504448232,0.0709842927324542,0.6330966613381079,0.2725388561052132,0.017088263319776385,4to5
220,221,OADMET-0005869,4.47,train,4to5,2,0.004480444796976527,0.0565336231182,0.6171283085645194,0.2981151919003517,0.023742431619952414,4to5
221,222,OADMET-0005868,4.43,train,4to5,2,0.010399772989000411,0.09162508130457878,0.6267306331185096,0.2539261331152625,0.017318379472648696,4to5
222,223,OADMET-0005867,4.47,train,4to5,4,0.03056876496389716,0.08774553092250642,0.49103858243795623,0.30673375211543635,0.08391336956020384,4to5
223,224,OADMET-0005866,4.48,train,4to5,4,0.011223924294002707,0.027626968791582766,0.39751738124751773,0.39329105432475425,0.17034067134214254,4to5
224,225,OADMET-0005865,5.2,train,5to6,0,0.0005805108559549186,0.010064035215300835,0.37989111078562904,0.5408665302029676,0.06859781294014759,5to6
225,226,OADMET-0005864,4.77,train,4to5,2,0.004242582576005628,0.04003874828914477,0.5417904083693688,0.37308229797395015,0.04084596279153068,4to5
226,227,OADMET-0005863,4.69,train,4to5,2,0.10691160509527466,0.2781732030553147,0.45196580044988915,0.1269394582707536,0.03600993312876796,4to5
227,228,OADMET-0005862,4.89,train,4to5,4,0.01929583099841442,0.11881317640890093,0.5474189127765191,0.26944593598864736,0.04502614382751822,4to5
228,229,OADMET-0005861,4.63,train,4to5,2,0.0031174086673026818,0.026977805973507213,0.49566609682948715,0.42884115263307965,0.04539753589662331,4to5
229,230,OADMET-0005860,4.36,train,4to5,0,0.10282339749396839,0.3836283011221836,0.3998461298555695,0.0883085778682789,0.0253935936599996,4to5
230,231,OADMET-0005859,4.4,train,4to5,3,0.1339461274068389,0.4942203754386448,0.31724051671300635,0.0422868963415407,0.012306084099969314,3to4
231,232,OADMET-0005858,5.29,train,5to6,4,0.00021615056759041967,0.0010239828775377223,0.11197981908791178,0.594100292537799,0.29267975492916115,5to6
232,233,OADMET-0005857,5.06,train,5to6,2,0.0023271099084826866,0.01959578124538264,0.4473780967772612,0.4717776454269582,0.05892136664191524,5to6
233,234,OADMET-0005856,5.04,train,5to6,3,0.01130391979349018,0.08734241482574874,0.569018457724819,0.28955452339852494,0.04278068425741713,4to5
234,235,OADMET-0005855,4.48,train,4to5,2,0.017738304437530265,0.14243560551881623,0.6130414995648954,0.20018366798142712,0.02660092249733097,4to5
235,236,OADMET-0005854,3.96,train,3to4,2,0.02238691987385541,0.17639503014381996,0.6039528295692267,0.1754677159746566,0.02179750443844128,4to5
236,237,OADMET-0005853,4.06,train,4to5,2,0.2840333677953706,0.5163224570075918,0.14775963571878867,0.023463947900328748,0.02842059157792017,3to4
237,238,OADMET-0005852,4.73,train,4to5,1,0.003686424303579059,0.04442777062474448,0.5601500806195653,0.34720292299386574,0.0445328014582455,4to5
238,239,OADMET-0005851,4.34,train,4to5,0,0.04903418442890312,0.30248027251153475,0.52142356466515,0.11071121403955482,0.01635076435485724,4to5
239,240,OADMET-0005850,4.07,train,4to5,2,0.0024290856773340826,0.030439762928831524,0.5502450225301868,0.38876555648447836,0.028120572379169147,4to5
240,241,OADMET-0005849,4.42,train,4to5,1,0.02475674618216793,0.18802758911231465,0.6137286974956937,0.15060318894234903,0.022883778267474633,4to5
241,242,OADMET-0005848,4.41,train,4to5,0,0.11518002525787523,0.5046405237656256,0.3129874123888885,0.04139061189806815,0.025801426689542505,3to4
242,243,OADMET-0005847,5.21,train,5to6,3,0.07977557568655343,0.4115313788872507,0.4444980538579624,0.05599520626640946,0.008199785301823947,4to5
243,244,OADMET-0005846,4.61,train,4to5,1,0.02734943461144593,0.09919649227239982,0.5302259055850187,0.2689342962109144,0.07429387132022111,4to5
244,245,OADMET-0005845,4.84,train,4to5,4,0.06007101468397978,0.17813802392857406,0.5235346898214855,0.17311125155372073,0.06514502001223989,4to5
245,246,OADMET-0005844,4.25,train,4to5,1,0.04324232349928731,0.23361098418219411,0.5510384358310932,0.1403957137406511,0.031712542746774215,4to5
246,247,OADMET-0005843,4.74,train,4to5,2,0.016381430821743318,0.09316846415953273,0.5606614759342623,0.28840415702895295,0.04138447205550876,4to5
247,248,OADMET-0005842,5.12,train,5to6,3,0.12309298286119053,0.4616100925686983,0.3523405895334658,0.04682733630619455,0.01612899873045083,3to4
248,249,OADMET-0005841,4.87,train,4to5,4,0.02409390562108082,0.06331821827945804,0.3502187779018403,0.3654165605347058,0.1969525376629151,5to6
249,250,OADMET-0005840,4.81,train,4to5,4,0.005861276651522579,0.020972439628607786,0.2647950003893115,0.470634094055107,0.2377371892754512,5to6
250,251,OADMET-0005839,5.06,train,5to6,0,0.0036605941099150646,0.04325887654379271,0.5969704004561527,0.3212542028661319,0.03485592602400773,4to5
251,252,OADMET-0005838,5.23,train,5to6,2,0.001960388348244348,0.00898386241898197,0.23491924563573216,0.5594317808853131,0.19470472271172845,5to6
252,253,OADMET-0005837,4.5,train,4to5,1,0.35800417032404497,0.6016626748152978,0.036845626911076915,0.0020548742492528366,0.0014326537003274788,3to4
253,254,OADMET-0005836,4.83,train,4to5,2,0.00489298113413858,0.03146117918318794,0.49388560537741144,0.42510491510595916,0.044655319199302886,4to5
254,255,OADMET-0005835,3.63,train,3to4,0,0.08828284405473005,0.28454576744615306,0.4649996753968093,0.12919762058690024,0.0329740925154074,4to5
255,256,OADMET-0005834,4.52,train,4to5,1,0.013005267682048656,0.1231428431722214,0.637330181223912,0.20154096005750313,0.024980747864314763,4to5
256,257,OADMET-0005833,4.66,train,4to5,3,0.001911426092180824,0.020008130776254816,0.31726233430157325,0.5311250398512617,0.1296930689787294,5to6
257,258,OADMET-0005832,5.07,train,5to6,4,0.02648117133003181,0.04242477447470349,0.27153881625629545,0.3516462645033487,0.30790897343562057,5to6
258,259,OADMET-0005831,3.9,train,3to4,4,0.028251285101769483,0.0971037013078591,0.5201457210649179,0.24425971826504547,0.11023957426040809,4to5
259,260,OADMET-0005830,3.93,train,3to4,0,0.005058869171393839,0.07479380694321205,0.611126770549716,0.2804356171678535,0.028584936167824655,4to5
260,261,OADMET-0005829,5.38,train,5to6,4,0.0004505815955332709,0.002050602773621992,0.09781079572517407,0.4972113286096766,0.40247669129599406,5to6
261,262,OADMET-0005828,4.67,train,4to5,1,0.00013203614231841265,0.0017359417816221801,0.1461643364843482,0.5566624163953996,0.29530526919631156,5to6
262,263,OADMET-0005827,4.69,train,4to5,2,0.15772127261360736,0.3909653585427215,0.3571426418742875,0.06700317836193354,0.027167548607450107,3to4
263,264,OADMET-0005826,5.19,train,5to6,3,0.07655772912573737,0.12690199249748924,0.39500189747651454,0.27031330844616025,0.13122507245409856,4to5
264,265,OADMET-0005825,4.41,train,4to5,2,0.0035141582678303715,0.047037992715692714,0.6072796113749894,0.32066971565076485,0.021498521990722674,4to5
265,266,OADMET-0005824,4.44,train,4to5,4,0.011243571899036693,0.1879095497269081,0.6593653181637347,0.134897281219115,0.006584278991205529,4to5
266,267,OADMET-0005823,5.63,train,5to6,0,0.0008499547316951516,0.004802674554586621,0.1011208600967438,0.5248912013783024,0.368335309238672,5to6
267,268,OADMET-0005822,4.65,train,4to5,4,0.0035877573575445122,0.0031081094517297486,0.04729115749009109,0.32360653174094406,0.6224064439596906,gte6
268,269,OADMET-0005821,5.23,train,5to6,3,0.0006616468450991282,0.008327256136171331,0.34133077402904083,0.5664346340101221,0.08324568897956662,5to6
269,270,OADMET-0005820,4.47,train,4to5,1,0.017895535234584724,0.1775487422866325,0.6200945585252755,0.16164330189969286,0.022817862053814374,4to5
270,271,OADMET-0005819,4.99,train,4to5,0,0.1770367897936831,0.36072423540491566,0.3158385447718122,0.08680160247966028,0.05959882754992874,3to4
271,272,OADMET-0005818,4.92,train,4to5,2,0.0013010007557849924,0.010303875806159529,0.3097991179969638,0.5668250016161706,0.11177100382492111,5to6
272,273,OADMET-0005817,4.66,train,4to5,2,0.31446124814795806,0.3394875983358786,0.14261073779792297,0.04233997514195842,0.16110044057628198,3to4
273,274,OADMET-0005816,4.4,train,4to5,4,0.17125890552112713,0.4371521998946771,0.30706034712063096,0.051565564132921016,0.0329629833306438,3to4
274,275,OADMET-0005815,4.9,train,4to5,1,0.0071907004061132545,0.054674634943168314,0.5117211785399562,0.3185592198801273,0.10785426623063486,4to5
275,276,OADMET-0005814,4.58,train,4to5,0,0.00037307785952241747,0.002506554522806167,0.0791450865943796,0.49563033992799044,0.42234494109530135,5to6
276,277,OADMET-0005813,4.13,train,4to5,0,0.0009713362256547861,0.013424010249656804,0.3941124150203315,0.5184151024444794,0.07307713605987745,5to6
277,278,OADMET-0005812,4.69,train,4to5,1,0.0010068472803008322,0.014225109944007218,0.4132833913573238,0.47191099870659875,0.09957365271176942,5to6
278,279,OADMET-0005811,5.22,train,5to6,2,0.004982683154718009,0.012754754876052302,0.15947833058303207,0.46469789359893054,0.35808633778726706,5to6
279,280,OADMET-0005810,4.75,train,4to5,1,0.009716481458295517,0.09710835967370345,0.5870657295303227,0.26612718678989244,0.03998224254778597,4to5
280,281,OADMET-0005809,5.62,train,5to6,0,0.22198479044528063,0.3945762577905501,0.2685099978142978,0.06280365211941885,0.052125301830452574,3to4
281,282,OADMET-0005808,5.32,train,5to6,1,5.799140272594521e-05,0.0005596290716490634,0.04441995285729184,0.4577011581468182,0.4972612685215149,gte6
282,283,OADMET-0005807,5.56,train,5to6,0,0.06080112334484801,0.1886118566120331,0.44452429810802796,0.22832435838918275,0.07773836354590817,4to5
283,284,OADMET-0005806,5.22,train,5to6,0,0.007910282166900994,0.03776631416365704,0.35182388797812425,0.4562890721417714,0.14621044354954632,5to6
284,285,OADMET-0005805,4.91,train,4to5,4,0.03274421729805823,0.07408738798550456,0.3945404545082846,0.32265662786375776,0.17597131234439486,4to5
285,286,OADMET-0005804,5.57,train,5to6,3,0.00028492152330861486,0.0012674818276288784,0.055575638988448674,0.44795340282658014,0.4949185548340337,gte6
286,287,OADMET-0005803,5.15,train,5to6,3,0.17634699614608115,0.5455342338138252,0.2307587780348644,0.02837201293731435,0.01898797906791493,3to4
287,288,OADMET-0005802,4.53,train,4to5,2,0.0077452841395169595,0.025374347403120126,0.29697400400641843,0.47541236988131974,0.19449399456962477,5to6
288,289,OADMET-0005801,4.5,train,4to5,0,0.024450136025237795,0.09117425163022415,0.5104384561981151,0.28385147894756685,0.09008567719885613,4to5
289,290,OADMET-0005800,5.05,train,5to6,3,0.00011395690900643954,0.001218827582243843,0.1019242277362698,0.570495914956771,0.3262470728157089,5to6
290,291,OADMET-0005799,3.56,train,3to4,2,0.025433041107965557,0.15839962631762097,0.5908625710925784,0.19999852739274776,0.02530623408908726,4to5
291,292,OADMET-0005798,4.82,train,4to5,4,0.029605257373891553,0.012842401479411082,0.03462649406115728,0.13309256335817088,0.7898332837273692,gte6
292,293,OADMET-0005797,4.85,train,4to5,1,0.03768407525357548,0.15201505905378565,0.5165514907497801,0.19595637771519736,0.09779299722766133,4to5
293,294,OADMET-0005796,4.63,train,4to5,4,0.013353879030164452,0.10166821186745799,0.6347580145227317,0.23305859366233925,0.01716130091730657,4to5
294,295,OADMET-0005795,4.68,train,4to5,1,0.004990345645061315,0.03008274082771461,0.4509394030263645,0.3961579081851887,0.11782960231567093,4to5
295,296,OADMET-0005794,4.71,train,4to5,1,0.007695704297200366,0.059246101120690196,0.5390764193718512,0.3339966957421834,0.05998507946807477,4to5
296,297,OADMET-0005793,4.25,train,4to5,1,0.1427986318513802,0.5107539277123141,0.29172244559331817,0.03825830281429625,0.016466692028691277,3to4
297,298,OADMET-0005792,4.58,train,4to5,2,0.03784695851692698,0.1996410600640472,0.5648396926842458,0.16775091929832023,0.02992136943645977,4to5
298,299,OADMET-0005791,4.63,train,4to5,0,0.03678161872700674,0.085843917189974,0.22674613261890614,0.34341238521957307,0.30721594624454,5to6
299,300,OADMET-0005790,4.57,train,4to5,3,0.008094535974711374,0.06061271453883525,0.5632809285147298,0.3358068099359518,0.032205011035771815,4to5
300,301,OADMET-0005789,4.36,train,4to5,0,0.007166637636798487,0.09065407594778922,0.6248135025945756,0.24785869042822864,0.029507093392608118,4to5
301,302,OADMET-0005788,6.23,train,gte6,1,0.020608993592636553,0.10123637488321843,0.5757647849281934,0.25739074184841787,0.04499910474753369,4to5
302,303,OADMET-0005787,4.67,train,4to5,0,0.007633056640931386,0.08500264977792472,0.6136384352045968,0.25465022462239956,0.03907563375414749,4to5
303,304,OADMET-0005786,5.05,train,5to6,4,0.0009290734479031236,0.010021685809300948,0.46122358108355815,0.48205221597202524,0.045773443687212534,5to6
304,305,OADMET-0005785,4.57,train,4to5,2,0.028245393423557787,0.30049020303824153,0.5739618587919108,0.08973895088550686,0.007563593860783004,4to5
305,306,OADMET-0005784,4.84,train,4to5,3,0.0011173179734748336,0.009027076236705059,0.2588729672454506,0.5962866116421252,0.13469602690224436,5to6
306,307,OADMET-0005783,5.22,train,5to6,0,0.0013456859595725192,0.010253569443068968,0.22039503572390182,0.5827089140649278,0.18529679480852895,5to6
307,308,OADMET-0005782,4.83,train,4to5,0,0.07093191891908646,0.32072603702545166,0.47065839171409607,0.10831073671579361,0.029372915625572205,4to5
308,309,OADMET-0005781,4.85,train,4to5,2,0.021331949199236835,0.058919705560281324,0.38807231260104535,0.4106154747505029,0.12106055788893356,5to6
309,310,OADMET-0005780,4.03,train,4to5,1,0.0031624977158238254,0.03059462291920857,0.4935383826972816,0.3976538263602784,0.07505067030740759,4to5
310,311,OADMET-0005779,5.11,train,5to6,3,0.014531902265121306,0.048750975602259175,0.3454709779801864,0.43117258844806383,0.16007355570436932,5to6
311,312,OADMET-0005778,4.53,train,4to5,2,0.009192253403043586,0.037076432016179876,0.43646251870762776,0.43337958768600865,0.0838892081871401,4to5
312,313,OADMET-0005777,4.72,train,4to5,0,0.0002924974779263458,0.005995725171078985,0.3832766641101879,0.5572581784583038,0.053176934782502946,5to6
313,314,OADMET-0005776,4.99,train,4to5,0,0.03277604550522939,0.12457970060688783,0.496863972138641,0.2751183139257241,0.07066196782351766,4to5
314,315,OADMET-0005775,4.78,train,4to5,3,0.0312587715448289,0.11350202010748438,0.5517757863808974,0.24857133913253468,0.05489208283425467,4to5
315,316,OADMET-0005774,5.05,train,5to6,3,0.03160329849266823,0.15956724882931916,0.5581096306795323,0.18952758257225932,0.061192239426220964,4to5
316,317,OADMET-0005773,4.38,train,4to5,0,0.05951726081864471,0.2726647989353657,0.48861050673660594,0.14128633491478354,0.03792109859460004,4to5
317,318,OADMET-0005772,4.78,train,4to5,2,0.01826749321865867,0.0774971822556843,0.49040703686755427,0.34505592876899427,0.06877235888910847,4to5
318,319,OADMET-0005771,5.46,train,5to6,4,0.017351242073180485,0.0337493537063602,0.26874304268264654,0.38634458831902835,0.2938117732187844,5to6
319,320,OADMET-0005770,4.85,train,4to5,1,0.033326762294045145,0.16720897764228748,0.5469838156669513,0.19580123516241615,0.05667920923429988,4to5
320,321,OADMET-0005769,4.78,train,4to5,3,0.016482026121706937,0.1537122199108699,0.625912336673394,0.18784012740135764,0.01605328989267155,4to5
321,322,OADMET-0005768,4.86,train,4to5,1,0.022524582012327557,0.08605371335471317,0.5014209104569544,0.2725208972345954,0.11747989694140948,4to5
322,323,OADMET-0005767,4.28,train,4to5,0,0.003507498880574788,0.04880205584862358,0.6113707606453633,0.317395367649231,0.018924316976207327,4to5
323,324,OADMET-0005766,4.75,train,4to5,1,0.1703978180885315,0.3648483157157898,0.3476189970970154,0.08021657168865204,0.03691829741001129,3to4
324,325,OADMET-0005765,4.16,train,4to5,2,0.0068837461532224075,0.04279225696238529,0.5048740950511786,0.3836239615943882,0.06182594023882537,4to5
325,326,OADMET-0005764,4.65,train,4to5,1,0.003167295657374758,0.054010675165225605,0.6229152939011463,0.2859299326465129,0.03397680262974039,4to5
326,327,OADMET-0005763,4.21,train,4to5,2,0.1547571242832183,0.47015305477840724,0.30003106035234295,0.05001427885118353,0.025044481734847992,3to4
327,328,OADMET-0005762,4.79,train,4to5,3,0.006934223787001458,0.034993891129190546,0.41360435429072095,0.44868729103507665,0.09578023975801035,5to6
328,329,OADMET-0005761,4.4,train,4to5,0,0.00662068986892699,0.027421273672549172,0.38735086613674624,0.46326965571414674,0.11533751460763081,5to6
329,330,OADMET-0005760,5.24,train,5to6,1,0.003837331983312313,0.019868500979441355,0.37037629725562893,0.44874064147654974,0.15717722830506767,5to6
330,331,OADMET-0005759,4.14,train,4to5,2,0.020563386227463287,0.08142802803644517,0.48591839905143974,0.33490192640645855,0.0771882602781932,4to5
331,332,OADMET-0005758,4.29,train,4to5,0,0.011260036880465679,0.10327656172743158,0.5931059491659105,0.2534720204841785,0.03888543174201371,4to5
332,333,OADMET-0005757,4.52,train,4to5,4,0.022809279530270708,0.18802397987933506,0.6163089126124682,0.15520023923813717,0.017657588739788805,4to5
333,334,OADMET-0005756,4.54,train,4to5,4,0.003200776231990954,0.03292520161806653,0.5244752474070739,0.4056400133896798,0.033758761353188844,4to5
334,335,OADMET-0005755,4.69,train,4to5,2,0.03323791250373227,0.07468991148523789,0.3383067623892448,0.35143447707819514,0.2023309365435899,5to6
335,336,OADMET-0005754,4.6,train,4to5,0,0.21099057364602664,0.5129349489682236,0.21931279808552107,0.03851734295481492,0.01824433634541385,3to4
336,337,OADMET-0005753,4.29,train,4to5,4,0.0060237984212362684,0.05500690472524203,0.6151894740819391,0.29380520288956435,0.029974619882018168,4to5
337,338,OADMET-0005752,4.62,train,4to5,1,0.0034790562728940493,0.016978187387703292,0.31019061623263045,0.4821495385715416,0.18720260153523063,5to6
338,339,OADMET-0005751,4.28,train,4to5,3,0.03541599827200181,0.1297801535658481,0.43583814666278115,0.2816215946666302,0.11734410683273871,4to5
339,340,OADMET-0005750,4.44,train,4to5,4,0.1504410333865727,0.19696025256871802,0.3602797037321373,0.13836215230282914,0.15395685800974282,4to5
340,341,OADMET-0005749,4.3,train,4to5,4,0.020195484970745484,0.19219922017012134,0.5718828141452394,0.1951679783599388,0.020554502353954937,4to5
341,342,OADMET-0005748,4.74,train,4to5,3,0.005636696698482431,0.037032332236848466,0.43006300886155757,0.4638575907201901,0.06341037148292142,5to6
342,343,OADMET-0005747,5.58,train,5to6,0,0.061509227867963284,0.14507573518732783,0.4468785126459931,0.2518740538088816,0.09466247048983416,4to5
343,344,OADMET-0005746,5.46,train,5to6,0,0.0035013012781691683,0.04123094437873697,0.6041072205097406,0.31251014283075923,0.03865039100259402,4to5
344,345,OADMET-0005745,4.82,train,4to5,2,0.008195853769231997,0.03278693175095991,0.3867270339651209,0.4417069840010992,0.130583196513588,5to6
345,346,OADMET-0005744,4.78,train,4to5,2,0.08235058504004705,0.3581202439454071,0.4097674871357351,0.08854072824280636,0.06122095563600444,4to5
346,347,OADMET-0005743,4.61,train,4to5,3,0.003523025285329338,0.03885480975741713,0.5567660700916167,0.3688974528207783,0.03195864204485846,4to5
347,348,OADMET-0005742,4.06,train,4to5,2,0.4189635135249851,0.22215295893586043,0.03378287636727057,0.014949765695310124,0.31015088547657377,lt3
348,349,OADMET-0005741,4.59,train,4to5,0,0.220135925700074,0.5011143907074339,0.18856190230236186,0.03740564082520896,0.05278214046492126,3to4
349,350,OADMET-0005740,4.81,train,4to5,2,0.008984796033442316,0.07257254626061423,0.6083867096612818,0.2831914511925391,0.026864496852122482,4to5
350,351,OADMET-0005739,4.46,train,4to5,2,0.024583195626428838,0.16700990062553694,0.6024911842590635,0.17714860573395996,0.02876711375501083,4to5
351,352,OADMET-0005738,4.3,train,4to5,4,0.0004745095647314454,0.005261393890074129,0.2580956597371333,0.5800201473717204,0.15614828943634076,5to6
352,353,OADMET-0005737,4.67,train,4to5,1,0.055836578008468786,0.31042013150491066,0.5127766227866826,0.10185495953736752,0.019111708162570525,4to5
353,354,OADMET-0005736,5.46,train,5to6,0,0.02757527142314485,0.1455839040527401,0.5464574964965881,0.24195089984232784,0.038432428185199013,4to5
354,355,OADMET-0005735,5.09,train,5to6,2,0.007117374437227196,0.029531972909109278,0.4100146650851027,0.44685635615724467,0.10647963141131614,5to6
355,356,OADMET-0005734,4.85,train,4to5,1,0.0033620664043401503,0.012833132676557765,0.22600372457578152,0.4976016621879374,0.26019941415538317,5to6
356,357,OADMET-0005733,5.22,train,5to6,4,0.09537146169415517,0.2051647141191012,0.46463346135144334,0.1437757749574201,0.09105458787788012,4to5
357,358,OADMET-0005732,5.12,train,5to6,2,0.010554850098946356,0.07957281958366012,0.6019337836804711,0.27891731774700323,0.029021228889919124,4to5
358,359,OADMET-0005731,5.11,train,5to6,4,0.03236745586033094,0.08452985215295492,0.5006023514858765,0.2876631542532069,0.09483718624763078,4to5
359,360,OADMET-0005730,4.59,train,4to5,4,0.07533600069081782,0.19979171157193615,0.5447848358037347,0.1467883714021985,0.033299080531312815,4to5
360,361,OADMET-0005729,4.23,train,4to5,4,0.019438622845239204,0.0937800199613351,0.5459126921616759,0.2815715717787745,0.05929709325297519,4to5
361,362,OADMET-0005728,4.9,train,4to5,2,0.0006629127047428358,0.0057098765453477505,0.26832808979089856,0.6072005388495298,0.11809858210948104,5to6
362,363,OADMET-0005727,5.12,train,5to6,4,0.0071479373643470205,0.09919463589056163,0.6433467700220308,0.237759181728235,0.012551474994825607,4to5
363,364,OADMET-0005726,4.83,train,4to5,2,0.0006294819606046972,0.0050634861623089986,0.17177055358187696,0.5594031078606786,0.2631333704345307,5to6
364,365,OADMET-0005725,4.8,train,4to5,0,0.006692719526072902,0.02928328292930704,0.2856950907558925,0.4785284349306749,0.19980047185805272,5to6
365,366,OADMET-0005724,4.84,train,4to5,1,0.006064345236143618,0.04153593703096994,0.4907994655195529,0.3721866673524926,0.08941358486084092,4to5
366,367,OADMET-0005723,4.17,train,4to5,4,0.11388437760131481,0.38665620996346267,0.4260963336844466,0.0604559346300612,0.012907144120714711,4to5
367,368,OADMET-0005722,4.2,train,4to5,0,0.004071101773778076,0.0443986530079685,0.593351814524372,0.32551734478309813,0.032661085910783295,4to5
368,369,OADMET-0005721,5.02,train,5to6,4,5.563184097752456e-05,0.00048358854860938185,0.10899674152601645,0.6220421794063788,0.26842185867801777,5to6
369,370,OADMET-0005720,5.0,train,4to5,1,0.000403750523576103,0.003802222954559093,0.20252708150566628,0.5435163722458349,0.24975057277036355,5to6
370,371,OADMET-0005719,4.86,train,4to5,0,0.0032900266347705327,0.037088170120870144,0.5528791468297998,0.3695719785653309,0.037170677849228645,4to5
371,372,OADMET-0005718,4.73,train,4to5,4,0.00028342528259982014,0.0014352008513169442,0.15518321881095848,0.6332057426421502,0.2098924124129745,5to6
372,373,OADMET-0005717,4.33,train,4to5,1,0.6392994380153841,0.29773616125279306,0.0371037713340572,0.009854735586313853,0.01600589381145178,lt3
373,374,OADMET-0005716,4.51,train,4to5,2,0.0640338999611972,0.3496632698161373,0.49231625107575433,0.08126973697117922,0.012716842175731923,4to5
374,375,OADMET-0005715,4.82,train,4to5,4,0.03344333432245996,0.16005078911611026,0.6031253135646588,0.18374952057843771,0.01963104241833321,4to5
375,376,OADMET-0005714,4.96,train,4to5,3,0.005645867047705755,0.06014968908594036,0.6021558127657131,0.3141242904167643,0.01792434068387648,4to5
376,377,OADMET-0005713,4.39,train,4to5,0,0.022458719529963166,0.0645853389130877,0.17333226298299256,0.32819719024243865,0.41142648833151796,gte6
377,378,OADMET-0005712,4.49,train,4to5,1,0.000531865021419772,0.008156207867587525,0.35515059044561553,0.5424958761649872,0.09366546050039003,5to6
378,379,OADMET-0005711,4.34,train,4to5,1,0.043337286164422124,0.14026782125633688,0.5041104034201861,0.2243895415125719,0.087894947646483,4to5
379,380,OADMET-0005710,4.16,train,4to5,1,0.06043520592315199,0.4111762360154697,0.46676725323039014,0.053256124456435905,0.008365180374552236,4to5
380,381,OADMET-0005709,4.95,train,4to5,1,0.00012788934835573665,0.0021023561949452567,0.14434352679914786,0.5706189935187245,0.2828072341388267,5to6
381,382,OADMET-0005708,4.83,train,4to5,1,0.01561095082533335,0.08544813981833065,0.5206500519351996,0.290401885220275,0.08788897220086131,4to5
382,383,OADMET-0005707,4.3,train,4to5,0,0.1273041228004107,0.3850358753281524,0.3576428320828291,0.09363581309941271,0.03638135668919501,3to4
383,384,OADMET-0005706,4.86,train,4to5,0,0.0071213029150771585,0.03799654683178626,0.2967594375107417,0.4682032340150585,0.18991947872733642,5to6
384,385,OADMET-0005705,4.52,train,4to5,2,0.0016669741399006062,0.012166664789760664,0.3061900996210076,0.5704409411694602,0.10953532027987088,5to6
385,386,OADMET-0005704,4.68,train,4to5,0,0.02146268089187898,0.07617311967261016,0.24405166643141768,0.40085911974790944,0.2574534132561837,5to6
386,387,OADMET-0005703,4.97,train,4to5,2,0.08616555674744152,0.20459610681078078,0.43749136710520165,0.17470550927606618,0.09704146006050988,4to5
387,388,OADMET-0005702,5.22,train,5to6,3,0.0059223413883331385,0.0835447786257726,0.6287099963774907,0.2610517594375596,0.020771124170844025,4to5
388,389,OADMET-0005701,4.97,train,4to5,4,0.003797732327485044,0.0317571183793825,0.5077730747291488,0.40575564762227684,0.05091642694170678,4to5
389,390,OADMET-0005700,4.04,train,4to5,2,0.2048186724443839,0.27646538518753194,0.28293588728533997,0.10252712246313478,0.13325293261960935,4to5
390,391,OADMET-0005699,4.95,train,4to5,3,0.015698730945587158,0.10234996676445007,0.5060904026031494,0.3183623254299164,0.05749857425689697,4to5
391,392,OADMET-0005698,4.41,train,4to5,0,0.0014740999751404154,0.020563224929013083,0.5248531851932984,0.4039805947098821,0.04912889519266596,4to5
392,393,OADMET-0005697,4.9,train,4to5,2,0.0013729166890603657,0.017570325448169086,0.48344556670798605,0.4602781660215357,0.03733302513324876,4to5
393,394,OADMET-0005696,4.22,train,4to5,0,0.11207182538402341,0.2154741106111689,0.32675176372003906,0.12801602292036976,0.21768627736439888,4to5
394,395,OADMET-0005695,3.94,train,3to4,4,0.05295129537262177,0.22909835172992682,0.5663002776882634,0.13797833141107577,0.013671743798112212,4to5
395,396,OADMET-0005694,4.96,train,4to5,4,0.0015342921285367978,0.019118409646121992,0.42759373878644324,0.48597782957758506,0.06577572986131287,5to6
396,397,OADMET-0005693,4.82,train,4to5,4,0.031081060073465477,0.29316435606231783,0.5503070046953668,0.1158694113118903,0.00957816785695956,4to5
397,398,OADMET-0005692,4.9,train,4to5,0,0.004707498790315624,0.05050955177975862,0.5700419362015586,0.33589362018897206,0.038847393039395044,4to5
398,399,OADMET-0005691,4.25,train,4to5,1,0.05327967062712452,0.2256071666119881,0.5463943359316661,0.15030936560833383,0.024409461220887427,4to5
399,400,OADMET-0005690,4.7,train,4to5,3,0.012825858540739674,0.11189111926563543,0.6302420241330168,0.22613547473760093,0.018905523323007257,4to5
400,401,OADMET-0005689,5.05,train,5to6,4,0.011205371111906516,0.027835696498829228,0.2327463895092266,0.4369425401388106,0.29127000274122705,5to6
401,402,OADMET-0005688,4.59,train,4to5,2,0.003989784414200777,0.04986044641462915,0.6170043793035521,0.31083654590214743,0.018308843965470452,4to5
402,403,OADMET-0005687,5.04,train,5to6,0,0.0012578816949702456,0.006813677633925361,0.24885070626288774,0.5717755879242915,0.17130214648392517,5to6
403,404,OADMET-0005686,5.1,train,5to6,1,0.0018985995207937989,0.012096008063390703,0.2555737150389879,0.5044209268295082,0.22601075054731934,5to6
404,405,OADMET-0005685,4.22,train,4to5,4,0.00019113826366269515,0.0008641304752933231,0.047524926997035775,0.3672262559672413,0.584193548296767,gte6
405,406,OADMET-0005684,4.67,train,4to5,3,0.011337593071115095,0.049780915866260426,0.3155781889455968,0.4565093168261351,0.1667939852908926,5to6
406,407,OADMET-0005683,4.77,train,4to5,4,0.003997373338825442,0.01945851343509024,0.31971737295784003,0.4820206694022659,0.17480607086597844,5to6
407,408,OADMET-0005682,4.9,train,4to5,4,0.0020925454585106877,0.007810061600964776,0.20128046669753014,0.5329787318783002,0.2558381943646941,5to6
408,409,OADMET-0005681,5.17,train,5to6,1,0.004939340871308444,0.0386589160501278,0.4947788898186085,0.3874971776386449,0.07412567562131035,4to5
409,410,OADMET-0005680,4.27,train,4to5,0,0.022786410482998173,0.12187965191550618,0.5364758362314183,0.2597360010077506,0.05912210036232676,4to5
410,411,OADMET-0005679,4.4,train,4to5,0,0.0233385046572649,0.1181352909982642,0.515041422435077,0.27209237826076993,0.07139240364862391,4to5
411,412,OADMET-0005678,5.14,train,5to6,3,0.2461817234768063,0.43612133588484436,0.23886681759830053,0.04147106609912164,0.037359056940927136,3to4
412,413,OADMET-0005677,5.13,train,5to6,4,0.00016342410698167486,0.0008857487211735108,0.07489229072230724,0.5041227393590452,0.4199357970904924,5to6
413,414,OADMET-0005676,5.66,train,5to6,4,0.03412169040104871,0.06927843775638146,0.3719693824366802,0.30962695056655515,0.21500353883933446,4to5
414,415,OADMET-0005675,4.41,train,4to5,1,0.015613634313795354,0.11877919121212353,0.5688765112557618,0.23156367501128847,0.06516698820703092,4to5
415,416,OADMET-0005674,5.2,train,5to6,4,0.05557828996685136,0.2194361033437672,0.5354832867220677,0.16070426581453584,0.02879805415277787,4to5
416,417,OADMET-0005673,4.39,train,4to5,0,0.0042088500107201506,0.030745579346407433,0.4491680053221208,0.43211827629993393,0.08375928902081764,4to5
417,418,OADMET-0005672,4.92,train,4to5,4,0.0015940430835652236,0.0035795634154053434,0.12662982778515655,0.48820456237270243,0.37999200334317046,5to6
418,419,OADMET-0005671,4.94,train,4to5,1,0.056866952557868194,0.1666800715032236,0.46658639162599425,0.23825870986861086,0.0716078744443031,4to5
419,420,OADMET-0005670,4.6,train,4to5,1,0.0011609255663055775,0.016035671763842723,0.4261362416218656,0.47158218900613696,0.08508497204184913,5to6
420,421,OADMET-0005669,4.68,train,4to5,2,0.0032066219391165434,0.03543035033349861,0.5563748623975516,0.38226128621335703,0.022726879116476154,4to5
421,422,OADMET-0005668,5.27,train,5to6,4,0.0007780792273127371,0.0030524400839300543,0.12078220704464618,0.5169643295179943,0.35842294412611675,5to6
422,423,OADMET-0005667,5.14,train,5to6,1,0.019111414890728703,0.2023162641911403,0.6340644796195058,0.13284076416240947,0.011667077136215677,4to5
423,424,OADMET-0005666,5.25,train,5to6,1,0.0009681447986098179,0.007938592690540982,0.27895423755337323,0.5134012696437648,0.19873775531371124,5to6
424,425,OADMET-0005665,4.39,train,4to5,1,0.05974880177761613,0.3268010287843549,0.4939854695090515,0.09864700493731532,0.020817694991662215,4to5
425,426,OADMET-0005664,5.28,train,5to6,3,0.02890188234044305,0.07842668350453062,0.43419697868584056,0.32870364904024635,0.1297708064289394,4to5
426,427,OADMET-0005663,4.85,train,4to5,1,0.0010034893298266822,0.011836472496361243,0.38163824572246896,0.48477221867611076,0.12074957377523236,5to6
427,428,OADMET-0005662,4.28,train,4to5,0,0.03126514598210784,0.199268557900872,0.5553225688714418,0.18982782323490677,0.024315904010671616,4to5
428,429,OADMET-0005661,5.08,train,5to6,3,0.024415283212815667,0.04817731817698055,0.23835711516945624,0.29533593416449744,0.3937143492762501,gte6
429,430,OADMET-0005660,4.75,train,4to5,1,0.0008507365717753755,0.006331079212014337,0.20233881597447753,0.5246016028955428,0.26587776534618995,5to6
430,431,OADMET-0005659,5.12,train,5to6,1,0.007428097158162534,0.04616470770998027,0.38094289139671345,0.43729457999467675,0.12816972374046706,5to6
431,432,OADMET-0005658,4.51,train,4to5,2,0.03946495100257864,0.3051613007317629,0.5585157337618888,0.08889891306570448,0.007959101438065263,4to5
432,433,OADMET-0005657,4.63,train,4to5,0,0.06986597440637553,0.209269829439738,0.46329687771562034,0.1570957212558285,0.10047159718243767,4to5
433,434,OADMET-0005656,4.89,train,4to5,1,0.013024135938877763,0.09118617731384272,0.5914612192116223,0.2634404799550593,0.04088798758059786,4to5
434,435,OADMET-0005655,5.2,train,5to6,3,0.25785656034418164,0.3052503261919846,0.18586576228743895,0.08387671593658295,0.16715063523981186,3to4
435,436,OADMET-0005654,5.16,train,5to6,2,0.026411126708735674,0.1273535014535449,0.5636299126528969,0.22312904395619682,0.05947641522862579,4to5
436,437,OADMET-0005653,5.41,train,5to6,2,0.004782253813974975,0.02075700807329443,0.30965566231386804,0.5326225092106358,0.13218256658822677,5to6
437,438,OADMET-0005652,4.45,train,4to5,2,0.008308895025129189,0.05506853075774607,0.5332949817176348,0.3578931729260069,0.04543441957348309,4to5
438,439,OADMET-0005651,4.09,train,4to5,0,0.03896087371780654,0.31494417493283583,0.5326909969310183,0.09088961695423707,0.022514337464102196,4to5
439,440,OADMET-0005650,4.27,train,4to5,4,0.005968669785181867,0.01631676316659231,0.19287462192026508,0.4387374781809734,0.3461024669469873,5to6
440,441,OADMET-0005649,4.79,train,4to5,0,0.017779990194700092,0.14356269771315833,0.6155507919976013,0.19123942764182064,0.031867092452719556,4to5
441,442,OADMET-0005648,4.53,train,4to5,1,0.01661975669399085,0.1511491227809405,0.6446340632093395,0.1712267684100064,0.01637028890572273,4to5
442,443,OADMET-0005647,4.53,train,4to5,1,0.03345928626427425,0.1379500889567635,0.4992658961755735,0.23853425059564504,0.0907904780077437,4to5
443,444,OADMET-0005646,4.64,train,4to5,0,0.12905408922784362,0.4573033324369539,0.33161933465374016,0.04698501329813202,0.035038230383330225,3to4
444,445,OADMET-0005645,4.65,train,4to5,1,0.008356399553985908,0.07859921936916942,0.609219351846821,0.26486196225971853,0.03896306697030513,4to5
445,446,OADMET-0005644,5.1,train,5to6,2,0.0006168667125931218,0.00418897555816527,0.22238728690309353,0.6116907861507247,0.1611160846754234,5to6
446,447,OADMET-0005643,4.29,train,4to5,0,0.13571045332216242,0.5956464584272999,0.23035316028926506,0.027659119943070118,0.010630808018202513,3to4
447,448,OADMET-0005642,5.14,train,5to6,3,0.008537482948380961,0.10763577545505092,0.6551035890906075,0.21448143178090304,0.01424172072505757,4to5
448,449,OADMET-0005641,5.1,train,5to6,1,0.002443104094284566,0.013416556878867168,0.18019761463976902,0.5169351788440425,0.28700754554303676,5to6
449,450,OADMET-0005640,4.67,train,4to5,0,0.0232679097977731,0.18014280430919377,0.5730880477536915,0.17952166430830335,0.043979573831038274,4to5
450,451,OADMET-0005639,4.8,train,4to5,0,0.00027163274196840117,0.0014840278223320635,0.07886019303654558,0.5263025730322142,0.39308157336693983,5to6
451,452,OADMET-0005638,4.84,train,4to5,0,0.044041501785207014,0.4567917734498977,0.4394673859874173,0.04936231884390008,0.010337019933577909,3to4
452,453,OADMET-0005637,4.09,train,4to5,1,0.12995345696876262,0.2175651458268591,0.3512885816203269,0.17518400884890542,0.12600880673514595,4to5
453,454,OADMET-0005636,5.12,train,5to6,3,0.21442143831125268,0.4407451188120175,0.21902467495055944,0.04567780818475436,0.080130959741416,3to4
454,455,OADMET-0005635,4.89,train,4to5,1,0.000452545884237725,0.004137566361555995,0.17748612373105196,0.5291488828579269,0.2887748811652273,5to6
455,456,OADMET-0005634,4.09,train,4to5,3,0.01040656812306989,0.10388949736018399,0.5855654183583962,0.2742604177351458,0.025878098423204092,4to5
456,457,OADMET-0005633,4.43,train,4to5,4,0.04220303473394698,0.09125757115418943,0.42878609416500374,0.271285948105686,0.16646735184117387,4to5
457,458,OADMET-0005632,5.1,train,5to6,0,0.027570460159657178,0.2921051501492598,0.5294987233850027,0.11207055356664906,0.03875511273943126,4to5
458,459,OADMET-0005631,4.35,train,4to5,0,0.014830376842391663,0.11262249862683937,0.5599736529590662,0.2704886475914072,0.04208482398029548,4to5
459,460,OADMET-0005630,4.63,train,4to5,0,0.020601786230255086,0.20091079069990525,0.6009961780847211,0.1502684905378784,0.027222754447240222,4to5
460,461,OADMET-0005629,4.73,train,4to5,2,0.026968701363831227,0.12425066785282893,0.5695670959823542,0.2353946614811966,0.04381887331978904,4to5
461,462,OADMET-0005628,5.27,train,5to6,1,0.0015106022875299636,0.018593467549056844,0.44610955776305816,0.4554533605799433,0.07833301182041175,5to6
462,463,OADMET-0005627,4.68,train,4to5,2,0.15581812196698966,0.25981957107513504,0.34036255389992226,0.1314313729320671,0.11256838012588591,4to5
463,464,OADMET-0005626,3.51,train,3to4,0,0.060360009364187506,0.2633863628643819,0.4990119822544161,0.13266603352130873,0.04457561199570569,4to5
464,465,OADMET-0005625,4.57,train,4to5,4,0.012047930519605855,0.048677727209545496,0.5213467838053237,0.3568722851654041,0.06105527330012082,4to5
465,466,OADMET-0005624,4.16,train,4to5,4,0.0771566761175541,0.26082437647526613,0.4502089220983776,0.1274356813556921,0.08437434395311004,4to5
466,467,OADMET-0005623,4.87,train,4to5,0,0.011121501793962846,0.13750710647996364,0.6362492240662933,0.18369309022504365,0.03142907743473665,4to5
467,468,OADMET-0005622,5.15,train,5to6,3,0.03423640313168597,0.06921849013016615,0.3555098871415544,0.3708810599028472,0.17015415969374628,5to6
468,469,OADMET-0005621,4.95,train,4to5,1,0.006533801263549867,0.03470921361256181,0.4169729165595956,0.4386223060508532,0.10316176251343954,5to6
469,470,OADMET-0005620,4.67,train,4to5,3,0.020688975840077336,0.2193168119940974,0.6097562540004435,0.13912465326199078,0.011113304903390986,4to5
470,471,OADMET-0005619,5.05,train,5to6,4,0.0013488183186311524,0.0060369456882655645,0.1785706749277302,0.538398391253017,0.2756451698123561,5to6
471,472,OADMET-0005618,4.96,train,4to5,1,0.0006994523943345281,0.009077862384886193,0.3013224164955757,0.538396804178151,0.15050346454705263,5to6
472,473,OADMET-0005617,4.87,train,4to5,0,0.00508131397882347,0.073767384212769,0.6341513209270624,0.25541480626392515,0.03158517461741995,4to5
473,474,OADMET-0005616,4.54,train,4to5,3,0.020684674228096944,0.08023896008551895,0.5182076057925253,0.3011952318162081,0.0796735280776506,4to5
474,475,OADMET-0005615,4.93,train,4to5,3,0.15273463583798486,0.4938856615323046,0.2996366592157943,0.037741038596806685,0.01600200481710951,3to4
475,476,OADMET-0005614,5.32,train,5to6,4,0.0033147922001812097,0.01338415787898852,0.3309464178202906,0.4917885097139697,0.16056612238656995,5to6
476,477,OADMET-0005613,5.04,train,5to6,2,0.032044036296406495,0.2526644320060879,0.5787869948301644,0.12149524720925785,0.015009289658083349,4to5
477,478,OADMET-0005612,4.53,train,4to5,4,0.1779498024132088,0.23908019243985557,0.317744346840265,0.1208648765151566,0.14436078179151401,4to5
478,479,OADMET-0005611,4.85,train,4to5,1,0.00855460458882829,0.07596356202394662,0.6261837301666889,0.2646154386894045,0.024682664531131646,4to5
479,480,OADMET-0005610,4.85,train,4to5,4,0.1937043063577104,0.3097003984834984,0.3347232925343391,0.10267172715562684,0.05920027546882527,4to5
480,481,OADMET-0005609,4.15,train,4to5,2,0.012915046279045054,0.10131015883327861,0.6233766831747912,0.24570750317918377,0.01669060853370133,4to5
481,482,OADMET-0005608,4.53,train,4to5,1,0.04042000846639307,0.2750572664684529,0.5505039300957296,0.11384550161084166,0.020173293358582756,4to5
482,483,OADMET-0005607,4.73,train,4to5,2,0.017967998646795776,0.12452611840281415,0.6090760713615255,0.22260413649297997,0.025825675095884595,4to5
483,484,OADMET-0005606,4.59,train,4to5,0,0.19792388563904806,0.5795337015719497,0.17759387360507506,0.024957018205495722,0.01999152097843141,3to4
484,485,OADMET-0005605,4.91,train,4to5,1,0.004017935639422689,0.053241670652327634,0.6054670869907406,0.3047924369576579,0.03248086975985126,4to5
485,486,OADMET-0005604,3.91,train,3to4,1,0.0020506008581000945,0.02101812235374597,0.4089925411961443,0.4585056704550415,0.10943306513696816,5to6
486,487,OADMET-0005603,4.29,train,4to5,2,0.07010843984217138,0.11053148080616917,0.2791530344331917,0.22348881092353406,0.3167182339949337,gte6
487,488,OADMET-0005602,4.47,train,4to5,0,0.007961830988846274,0.11703692278514402,0.6602699105232682,0.1955232305827466,0.019208105119994892,4to5
488,489,OADMET-0005601,4.87,train,4to5,3,0.000429740686041143,0.0049533497856494016,0.20720031209833875,0.6376980343808045,0.1497185630491662,5to6
489,490,OADMET-0005600,4.73,train,4to5,2,0.07037015532455297,0.22686447172030624,0.46123129016845216,0.16524154329915428,0.07629253948753435,4to5
490,491,OADMET-0005599,4.43,train,4to5,2,0.008885379156223012,0.06840747754106945,0.5973390479883889,0.2935670980617194,0.03180099725259927,4to5
491,492,OADMET-0005598,4.92,train,4to5,3,0.0148504248515774,0.1316491089478917,0.6465181816716933,0.19130270503782545,0.0156795794910122,4to5
492,493,OADMET-0005597,4.77,train,4to5,4,0.10610000433437512,0.22245911508004354,0.4739444990996253,0.13526328944649693,0.06223309203945909,4to5
493,494,OADMET-0005596,4.79,train,4to5,4,0.0014063994260696657,0.004443260870555634,0.08661293295874926,0.4195850519366036,0.48795235480802185,gte6
494,495,OADMET-0005595,4.93,train,4to5,3,0.20918634582843754,0.5581455045319115,0.19942560769116785,0.020349681011983006,0.012892860936500146,3to4
495,496,OADMET-0005594,4.24,train,4to5,3,0.06561002165828841,0.37837255177261564,0.47516539914144856,0.06791717590725597,0.012934851520391422,4to5
496,497,OADMET-0005593,4.74,train,4to5,3,0.18168935586873555,0.4681027848659286,0.2826634178958286,0.04301186022091745,0.02453258114858978,3to4
497,498,OADMET-0005592,4.65,train,4to5,0,0.04197154673369119,0.18760988418248284,0.553945804323708,0.17443558959139502,0.04203717516872295,4to5
498,499,OADMET-0005591,4.9,train,4to5,0,0.10671088924043542,0.4997555352729226,0.32688397412660697,0.047376528735283974,0.019273072624750975,3to4
499,500,OADMET-0005590,4.63,train,4to5,2,0.0015758953688003337,0.01961794888666079,0.48377287894715076,0.45896038893917984,0.03607288785820826,4to5
500,501,OADMET-0005589,5.16,train,5to6,3,0.014117014844178485,0.064640336882478,0.4735308671343014,0.38608140436517696,0.06163037677386511,4to5
501,502,OADMET-0005588,4.45,train,4to5,2,0.08217938060657574,0.40130662021100627,0.4279409849358875,0.07043798110400183,0.01813503314252869,4to5
502,503,OADMET-0005587,4.26,train,4to5,2,0.0017845987204889067,0.01634292148311874,0.3925725591865443,0.5160986280003077,0.07320129260954031,5to6
503,504,OADMET-0005586,4.68,train,4to5,2,0.02017886443860147,0.1479878784425331,0.6068904634183369,0.20479172737647727,0.020151066324051243,4to5
504,505,OADMET-0005585,5.04,train,5to6,4,0.03371769436755425,0.02492472809088498,0.12384597495772037,0.24434817417159027,0.5731634284122501,gte6
505,506,OADMET-0005584,4.05,train,4to5,1,0.018692746410281465,0.052037063016797176,0.3147132040054872,0.3750640084023772,0.23949297816505696,5to6
506,507,OADMET-0005583,4.27,train,4to5,1,0.03957220853012489,0.13578438556515596,0.5111606640940806,0.22147094873382228,0.0920117930768163,4to5
507,508,OADMET-0005582,4.85,train,4to5,0,0.0031387210634764118,0.014884357519935448,0.3698863200225561,0.48665363117963123,0.12543697021440078,5to6
508,509,OADMET-0005581,4.66,train,4to5,0,0.0047437749817249375,0.056249800394304814,0.6209042778648814,0.2891292047809314,0.02897294197815738,4to5
509,510,OADMET-0005580,4.11,train,4to5,4,0.12979837913591916,0.3234301125108794,0.44110547345974177,0.08584553524509539,0.01982049964836427,4to5
510,511,OADMET-0005579,4.85,train,4to5,1,0.0035254823067905295,0.022007767825913616,0.3676512943688105,0.4462906485495378,0.16052480694894755,5to6
511,512,OADMET-0005578,4.77,train,4to5,4,0.026284665946406594,0.16730496972931425,0.5896325949056392,0.20037259982563033,0.016405169593009597,4to5
512,513,OADMET-0005577,4.9,train,4to5,2,0.00042740701989561265,0.004590601000924029,0.2841092228203088,0.6168147065216523,0.09405806263721923,5to6
513,514,OADMET-0005576,4.12,train,4to5,4,0.044073101625663434,0.1376314327601131,0.48947492788890296,0.2267057920996747,0.1021147456256458,4to5
514,515,OADMET-0005575,4.82,train,4to5,0,0.008490654125909769,0.09970825306974682,0.6596105295469198,0.2040262694827211,0.028164293774702497,4to5
515,516,OADMET-0005574,5.28,train,5to6,4,0.006675185697853432,0.04967533098231378,0.5176135349796482,0.3889434671862374,0.03709248115394712,4to5
516,517,OADMET-0005573,4.73,train,4to5,2,0.0008164280162595121,0.006839450213469386,0.24300701080256007,0.5885759985628296,0.16076111240488142,5to6
517,518,OADMET-0005572,4.77,train,4to5,4,0.013232125585532077,0.04495480865960981,0.38748379365931235,0.4055256734381278,0.148803598657418,5to6
518,519,OADMET-0005571,4.75,train,4to5,0,0.010220746290798145,0.07125046696629306,0.5630525826008903,0.3078343504292983,0.04764185371272021,4to5
519,520,OADMET-0005570,5.08,train,5to6,0,0.01039897431287437,0.04253236442236193,0.37034221310947535,0.44606371301583364,0.13066273513945473,5to6
520,521,OADMET-0005569,4.68,train,4to5,1,0.0028668248887347104,0.021296648551601866,0.38536969266904403,0.45131543793586465,0.13915139595475476,5to6
521,522,OADMET-0005568,4.35,train,4to5,0,0.31177891742039227,0.6171078377340777,0.059170187324266946,0.005403748912365463,0.00653930860889763,3to4
522,523,OADMET-0005567,5.12,train,5to6,4,0.002412042474964637,0.01831243852089661,0.4392966435785012,0.46333108304388737,0.0766477923817502,5to6
523,524,OADMET-0005566,5.31,train,5to6,3,0.00853693778172875,0.050826978743130934,0.5337497676478197,0.35945207449671374,0.04743424133060696,4to5
524,525,OADMET-0005565,5.28,train,5to6,0,0.0031052234167551073,0.011330632511366723,0.12951436659940532,0.49872860393745366,0.3573211735350192,5to6
525,526,OADMET-0005564,4.88,train,4to5,4,0.0031132147100065366,0.042479468354533534,0.5422676544118203,0.3829216775214248,0.0292179850022148,4to5
526,527,OADMET-0005563,5.18,train,5to6,3,0.018358742186640797,0.10350717553171948,0.5323077797202023,0.29193504622143074,0.05389125634000679,4to5
527,528,OADMET-0005562,5.03,train,5to6,2,0.14521576572370354,0.2523461599077743,0.39008555106882414,0.13932779535150375,0.0730247279481942,4to5
528,529,OADMET-0005561,4.59,train,4to5,3,0.015898423328617302,0.1198589210206975,0.6150602721238891,0.23300932434577243,0.01617305918102361,4to5
529,530,OADMET-0005560,4.8,train,4to5,4,0.02205783958022615,0.2282870350030888,0.61632432906823,0.12399496611561031,0.009335830232844724,4to5
530,531,OADMET-0005559,4.96,train,4to5,0,0.1349762273851705,0.472558662357735,0.3294899269963219,0.052226831927627594,0.010748351333145001,3to4
531,532,OADMET-0005558,4.61,train,4to5,0,0.0015794442904996783,0.011278688198596749,0.35592741516875054,0.5486184013711828,0.08259605097097024,5to6
532,533,OADMET-0005557,5.13,train,5to6,3,0.0856206033841225,0.30455150489147786,0.4758567270529812,0.0975180489955879,0.03645311567583052,4to5
533,534,OADMET-0005556,5.22,train,5to6,0,0.008376196619673579,0.03143893777333132,0.2956045479196549,0.42944923102682603,0.2351310866605142,5to6
534,535,OADMET-0005555,4.53,train,4to5,4,0.09895286635344575,0.19543380889718376,0.3162409043592147,0.1876716450775292,0.20170077531262653,4to5
535,536,OADMET-0005554,4.58,train,4to5,3,0.032703635640171494,0.12450118180355566,0.5126621341211994,0.25970904084227675,0.07042400759279671,4to5
536,537,OADMET-0005553,4.79,train,4to5,1,0.007265050999186721,0.029457567654568823,0.2909994576419974,0.4577439199301417,0.2145340037741054,5to6
537,538,OADMET-0005552,5.14,train,5to6,4,0.008370155955572715,0.026030939553153186,0.3601214098493379,0.42442638409109423,0.18105111055084197,5to6
538,539,OADMET-0005551,5.3,train,5to6,4,0.0007726261905504037,0.006878175245809787,0.3586076168071615,0.5531628678649478,0.08057871389153046,5to6
539,540,OADMET-0005550,5.0,train,4to5,4,0.09212689033056132,0.18474900584854925,0.4560441936847255,0.16942119472160044,0.09765871541456345,4to5
540,541,OADMET-0005549,5.09,train,5to6,4,0.026797718716620993,0.1412612070854769,0.5359450089534643,0.25312010123788387,0.04287596400655389,4to5
541,542,OADMET-0005548,4.83,train,4to5,1,0.02343093855579212,0.1696160036031903,0.6020561624892846,0.17350058742334845,0.031396307928384506,4to5
542,543,OADMET-0005547,5.37,train,5to6,2,0.012722841618020965,0.06685434362767867,0.4814746140122134,0.3882949399276024,0.050653260814484576,4to5
543,544,OADMET-0005546,4.93,train,4to5,1,0.006056367142953258,0.036376276257080266,0.4823588283350884,0.3931483152978761,0.08206021296700196,4to5
544,545,OADMET-0005545,5.43,train,5to6,4,0.0019997788579256223,0.0037620769842774773,0.07951715397875131,0.39699148179727545,0.5177295083817701,gte6
545,546,OADMET-0005544,4.8,train,4to5,0,0.013521954114989472,0.06382747596887925,0.4694787456956786,0.3575657526202704,0.09560607160018224,4to5
546,547,OADMET-0005543,5.1,train,5to6,1,0.0032271378492898305,0.02007467603053617,0.3630748266039709,0.4394129065253981,0.174210452990805,5to6
547,548,OADMET-0005542,5.28,train,5to6,2,0.00031171664746042856,0.0031668912395089372,0.2108681988053384,0.6392044097778691,0.14644878352982313,5to6
548,549,OADMET-0005541,4.68,train,4to5,1,0.07627169950466663,0.3732760263526494,0.458970779892426,0.07615962042930641,0.015321873820951532,4to5
549,550,OADMET-0005540,4.63,train,4to5,0,0.01786624720094713,0.18617051181959413,0.615921465274161,0.14908351670578943,0.030958258999508277,4to5
550,551,OADMET-0005539,4.82,train,4to5,4,0.07127726716880102,0.4151630637770435,0.41431483008988457,0.07394140103546677,0.02530343792880419,3to4
551,552,OADMET-0005538,4.43,train,4to5,3,0.04883064265956264,0.22449199562623356,0.5407439995832592,0.1660198547651265,0.01991350736581804,4to5
552,553,OADMET-0005537,5.19,train,5to6,2,0.0007706428630396921,0.004614743255815802,0.14965529259004853,0.5843173673758757,0.2606419539152203,5to6
553,554,OADMET-0005536,4.49,train,4to5,2,0.006106927763412604,0.04421022369674505,0.5302969019749425,0.3818550265634423,0.037530920001457635,4to5
554,555,OADMET-0005535,5.23,train,5to6,3,0.014890833272431825,0.03846882530822522,0.3035215338475502,0.4211907845533663,0.22192802301842643,5to6
555,556,OADMET-0005534,5.49,train,5to6,4,0.0051260741762883776,0.011052610753840343,0.21550374189536767,0.48976818358240515,0.27854938959209846,5to6
556,557,OADMET-0005533,4.21,train,4to5,1,0.09926637262105942,0.3489086329936981,0.41938233375549316,0.09600859135389328,0.03643406927585602,4to5
557,558,OADMET-0005532,5.22,train,5to6,0,0.013527170540800411,0.0686499689081223,0.41231968346104525,0.39406266184610755,0.11144051524392445,4to5
558,559,OADMET-0005531,4.4,train,4to5,4,0.01377619303176634,0.1563517369257099,0.62481715971752,0.18909246539534388,0.0159624449296598,4to5
559,560,OADMET-0005530,4.88,train,4to5,1,0.07430546315542629,0.24801381036562042,0.48397445954525137,0.14304879998515546,0.050657466948546455,4to5
560,561,OADMET-0005529,5.3,train,5to6,0,0.0024463703563978763,0.014122574152820193,0.2569263497900207,0.5460824201281737,0.18042228557258752,5to6
561,562,OADMET-0005528,3.86,train,3to4,0,0.009433446645304398,0.029930990802572853,0.2696226592470878,0.4740242459145686,0.21698865739046638,5to6
562,563,OADMET-0005527,4.09,train,4to5,1,0.23394401815783897,0.4729495731167686,0.212351402088192,0.049121984878689726,0.03163302175851069,3to4
563,564,OADMET-0005526,5.07,train,5to6,4,0.004623840021977946,0.009865767161686974,0.26548340483944904,0.48811014691188226,0.2319168410650038,5to6
564,565,OADMET-0005525,5.54,train,5to6,3,0.04195256531238556,0.14376521110534668,0.4651927649974823,0.256878137588501,0.09221132099628448,4to5
565,566,OADMET-0005524,5.3,train,5to6,0,0.00034414745046272143,0.004091763992777401,0.19787905219110585,0.6282766651539053,0.16940837121174862,5to6
566,567,OADMET-0005523,4.43,train,4to5,0,0.04536202397088077,0.20048164802142018,0.5213960661670151,0.17752795781144295,0.05523230402924103,4to5
567,568,OADMET-0005522,5.37,train,5to6,2,0.04045801594682777,0.05632094645380621,0.21128237168758224,0.34601402153814576,0.345924644373638,5to6
568,569,OADMET-0005521,4.49,train,4to5,1,0.07450769207638043,0.3679874296186481,0.4573589035475091,0.08091543735437746,0.019230537403084894,4to5
569,570,OADMET-0005520,4.29,train,4to5,3,0.0026643830264682505,0.03916870044815312,0.5601024609428285,0.3740879583085814,0.023976497273968774,4to5
570,571,OADMET-0005519,4.81,train,4to5,3,0.028480195469850072,0.1129268744592427,0.5521644775070322,0.2546666183893895,0.05176183417448554,4to5
571,572,OADMET-0005518,5.39,train,5to6,4,0.051191884833604526,0.1267638052748002,0.48930722292770734,0.20877569836089127,0.12396138860299666,4to5
572,573,OADMET-0005517,4.92,train,4to5,3,0.018874596171560266,0.07793523854979445,0.40034710018663144,0.37844623846554704,0.12439682662646681,4to5
573,574,OADMET-0005516,4.46,train,4to5,1,0.17666969558859633,0.41005068023003205,0.27832175649025603,0.07730509715142199,0.057652770539693594,3to4
574,575,OADMET-0005515,5.1,train,5to6,4,0.0451084031703248,0.24800522163500596,0.5282834073848388,0.14650347555981064,0.03209949225001983,4to5
575,576,OADMET-0005514,4.7,train,4to5,1,0.05114077003035264,0.2691741570690228,0.526081082265371,0.12417089124673479,0.029433099388518746,4to5
576,577,OADMET-0005513,5.2,train,5to6,1,0.012011426224155321,0.060132132382811704,0.5042108386244899,0.33910980390025414,0.08453579886828896,4to5
577,578,OADMET-0005512,5.01,train,5to6,1,0.0011772563049358333,0.010398535636955189,0.2784735466079086,0.5426584894403792,0.16729217200982127,5to6
578,579,OADMET-0005511,4.73,train,4to5,3,0.05384434710915651,0.1254235258925928,0.38883611498192544,0.2657879383059341,0.16610807371039113,4to5
579,580,OADMET-0005510,4.99,train,4to5,3,0.03602571970090242,0.05145099863293029,0.2591057284642749,0.3041289886168918,0.3492885645850006,gte6
580,581,OADMET-0005509,5.68,train,5to6,4,0.002247787114199804,0.004445933803110328,0.09407101711736646,0.4513605006241873,0.44787476134113613,5to6
581,582,OADMET-0005508,5.34,train,5to6,2,0.014439231998495639,0.03455910526750722,0.2954509912100349,0.4353093888065751,0.22024128271738713,5to6
582,583,OADMET-0005507,5.31,train,5to6,2,0.0033265031048314666,0.024989914341805173,0.45761918943917673,0.4529684479343834,0.061095945179803234,4to5
583,584,OADMET-0005506,5.18,train,5to6,4,0.0015969800622856701,0.017630458815100496,0.5123914211186894,0.43823147499440296,0.03014966500952154,4to5
584,585,OADMET-0005505,4.48,train,4to5,3,0.00812590470534847,0.05275640851985191,0.5393674212882691,0.33555846406345174,0.06419180142307873,4to5
585,586,OADMET-0005504,4.77,train,4to5,3,0.02188239526617358,0.1260978633542561,0.5595060826626418,0.2645540946810398,0.02795956403588871,4to5
586,587,OADMET-0005503,4.95,train,4to5,0,0.033957659945207386,0.33725699531095477,0.5238590201447977,0.08286129621519672,0.022065028383843388,4to5
587,588,OADMET-0005502,4.87,train,4to5,3,0.14686548928716017,0.4507109888003914,0.3039816365239268,0.05731392364671713,0.041127961741804504,3to4
588,589,OADMET-0005501,5.29,train,5to6,2,0.0016522541803671172,0.010424755762456326,0.29930094598754003,0.5493109953367098,0.1393110487329267,5to6
589,590,OADMET-0005500,4.64,train,4to5,1,0.0026287157627118258,0.03590707554477794,0.5498942845479345,0.35149405126727107,0.060075872877304634,4to5
590,591,OADMET-0005499,5.17,train,5to6,4,0.0020931059499992685,0.018909568993184224,0.48173648968107696,0.44170449210241125,0.05555634327332833,4to5
591,592,OADMET-0005498,3.8,train,3to4,2,0.031023202939784396,0.0745202865666023,0.3655542567869608,0.35324536174929017,0.17565689195736237,4to5
592,593,OADMET-0005497,4.9,train,4to5,4,0.0011254110540321995,0.01248345661529506,0.4229496271581897,0.4967052814894252,0.06673622368305784,5to6
593,594,OADMET-0005496,5.08,train,5to6,4,0.0004949757645186442,0.0055649675598969115,0.31768685144742426,0.5825546900217682,0.09369851520639198,5to6
594,595,OADMET-0005495,5.03,train,5to6,1,0.0009746004205086667,0.011152390211467881,0.34602760712711494,0.5271208201601784,0.1147245820807302,5to6
595,596,OADMET-0005494,5.36,train,5to6,1,0.0003841818496190135,0.00587291728976924,0.3068905435242333,0.5643334319750999,0.12251892536127856,5to6
596,597,OADMET-0005493,5.13,train,5to6,3,0.0020792324738912837,0.03422581214404455,0.5472284847207654,0.3933615298196185,0.023104940841680265,4to5
597,598,OADMET-0005492,5.35,train,5to6,3,0.0007639150394898829,0.007892195403636556,0.2867586412156843,0.5792235332929148,0.1253617150482746,5to6
598,599,OADMET-0005491,4.84,train,4to5,4,0.003711801517691147,0.042447661521099404,0.5489006934241245,0.37781322915430443,0.027126614382780533,4to5
599,600,OADMET-0005490,4.96,train,4to5,3,0.0024718438100969978,0.023596432422793925,0.4586353904550286,0.45378503299241096,0.06151130031966954,4to5
600,601,OADMET-0005489,4.94,train,4to5,0,0.00831699368239569,0.07918507576292352,0.6253291941235617,0.2552898814704646,0.03187885496065447,4to5
601,602,OADMET-0005488,5.04,train,5to6,3,0.029236463013017654,0.2701156659950782,0.577569587782875,0.11184888765638076,0.011229395552648356,4to5
602,603,OADMET-0005487,4.78,train,4to5,3,0.20587856267730542,0.45258356658090687,0.25495273729627815,0.047825453543771365,0.03875967990173816,3to4
603,604,OADMET-0005486,4.93,train,4to5,4,0.05476565138407858,0.2762223297299654,0.46044789651381546,0.1534385147982227,0.055125607573917816,4to5
604,605,OADMET-0005485,4.61,train,4to5,3,0.015628690482254716,0.13194475069436248,0.577728173797137,0.24447322802518412,0.030225157001061626,4to5
605,606,OADMET-0005484,4.93,train,4to5,0,0.0011578854646073604,0.015433997856727697,0.41283128180279777,0.5117457203420863,0.05883111453378087,5to6
606,607,OADMET-0005483,5.17,train,5to6,1,0.009178774209089456,0.08331850714396576,0.6096087546555068,0.2623475428474731,0.03554642114396491,4to5
607,608,OADMET-0005482,4.99,train,4to5,0,0.008810955801320483,0.06319069697583139,0.5786899773373089,0.2989812713382062,0.050327098547333145,4to5
608,609,OADMET-0005481,4.96,train,4to5,0,0.00018717127301501115,0.0038723714939525246,0.24266639241669452,0.6200936408499661,0.13318042396637186,5to6
609,610,OADMET-0005480,5.11,train,5to6,0,0.0028180992991895227,0.019190516841155466,0.2945904513291298,0.5375381257278897,0.14586280680263544,5to6
610,611,OADMET-0005479,4.7,train,4to5,3,0.015364323127394641,0.11653771529801026,0.6246726262747097,0.2229847967733198,0.020440538526565622,4to5
611,612,OADMET-0005478,5.06,train,5to6,3,0.11573893739850948,0.45165247433890254,0.35134274980751007,0.052082193258741465,0.02918364519633647,3to4
612,613,OADMET-0005477,4.5,train,4to5,0,0.10201503435427105,0.3818149920893652,0.386225079872361,0.07415011055561944,0.05579478312838333,4to5
613,614,OADMET-0005476,5.3,train,5to6,3,0.0015062645048873277,0.026350113629511087,0.46687854783845245,0.46797476662685117,0.03729030740029799,5to6
614,615,OADMET-0005475,4.85,train,4to5,3,0.013916005484133999,0.15862444161343903,0.635532979931928,0.1787735237089807,0.013153049261518189,4to5
615,616,OADMET-0005474,5.27,train,5to6,1,0.00019260687653416288,0.0016824458434894672,0.110265916169797,0.5211124926124228,0.36674653849775657,5to6
616,617,OADMET-0005473,4.33,train,4to5,4,0.008364760090989952,0.04259319860934954,0.48132471930383064,0.3742214638251602,0.09349585817066963,4to5
617,618,OADMET-0005472,4.92,train,4to5,4,0.0013495135748221479,0.017892441622994793,0.40926716377249567,0.5281321701145774,0.04335871091511003,5to6
618,619,OADMET-0005471,5.32,train,5to6,4,0.010140935862043121,0.016800962341574126,0.20529839339117037,0.4500571178736432,0.3177025905315692,5to6
619,620,OADMET-0005470,4.23,train,4to5,0,0.012676094410756619,0.055042623397060585,0.3291666145320061,0.4579180985537543,0.14519656910642242,5to6
620,621,OADMET-0005469,4.87,train,4to5,3,0.019083127997984214,0.10929057034632197,0.5678342210609508,0.26899374757934147,0.034798333015401556,4to5
621,622,OADMET-0005468,4.38,train,4to5,4,0.012406230911148272,0.09660423572329911,0.6325209861605625,0.23489270844364848,0.023575838761341665,4to5
622,623,OADMET-0005467,5.22,train,5to6,3,0.12002698913347296,0.3818941897326129,0.41191827265522457,0.06746507762762162,0.018695470851067906,4to5
623,624,OADMET-0005466,4.43,train,4to5,4,0.1021468802958229,0.4523156615943772,0.37797287869053764,0.05269779700789488,0.01486678241136736,3to4
624,625,OADMET-0005465,5.19,train,5to6,0,0.031039308640959454,0.12715497565584266,0.49046906646166344,0.2740629007143419,0.07727374852719252,4to5
625,626,OADMET-0005464,4.81,train,4to5,4,0.038563491771648105,0.033813936860929504,0.20180605864719017,0.30940981200960443,0.4164067007106278,gte6
626,627,OADMET-0005463,5.34,train,5to6,3,0.042659274121318314,0.2056360489150422,0.4775605375210801,0.24120283987961755,0.032941299562941874,4to5
627,628,OADMET-0005462,4.86,train,4to5,2,0.004582086612150718,0.025678282794939597,0.3700577942286267,0.48227069141172385,0.11741114495255905,5to6
628,629,OADMET-0005461,5.23,train,5to6,2,0.008075834897456946,0.04389908381908649,0.42453633236477095,0.4487289627532469,0.07475978616543871,5to6
629,630,OADMET-0005460,5.15,train,5to6,2,0.015263564827801418,0.09600232505797474,0.5595932582035912,0.2845616628059683,0.044579189104664366,4to5
630,631,OADMET-0005459,4.72,train,4to5,0,0.11335943708661574,0.2521582691575128,0.38402486538738817,0.17110421233748124,0.07935321603100204,4to5
631,632,OADMET-0005458,4.75,train,4to5,2,0.038554694934428056,0.1428442017306857,0.5203530250529166,0.23187713584166544,0.06637094244030427,4to5
632,633,OADMET-0005457,4.59,train,4to5,3,0.34365638962516043,0.4098472281923621,0.13100972722839666,0.03307963522866504,0.08240701972541578,3to4
633,634,OADMET-0005456,5.22,train,5to6,3,0.004542166839179816,0.011468354628609989,0.16870445036614004,0.4853351122960473,0.32994991587002287,5to6
634,635,OADMET-0005455,5.09,train,5to6,3,0.1240061158240297,0.3288111711204884,0.3880644469563994,0.09435985307663569,0.06475841302244673,4to5
635,636,OADMET-0005454,4.69,train,4to5,3,0.01556958555279444,0.1193741800194072,0.5781290251177649,0.24784429661193544,0.03908291269809803,4to5
636,637,OADMET-0005453,4.93,train,4to5,4,0.0024141393262903468,0.008314093137396256,0.19362484389934345,0.5105815261156705,0.28506539752129934,5to6
637,638,OADMET-0005452,4.61,train,4to5,0,0.0012354744892946216,0.011677546485110012,0.4037191291991531,0.5045579697117201,0.07880988011472216,5to6
638,639,OADMET-0005451,4.3,train,4to5,4,0.010893349606779821,0.058736507232445806,0.4907056721252759,0.36989057305197603,0.06977389798352242,4to5
639,640,OADMET-0005450,5.43,train,5to6,4,0.00306690661405388,0.0039061204934054653,0.1175117099814393,0.4743822137656804,0.401133049145421,5to6
640,641,OADMET-0005449,5.32,train,5to6,1,0.0002513447294483348,0.002991906184306201,0.2210515327362381,0.5684048628229644,0.20730035352704299,5to6
641,642,OADMET-0005448,5.31,train,5to6,2,0.003075642227574578,0.019637073996888414,0.34126936825222215,0.5400822073347316,0.09593570818858331,5to6
642,643,OADMET-0005447,5.07,train,5to6,0,0.05658226319553292,0.17833720878403372,0.3789180970493669,0.2877444444790069,0.09841798649205957,4to5
643,644,OADMET-0005446,5.24,train,5to6,3,0.002401232219097112,0.023727960542046102,0.5196175500246957,0.4197134016961253,0.03453985551803582,4to5
644,645,OADMET-0005445,4.5,train,4to5,2,0.014500770771878849,0.10483496675206336,0.6152439736397712,0.23992067664832128,0.02549961218796526,4to5
645,646,OADMET-0005444,4.57,train,4to5,1,0.009860688842639145,0.07827182137508847,0.6140405565593251,0.2503435380905771,0.04748339513237018,4to5
646,647,OADMET-0005443,5.61,train,5to6,0,0.000388732879713153,0.0015315915273214889,0.06119482238454048,0.46957513837592313,0.4673097148325018,5to6
647,648,OADMET-0005442,5.03,train,5to6,1,0.11249451255429899,0.49818521366875457,0.33246573558102743,0.04163585572216022,0.015218682473758738,3to4
648,649,OADMET-0005441,4.56,train,4to5,0,0.0027967771378361646,0.006237277006951113,0.05376546237603445,0.3483865658061488,0.5888139176730295,gte6
649,650,OADMET-0005440,5.01,train,5to6,3,0.010172893454264094,0.09725824152435186,0.5632380932337117,0.30256674172695225,0.026764030060720173,4to5
650,651,OADMET-0005439,4.46,train,4to5,4,0.009208381858614204,0.10157651924926875,0.63649062583388,0.24122495297759433,0.011499520080642698,4to5
651,652,OADMET-0005438,4.63,train,4to5,0,0.003379761100614455,0.03462833632983159,0.4421734632305557,0.4604572481181235,0.05936119122087475,5to6
652,653,OADMET-0005437,5.16,train,5to6,0,0.0034606543701318254,0.05278844152814618,0.6279536803925412,0.29054336454643886,0.025253859162741983,4to5
653,654,OADMET-0005436,4.58,train,4to5,2,0.0008679351677153478,0.006656087309298801,0.26172756519555784,0.5750894408258644,0.1556589715015635,5to6
654,655,OADMET-0005435,5.18,train,5to6,0,0.009561200652908164,0.03341022888219979,0.2738336332342596,0.44154039148671664,0.24165454574391584,5to6
655,656,OADMET-0005434,5.01,train,5to6,3,0.0005859457445128245,0.00797154400849025,0.3463308893638508,0.5735499399354406,0.07156168094770561,5to6
656,657,OADMET-0005433,4.78,train,4to5,1,0.006208626426015651,0.06422768138099402,0.5954606261425155,0.2909376779756082,0.04316538807486668,4to5
657,658,OADMET-0005432,5.48,train,5to6,1,0.004898087025750589,0.04624752982407983,0.5647970327541812,0.333686941296397,0.05037040909959135,4to5
658,659,OADMET-0005431,5.04,train,5to6,2,0.056646504912109846,0.1388594004234172,0.47786081859294693,0.22887467400125633,0.09775860207026965,4to5
659,660,OADMET-0005430,4.75,train,4to5,1,0.00392691786668914,0.03271091320316218,0.49413167878093184,0.3832599775873872,0.08597051256182962,4to5
660,661,OADMET-0005429,4.97,train,4to5,4,0.0006150163188610141,0.00881893272885625,0.35080572644215463,0.5450087736231876,0.09475155088694057,5to6
661,662,OADMET-0005428,5.0,train,4to5,2,0.0029175074327405476,0.019525209152075083,0.43674886764844606,0.48116255702503136,0.05964585874170696,5to6
662,663,OADMET-0005427,4.7,train,4to5,2,0.023074157836882592,0.14756691648246426,0.600298948962414,0.20384311941806568,0.025216857300173492,4to5
663,664,OADMET-0005426,5.16,train,5to6,0,0.0014489347071193247,0.010388384875503394,0.1991865543877518,0.5664557383411953,0.22252038768843013,5to6
664,665,OADMET-0005425,5.88,train,5to6,4,0.00022460486141453778,0.003590270539092984,0.28883706678936627,0.613092106538504,0.09425595127162224,5to6
665,666,OADMET-0005424,3.9,train,3to4,0,0.10461285554449476,0.2283185984444827,0.3613564616239598,0.15892533721141014,0.14678674717565257,4to5
666,667,OADMET-0005423,5.19,train,5to6,0,0.030874333723034678,0.33145401268998437,0.5298077049629323,0.08278212048700255,0.025081828137046132,4to5
667,668,OADMET-0005422,4.86,train,4to5,0,0.019624184086017904,0.17064946254158533,0.5926754849897516,0.1754989260621769,0.04155194232046819,4to5
668,669,OADMET-0005421,4.68,train,4to5,3,0.04864378946060256,0.24361960226864215,0.527823559525258,0.14023880451561802,0.039674244229879314,4to5
669,670,OADMET-0005420,5.25,train,5to6,1,0.00036354212737777034,0.0030103110232986277,0.10021118381474416,0.48917789764862823,0.4072370653859512,5to6
670,671,OADMET-0005419,5.38,train,5to6,3,0.0007910823265387967,0.009362040938796707,0.3894048001825282,0.5443872762829456,0.056054800269190706,5to6
671,672,OADMET-0005418,4.84,train,4to5,3,0.010483375408762936,0.05103776065043954,0.4960442023709909,0.37062494738784324,0.07180971418196336,4to5
672,673,OADMET-0005417,4.88,train,4to5,1,0.010623435855905644,0.10528001552015596,0.6339914421156825,0.22385733600959315,0.02624777049866273,4to5
673,674,OADMET-0005416,5.28,train,5to6,1,0.006666837759937726,0.037794027671094195,0.4252297304000366,0.4256914577831542,0.10461794638577727,5to6
674,675,OADMET-0005415,4.79,train,4to5,0,0.002329224516686886,0.03421605078847262,0.572010705462651,0.3577466889953345,0.03369733023685492,4to5
675,676,OADMET-0005414,4.42,train,4to5,1,0.2583451713117855,0.3263875647552273,0.2688971299590391,0.08293935162190487,0.06343078235204325,3to4
676,677,OADMET-0005413,4.22,train,4to5,1,0.0051186048066460136,0.05531167300766341,0.5733209912477545,0.3097584878253768,0.05649024311255935,4to5
677,678,OADMET-0005412,4.89,train,4to5,4,0.00043466725946509965,0.0025638499048069776,0.20803355212820812,0.6103810983004835,0.1785868324070363,5to6
678,679,OADMET-0005411,4.91,train,4to5,0,0.00038581369268179554,0.007031586708160044,0.4335714427962578,0.5132775724384288,0.04573358436447161,5to6
679,680,OADMET-0005410,5.15,train,5to6,2,0.05835756966817115,0.22364517796436126,0.5312142908809973,0.1457558705014452,0.041027090985025196,4to5
680,681,OADMET-0005409,4.89,train,4to5,4,0.08383363672719084,0.21479206267279527,0.4962090662764549,0.15798375363611625,0.04718148068744273,4to5
681,682,OADMET-0005408,5.82,train,5to6,1,0.0002912550089933475,0.003731143859142212,0.24235340728574714,0.5505276271413375,0.20309656670477974,5to6
682,683,OADMET-0005407,5.17,train,5to6,0,0.0017157287786254067,0.012308835136410599,0.28062386370162673,0.5642674773137458,0.1410840950695914,5to6
683,684,OADMET-0005406,4.69,train,4to5,4,0.010056558584339379,0.0658990862783419,0.5527437102787911,0.3226123916032303,0.0486882532552973,4to5
684,685,OADMET-0005405,4.56,train,4to5,1,0.03397171123389055,0.1549873019385196,0.5737438669708997,0.20139973905534136,0.03589738080134882,4to5
685,686,OADMET-0005404,5.31,train,5to6,0,0.0003642595969395255,0.0025558382078602676,0.12426910002194495,0.5663225997458767,0.30648820242737856,5to6
686,687,OADMET-0005403,4.98,train,4to5,1,0.05838583760564835,0.1270395065581817,0.4218262418291485,0.24939033296186353,0.1433580810451579,4to5
687,688,OADMET-0005402,5.1,train,5to6,0,0.014627393089893203,0.14069133761111266,0.6142758624097654,0.2023170407473047,0.028088366141924084,4to5
688,689,OADMET-0005401,4.15,train,4to5,2,0.0038769532874380333,0.031519484868367025,0.49449451493091945,0.4229077247467942,0.04720132216648129,4to5
689,690,OADMET-0005400,4.83,train,4to5,1,0.012867204997345503,0.033540462907282555,0.21442307723918927,0.4184140607743394,0.3207551940818433,5to6
690,691,OADMET-0005399,4.98,train,4to5,4,0.0009672139241316082,0.007095822931863416,0.3005503657927814,0.5619676604173368,0.12941893693388679,5to6
691,692,OADMET-0005398,4.93,train,4to5,1,0.03806578651560742,0.2035512032770517,0.5684000677168419,0.1557384547396343,0.034244487750864604,4to5
692,693,OADMET-0005397,4.53,train,4to5,3,0.004849579185247421,0.03862946107983589,0.3924144208431244,0.4838871657848358,0.08021937310695648,5to6
693,694,OADMET-0005396,4.29,train,4to5,4,0.029112980710490285,0.13629680440380113,0.5906924418326998,0.20402173051914307,0.039876042533865716,4to5
694,695,OADMET-0005395,4.2,train,4to5,1,0.0294098226243597,0.16394798762999452,0.5901130547768074,0.18225185912571584,0.034277275843122526,4to5
695,696,OADMET-0005394,5.26,train,5to6,2,0.009000864349350709,0.060850571289315813,0.5185286077089627,0.3661318910339716,0.04548806561839923,4to5
696,697,OADMET-0005393,4.4,train,4to5,3,0.061066694330175614,0.34622087945706814,0.4984365683107206,0.07873786211483977,0.015537995787195877,4to5
697,698,OADMET-0005392,4.43,train,4to5,0,0.14189500356663037,0.28877319411495594,0.3824202319751801,0.12236674023097144,0.06454483011226216,4to5
698,699,OADMET-0005391,4.54,train,4to5,2,0.24454932520029873,0.3970731539006626,0.26099269838196065,0.05302456848161323,0.044360254035464834,3to4
699,700,OADMET-0005390,3.34,train,3to4,4,0.06043382768888989,0.16459233139125642,0.5325167477587193,0.18008970207964803,0.062367391081486395,4to5
700,701,OADMET-0005389,4.87,train,4to5,1,0.0019399674130945491,0.028761370570602258,0.5322571733869265,0.3755042072198402,0.06153728140953653,4to5
701,702,OADMET-0005388,6.06,train,gte6,2,0.021103373308375206,0.1565315761322351,0.6257568153270308,0.17578101583785044,0.020827219394508475,4to5
702,703,OADMET-0005387,4.79,train,4to5,1,0.002169690971705344,0.019129173539718207,0.4284062141616348,0.451476432236652,0.0988184890902896,5to6
703,704,OADMET-0005386,4.88,train,4to5,2,0.005289623888341671,0.03918709165885933,0.4852619981604191,0.4255458639258533,0.04471542236652662,4to5
704,705,OADMET-0005385,4.57,train,4to5,0,0.2534238473601296,0.5075007232278801,0.18285978385388207,0.03574504064753773,0.02047060491057053,3to4
705,706,OADMET-0005384,4.62,train,4to5,2,0.023201294995245238,0.23742599480649956,0.6091328353668313,0.11900243014031467,0.011237444691109292,4to5
706,707,OADMET-0005383,4.18,train,4to5,0,0.016904290198763414,0.12648380868749962,0.5571777633778756,0.2508294200246603,0.04860471771120109,4to5
707,708,OADMET-0005382,4.74,train,4to5,2,0.14018189645964846,0.47143237904771457,0.3092675449463065,0.04794638514618603,0.031171794400144472,3to4
708,709,OADMET-0005381,4.59,train,4to5,1,0.00400312882277926,0.043458627821052,0.5521802105614653,0.33970360714156117,0.060654425653142295,4to5
709,710,OADMET-0005380,4.16,train,4to5,4,0.03680033721325395,0.062153152447529524,0.39502200668521925,0.3170136882988361,0.18901081535516123,4to5
710,711,OADMET-0005379,4.34,train,4to5,1,0.055517045989124596,0.17720689841488307,0.5323304375311602,0.1939698250898771,0.04097579297495505,4to5
711,712,OADMET-0005378,4.89,train,4to5,1,0.0093176093860588,0.05193462914667938,0.5278935974400215,0.32798215410876674,0.08287200991847356,4to5
712,713,OADMET-0005377,4.91,train,4to5,2,0.02357369435548177,0.04916048340044105,0.24510745293280653,0.3481299818806912,0.33402838743057944,5to6
713,714,OADMET-0005376,4.8,train,4to5,1,0.0006425727136998261,0.010041530391929392,0.3891499397842525,0.5049837902049126,0.09518216690520571,5to6
714,715,OADMET-0005375,4.53,train,4to5,0,0.09517658076391008,0.3920717660156593,0.3968934537368959,0.08387715739560914,0.03198104208792558,4to5
715,716,OADMET-0005374,4.68,train,4to5,4,0.004562309271402657,0.018816613673599658,0.3629038169972271,0.48870686469386987,0.12501039536390066,5to6
716,717,OADMET-0005373,5.19,train,5to6,0,0.01939184526157898,0.06090063397546967,0.36673434339236805,0.42489798432558085,0.12807519304500245,5to6
717,718,OADMET-0005372,5.23,train,5to6,4,0.0011092804689847703,0.02276906851715464,0.5390264206783852,0.41244743838068165,0.024647791954793663,4to5
718,719,OADMET-0005371,4.69,train,4to5,2,0.08773219846881028,0.17543262766100848,0.39948381183993253,0.19636694182058995,0.14098442020965876,4to5
719,720,OADMET-0005370,4.5,train,4to5,4,0.10206162777451236,0.20715741504494228,0.4675762583676538,0.1718527202032101,0.05135197860968145,4to5
720,721,OADMET-0005369,4.15,train,4to5,1,0.3143996665969733,0.5166561228230805,0.14091380406983503,0.018784452727821366,0.009245953782289852,3to4
721,722,OADMET-0005368,3.98,train,3to4,2,0.0028668014000864787,0.021992447391142166,0.42484915674758805,0.47535815948672516,0.07493343497445815,5to6
722,723,OADMET-0005367,4.75,train,4to5,1,0.14416935422291022,0.49574018381158963,0.32090260203786225,0.033359004618121114,0.005828855309516802,3to4
723,724,OADMET-0005366,4.83,train,4to5,3,0.06308938492362144,0.2947851386504046,0.5115258636527599,0.10508020849808818,0.025519404275125963,4to5
724,725,OADMET-0005365,4.9,train,4to5,3,0.07224614595266524,0.23339429944481108,0.46589503589741726,0.17858802473896632,0.04987649396614012,4to5
725,726,OADMET-0005364,4.62,train,4to5,4,0.06279177078325068,0.16645525023813731,0.47015525839875805,0.22751797227148773,0.07307974830836621,4to5
726,727,OADMET-0005363,4.84,train,4to5,1,0.11335643877845601,0.5418953180922754,0.3049026958968366,0.03387145623939184,0.005974090993040112,3to4
727,728,OADMET-0005362,4.58,train,4to5,3,0.01159024519062624,0.0713002011843959,0.5901292567980748,0.2888589504071129,0.038121346419790154,4to5
728,729,OADMET-0005361,5.11,train,5to6,1,0.019375477599693686,0.19939739143430377,0.6409270966346574,0.12876280059845674,0.011537233732888426,4to5
729,730,OADMET-0005360,3.98,train,3to4,4,0.007798302125341949,0.014315078288304143,0.1662637769794201,0.4513312360041714,0.3602916066027624,5to6
730,731,OADMET-0005359,4.47,train,4to5,4,0.0447127754324645,0.24372203640113174,0.5751441363622314,0.11634868413301823,0.020072367671154192,4to5
731,732,OADMET-0005358,4.43,train,4to5,3,0.04273255803015863,0.15105960869261154,0.5081105695785061,0.23786861574247364,0.0602286479562501,4to5
732,733,OADMET-0005357,4.78,train,4to5,1,0.19627549805621436,0.5806125868719983,0.19122895170981544,0.021904672937735774,0.009978290424236124,3to4
733,734,OADMET-0005356,4.72,train,4to5,3,0.23261497633159656,0.5540557436619655,0.18185116130480067,0.019855079932030253,0.011623038769606962,3to4
734,735,OADMET-0005355,4.41,train,4to5,3,0.048455483128380404,0.18365807420779598,0.4595498041909232,0.1821695972494126,0.12616704122348782,4to5
735,736,OADMET-0005354,4.45,train,4to5,3,0.08415777142169582,0.2657305866584489,0.47158327171672204,0.1505684090714707,0.027959961131662565,4to5
736,737,OADMET-0005353,4.26,train,4to5,0,0.0008326597127141338,0.005792519984367888,0.275717644711992,0.5644601559496024,0.15319701964132357,5to6
737,738,OADMET-0005352,5.17,train,5to6,2,0.002794757780037352,0.01930268896598263,0.4328763580702371,0.47262645813159493,0.07239973705214799,5to6
738,739,OADMET-0005351,4.41,train,4to5,4,0.13788452590385983,0.5171567739864055,0.2780251769942212,0.04281653043460253,0.024116992680911057,3to4
739,740,OADMET-0005350,4.71,train,4to5,0,0.04088323593187031,0.27759683785614053,0.5296434912198091,0.1264523608789663,0.025424074113213763,4to5
740,741,OADMET-0005349,4.8,train,4to5,2,0.08109039511194843,0.33442022150679596,0.4572102257158523,0.09443615770205267,0.0328429999633506,4to5
741,742,OADMET-0005348,4.5,train,4to5,0,0.10777394272808093,0.3701882889459228,0.38889034858177696,0.08157448318648183,0.05157293655773743,4to5
742,743,OADMET-0005347,4.51,train,4to5,0,0.006310177017999318,0.11489182678547177,0.6842154245333315,0.17215754043639395,0.022425031226803463,4to5
743,744,OADMET-0005346,4.51,train,4to5,4,0.05126570776529627,0.17530521293306167,0.5111642942646516,0.229923078382531,0.032341706654459436,4to5
744,745,OADMET-0005345,4.87,train,4to5,4,0.15032790489250492,0.27043422855113275,0.3796302349892986,0.1279135932928801,0.07169403827418358,4to5
745,746,OADMET-0005344,5.04,train,5to6,2,0.007935137776164686,0.042373018015686145,0.4729569428091131,0.40044133329504356,0.07629356810399253,4to5
746,747,OADMET-0005343,3.98,train,3to4,4,0.008496476865075231,0.0401741060904419,0.5009748101702749,0.35382796633501884,0.09652664053918918,4to5
747,748,OADMET-0005342,5.2,train,5to6,1,0.00043097749000777516,0.002452596988793515,0.09835179761774088,0.47244083240635726,0.42632379549710053,5to6
748,749,OADMET-0005341,4.33,train,4to5,1,0.004877687018451654,0.05654086233137168,0.5891860786598547,0.30405986634706006,0.045335505643261886,4to5
749,750,OADMET-0005340,4.22,train,4to5,0,0.18297330966974307,0.5776940562661959,0.19881093427981833,0.027298934656013046,0.013222765128229688,3to4
750,751,OADMET-0005339,4.44,train,4to5,0,0.010331931013993599,0.1325450474164565,0.6463465371575519,0.18743856816157314,0.02333791625042487,4to5
751,752,OADMET-0005338,5.06,train,5to6,2,0.018000472269950538,0.08822797951017328,0.5656626799491693,0.2711998214155442,0.056909046855162654,4to5
752,753,OADMET-0005337,4.87,train,4to5,0,0.004333365466443889,0.027752956687307543,0.3914069910678831,0.47823009202833705,0.0982765947500284,5to6
753,754,OADMET-0005336,4.75,train,4to5,1,0.002725232933083895,0.014375163637164354,0.2483024516375012,0.4900570646456288,0.24454008714662173,5to6
754,755,OADMET-0005335,4.35,train,4to5,1,0.1178584248242493,0.47746247031845457,0.3610491823676789,0.03611340519259232,0.007516517297024915,3to4
755,756,OADMET-0005334,4.47,train,4to5,2,0.014148721467182762,0.058776624339502,0.4827285387797968,0.3738209954078396,0.07052512000567883,4to5
756,757,OADMET-0005333,5.27,train,5to6,4,0.0039863605349239745,0.06466448355216148,0.5865914865329227,0.3205139064827107,0.02424376289728107,4to5
757,758,OADMET-0005332,4.98,train,4to5,1,0.10467252135276794,0.16873055696487427,0.37508469820022583,0.22253993153572083,0.12897229194641113,4to5
758,759,OADMET-0005331,4.46,train,4to5,4,0.14383340558371224,0.6817879401429472,0.1618649290634123,0.010638471261824293,0.0018752539481039386,3to4
759,760,OADMET-0005330,4.21,train,4to5,3,0.04229228675749572,0.1904826639659506,0.5417924776283201,0.17597322541644858,0.0494593462317851,4to5
760,761,OADMET-0005329,4.62,train,4to5,3,0.002144417156989236,0.013644900449819515,0.3144623784396681,0.545284066272779,0.12446423768074416,5to6
761,762,OADMET-0005328,4.74,train,4to5,0,0.00960734324551613,0.13122623217811819,0.6563441282711011,0.1849811838534184,0.017841112451846098,4to5
762,763,OADMET-0005327,4.4,train,4to5,1,0.218160765585445,0.5935334813819801,0.16443414029000908,0.01791971072556272,0.005951902017003041,3to4
763,764,OADMET-0005326,4.4,train,4to5,2,0.03139594056922463,0.12489893474136585,0.5374582169596158,0.2462842503360994,0.05996265739369434,4to5
764,765,OADMET-0005325,5.14,train,5to6,2,0.012336182281656186,0.06677924773230057,0.5095977134950693,0.32843097707932745,0.08285587941164647,4to5
765,766,OADMET-0005324,4.08,train,4to5,1,0.006425950827670825,0.04189333114828925,0.46141792067844345,0.358748329026357,0.1315144683192395,4to5
766,767,OADMET-0005323,5.02,train,5to6,3,0.009538876052666241,0.023411434536246417,0.2271740325625358,0.46722466536801677,0.27265099148053473,5to6
767,768,OADMET-0005322,4.88,train,4to5,3,0.04347116176193016,0.06352803182074464,0.2396003183677828,0.25438943789589524,0.3990110501536472,gte6
768,769,OADMET-0005321,4.29,train,4to5,4,0.3584549453739445,0.49056309827091615,0.12043724298802944,0.018002834305188314,0.01254187906192153,3to4
769,770,OADMET-0005320,4.54,train,4to5,1,0.05355174453530983,0.12336712412762729,0.4254318462974326,0.24566035129832597,0.15198893374130432,4to5
770,771,OADMET-0005319,5.04,train,5to6,2,0.021726915329530076,0.2508361604887003,0.6003629486960533,0.116273044023828,0.010800931461888328,4to5
771,772,OADMET-0005318,4.42,train,4to5,2,0.03094307780686768,0.231094529860148,0.5893868350647927,0.1310821356327604,0.017493421635431203,4to5
772,773,OADMET-0005317,5.34,train,5to6,3,0.019290845625577358,0.1138117971217804,0.5891739064174827,0.24537035548645605,0.032353095348703544,4to5
773,774,OADMET-0005316,5.07,train,5to6,3,0.0003429053320669451,0.0018133625451208252,0.06735051706162037,0.47876225932425415,0.4517309557369377,5to6
774,775,OADMET-0005315,4.77,train,4to5,4,0.022004848551050282,0.05228655088959775,0.43914804271560204,0.3240150243417828,0.16254553350196718,4to5
775,776,OADMET-0005314,4.34,train,4to5,0,0.010725961938169066,0.09792183284877706,0.6460684501785685,0.21623463807868973,0.029049116955795602,4to5
776,777,OADMET-0005313,5.06,train,5to6,1,0.0021961069828394402,0.02855534309274043,0.48193464125275276,0.4144368764020613,0.0728770322696061,4to5
777,778,OADMET-0005312,4.57,train,4to5,1,0.005075924022854506,0.04185386684754689,0.493104837937581,0.3587196713876773,0.10124569980434031,4to5
778,779,OADMET-0005311,4.7,train,4to5,4,0.09441317048693393,0.46082917714173305,0.37417522769747724,0.054212574925507885,0.016369849748347882,3to4
779,780,OADMET-0005310,5.14,train,5to6,1,0.001968704329477731,0.007686447554755073,0.17722445119824393,0.4724735753951558,0.34064682152236747,5to6
780,781,OADMET-0005309,4.64,train,4to5,1,0.012798772801400547,0.07595198217178796,0.590483097466303,0.27829263936069293,0.04247350819981556,4to5
781,782,OADMET-0005308,4.49,train,4to5,0,0.013059482994877157,0.09449923100089153,0.5585536397154215,0.28165707175768867,0.0522305745311212,4to5
782,783,OADMET-0005307,4.55,train,4to5,0,0.003230999730549536,0.042583604608937356,0.5737840788636962,0.347069898503175,0.03333141829364196,4to5
783,784,OADMET-0005306,5.16,train,5to6,2,0.020685745749942423,0.07499660677270864,0.4376642479355973,0.32900360778166443,0.13764979176008724,4to5
784,785,OADMET-0005305,4.64,train,4to5,0,0.00031003960112418696,0.0020693427995340254,0.16912504361214642,0.6482614022203632,0.18023417176683218,5to6
785,786,OADMET-0005304,4.6,train,4to5,1,0.08482325506123695,0.29759921514990867,0.4150909030776134,0.13100082684305212,0.0714857998681888,4to5
786,787,OADMET-0005303,4.98,train,4to5,0,0.02442110202500437,0.09028701758377908,0.4903202695232489,0.29491452824770137,0.10005708262026625,4to5
787,788,OADMET-0005302,4.96,train,4to5,4,0.008836047508508091,0.041896041152026116,0.47092468381901037,0.40849587650889646,0.06984735101155894,4to5
788,789,OADMET-0005301,4.68,train,4to5,0,0.004943667173044776,0.055619886457952884,0.5453813885394655,0.3577591916787308,0.03629586615080608,4to5
789,790,OADMET-0005300,4.38,train,4to5,2,0.017741600282846395,0.07237299626061874,0.5008656447866178,0.3517888830276619,0.05723087564225519,4to5
790,791,OADMET-0005299,4.56,train,4to5,1,0.00047691511438706564,0.0031465379596334825,0.12988093141935908,0.4777309764561225,0.38876463905049785,5to6
791,792,OADMET-0005298,4.26,train,4to5,3,0.34903425547117317,0.5949397184061306,0.043267328997308625,0.004431481079711503,0.00832721604567606,3to4
792,793,OADMET-0005297,5.23,train,5to6,4,0.01391756425697785,0.09791152158326673,0.5439533165729804,0.2900832664528914,0.05413433113388362,4to5
793,794,OADMET-0005296,4.43,train,4to5,1,0.003998798539935328,0.03659404963542684,0.5195577423730566,0.3567230483839664,0.08312636106761484,4to5
794,795,OADMET-0005295,5.27,train,5to6,2,0.0371621774031303,0.11162617099145863,0.47432962236676224,0.31986808896015617,0.057013940278492645,4to5
795,796,OADMET-0005294,4.97,train,4to5,1,0.015837910926419833,0.10684495766293416,0.578919865976279,0.2384026259778952,0.05999463945647182,4to5
796,797,OADMET-0005293,4.6,train,4to5,1,0.008928946452185976,0.03580968919395107,0.27663490992287876,0.4490693456290057,0.22955710880197852,5to6
797,798,OADMET-0005292,4.39,train,4to5,4,0.010406463315820434,0.13872741289833368,0.6501422481704436,0.19547453092172462,0.005249344693677625,4to5
798,799,OADMET-0005291,4.65,train,4to5,4,0.005361725535043383,0.02839989691731563,0.5360944360368091,0.3848930829515234,0.04525085855930844,4to5
799,800,OADMET-0005290,5.16,train,5to6,3,0.022441286886276692,0.1795769357253584,0.5989902097600167,0.18000284072015413,0.018988726908194066,4to5
800,801,OADMET-0005289,5.12,train,5to6,4,0.007305724505489369,0.018897823883791506,0.26586907953469596,0.453739372340556,0.25418799973546713,5to6
801,802,OADMET-0005288,4.53,train,4to5,3,0.006608361853205173,0.05075590692100475,0.5688549884159886,0.3336182837378489,0.04016245907195256,4to5
802,803,OADMET-0005287,4.73,train,4to5,2,0.06292739440209351,0.2093666768517344,0.5260327399592913,0.16352882798542648,0.03814436080145433,4to5
803,804,OADMET-0005286,3.26,train,3to4,4,0.03447087956878184,0.15664992203265196,0.5717905334171812,0.1941195486223563,0.04296911635902871,4to5
804,805,OADMET-0005285,4.79,train,4to5,1,0.0769768781370855,0.20461557195736255,0.4667111794140583,0.17333355029423386,0.07836282019725978,4to5
805,806,OADMET-0005284,4.93,train,4to5,4,0.017429566692599843,0.03547029335960031,0.30384505983581067,0.4260271060216599,0.2172279740903293,5to6
806,807,OADMET-0005283,4.46,train,4to5,0,0.006467578031437369,0.09500696554317589,0.6572129160967326,0.21471041540946073,0.02660212491919345,4to5
807,808,OADMET-0005282,4.54,train,4to5,1,0.0041697491481171136,0.034863930462851564,0.48969746739344644,0.4013962049515025,0.06987264804408232,4to5
808,809,OADMET-0005281,4.42,train,4to5,2,0.012382082225983068,0.11336157090867259,0.6484079739612648,0.2070068200563588,0.018841552847720773,4to5
809,810,OADMET-0005280,5.02,train,5to6,2,0.0005237158609755704,0.001825089213339192,0.021616540803911895,0.24026937732416567,0.7357652767976076,gte6
810,811,OADMET-0005279,5.39,train,5to6,4,0.03242664808352774,0.20645885323329904,0.5683628363040301,0.1750409020114012,0.017710760367741885,4to5
811,812,OADMET-0005278,4.78,train,4to5,1,0.01166319194094912,0.04430005695270369,0.3825619515193981,0.41575258931540643,0.1457222102715427,5to6
812,813,OADMET-0005277,4.38,train,4to5,0,0.07541144828881054,0.4445395283424922,0.40253753482225674,0.06302099088352803,0.01449049766291253,3to4
813,814,OADMET-0005276,4.92,train,4to5,1,0.005572577554387284,0.04302866087842648,0.5172707081976976,0.35977480316224003,0.07435325020724859,4to5
814,815,OADMET-0005275,4.43,train,4to5,1,0.0003066990946552347,0.005390703499119476,0.34866856370846416,0.5370254934315428,0.10860854026621836,5to6
815,816,OADMET-0005274,4.26,train,4to5,1,0.06932438035822697,0.3327208397403203,0.4865179567315065,0.09105347672377756,0.020383346446168675,4to5
816,817,OADMET-0005273,4.13,train,4to5,4,0.0092533640563488,0.058211203664541245,0.4986805319786072,0.3963649570941925,0.03748994320631027,4to5
817,818,OADMET-0005272,4.3,train,4to5,3,0.00479973504991536,0.04192065630745904,0.5388127322006807,0.37170876373734785,0.04275811270459698,4to5
818,819,OADMET-0005271,4.45,train,4to5,3,0.012248270563164913,0.1259977757689668,0.6134419149853869,0.23083083725313405,0.017481201429347254,4to5
819,820,OADMET-0005270,4.28,train,4to5,4,0.1497971688431231,0.6504673848781615,0.17394853836756788,0.017897637260931104,0.007889270650216497,3to4
820,821,OADMET-0005269,4.58,train,4to5,2,0.3221239750595032,0.5977303947981166,0.0669591117304473,0.006014925993520324,0.0071715924184125234,3to4
821,822,OADMET-0005268,4.73,train,4to5,2,0.025710150264257468,0.1343723219994339,0.5953851264571848,0.21698762193524584,0.027544779343878,4to5
822,823,OADMET-0005267,4.24,train,4to5,3,0.11775978590847533,0.6255031990531265,0.2382166669066258,0.015555352766805081,0.0029649953649673534,3to4
823,824,OADMET-0005266,5.09,train,5to6,1,0.009173663760306162,0.057630699686509294,0.5494359429769957,0.3313441988552849,0.05241549472090398,4to5
824,825,OADMET-0005265,5.0,train,4to5,3,0.021073558474807574,0.07436570979341882,0.4450711731864239,0.3350793886246771,0.12441016992067254,4to5
825,826,OADMET-0005264,4.75,train,4to5,1,0.02379137982919743,0.1569645702742169,0.5943930776528139,0.1891373365260583,0.03571363571771342,4to5
826,827,OADMET-0005263,5.08,train,5to6,2,0.005589194049469654,0.05539535651111228,0.5920296821962483,0.3244051588435844,0.02258060839958542,4to5
827,828,OADMET-0005262,4.24,train,4to5,4,0.11377190374687672,0.11678143900702004,0.2710079747807989,0.18239394640945097,0.31604473605585337,gte6
828,829,OADMET-0005261,5.05,train,5to6,0,0.006293134898355117,0.02964902326914499,0.29056052824792467,0.49860015868124646,0.17489715490332874,5to6
829,830,OADMET-0005260,4.55,train,4to5,0,0.0023868252080959775,0.01219955856761922,0.17047684243925898,0.47738079214690016,0.3375559816381257,5to6
830,831,OADMET-0005259,4.38,train,4to5,2,0.012291188065633455,0.08409964097431766,0.6082054831039746,0.2727100487633131,0.022693639092761113,4to5
831,832,OADMET-0005258,4.36,train,4to5,2,0.0034246308910857643,0.027741195026861426,0.495706845401683,0.4349166655721686,0.038210663108201155,4to5
832,833,OADMET-0005257,5.46,train,5to6,0,0.0007375337862219572,0.012528525631856628,0.46354240054945983,0.48280894627042514,0.040382593762036456,5to6
833,834,OADMET-0005256,4.93,train,4to5,4,0.0011653707351664902,0.01958839662317985,0.5171299857950091,0.4312657749336212,0.030850471913023293,4to5
834,835,OADMET-0005255,5.3,train,5to6,0,0.009985415105511857,0.07336578340210023,0.4754070113029163,0.37558430356299244,0.0656574866264792,4to5
835,836,OADMET-0005254,4.04,train,4to5,1,0.2960789203643799,0.35297802090644836,0.1908935159444809,0.07948893308639526,0.0805606096982956,3to4
836,837,OADMET-0005253,4.51,train,4to5,2,0.19409659794116912,0.2123605938607543,0.20531308956910804,0.11144136058451773,0.27678835804445084,gte6
837,838,OADMET-0005252,4.86,train,4to5,1,0.0026652114391367563,0.02465323165621637,0.46810397374973456,0.4335651385591408,0.07101244459577154,4to5
838,839,OADMET-0005251,4.53,train,4to5,4,0.016950588357623884,0.0793668910978941,0.5356222291361126,0.27824213582571344,0.08981815558265605,4to5
839,840,OADMET-0005250,4.35,train,4to5,1,0.015166579477335317,0.19686616608830435,0.6396142727204867,0.13172131543727125,0.016631666276602394,4to5
840,841,OADMET-0005249,4.7,train,4to5,2,0.00753596276585056,0.07605234445011773,0.6328874752753475,0.2620237439169578,0.021500473591726348,4to5
841,842,OADMET-0005248,4.53,train,4to5,1,0.011629224256769726,0.13704211030312294,0.6547726040621327,0.1746323024717086,0.021923758906266053,4to5
842,843,OADMET-0005247,4.72,train,4to5,1,0.09114213324117648,0.5293971484483575,0.3403175506586996,0.034231302460363364,0.004911865191403084,3to4
843,844,OADMET-0005246,4.81,train,4to5,0,0.05123211242664237,0.2927645543026961,0.5087713769783914,0.11142614857418588,0.03580580771808427,4to5
844,845,OADMET-0005245,5.01,train,5to6,0,0.0071257920980057204,0.07514083644162106,0.6150737602751457,0.26430140215070225,0.0383582090345253,4to5
845,846,OADMET-0005244,4.81,train,4to5,2,0.004987919294334112,0.022342633487515386,0.2530819864280384,0.5229143667812792,0.19667309400883293,5to6
846,847,OADMET-0005243,3.98,train,3to4,4,0.11182813642808576,0.2795486710545301,0.4633103444530018,0.10099857496084412,0.044314273103538256,4to5
847,848,OADMET-0005242,4.46,train,4to5,1,0.1959606356787623,0.5091637624294305,0.25255276019246903,0.03419409488540798,0.008128746813930181,3to4
848,849,OADMET-0005241,4.3,train,4to5,1,0.01494573985236559,0.10157161932145875,0.5935114611061076,0.233373090190118,0.056598089529950005,4to5
849,850,OADMET-0005240,4.24,train,4to5,1,0.03316881285220894,0.09021745762260915,0.4307135650782132,0.3312473969070124,0.11465276753995636,4to5
850,851,OADMET-0005239,5.15,train,5to6,4,0.061988424740688594,0.07191453900901429,0.2533434936901312,0.2553776810146037,0.3573758615455622,gte6
851,852,OADMET-0005238,4.73,train,4to5,1,0.008585283644678044,0.0490496984559072,0.39268374955055535,0.4264488871863898,0.1232323811624696,5to6
852,853,OADMET-0005237,4.47,train,4to5,1,0.013588832868490051,0.04674904109396653,0.33599529108398973,0.4129351729351025,0.19073166201845115,5to6
853,854,OADMET-0005236,5.19,train,5to6,0,0.021536409854888916,0.15066850185394287,0.6191281080245972,0.17260994017124176,0.036057040095329285,4to5
854,855,OADMET-0005235,4.54,train,4to5,4,0.005780870121814637,0.013469697038967615,0.20041674468860377,0.47083056192300543,0.30950212622760853,5to6
855,856,OADMET-0005234,4.87,train,4to5,3,0.0206789016212003,0.09473982259232915,0.533753086121224,0.3007675943738901,0.050060595291356466,4to5
856,857,OADMET-0005233,4.88,train,4to5,3,0.22083743245657433,0.4426262444649077,0.251523528270774,0.04892935676767464,0.03608343804006931,3to4
857,858,OADMET-0005232,5.45,train,5to6,2,0.012058725962412248,0.05007831165815014,0.4810862991557775,0.3664992269696423,0.09027743625401784,4to5
858,859,OADMET-0005231,4.81,train,4to5,1,0.023077549498817136,0.17448231642872958,0.6153683089292359,0.16635993185028408,0.020711893292933305,4to5
859,860,OADMET-0005230,5.21,train,5to6,3,0.015963615582003182,0.0364244127127906,0.23803466159419723,0.461721561559487,0.24785574855152195,5to6
860,861,OADMET-0005229,4.6,train,4to5,4,0.07407972658155719,0.12554667148272225,0.3787445949759838,0.19176646719971105,0.2298625397600257,4to5
861,862,OADMET-0005228,4.89,train,4to5,2,0.011871342315060842,0.04992373935096103,0.4351931129218495,0.40482597751417615,0.09818582789795251,4to5
862,863,OADMET-0005227,4.63,train,4to5,3,0.0020577914149508144,0.04230059601577244,0.6052660229063872,0.3302219446263226,0.020153645036566876,4to5
863,864,OADMET-0005226,4.2,train,4to5,0,0.00523800808581016,0.042487374403645715,0.5211149188092113,0.3839905207151132,0.04716917798621962,4to5
864,865,OADMET-0005225,4.62,train,4to5,1,0.002537933963023214,0.018081291465982727,0.3822398561063492,0.4738649750318113,0.12327594343283355,5to6
865,866,OADMET-0005224,4.91,train,4to5,4,0.00047472976912008404,0.012725979757723061,0.49092247066303746,0.47117127993252417,0.02470553987759518,4to5
866,867,OADMET-0005223,5.2,train,5to6,2,0.00026048746439551163,0.002309323087863326,0.12619212445704114,0.6003528917082886,0.27088517328241135,5to6
867,868,OADMET-0005222,5.48,train,5to6,2,0.007042772290733006,0.05114242953316737,0.5272816782389956,0.37536690958782265,0.039166210349281326,4to5
868,869,OADMET-0005221,5.04,train,5to6,0,0.006037276373146691,0.016047548861374307,0.1400802911835974,0.4243153726529041,0.41351951092897754,5to6
869,870,OADMET-0005220,5.16,train,5to6,1,0.0015783096071494494,0.010822160535125285,0.2467072030096857,0.5228828514490276,0.21800947539901191,5to6
870,871,OADMET-0005219,4.16,train,4to5,0,0.028773427746739272,0.14353744124195303,0.5055226485878683,0.27084194554447966,0.051324536878959694,4to5
871,872,OADMET-0005218,5.57,train,5to6,1,0.0011140102133425866,0.006842523252794022,0.12625662807555185,0.4809931151990103,0.3847937232593013,5to6
872,873,OADMET-0005217,4.47,train,4to5,1,0.006376001010991626,0.04628434002027811,0.5275461639344476,0.3601669645671092,0.05962653046717335,4to5
873,874,OADMET-0005216,4.14,train,4to5,1,0.006430710384395543,0.09638249452227983,0.6689702575638871,0.21181855168615288,0.016397985843284675,4to5
874,875,OADMET-0005215,4.65,train,4to5,0,0.007988171248845904,0.09625060747730838,0.6226743275391657,0.24146382617199016,0.031623067562689816,4to5
875,876,OADMET-0005214,5.12,train,5to6,4,0.040833724169073694,0.03920176756685938,0.21706401539436035,0.3177186655233353,0.3851818273463713,gte6
876,877,OADMET-0005213,5.15,train,5to6,3,0.01854432964119868,0.09718066616845503,0.5714206791348496,0.25831485227650713,0.054539472778989476,4to5
877,878,OADMET-0005212,4.87,train,4to5,0,0.03798890106754582,0.27521547623869874,0.5419421185889428,0.12364935106849419,0.021204153036318434,4to5
878,879,OADMET-0005211,4.46,train,4to5,0,0.0005597627053862493,0.004142650891410256,0.07379418651903127,0.49537304314814196,0.4261303567360303,5to6
879,880,OADMET-0005210,4.52,train,4to5,4,0.004710485104570554,0.07245616425874402,0.6396281552411724,0.26827555195268665,0.01492964344282633,4to5
880,881,OADMET-0005209,4.57,train,4to5,0,0.0031333299891092305,0.018501268467151444,0.38030004023197056,0.4955110487626873,0.10255431254908143,5to6
881,882,OADMET-0005208,4.93,train,4to5,0,0.007066520868862533,0.05425139894173611,0.5626440649504253,0.3293327394214764,0.04670527581749975,4to5
882,883,OADMET-0005207,4.3,train,4to5,1,0.016284663958161947,0.11969377635540558,0.5990902453254273,0.22244725625726236,0.04248405810374281,4to5
883,884,OADMET-0005206,5.13,train,5to6,3,0.03070690322705863,0.1091028693041199,0.5299147687151776,0.2562339172241284,0.07404154152951546,4to5
884,885,OADMET-0005205,4.34,train,4to5,3,0.10863531057133345,0.2549850566689653,0.42381687689373265,0.13652236352794278,0.0760403923380258,4to5
885,886,OADMET-0005204,4.61,train,4to5,0,0.0014431151160907002,0.02175536470001418,0.4654653464117512,0.46382899036822733,0.04750718340391664,4to5
886,887,OADMET-0005203,4.57,train,4to5,4,0.11110443228672405,0.5240889602197516,0.3114794978534608,0.0411804750888999,0.012146634551163658,3to4
887,888,OADMET-0005202,4.47,train,4to5,4,0.12583691996822,0.180311212530398,0.4064725218274438,0.16130174215728812,0.1260776035166501,4to5
888,889,OADMET-0005201,4.31,train,4to5,4,0.1283351947119116,0.1541829281178553,0.3892187236133028,0.17802556124367655,0.15023759231325376,4to5
889,890,OADMET-0005200,5.33,train,5to6,4,0.013289817822343265,0.05610260064345707,0.5051584566950886,0.3525820184035627,0.07286710643554835,4to5
890,891,OADMET-0005199,4.58,train,4to5,3,0.005820695180728394,0.050367369122042455,0.5370342611439318,0.38000305637710413,0.02677461817619313,4to5
891,892,OADMET-0005198,4.8,train,4to5,2,0.000579098632736206,0.00511252867508449,0.22247315395471268,0.612230703061587,0.15960451567587966,5to6
892,893,OADMET-0005197,4.44,train,4to5,1,0.0011648134086102138,0.010036226353811382,0.2854222354947175,0.5439547295906019,0.15942199515225902,5to6
893,894,OADMET-0005196,5.07,train,5to6,2,0.0015689686746136488,0.007280720089819974,0.20435755397315428,0.5887079366366001,0.1980848206258119,5to6
894,895,OADMET-0005195,4.26,train,4to5,0,0.06594083388661195,0.46058611819937173,0.39479042163765654,0.051539698307744054,0.027142927968615737,3to4
895,896,OADMET-0005194,4.92,train,4to5,1,0.015476158834505975,0.09201400735603088,0.5445495848958842,0.2938100400323142,0.05415020888126475,4to5
896,897,OADMET-0005193,4.81,train,4to5,2,0.027690659775893463,0.23247938911368546,0.5894137728420777,0.13535307715979977,0.015063101108543576,4to5
897,898,OADMET-0005192,4.39,train,4to5,1,0.006630571922842007,0.01985740444842058,0.18452019705941597,0.382211262074778,0.4067805644945434,gte6
898,899,OADMET-0005191,5.21,train,5to6,4,0.0023818565643478956,0.012513548194028196,0.30179938814509377,0.526181163853878,0.15712404324265217,5to6
899,900,OADMET-0005190,5.57,train,5to6,1,0.01844312630013796,0.14590783471579788,0.6020117424503406,0.195161984097816,0.038475312435907544,4to5
900,901,OADMET-0005189,4.37,train,4to5,1,0.014306876781756288,0.16022197872358937,0.6460329878217858,0.1630621549430077,0.0163760017298609,4to5
901,902,OADMET-0005188,4.78,train,4to5,0,0.06673317452321331,0.18919269881541056,0.4796027576893773,0.18672773381119767,0.07774363516080107,4to5
902,903,OADMET-0005187,5.2,train,5to6,3,0.0070309044502132635,0.06461148853476692,0.4679297909422917,0.40099597873529746,0.059431837337430654,4to5
903,904,OADMET-0005186,4.4,train,4to5,1,0.004377669276781277,0.05864671362648191,0.6126715067517361,0.2874424515105902,0.03686165883441052,4to5
904,905,OADMET-0005185,4.5,train,4to5,1,0.0010271868179971995,0.013473448298463864,0.4076955586611282,0.4616876548218454,0.11611615140056535,5to6
905,906,OADMET-0005184,4.82,train,4to5,1,0.053933268266421995,0.21198903724592041,0.5421027339211578,0.16616668678199176,0.02580827378450804,4to5
906,907,OADMET-0005183,4.46,train,4to5,1,0.299636859460292,0.38474367615790384,0.20032133905882615,0.0646003535166251,0.05069777180635289,3to4
907,908,OADMET-0005182,4.87,train,4to5,1,0.003020592288495591,0.032276928657802004,0.5119971669912133,0.38646152894485447,0.06624378311763454,4to5
908,909,OADMET-0005181,5.33,train,5to6,4,0.0074709868128141265,0.0629493147721042,0.5739752059560038,0.318067610560048,0.03753688189902984,4to5
909,910,OADMET-0005180,4.86,train,4to5,1,0.004278119717212315,0.045658939267083094,0.5887173501956068,0.3173025297716637,0.04404306104843409,4to5
910,911,OADMET-0005179,5.21,train,5to6,3,0.04836374731632424,0.09978222512438883,0.25942542279202935,0.2351006786677759,0.35732792609948166,gte6
911,912,OADMET-0005178,5.0,train,4to5,1,0.00038285677733815304,0.005053362694552356,0.23183188806878632,0.5578471891767415,0.20488470328258165,5to6
912,913,OADMET-0005177,5.21,train,5to6,4,0.001787879388405501,0.009450303077589525,0.21056236214191273,0.5134210922455711,0.26477836314652115,5to6
913,914,OADMET-0005176,4.86,train,4to5,1,0.001044298414633817,0.006654273775145643,0.20472450728352287,0.5173347636318577,0.27024215689484,5to6
914,915,OADMET-0005175,4.2,train,4to5,1,0.016725277808546088,0.08325868239501145,0.5082052435238793,0.32650855730954004,0.0653022389630231,4to5
915,916,OADMET-0005174,4.62,train,4to5,4,0.0005578488463170756,0.004470362888890832,0.23883669587167858,0.6220362318950508,0.13409886049806274,5to6
916,917,OADMET-0005173,4.82,train,4to5,0,0.006104250228165408,0.08026808223694652,0.6412554758354532,0.2440302436900148,0.028341948009420116,4to5
917,918,OADMET-0005172,5.2,train,5to6,2,0.003199330986293351,0.020478766344789713,0.3412660945258743,0.5066566450770029,0.12839916306603974,5to6
918,919,OADMET-0005171,4.72,train,4to5,2,0.007505665876577466,0.06768017151914257,0.6198175448488379,0.2858203602937457,0.01917625746169639,4to5
919,920,OADMET-0005170,5.14,train,5to6,2,0.0009471464064474439,0.005415031340853715,0.18193588064270855,0.5726519950072054,0.2390499466027849,5to6
920,921,OADMET-0005169,4.87,train,4to5,1,0.00011973129961642313,0.0009127212420498489,0.05504413160093112,0.4363917878365604,0.5075316280208422,gte6
921,922,OADMET-0005168,4.95,train,4to5,2,0.008539990323130266,0.02323969399464098,0.20620215949131737,0.5063195110689962,0.25569864512191515,5to6
922,923,OADMET-0005167,5.28,train,5to6,4,0.13502186272716232,0.3865001424062038,0.4006288569297586,0.06430084132559814,0.013548296611277173,4to5
923,924,OADMET-0005166,5.37,train,5to6,1,0.010295230319990014,0.055261139463942156,0.49095258353543003,0.35097245400925425,0.09251859267138358,4to5
924,925,OADMET-0005165,5.25,train,5to6,0,0.012666151847069942,0.13587616371374936,0.6159304970727019,0.21016490439869007,0.025362282967788835,4to5
925,926,OADMET-0005164,4.84,train,4to5,1,0.0032976385200601307,0.018467025306779638,0.28687136550473363,0.5091203306539263,0.18224364001450033,5to6
926,927,OADMET-0005163,4.54,train,4to5,3,0.21590198747363584,0.642715578398744,0.12625520031263046,0.008193945577040816,0.006933288237948855,3to4
927,928,OADMET-0005162,4.9,train,4to5,1,0.0008410978752902093,0.003818353031924977,0.0868550805088359,0.4141068306218648,0.4943786379620841,gte6
928,929,OADMET-0005161,5.07,train,5to6,1,0.004889467858621013,0.027313689482196517,0.39043838803868264,0.42930225657342297,0.14805619804707687,5to6
929,930,OADMET-0005160,4.49,train,4to5,1,0.03772446927865374,0.2416267422023424,0.5693954292989757,0.1314389273312568,0.019814431888771415,4to5
930,931,OADMET-0005159,4.4,train,4to5,4,0.2833851940965238,0.6207867950956854,0.08385987641500385,0.006489782996609796,0.0054783513961772,3to4
931,932,OADMET-0005158,4.61,train,4to5,0,0.07185720027743801,0.43044684058804356,0.41333252884446225,0.07302700850599086,0.011336421784065284,3to4
932,933,OADMET-0005157,4.8,train,4to5,1,0.09683910864526012,0.56894015312646,0.3053870469881929,0.0245811886367596,0.004252502603327386,3to4
933,934,OADMET-0005156,4.31,train,4to5,0,0.03436346454511477,0.11809589320707004,0.4459485246523775,0.26064670862694705,0.14094540896849064,4to5
934,935,OADMET-0005155,4.83,train,4to5,2,0.021374055606718904,0.1499755924552123,0.6027239942785647,0.196896297288079,0.029030060371425102,4to5
935,936,OADMET-0005154,4.89,train,4to5,2,0.002266482948447099,0.015599406549512224,0.34522760412751496,0.5219776705751697,0.11492883579935595,5to6
936,937,OADMET-0005153,4.53,train,4to5,0,0.0029980010430742526,0.04631957207936814,0.6089098781617435,0.31008760756660303,0.031684941149211054,4to5
937,938,OADMET-0005152,5.06,train,5to6,2,0.0027678762575461886,0.014893337159833563,0.2952803672735022,0.5598255398496174,0.12723287945950074,5to6
938,939,OADMET-0005151,4.83,train,4to5,4,0.014651585032607049,0.07407278671044003,0.5103717004278971,0.3040474985945808,0.09685642923447497,4to5
939,940,OADMET-0005150,5.02,train,5to6,0,0.0047524784250866335,0.034400603672099565,0.4090455354373794,0.4723390204436056,0.0794623620218288,5to6
940,941,OADMET-0005149,4.64,train,4to5,2,0.05217245499737963,0.18667600870048923,0.5059983873964797,0.19130630570891746,0.06384684319673391,4to5
941,942,OADMET-0005148,4.92,train,4to5,3,0.0031334203419889576,0.032232235861966385,0.3493938120362839,0.5013011654270255,0.1139393663327353,5to6
942,943,OADMET-0005147,4.62,train,4to5,4,0.005541635315944932,0.05008382396226034,0.6047685348114022,0.3086815871226498,0.030924418787742672,4to5
943,944,OADMET-0005146,4.45,train,4to5,0,0.01425896213960984,0.11426786344080923,0.5888799050518186,0.2315258383981112,0.0510674309696511,4to5
944,945,OADMET-0005145,4.99,train,4to5,4,0.0014006221643768158,0.013471354484208551,0.4714102062849092,0.46806516387892994,0.04565265318757546,4to5
945,946,OADMET-0005144,4.6,train,4to5,0,0.0052304603938826974,0.03391207432615868,0.5108827428651265,0.3860065696538474,0.06396815276098479,4to5
946,947,OADMET-0005143,4.63,train,4to5,1,0.022248072508260473,0.12434308952774277,0.5613996972117579,0.2524827714031883,0.03952636934905058,4to5
947,948,OADMET-0005142,4.49,train,4to5,3,0.19793454255017362,0.41874317270688355,0.2699376703039781,0.05596876642038151,0.05741584801858324,3to4
948,949,OADMET-0005141,4.8,train,4to5,3,0.036802916347871854,0.13315872351979005,0.4893254157407054,0.25564481855761934,0.08506812583401331,4to5
949,950,OADMET-0005140,4.87,train,4to5,1,0.0005386303330378292,0.005416312521690666,0.2233477301818541,0.534153561046644,0.23654376591677334,5to6
950,951,OADMET-0005139,5.12,train,5to6,0,0.011636303455993636,0.06984897533797346,0.5494721398816671,0.30391981461838335,0.06512276670598245,4to5
951,952,OADMET-0005138,4.84,train,4to5,2,0.07352909308804026,0.3470318848820052,0.427015475425581,0.0945889932180011,0.05783455338637245,4to5
952,953,OADMET-0005137,5.44,train,5to6,2,0.0009212343620712456,0.00545384763408272,0.24135389696906515,0.5962094976562272,0.15606152337855367,5to6
953,954,OADMET-0005136,5.05,train,5to6,2,0.0009569885835273232,0.007677911163609714,0.29722207198162315,0.5901035550024183,0.10403947326882151,5to6
954,955,OADMET-0005135,4.34,train,4to5,0,0.013469138220332019,0.0758150371047157,0.509628833764127,0.33947819566208365,0.061608795248741646,4to5
955,956,OADMET-0005134,4.42,train,4to5,2,0.059636923971497086,0.3371565614852565,0.4905531071830309,0.0928735875124217,0.019779819847793728,4to5
956,957,OADMET-0005133,5.03,train,5to6,1,0.0020073528329735677,0.016865739147281275,0.35409732704954394,0.47692416821460254,0.15010541275559866,5to6
957,958,OADMET-0005132,5.33,train,5to6,0,0.00863922249976803,0.06709114863536025,0.4963589056397417,0.34487424514434906,0.0830364780807809,4to5
958,959,OADMET-0005131,4.46,train,4to5,4,0.13202018740728078,0.2507168296564334,0.41185100946163367,0.1537543798888986,0.051657593585753586,4to5
959,960,OADMET-0005130,5.1,train,5to6,0,0.013076459233890779,0.06416280942215194,0.27934749301565387,0.4391110881931265,0.2043021501351769,5to6
960,961,OADMET-0005129,5.01,train,5to6,0,0.0004149387443015498,0.0036125583001695447,0.21039774546412038,0.6211783591823146,0.16439639830909394,5to6
961,962,OADMET-0005128,5.46,train,5to6,1,0.05135479330824149,0.13021487337166113,0.42006240390403876,0.29595459279299585,0.10241333662306278,4to5
962,963,OADMET-0005127,5.25,train,5to6,0,0.005135068158821065,0.06209318657416359,0.5443938922400196,0.34419482641867283,0.044183026608322976,4to5
963,964,OADMET-0005126,4.15,train,4to5,0,0.010113247397091078,0.11384473433578639,0.6206235717999902,0.2215184211507121,0.03390002531642026,4to5
964,965,OADMET-0005125,4.67,train,4to5,0,0.038001306071867746,0.15202957278468032,0.45572691816294997,0.23263366347079228,0.12160853950970962,4to5
965,966,OADMET-0005124,4.5,train,4to5,1,0.004098314351066056,0.06986255986067154,0.6492145100793748,0.24758556635054405,0.02923904935834354,4to5
966,967,OADMET-0005123,4.6,train,4to5,1,0.03848874361035681,0.20427014320374623,0.5786932990288256,0.15329194730992154,0.02525586684714977,4to5
967,968,OADMET-0005122,4.52,train,4to5,2,0.006522144903617709,0.0770816255594245,0.6381451869632799,0.2560133252139392,0.022237717359738587,4to5
968,969,OADMET-0005121,4.94,train,4to5,2,0.001546606531944357,0.018126737256746003,0.4588224274174846,0.48087510281837564,0.04062912597544943,5to6
969,970,OADMET-0005120,4.19,train,4to5,0,0.04272308264260117,0.2796041113079207,0.5330750425618148,0.12692791412663332,0.017669849361030002,4to5
970,971,OADMET-0005119,4.97,train,4to5,2,0.002769309129631957,0.01674263990170422,0.2690347537557271,0.543114086654444,0.16833921055849269,5to6
971,972,OADMET-0005118,4.36,train,4to5,1,0.007162239615983951,0.06727691195240354,0.5452937050251276,0.328620503205672,0.051646640200812825,4to5
972,973,OADMET-0005117,4.46,train,4to5,1,0.13084474891819672,0.3803403441771281,0.38634512433896007,0.07470301079526663,0.027766771770448482,4to5
973,974,OADMET-0005116,5.3,train,5to6,3,0.052733443186306926,0.2554220235401576,0.5370069692190087,0.12600442649792482,0.028833137556601898,4to5
974,975,OADMET-0005115,5.12,train,5to6,0,0.005932298913139625,0.09499085628201122,0.6565914704236798,0.22062270189200503,0.021862672489164358,4to5
975,976,OADMET-0005114,4.01,train,4to5,0,0.10163230979015059,0.23425069182928535,0.3821975490106854,0.1660011497289542,0.11591829964092447,4to5
976,977,OADMET-0005113,4.23,train,4to5,2,0.00551186224123052,0.04272975784557804,0.5496439353087282,0.35768571595946064,0.04442872864500264,4to5
977,978,OADMET-0005112,4.26,train,4to5,4,0.017445920197720826,0.09035812402477604,0.5809131914834789,0.2771203841745889,0.0341623801194353,4to5
978,979,OADMET-0005111,5.19,train,5to6,0,0.004538744038496757,0.05474642814931495,0.5744182830795689,0.3314424916936565,0.03485405303896283,4to5
979,980,OADMET-0005110,4.93,train,4to5,4,0.0024396315046380014,0.011564569025410714,0.33477310814289774,0.5100153454246519,0.1412073459024017,5to6
980,981,OADMET-0005109,5.3,train,5to6,3,0.014515613244818083,0.10113755736958349,0.5964657893714103,0.25225962638004185,0.03562141363414628,4to5
981,982,OADMET-0005108,5.1,train,5to6,1,0.010171825009369338,0.0776099260284942,0.5634512273774414,0.3053785545450902,0.043388467039604854,4to5
982,983,OADMET-0005107,5.03,train,5to6,2,0.003123900298700706,0.03017540190336317,0.5171092005708902,0.41219644567743724,0.03739505154960875,4to5
983,984,OADMET-0005106,4.73,train,4to5,1,0.029387691715846848,0.18276086279413792,0.5912497584591642,0.16351424005334975,0.033087446977501295,4to5
984,985,OADMET-0005105,5.15,train,5to6,3,0.0008124165265541992,0.004628666426189271,0.1575492991764267,0.5828980478537001,0.2541115700171297,5to6
985,986,OADMET-0005104,5.26,train,5to6,1,0.03070475014845515,0.21528271121341544,0.5674834921441683,0.15473470293570854,0.031794343558252613,4to5
986,987,OADMET-0005103,5.06,train,5to6,4,0.001076976011755082,0.007467493009770784,0.2769417016470301,0.5595361286839661,0.15497770064747793,5to6
987,988,OADMET-0005102,5.09,train,5to6,2,0.04303561571652758,0.11250279969538897,0.41140962106819773,0.2552796034732417,0.17777236004664407,4to5
988,989,OADMET-0005101,4.57,train,4to5,1,0.11104238612886688,0.37015646144514586,0.39486455328964365,0.08915717766944799,0.03477942146689562,4to5
989,990,OADMET-0005100,4.44,train,4to5,2,0.04051240891027298,0.13025531124228495,0.4823272806319323,0.2595490207539908,0.08735597846151896,4to5
990,991,OADMET-0005099,4.84,train,4to5,0,0.0078072304896202255,0.11383393279648647,0.6499575899918647,0.20253291499764195,0.02586833172438668,4to5
991,992,OADMET-0005098,5.09,train,5to6,0,0.0006328494753734129,0.008995139309562738,0.4025819005407671,0.5234230967700252,0.06436701390427156,5to6
992,993,OADMET-0005097,4.73,train,4to5,2,0.07311291938190967,0.20413818803326644,0.45807021515019075,0.17643810677201965,0.08824057066261343,4to5
993,994,OADMET-0005096,5.23,train,5to6,3,0.010734245582562857,0.07135127132607869,0.5926431720982417,0.29237698065491396,0.032894330338202875,4to5
994,995,OADMET-0005095,5.47,train,5to6,1,0.016948809310552183,0.05072518650008706,0.40219421901311403,0.3704842807757989,0.1596475044004478,4to5
995,996,OADMET-0005094,5.24,train,5to6,1,0.00036091498278991303,0.00514585871671862,0.2422709493254621,0.5650773362728803,0.18714494070214907,5to6
996,997,OADMET-0005093,5.31,train,5to6,4,0.016847799647519753,0.06763716459541343,0.5056154483072429,0.3527074285403022,0.05719215890952175,4to5
997,998,OADMET-0005092,4.73,train,4to5,0,0.0021617946799155677,0.011054014133354745,0.2721488910899921,0.5588431027843273,0.15579219731241042,5to6
998,999,OADMET-0005091,5.31,train,5to6,0,0.00846887797433738,0.024310878028195763,0.11895640263674728,0.394873149611743,0.4533906917489765,gte6
999,1000,OADMET-0005090,5.44,train,5to6,4,0.0027887565730400493,0.01806974674573531,0.36410514304804803,0.5147473501694473,0.1002890034637293,5to6
1000,1001,OADMET-0005089,5.06,train,5to6,2,0.0007075933333870322,0.006318945387279643,0.2849836922807872,0.6079946111832244,0.09999515781532178,5to6
1001,1002,OADMET-0005088,4.57,train,4to5,0,0.04606771623570265,0.22932706052043864,0.5160415345593311,0.16031309009648043,0.04825059858804713,4to5
1002,1003,OADMET-0005087,5.0,train,4to5,2,0.047867404039228845,0.1605951988896608,0.5384733857447671,0.20857243939173203,0.04449157193461115,4to5
1003,1004,OADMET-0005086,3.99,train,3to4,4,0.06325344859163182,0.16340212828297407,0.557374726186967,0.17223151348962473,0.04373818344880237,4to5
1004,1005,OADMET-0005085,5.25,train,5to6,1,0.0015454745471508897,0.02176512099923486,0.4786957538468991,0.43378326903584685,0.06421038157086827,4to5
1005,1006,OADMET-0005084,4.58,train,4to5,0,0.004593620531741482,0.0601504480928405,0.6217432603665086,0.29137036136498123,0.022142309643928174,4to5
1006,1007,OADMET-0005083,4.27,train,4to5,2,0.023988713950149988,0.16572866994325935,0.5965261933174205,0.19017250446249256,0.023583918326677566,4to5
1007,1008,OADMET-0005082,5.32,train,5to6,1,0.004861740221811686,0.022287342173544288,0.34572841813739663,0.44504439523943096,0.18207810422781642,5to6
1008,1009,OADMET-0005081,4.91,train,4to5,2,0.6808679560394073,0.26530283145917366,0.021239101451579267,0.005868166564870938,0.026721944484968875,lt3
1009,1010,OADMET-0005080,4.43,train,4to5,2,0.10304728434768538,0.24723282841297262,0.3978244484443464,0.13366250096280125,0.11823293783219437,4to5
1010,1011,OADMET-0005079,4.94,train,4to5,1,0.00022826953386036216,0.0031500710337286648,0.2468739429280321,0.591597456794896,0.15815025970948296,5to6
1011,1012,OADMET-0005078,5.24,train,5to6,0,0.0007531689242016061,0.009442801087431077,0.3357400749551574,0.5571359650553048,0.09692798997790507,5to6
1012,1013,OADMET-0005077,5.07,train,5to6,4,0.0165658161375225,0.17440046012698662,0.6268147101719643,0.1710287893538984,0.011190224209628131,4to5
1013,1014,OADMET-0005076,4.35,train,4to5,3,0.051916112517769376,0.38853643285291944,0.48028258652179245,0.0664311588995253,0.01283370920799341,4to5
1014,1015,OADMET-0005075,5.18,train,5to6,1,0.006625015923928412,0.04234428812234469,0.4877231543999042,0.3852238157704984,0.0780837257833243,4to5
1015,1016,OADMET-0005074,5.08,train,5to6,2,0.005468723903324696,0.013892276147654967,0.1909129482691204,0.523186526926828,0.2665395247530719,5to6
1016,1017,OADMET-0005073,4.85,train,4to5,3,0.003019647843030128,0.017517272019982988,0.33572351236841813,0.518369485127068,0.12537008264150065,5to6
1017,1018,OADMET-0005072,5.06,train,5to6,3,0.0015087274358314038,0.01245714816326009,0.29170510152468565,0.5515800114593609,0.14274901141686203,5to6
1018,1019,OADMET-0005071,4.41,train,4to5,4,0.003284210656504876,0.016911511476888966,0.3841364210186373,0.4677713302086019,0.12789652663936696,5to6
1019,1020,OADMET-0005070,5.3,train,5to6,3,0.0034608895371754096,0.012769802797564423,0.17634799033914017,0.5022619494112563,0.30515936791486364,5to6
1020,1021,OADMET-0005069,5.02,train,5to6,2,0.045026910265965815,0.17748384477678983,0.5266157631610194,0.1978737281198535,0.0529997536763714,4to5
1021,1022,OADMET-0005068,5.43,train,5to6,0,0.019825008410540825,0.23916628976820492,0.5891392464906068,0.12681325490616743,0.02505620042448004,4to5
1022,1023,OADMET-0005067,4.73,train,4to5,0,0.007936579914436604,0.10321867216035213,0.6349239791668733,0.22265695986423553,0.031263808894102435,4to5
1023,1024,OADMET-0005066,4.72,train,4to5,2,0.006716850882295764,0.05293618308071076,0.5716885104673752,0.3427173957283323,0.02594105984128591,4to5
1024,1025,OADMET-0005065,5.19,train,5to6,1,0.013168824628890168,0.04650330053986491,0.45687946207438435,0.3442720960006618,0.13917631675619882,4to5
1025,1026,OADMET-0005064,4.99,train,4to5,2,0.03422903244026726,0.16718329364669848,0.5627017575301099,0.19795887024731285,0.037927046135611486,4to5
1026,1027,OADMET-0005063,4.33,train,4to5,1,0.0019533354534332675,0.022125798920391886,0.46177896255170414,0.42483102721382454,0.08931087586064612,4to5
1027,1028,OADMET-0005062,4.99,train,4to5,2,0.0002225753595500594,0.0023310506154789645,0.22446650622686853,0.6507647140727719,0.12221515372533057,5to6
1028,1029,OADMET-0005061,5.39,train,5to6,4,0.001524763120743619,0.010489203547094247,0.304336595268479,0.5194510013457453,0.1641984367179379,5to6
1029,1030,OADMET-0005060,5.25,train,5to6,1,0.0007253371926431501,0.007354651968406662,0.31792197274419876,0.5353113615362527,0.13868667655849873,5to6
1030,1031,OADMET-0005059,4.92,train,4to5,0,0.011174664130287814,0.12163377802441187,0.6380626689990784,0.20977980328272625,0.019349085563495644,4to5
1031,1032,OADMET-0005058,4.96,train,4to5,0,0.010475968376168827,0.10816535514444989,0.6228140852197847,0.23461905344584483,0.023925537813751778,4to5
1032,1033,OADMET-0005057,4.26,train,4to5,4,0.17822987762803835,0.5597877323881445,0.24067955441467953,0.01884805350979247,0.0024547820593451286,3to4
1033,1034,OADMET-0005056,4.83,train,4to5,1,0.038479962458311534,0.18929516272644006,0.568079546006608,0.16920491004151988,0.03494041876712043,4to5
1034,1035,OADMET-0005055,4.83,train,4to5,4,0.05413147737075448,0.1521324004306868,0.5252436692962611,0.19119572217738567,0.07729673072491199,4to5
1035,1036,OADMET-0005054,4.79,train,4to5,0,0.010922878262941207,0.10323992573473458,0.6025858639313869,0.2472501445489498,0.036001187521987534,4to5
1036,1037,OADMET-0005053,4.95,train,4to5,4,0.001864520329900843,0.013941190857686471,0.3721434101452275,0.5169258014169478,0.09512507725023743,5to6
1037,1038,OADMET-0005052,4.82,train,4to5,1,0.0028979198764658063,0.018508116301490858,0.2802151536040176,0.4950606463339828,0.20331816388404297,5to6
1038,1039,OADMET-0005051,4.84,train,4to5,0,0.003561246099396496,0.02770308878812759,0.43502669189508925,0.4444417518874837,0.08926722132990295,5to6
1039,1040,OADMET-0005050,5.22,train,5to6,4,0.0004963756275516317,0.0036069165522256857,0.28966720092384146,0.5855748295960005,0.12065467730038067,5to6
1040,1041,OADMET-0005049,4.21,train,4to5,0,0.0034014282900121737,0.026983101426542293,0.4039377068983054,0.46371502332332426,0.10196274006181587,5to6
1041,1042,OADMET-0005048,5.05,train,5to6,4,0.029642599752562858,0.3159261755693654,0.5340246747182101,0.11230332056761363,0.008103229392247942,4to5
1042,1043,OADMET-0005047,4.88,train,4to5,4,0.006525039100844242,0.054673149290699406,0.6023511192378173,0.3072245070930301,0.029226185277608927,4to5
1043,1044,OADMET-0005046,5.1,train,5to6,1,0.03391292950057847,0.22594640391499685,0.5932013789608612,0.12614601427572172,0.020793273347841725,4to5
1044,1045,OADMET-0005045,5.05,train,5to6,3,0.021389732406308322,0.10919893464454006,0.564328151618827,0.2632880312734819,0.04179515005684271,4to5
1045,1046,OADMET-0005044,4.84,train,4to5,0,0.005188774153868095,0.06075283493572118,0.5965410818195135,0.3063912868029023,0.03112602228799499,4to5
1046,1047,OADMET-0005043,4.94,train,4to5,0,0.018237935243264322,0.19789944441691454,0.6126519395958487,0.14115704490872438,0.030053635835247963,4to5
1047,1048,OADMET-0005042,4.69,train,4to5,2,0.03898998811727476,0.2700476450252195,0.5664479321027746,0.1083607222399336,0.016153712514797622,4to5
1048,1049,OADMET-0005041,4.63,train,4to5,1,0.124439701578394,0.5710149755715215,0.2710485921741303,0.02740489672405714,0.006091833951897103,3to4
1049,1050,OADMET-0005040,4.68,train,4to5,0,0.0120529231715294,0.07155643243589031,0.4737148775075031,0.3677444375810525,0.07493132930402467,4to5
1050,1051,OADMET-0005039,4.57,train,4to5,4,0.1695732680752412,0.3418862336972714,0.3883513300452594,0.07456683709763312,0.025622331084594874,4to5
1051,1052,OADMET-0005038,4.86,train,4to5,2,0.22585005251702545,0.6764252390561815,0.08644500636445611,0.006439483453783404,0.004840218608553619,3to4
1052,1053,OADMET-0005037,4.09,train,4to5,2,0.04457997986264489,0.09164865485669402,0.34613919902852175,0.36061031297986046,0.15702185327227886,5to6
1053,1054,OADMET-0005036,4.93,train,4to5,4,0.0041682286439985025,0.011069252906635473,0.180990558893108,0.43938877462474296,0.364383184931515,5to6
1054,1055,OADMET-0005035,4.54,train,4to5,0,0.004873602446809309,0.014263180418086127,0.170698590873334,0.4898584577779932,0.32030616848377735,5to6
1055,1056,OADMET-0005034,4.88,train,4to5,4,0.027953657668415625,0.13446604028362055,0.5410303595877682,0.23930422356855402,0.05724571889164152,4to5
1056,1057,OADMET-0005033,4.83,train,4to5,3,0.005667859162035975,0.023883716878795303,0.29071578072083043,0.5203265492024316,0.15940609403590664,5to6
1057,1058,OADMET-0005032,4.82,train,4to5,2,0.0003799532742300177,0.004940685386252318,0.33480158690845113,0.5902333898402318,0.06964438459083472,5to6
1058,1059,OADMET-0005031,4.53,train,4to5,0,0.0008688982662885566,0.010911170063604527,0.3725467807757797,0.5388688878346611,0.07680426305966612,5to6
1059,1060,OADMET-0005030,5.07,train,5to6,0,0.0005833394662475362,0.006738269513334999,0.26869025075742275,0.591859800968511,0.13212833929448373,5to6
1060,1061,OADMET-0005029,4.73,train,4to5,1,0.0031566827614150188,0.023385621993890767,0.4054206676745944,0.4396436287124403,0.1283933988576595,5to6
1061,1062,OADMET-0005028,5.3,train,5to6,4,0.0013049204188483087,0.005921155238435654,0.21830138653057493,0.5558540247677466,0.21861851304439456,5to6
1062,1063,OADMET-0005027,5.69,train,5to6,1,0.00032270518557499527,0.005252274098797718,0.32189240315325357,0.5331982848265368,0.13933433273583692,5to6
1063,1064,OADMET-0005026,5.0,train,4to5,3,0.007867599786191063,0.05179909955468616,0.4936287966972202,0.3862081442927411,0.060496359669161476,4to5
1064,1065,OADMET-0005025,4.71,train,4to5,2,0.0176946780092529,0.18860395094618615,0.6339498109132533,0.1455513822753332,0.014200177855974435,4to5
1065,1066,OADMET-0005024,5.02,train,5to6,3,0.0012681071949783025,0.01404106412728817,0.44700511717580227,0.4877231356630166,0.04996257583891468,5to6
1066,1067,OADMET-0005023,5.23,train,5to6,0,0.00476127163329797,0.05368860053436691,0.5605355488123942,0.35199519909919424,0.029019379920746713,4to5
1067,1068,OADMET-0005022,4.74,train,4to5,1,0.020538731044164864,0.1194529413299416,0.6033921983914423,0.21848352782481512,0.0381326014096361,4to5
1068,1069,OADMET-0005021,5.0,train,4to5,1,0.0012779825942040705,0.01227236806664074,0.32362126991379014,0.5221097418881128,0.14071863753725228,5to6
1069,1070,OADMET-0005020,5.24,train,5to6,0,0.01439953217506583,0.05563735941187531,0.21937170543010642,0.4235191031414304,0.28707229984152205,5to6
1070,1071,OADMET-0005019,5.38,train,5to6,3,0.016246503491361683,0.07512709624347066,0.45735032133041487,0.3416822311936693,0.10959384774108348,4to5
1071,1072,OADMET-0005018,4.7,train,4to5,0,0.013199153516058807,0.11168945715945489,0.616192825148354,0.2295259712113418,0.02939259296479049,4to5
1072,1073,OADMET-0005017,5.14,train,5to6,0,0.00017833510135751814,0.0013668307633240234,0.05908519701850074,0.5000357566236884,0.4393338804931293,5to6
1073,1074,OADMET-0005016,5.13,train,5to6,1,0.04544351487030045,0.16096116122719165,0.5413695412466066,0.2111887421849745,0.041037040470926746,4to5
1074,1075,OADMET-0005015,4.8,train,4to5,4,0.0860650289467552,0.2835338870175492,0.45547663730438637,0.13140415389486518,0.043520292836444055,4to5
1075,1076,OADMET-0005014,4.66,train,4to5,2,0.034408279788740864,0.09784145944838105,0.4634540815190697,0.31849188561713354,0.08580429362667481,4to5
1076,1077,OADMET-0005013,4.7,train,4to5,2,0.2679591471926139,0.5327952494233935,0.16304849057821838,0.021062409466016275,0.01513470333975795,3to4
1077,1078,OADMET-0005012,5.33,train,5to6,2,0.029069266996761656,0.12800745570654082,0.5293342431684267,0.2362288219017623,0.07736021222650846,4to5
1078,1079,OADMET-0005011,4.51,train,4to5,0,0.015061994593721035,0.0803929023334877,0.5298195333270487,0.3146965713790644,0.06002899836667818,4to5
1079,1080,OADMET-0005010,4.61,train,4to5,4,0.3079692603054158,0.6155370833436915,0.06968746066595637,0.00489323288030377,0.0019129628046325262,3to4
1080,1081,OADMET-0005009,5.09,train,5to6,1,0.0080689414283585,0.026351144193749856,0.2763822340691916,0.4526115000838777,0.23658618022482233,5to6
1081,1082,OADMET-0005008,4.57,train,4to5,1,0.011041784005358973,0.07787475185712642,0.5289667977784793,0.3307337546067418,0.05138291175229346,4to5
1082,1083,OADMET-0005007,4.82,train,4to5,3,0.14250121157621792,0.25977845161162844,0.3267791715314614,0.11934082743559006,0.15160033784510216,4to5
1083,1084,OADMET-0005006,5.05,train,5to6,4,0.00018845893528185326,0.0004407408798689012,0.022141159449771866,0.27905108272398443,0.698178558011093,gte6
1084,1085,OADMET-0005005,5.0,train,4to5,3,0.0009851253146459646,0.005868050747740189,0.19501318078374458,0.5605177891079011,0.2376158540459682,5to6
1085,1086,OADMET-0005004,4.35,train,4to5,2,0.03391836147907448,0.14313760133203862,0.548843552379989,0.20843146353156375,0.06566902127733415,4to5
1086,1087,OADMET-0005003,4.81,train,4to5,3,0.002944284492513602,0.025413396906714146,0.49175886765688465,0.4329411252368915,0.04694232570699611,4to5
1087,1088,OADMET-0005002,4.87,train,4to5,2,0.003664529237632021,0.024437277004948924,0.43809167193243637,0.47762284383416154,0.05618367799082112,5to6
1088,1089,OADMET-0005001,4.63,train,4to5,4,0.0016262195311636505,0.012032171128784611,0.3110420794050998,0.5340012466728583,0.14129828326209362,5to6
1089,1090,OADMET-0005000,4.57,train,4to5,0,0.016398197558669947,0.17718291320642796,0.6272523485140813,0.16201104386060325,0.01715549686021756,4to5
1090,1091,OADMET-0004999,4.99,train,4to5,1,0.01545331695796327,0.1036637930550757,0.5793968943415702,0.2572739679611684,0.04421202768422247,4to5
1091,1092,OADMET-0004998,5.08,train,5to6,2,0.0070227896729271955,0.02777216767168402,0.3828158673059048,0.45233526783777844,0.13005390751170562,5to6
1092,1093,OADMET-0004997,5.02,train,5to6,4,0.0014081729290840214,0.013138322390458586,0.3710897665052776,0.5562191309001807,0.05814460727499913,5to6
1093,1094,OADMET-0004996,5.03,train,5to6,0,0.01958086305147292,0.10713935443871926,0.5575561419584576,0.2727242657407324,0.042999374810617885,4to5
1094,1095,OADMET-0004995,5.34,train,5to6,0,0.006255767317344468,0.04280784306008295,0.4697968720350834,0.3947360815210181,0.08640343606647108,4to5
1095,1096,OADMET-0004994,5.16,train,5to6,2,0.0015093970082642096,0.00667338470440655,0.15288449321950004,0.5585390742043943,0.28039365086343493,5to6
1096,1097,OADMET-0004993,4.65,train,4to5,0,0.16174956915155694,0.35359182426941654,0.34216457095496994,0.09727649990802259,0.04521753571603394,3to4
1097,1098,OADMET-0004992,4.78,train,4to5,0,0.06268598653037735,0.15634761541950531,0.45189163812106864,0.23259361504413012,0.09648114488491859,4to5
1098,1099,OADMET-0004991,5.41,train,5to6,1,0.002158159065306394,0.0324648716624194,0.5243459120496871,0.38239665190256494,0.05863440532002222,4to5
1099,1100,OADMET-0004990,5.51,train,5to6,1,0.0009953117340848895,0.006140174590396509,0.1545729879925601,0.47684038961422637,0.36145113606873214,5to6
1100,1101,OADMET-0004989,5.56,train,5to6,1,0.00048665952355488593,0.0051484289282412235,0.2499137059353841,0.5486466256950507,0.1958045799177691,5to6
1101,1102,OADMET-0004988,4.87,train,4to5,1,0.16112095957880257,0.4789130043416547,0.2929991338476087,0.047130471690843265,0.01983643054109077,3to4
1102,1103,OADMET-0004987,5.23,train,5to6,0,0.0042264368306353,0.030430238637271824,0.41176986617637823,0.465890555706079,0.08768290264963563,5to6
1103,1104,OADMET-0004986,4.87,train,4to5,2,0.016949991427176306,0.03449876362280358,0.2286930518404842,0.47268974415546233,0.2471684489540736,5to6
1104,1105,OADMET-0004985,4.78,train,4to5,4,0.001218914976575114,0.03566444638621474,0.6138125612302678,0.3400428269800333,0.009261250426908951,4to5
1105,1106,OADMET-0004984,5.33,train,5to6,2,0.007043660942987809,0.030304971475566843,0.3917873721351582,0.4460017591816952,0.12486223626459196,5to6
1106,1107,OADMET-0004983,4.65,train,4to5,4,0.009226818251058203,0.046679785729244284,0.3948459191161217,0.45477403623364926,0.09447344066992654,5to6
1107,1108,OADMET-0004982,4.47,train,4to5,0,0.004401470595991294,0.028323403023975943,0.39690882522019777,0.47439245052252593,0.09597385063730902,5to6
1108,1109,OADMET-0004981,5.53,train,5to6,4,0.0002833026061854218,0.005291640059588386,0.32658837679837194,0.5974791312356249,0.07035754930022935,5to6
1109,1110,OADMET-0004980,5.35,train,5to6,4,0.011027863656709859,0.025478015374970825,0.2154361056282731,0.43650183988586644,0.3115561754541798,5to6
1110,1111,OADMET-0004979,4.2,train,4to5,0,0.002125760520568485,0.026777911681887586,0.4799928322435093,0.43221458390155265,0.05888891165248201,4to5
1111,1112,OADMET-0004978,5.05,train,5to6,4,0.03626887724191826,0.06429458146080227,0.30060450991001125,0.3615943045260856,0.2372377268611826,5to6
1112,1113,OADMET-0004977,5.33,train,5to6,0,0.0015901269795337936,0.010997826029936045,0.20181998236927004,0.5315396091301462,0.2540524554911139,5to6
1113,1114,OADMET-0004976,4.56,train,4to5,0,0.02095391411156596,0.14173124704187504,0.5970319498385639,0.20464517138033142,0.03563771762766369,4to5
1114,1115,OADMET-0004975,4.6,train,4to5,4,0.0220459990262464,0.03597349180370038,0.3060145871559855,0.3628474948345592,0.2731184271795085,5to6
1115,1116,OADMET-0004974,4.98,train,4to5,0,0.0028582869716315996,0.04206463717098503,0.5963389309392766,0.3313327449421988,0.027405399975908035,4to5
1116,1117,OADMET-0004973,5.21,train,5to6,4,0.051940077214093744,0.1438314052782522,0.4573426646890342,0.24934983810819322,0.09753601471042667,4to5
1117,1118,OADMET-0004972,4.24,train,4to5,0,0.05139379900513404,0.41504105539022895,0.4451134461433306,0.06769445475475439,0.02075724470655206,4to5
1118,1119,OADMET-0004971,4.6,train,4to5,4,0.00982391126522926,0.038831846445107246,0.437351857611478,0.3872823197169029,0.12671006496128256,4to5
1119,1120,OADMET-0004970,5.22,train,5to6,3,0.005478748013215411,0.025599542504557975,0.3593294550237073,0.4866529607961772,0.12293929366234209,5to6
1120,1121,OADMET-0004969,4.97,train,4to5,4,0.008096277382004816,0.029365117389648067,0.43251426235714224,0.43873630156331017,0.09128804130789468,5to6
1121,1122,OADMET-0004968,4.73,train,4to5,1,0.0034714557073772675,0.03422363786138126,0.5129548219271187,0.388963275134989,0.06038680936913371,4to5
1122,1123,OADMET-0004967,4.8,train,4to5,1,0.020519151261861115,0.2236714752777898,0.6167304172517157,0.12033204482366329,0.018746911384970043,4to5
1123,1124,OADMET-0004966,5.15,train,5to6,1,0.0008132404284660848,0.004177470445180221,0.1169435461945941,0.510506719051435,0.36755902388032463,5to6
1124,1125,OADMET-0004965,4.93,train,4to5,0,0.037000802382767026,0.12206582560644853,0.5165710660389762,0.23626436022934613,0.08809794574246214,4to5
1125,1126,OADMET-0004964,5.21,train,5to6,4,0.0018916604353350058,0.03018962854762048,0.4873852254748123,0.45073349626864645,0.029799989273585768,4to5
1126,1127,OADMET-0004963,4.78,train,4to5,4,0.006927460044950617,0.04760536657988839,0.5101620269848763,0.3647395466599867,0.07056559973029794,4to5
1127,1128,OADMET-0004962,4.27,train,4to5,1,0.01325860502951453,0.05738339844133279,0.4689163482660329,0.35159277293806646,0.10884887532505334,4to5
1128,1129,OADMET-0004961,4.67,train,4to5,3,0.08844809267091785,0.32912972692076015,0.45522397926160685,0.09083282981378149,0.036365371332933646,4to5
1129,1130,OADMET-0004960,5.39,train,5to6,3,0.0007768641712759546,0.009244767142886925,0.3614548129577126,0.5596846450115788,0.06883891071654576,5to6
1130,1131,OADMET-0004959,4.68,train,4to5,3,0.0061696890315434206,0.03086825718330818,0.4366960031142459,0.43480665504016575,0.09145939563073674,4to5
1131,1132,OADMET-0004958,4.97,train,4to5,0,0.0015199543663466225,0.012573236236164307,0.4012363734282219,0.5026467073507284,0.0820237286185388,5to6
1132,1133,OADMET-0004957,4.95,train,4to5,1,0.21873906621458306,0.5334929317262701,0.2108673935715231,0.026970614199965312,0.009929994287658388,3to4
1133,1134,OADMET-0004956,5.42,train,5to6,4,0.00497033855244242,0.013247455180329087,0.26567717805186875,0.4748782113570366,0.24122681685832312,5to6
1134,1135,OADMET-0004955,4.57,train,4to5,3,0.047007733691280966,0.4148332617631313,0.48054741466416107,0.05116670380121534,0.006444886080211347,4to5
1135,1136,OADMET-0004954,5.03,train,5to6,0,0.0017195514230983252,0.013933654168953704,0.4324986417618453,0.4826388710704738,0.06920928157562885,5to6
1136,1137,OADMET-0004953,4.6,train,4to5,4,0.17528409908515116,0.4493316406879712,0.3246990057909213,0.043540428437134245,0.007144825998822059,3to4
1137,1138,OADMET-0004952,5.03,train,5to6,3,0.0009880536594745635,0.006985864390105671,0.21706341995436082,0.5660009589735767,0.20896170302248226,5to6
1138,1139,OADMET-0004951,4.56,train,4to5,0,0.0015386225775709198,0.018104963419805022,0.46511955135834304,0.46050108535200285,0.054735777292278145,4to5
1139,1140,OADMET-0004950,5.33,train,5to6,3,0.002349607015591739,0.011927682067696009,0.30292255536592294,0.5488640876121459,0.13393606793864338,5to6
1140,1141,OADMET-0004949,4.9,train,4to5,4,0.009340397804817607,0.07340466812093553,0.5737824311752074,0.3015014461837386,0.0419710567153009,4to5
1141,1142,OADMET-0004948,4.54,train,4to5,3,0.001771630138970637,0.0247172827666149,0.4992172990966567,0.4464814075916467,0.02781238040611107,4to5
1142,1143,OADMET-0004947,4.89,train,4to5,2,0.0008808637792714389,0.004015967847372281,0.09396060119579658,0.4686238621538422,0.4325187050237175,5to6
1143,1144,OADMET-0004946,4.56,train,4to5,0,0.006355818634327402,0.05553834717255432,0.5321392255886227,0.3548543047786086,0.05111230382588704,4to5
1144,1145,OADMET-0004945,5.51,train,5to6,0,0.05722829390944869,0.2765125067142305,0.48166946114975356,0.13663715276834168,0.047952585458225595,4to5
1145,1146,OADMET-0004944,4.37,train,4to5,4,0.10816262219555552,0.6056148579050281,0.2617181612658732,0.020999394943920755,0.003504963689622386,3to4
1146,1147,OADMET-0004943,5.2,train,5to6,4,0.0036459999927775937,0.0035777759587496006,0.05016433733697958,0.32074382348567176,0.6218680632258214,gte6
1147,1148,OADMET-0004942,5.06,train,5to6,4,0.026576189769777856,0.05857414105379445,0.3998070724276149,0.3495649753996819,0.16547762134913094,4to5
1148,1149,OADMET-0004941,5.24,train,5to6,1,0.0034063915239379763,0.014538594650652508,0.2610851382191345,0.4597282752032389,0.2612416004030362,5to6
1149,1150,OADMET-0004940,5.67,train,5to6,2,0.03629192933734051,0.05649713195313345,0.20576047054169633,0.41820646598834127,0.2832440021794885,5to6
1150,1151,OADMET-0004939,4.71,train,4to5,4,0.18329511992547928,0.2174944330191858,0.3200995993636459,0.11404498921435302,0.16506585847733599,4to5
1151,1152,OADMET-0004938,5.01,train,5to6,1,0.014548452652330245,0.13974830586322567,0.633277240954026,0.19121094154870663,0.021215058981711374,4to5
1152,1153,OADMET-0004937,4.9,train,4to5,1,0.0007362284360493377,0.01388256834847681,0.4250967278802429,0.478591450465461,0.08169302486977001,5to6
1153,1154,OADMET-0004936,3.97,train,3to4,2,0.2327760300309359,0.6480703329739335,0.10647095700177939,0.00830005013085883,0.00438262986249242,3to4
1154,1155,OADMET-0004935,3.78,train,3to4,1,0.4011909407174464,0.5548068158496817,0.0388993728300375,0.0031800812939087745,0.0019227893089256048,3to4
1155,1156,OADMET-0004934,4.83,train,4to5,0,0.013016469726027876,0.07865858974741234,0.5248489579998277,0.3185567317501686,0.06491925077656348,4to5
1156,1157,OADMET-0004933,5.33,train,5to6,3,0.02013990573011725,0.1013768497290263,0.5459667220501827,0.2759096211381039,0.05660690135256978,4to5
1157,1158,OADMET-0004932,5.49,train,5to6,1,0.0027964350112954584,0.016733182481196176,0.3310410059988058,0.4649383394319537,0.18449103707674888,5to6
1158,1159,OADMET-0004931,5.36,train,5to6,2,0.00036292110680362583,0.0038268310871019673,0.21744061001109388,0.6139468687552523,0.16442276903974826,5to6
1159,1160,OADMET-0004930,4.1,train,4to5,2,0.030886225862595824,0.16533506162963899,0.5720675076852367,0.1937387763520893,0.03797242847043914,4to5
1160,1161,OADMET-0004929,4.81,train,4to5,2,0.004356916643839445,0.019660763964365956,0.32756699001012296,0.48710779648513736,0.16130753289653424,5to6
1161,1162,OADMET-0004928,5.55,train,5to6,0,0.0038959455697561303,0.006518055144840688,0.06630159838852046,0.3710843282325351,0.5522000726643476,gte6
1162,1163,OADMET-0004927,4.81,train,4to5,1,0.004405881064908286,0.021561616404018744,0.35126726851140805,0.475771514009636,0.14699372001002894,5to6
1163,1164,OADMET-0004926,5.54,train,5to6,2,0.006780915798885993,0.059564440610384004,0.5737873235653994,0.3327134801161455,0.027153839909185098,4to5
1164,1165,OADMET-0004925,5.2,train,5to6,0,0.004091063271581383,0.01330558655632363,0.172743285173068,0.5529942217750121,0.2568658432240149,5to6
1165,1166,OADMET-0004924,4.3,train,4to5,0,0.066068395356942,0.37726074105817137,0.4601665990411621,0.07271271876327023,0.023791545780454337,4to5
1166,1167,OADMET-0004923,4.4,train,4to5,0,0.015222988275716871,0.10049196454360666,0.5570115514482838,0.28445279942628593,0.04282069630610668,4to5
1167,1168,OADMET-0004922,5.34,train,5to6,2,0.006803340411624078,0.03183658110775817,0.4180815599669821,0.45918119851761047,0.08409731999602515,5to6
1168,1169,OADMET-0004921,4.72,train,4to5,3,0.04251618445760471,0.18298997452538604,0.5365467963807212,0.18659082502550492,0.051356219610783106,4to5
1169,1170,OADMET-0004920,4.68,train,4to5,2,0.04158395452076688,0.15632489124900906,0.5358029025111937,0.22812201598458565,0.03816623573444472,4to5
1170,1171,OADMET-0004919,4.65,train,4to5,0,0.005348122489471732,0.06907117723808655,0.6353965730075816,0.26427708442078734,0.025907042844072803,4to5
1171,1172,OADMET-0004918,4.53,train,4to5,0,0.07360400136106458,0.31301989626664845,0.47740416918576223,0.11294148673028986,0.02303044645623487,4to5
1172,1173,OADMET-0004917,4.65,train,4to5,3,0.013738186953189669,0.08142056270640029,0.573530193938705,0.2915256305139942,0.03978542588771083,4to5
1173,1174,OADMET-0004916,4.79,train,4to5,3,0.0009104890588455256,0.006077772908351899,0.19949029289665082,0.5981085867595968,0.19541285837655495,5to6
1174,1175,OADMET-0004915,5.19,train,5to6,0,0.015711684189669003,0.0698513853883732,0.35711152292706316,0.4165465940379581,0.14077881345693652,5to6
1175,1176,OADMET-0004914,5.16,train,5to6,3,0.0032198503475331782,0.03593377493736056,0.5774755631598038,0.3592890225802342,0.024081788975068234,4to5
1176,1177,OADMET-0004913,5.23,train,5to6,2,0.0011129970755586155,0.005119956607073182,0.12972407151713655,0.5380154893194692,0.32602748548076244,5to6
1177,1178,OADMET-0004912,5.47,train,5to6,0,0.029744091752300295,0.1150536210145853,0.525653774732,0.25592478799035423,0.07362372451076019,4to5
1178,1179,OADMET-0004911,5.16,train,5to6,2,0.03415270124262049,0.09778047280177121,0.41930150673313804,0.2910564222108094,0.1577088970116608,4to5
1179,1180,OADMET-0004910,5.09,train,5to6,2,0.004743545311741954,0.021184327061116393,0.31096294493324783,0.5035340185244251,0.15957516416946876,5to6
1180,1181,OADMET-0004909,5.15,train,5to6,0,0.0032415698347350625,0.029287083974549332,0.4950958344509476,0.42305077422473164,0.04932473751503633,4to5
1181,1182,OADMET-0004908,5.58,train,5to6,0,0.005622348941887646,0.04732388421053413,0.5444309303014953,0.3611332600581745,0.04148957648790845,4to5
1182,1183,OADMET-0004907,4.76,train,4to5,2,0.07482281682074281,0.24955445716618596,0.4821226047362519,0.15655436295359923,0.0369457583232201,4to5
1183,1184,OADMET-0004906,5.1,train,5to6,2,0.0018973119152312988,0.008770698279182528,0.20452450767827035,0.575875911524623,0.2089315706026928,5to6
1184,1185,OADMET-0004905,5.08,train,5to6,4,0.0006549424078149449,0.005297693837474202,0.22341935116810083,0.5770239177208253,0.19360409486578475,5to6
1185,1186,OADMET-0004904,4.86,train,4to5,0,0.010432348199385683,0.06337595316493266,0.4503909584338718,0.38336630674871913,0.09243443345309074,4to5
1186,1187,OADMET-0004903,4.51,train,4to5,0,0.017469179999472312,0.07860478422062464,0.4821173044132106,0.3360711192160179,0.08573761215067453,4to5
1187,1188,OADMET-0004902,4.98,train,4to5,4,0.00019592336537474912,0.001087248955110998,0.14233494395298482,0.6175611224798847,0.23882076124664472,5to6
1188,1189,OADMET-0004901,4.66,train,4to5,4,0.009664593066441782,0.02394664983560676,0.36904700834394044,0.4422092049116245,0.15513254384238648,5to6
1189,1190,OADMET-0004900,4.73,train,4to5,2,0.00111556399680343,0.007012119810964777,0.19948225725776586,0.5942047689129829,0.198185290021483,5to6
1190,1191,OADMET-0004899,4.73,train,4to5,4,0.008444868279840596,0.046313659736921184,0.5243153132294212,0.36060423733604663,0.06032192141777043,4to5
1191,1192,OADMET-0004898,4.56,train,4to5,3,0.003903485284249322,0.01903295589200496,0.26877490706050533,0.5078671171288798,0.2004215346343606,5to6
1192,1193,OADMET-0004897,5.12,train,5to6,3,0.0026812789332581006,0.01666200953755229,0.297160484956284,0.5639687342029425,0.11952749236996323,5to6
1193,1194,OADMET-0004896,4.77,train,4to5,2,0.0009182156563918691,0.004058184997358924,0.09145519055934599,0.4992848590254677,0.40428354976143555,5to6
1194,1195,OADMET-0004895,4.63,train,4to5,0,0.0075536624056015715,0.05729290646562903,0.4641503238277144,0.39860756430220756,0.07239554299884747,4to5
1195,1196,OADMET-0004894,4.73,train,4to5,2,0.06355990345146696,0.38380315149215405,0.4744674768635845,0.06864359840609546,0.009525869786699056,4to5
1196,1197,OADMET-0004893,5.17,train,5to6,1,0.00016457362595057,0.0009325124692913097,0.03836814875941106,0.3839566524235745,0.5765781127217725,gte6
1197,1198,OADMET-0004892,5.08,train,5to6,4,0.012675705235979745,0.05815188527137904,0.5033963867115226,0.31528588806451785,0.11049013471660066,4to5
1198,1199,OADMET-0004891,4.7,train,4to5,0,0.043647540482066476,0.4693100821188425,0.4294679850970067,0.045017352010214416,0.012557040291869924,3to4
1199,1200,OADMET-0004890,4.66,train,4to5,0,0.005266257299622221,0.0653807918665026,0.6438503514228292,0.25757340592266653,0.0279291934883795,4to5
1200,1201,OADMET-0004889,4.38,train,4to5,4,0.013141613233323173,0.07327852275314423,0.599571754418042,0.2970356891428657,0.01697242045262496,4to5
1201,1202,OADMET-0004888,4.59,train,4to5,4,0.018559895110132264,0.09029039572383471,0.5192701719837232,0.3225686788080506,0.049310858374259275,4to5
1202,1203,OADMET-0004887,5.02,train,5to6,4,0.009196540494950235,0.10799115332201194,0.6489155401293931,0.22171657159076844,0.012180194462876302,4to5
1203,1204,OADMET-0004886,4.25,train,4to5,2,0.08286564144714521,0.22028132029192135,0.49483836250199037,0.1644890326763209,0.03752564308262218,4to5
1204,1205,OADMET-0004885,4.72,train,4to5,0,0.0830316520380326,0.5818344788113289,0.28540094889511497,0.03269209621403098,0.017040824041492566,3to4
1205,1206,OADMET-0004884,5.09,train,5to6,1,0.013672561219201148,0.05687387591287458,0.40956630806963706,0.4063100765626589,0.11357717823562835,4to5
1206,1207,OADMET-0004883,4.76,train,4to5,2,0.007612516037525791,0.06619545700241468,0.5862997070516511,0.3089023773845796,0.030989942523828792,4to5
1207,1208,OADMET-0004882,4.49,train,4to5,0,0.008505159751367949,0.059164839074998005,0.5913443400148952,0.2996030366159127,0.0413826245428261,4to5
1208,1209,OADMET-0004881,4.42,train,4to5,0,0.005784435488289079,0.02657976852372058,0.36416463941768673,0.47289337276571003,0.13057778380459364,5to6
1209,1210,OADMET-0004880,4.93,train,4to5,1,0.0905787104983916,0.2443921809406836,0.47571431527180263,0.14183689336843283,0.047477899920689313,4to5
1210,1211,OADMET-0004879,4.86,train,4to5,1,0.0018625372285415497,0.02058539349237088,0.48129671716805966,0.43271276269153264,0.06354258941949531,4to5
1211,1212,OADMET-0004878,4.72,train,4to5,0,0.010868451487199254,0.049671560202072446,0.224766923511989,0.4405404896626403,0.274152575136099,5to6
1212,1213,OADMET-0004877,4.11,train,4to5,0,0.018822018622579633,0.05953052602218564,0.2933133042369182,0.4330444633538925,0.19528968776442399,5to6
1213,1214,OADMET-0004876,4.8,train,4to5,1,0.01097802692994584,0.05526074607569433,0.49103947056250313,0.36066236050749834,0.08205939592435837,4to5
1214,1215,OADMET-0004875,4.65,train,4to5,2,0.08767135908750238,0.39041207984647647,0.42955227326156825,0.07380606000366989,0.018558227800783006,4to5
1215,1216,OADMET-0004874,4.89,train,4to5,2,0.006578453847106797,0.022779362382271153,0.26454880956815935,0.5012406730150836,0.2048527011873792,5to6
1216,1217,OADMET-0004873,5.01,train,5to6,2,0.010548190604755205,0.10392999861747965,0.6367137702002588,0.23472015847488426,0.01408788210262217,4to5
1217,1218,OADMET-0004872,4.77,train,4to5,1,0.014744208070730909,0.08869080916213125,0.5440009786784566,0.28047144177905936,0.07209256230962177,4to5
1218,1219,OADMET-0004871,5.27,train,5to6,0,0.006757004438229071,0.031248386250748716,0.13122137379725926,0.3572331203979671,0.47354011511579586,gte6
1219,1220,OADMET-0004870,4.79,train,4to5,0,0.003996648117712593,0.015509349229336673,0.26536564521672085,0.5042408390477768,0.21088751838845304,5to6
1220,1221,OADMET-0004869,4.92,train,4to5,4,0.036170152923531304,0.1364421624310677,0.536114605122788,0.21987100288944678,0.07140207663316625,4to5
1221,1222,OADMET-0004868,4.71,train,4to5,1,0.0006861822870131976,0.01076597713741977,0.41520964843149866,0.48928525742002316,0.08405293472404528,5to6
1222,1223,OADMET-0004867,4.05,train,4to5,2,0.14745810957531877,0.3721389555664127,0.3564501484435085,0.08083409996704981,0.04311868644771024,3to4
1223,1224,OADMET-0004866,4.51,train,4to5,1,0.004003795335074601,0.04138623556315839,0.559835017509528,0.3319015805589523,0.06287337103328673,4to5
1224,1225,OADMET-0004865,5.37,train,5to6,4,0.000603484264398336,0.0038749527990961877,0.1845484921619504,0.6007476881058732,0.21022538266868188,5to6
1225,1226,OADMET-0004864,4.2,train,4to5,4,0.004023493151433498,0.0523522592867538,0.6255960283861711,0.3000822874693657,0.0179459317062759,4to5
1226,1227,OADMET-0004863,4.9,train,4to5,0,0.0018221839341184458,0.031231024852108956,0.5641096165367041,0.3675330832378271,0.035304091439241354,4to5
1227,1228,OADMET-0004862,4.54,train,4to5,3,0.009997873501866018,0.06668530361093848,0.5041243997133609,0.3794891809519154,0.03970324222191917,4to5
1228,1229,OADMET-0004861,5.52,train,5to6,2,0.11637357188859687,0.13315957288594646,0.2453814504526015,0.19489849377801666,0.3101869109948385,gte6
1229,1230,OADMET-0004860,4.22,train,4to5,1,0.0685795120675862,0.3237756541468169,0.49935205937654814,0.08956707330001518,0.01872570110903355,4to5
1230,1231,OADMET-0004859,5.29,train,5to6,4,0.014347139959739744,0.03609598854327185,0.34190336379264835,0.3458789936584084,0.2617745140459316,5to6
1231,1232,OADMET-0004858,5.27,train,5to6,4,0.005830584799899469,0.005360299979846506,0.07480515250525081,0.37267650713578326,0.5413274555792199,gte6
1232,1233,OADMET-0004857,4.97,train,4to5,1,0.016865084607464775,0.1769882062762088,0.6260244495170442,0.15834785127137765,0.02177440832790467,4to5
1233,1234,OADMET-0004856,4.49,train,4to5,2,0.08554769769475466,0.4762819368619028,0.3790288474258717,0.047134614301666274,0.012006903715804606,3to4
1234,1235,OADMET-0004855,4.97,train,4to5,3,0.0990674604112578,0.3460702158258394,0.4313656510970661,0.08395942701565587,0.0395372456501808,4to5
1235,1236,OADMET-0004854,4.05,train,4to5,4,0.13072808671272187,0.15620169741816955,0.29520125516658674,0.14555431062970953,0.2723146500728123,4to5
1236,1237,OADMET-0004853,4.37,train,4to5,3,0.10735203345744318,0.32907590331337583,0.4502246984284831,0.09175016003055528,0.021597204770142594,4to5
1237,1238,OADMET-0004852,5.61,train,5to6,2,0.06053135013684835,0.24827619739646695,0.5220530493022079,0.13605872931923305,0.03308067384524376,4to5
1238,1239,OADMET-0004851,4.86,train,4to5,4,0.012484430171523607,0.09364923665379138,0.5665303220888611,0.3018498308231019,0.02548618026272198,4to5
1239,1240,OADMET-0004850,5.0,train,4to5,1,0.0006295961013906462,0.009044842510765295,0.3404084039223305,0.5307655763997088,0.1191515810658048,5to6
1240,1241,OADMET-0004849,4.3,train,4to5,2,0.06216884527983112,0.41584892395743756,0.4410342099475944,0.06773123618919108,0.013216784625945856,4to5
1241,1242,OADMET-0004848,4.81,train,4to5,2,0.0016140689386657974,0.005826297938164861,0.11651701992883272,0.5173269737918856,0.35871563940245094,5to6
1242,1243,OADMET-0004847,4.48,train,4to5,0,0.0025043605715195424,0.03066031191605821,0.4829786010517549,0.42638378352578854,0.057472942934878785,4to5
1243,1244,OADMET-0004846,4.95,train,4to5,0,0.00014323373176907054,0.0009650748784926879,0.06582713192753123,0.529442017587539,0.4036225418746681,5to6
1244,1245,OADMET-0004845,5.4,train,5to6,2,0.017672394379043138,0.05388686887413413,0.3992680095531563,0.4171787275035249,0.11199399969014155,5to6
1245,1246,OADMET-0004844,5.37,train,5to6,0,0.0003283755417175345,0.004333598423955585,0.22499253747393438,0.6085925536389232,0.16175293492146936,5to6
1246,1247,OADMET-0004843,5.24,train,5to6,4,0.0928022637963295,0.38541996479034424,0.4016641676425934,0.08380133658647537,0.03631226718425751,4to5
1247,1248,OADMET-0004842,5.11,train,5to6,2,0.0008639081193445941,0.0044695058194890724,0.13205973338940305,0.5863660963513255,0.27624075632043776,5to6
1248,1249,OADMET-0004841,5.41,train,5to6,0,0.008683218661151914,0.03672010841183415,0.2501546752180656,0.49610638849486777,0.20833560921408054,5to6
1249,1250,OADMET-0004840,4.95,train,4to5,0,0.020300613035613608,0.14630838738092972,0.5922212998196792,0.2113126892528899,0.0298570105108876,4to5
1250,1251,OADMET-0004839,5.06,train,5to6,2,0.05929168793745244,0.14370992137298338,0.4574470017501562,0.23600353735669535,0.10354785158271261,4to5
1251,1252,OADMET-0004838,5.09,train,5to6,2,0.00499080657070472,0.02865550161080893,0.45932919628316554,0.4372181986822654,0.0698062968530554,4to5
1252,1253,OADMET-0004837,5.37,train,5to6,2,0.001454978182214397,0.008377703447933147,0.23957813160595803,0.577774438179357,0.17281474858453738,5to6
1253,1254,OADMET-0004836,4.11,train,4to5,0,0.05835833530928944,0.11985241144565667,0.3849483516428251,0.28933209827539547,0.14750880332683333,4to5
1254,1255,OADMET-0004835,5.28,train,5to6,0,0.00065690491174875,0.006992982359770323,0.3099312333266459,0.5733542759031098,0.10906460349872515,5to6
1255,1256,OADMET-0004834,4.64,train,4to5,0,0.014847272393747479,0.055830181840894916,0.42019329375070125,0.40970964117285025,0.09941961084180609,4to5
1256,1257,OADMET-0004833,5.21,train,5to6,3,0.0018323887429357556,0.0060380037733482805,0.11023204343007535,0.44094551867242576,0.44095204538121485,gte6
1257,1258,OADMET-0004832,4.81,train,4to5,0,0.0014395342070915435,0.00711635062788689,0.16893145007385751,0.5595388864565066,0.2629737786346575,5to6
1258,1259,OADMET-0004831,4.42,train,4to5,3,0.003534056963665688,0.03451682418250146,0.4994982774673141,0.4128233540491033,0.049627487337415406,4to5
1259,1260,OADMET-0004830,4.67,train,4to5,2,0.002368870430173719,0.018290752591844248,0.44118479007227174,0.4775708628011121,0.060584724104598156,5to6
1260,1261,OADMET-0004829,4.49,train,4to5,3,0.22468949050429,0.48508568336154434,0.22949556248964603,0.03276256044144396,0.02796670320307569,3to4
1261,1262,OADMET-0004828,4.46,train,4to5,0,0.045708815987682165,0.172117097242358,0.49492751998907863,0.21459488330861684,0.07265168347226438,4to5
1262,1263,OADMET-0004827,4.97,train,4to5,0,0.003096291795372963,0.016362225636839867,0.3288918733596802,0.5053941011428833,0.1462555080652237,5to6
1263,1264,OADMET-0004826,5.03,train,5to6,2,0.019058866426348686,0.18630792200565338,0.6244903206825256,0.15412086248397827,0.016022028401494026,4to5
1264,1265,OADMET-0004825,5.3,train,5to6,1,0.003910305529732425,0.019944271509247255,0.21709572253911708,0.4883460211345288,0.27070367928737443,5to6
1265,1266,OADMET-0004824,4.13,train,4to5,1,0.003622154758423808,0.026375100571220642,0.44432250441967197,0.42256925394589756,0.10311098630478603,4to5
1266,1267,OADMET-0004823,4.24,train,4to5,1,0.0001189611417733188,0.0018337109124765634,0.1461960598461631,0.584629624928264,0.267221643171323,5to6
1267,1268,OADMET-0004822,3.92,train,3to4,4,0.3105324518327879,0.49526608174765885,0.15470552502090307,0.019666638298580938,0.01982930310006925,3to4
1268,1269,OADMET-0004821,4.73,train,4to5,3,0.0006030640721165128,0.002183484351495305,0.04640416369563273,0.376602585305264,0.5742067025754914,gte6
1269,1270,OADMET-0004820,4.93,train,4to5,0,0.013524122133132156,0.04871132079627154,0.3553607357930918,0.4378682244459324,0.14453559683157216,5to6
1270,1271,OADMET-0004819,4.63,train,4to5,4,0.17307468227240444,0.7171336585205554,0.10443613806866087,0.00449945890796072,0.0008560622304184885,3to4
1271,1272,OADMET-0004818,4.88,train,4to5,2,0.022662069442791113,0.10737842086415249,0.5511791203026158,0.27374378328501175,0.04503660610542875,4to5
1272,1273,OADMET-0004817,4.78,train,4to5,1,0.00764566911553862,0.03880769245931878,0.4080743939477006,0.4000241015097686,0.14544814296767342,4to5
1273,1274,OADMET-0004816,4.64,train,4to5,4,0.0013339149533986281,0.004030825754806326,0.11327937945556497,0.45245864812485753,0.4288972317113725,5to6
1274,1275,OADMET-0004815,4.8,train,4to5,3,0.06479961729573826,0.39266702843392914,0.46663254307194085,0.06425959180020709,0.011641219398184665,4to5
1275,1276,OADMET-0004814,4.83,train,4to5,0,0.021584185657671045,0.08951299949113654,0.43798164392351596,0.32916860178414054,0.12175256914353595,4to5
1276,1277,OADMET-0004813,5.17,train,5to6,1,0.00014204902494248164,0.0010252453733329628,0.06328669718214487,0.46185760104676477,0.4736884073728149,gte6
1277,1278,OADMET-0004812,4.72,train,4to5,2,0.02831904834417539,0.20299490212079868,0.6018023018163169,0.14875124699671513,0.01813250072199387,4to5
1278,1279,OADMET-0004811,4.76,train,4to5,0,0.0012322298868811187,0.01983366372324158,0.528014726001951,0.41357359800473803,0.037345782383188246,4to5
1279,1280,OADMET-0004810,4.49,train,4to5,2,0.08866061154636688,0.3561288071928515,0.45491894486465934,0.0801421765964567,0.02014945979966555,4to5
1280,1281,OADMET-0004809,4.53,train,4to5,4,0.0077021368169522255,0.1390259105882419,0.648171240920708,0.19708405279068794,0.008016658883409947,4to5
1281,1282,OADMET-0004808,4.51,train,4to5,4,0.008157524409403946,0.03790913209734042,0.4623186661483881,0.4264352389140046,0.06517943843086292,4to5
1282,1283,OADMET-0004807,4.59,train,4to5,4,0.0010468344657729484,0.013882303908250395,0.4661036219083914,0.4785938044534098,0.04037343526417545,5to6
1283,1284,OADMET-0004806,4.11,train,4to5,0,0.2122152362714939,0.5455775638484999,0.19870258071998975,0.02891406673630246,0.014590552423713958,3to4
1284,1285,OADMET-0004805,5.0,train,4to5,0,0.03283130401992279,0.1422301839458211,0.4974885918012901,0.24914270825045337,0.07830721198251256,4to5
1285,1286,OADMET-0004804,4.67,train,4to5,2,0.07425858246367982,0.17016221963231756,0.421816716085748,0.23136911313315733,0.1023933686850973,4to5
1286,1287,OADMET-0004803,5.2,train,5to6,4,0.0023652753213834064,0.012286321443115495,0.2532231845441935,0.5574863636119122,0.1746388550793954,5to6
1287,1288,OADMET-0004802,4.67,train,4to5,0,0.014352717218609824,0.11807063766375665,0.5701252957519373,0.26555887717934007,0.03189247218635621,4to5
1288,1289,OADMET-0004801,4.99,train,4to5,2,0.025656760120094636,0.04963883098437682,0.25882734353905984,0.3821951526253489,0.2836819127311198,5to6
1289,1290,OADMET-0004800,4.44,train,4to5,2,0.0023198302439781356,0.02244224964914593,0.4358093453723754,0.481747271088584,0.057681303645916504,5to6
1290,1291,OADMET-0004799,5.38,train,5to6,2,0.0006741298907818381,0.009564887184425665,0.43959042892343236,0.5157680216061572,0.034402532395202905,5to6
1291,1292,OADMET-0004798,4.63,train,4to5,3,0.004748873377227236,0.03203903114766604,0.45313638111102295,0.4436407652226033,0.0664349491414804,4to5
1292,1293,OADMET-0004797,5.19,train,5to6,1,9.7564809539066e-05,0.0009399234191422133,0.056994763626439765,0.4688177816251678,0.47314996651971114,gte6
1293,1294,OADMET-0004796,4.72,train,4to5,3,0.6279374279626586,0.2843283051819455,0.02618127344544238,0.008353213532904899,0.05319977987704857,lt3
1294,1295,OADMET-0004795,4.66,train,4to5,2,0.007362533548676773,0.035528125763974065,0.44732551079552324,0.4135902964040572,0.09619353348776874,4to5
1295,1296,OADMET-0004794,4.58,train,4to5,2,0.004158068339875048,0.03324770095671003,0.458838897899269,0.4310002214573266,0.07275511134681933,4to5
1296,1297,OADMET-0004793,4.66,train,4to5,0,0.0012701754475992761,0.016611086227853438,0.4542804366735934,0.4797969467190052,0.048041354931948735,5to6
1297,1298,OADMET-0004792,4.04,train,4to5,1,0.08485155724247977,0.4075664126106574,0.4176407311543122,0.07013127220350092,0.01981002678904972,4to5
1298,1299,OADMET-0004791,4.79,train,4to5,0,0.0028821980548590746,0.012372358156809581,0.2754288699728131,0.5293553636720447,0.1799612101434735,5to6
1299,1300,OADMET-0004790,5.31,train,5to6,2,0.05956756767388938,0.1474591603472203,0.45873851021666157,0.2450502697415851,0.08918449202064366,4to5
1300,1301,OADMET-0004789,5.06,train,5to6,2,0.00039562375198323876,0.002327398330308283,0.07710380631186856,0.4977438307170036,0.42242934088883627,5to6
1301,1302,OADMET-0004788,5.12,train,5to6,1,0.0010000376317177671,0.007558581283779173,0.26764356610166035,0.5435833237469392,0.1802144912359035,5to6
1302,1303,OADMET-0004787,4.75,train,4to5,3,0.007573666442629418,0.09806664937203767,0.6498647268641929,0.2285993821916231,0.01589557512951685,4to5
1303,1304,OADMET-0004786,5.01,train,5to6,4,0.0002986289074211324,0.0028561281862575266,0.23005961168951977,0.6308671910851852,0.13591844013161639,5to6
1304,1305,OADMET-0004785,4.37,train,4to5,4,0.0015417062842563002,0.008103760046133064,0.28981000495405407,0.5517368375742563,0.14880769114130032,5to6
1305,1306,OADMET-0004784,4.73,train,4to5,1,0.05236597434214835,0.33291445271318626,0.5133681601700766,0.08886635543699592,0.012485057337592824,4to5
1306,1307,OADMET-0004783,4.91,train,4to5,4,0.0003575741126182702,0.0053359842671298514,0.27315261863837176,0.5879460552491518,0.13320776773272838,5to6
1307,1308,OADMET-0004782,4.22,train,4to5,4,0.029883703272573097,0.20620766320490774,0.5826210986499136,0.15917995601739726,0.022107578855208268,4to5
1308,1309,OADMET-0004781,4.7,train,4to5,0,0.008473575880802149,0.04263779065069407,0.4345782910230159,0.41680093784553957,0.09750940459994832,4to5
1309,1310,OADMET-0004780,5.58,train,5to6,0,0.04659265227698551,0.277598467347043,0.5242791117249529,0.12951704714987003,0.022012721501148625,4to5
1310,1311,OADMET-0004779,4.93,train,4to5,0,0.013493301737856143,0.05527167545940537,0.3387647731538068,0.4462180853007569,0.14625216434817476,5to6
1311,1312,OADMET-0004778,4.74,train,4to5,0,0.007182740049654099,0.03302940898542004,0.3277109734265269,0.480232055199328,0.151844822339071,5to6
1312,1313,OADMET-0004777,4.93,train,4to5,1,0.000174191530372118,0.001552719133712887,0.09936693160500375,0.5093557161567065,0.38955044157420476,5to6
1313,1314,OADMET-0004776,4.98,train,4to5,0,0.0008065017840113038,0.008268622768613319,0.23865992082268034,0.5778277577242595,0.17443719690043552,5to6
1314,1315,OADMET-0004775,5.16,train,5to6,4,0.03062167640186556,0.04499743598508052,0.25893551641756796,0.3159892623794859,0.3494561088160001,gte6
1315,1316,OADMET-0004774,4.72,train,4to5,3,0.0026056952968664115,0.021342475126255117,0.35029325150171853,0.5424498956087969,0.08330868246636303,5to6
1316,1317,OADMET-0004773,4.76,train,4to5,2,0.1215885579586029,0.2522330582141876,0.3893083930015564,0.16604828834533691,0.07082170248031616,4to5
1317,1318,OADMET-0004772,4.68,train,4to5,4,0.033747586347234654,0.10423148857857321,0.5260774336434175,0.275947860600118,0.059995630830656566,4to5
1318,1319,OADMET-0004771,4.63,train,4to5,0,0.04854848771146085,0.17654128964570018,0.46211947559965877,0.24839729903480295,0.06439344800837722,4to5
1319,1320,OADMET-0004770,4.15,train,4to5,2,0.007048828104340828,0.03276694213318184,0.35633412219227456,0.48466146285673556,0.11918864471346717,5to6
1320,1321,OADMET-0004769,4.76,train,4to5,0,0.013990790042768885,0.15859123017428153,0.6359083830167087,0.16423663955843001,0.0272729572078108,4to5
1321,1322,OADMET-0004768,4.58,train,4to5,4,0.0007274689811525119,0.009643558360025374,0.3533138613442714,0.5545293658432923,0.08178574547125841,5to6
1322,1323,OADMET-0004767,5.32,train,5to6,1,0.00834975729939591,0.046017138264371,0.46141968266808797,0.37905256387003433,0.10516085789811076,4to5
1323,1324,OADMET-0004766,3.97,train,3to4,1,0.03637212125411201,0.2575856733248305,0.5642607781837659,0.12642022908469555,0.01536119815259614,4to5
1324,1325,OADMET-0004765,4.85,train,4to5,3,0.000521944971580576,0.0056148825435838115,0.2455297203646019,0.5905771474812773,0.15775630463895635,5to6
1325,1326,OADMET-0004764,4.95,train,4to5,0,0.011201804524663472,0.07503652586608478,0.5631409297942015,0.3117859369363374,0.03883480287871287,4to5
1326,1327,OADMET-0004763,4.91,train,4to5,3,0.026401526930911166,0.21722705419480368,0.5993789963493609,0.13802511835815254,0.0189673041667718,4to5
1327,1328,OADMET-0004762,4.8,train,4to5,3,0.00033370789804252596,0.0039885319074866275,0.2551980927836968,0.6191260255378935,0.12135364187288049,5to6
1328,1329,OADMET-0004761,4.61,train,4to5,1,0.005349127565791593,0.04782538479599099,0.538858412692587,0.35941597752381865,0.04855109742181171,4to5
1329,1330,OADMET-0004760,5.27,train,5to6,0,0.020636546916425667,0.11577885650809425,0.5745765962811822,0.24687412592459965,0.0421338743696983,4to5
1330,1331,OADMET-0004759,4.96,train,4to5,1,0.0012316054287785125,0.014673901827747691,0.38370058217428576,0.49681210876469856,0.10358180180448942,5to6
1331,1332,OADMET-0004758,4.96,train,4to5,2,0.004099804392902813,0.02967434305185768,0.4930042230872999,0.4313317677147339,0.04188986175320571,4to5
1332,1333,OADMET-0004757,4.55,train,4to5,4,0.0002444096158067844,0.002374906869724019,0.17635171458398452,0.6087623438627972,0.2122666250676875,5to6
1333,1334,OADMET-0004756,4.5,train,4to5,4,0.0006162930675664133,0.01112184702938647,0.3795517783330583,0.5384751700602779,0.07023491150971094,5to6
1334,1335,OADMET-0004755,5.18,train,5to6,4,0.0018173181623776654,0.00458520625828978,0.07145576533945813,0.390885123130269,0.5312565871096054,gte6
1335,1336,OADMET-0004754,4.82,train,4to5,2,0.043375580856567904,0.10060751288223993,0.3963972867072033,0.27510922737256843,0.18451039218142043,4to5
1336,1337,OADMET-0004753,5.06,train,5to6,3,0.003944803632730745,0.026635757646375255,0.31163991585978945,0.4583313029142319,0.19944821994687267,5to6
1337,1338,OADMET-0004752,4.45,train,4to5,1,0.020217010337138335,0.09056599252628923,0.567175317110627,0.27791317727967174,0.04412850274627371,4to5
1338,1339,OADMET-0004751,4.99,train,4to5,4,0.1190566418337512,0.3417662971806409,0.4278264633792891,0.08646448685514836,0.02488611075117046,4to5
1339,1340,OADMET-0004750,3.92,train,3to4,0,0.028831274374445683,0.2033207657750482,0.5724469859400675,0.1560199962178246,0.039380977692614,4to5
1340,1341,OADMET-0004749,4.26,train,4to5,0,0.004167889087784274,0.04665274890967974,0.5074566382382091,0.39080592903222083,0.050916794732106085,4to5
1341,1342,OADMET-0004748,5.11,train,5to6,0,0.0010301394972643755,0.014844517990687256,0.4031491533039173,0.5133602562396293,0.06761593296850174,5to6
1342,1343,OADMET-0004747,4.69,train,4to5,4,0.013977069270425687,0.07345215648466866,0.6167938463617345,0.2522670173908473,0.04350991049232384,4to5
1343,1344,OADMET-0004746,5.04,train,5to6,1,0.016192653755648996,0.090705221185148,0.5515541300732574,0.27787926120230855,0.0636687337836371,4to5
1344,1345,OADMET-0004745,4.35,train,4to5,2,0.05202579488600456,0.26864564368753574,0.5375498523236255,0.123256645867123,0.01852206323571119,4to5
1345,1346,OADMET-0004744,4.4,train,4to5,3,0.007664502853431893,0.06950924354556698,0.550012454180636,0.31698804222871807,0.055825757191646994,4to5
1346,1347,OADMET-0004743,4.97,train,4to5,2,0.004239782079516303,0.04095857154358579,0.5563014569323678,0.36406054858947584,0.034439640855054285,4to5
1347,1348,OADMET-0004742,4.98,train,4to5,1,0.02010309178593384,0.1282397385884768,0.5993996981408385,0.21850386709634687,0.03375360438840398,4to5
1348,1349,OADMET-0004741,4.94,train,4to5,1,0.00243740347097448,0.01853447255742685,0.33757147821730893,0.47689632469595084,0.1645603210583389,5to6
1349,1350,OADMET-0004740,4.81,train,4to5,1,0.029691562647175155,0.18879925395849562,0.5567183852111495,0.17968913142969828,0.04510166675348145,4to5
1350,1351,OADMET-0004739,4.77,train,4to5,0,0.018648581544591893,0.12241247273532213,0.5342922796787838,0.27831560321465953,0.04633106282664265,4to5
1351,1352,OADMET-0004738,4.31,train,4to5,3,0.205371878076007,0.38387133098175885,0.262855876641666,0.057985485949216986,0.0899154283513512,3to4
1352,1353,OADMET-0004737,4.78,train,4to5,1,0.016909398390492773,0.11461531541668349,0.5596652114341439,0.23872761784088042,0.07008245691779937,4to5
1353,1354,OADMET-0004736,4.33,train,4to5,1,0.01158292792938742,0.05731311515195631,0.4277177508809124,0.32622892089859107,0.17715728513915277,4to5
1354,1355,OADMET-0004735,4.25,train,4to5,1,0.021852961614398283,0.10867922226775478,0.5360832550783369,0.27933170038717947,0.05405286065233056,4to5
1355,1356,OADMET-0004734,4.61,train,4to5,2,0.0011858432537142514,0.011213965698312085,0.3574343318714281,0.5588302604497919,0.07133559872675371,5to6
1356,1357,OADMET-0004733,4.23,train,4to5,3,0.0203211113611464,0.11622816952060333,0.5405021005767601,0.2645149671862536,0.058433651355236566,4to5
1357,1358,OADMET-0004732,4.95,train,4to5,2,0.015754321560721245,0.07108803825250261,0.49019941596277167,0.37405785848562073,0.048900365738383744,4to5
1358,1359,OADMET-0004731,5.25,train,5to6,0,0.013210160190252507,0.09317800817939982,0.5123521504277534,0.28611170233018257,0.0951479788724117,4to5
1359,1360,OADMET-0004730,5.33,train,5to6,0,0.0011316905086551597,0.006859813892796033,0.20852478154002532,0.584766891160253,0.1987168228982704,5to6
1360,1361,OADMET-0004729,3.95,train,3to4,1,0.023140117526054382,0.0799238383769989,0.42891475558280945,0.3291768431663513,0.13884444534778595,4to5
1361,1362,OADMET-0004728,4.34,train,4to5,0,0.11085893711017958,0.38905238235624773,0.3801745687386117,0.07531334291443208,0.044600768880528906,3to4
1362,1363,OADMET-0004727,5.01,train,5to6,0,0.0023517949748251728,0.021495266692829022,0.4487264531940963,0.4605052244927263,0.0669212606455232,5to6
1363,1364,OADMET-0004726,4.89,train,4to5,0,0.00044870238773782697,0.00439315465486648,0.1823176848958426,0.5978144866739059,0.21502597138764723,5to6
1364,1365,OADMET-0004725,4.38,train,4to5,3,0.013840673865172586,0.1521310251316053,0.6355116538981329,0.18410651883025564,0.014410128274833523,4to5
1365,1366,OADMET-0004724,4.43,train,4to5,2,0.014141527360138706,0.057832726800333356,0.4405041447781137,0.4117765530179878,0.0757450480434264,4to5
1366,1367,OADMET-0004723,4.31,train,4to5,0,0.08076276810682047,0.16679250076694416,0.364429601231879,0.257923489613611,0.13009164028074532,4to5
1367,1368,OADMET-0004722,4.49,train,4to5,4,0.01531754774847492,0.029985699140825366,0.31899665083443374,0.3532515905702658,0.2824485117060002,5to6
1368,1369,OADMET-0004721,5.41,train,5to6,0,0.00380345343113447,0.023841294075738012,0.30723626706400065,0.5072393733505784,0.1578796120785484,5to6
1369,1370,OADMET-0004720,4.59,train,4to5,0,0.17308062331106572,0.5719165211281894,0.215702787242553,0.0279322322718168,0.011367836046375182,3to4
1370,1371,OADMET-0004719,4.64,train,4to5,4,0.027470171830365465,0.11013107151947715,0.5077573382762022,0.267648146000139,0.08699327237381618,4to5
1371,1372,OADMET-0004718,4.38,train,4to5,1,0.00020432491555671655,0.002237221810056561,0.13225241818488565,0.5217599005620093,0.3435461345274918,5to6
1372,1373,OADMET-0004717,4.68,train,4to5,1,0.10728097067588742,0.5584755803063166,0.3000182032574294,0.02642092137510053,0.007804324385266043,3to4
1373,1374,OADMET-0004716,4.29,train,4to5,3,0.23622980009824635,0.3243216179513449,0.2866803620254886,0.0863760087974069,0.06639221112751331,3to4
1374,1375,OADMET-0004715,5.04,train,5to6,2,0.005073736785831544,0.0276676802012556,0.4114330030551091,0.47024517309826686,0.08558040685953688,5to6
1375,1376,OADMET-0004714,4.41,train,4to5,1,0.004239509730572156,0.025885560974854248,0.39045473169577366,0.42370917564454236,0.15571102195425754,5to6
1376,1377,OADMET-0004713,3.82,train,3to4,2,0.025986108348084055,0.14787836042318434,0.5697674623928787,0.21993106112038208,0.03643700771547092,4to5
1377,1378,OADMET-0004712,4.39,train,4to5,1,0.0030320260426414595,0.042058526480591114,0.580870733906528,0.33566369817079195,0.038375015399447515,4to5
1378,1379,OADMET-0004711,4.9,train,4to5,4,0.0003577205404123928,0.004974742491830614,0.3046621426215984,0.6027789798966369,0.08722641444952174,5to6
1379,1380,OADMET-0004710,4.56,train,4to5,3,0.041581219375833145,0.1424904412593528,0.4941977376417168,0.23879190389842153,0.08293869782467567,4to5
1380,1381,OADMET-0004709,4.48,train,4to5,3,0.0506049776111742,0.1944573263940964,0.5136735748309507,0.16767606692336126,0.07358805424041744,4to5
1381,1382,OADMET-0004708,4.97,train,4to5,1,0.00029045273915036767,0.0028429061997488456,0.18184168865425773,0.5576558183211401,0.257369134085703,5to6
1382,1383,OADMET-0004707,4.93,train,4to5,4,0.0030219394240942926,0.00362054398199065,0.05354402213042043,0.34646010390798093,0.5933533905555137,gte6
1383,1384,OADMET-0004706,4.44,train,4to5,1,0.005776201767866757,0.07745578787694393,0.6245179097810837,0.25557696497972215,0.0366731355943835,4to5
1384,1385,OADMET-0004705,4.66,train,4to5,1,0.012043639635796046,0.06547558606444273,0.4899490103195435,0.32492180161286915,0.10760996236734852,4to5
1385,1386,OADMET-0004704,4.75,train,4to5,0,0.0002677334162407256,0.0035513004341265423,0.23264220696834345,0.6156396359743986,0.14789912320689064,5to6
1386,1387,OADMET-0004703,4.79,train,4to5,0,0.001473700220354143,0.03125662480332568,0.599627458941347,0.3446790712409285,0.022963144794044692,4to5
1387,1388,OADMET-0004702,4.85,train,4to5,3,0.06117245691655107,0.19734116339701036,0.4806170570988295,0.17175561573555206,0.08911370685205698,4to5
1388,1389,OADMET-0004701,4.89,train,4to5,2,0.005608881609547747,0.030582737872477384,0.3976313021938471,0.4938071181568393,0.07236996016728844,5to6
1389,1390,OADMET-0004700,5.36,train,5to6,4,0.0013749586233328794,0.019475137223139077,0.4799385819043999,0.46605692877889865,0.0331543934702295,4to5
1390,1391,OADMET-0004699,5.04,train,5to6,3,0.026079819577925635,0.15641940222752848,0.5431346499597524,0.23676038670392285,0.03760574153087071,4to5
1391,1392,OADMET-0004698,4.23,train,4to5,1,0.07401009269938329,0.3507186888814644,0.4774082356528817,0.08368171322858499,0.014181269537685602,4to5
1392,1393,OADMET-0004697,5.03,train,5to6,3,0.002658329494122801,0.01346610700989832,0.3147128290320175,0.5310343615228992,0.13812837294106223,5to6
1393,1394,OADMET-0004696,4.21,train,4to5,0,0.04888664104048206,0.3209446316799118,0.5095813785004757,0.10597341330021486,0.01461393547891561,4to5
1394,1395,OADMET-0004695,5.2,train,5to6,0,0.01169912885241535,0.11130165267250816,0.6212153411611343,0.2327238312634683,0.023060046050473876,4to5
1395,1396,OADMET-0004694,4.76,train,4to5,0,0.009095122207587607,0.06895372387257875,0.6003073502051455,0.282387528872138,0.03925627484255011,4to5
1396,1397,OADMET-0004693,4.66,train,4to5,2,0.0010045018620218665,0.005504276789927919,0.1843880030392796,0.5614393543660235,0.24766386394274706,5to6
1397,1398,OADMET-0004692,4.35,train,4to5,0,0.04066732952738583,0.2459476844783821,0.5386577423221894,0.14191112302193945,0.03281612065010319,4to5
1398,1399,OADMET-0004691,4.13,train,4to5,2,0.02988129695766882,0.1090053553600363,0.5026937769976796,0.2794230010306742,0.07899656965394103,4to5
1399,1400,OADMET-0004690,4.79,train,4to5,0,0.008881091247735718,0.07011979158181444,0.5676671335284345,0.30578744781691286,0.04754453582510256,4to5
1400,1401,OADMET-0004689,4.22,train,4to5,2,0.010096935649373901,0.060991757186052924,0.533218090731819,0.3398386867701885,0.055854529662565607,4to5
1401,1402,OADMET-0004688,4.48,train,4to5,2,0.022036914603297212,0.10250650728145641,0.5663288446638303,0.2529893313716848,0.0561384020797313,4to5
1402,1403,OADMET-0004687,4.05,train,4to5,2,0.005303432129908283,0.02718792057508013,0.40491887135124177,0.46247481395306894,0.10011496199070084,5to6
1403,1404,OADMET-0004686,4.89,train,4to5,0,0.003125072328836487,0.01456841301078892,0.27518846457051815,0.5060115845273159,0.20110646556254058,5to6
1404,1405,OADMET-0004685,4.63,train,4to5,3,0.004548678451761426,0.011369453271906199,0.20516107126170055,0.523687638990488,0.25523315802414387,5to6
1405,1406,OADMET-0004684,5.0,train,4to5,0,0.06389519953103062,0.13714119119293638,0.2109806216347588,0.2767608032680037,0.31122218437327054,gte6
1406,1407,OADMET-0004683,5.31,train,5to6,2,0.016843162288779443,0.05549960148893742,0.40201958564647006,0.3851686673033759,0.1404689832724372,4to5
1407,1408,OADMET-0004682,4.88,train,4to5,4,0.0002958620815762668,0.003102733201270927,0.26048725115636595,0.6295250478333314,0.10658910572745542,5to6
1408,1409,OADMET-0004681,4.84,train,4to5,1,0.004410337110979879,0.03421498027891655,0.46882938487252873,0.3904555369039225,0.10208976083365237,4to5
1409,1410,OADMET-0004680,5.15,train,5to6,2,0.022109106255933632,0.143299472956127,0.5888028064253403,0.20818832849124713,0.03760028587135195,4to5
1410,1411,OADMET-0004679,5.23,train,5to6,3,0.024777138190354698,0.06983833642947482,0.36595787984575906,0.3806580539309932,0.15876859160341822,5to6
1411,1412,OADMET-0004678,5.08,train,5to6,3,0.1968211514606354,0.5512869727729466,0.19827826160568263,0.028685368658366187,0.024928245502369176,3to4
1412,1413,OADMET-0004677,3.93,train,3to4,4,0.19674612728317176,0.2487885076462366,0.19041282080421462,0.07366610373307841,0.29038644053329854,gte6
1413,1414,OADMET-0004673,4.78,train,4to5,2,0.640744154309637,0.3301302516446537,0.010305049903564283,0.0023371365555681367,0.016483407586576796,lt3
1414,1415,OADMET-0004662,4.63,train,4to5,1,0.0004928300424340187,0.007181203634862735,0.3195611109761353,0.5324607873066058,0.14030406803996215,5to6
1415,1416,OADMET-0004653,4.72,train,4to5,4,0.06146801750116083,0.08454728284007465,0.3718225727197262,0.28490257793856,0.19725954900047832,4to5
1416,1417,OADMET-0004642,4.65,train,4to5,2,0.017370325002473267,0.1135233891677187,0.6080419568429616,0.23436087937409325,0.02670344961275318,4to5
1417,1418,OADMET-0004629,4.41,train,4to5,3,0.0022719939514698343,0.029774434004903347,0.5375277840873587,0.4000588539970811,0.03036693395918705,4to5
1418,1419,OADMET-0004628,4.15,train,4to5,1,0.11598115619611178,0.511335083949721,0.3209928330954759,0.04214008227052313,0.009550844488168177,3to4
1419,1420,OADMET-0004625,4.72,train,4to5,2,0.03645105219537295,0.13928124049154594,0.5458472865475847,0.24222872700116174,0.03619169376433466,4to5
1420,1421,OADMET-0004617,4.99,train,4to5,3,0.028695475016115024,0.23306369542730912,0.6049783167850585,0.12098494793210697,0.012277564839410397,4to5
1421,1422,OADMET-0004611,4.66,train,4to5,3,0.047019256999842975,0.2818949973506898,0.5511243646185263,0.10450842805765313,0.015452952973287762,4to5
1422,1423,OADMET-0004605,4.95,train,4to5,1,0.03365591287042113,0.23541244578696033,0.5929706245375606,0.12358542344493857,0.014375593360119442,4to5
1423,1424,OADMET-0004590,5.48,train,5to6,3,0.006288704720093853,0.0637711265460821,0.57280449165538,0.3292370329723557,0.027898644106088333,4to5
1424,1425,OADMET-0004588,4.85,train,4to5,3,0.08462741829148165,0.3270947878363485,0.463118932828176,0.09841994776245294,0.026738913281540908,4to5
1425,1426,OADMET-0004581,4.76,train,4to5,1,0.1253878385485376,0.3914389929274437,0.38181418458197447,0.0770029073094754,0.024356076632568776,3to4
1426,1427,OADMET-0004579,4.65,train,4to5,1,0.26960094691223646,0.42575642499838795,0.22012922235747884,0.049857858372104574,0.03465554735979214,3to4
1427,1428,OADMET-0004577,4.8,train,4to5,2,0.08297028704887621,0.18101940105009223,0.44059643831718664,0.19019896290158675,0.1052149106822582,4to5
1428,1429,OADMET-0004575,4.36,train,4to5,0,0.0009184724294678527,0.003964622552086541,0.034072403269282674,0.2952707444920223,0.6657737572571406,gte6
1429,1430,OADMET-0004570,5.04,train,5to6,2,0.0017775476357600418,0.01719338997242479,0.4587547160606251,0.4749637818955259,0.047310564435664136,5to6
1430,1431,OADMET-0004567,4.92,train,4to5,0,0.0023274206035424207,0.020746686132598696,0.5189577613303717,0.41522729786091583,0.04274083407257136,4to5
1431,1432,OADMET-0004566,4.71,train,4to5,2,0.021194568022310182,0.10450170247537104,0.5349324375480363,0.2883327917475223,0.05103850020676013,4to5
1432,1433,OADMET-0004560,5.02,train,5to6,0,0.00033547903411998355,0.006361474194911375,0.41756176370081377,0.5283011720902473,0.04744011097990754,5to6
1433,1434,OADMET-0004551,4.43,train,4to5,4,0.00987406060287266,0.03676268403585726,0.4866003023594573,0.37557264602821105,0.09119030697360177,4to5
1434,1435,OADMET-0004547,4.12,train,4to5,4,0.1546192050417916,0.40398199156264014,0.37199670803913,0.05622871330082694,0.01317338205561137,3to4
1435,1436,OADMET-0004514,5.26,train,5to6,2,0.0026736845415428864,0.011662203563351344,0.18016632945775427,0.5520238004284739,0.25347398200887755,5to6
1436,1437,OADMET-0004510,4.78,train,4to5,2,0.028998521925889763,0.12543271411899823,0.5633811323155772,0.23080170025601032,0.05138593138352447,4to5
1437,1438,OADMET-0004498,5.18,train,5to6,4,9.392602453179745e-05,0.0010274536522001043,0.13351720070338896,0.6080425153421577,0.2573189042777214,5to6
1438,1439,OADMET-0004490,5.01,train,5to6,0,0.012794265056938247,0.05190795103498743,0.4765532189845811,0.35925583356151125,0.09948873136198197,4to5
1439,1440,OADMET-0004489,5.41,train,5to6,3,0.05487124126692322,0.05940618605748893,0.12952638873026395,0.2679523169706989,0.48824386697462496,gte6
1440,1441,OADMET-0004478,5.41,train,5to6,0,0.07044440990520977,0.09285771500849295,0.2863442791125074,0.3175192059010563,0.23283439007273354,5to6
1441,1442,OADMET-0004472,4.86,train,4to5,0,0.005422705412209081,0.04620730956535342,0.5324575396724646,0.3655030194314251,0.05040942591854779,4to5
1442,1443,OADMET-0004458,5.18,train,5to6,4,0.06524724233767656,0.1974035118887559,0.4972008849762001,0.21359883823846787,0.02654952255889956,4to5
1443,1444,OADMET-0004452,4.89,train,4to5,4,0.011987942751014176,0.027123096553881794,0.2697716165335658,0.4289695792325697,0.2621477649289685,5to6
1444,1445,OADMET-0004444,4.36,train,4to5,3,0.1245772312411024,0.3344733702597269,0.4006535693978758,0.09124687280041399,0.04904895630088092,4to5
1445,1446,OADMET-0004442,4.7,train,4to5,1,0.021743571102237333,0.06972884295861814,0.47229879478720654,0.3389212444937812,0.09730754665815676,4to5
1446,1447,OADMET-0004440,4.97,train,4to5,0,0.002805738574372383,0.02058897611400053,0.27604196433216627,0.547015328310729,0.15354799266873181,5to6
1447,1448,OADMET-0004439,4.2,train,4to5,4,0.016457299774876994,0.05603262862392962,0.4424413509883772,0.3906270061851364,0.09444171442767978,4to5
1448,1449,OADMET-0004428,4.61,train,4to5,1,0.013178514720242347,0.07559276814526969,0.5480792898988263,0.2925208987869335,0.07062852844872818,4to5
1449,1450,OADMET-0004419,4.55,train,4to5,0,0.01899089980152548,0.04288918024631797,0.16644709806301897,0.38045178710067906,0.3912210347884585,gte6
1450,1451,OADMET-0004418,5.2,train,5to6,2,0.02982872613412417,0.06736955540740656,0.2926570366078229,0.4021342544952685,0.20801042735537784,5to6
1451,1452,OADMET-0004415,4.17,train,4to5,4,0.06824012909308196,0.30811843562981517,0.4354978244332394,0.15760706511891506,0.030536545724948364,4to5
1452,1453,OADMET-0004413,4.66,train,4to5,2,0.011648617068128562,0.044241649362265906,0.36880214018305957,0.4322255966575279,0.14308199672901808,5to6
1453,1454,OADMET-0004402,4.66,train,4to5,4,0.00480686542534075,0.04035291408774853,0.5257000275702679,0.40411457024216374,0.025025622674479112,4to5
1454,1455,OADMET-0004396,4.57,train,4to5,4,0.020989486687945116,0.12791880452012827,0.5794231142035642,0.24833050776561874,0.023338086822743638,4to5
1455,1456,OADMET-0004394,4.1,train,4to5,1,0.12032181752670222,0.342741378297644,0.41179487481522237,0.0933083311235844,0.03183359823684703,4to5
1456,1457,OADMET-0004388,4.24,train,4to5,4,0.5589356349547404,0.28681909664024846,0.0715163713309642,0.016165254426828063,0.0665636426472189,lt3
1457,1458,OADMET-0004379,4.78,train,4to5,0,0.08670717641439596,0.18593862896079077,0.3874107041456078,0.2294077868411684,0.11053570363803705,4to5
1458,1459,OADMET-0004372,4.82,train,4to5,4,0.006658486947508675,0.05298140958344851,0.5349591910657377,0.37562420544448266,0.029776706958822455,4to5
1459,1460,OADMET-0004349,4.1,train,4to5,2,0.029654367171734267,0.10985596580296723,0.5118845748890617,0.2661737228387382,0.08243136929749856,4to5
1460,1461,OADMET-0004348,4.55,train,4to5,0,0.021455204154281326,0.16598530144614224,0.5628600131028518,0.20254492797431523,0.04715455332240938,4to5
1461,1462,OADMET-0004345,4.53,train,4to5,4,0.028376056145653653,0.13095648708712762,0.5833544189422802,0.209805773662457,0.04750726416248143,4to5
1462,1463,OADMET-0004332,5.42,train,5to6,0,0.48620450578901137,0.3595344209948527,0.0757482826263736,0.02089457834395299,0.057618212245809305,lt3
1463,1464,OADMET-0004327,4.89,train,4to5,2,0.12084060727297355,0.1726046774893302,0.3287046800746816,0.18637005707070145,0.19147997809231315,4to5
1464,1465,OADMET-0004321,5.11,train,5to6,1,0.05468601177567949,0.17438031148380487,0.5323933780508473,0.18520806108835136,0.05333223760131695,4to5
1465,1466,OADMET-0004315,4.04,train,4to5,4,0.015328950434249226,0.08920415598866904,0.5188950959086756,0.33188403054558896,0.0446877671228172,4to5
1466,1467,OADMET-0004313,4.81,train,4to5,4,0.10162148662515538,0.2533740112683699,0.4734733122344066,0.14206644945616442,0.029464740415903704,4to5
1467,1468,OADMET-0004305,5.19,train,5to6,4,0.165094345500517,0.5322318663220259,0.26611074755692715,0.02830103220734553,0.008262008413184418,3to4
1468,1469,OADMET-0004301,4.27,train,4to5,4,0.08122954014627755,0.14598764914237408,0.4070650162418192,0.23425357741873196,0.13146421705079725,4to5
1469,1470,OADMET-0004297,5.04,train,5to6,1,0.0805310684462304,0.21352729280861948,0.5025330800657462,0.170591563621877,0.03281699505752696,4to5
1470,1471,OADMET-0004296,4.71,train,4to5,4,0.19726598613849736,0.5998655211258099,0.1755765128082188,0.017939536727730857,0.009352443199743071,3to4
1471,1472,OADMET-0004294,5.48,train,5to6,4,0.00015138296033641877,0.003303699371390792,0.2984043904476277,0.628868271024515,0.06927225619613009,5to6
1472,1473,OADMET-0004285,4.66,train,4to5,1,0.005650066923212205,0.02707147112588646,0.38387996995124885,0.44602121127267846,0.13737728072697403,5to6
1473,1474,OADMET-0004281,4.85,train,4to5,4,0.06537270951594361,0.4474724894886917,0.43720857019128484,0.0478801776940749,0.002066053110004905,3to4
1474,1475,OADMET-0004280,5.0,train,4to5,4,0.02836081054076126,0.2939779309846589,0.5770367684429304,0.09423585498428715,0.006388635047362253,4to5
1475,1476,OADMET-0004279,4.63,train,4to5,3,0.006508411122393737,0.04650225683129983,0.49525396101825,0.39156465209095453,0.06017071893710193,4to5
1476,1477,OADMET-0004273,4.63,train,4to5,0,6.298364299776827e-05,0.0006410687913813422,0.06445288642854109,0.5546783791736732,0.3801646819634066,5to6
1477,1478,OADMET-0004272,4.23,train,4to5,0,0.010083225734141924,0.06147503216567041,0.4708668970935708,0.3674144809887513,0.09016036401786555,4to5
1478,1479,OADMET-0004270,5.08,train,5to6,2,0.022977235072966205,0.10795960835736322,0.5424006490409978,0.2693054926866193,0.0573570148420534,4to5
1479,1480,OADMET-0004267,4.3,train,4to5,0,0.09058947113517063,0.33363035075317216,0.41000482820013995,0.12104674675698739,0.04472860315452989,4to5
1480,1481,OADMET-0004263,4.98,train,4to5,4,0.2699690819524768,0.22016962364695125,0.216201220814911,0.08127477201688525,0.21238530156877566,lt3
1481,1482,OADMET-0004261,5.0,train,4to5,3,0.008594593844452027,0.03458107214540608,0.3450527440982022,0.4698940449874749,0.14187754492446483,5to6
1482,1483,OADMET-0004259,4.21,train,4to5,0,0.025071139268546924,0.07059134534209098,0.3047123273161991,0.39396263298002526,0.20566255509313772,5to6
1483,1484,OADMET-0004256,5.3,train,5to6,0,0.030660084180791365,0.19960775190635996,0.5720242634182618,0.171213530757494,0.026494369737092845,4to5
1484,1485,OADMET-0004247,4.41,train,4to5,2,0.02563153360146892,0.10353213413669739,0.548011474616676,0.28127625217859864,0.041548605466559085,4to5
1485,1486,OADMET-0004239,4.91,train,4to5,3,0.0019307994021882816,0.014380572990879548,0.32962101846231245,0.5340623992800188,0.12000520986460092,5to6
1486,1487,OADMET-0004238,4.6,train,4to5,0,0.016697341171902726,0.06449172489644509,0.4753478948408316,0.34992694007409697,0.09353609901672362,4to5
1487,1488,OADMET-0004237,4.4,train,4to5,4,0.0008247389900738215,0.002628034206215197,0.08881206040602534,0.4605302201755432,0.44720494622214246,5to6
1488,1489,OADMET-0004225,3.99,train,3to4,3,0.004379059891004717,0.050298479556371595,0.5663720669999386,0.3516930456321588,0.0272573479205263,4to5
1489,1490,OADMET-0004220,4.36,train,4to5,4,0.08529889601161146,0.214568276515747,0.4962910857460873,0.15099905291191215,0.052842688814642026,4to5
1490,1491,OADMET-0004216,4.24,train,4to5,3,0.04158252535735991,0.2797184327577953,0.5639274199110561,0.10405704524447738,0.010714576729311283,4to5
1491,1492,OADMET-0004214,5.24,train,5to6,3,0.0038920574919159316,0.02629831935757646,0.4077090235638362,0.4664746721005836,0.09562592748608782,5to6
1492,1493,OADMET-0004210,5.06,train,5to6,4,0.01999781768776749,0.06791578737944372,0.4105757925641908,0.37008066655782484,0.1314299358107731,4to5
1493,1494,OADMET-0004207,4.22,train,4to5,4,0.07410871402813869,0.18949584670583614,0.5247336811594393,0.16549633638775696,0.04616542171882892,4to5
1494,1495,OADMET-0004205,1.72,train,lt3,0,0.11942041487365343,0.3940981865808638,0.3536668367137486,0.07981548339403445,0.0529990784376997,3to4
1495,1496,OADMET-0004203,5.07,train,5to6,3,0.013567106419230632,0.06033633108242421,0.3876739334033634,0.4310726700982264,0.10734995899675528,5to6
1496,1497,OADMET-0004193,4.62,train,4to5,1,0.00896029724776468,0.03411759776885064,0.373642619944712,0.42410114012564404,0.15917834491302868,5to6
1497,1498,OADMET-0004187,4.73,train,4to5,3,0.014042271931681545,0.1473735837362777,0.6171577440624795,0.20168269738675837,0.01974370288280289,4to5
1498,1499,OADMET-0004182,4.9,train,4to5,2,0.04926792776258478,0.15458415045556034,0.4892230800369324,0.24894701785359857,0.05797782389132393,4to5
1499,1500,OADMET-0004180,4.85,train,4to5,0,0.014365685916394364,0.13185879416202836,0.5786151214497055,0.23479892007337427,0.0403614783984975,4to5
1500,1501,OADMET-0004176,5.07,train,5to6,3,0.07154244064561656,0.2898537468003412,0.49789925575052707,0.11436291592332302,0.02634164088019213,4to5
1501,1502,OADMET-0004172,4.71,train,4to5,3,0.09449325572321754,0.2345165627786261,0.4235988886922515,0.14995980374485107,0.09743148906105376,4to5
1502,1503,OADMET-0004170,5.47,train,5to6,2,0.006311162843513844,0.025378361356155184,0.3580501379249851,0.48909482382661423,0.12116551404873166,5to6
1503,1504,OADMET-0004168,4.79,train,4to5,4,0.03713706025072753,0.10717320867856715,0.49589698028871476,0.2758007265388749,0.08399202424311565,4to5
1504,1505,OADMET-0004153,5.36,train,5to6,0,0.0004998459825074435,0.002609567126956748,0.06770035302550599,0.4947891894120975,0.43440104445293237,5to6
1505,1506,OADMET-0004129,4.51,train,4to5,4,0.013130513364202677,0.11409469183856136,0.6356932832735799,0.22699514506778962,0.010086366455866407,4to5
1506,1507,OADMET-0004128,5.13,train,5to6,0,0.1472499888921151,0.3747945013356526,0.3332678539025862,0.0975777479578209,0.04710990791182519,3to4
1507,1508,OADMET-0004116,5.66,train,5to6,0,0.022948714272381737,0.0721714506022635,0.3575555132755797,0.3792173613878368,0.16810696046193824,5to6
1508,1509,OADMET-0004106,4.73,train,4to5,0,0.007276045798445149,0.07172111879660924,0.6065541262907652,0.28904353414767237,0.025405174966508036,4to5
1509,1510,OADMET-0004105,5.18,train,5to6,0,0.0031802442897250656,0.037919426027643775,0.5464915916237674,0.376212366728987,0.03619637132987675,4to5
1510,1511,OADMET-0004101,5.57,train,5to6,1,0.002802727681337423,0.024855078573783967,0.47651903756292824,0.4109396246610666,0.08488353152088378,4to5
1511,1512,OADMET-0004094,4.41,train,4to5,1,0.08444119911229984,0.466001238059241,0.39823376761531676,0.043893105872970954,0.007430689340171504,3to4
1512,1513,OADMET-0004092,4.9,train,4to5,4,0.40739019415223354,0.3781908034733615,0.13677912517405091,0.02995504157760049,0.047684835622753566,lt3
1513,1514,OADMET-0004090,3.75,train,3to4,4,0.2656249384162952,0.19801571817684382,0.2584326844034144,0.1058285750014441,0.17209808400200244,lt3
1514,1515,OADMET-0004088,3.99,train,3to4,1,0.00580784159470534,0.01685030925029063,0.231741515084385,0.38829138422976966,0.3573089498408494,5to6
1515,1516,OADMET-0004080,4.66,train,4to5,3,0.12029098988229758,0.3739551985402822,0.38098145382809906,0.08311457372712881,0.0416577840221923,4to5
1516,1517,OADMET-0004069,4.26,train,4to5,1,0.08873498671183327,0.2104062045844027,0.5021454226785077,0.1628426206853179,0.035870765339938396,4to5
1517,1518,OADMET-0004067,4.82,train,4to5,4,0.08383640115999125,0.24646013904429093,0.5121087107589539,0.12479492231639594,0.032799826720367915,4to5
1518,1519,OADMET-0004065,4.77,train,4to5,1,0.03249810899614177,0.16791182193455698,0.5815608902497291,0.17714085581053904,0.040888323009033105,4to5
1519,1520,OADMET-0004064,4.52,train,4to5,3,0.010562161042702353,0.04855252829502818,0.42652878403586586,0.3839084825510633,0.13044804407534027,4to5
1520,1521,OADMET-0004060,4.92,train,4to5,2,0.18027275297028703,0.5133317565545881,0.23918660806901917,0.037313285172545764,0.029895597233560015,3to4
1521,1522,OADMET-0004056,4.92,train,4to5,4,0.08480768713956838,0.21368177394331822,0.5061862506433297,0.14778919628105458,0.047535091992729095,4to5
1522,1523,OADMET-0004054,4.87,train,4to5,3,0.028619691516312273,0.1298520406346616,0.5369556506204929,0.21764564352001514,0.08692697370851804,4to5
1523,1524,OADMET-0004053,4.86,train,4to5,4,0.0032953834057234833,0.020410439355739097,0.36577606481709224,0.5169950342067923,0.09352307821465289,5to6
1524,1525,OADMET-0004051,4.6,train,4to5,0,0.007953457682457896,0.05331124092100637,0.5130112862775342,0.36955458614145564,0.05616942897754589,4to5
1525,1526,OADMET-0004047,5.05,train,5to6,3,0.011218254381299224,0.10338713906359862,0.614023919870921,0.24921336607589054,0.022157320608290617,4to5
1526,1527,OADMET-0004040,5.28,train,5to6,0,0.08251137970006928,0.39308732455158735,0.427315261756515,0.07294918542393158,0.024136848567896718,4to5
1527,1528,OADMET-0004029,4.45,train,4to5,2,0.08436217033323391,0.31532123215017865,0.4563009074881538,0.11135648025041103,0.03265920977802262,4to5
1528,1529,OADMET-0004025,4.55,train,4to5,2,0.20828305123127616,0.33707133404379086,0.3094337650065299,0.08066598470017428,0.06454586501822882,3to4
1529,1530,OADMET-0004024,5.08,train,5to6,1,0.007914111971615196,0.043495614203146515,0.4625606847812255,0.41417038556422214,0.0718592034797907,4to5
1530,1531,OADMET-0004021,5.2,train,5to6,4,0.02440521902335393,0.0897953380583857,0.5029707241840029,0.3243411878063172,0.058487530927940234,4to5
1531,1532,OADMET-0004014,5.13,train,5to6,4,0.04330924024256348,0.0719087996510029,0.24447324143429872,0.3406743305720588,0.2996343881000761,5to6
1532,1533,OADMET-0004004,5.15,train,5to6,0,0.0368831317687968,0.2337457160277878,0.5342887203183389,0.16095299008348554,0.03412944180159097,4to5
1533,1534,OADMET-0004003,5.12,train,5to6,0,0.017867462742826832,0.059226583799769326,0.42726904233408913,0.3682850606148784,0.12735185050843628,4to5
1534,1535,OADMET-0003997,4.29,train,4to5,0,0.23345577716827393,0.49470803141593933,0.21620060503482819,0.03728421404957771,0.018351372331380844,3to4
1535,1536,OADMET-0003994,4.3,train,4to5,0,0.0028015616289718617,0.04780122468578952,0.608959116842182,0.31587930395881314,0.024558792884243532,4to5
1536,1537,OADMET-0003975,5.04,train,5to6,4,0.01903061723098987,0.0565438037572536,0.47373267214075837,0.36438777431940667,0.08630513255159149,4to5
1537,1538,OADMET-0003971,5.0,train,4to5,1,0.0008916102268858912,0.0072058802805257454,0.31083803541825983,0.5369735136045191,0.14409096046980954,5to6
1538,1539,OADMET-0003969,5.04,train,5to6,3,0.019899897129089406,0.07874245882971243,0.37740185575632856,0.3823623628738346,0.14159342541103492,5to6
1539,1540,OADMET-0003963,5.17,train,5to6,2,0.13064304967545343,0.29491909555488044,0.36976447476181945,0.13297984994797782,0.07169353005986885,4to5
1540,1541,OADMET-0003961,4.41,train,4to5,4,0.009392873025398893,0.06218603388441039,0.6046806342975181,0.28808470460449076,0.035655754188181905,4to5
1541,1542,OADMET-0003960,4.97,train,4to5,2,0.7388164931733565,0.2029079329896482,0.01063214512448257,0.004317665900087146,0.04332576281242562,lt3
1542,1543,OADMET-0003956,3.89,train,3to4,4,0.47612763027628807,0.4026851106760152,0.09321081751188322,0.011357288013812847,0.016619153522000645,lt3
1543,1544,OADMET-0003950,5.05,train,5to6,3,0.21463775285829487,0.5042120382306096,0.21771981936858653,0.034052212598916554,0.029378176943592467,3to4
1544,1545,OADMET-0003946,4.66,train,4to5,4,0.5708204816800486,0.33153493525191535,0.05943194477881769,0.011222954275049705,0.026989684014168628,lt3
1545,1546,OADMET-0003942,5.44,train,5to6,0,0.49544753489820414,0.29295239943833645,0.09567468969802148,0.02938869705009077,0.08653667891534712,lt3
1546,1547,OADMET-0003932,4.64,train,4to5,0,0.12728463255559616,0.35854894323515457,0.35044616852454286,0.11080417905901573,0.05291607662569072,3to4
1547,1548,OADMET-0003930,4.9,train,4to5,1,0.1638940338249636,0.4104263270423987,0.35875217235635815,0.05721991210774045,0.009707554668539146,3to4
1548,1549,OADMET-0003921,4.4,train,4to5,3,0.07277830622365412,0.27695524434600727,0.5003141714230722,0.1199073109784414,0.03004496702882492,4to5
1549,1550,OADMET-0003914,5.16,train,5to6,0,0.005293558987217453,0.06419073431618133,0.5798008117936098,0.3205704211869973,0.030144473715994113,4to5
1550,1551,OADMET-0003911,4.4,train,4to5,2,0.17883555607761775,0.5370229487652173,0.24111731372877707,0.02825852113613721,0.01476566029225072,3to4
1551,1552,OADMET-0003900,5.29,train,5to6,1,0.014373239833540212,0.05907934438032205,0.47871723013167,0.3508837167499371,0.09694646890453065,4to5
1552,1553,OADMET-0003898,4.85,train,4to5,0,0.03940988076954725,0.30705998262941786,0.5286976852624918,0.10641517807290489,0.01841727326563815,4to5
1553,1554,OADMET-0003889,4.89,train,4to5,4,0.13932361746755373,0.26212324664914954,0.45190358548638115,0.11147698845542882,0.03517256194148674,4to5
1554,1555,OADMET-0003884,4.58,train,4to5,4,0.0005517438946868486,0.006240029775723607,0.38943275537272387,0.5418512783349635,0.06192419262190215,5to6
1555,1556,OADMET-0003879,4.21,train,4to5,1,0.021712172210271635,0.10251184285587482,0.5302951197621754,0.2785610483962024,0.06691981677547575,4to5
1556,1557,OADMET-0003872,4.39,train,4to5,0,0.13964803067207565,0.3088925114938998,0.324833596112847,0.13521813863650997,0.09140772308466756,4to5
1557,1558,OADMET-0003866,5.07,train,5to6,1,0.038060651363749844,0.11165531312392095,0.47579435932023406,0.27269745685748625,0.1017922193346089,4to5
1558,1559,OADMET-0003864,4.92,train,4to5,4,0.035277521523348024,0.09421331759333681,0.5065695416970756,0.2898813952558609,0.07405822393037868,4to5
1559,1560,OADMET-0003862,4.37,train,4to5,0,0.20616848075570043,0.39421637524684006,0.2710167972775132,0.06657099500619264,0.06202735171375362,3to4
1560,1561,OADMET-0003860,4.97,train,4to5,4,0.016571187944290335,0.05229230098463611,0.40241168955089157,0.4026980004551373,0.12602682106504465,5to6
1561,1562,OADMET-0003858,4.64,train,4to5,2,0.0015637688772902685,0.008887936877545122,0.19315490715029676,0.5323354353352322,0.26405795175963565,5to6
1562,1563,OADMET-0003857,5.11,train,5to6,0,0.0018696377910997933,0.03263692422931687,0.5368922726953452,0.39030326779959024,0.038297897484647854,4to5
1563,1564,OADMET-0003853,4.92,train,4to5,4,0.021295166593438327,0.13811177913738243,0.6306466786100089,0.19744852829479398,0.012497847364376318,4to5
1564,1565,OADMET-0003848,4.07,train,4to5,2,0.003304822877622311,0.023376185740883005,0.4391640181920624,0.48267612468090626,0.05147884850852606,5to6
1565,1566,OADMET-0003844,4.54,train,4to5,1,0.0041576390427724794,0.019932115134926553,0.27722197332161147,0.5052872220148493,0.1934010504858402,5to6
1566,1567,OADMET-0003835,3.9,train,3to4,4,0.04260278104766167,0.1380290532930603,0.5676213481738368,0.21169271986300975,0.04005409762243145,4to5
1567,1568,OADMET-0003834,5.26,train,5to6,3,0.01315591851936311,0.06396265304102505,0.4682836515147848,0.37084230642451976,0.08375547050030727,4to5
1568,1569,OADMET-0003833,4.76,train,4to5,2,0.024676605691364324,0.11094594581505737,0.5457477488257326,0.26679139931810797,0.0518383003497377,4to5
1569,1570,OADMET-0003832,5.34,train,5to6,2,0.004366589864674839,0.030778269884607152,0.4982671680697814,0.41635066284721184,0.05023730933372475,4to5
1570,1571,OADMET-0003829,4.49,train,4to5,4,0.07164161903645862,0.27204586180728507,0.49749937205114075,0.13063337498636007,0.02817977211875549,4to5
1571,1572,OADMET-0003828,4.77,train,4to5,2,0.003039576996422551,0.01643196467371341,0.31566205120994256,0.5289949094942645,0.13587149762565692,5to6
1572,1573,OADMET-0003827,4.17,train,4to5,3,0.013660355639065301,0.047761344475969046,0.1906618220361794,0.4263478875338349,0.32156859031495133,5to6
1573,1574,OADMET-0003823,5.02,train,5to6,4,0.0044755749987978955,0.012472799210454513,0.23816840661164157,0.5007090037781057,0.24417421540100034,5to6
1574,1575,OADMET-0003816,4.83,train,4to5,4,0.01561051764319618,0.024309070328081578,0.15207822337600918,0.33580365151532643,0.47219853713738663,gte6
1575,1576,OADMET-0003812,3.27,train,3to4,1,0.27071475175873183,0.30480756447292673,0.13619872521761878,0.08140034731029429,0.20687861124042836,3to4
1576,1577,OADMET-0003811,4.56,train,4to5,1,0.24422575931731944,0.33114047358302146,0.25724496287502513,0.09392595616314012,0.07346284806149388,3to4
1577,1578,OADMET-0003810,4.86,train,4to5,3,0.01860598060624345,0.055257784830232304,0.35359140440244813,0.41801767606993745,0.15452715409113868,5to6
1578,1579,OADMET-0003809,4.67,train,4to5,2,0.005480860879224761,0.02650885309869699,0.2530095005935056,0.5091588546951934,0.20584193073337922,5to6
1579,1580,OADMET-0003808,3.54,train,3to4,2,0.7536895588636354,0.12862348074364002,0.0014322896649598526,0.0011540603158521209,0.11510061041191261,lt3
1580,1581,OADMET-0003807,4.92,train,4to5,3,0.044588499767821275,0.06156858939458257,0.10518580910233727,0.19377334849029812,0.5948837532449608,gte6
1581,1582,OADMET-0003806,3.28,train,3to4,0,0.5839250520076991,0.3663554462839458,0.018338949846053974,0.003656965485521365,0.02772358637677982,lt3
1582,1583,OADMET-0003805,4.42,train,4to5,3,0.1454576700925827,0.44563162326812744,0.2687491476535797,0.06643930077552795,0.07372225821018219,3to4
1583,1584,OADMET-0003804,4.4,train,4to5,1,0.21926589820090392,0.31912271741974124,0.32404626947434534,0.09691151543357154,0.04065359947143796,4to5
1584,1585,OADMET-0003803,3.27,train,3to4,0,0.13972039000241496,0.06663938363494785,0.03608235582402513,0.04094120707581911,0.716616663462793,gte6
1585,1586,OADMET-0003802,4.61,train,4to5,1,0.1782690313200508,0.3407830348727559,0.3015515849225459,0.09291825581965231,0.086478093064995,3to4
1586,1587,OADMET-0003801,3.96,train,3to4,4,0.314528390434127,0.36176098621304026,0.17073132761006332,0.04877498882236013,0.10420430692040925,3to4
1587,1588,OADMET-0003800,4.48,train,4to5,0,0.23971150932761717,0.27354006813362697,0.21192395618048016,0.09061907094397871,0.18420539541429698,3to4
1588,1589,OADMET-0003799,5.88,train,5to6,1,0.003930089524113448,0.016196433432125814,0.15365374066822174,0.43685394464500166,0.38936579173053737,5to6
1589,1590,OADMET-0003798,4.23,train,4to5,1,0.12982512004022,0.26667014757805124,0.36293054979035816,0.15838488036337794,0.08218930222799264,4to5
1590,1591,OADMET-0003797,4.26,train,4to5,1,0.004421108521718669,0.009155949824976311,0.05961181756923228,0.3072642170923411,0.6195469069917316,gte6
1591,1592,OADMET-0003796,4.86,train,4to5,4,0.2893069781503186,0.26358208943992406,0.13470551823209845,0.061762063040802506,0.2506433511368564,lt3
1592,1593,OADMET-0003794,4.6,train,4to5,1,0.15615545213222504,0.45154207944869995,0.32554489374160767,0.05061423406004906,0.01614334061741829,3to4
1593,1594,OADMET-0003793,4.16,train,4to5,1,0.09410909703536477,0.23880978284492765,0.3653721863831905,0.2150574358561253,0.08665149788039174,4to5
1594,1595,OADMET-0003792,5.04,train,5to6,2,0.1365690976381302,0.27924400568008423,0.3639068305492401,0.14482662081718445,0.07545344531536102,4to5
1595,1596,OADMET-0003791,5.1,train,5to6,1,0.0017891915286853716,0.010853924001258255,0.2627853190011259,0.4849981431953828,0.23957342227354764,5to6
1596,1597,OADMET-0003790,3.27,train,3to4,2,0.22045266082586945,0.5445905561104096,0.17415667326301987,0.02437299035597365,0.03642711944472743,3to4
1597,1598,OADMET-0003789,3.24,train,3to4,3,0.28353384770901163,0.30900940989723974,0.1976151808563288,0.07099697897576494,0.13884458256165494,3to4
1598,1599,OADMET-0003788,1.77,train,lt3,2,0.2060604588551922,0.04653193160590376,0.0021582490781303287,0.0027194747843475964,0.7425298856764261,gte6
1599,1600,OADMET-0003787,4.06,train,4to5,2,0.42727556745097867,0.32622390924724953,0.0723878292881179,0.02484265151462955,0.14927004249902434,lt3
1600,1601,OADMET-0003786,2.92,train,lt3,2,0.10858838988315693,0.11882086149892027,0.13203234365799346,0.19561897039838683,0.4449394345615425,gte6
1601,1602,OADMET-0003785,2.02,train,lt3,1,0.0045586615400233016,0.01669349727096848,0.10901059337205479,0.3253833987445501,0.5443538490724034,gte6
1602,1603,OADMET-0003784,2.59,train,lt3,2,0.7443892487987886,0.20084371018745809,0.006977862333031794,0.0022400385154790364,0.045549140165242454,lt3
1603,1604,OADMET-0003783,4.86,train,4to5,3,0.029503050642031233,0.13127688819026784,0.25658702372411224,0.3032816293969447,0.27935140804664405,5to6
1604,1605,OADMET-0003782,4.17,train,4to5,4,0.004280402257324347,0.018708029465715866,0.39498167604702666,0.47066529840108934,0.11136459382884382,5to6
1605,1606,OADMET-0003781,5.46,train,5to6,4,0.3767119660106002,0.3062067341290665,0.1021783057681408,0.03114375111141708,0.1837592429807754,lt3
1606,1607,OADMET-0003780,6.22,train,gte6,1,0.40124056640060024,0.33024791621225885,0.08781667995043128,0.04310207165260773,0.1375927657841019,lt3
1607,1608,OADMET-0003779,4.67,train,4to5,1,0.047179097239039576,0.12975690727186956,0.3464319265978366,0.31142322933057126,0.16520883956068294,4to5
1608,1609,OADMET-0003777,1.89,train,lt3,2,0.3797847298294905,0.0718006038524392,0.001911871933894389,0.002233833288416519,0.5442689610957594,gte6
1609,1610,OADMET-0003775,3.06,train,3to4,2,0.4399561264524595,0.5075567087718079,0.033966398139234515,0.004268444877229658,0.01425232175926838,3to4
1610,1611,OADMET-0003773,4.85,train,4to5,1,0.07940213964614358,0.22670237255519982,0.5094566240831784,0.153790396281156,0.0306484674343222,4to5
1611,1612,OADMET-0003772,1.78,train,lt3,2,0.3824623227119446,0.39010775089263916,0.14246094226837158,0.03240401670336723,0.052564967423677444,3to4
1612,1613,OADMET-0003771,2.51,train,lt3,2,0.536163255493252,0.11292690468224963,0.0036264608066586554,0.0029292061572184927,0.3443541728606213,lt3
1613,1614,OADMET-0003770,3.79,train,3to4,4,0.4509330387684209,0.43040829856841983,0.08573458335759623,0.011191527348764682,0.02173255195679837,lt3
1614,1615,OADMET-0003769,4.12,train,4to5,0,0.04549418965376207,0.09028002283424054,0.23649743808442958,0.2632227441958061,0.36450560523176173,gte6
1615,1616,OADMET-0003768,2.54,train,lt3,3,0.6026227903992868,0.3642769951450583,0.02323470386832198,0.0018282668393455397,0.008037243747987461,lt3
1616,1617,OADMET-0003767,2.03,train,lt3,4,0.4512598091187874,0.20646785863153652,0.09078637712455749,0.04227310860025525,0.20921284652486333,lt3
1617,1618,OADMET-0003766,3.89,train,3to4,4,0.1909976693282559,0.5114845080932575,0.24208338923596484,0.032515481326919206,0.022918952015602557,3to4
1618,1619,OADMET-0003765,2.79,train,lt3,2,0.8203713328405147,0.12064077750087074,0.0008667038087424033,0.0005939601709841198,0.05752722567888806,lt3
1619,1620,OADMET-0003764,3.94,train,3to4,1,0.3944504790938379,0.38106923656608327,0.08751118781491986,0.027843849266702973,0.109125247258456,lt3
1620,1621,OADMET-0003763,1.79,train,lt3,3,0.9048695298993299,0.0639925100949649,0.0015187834479028829,0.000638411869348647,0.02898076468845365,lt3
1621,1622,OADMET-0003762,4.18,train,4to5,1,0.31280481465751514,0.3385410569026203,0.09345274314150874,0.0450315954718933,0.21016978982646253,3to4
1622,1623,OADMET-0003761,1.89,train,lt3,2,0.7513647027860259,0.1593223501229637,0.0032964446355483686,0.0014127240186381715,0.08460377843682387,lt3
1623,1624,OADMET-0003760,3.26,train,3to4,1,0.1007188245546993,0.2782948869720863,0.34409680449818364,0.14938868359642202,0.1275008003786087,4to5
1624,1625,OADMET-0003759,1.76,train,lt3,2,0.5609497982192799,0.3249933397397895,0.028326762629100957,0.00832311989126265,0.07740697952056691,lt3
1625,1626,OADMET-0003758,5.11,train,5to6,4,0.002947996340293475,0.012136474127414436,0.32174086241130767,0.5153289384500884,0.14784572867089602,5to6
1626,1627,OADMET-0003757,3.98,train,3to4,4,0.010432230919354017,0.13645381806141138,0.6648595128763803,0.17952776893562045,0.008726669207233858,4to5
1627,1628,OADMET-0003756,4.0,train,3to4,1,0.24479326757147468,0.34609644945612583,0.1173466746219998,0.06597066367965916,0.22579294467074054,3to4
1628,1629,OADMET-0003755,1.87,train,lt3,1,0.7825174806919598,0.19806030123947588,0.00536923556521314,0.0014662474538557006,0.012586735049495522,lt3
1629,1630,OADMET-0003754,3.93,train,3to4,1,0.6173095357166275,0.34104697297843484,0.028787349585676292,0.0049275138549011695,0.007928627864360169,lt3
1630,1631,OADMET-0003753,1.76,train,lt3,2,0.4679880581353138,0.30279164491174815,0.05476881007507708,0.01834151832359409,0.15610996855426684,lt3
1631,1632,OADMET-0003752,4.27,train,4to5,4,0.18325935838508972,0.09378472971548804,0.08759646405894124,0.08416308023675112,0.5511963676037299,gte6
1632,1633,OADMET-0003751,1.78,train,lt3,2,0.7901301577131952,0.12067306171464721,0.0020655322698057707,0.0012108368647347034,0.08592041143761713,lt3
1633,1634,OADMET-0003750,2.05,train,lt3,0,0.8221707058829639,0.13629088823046948,0.004828390963508223,0.001601859638775446,0.03510815528428295,lt3
1634,1635,OADMET-0003749,1.75,train,lt3,3,0.789478575626456,0.1696186779263113,0.0069439101094922705,0.0018529580331403247,0.03210587830460016,lt3
1635,1636,OADMET-0003748,2.01,train,lt3,2,0.6818563701592854,0.1041194387912293,0.001536456465504129,0.0014561261709400454,0.2110316084130412,lt3
1636,1637,OADMET-0003747,5.28,train,5to6,3,0.04995765742056475,0.0724607905292991,0.13945568630434135,0.23690833847159504,0.5012175272741998,gte6
1637,1638,OADMET-0003746,3.89,train,3to4,2,0.02538770792694494,0.17995162357032335,0.5993785974136001,0.17642535346319863,0.018856717625933033,4to5
1638,1639,OADMET-0003745,2.69,train,lt3,1,0.43491505094976807,0.526331085222075,0.03179697429434215,0.0035755863714001103,0.0033813031624147826,3to4
1639,1640,OADMET-0003744,4.46,train,4to5,2,0.21278577567370738,0.3196988332338892,0.2204028318732344,0.09530808563586878,0.15180447358330026,3to4
1640,1641,OADMET-0003743,4.78,train,4to5,2,0.37853768608919414,0.3814433231258516,0.09821917153231491,0.033703979230314415,0.10809584002232492,3to4
1641,1642,OADMET-0003742,2.13,train,lt3,0,0.3600481738108844,0.4151619615080762,0.12815884147713574,0.03361275876651164,0.06301826443739204,3to4
1642,1643,OADMET-0003741,4.61,train,4to5,1,0.16850766665121664,0.3306038106277869,0.3093569301765928,0.12541443202953362,0.06611716051486999,3to4
1643,1644,OADMET-0003740,1.86,train,lt3,0,0.16950065377350726,0.17910053258535072,0.21085934574250306,0.13923612897180743,0.30130333892683153,gte6
1644,1645,OADMET-0003739,4.04,train,4to5,2,0.7871346374728553,0.16817730453760027,0.003093883356296061,0.0013881786551881471,0.04020599597806023,lt3
1645,1646,OADMET-0003738,5.01,train,5to6,1,0.11345738510660484,0.23082331510851725,0.3144656811495328,0.20659351964573622,0.13466009898960885,4to5
1646,1647,OADMET-0003737,5.21,train,5to6,3,0.2928357324171007,0.43456180426829966,0.18508882200047597,0.035170501781498956,0.05234313953262472,3to4
1647,1648,OADMET-0003736,2.69,train,lt3,3,0.8613070663113745,0.0926084722328533,0.0026922178815603657,0.001045267773997186,0.04234697580021461,lt3
1648,1649,OADMET-0003735,3.25,train,3to4,2,0.5884425959397562,0.15686634935275592,0.0098154493647812,0.005709818761473664,0.23916578658123294,lt3
1649,1650,OADMET-0003734,4.67,train,4to5,2,0.03684327310243113,0.16362659328381357,0.5492227571229868,0.21128369474255118,0.03902368174821731,4to5
1650,1651,OADMET-0003733,3.2,train,3to4,3,0.14584084475989076,0.2044781920624857,0.16351374009169697,0.13818641673407456,0.347980806351852,gte6
1651,1652,OADMET-0003732,4.98,train,4to5,1,0.030397061818963993,0.05669321621964877,0.1643545408171519,0.30771590941126287,0.4408392717329725,gte6
1652,1653,OADMET-0003731,4.74,train,4to5,2,0.001800915616888131,0.01411846405609248,0.31102717636064087,0.5638647208783485,0.10918872308803006,5to6
1653,1654,OADMET-0003730,5.74,train,5to6,4,0.5385031940863965,0.31620953900558674,0.0678097188983732,0.015193794601878283,0.06228375340776533,lt3
1654,1655,OADMET-0003729,2.93,train,lt3,4,0.42003056876395534,0.35640439789449124,0.07251186004853093,0.022050421931413062,0.12900275136160946,lt3
1655,1656,OADMET-0003728,2.74,train,lt3,0,0.8302593602524952,0.13461807005821014,0.0024389691456383647,0.0006624402415452809,0.032021160302110975,lt3
1656,1657,OADMET-0003727,2.54,train,lt3,3,0.6563257715622827,0.17729437730998795,0.009719163387586138,0.0034244592103758473,0.15323622852976737,lt3
1657,1658,OADMET-0003726,1.98,train,lt3,1,0.13999926388259315,0.19418796564268861,0.22047690871220282,0.22033530296893733,0.22500055879357808,gte6
1658,1659,OADMET-0003725,4.09,train,4to5,1,0.0635618322638553,0.2325048517713559,0.5065458247106059,0.1546636320949618,0.04272385915922101,4to5
1659,1660,OADMET-0003724,4.55,train,4to5,1,0.01906498395671086,0.10650666395316513,0.5795201842707454,0.2515535732291839,0.04335459459019472,4to5
1660,1661,OADMET-0003723,1.84,train,lt3,3,0.3532717657563003,0.3283991637974666,0.11667242335797934,0.035326929216345,0.16632971787190876,lt3
1661,1662,OADMET-0003722,3.1,train,3to4,3,0.5969684035037696,0.3220712792564738,0.02592247127112044,0.006617097085459574,0.048420748883176615,lt3
1662,1663,OADMET-0003721,1.99,train,lt3,2,0.4410796534350366,0.09778872289401988,0.003635059402049309,0.0032449695802998966,0.45425159468859433,gte6
1663,1664,OADMET-0003720,2.89,train,lt3,3,0.7794159299654462,0.20503853827832333,0.004775958386215393,0.0010468399379021656,0.00972273343211298,lt3
1664,1665,OADMET-0003719,1.81,train,lt3,3,0.7967978271975699,0.09035830372231568,0.005804727896113807,0.0030564223999685228,0.10398271878403215,lt3
1665,1666,OADMET-0003718,3.25,train,3to4,2,0.4020260102178934,0.35900495898516094,0.08882100499629395,0.02516332719706646,0.12498469860358524,lt3
1666,1667,OADMET-0003717,4.3,train,4to5,2,0.0025527109320665404,0.006876567825088554,0.07803872205864995,0.4009509373429671,0.5115810618412279,gte6
1667,1668,OADMET-0003716,5.64,train,5to6,3,0.1337511916737382,0.13266744517779264,0.13502042781455073,0.09405753270981662,0.5045034026241018,gte6
1668,1669,OADMET-0003715,1.89,train,lt3,1,0.29593710323910466,0.4070571529776926,0.17087330624314534,0.04159984535574279,0.08453259218431455,3to4
1669,1670,OADMET-0003714,4.54,train,4to5,3,0.001579444531763763,0.01310435238078993,0.18243113455338494,0.541431256949313,0.2614538115847483,5to6
1670,1671,OADMET-0003713,1.73,train,lt3,1,0.28780649077243514,0.28638208872615845,0.09676736917684348,0.05418693828464465,0.27485711303991833,lt3
1671,1672,OADMET-0003712,1.81,train,lt3,1,0.5773702196617352,0.3725046174076314,0.03561533201002362,0.006552463786764259,0.007957367133845492,lt3
1672,1673,OADMET-0003711,4.87,train,4to5,3,0.0008789606238150638,0.0024812297597195405,0.0495990424976979,0.4243166316030839,0.5227241355156835,gte6
1673,1674,OADMET-0003710,4.4,train,4to5,2,0.004363065479845086,0.01872745483469793,0.21526151374280514,0.5442903506089476,0.2173576153337043,5to6
1674,1675,OADMET-0003709,1.82,train,lt3,1,0.08194352442194448,0.3167332316418519,0.4781580722880938,0.10016841142867769,0.02299676021943211,4to5
1675,1676,OADMET-0003708,4.68,train,4to5,1,0.18141284243769318,0.49045685059490224,0.2605276868826549,0.047691012958985646,0.019911607125764046,3to4
1676,1677,OADMET-0003707,6.08,train,gte6,1,0.6451977620569541,0.3109678688326936,0.023174342232056295,0.005337993255599267,0.015322033622696738,lt3
1677,1678,OADMET-0003706,4.92,train,4to5,1,0.06880302829746944,0.14496466733462612,0.2945654138112875,0.270217184278625,0.22144970627799193,4to5
1678,1679,OADMET-0003705,1.83,train,lt3,3,0.6661327962545149,0.28944318987922835,0.007977683890995428,0.001501844704352201,0.034944485270909056,lt3
1679,1680,OADMET-0003704,4.19,train,4to5,2,0.06069620912941745,0.15644618460862603,0.4205516765122796,0.25279437836423274,0.10951155138544418,4to5
1680,1681,OADMET-0003703,4.49,train,4to5,3,0.11529765593641789,0.1380104073133168,0.12120989258550507,0.139786342539402,0.48569570162535824,gte6
1681,1682,OADMET-0003702,1.81,train,lt3,3,0.4802370394631667,0.3836338898151486,0.051720918011873965,0.012286454672483973,0.07212169803732672,lt3
1682,1683,OADMET-0003701,2.24,train,lt3,3,0.32806174236214014,0.41395611392190457,0.12940154294810594,0.03821946481215765,0.0903611359556917,3to4
1683,1684,OADMET-0003700,5.52,train,5to6,3,0.07527604250454649,0.08993268967076005,0.11911163514187126,0.18760826065491076,0.5280713720279114,gte6
1684,1685,OADMET-0003699,5.06,train,5to6,2,0.012298283155729731,0.035439748283997416,0.1521032600178353,0.36866164173124205,0.43149706681119554,gte6
1685,1686,OADMET-0003697,5.13,train,5to6,3,0.24685846453054594,0.15992979824490694,0.06164174200327502,0.03474799196979397,0.4968220032514781,gte6
1686,1687,OADMET-0003696,3.68,train,3to4,3,0.05776757670307226,0.3940908812684924,0.4689812304395881,0.06905805673281953,0.010102254856027679,4to5
1687,1688,OADMET-0003695,4.48,train,4to5,2,0.041872895474119196,0.19186108947058972,0.5442553061199318,0.18845924384036578,0.03355146509499354,4to5
1688,1689,OADMET-0003694,4.79,train,4to5,3,0.258121726973938,0.510180290712563,0.17316439618792834,0.024699162507808486,0.03383442361776215,3to4
1689,1690,OADMET-0003693,3.92,train,3to4,1,0.08373147183277359,0.227859087570249,0.3157632641127524,0.22440595241429373,0.14824022406993126,4to5
1690,1691,OADMET-0003692,1.86,train,lt3,2,0.7850403948659133,0.1802588577504481,0.0015804097420221998,0.0007180873183966053,0.03240225032321979,lt3
1691,1692,OADMET-0003691,2.4,train,lt3,1,0.06555113550715831,0.10894297159058025,0.16540772227002845,0.2233579472686084,0.4367402233636246,gte6
1692,1693,OADMET-0003690,4.57,train,4to5,1,0.0028370017179161675,0.019216421356254298,0.20690866620721515,0.4955924883545066,0.2754454223641078,5to6
1693,1694,OADMET-0003689,3.95,train,3to4,4,0.030193582408849354,0.0907456155277363,0.3003881113394066,0.33255134216698085,0.24612134855702686,5to6
1694,1695,OADMET-0003688,2.08,train,lt3,1,0.5767518813526048,0.2780590622343973,0.04377759944151045,0.020130913479653224,0.08128054349183429,lt3
1695,1696,OADMET-0003687,1.84,train,lt3,1,0.8182485562007739,0.17277380533448713,0.0033771825851869205,0.0007677076371696599,0.0048327482423824114,lt3
1696,1697,OADMET-0003686,1.76,train,lt3,3,0.08779963105916977,0.09967143088579178,0.1761918067932129,0.1441536545753479,0.49218347668647766,gte6
1697,1698,OADMET-0003685,1.93,train,lt3,1,0.5956699476485267,0.24061381805583293,0.02360387557981567,0.01084841440725721,0.12926394430856755,lt3
1698,1699,OADMET-0003684,1.98,train,lt3,3,0.25987972937927556,0.34589238795253824,0.16717805897965085,0.06047123840361407,0.16657858528492128,3to4
1699,1700,OADMET-0003683,4.39,train,4to5,1,0.24354606730744577,0.46339902022816787,0.22397330278173105,0.0436244269257909,0.025457182756864375,3to4
1700,1701,OADMET-0003682,3.33,train,3to4,1,0.3562043135047644,0.5531998006226593,0.0749416985228293,0.006972519805601528,0.008681667544145559,3to4
1701,1702,OADMET-0003681,2.97,train,lt3,2,0.6923905120960633,0.10587503011664162,0.003143995079264393,0.002171684601299437,0.19641877810673122,lt3
1702,1703,OADMET-0003680,2.68,train,lt3,0,0.2508362098145297,0.6070132523712063,0.11744677386068471,0.011301833525759778,0.013401930427819524,3to4
1703,1704,OADMET-0003679,2.44,train,lt3,2,0.7175007675989354,0.13286215848628563,0.003348401801943776,0.0018852370717284993,0.14440343504110661,lt3
1704,1705,OADMET-0003678,2.63,train,lt3,3,0.21295269570108277,0.5230160170471215,0.2074976191996508,0.02957793779302236,0.02695573025912256,3to4
1705,1706,OADMET-0003677,1.86,train,lt3,2,0.7194491048886882,0.16349890873813697,0.00663461957117902,0.0033990596516031576,0.10701830715039272,lt3
1706,1707,OADMET-0003676,1.79,train,lt3,2,0.6511733444774367,0.11650255166485517,0.0018057229221265139,0.0016867500736871433,0.2288316308618945,lt3
1707,1708,OADMET-0003675,1.98,train,lt3,2,0.5608760362686167,0.088329535098193,0.00310693927598131,0.0028323446236663604,0.3448551447335426,lt3
1708,1709,OADMET-0003674,1.78,train,lt3,2,0.40355416606202876,0.31545880025585815,0.06070168982276352,0.02050863738439891,0.19977670647495063,lt3
1709,1710,OADMET-0003673,1.83,train,lt3,1,0.4379276466043354,0.5086932584117878,0.04137231624101757,0.005216521477440949,0.006790257265418258,3to4
1710,1711,OADMET-0003672,1.95,train,lt3,3,0.5890442775626447,0.2774215362575679,0.027230583346877207,0.006710350100917719,0.09959325273199253,lt3
1711,1712,OADMET-0003671,3.25,train,3to4,2,0.6889740965971359,0.27546249001901224,0.00641336203129307,0.001865360180654188,0.027284691171904574,lt3
1712,1713,OADMET-0003670,4.41,train,4to5,1,0.7616923900273469,0.22313159273007835,0.010880289389038454,0.0012193228813810741,0.003076404972155203,lt3
1713,1714,OADMET-0003669,4.71,train,4to5,4,0.12439876231541949,0.362052348409023,0.38710984491630235,0.08581899000845775,0.04062005435079741,4to5
1714,1715,OADMET-0003668,2.94,train,lt3,1,0.3720193248899374,0.49880694885578547,0.10176279439549261,0.015524516674862958,0.011886415183921603,3to4
1715,1716,OADMET-0003667,2.25,train,lt3,2,0.7395041767478554,0.130332651970736,0.0013468057482413504,0.0011254808910426159,0.12769088464212458,lt3
1716,1717,OADMET-0003666,4.43,train,4to5,3,0.13135278029214173,0.26619630655353804,0.19387983986914398,0.12765155542416043,0.2809195178610158,gte6
1717,1718,OADMET-0003665,4.95,train,4to5,3,0.39297419148529716,0.26124282248275416,0.09388928674991648,0.035136373945258495,0.21675732533677372,lt3
1718,1719,OADMET-0003664,3.4,train,3to4,1,0.4109449428195961,0.44829926077644294,0.11698997035778312,0.013416710403822737,0.010349115642355059,3to4
1719,1720,OADMET-0003663,4.57,train,4to5,2,0.07264262004836679,0.07889428264532788,0.1561763789548648,0.26419483040602026,0.42809188794542025,gte6
1720,1721,OADMET-0003662,2.02,train,lt3,2,0.5056480276430888,0.10140000498560268,0.0019136825981887794,0.0021277445353625234,0.3889105402377572,lt3
1721,1722,OADMET-0003661,4.9,train,4to5,3,0.020826144260314167,0.17060335075819874,0.4810358312783902,0.28115746536007596,0.04637720834302087,4to5
1722,1723,OADMET-0003660,4.58,train,4to5,1,0.09191422926941004,0.41641869824790456,0.42129826190848624,0.058762452569968565,0.011606358004230604,4to5
1723,1724,OADMET-0003659,2.89,train,lt3,1,0.6133198835201915,0.2976877438469712,0.021709435031805557,0.007315809954301239,0.05996712764673044,lt3
1724,1725,OADMET-0003658,1.87,train,lt3,2,0.2085297908546124,0.2888968159751527,0.28861655494794747,0.11092039446888591,0.10303644375340147,3to4
1725,1726,OADMET-0003656,4.53,train,4to5,2,0.04865728000540972,0.13911372578643702,0.46475816292417976,0.25796520998290046,0.08950562130107308,4to5
1726,1727,OADMET-0003655,3.96,train,3to4,3,0.07435555756092072,0.23505426943302155,0.30892062187194824,0.20122796297073364,0.18044158816337585,4to5
1727,1728,OADMET-0003654,2.27,train,lt3,3,0.9484585761273872,0.04459207616728316,0.00031410239958327047,9.585751344372166e-05,0.00653938779230267,lt3
1728,1729,OADMET-0003653,3.4,train,3to4,1,0.741560944817281,0.23983336833514965,0.00633599705463668,0.001472247663689588,0.010797442129243169,lt3
1729,1730,OADMET-0003652,6.58,train,gte6,1,0.6616469835656574,0.2968032784743204,0.01722350989667921,0.0043766682303013,0.019949559833041662,lt3
1730,1731,OADMET-0003651,4.83,train,4to5,0,0.2003072247206712,0.42656395990648477,0.2765020101854662,0.05817786050075432,0.03844894468662352,3to4
1731,1732,OADMET-0003650,1.82,train,lt3,1,0.6688876458413195,0.31272380189815835,0.013863056297756622,0.0015811567907000046,0.0029443391720654706,lt3
1732,1733,OADMET-0003649,6.69,train,gte6,1,0.40889987044856047,0.33552184450982625,0.09915928468734558,0.04507241364514519,0.11134658670912245,lt3
1733,1734,OADMET-0003648,4.45,train,4to5,1,0.09606558657083432,0.3999962747094795,0.4089448099699503,0.07635175146768997,0.018641577282045917,4to5
1734,1735,OADMET-0003647,4.75,train,4to5,1,0.04528976823675255,0.14859338824344445,0.2909178576690411,0.29610179308549806,0.21909719276526388,5to6
1735,1736,OADMET-0003646,4.21,train,4to5,2,0.002093411288929061,0.017291901677430357,0.365819902164866,0.5386815680948778,0.0761132167738968,5to6
1736,1737,OADMET-0003645,3.68,train,3to4,3,0.8944757124144118,0.042860468524238624,0.0018677604595416968,0.0008566064206392137,0.059939452181168626,lt3
1737,1738,OADMET-0003644,4.67,train,4to5,2,0.14240444984429404,0.08865503089643968,0.046758509475611006,0.07833187165361834,0.6438501381300369,gte6
1738,1739,OADMET-0003643,1.87,train,lt3,2,0.8422804201259002,0.09321696753525945,0.0007863835525464952,0.000562144366926714,0.06315408441936719,lt3
1739,1740,OADMET-0003642,2.74,train,lt3,3,0.26064907824790645,0.38099574049200796,0.15418546989821535,0.03270352919055259,0.17146618217131765,3to4
1740,1741,OADMET-0003641,1.98,train,lt3,1,0.0006012437431549338,0.0030249603599650176,0.08653861907917265,0.4450166759052652,0.4648185009124422,gte6
1741,1742,OADMET-0003640,5.03,train,5to6,2,0.015066303500426854,0.024728717924447682,0.11434564175054523,0.3876196252705156,0.4582397115540647,gte6
1742,1743,OADMET-0003639,2.04,train,lt3,2,0.34076562685500555,0.5309534562420027,0.10373132142182516,0.012654518944022596,0.011895076537143976,3to4
1743,1744,OADMET-0003638,5.33,train,5to6,0,0.014147883663222777,0.015078352240167759,0.04082897043231888,0.12684055015293505,0.8031042435113556,gte6
1744,1745,OADMET-0003637,3.88,train,3to4,4,0.0020534666312489657,0.014014154711777776,0.2594021267985985,0.5007388009710391,0.2237914508873358,5to6
1745,1746,OADMET-0003636,4.3,train,4to5,1,0.008546732875540069,0.02159578619098601,0.14339462704964426,0.3432654568990048,0.4831973969848249,gte6
1746,1747,OADMET-0003634,3.9,train,3to4,1,0.3757798699720194,0.39206856781295363,0.11022477679122072,0.03223249340230594,0.08969429202150025,3to4
1747,1748,OADMET-0003633,1.82,train,lt3,2,0.7020582139667529,0.0913736545493396,0.001220552514691488,0.0010993242311235524,0.2042482547380924,lt3
1748,1749,OADMET-0003631,4.89,train,4to5,3,0.09593586051846383,0.39290103954666616,0.3963968815566968,0.080012987255276,0.0347532311228972,4to5
1749,1750,OADMET-0003630,5.66,train,5to6,3,0.022465744777901614,0.030294120029601083,0.07201284103083572,0.22238483817889507,0.6528424559827666,gte6
1750,1751,OADMET-0003629,4.89,train,4to5,3,0.015971431597907645,0.07977697297806091,0.36654132809419926,0.39233952979933207,0.1453707375305001,5to6
1751,1752,OADMET-0003628,2.54,train,lt3,1,0.7741932703122075,0.21011524942456675,0.008223954412014269,0.002266530364630559,0.005200995486580863,lt3
1752,1753,OADMET-0003627,2.95,train,lt3,3,0.4715294955924998,0.40222357167753725,0.07183090323110387,0.013102066202848485,0.04131396329601063,lt3
1753,1754,OADMET-0003626,5.88,train,5to6,3,0.008672715366648402,0.011215996258333239,0.028244684176628575,0.13411112441940057,0.8177554797789892,gte6
1754,1755,OADMET-0003625,6.21,train,gte6,3,0.03643230572061478,0.0472762118278506,0.09438336998888451,0.21222772324642183,0.6096803892162282,gte6
1755,1756,OADMET-0003624,1.9,train,lt3,2,0.785681659318574,0.15145698081299147,0.0011862344023592984,0.0007117597218866899,0.06096336574418854,lt3
1756,1757,OADMET-0003623,4.7,train,4to5,3,0.0333823052563632,0.17864166865653056,0.3555768264672468,0.29199452295878986,0.14040467666106957,4to5
1757,1758,OADMET-0003622,1.74,train,lt3,2,0.11237878762546814,0.22116128441210733,0.39874230626993457,0.15297929486694054,0.1147383268255494,4to5
1758,1759,OADMET-0003621,1.77,train,lt3,3,0.4619565148908728,0.4028780917576613,0.07866464284193536,0.01380926788696748,0.04269148262256304,lt3
1759,1760,OADMET-0003620,3.89,train,3to4,2,0.24266885944214045,0.31638080824556375,0.20556477324857633,0.08187775557868944,0.15350780348503004,3to4
1760,1761,OADMET-0003619,4.37,train,4to5,2,0.00406492254470047,0.018590241021351855,0.3138541469634226,0.4904225893403896,0.17306810013013543,5to6
1761,1762,OADMET-0003618,4.35,train,4to5,4,0.002234111904767875,0.01359555529487838,0.20314549482189445,0.4825486620854492,0.29847617589301007,5to6
1762,1763,OADMET-0003617,4.92,train,4to5,1,0.14848580624567406,0.31209083694016554,0.3581789055873698,0.14195029120258337,0.039294160024207235,4to5
1763,1764,OADMET-0003616,4.04,train,4to5,2,0.016132969108727406,0.07410734008797742,0.4878043143487663,0.34007310233874055,0.0818822741157883,4to5
1764,1765,OADMET-0003615,3.29,train,3to4,2,0.46923147716670044,0.09241024066357302,0.0020369699655536848,0.002197985634072517,0.43412332657010033,lt3
1765,1766,OADMET-0003614,4.56,train,4to5,1,0.6087084253841677,0.37091164813793626,0.013860699359234811,0.002547267757986209,0.003971959360675083,lt3
1766,1767,OADMET-0003613,2.69,train,lt3,2,0.67122262691188,0.3038769391400582,0.008207346512141238,0.0019663838313135765,0.014726703604607032,lt3
1767,1768,OADMET-0003612,4.57,train,4to5,1,0.1538597184890257,0.22351342947901154,0.14259257697396668,0.10084579296521481,0.3791884820927813,gte6
1768,1769,OADMET-0003611,4.28,train,4to5,3,0.08194171774662186,0.4041238196885481,0.3893548315469054,0.09440469900079498,0.030174932017129636,3to4
1769,1770,OADMET-0003610,1.82,train,lt3,2,0.3088340163230896,0.507063090801239,0.12612231075763702,0.024587873369455338,0.033392708748579025,3to4
1770,1771,OADMET-0003609,4.47,train,4to5,1,0.34374274971213986,0.42518555088450727,0.13292297399044287,0.02930724736117904,0.06884147805173096,3to4
1771,1772,OADMET-0003608,5.55,train,5to6,3,0.1062421264599011,0.11711568170582877,0.11570742523087801,0.14941013124949154,0.5115246353539006,gte6
1772,1773,OADMET-0003607,3.59,train,3to4,1,0.43705432630208896,0.39779301588699933,0.09233817251760872,0.024570621000886986,0.048243864292416026,lt3
1773,1774,OADMET-0003606,3.81,train,3to4,3,0.09056836805264944,0.2797890739040746,0.45823004080724167,0.1299436453330047,0.041468871903029586,4to5
1774,1775,OADMET-0003605,4.34,train,4to5,3,0.05452026697769264,0.313792729493366,0.4544301544422255,0.1365561459854963,0.04070070310121955,4to5
1775,1776,OADMET-0003604,4.88,train,4to5,1,0.06819055280231351,0.15062648170163095,0.16880382723215093,0.20133218319216506,0.4110469550717395,gte6
1776,1777,OADMET-0003603,5.2,train,5to6,0,0.009890970432220127,0.055643982776640816,0.31234635784306275,0.44310477036862195,0.17901391857945434,5to6
1777,1778,OADMET-0003602,5.09,train,5to6,3,0.16280385124070118,0.1548439046065254,0.1582857597640562,0.1933652076110896,0.3307012767776276,gte6
1778,1779,OADMET-0003600,2.65,train,lt3,0,0.07452478449607011,0.33704486958348234,0.4604500189088271,0.09555567834111464,0.03242464867050583,4to5
1779,1780,OADMET-0003599,4.75,train,4to5,1,0.0004326513545903243,0.002438697089765662,0.06529503468664197,0.44757841085958705,0.484255206009415,gte6
1780,1781,OADMET-0003598,1.78,train,lt3,3,0.8615339782516838,0.09033886746035263,0.003671121714408465,0.0013856621844121973,0.043070370389142985,lt3
1781,1782,OADMET-0003597,2.06,train,lt3,2,0.5946167718518838,0.3608045286700214,0.026676002939559525,0.004297779881018735,0.013604916657516578,lt3
1782,1783,OADMET-0003596,3.21,train,3to4,4,0.007285059042068365,0.06340431489902514,0.5532314240580065,0.3354496693775721,0.04062953262332792,4to5
1783,1784,OADMET-0003595,2.51,train,lt3,3,0.14330520959002507,0.15453639338656527,0.05663929774166462,0.03182825759373126,0.6136908416880138,gte6
1784,1785,OADMET-0003594,4.65,train,4to5,3,0.06687903005605757,0.1349775412692105,0.45164200951802674,0.23883682555932848,0.10766459359737673,4to5
1785,1786,OADMET-0003593,4.31,train,4to5,0,0.18250458214438828,0.18267192218708875,0.18319829081294373,0.16962835445446303,0.28199685040111616,gte6
1786,1787,OADMET-0003592,5.08,train,5to6,1,0.06912210583686829,0.15334051847457886,0.21720367670059204,0.25197696685791016,0.30835673213005066,gte6
1787,1788,OADMET-0003591,3.29,train,3to4,2,0.5107764084151115,0.14363420230333165,0.007016219772182057,0.0044279760430209385,0.33414519346635385,lt3
1788,1789,OADMET-0003590,4.26,train,4to5,1,0.2495100349187851,0.3176359236240387,0.1343134343624115,0.07515743374824524,0.22338317334651947,3to4
1789,1790,OADMET-0003589,3.73,train,3to4,1,0.19970052988006481,0.3013535670633562,0.15434878719563513,0.10335100211163606,0.24124611374930782,3to4
1790,1791,OADMET-0003588,5.18,train,5to6,1,0.00015288598571186517,0.0004772629735476661,0.003377457129519968,0.11902622063691427,0.8769661732743063,gte6
1791,1792,OADMET-0003587,5.14,train,5to6,1,0.1423147863777434,0.2179357775324666,0.1676037994174734,0.12172502570878618,0.35042061096353044,gte6
1792,1793,OADMET-0003586,1.77,train,lt3,1,0.32354850119340517,0.48872692212190905,0.1450378472084936,0.025159167547584526,0.01752756192860763,3to4
1793,1794,OADMET-0003585,1.74,train,lt3,4,0.31307818144411187,0.10038987862138597,0.037487564865101144,0.02226325587918072,0.5267811191902203,gte6
1794,1795,OADMET-0003584,4.43,train,4to5,1,0.4524563671991532,0.3564860681328784,0.07602994591625618,0.02422671111531382,0.09080090763639834,lt3
1795,1796,OADMET-0003583,2.59,train,lt3,3,0.3298779855079118,0.5549282147353033,0.08988680230102117,0.00922096566562251,0.01608603179014125,3to4
1796,1797,OADMET-0003582,1.79,train,lt3,2,0.40219506806273314,0.5266591128918297,0.05699276255060773,0.00677809358830462,0.007374962906524879,3to4
1797,1798,OADMET-0003581,2.04,train,lt3,1,0.2633025548121872,0.3605300053756682,0.17275764894643245,0.08539350757772075,0.11801628328799146,3to4
1798,1799,OADMET-0003580,4.81,train,4to5,3,0.05932935500903355,0.07171188054454727,0.08791302594834106,0.17670592073219535,0.6043398177658827,gte6
1799,1800,OADMET-0003579,2.45,train,lt3,1,0.15689312622963456,0.2538026982755675,0.3216042662384033,0.16255671512589076,0.10514319413050387,4to5
1800,1801,OADMET-0003578,1.79,train,lt3,2,0.33092150523597474,0.06534001316387224,0.0024426896443568683,0.0025891810993184665,0.5987066108564777,gte6
1801,1802,OADMET-0003577,4.42,train,4to5,2,0.07969099461341637,0.10380443417588847,0.23499341834321807,0.3196204674159095,0.2618906854515676,5to6
1802,1803,OADMET-0003576,5.18,train,5to6,2,0.019168206309028588,0.024081251594622217,0.06496934101796925,0.22551008450931267,0.6662711165690672,gte6
1803,1804,OADMET-0003575,4.18,train,4to5,2,0.0075057693582359485,0.0392200349848251,0.4248949577452267,0.4390343119412793,0.08934492597043299,5to6
1804,1805,OADMET-0003574,2.36,train,lt3,1,0.5143237082817553,0.42781790831981564,0.042033731682953185,0.006994149139652057,0.008830502575823788,lt3
1805,1806,OADMET-0003573,4.52,train,4to5,4,0.16733626273261326,0.283609437185104,0.34083433415736253,0.11363806812593036,0.09458189779898982,4to5
1806,1807,OADMET-0003572,1.82,train,lt3,2,0.4050757466234044,0.21970311642577897,0.06716465004787892,0.03294034949122818,0.2751161374117095,lt3
1807,1808,OADMET-0003571,2.24,train,lt3,3,0.12200935657301493,0.15979817152474438,0.10594966770821063,0.05516368027410626,0.5570791239199239,gte6
1808,1809,OADMET-0003570,4.65,train,4to5,0,0.15102202375331628,0.16682352871403971,0.18190933087062824,0.17383388461920105,0.32641123204281475,gte6
1809,1810,OADMET-0003569,1.75,train,lt3,1,0.01884738580756121,0.10596163787986713,0.5669686314401309,0.24375601612276618,0.06446632874967459,4to5
1810,1811,OADMET-0003567,5.24,train,5to6,3,0.0016886254694537422,0.0027130892184015548,0.015977724651899044,0.19739075587487911,0.7822298047853665,gte6
1811,1812,OADMET-0003566,4.68,train,4to5,4,0.12091653048992157,0.18664179742336273,0.38033539056777954,0.15170800685882568,0.16039827466011047,4to5
1812,1813,OADMET-0003565,1.96,train,lt3,3,0.8635317685733118,0.07843609901565246,0.0017722233902232906,0.0007887569374837787,0.05547115208332868,lt3
1813,1814,OADMET-0003564,4.84,train,4to5,3,0.01644737618411633,0.02222523614759161,0.07472815984384448,0.26180380143926624,0.6247954263851814,gte6
1814,1815,OADMET-0003563,6.09,train,gte6,4,0.7403191661582698,0.21822483330650844,0.0057610937195764,0.0009446485626486822,0.03475025825299671,lt3
1815,1816,OADMET-0003562,5.42,train,5to6,2,0.1979913921062026,0.31463246131096206,0.2649337828933992,0.11724283767151068,0.10519952601792547,3to4
1816,1817,OADMET-0003561,2.11,train,lt3,3,0.3659816674035431,0.50098715218148,0.08791786383187251,0.014162277992622582,0.030951038590481764,3to4
1817,1818,OADMET-0003560,3.0,train,lt3,3,0.27421178903036214,0.364164643657121,0.16780903622863746,0.05347134445847302,0.1403431866254064,3to4
1818,1819,OADMET-0003557,4.69,train,4to5,0,0.013188000129744405,0.08249000805478504,0.44979480710874314,0.3878105691018052,0.06671661560492216,4to5
1819,1820,OADMET-0003556,3.98,train,3to4,4,0.22051538691308636,0.37217152395972253,0.2918317041682579,0.0687919413208361,0.04668944363809707,3to4
1820,1821,OADMET-0003555,4.0,train,3to4,2,0.2354180882995751,0.28873471286102276,0.20411649954666197,0.11534314201304739,0.1563875572796928,3to4
1821,1822,OADMET-0003554,4.71,train,4to5,3,0.2272004417419302,0.20936011644124639,0.12486762181318933,0.08181860054079888,0.3567532194628352,gte6
1822,1823,OADMET-0003553,4.12,train,4to5,2,0.2144435633388487,0.29706803731113396,0.2265388200775668,0.11128344302747824,0.15066613624497233,3to4
1823,1824,OADMET-0003552,4.24,train,4to5,2,0.2842165081911948,0.25954921407136694,0.15276617608490015,0.10030269400863989,0.20316540764389823,lt3
1824,1825,OADMET-0003551,4.94,train,4to5,4,0.016906864972611638,0.15798513620716545,0.5409863601270809,0.25472003268957144,0.029401606003570568,4to5
1825,1826,OADMET-0003550,5.25,train,5to6,4,0.014364042814327016,0.00928741166706591,0.042050191718951885,0.18882768506801162,0.7454706687316436,gte6
1826,1827,OADMET-0003549,4.18,train,4to5,1,0.3519180171477499,0.5214461165882068,0.09392265370372913,0.01580457785434392,0.016908634705970208,3to4
1827,1828,OADMET-0003548,4.18,train,4to5,2,0.03411670003744438,0.09936019704222532,0.4272510973568924,0.340716359460977,0.09855564610246087,4to5
1828,1829,OADMET-0003547,4.75,train,4to5,4,0.133331674958224,0.5370339300241173,0.2766651883938261,0.04225506002586031,0.010714146597972374,3to4
1829,1830,OADMET-0003546,4.34,train,4to5,2,0.060702317700812615,0.08451537441585541,0.20567413321727712,0.3688068834808628,0.280301291185192,5to6
1830,1831,OADMET-0003545,4.6,train,4to5,0,0.05732843108986523,0.19643732319959034,0.32433720456548915,0.23833037202565754,0.18356666911939773,4to5
1831,1832,OADMET-0003544,4.7,train,4to5,2,0.13619141585062627,0.3043051728078389,0.37905082953834895,0.12321818895380621,0.05723439284937962,4to5
1832,1833,OADMET-0003543,1.82,train,lt3,3,0.8058032675245667,0.16487863016846344,0.004216390031798433,0.0010467053681325286,0.024055006907038937,lt3
1833,1834,OADMET-0003542,5.69,train,5to6,4,0.002593024355714017,0.00880034625063977,0.20557026206101997,0.5307564046683884,0.2522799626642379,5to6
1834,1835,OADMET-0003541,2.92,train,lt3,0,0.3427630905527574,0.45440984008381874,0.12564919288208584,0.024771014119123178,0.05240686236221487,3to4
1835,1836,OADMET-0003540,2.09,train,lt3,1,0.3329163414585615,0.5381976951640834,0.09911066666954135,0.014631172855969597,0.015144123851844122,3to4
1836,1837,OADMET-0003539,2.38,train,lt3,0,0.7595453642259332,0.22598608401973985,0.004430914755235984,0.0007825770626313715,0.009255059936459578,lt3
1837,1838,OADMET-0003538,2.57,train,lt3,2,0.8806766322216468,0.10112503168459676,0.0005552671908208612,0.00028612615196896605,0.0173569427509666,lt3
1838,1839,OADMET-0003537,1.77,train,lt3,3,0.9283908055656536,0.06697086593187254,0.00039435923673970287,9.591091816538549e-05,0.004148058347568854,lt3
1839,1840,OADMET-0003536,5.82,train,5to6,4,0.0010716801130931835,0.0017981636484469584,0.04600375183162543,0.35202110100554734,0.5991053034012871,gte6
1840,1841,OADMET-0003535,2.62,train,lt3,0,0.14883223779009355,0.18781263006850302,0.2585112894468731,0.1765987469793113,0.22824509571521903,4to5
1841,1842,OADMET-0003534,5.66,train,5to6,1,0.0003486858433983585,0.0030325756630173954,0.14342353462054305,0.5190843658935675,0.33411083797947366,5to6
1842,1843,OADMET-0003533,5.58,train,5to6,3,0.001632804044958934,0.009912082888513495,0.12833991598956318,0.5010238867214922,0.35909131035547215,5to6
1843,1844,OADMET-0003532,5.62,train,5to6,1,0.0008271293166941862,0.006137562216377951,0.18235983750414256,0.5396707448558493,0.27100472610693593,5to6
1844,1845,OADMET-0003531,5.91,train,5to6,3,0.0013279682099519383,0.011393952247094096,0.3074198382389909,0.552265587554866,0.12759265374909706,5to6
1845,1846,OADMET-0003530,5.6,train,5to6,3,0.0004476276053203905,0.0026164458356763786,0.06213548570617028,0.40629426715011685,0.5285061737027161,gte6
1846,1847,OADMET-0003529,5.74,train,5to6,4,0.010299459647407395,0.01139980418980851,0.10301252070767727,0.37716512467097024,0.4981230907841365,gte6
1847,1848,OADMET-0003528,1.91,train,lt3,3,0.35708832940322344,0.4609183694846092,0.12352455476405781,0.0236765724998521,0.03479217384825744,3to4
1848,1849,OADMET-0003527,5.005,train,5to6,4,0.0009322769606452435,0.01025541356638203,0.30846638979165364,0.5516045423410737,0.12874137734024543,5to6
1849,1850,OADMET-0003526,6.63,train,gte6,4,0.0008128923591103133,0.004048255850977894,0.2376304037206919,0.5843289061727628,0.1731795418964571,5to6
1850,1851,OADMET-0003525,5.42,train,5to6,4,0.000845753134329965,0.01017644271043582,0.3003257556399789,0.5718911968770564,0.11676085163819902,5to6
1851,1852,OADMET-0003524,5.92,train,5to6,0,0.0021886601249149584,0.009043349555981687,0.1575103791962333,0.523811202097091,0.307446409025779,5to6
1852,1853,OADMET-0003523,5.38,train,5to6,4,0.000662301480268072,0.00046903534398029246,0.01834655519463326,0.28443714454783475,0.6960849634332836,gte6
1853,1854,OADMET-0003522,1.73,train,lt3,3,0.4119185605833631,0.33898432401271084,0.09037588099060039,0.026186751796201717,0.1325344826171239,lt3
1854,1855,OADMET-0003521,4.79,train,4to5,1,0.0001116642647868366,0.0012384064139005153,0.09171586447409168,0.5094905061587317,0.39744355868848924,5to6
1855,1856,OADMET-0003520,5.49,train,5to6,2,0.0016989730479062264,0.0037189252648101396,0.017747736036460477,0.21313350421200766,0.7637008614388154,gte6
1856,1857,OADMET-0003519,5.12,train,5to6,0,0.000755857415455084,0.007401611381942358,0.23647750038655416,0.5982551353232547,0.15710989549279367,5to6
1857,1858,OADMET-0003518,5.25,train,5to6,4,9.414391474932027e-05,0.0012105925818394348,0.20799365830823074,0.6688979925589095,0.12180361263627101,5to6
1858,1859,OADMET-0003517,4.91,train,4to5,0,0.002779864254676973,0.009799497252234477,0.061084494307604355,0.40965268225696844,0.5166834619285158,gte6
1859,1860,OADMET-0003516,5.29,train,5to6,2,0.02222113907344452,0.09044880558521114,0.5189707527254762,0.28910345880738547,0.07925584380848263,4to5
1860,1861,OADMET-0003515,5.14,train,5to6,2,0.0022028465970697713,0.014026892508643094,0.2862191824291846,0.535447483530453,0.16210359493464954,5to6
1861,1862,OADMET-0003514,5.35,train,5to6,3,0.007804938239023595,0.029580347666978268,0.22303693318466886,0.4675307937401601,0.2720469871691692,5to6
1862,1863,OADMET-0003513,5.66,train,5to6,1,5.531069837141218e-05,0.00037016774876839854,0.022579232230700366,0.33480644225952416,0.6421888470626357,gte6
1863,1864,OADMET-0003512,5.89,train,5to6,0,0.00011772911354681813,0.001252946495152742,0.12982765655499715,0.6211046253698417,0.24769704246646163,5to6
1864,1865,OADMET-0003511,5.55,train,5to6,4,0.00014231776730645453,0.0008712081916447023,0.08643028581529948,0.5119779967505422,0.4005781914752072,5to6
1865,1866,OADMET-0003510,5.2,train,5to6,0,0.0002301085364685148,0.0026637427877075335,0.2011629519853858,0.6430806010456083,0.15286259564482993,5to6
1866,1867,OADMET-0003509,2.94,train,lt3,3,0.19017979502677917,0.30694064497947693,0.2623833119869232,0.08348976075649261,0.15700648725032806,3to4
1867,1868,OADMET-0003508,5.23,train,5to6,1,0.0005895409191900979,0.004464036727901078,0.19231883935222027,0.5472455550687142,0.2553820279319744,5to6
1868,1869,OADMET-0003506,5.14,train,5to6,2,0.0002007027264260589,0.0016377013323701237,0.09857609395965228,0.6012522290297626,0.29833327295178896,5to6
1869,1870,OADMET-0003505,5.74,train,5to6,2,0.18869193263698025,0.3383196390676714,0.31930557970371365,0.0958850475618215,0.05779780102981323,3to4
1870,1871,OADMET-0003504,5.58,train,5to6,1,0.001181435789637766,0.008961822093722975,0.22201847677361525,0.5656212098794148,0.2022170554636092,5to6
1871,1872,OADMET-0003503,6.140000000000001,train,gte6,4,0.00018942582239037204,0.0005269991393840349,0.04100486015515538,0.4314841460966919,0.5267945687863783,gte6
1872,1873,OADMET-0003502,5.35,train,5to6,1,0.0045026312183821604,0.02397938237730029,0.3993860745856839,0.42553400616853215,0.1465979056501015,5to6
1873,1874,OADMET-0003501,5.23,train,5to6,4,0.003270276965894176,0.03664919634164405,0.526861355257505,0.39470820543801877,0.038510965996938054,4to5
1874,1875,OADMET-0003500,5.24,train,5to6,1,0.00017194277870213992,0.0025696360495390206,0.202367749038727,0.5949616917935608,0.199928980339471,5to6
1875,1876,OADMET-0003499,6.215,train,gte6,1,7.694775172521957e-05,0.000584579858455862,0.017273767915527243,0.28594698066628027,0.6961177238080114,gte6
1876,1877,OADMET-0003498,5.39,train,5to6,3,0.0002863942990457031,0.00195957188459122,0.0798545867340266,0.5011472796393294,0.41675216744300714,5to6
1877,1878,OADMET-0003497,2.95,train,lt3,2,0.030889750792783718,0.13169137183057178,0.5385382396128797,0.2511667414115152,0.04771389635224961,4to5
1878,1879,OADMET-0003496,5.77,train,5to6,1,8.176513507244639e-05,0.0006598458038240208,0.03297709927281884,0.371213392941264,0.5950678968470207,gte6
1879,1880,OADMET-0003495,3.42,train,3to4,3,0.3585196057292907,0.49221380444883245,0.10105559003973924,0.01777059172606636,0.03044040805607122,3to4
1880,1881,OADMET-0003493,5.42,train,5to6,3,0.08553477312971075,0.12295861450613577,0.3362061058267496,0.2552941422515054,0.20000636428589846,4to5
1881,1882,OADMET-0003492,5.47,train,5to6,0,0.0003624304749884465,0.0011831108995873638,0.031132384015030545,0.35339189419119366,0.6139301804192,gte6
1882,1883,OADMET-0003491,4.98,train,4to5,2,0.002957849238446207,0.014936512968377183,0.26558380787256,0.5144557849869138,0.20206604493370284,5to6
1883,1884,OADMET-0003490,5.57,train,5to6,2,0.0006366371053254295,0.003881988880533302,0.11465786593671728,0.515273877855537,0.36554963022188697,5to6
1884,1885,OADMET-0003489,5.3,train,5to6,0,0.01531911381936408,0.010748264519940785,0.02289184212729874,0.11170616146538989,0.8393346180680065,gte6
1885,1886,OADMET-0003488,5.37,train,5to6,1,0.002207713804011587,0.018250758896374165,0.3940249509916953,0.46739695421344823,0.1181196220944707,5to6
1886,1887,OADMET-0003487,4.94,train,4to5,2,0.003054528787868544,0.019959133837850085,0.3286553731073575,0.5252694186716627,0.12306154559526122,5to6
1887,1888,OADMET-0003486,5.880000000000001,train,5to6,3,0.0007611276185232764,0.0016174168458055005,0.04489983590294826,0.3983826910479141,0.5543389285848088,gte6
1888,1889,OADMET-0003485,5.57,train,5to6,4,0.00029701950740329346,0.0004859822885933671,0.036011403752702814,0.3789451556648827,0.5842604387864179,gte6
1889,1890,OADMET-0003484,5.39,train,5to6,2,0.00019901986634691317,0.0009859615292760924,0.02768982775879623,0.3731158992364497,0.5980092916091311,gte6
1890,1891,OADMET-0003483,5.45,train,5to6,3,8.037849490357343e-05,0.0009766451744342886,0.15490325105415648,0.6703959837681741,0.17364374150833156,5to6
1891,1892,OADMET-0003482,5.43,train,5to6,0,0.001256111554739121,0.0034176064957559685,0.0569982459223674,0.38548904998427813,0.5528389860428594,gte6
1892,1893,OADMET-0003481,5.38,train,5to6,3,0.0018191053643711649,0.005901780103661037,0.12480285041651029,0.5334512282715574,0.3340250358439001,5to6
1893,1894,OADMET-0003480,5.33,train,5to6,1,0.0011840435455611061,0.009554173431438037,0.2951915449092609,0.5136129063346137,0.1804573317791263,5to6
1894,1895,OADMET-0003479,4.92,train,4to5,0,0.00031777548930763354,0.0018270530888201979,0.10109431738300943,0.5725257224905648,0.3242351315482979,5to6
1895,1896,OADMET-0003478,1.83,train,lt3,2,0.43222573662620295,0.48845001964794815,0.06354149031541255,0.0065564672066257,0.009226286203810649,3to4
1896,1897,OADMET-0003477,5.9,train,5to6,4,0.0007970696992356847,0.0010119975898100241,0.05904753204113478,0.4583863372663734,0.4807570634034461,gte6
1897,1898,OADMET-0003476,4.79,train,4to5,1,0.00032598110764697264,0.0030068954234284875,0.12804521130597546,0.5298243558444896,0.3387975563184594,5to6
1898,1899,OADMET-0003475,4.9,train,4to5,3,0.0026005679185584214,0.02151959979306329,0.38887456620815747,0.5111464335795209,0.07585883250069982,5to6
1899,1900,OADMET-0003474,5.89,train,5to6,2,0.0001006315141724435,0.00027079618291677484,0.005510880609511288,0.150957539613915,0.8431601520794845,gte6
1900,1901,OADMET-0003473,5.98,train,5to6,2,0.0009237690096644479,0.002548988867133862,0.03521168547309585,0.32431417176944355,0.6370013848806623,gte6
1901,1902,OADMET-0003472,6.015000000000001,train,gte6,0,0.00018844055839377052,0.001685577621417365,0.03346384950275021,0.420177594732573,0.5444845375848657,gte6
1902,1903,OADMET-0003471,5.4,train,5to6,0,0.010159787409684635,0.03454523054883572,0.30743052610642524,0.484995707865005,0.1628687480700494,5to6
1903,1904,OADMET-0003470,5.82,train,5to6,1,0.0013279370397088516,0.009845239380779268,0.24082576400075112,0.5238322759541237,0.22416878362463705,5to6
1904,1905,OADMET-0003469,4.82,train,4to5,4,0.00126731025552955,0.016690470589147334,0.4854741782969642,0.4633249726765784,0.03324306818178051,4to5
1905,1906,OADMET-0003468,1.85,train,lt3,0,0.05954516985030655,0.21221254528821396,0.49015590000723414,0.1587804538147846,0.07930593103946078,4to5
1906,1907,OADMET-0003467,6.494999999999999,train,gte6,1,2.3392071443292386e-05,0.00011653873183461393,0.0020307149240741083,0.1118503981890723,0.8859789560835757,gte6
1907,1908,OADMET-0003466,5.3,train,5to6,0,0.001490893762234051,0.010930232697215223,0.29366371496229454,0.5642102472690222,0.12970491130923392,5to6
1908,1909,OADMET-0003465,5.54,train,5to6,1,0.00022718339889985916,0.00126812612968993,0.042576646373633696,0.40018330198700397,0.5557447421107725,gte6
1909,1910,OADMET-0003464,5.16,train,5to6,1,0.00021937065084466688,0.003189835324352425,0.23515506545076711,0.579165790846166,0.1822699377278698,5to6
1910,1911,OADMET-0003463,5.14,train,5to6,3,0.0003264561966759569,0.0006360612180513399,0.017123869798050403,0.25876649075493524,0.723147122032287,gte6
1911,1912,OADMET-0003462,4.92,train,4to5,1,0.0019406655174348066,0.01114558765402708,0.31044782809079485,0.49836596436520597,0.1780999543725373,5to6
1912,1913,OADMET-0003461,1.76,train,lt3,3,0.5591719202620156,0.34722525204741633,0.045220766637667706,0.01310148288590352,0.035280578166996854,lt3
1913,1914,OADMET-0003460,5.555,train,5to6,2,0.001507795228274908,0.012238608109480804,0.35000551798164653,0.5465158984299169,0.08973218025068083,5to6
1914,1915,OADMET-0003459,5.04,train,5to6,1,0.0011262826027376932,0.005469921448261908,0.14481134547485133,0.4958741906336892,0.35271825984045985,5to6
1915,1916,OADMET-0003458,2.05,train,lt3,1,0.30465116075478327,0.3742912584222059,0.23046859326132632,0.058602491291528856,0.03198649627015566,3to4
1916,1917,OADMET-0003457,5.25,train,5to6,4,0.04120790244048761,0.12348583432648952,0.4880324042441875,0.27994272321419955,0.06733113577463579,4to5
1917,1918,OADMET-0003456,1.79,train,lt3,0,0.316899642640229,0.5970142804531317,0.06985345160798556,0.009268646632509299,0.0069639786661444755,3to4
1918,1919,OADMET-0003455,5.47,train,5to6,1,0.0011469922886857258,0.00870875152825563,0.21410659874901047,0.5342700338983166,0.2417676235357316,5to6
1919,1920,OADMET-0003454,1.78,train,lt3,2,0.3052588763792955,0.5538345092761882,0.11337237292359788,0.012581113052353717,0.014953128368564718,3to4
1920,1921,OADMET-0003453,5.28,train,5to6,3,0.0006859199097169725,0.006123257967028663,0.1909340075784856,0.5983626408756821,0.2038941736690866,5to6
1921,1922,OADMET-0003452,5.67,train,5to6,3,0.0003151909622737675,0.0009436833788366149,0.02891567908143288,0.3233006000424706,0.6465248465349861,gte6
1922,1923,OADMET-0003451,5.66,train,5to6,4,0.0001353629158942781,0.0005472675400684576,0.05797966041130142,0.5006342991593873,0.44070340997334856,5to6
1923,1924,OADMET-0003450,5.28,train,5to6,4,0.0011396301913592006,0.005030647750210243,0.23754600702139325,0.5897993922658155,0.16648432277122188,5to6
1924,1925,OADMET-0003449,5.57,train,5to6,0,0.0016792248246391376,0.01892898340441727,0.5202287818397708,0.41846515013606606,0.04069785979510673,4to5
1925,1926,OADMET-0003448,5.01,train,5to6,2,0.006029186804010645,0.06472736633230392,0.6099988256208533,0.30157524515823597,0.017669376084596157,4to5
1926,1927,OADMET-0003447,5.49,train,5to6,1,0.0006192218248468663,0.00959931402318523,0.37994941878856336,0.5205932829545914,0.08923876240881314,5to6
1927,1928,OADMET-0003446,5.35,train,5to6,4,0.00040577879580938755,0.0017289653509159357,0.07806701358305354,0.47204790397193896,0.4477503382982822,5to6
1928,1929,OADMET-0003445,5.21,train,5to6,3,0.0005140168206912595,0.005721671802570775,0.2269344113454834,0.6176107342482152,0.14921916578303937,5to6
1929,1930,OADMET-0003444,2.55,train,lt3,4,0.20416277024305357,0.6432514590523343,0.1405347840837071,0.0090340522156421,0.0030169344052629527,3to4
1930,1931,OADMET-0003443,2.49,train,lt3,2,0.4676611728372817,0.42143118148686615,0.07895615466584528,0.01201777238514653,0.01993371862486033,lt3
1931,1932,OADMET-0003442,6.325,train,gte6,4,0.00023124452967028525,0.0006113181618794471,0.04099929725129573,0.37213349522674183,0.5860246448304127,gte6
1932,1933,OADMET-0003441,5.75,train,5to6,4,0.0008544396863781932,0.0008525882170951158,0.025457399031154668,0.28761378004303007,0.685221793022342,gte6
1933,1934,OADMET-0003440,5.49,train,5to6,0,0.0016975625590579559,0.024191885105138193,0.44729463246637735,0.46246913988281163,0.06434677998661488,5to6
1934,1935,OADMET-0003439,5.33,train,5to6,1,0.00045069992496370344,0.006067874647133806,0.29028104806466865,0.5496514859662672,0.15354889139696662,5to6
1935,1936,OADMET-0003438,6.0,train,5to6,2,0.000202372092879556,0.001040156256774408,0.04813477138189583,0.42930502713994595,0.5213176731285043,gte6
1936,1937,OADMET-0003437,5.955,train,5to6,3,0.00036118898231950636,0.0021118875480467857,0.13774657176086846,0.6153035727154768,0.24447677899328846,5to6
1937,1938,OADMET-0003436,5.859999999999999,train,5to6,3,6.984349157326446e-05,0.0005253762603488692,0.04902785331694176,0.469606250419285,0.4807706765118511,gte6
1938,1939,OADMET-0003435,5.56,train,5to6,2,0.0007356047490625566,0.002595943034482745,0.047177416677333384,0.395767370686074,0.5537236648530474,gte6
1939,1940,OADMET-0003434,6.01,train,gte6,0,0.0011423233281999366,0.0045591176826894775,0.07136682927581947,0.41720773375842024,0.5057239959548708,gte6
1940,1941,OADMET-0003433,5.83,train,5to6,4,0.0004526961155507453,0.0005897674364723853,0.023979504121967365,0.24770848494819522,0.7272695473778142,gte6
1941,1942,OADMET-0003432,5.48,train,5to6,0,8.56551814789063e-05,0.00108014962256806,0.13024617180503636,0.6232754920467634,0.24531253134415332,5to6
1942,1943,OADMET-0003431,5.7,train,5to6,4,0.0004376383471308915,0.0010040865816991198,0.03858609525060727,0.3562432850967046,0.603728894723858,gte6
1943,1944,OADMET-0003430,3.79,train,3to4,3,0.024627029115968393,0.18815636039030156,0.6013364601457122,0.16874585511408832,0.017134295233929495,4to5
1944,1945,OADMET-0003429,5.31,train,5to6,1,0.00034529027612490603,0.0028851608683041013,0.11769645460356452,0.5036099189961143,0.3754631752558921,5to6
1945,1946,OADMET-0003428,5.09,train,5to6,0,0.003355872821232598,0.02031176771238727,0.2696559841257512,0.5208993794807424,0.18577699585988658,5to6
1946,1947,OADMET-0003427,5.34,train,5to6,2,0.0022278961005697704,0.004437162490230761,0.020184535302910436,0.14060954589166963,0.8325408602146194,gte6
1947,1948,OADMET-0003426,5.49,train,5to6,1,0.00018995844463625923,0.002249174271377136,0.15640373428543633,0.5512220824474345,0.28993505055111574,5to6
1948,1949,OADMET-0003425,5.59,train,5to6,4,0.06745300090185548,0.0725721381008255,0.18303272663631226,0.2334230122420111,0.4435191221189957,gte6
1949,1950,OADMET-0003424,5.69,train,5to6,0,6.9378069551041e-05,0.0006793058904664116,0.044222248121619824,0.4768916505022836,0.4781374174160791,gte6
1950,1951,OADMET-0003423,3.0,train,lt3,3,0.1241200552420312,0.4307734024065725,0.3637083430173806,0.057552936775018236,0.02384526255899747,3to4
1951,1952,OADMET-0003422,5.53,train,5to6,2,0.0003264815057385058,0.0022522954043841404,0.11574245367216632,0.609481996811837,0.27219677260587405,5to6
1952,1953,OADMET-0003421,3.38,train,3to4,2,0.2952933409458409,0.43129691305268136,0.20919804100367978,0.034754727971442814,0.029456977026355167,3to4
1953,1954,OADMET-0003420,5.3,train,5to6,1,3.5494083268118816e-05,0.00027756911907623745,0.031114467501332437,0.4122377768257715,0.5563346924705517,gte6
1954,1955,OADMET-0003419,5.68,train,5to6,0,0.0014850355139570737,0.00438041703292411,0.06328893418990879,0.40636664411368945,0.5244789691495205,gte6
1955,1956,OADMET-0003418,5.44,train,5to6,1,0.00013331995957629002,0.0010683323326887968,0.08055805292295229,0.4968272669985698,0.4214130277862128,5to6
1956,1957,OADMET-0003417,5.87,train,5to6,2,9.449064531155784e-05,0.00019265758473751426,0.0024663913831945794,0.09170876729043981,0.9055376930963165,gte6
1957,1958,OADMET-0003416,4.81,train,4to5,3,0.2831854651459774,0.34135384313143236,0.22369171835829507,0.05939890835291693,0.09237006501137823,3to4
1958,1959,OADMET-0003415,5.89,train,5to6,2,0.01969286887464831,0.03836843542911569,0.21079495001412704,0.40948452395876606,0.32165922172334294,5to6
1959,1960,OADMET-0003414,6.845,train,gte6,2,0.0004099099319782171,0.0019574549538727472,0.045065563227188354,0.4054990713784634,0.5470680005084972,gte6
1960,1961,OADMET-0003413,5.54,train,5to6,4,0.00019920963193464434,0.0010841175417521112,0.13445907504433627,0.6378301227061266,0.22642747507585034,5to6
1961,1962,OADMET-0003412,5.975,train,5to6,1,2.593925841342081e-05,0.00030298423627771377,0.03498920455393047,0.4249393379899042,0.5397425339614742,gte6
1962,1963,OADMET-0003411,5.8,train,5to6,1,7.59497546748098e-05,0.0006374551326200618,0.04295333392148696,0.42243152043246496,0.5339017407587532,gte6
1963,1964,OADMET-0003410,2.28,train,lt3,3,0.22763809398210483,0.5349384157683733,0.1846054360277727,0.024720555238236387,0.028097498983512707,3to4
1964,1965,OADMET-0003409,6.41,train,gte6,1,0.001971869449340144,0.006954009477919206,0.05296751729779544,0.31766816211868526,0.6204384416562599,gte6
1965,1966,OADMET-0003408,5.45,train,5to6,1,0.0017753853603180271,0.014747751993458617,0.37008559996795615,0.4910253027209221,0.12236595995734507,5to6
1966,1967,OADMET-0003407,5.48,train,5to6,2,9.377731576416561e-05,0.00048219773969172873,0.033842925344774163,0.41289857472137886,0.5526825248783911,gte6
1967,1968,OADMET-0003406,5.85,train,5to6,3,0.00010975907280618638,0.0006767138301792865,0.03996822637135407,0.4204485742457538,0.5387967264799066,gte6
1968,1969,OADMET-0003405,2.42,train,lt3,0,0.5031956572497933,0.44225631379202124,0.03316002057699543,0.006449688868844715,0.014938319512345293,lt3
1969,1970,OADMET-0003404,5.88,train,5to6,0,0.002988975718883638,0.009983918599367389,0.134216278385182,0.47009917951391794,0.38271164778264904,5to6
1970,1971,OADMET-0003403,5.61,train,5to6,2,0.00041949150652917627,0.0019612385054915272,0.06360069099045006,0.46771596218741834,0.4663026168101109,5to6
1971,1972,OADMET-0003402,5.81,train,5to6,0,0.030126100013251042,0.12304622519514789,0.3900695988340542,0.35368254319619796,0.10307553276134891,4to5
1972,1973,OADMET-0003401,5.25,train,5to6,2,0.0010269580606492902,0.00418445121575088,0.0638808502389495,0.40082411003004503,0.5300836304546053,gte6
1973,1974,OADMET-0003400,5.38,train,5to6,0,0.0003253908511510205,0.003858362156433049,0.2309242535355266,0.6215678182638069,0.14332417519308246,5to6
1974,1975,OADMET-0003399,5.3,train,5to6,3,9.073801430460788e-05,0.0006593823055299013,0.06127345054902781,0.5252454761561905,0.41273095297494716,5to6
1975,1976,OADMET-0003398,5.33,train,5to6,2,0.0007685087487012715,0.0033208268580348197,0.08050677784764945,0.47961916682044103,0.43578471972517346,5to6
1976,1977,OADMET-0003397,6.470000000000001,train,gte6,2,0.0017144672770823101,0.0027429791670805764,0.016632480287371163,0.22584563141417285,0.7530644418542931,gte6
1977,1978,OADMET-0003396,5.33,train,5to6,0,0.0006037109348631134,0.001175770639545479,0.0234517415268126,0.2977635529662185,0.6770052239325604,gte6
1978,1979,OADMET-0003395,5.58,train,5to6,2,5.103008955544683e-05,0.00029086270473884147,0.021982664864099166,0.360476056253876,0.6171993860877305,gte6
1979,1980,OADMET-0003394,1.74,train,lt3,3,0.5372369715328729,0.38307555296964124,0.04072526340870284,0.00843552473298475,0.030526687355798325,lt3
1980,1981,OADMET-0003393,1.97,train,lt3,3,0.3785687203653404,0.3499480912487016,0.11233623526852184,0.03648995058845968,0.12265700252897653,lt3
1981,1982,OADMET-0003392,3.33,train,3to4,0,0.6641982369418266,0.3057616134033397,0.01614937973035992,0.0022931716531845864,0.011597598271289236,lt3
1982,1983,OADMET-0003391,5.06,train,5to6,2,0.0009241906303932814,0.006720663103876528,0.25757360671271173,0.6070352842914296,0.12774625526158886,5to6
1983,1984,OADMET-0003390,5.29,train,5to6,3,0.0009969894250564427,0.009380758685404675,0.32502615262622625,0.5708004202996356,0.09379567896367703,5to6
1984,1985,OADMET-0003389,5.31,train,5to6,4,0.00015124842754129863,0.001100513247781983,0.14799739132471568,0.6341693873999689,0.2165814595999922,5to6
1985,1986,OADMET-0003388,5.5,train,5to6,4,0.001801995377204254,0.0014175221247755946,0.04046228639188916,0.334890166185107,0.621428029921024,gte6
1986,1987,OADMET-0003387,4.97,train,4to5,4,0.00945735992488362,0.10836151876302742,0.6425666147207536,0.22051830363860228,0.01909620295273305,4to5
1987,1988,OADMET-0003386,3.35,train,3to4,3,0.47257218844702875,0.49644298646307133,0.023205464836865787,0.0028491928361710525,0.004930167416863092,3to4
1988,1989,OADMET-0003385,5.48,train,5to6,3,0.0056462235283719926,0.031910458559588,0.3828819317172093,0.44971543167005923,0.1298459545247715,5to6
1989,1990,OADMET-0003384,5.16,train,5to6,1,0.0005291590415054373,0.002930103604006095,0.10279455906036676,0.4854652940681115,0.4082808842260102,5to6
1990,1991,OADMET-0003383,5.38,train,5to6,0,0.010545627479191815,0.11745631990145951,0.6110724960444098,0.22404844132187582,0.036877115253063024,4to5
1991,1992,OADMET-0003381,4.635,train,4to5,0,0.028746826080865512,0.13896827750913016,0.5857088681847039,0.20035376992902554,0.04622225829627483,4to5
1992,1993,OADMET-0003380,5.02,train,5to6,4,0.004387749912530764,0.020387348195843386,0.3464435408343898,0.47881428366015394,0.14996707739708215,5to6
1993,1994,OADMET-0003379,5.68,train,5to6,1,0.0010940038649545447,0.015001671750733513,0.4370982481057256,0.46221898232081576,0.08458709395777055,5to6
1994,1995,OADMET-0003378,5.51,train,5to6,4,0.00022368587095651982,0.0025091569413812215,0.23242005713950611,0.620465636470052,0.14438146357810408,5to6
1995,1996,OADMET-0003377,5.57,train,5to6,1,0.00011945162041480108,0.0012502950218220919,0.0977263045276728,0.5215747578913056,0.3793291909387848,5to6
1996,1997,OADMET-0003376,5.81,train,5to6,0,0.00012103345619789904,0.0005975007278869513,0.027722713531028724,0.3778015799196164,0.59375717236527,gte6
1997,1998,OADMET-0003375,5.19,train,5to6,1,0.012970632402361683,0.07108136008291221,0.5541101492845493,0.29119341507875995,0.07064444315141692,4to5
1998,1999,OADMET-0003374,5.16,train,5to6,3,0.0005945087045487992,0.0032576871311503644,0.12716994896886635,0.5645246976259843,0.3044531575694502,5to6
1999,2000,OADMET-0003373,1.86,train,lt3,1,0.4004408898635043,0.5394949756011199,0.05077362657834233,0.005608131014505313,0.0036823769425281517,3to4
2000,2001,OADMET-0003372,5.37,train,5to6,4,0.0001877348360148215,0.00012178955953019181,0.005650665477901531,0.15258520482114624,0.8414546053054073,gte6
2001,2002,OADMET-0003371,5.05,train,5to6,1,0.003909026492518105,0.024281706997179218,0.4178987180738119,0.43264183662522215,0.12126871181126866,5to6
2002,2003,OADMET-0003370,2.45,train,lt3,3,0.5755674211854225,0.35906310937331637,0.03410048411250427,0.0082066879047244,0.02306229742403254,lt3
2003,2004,OADMET-0003369,1.96,train,lt3,0,0.37683864726054206,0.5447448390583538,0.05780997392144103,0.007895764747713419,0.012710775011949707,3to4
2004,2005,OADMET-0003368,6.27,train,gte6,4,0.006321531918244714,0.016656114945324856,0.14063621461489445,0.4062125212674311,0.43017361725410486,gte6
2005,2006,OADMET-0003367,5.56,train,5to6,2,0.0008410983266594736,0.005587262187655112,0.19451874794598367,0.5653511372987444,0.23370175424095738,5to6
2006,2007,OADMET-0003366,5.59,train,5to6,4,0.0358792101722838,0.1607835167763161,0.5397836050358952,0.20360563998826803,0.05994802802723688,4to5
2007,2008,OADMET-0003365,5.58,train,5to6,0,0.00016327333748743434,0.0010605159049667692,0.06888471738455877,0.49488867727739577,0.43500281609559127,5to6
2008,2009,OADMET-0003364,3.18,train,3to4,4,0.049760140107869055,0.05534928995855681,0.18757581571060555,0.29058414481145034,0.4167306094115182,gte6
2009,2010,OADMET-0003363,5.84,train,5to6,4,0.00432520042855014,0.005895589601854575,0.1664415483781461,0.5331605188512352,0.290177142740214,5to6
2010,2011,OADMET-0003362,5.61,train,5to6,0,0.0011663920096063418,0.007687632514739594,0.22444498698356843,0.5862392228749339,0.18046176561715171,5to6
2011,2012,OADMET-0003361,1.88,train,lt3,4,0.736770489151368,0.21046337083048847,0.02186111846314005,0.004449936325635263,0.026455085229368163,lt3
2012,2013,OADMET-0003360,5.39,train,5to6,1,0.0060360541518536944,0.019674425321695898,0.2483197222995846,0.44415648365270305,0.28181331457416275,5to6
2013,2014,OADMET-0003358,4.86,train,4to5,0,0.012845454963034166,0.048309662518771286,0.3521600172133734,0.4200559623694962,0.16662890293532492,5to6
2014,2015,OADMET-0003357,6.255,train,gte6,1,0.00019660163372996444,0.000947459803215194,0.017144671211687584,0.25558111819516677,0.7261301491562004,gte6
2015,2016,OADMET-0003356,5.45,train,5to6,1,5.241275931267967e-05,0.0006141082669060645,0.06909248775054447,0.4910409306368808,0.43920006058635597,5to6
2016,2017,OADMET-0003355,2.96,train,lt3,0,0.29288085967808003,0.40079548507039825,0.19987961426511838,0.046768016590535456,0.05967602439586791,3to4
2017,2018,OADMET-0003354,3.9,train,3to4,1,0.3621929437513561,0.48156328016073974,0.09752019840209863,0.022474470558691114,0.03624910712711447,3to4
2018,2019,OADMET-0003353,5.64,train,5to6,3,0.0006997568794829748,0.009355106118743246,0.33884124961794443,0.5753493141572307,0.07575457322659863,5to6
2019,2020,OADMET-0003352,5.59,train,5to6,3,0.0001478618836552497,0.0008749343341515242,0.05733405953273195,0.4842144679459948,0.45742867630346645,5to6
2020,2021,OADMET-0003351,5.07,train,5to6,2,0.008094695690733504,0.019412007887911337,0.208062030481565,0.4960316897791213,0.26839957616066884,5to6
2021,2022,OADMET-0003350,5.82,train,5to6,2,0.0007288486422877518,0.004152522065964293,0.10817422257356513,0.49173159700950386,0.395212809708679,5to6
2022,2023,OADMET-0003349,5.41,train,5to6,0,0.0003925129109814621,0.0036743769689998665,0.2860544010496214,0.6083601084378717,0.1015186006325256,5to6
2023,2024,OADMET-0003348,6.33,train,gte6,1,5.262876254133919e-05,0.0005548628431800868,0.06371992122109871,0.479843142713815,0.45582944445936485,5to6
2024,2025,OADMET-0003347,5.83,train,5to6,3,0.0006768907628924352,0.0016997049907923978,0.021359424594247563,0.26520412609226346,0.7110598535598042,gte6
2025,2026,OADMET-0003346,5.34,train,5to6,3,0.008021436332857745,0.043274505314435614,0.45595101803723653,0.41447083598111434,0.07828220433435573,4to5
2026,2027,OADMET-0003345,4.975,train,4to5,3,0.0016040155248144043,0.0047851979407382466,0.12775536292005332,0.564131576067339,0.301723847547055,5to6
2027,2028,OADMET-0003344,6.26,train,gte6,4,0.0007908758083376044,0.0021370362842880247,0.07392962982833873,0.42273011579711217,0.5004123422819234,gte6
2028,2029,OADMET-0003343,5.965,train,5to6,2,0.0021927746011741666,0.006682648930726818,0.1525387945307955,0.5327958577509092,0.30578992418639434,5to6
2029,2030,OADMET-0003342,5.38,train,5to6,2,0.036274857278542856,0.06351072246565338,0.25573244309824045,0.40063768028262736,0.24384429687493597,5to6
2030,2031,OADMET-0003341,6.09,train,gte6,0,0.0001093201504211209,0.00033649663331024,0.0032557382089874708,0.15643799823935114,0.83986044676793,gte6
2031,2032,OADMET-0003340,4.98,train,4to5,2,0.0036615087982060854,0.012754518167508121,0.17355749996037048,0.5299282515791637,0.2800982214947516,5to6
2032,2033,OADMET-0003339,2.62,train,lt3,4,0.5466683040480285,0.4289778402959047,0.009177886097762907,0.0009929002579539211,0.014183069300350059,lt3
2033,2034,OADMET-0003338,5.42,train,5to6,0,0.0017371529251656386,0.01579090394447346,0.37503525623470435,0.5166149736653582,0.0908217132302983,5to6
2034,2035,OADMET-0003337,5.01,train,5to6,2,0.004384524748515402,0.0065852754297306155,0.0352671712740743,0.2791802346903322,0.6745827938573474,gte6
2035,2036,OADMET-0003336,5.65,train,5to6,3,0.00024359441294503616,0.000829454948260569,0.010868646589748432,0.19504190182665584,0.7930164022223901,gte6
2036,2037,OADMET-0003335,1.85,train,lt3,0,0.15982604981051962,0.5336895406126757,0.24289935012871716,0.034631623656732544,0.028953435791354915,3to4
2037,2038,OADMET-0003334,6.16,train,gte6,1,5.606800813364373e-05,0.00024446242164841397,0.003900840109705819,0.13324135301829512,0.862557276442217,gte6
2038,2039,OADMET-0003333,5.44,train,5to6,4,0.0002478756933197995,0.00044484739036469,0.0306852812738439,0.3537116932436648,0.6149103023988067,gte6
2039,2040,OADMET-0003332,5.29,train,5to6,0,0.0002564778278410422,0.0019627302091399317,0.1202861228081443,0.6101763887287964,0.2673182804260783,5to6
2040,2041,OADMET-0003331,5.67,train,5to6,2,0.001242732216711857,0.008673049999619502,0.3021839107323474,0.5937294061924622,0.0941709008588591,5to6
2041,2042,OADMET-0003330,5.29,train,5to6,0,7.591144872996924e-05,0.0005387137680132152,0.04807917433448164,0.4786070319334662,0.47269916851530897,5to6
2042,2043,OADMET-0003329,5.67,train,5to6,0,0.008921243433158244,0.02517338334937993,0.26635227153054436,0.4711552060818435,0.22839789560507395,5to6
2043,2044,OADMET-0003328,5.13,train,5to6,0,0.038021128341398175,0.053838107333793433,0.09106845340826769,0.24675838465423594,0.5703139262623047,gte6
2044,2045,OADMET-0003327,5.69,train,5to6,4,0.001314003998049554,0.0022141748321817434,0.0895026203848302,0.44991782883737663,0.4570513719475619,gte6
2045,2046,OADMET-0003326,5.39,train,5to6,2,0.0282336785381602,0.07952708617645544,0.45399641229590826,0.33504926596685614,0.10319355702261997,4to5
2046,2047,OADMET-0003325,5.69,train,5to6,4,0.00030926655423803724,0.0002530400789594479,0.008330537851026689,0.18702596231688895,0.8040811931988868,gte6
2047,2048,OADMET-0003324,5.86,train,5to6,4,0.01591426089645566,0.028288361757387543,0.22712274751283001,0.37641089102967945,0.3522637388036473,5to6
2048,2049,OADMET-0003323,2.69,train,lt3,0,0.10639381773407346,0.3207108414914592,0.4045879964845773,0.11039837856275812,0.057908965727131965,4to5
2049,2050,OADMET-0003322,6.23,train,gte6,3,0.0011785618340570973,0.0038556994660495394,0.11544859485940191,0.5211996470704185,0.3583174967700729,5to6
2050,2051,OADMET-0003321,5.84,train,5to6,4,0.00041572017771626137,0.00044324096263790083,0.028469237514698546,0.35934321916795287,0.6113285821769945,gte6
2051,2052,OADMET-0003320,5.24,train,5to6,4,0.00012954501716747825,0.00256367673738713,0.25118779553459397,0.6352528186312266,0.11086616407962478,5to6
2052,2053,OADMET-0003319,5.13,train,5to6,4,0.0011827648793704157,0.008594219531821668,0.23587944991059398,0.5604796978901527,0.1938638677880612,5to6
2053,2054,OADMET-0003318,5.45,train,5to6,0,0.0219731008901255,0.1186351002338225,0.508567022883573,0.29248403794636485,0.05834073804611416,4to5
2054,2055,OADMET-0003317,2.65,train,lt3,0,0.5822416571073311,0.36869907550839276,0.02395470824071536,0.004571921213399252,0.020532637930161496,lt3
2055,2056,OADMET-0003316,5.945,train,5to6,2,0.00040907178936699923,0.0013021572640336788,0.0301250062968755,0.326119534149172,0.6420442305005518,gte6
2056,2057,OADMET-0003315,5.1,train,5to6,1,0.018857324390538086,0.06180961768062999,0.4534263287479449,0.3428081552899918,0.12309857389089517,4to5
2057,2058,OADMET-0003314,5.77,train,5to6,3,0.0008335816096224725,0.00959454849865002,0.2527044416797778,0.5828856232835661,0.15398180492838356,5to6
2058,2059,OADMET-0003313,3.31,train,3to4,2,0.1816585140197388,0.5827507739343836,0.19962162470097666,0.021600828572329478,0.014368258772571453,3to4
2059,2060,OADMET-0003312,5.865,train,5to6,4,0.0005066253220627388,0.006595779958519442,0.3289785293790769,0.5896024540276051,0.07431661131273586,5to6
2060,2061,OADMET-0003311,5.78,train,5to6,3,0.0005844344286582797,0.0024714255781719437,0.02918625631991725,0.29234635920114566,0.6754115244721068,gte6
2061,2062,OADMET-0003310,5.64,train,5to6,1,0.010132564700678299,0.030655384527413322,0.3148325836036386,0.4224149392001964,0.2219645279680734,5to6
2062,2063,OADMET-0003309,5.33,train,5to6,3,0.0033082002589020863,0.007830952250412,0.10957781164211512,0.5173308820426601,0.36195215380591067,5to6
2063,2064,OADMET-0003308,5.0,train,4to5,1,0.00014081297132110038,0.0027210150486621813,0.22859216533937596,0.6038452799954994,0.16470072664514135,5to6
2064,2065,OADMET-0003306,5.76,train,5to6,4,7.446859841576107e-05,5.5520825652333595e-05,0.0030474817142125384,0.11945107850918482,0.8773714503525345,gte6
2065,2066,OADMET-0003305,1.83,train,lt3,1,0.016844686183499866,0.06996405150727947,0.498016925521258,0.3009684991127569,0.11420583767520576,4to5
2066,2067,OADMET-0003303,5.62,train,5to6,0,0.0001851478866598106,0.0018205758691423057,0.10674308799316623,0.5870229685795101,0.3042282196715216,5to6
2067,2068,OADMET-0003302,4.86,train,4to5,3,0.08736560269389168,0.24833360304436702,0.47067296330171604,0.15299981254338102,0.04062801841664424,4to5
2068,2069,OADMET-0003301,5.42,train,5to6,2,0.0017919995324239203,0.0073813934650461925,0.14796577175245004,0.5410879174342652,0.30177291781581467,5to6
2069,2070,OADMET-0003300,5.27,train,5to6,4,0.001749940477983986,0.006733474449472561,0.17658714064058642,0.5076012356700221,0.3073282087619349,5to6
2070,2071,OADMET-0003299,4.75,train,4to5,1,0.0006146436611134213,0.006756240013886854,0.30770977369910774,0.5355249994630387,0.14939434316285333,5to6
2071,2072,OADMET-0003298,5.85,train,5to6,4,0.00013281013059596844,0.0010628866357347624,0.10223976163979293,0.5495330498535741,0.3470314917403022,5to6
2072,2073,OADMET-0003297,5.55,train,5to6,2,0.0009526296055299765,0.003931538668445204,0.09501831235713752,0.5118469597100855,0.3882505596588018,5to6
2073,2074,OADMET-0003296,5.77,train,5to6,1,2.8480251940734288e-05,0.0002207888918015784,0.012469764070480716,0.29209337912471767,0.6951875876610593,gte6
2074,2075,OADMET-0003295,1.73,train,lt3,3,0.10046417041575528,0.19113930632607698,0.35263480947982945,0.18859543974856793,0.16716627402977033,4to5
2075,2076,OADMET-0003294,5.23,train,5to6,2,0.0005556739634549797,0.003885423299377484,0.17369514705772687,0.6082369089834668,0.21362684669597387,5to6
2076,2077,OADMET-0003293,5.25,train,5to6,2,0.0014279851377786972,0.017467994584462146,0.4910888840287825,0.45766784735774274,0.032347288891233957,4to5
2077,2078,OADMET-0003292,5.43,train,5to6,4,6.113847324891823e-05,7.047517826607316e-05,0.008647014160771389,0.2332334755448803,0.7579878966428333,gte6
2078,2079,OADMET-0003291,5.865,train,5to6,4,0.0024012442147808275,0.00742809221878515,0.13453457244971273,0.4591275321237667,0.39650855899295456,5to6
2079,2080,OADMET-0003289,5.2,train,5to6,1,8.873895295501183e-05,0.0007863049865496661,0.06199490563213454,0.4876440097991193,0.44948604062924147,5to6
2080,2081,OADMET-0003288,5.39,train,5to6,1,0.005382847734652061,0.019006631211193017,0.2126880825285872,0.4340895598298637,0.32883287869570405,5to6
2081,2082,OADMET-0003287,5.27,train,5to6,3,0.0004050661956365776,0.0017103717518270308,0.04178067520315156,0.3850332957324052,0.5710705911169797,gte6
2082,2083,OADMET-0003286,5.51,train,5to6,0,0.00030324095147025396,0.0029926511220965154,0.17457335776837796,0.6063220358363992,0.21580871432165613,5to6
2083,2084,OADMET-0003285,1.73,train,lt3,4,0.01415394335296768,0.09755942298155529,0.5986498181707351,0.2565913619587563,0.03304545353598561,4to5
2084,2085,OADMET-0003284,4.89,train,4to5,2,0.00033048527442615703,0.0016194147134191757,0.054670823500331985,0.4589395644783443,0.4844397120334784,gte6
2085,2086,OADMET-0003283,5.79,train,5to6,2,0.00026426576665112195,0.0008265765719799414,0.02210464604106669,0.31613461776826096,0.6606698938520412,gte6
2086,2087,OADMET-0003282,5.55,train,5to6,3,0.000397234433232546,0.0007617276388061926,0.005965194285171198,0.11412866578011568,0.8787471778626744,gte6
2087,2088,OADMET-0003281,5.45,train,5to6,4,0.046562026236178056,0.11753357902369374,0.4934256668940584,0.22185680102448468,0.12062192682158511,4to5
2088,2089,OADMET-0003280,5.32,train,5to6,1,0.0012227508867384868,0.008000384191056224,0.26181316723193754,0.517508811666165,0.21145488602410267,5to6
2089,2090,OADMET-0003279,4.98,train,4to5,4,0.00011695111670157116,0.000858029010854876,0.12615244863992617,0.6377309794522917,0.23514159178022565,5to6
2090,2091,OADMET-0003278,5.31,train,5to6,0,0.00045357656669037325,0.0012749634229866972,0.02093719205839827,0.30815861951020523,0.6691756484417194,gte6
2091,2092,OADMET-0003277,5.85,train,5to6,0,0.00012849536018527682,0.001062344283807442,0.05815575588350315,0.4860290242104207,0.45462438026208346,5to6
2092,2093,OADMET-0003276,5.79,train,5to6,4,0.08763980996072009,0.21692203308525732,0.3874499855555592,0.14406360900496853,0.16392456239349487,4to5
2093,2094,OADMET-0003275,5.96,train,5to6,0,0.0007679318808430151,0.002312924582305315,0.0343574713143318,0.3115249696316186,0.6510367025909013,gte6
2094,2095,OADMET-0003274,1.74,train,lt3,1,0.6553471617318515,0.2897706300136848,0.033920250485536874,0.008609615178121472,0.012352342590805358,lt3
2095,2096,OADMET-0003273,5.54,train,5to6,4,8.87550693920481e-05,8.254586182659349e-05,0.005118161378040779,0.1557376812948475,0.838972856395893,gte6
2096,2097,OADMET-0003272,5.13,train,5to6,4,0.0001620256121108336,0.0012322507412369091,0.09658515698036002,0.5496812602067813,0.3523393064595109,5to6
2097,2098,OADMET-0003271,5.62,train,5to6,0,0.0007820257539571063,0.010707815432805816,0.37940392482250124,0.5375766414642185,0.07152959252651735,5to6
2098,2099,OADMET-0003270,5.99,train,5to6,2,0.0003972620387666504,0.0016844845025890127,0.060713464991688934,0.4505450333646078,0.48665975510234755,gte6
2099,2100,OADMET-0003269,5.83,train,5to6,1,0.00919331015449108,0.04881170946164821,0.48369989887308723,0.35921581174520395,0.09907926976556952,4to5
2100,2101,OADMET-0003268,4.99,train,4to5,2,0.008333879134963768,0.04090766130344597,0.44195416470690774,0.4453463844715123,0.06345791038317021,5to6
2101,2102,OADMET-0003267,1.75,train,lt3,1,0.22794446879868555,0.5760219231253006,0.16230784734496492,0.018966619366934043,0.014759141364114856,3to4
2102,2103,OADMET-0003266,6.18,train,gte6,4,0.00042109846278390523,0.00028567071438631434,0.002476349241610354,0.05826158079916005,0.9385553007820594,gte6
2103,2104,OADMET-0003265,5.15,train,5to6,0,0.00034402080238126414,0.002475697497553321,0.03774573205717579,0.407131365718276,0.5523031839246136,gte6
2104,2105,OADMET-0003264,5.265000000000001,train,5to6,1,0.00021421620757339346,0.0030588148454794937,0.1878539135594836,0.5707054615138385,0.23816759387362502,5to6
2105,2106,OADMET-0003263,4.78,train,4to5,0,0.007877619614677903,0.03185237817815262,0.3751167944955583,0.4630432188814386,0.12210998883017253,5to6
2106,2107,OADMET-0003262,5.2,train,5to6,1,0.00037586510076009777,0.001923752412042979,0.044185394654548286,0.3445474080350958,0.6089675797975528,gte6
2107,2108,OADMET-0003261,1.74,train,lt3,3,0.43153375105863784,0.468298223541968,0.06338979262511381,0.009335144362090146,0.02744308841219021,3to4
2108,2109,OADMET-0003260,5.98,train,5to6,4,0.0030517513927177512,0.01179978662449171,0.2979393400511489,0.5243592433189727,0.16284987861266895,5to6
2109,2110,OADMET-0003258,6.105,train,gte6,3,0.02032930966528004,0.041740134436153126,0.3015801018133389,0.3411343104040889,0.295216143681139,5to6
2110,2111,OADMET-0003257,6.6850000000000005,train,gte6,2,0.001126656573866205,0.005454993963000424,0.15601550489429084,0.5481841125121912,0.2892187320566513,5to6
2111,2112,OADMET-0003256,5.09,train,5to6,1,0.00035408688370954514,0.0028679277002503097,0.1446059308616358,0.5263670546105778,0.32580499994382656,5to6
2112,2113,OADMET-0003255,5.18,train,5to6,2,0.00045171827324376923,0.005814083733763823,0.3393820157248804,0.5883534431145904,0.0659987391535216,5to6
2113,2114,OADMET-0003254,2.93,train,lt3,0,0.10137375595232481,0.439090109453948,0.32249203804868515,0.06515203513431601,0.07189206141072603,3to4
2114,2115,OADMET-0003253,5.47,train,5to6,0,0.0008388123578669843,0.00378932373679535,0.07436729749858201,0.43138264346719546,0.4896219229395602,gte6
2115,2116,OADMET-0003252,5.05,train,5to6,2,0.060297203891278905,0.11379435210138733,0.3177285277251143,0.3118636391425337,0.19631627713968583,4to5
2116,2117,OADMET-0003251,5.1,train,5to6,2,0.0009791863934880797,0.003829990779893625,0.13437204180260923,0.5577302623807651,0.30308851864324404,5to6
2117,2118,OADMET-0003250,5.06,train,5to6,4,0.0004070531887419665,0.0008842810049311938,0.08698257968749173,0.4812676287528184,0.4304584573660167,5to6
2118,2119,OADMET-0003249,5.08,train,5to6,1,0.0008308086016844826,0.003826021241975273,0.11313308849837858,0.47411793782232137,0.4080921438356403,5to6
2119,2120,OADMET-0003248,1.83,train,lt3,2,0.03836142973942947,0.15787775638091092,0.5403970419571135,0.21469326077371917,0.04867051114882703,4to5
2120,2121,OADMET-0003247,5.26,train,5to6,1,0.010599571309796269,0.02813870653921377,0.25995642019423587,0.444974095872531,0.2563312060842231,5to6
2121,2122,OADMET-0003246,5.765000000000001,train,5to6,4,0.029184657536732824,0.06099718695511693,0.34059234819202966,0.3633494309457125,0.2058763763704081,5to6
2122,2123,OADMET-0003245,5.31,train,5to6,4,0.0007080039593189869,0.0026388383413140557,0.0818057236347497,0.4395153072013176,0.4753321268632996,gte6
2123,2124,OADMET-0003244,5.99,train,5to6,2,0.00014569759291422482,0.0004161365648965151,0.005126515580939407,0.12721907042987568,0.8670925798313742,gte6
2124,2125,OADMET-0003243,1.91,train,lt3,3,0.4333129081881934,0.4076315623943356,0.08817399742615976,0.023505269693034042,0.04737626229827717,lt3
2125,2126,OADMET-0003242,5.21,train,5to6,3,0.010232499619557063,0.05477373950118101,0.5100798516613271,0.3692056173319866,0.05570829188594823,4to5
2126,2127,OADMET-0003241,5.83,train,5to6,1,0.0019701197275537505,0.006891482811669994,0.05834805081796339,0.2988990772311329,0.63389126941168,gte6
2127,2128,OADMET-0003240,6.215,train,gte6,1,2.6433016331918137e-05,0.00023633213211635818,0.021118883635118997,0.3784580336728208,0.6001603175436119,gte6
2128,2129,OADMET-0003239,3.78,train,3to4,1,0.5404173505317599,0.4147615556937922,0.034039093617574116,0.005591321967905864,0.005190678188967967,lt3
2129,2130,OADMET-0003238,5.19,train,5to6,4,0.0002648750640800056,0.00032883707545494785,0.02438612814809698,0.3145379390224396,0.6604822206899285,gte6
2130,2131,OADMET-0003237,5.38,train,5to6,4,0.001958522742452095,0.015844177694495663,0.2952307805395687,0.5494992816162886,0.13746723740719502,5to6
2131,2132,OADMET-0003236,1.77,train,lt3,3,0.30157383377630015,0.3379069466022567,0.19977515340521473,0.054200051599739445,0.10654401461648898,3to4
2132,2133,OADMET-0003235,5.19,train,5to6,2,0.000611998609038064,0.004250275920262786,0.20633052375958055,0.6094288851529639,0.1793783165581547,5to6
2133,2134,OADMET-0003234,5.43,train,5to6,4,9.197185103957264e-05,0.00013884597816806552,0.009147305940861012,0.16920407057196166,0.8214178056579697,gte6
2134,2135,OADMET-0003233,5.58,train,5to6,4,0.0003694440139066883,0.0026269190912440706,0.12678033772107747,0.5133144526121409,0.3569088465616308,5to6
2135,2136,OADMET-0003232,4.65,train,4to5,3,0.010789453102226617,0.047808405234517556,0.46766188958502325,0.3824068623707018,0.0913333897075308,4to5
2136,2137,OADMET-0003231,5.48,train,5to6,1,0.004818059593775488,0.018226657402266887,0.26721936962044557,0.468954959306027,0.2407809540774851,5to6
2137,2138,OADMET-0003230,5.29,train,5to6,0,0.0021873602176403395,0.007082983837634691,0.09443846202365555,0.47393876357451575,0.4223524303465537,5to6
2138,2139,OADMET-0003229,4.97,train,4to5,4,0.00045064729744888116,0.0017225824094015338,0.1328860839644096,0.5345015607487096,0.3304391255800304,5to6
2139,2140,OADMET-0003228,5.4,train,5to6,2,0.0011625126995088717,0.005537267802706894,0.10809148903424218,0.48766187083175433,0.3975468596317877,5to6
2140,2141,OADMET-0003227,5.21,train,5to6,0,0.023351518654744316,0.1131831567099612,0.47038698634493153,0.3204353183548462,0.07264301993551682,4to5
2141,2142,OADMET-0003226,5.77,train,5to6,3,0.00012968237378100495,0.0009942785689609982,0.06201653463255475,0.48531567332151404,0.4515438311031892,5to6
2142,2143,OADMET-0003225,1.82,train,lt3,1,0.5034881063016915,0.45138911858601233,0.03465213136300185,0.005114071828626448,0.005356571920667891,lt3
2143,2144,OADMET-0003224,4.12,train,4to5,3,0.004155485376768217,0.019534928496753232,0.2690577475696599,0.518365257904338,0.1888865806524807,5to6
2144,2145,OADMET-0003223,5.76,train,5to6,4,0.0009141743467876643,0.006171809387252713,0.21984082025325166,0.5564755091209853,0.21659768689172262,5to6
2145,2146,OADMET-0003222,5.1,train,5to6,1,0.0032543629297012875,0.02030751760089863,0.38314984453683276,0.39192850561957515,0.2013597693129922,5to6
2146,2147,OADMET-0003221,5.74,train,5to6,4,0.0014338517198472908,0.006816008776273213,0.30114500463139654,0.551273621059409,0.13933151381307393,5to6
2147,2148,OADMET-0003220,5.01,train,5to6,3,0.0037135682330599966,0.020731632375423765,0.2385357485595057,0.5241701907299748,0.21284886010203566,5to6
2148,2149,OADMET-0003219,5.17,train,5to6,4,0.010318116313735349,0.026038821859393702,0.28635904272932294,0.44890308505549026,0.22838093404205778,5to6
2149,2150,OADMET-0003218,5.11,train,5to6,3,0.0008385410326876534,0.006776063814473728,0.2361135955416825,0.6038088482909169,0.1524629513202392,5to6
2150,2151,OADMET-0003217,4.220000000000001,train,4to5,3,0.31259815429345916,0.49029717546435186,0.126850122266909,0.02126335067379518,0.04899119730148477,3to4
2151,2152,OADMET-0003216,1.78,train,lt3,2,0.1589014149285115,0.27289305694213956,0.34966201746736375,0.12985732474177128,0.08868618592021389,4to5
2152,2153,OADMET-0003215,5.14,train,5to6,0,0.00029472513948481283,0.0019078541648648905,0.06684287428343406,0.48294143357890307,0.4480131128333132,5to6
2153,2154,OADMET-0003214,5.66,train,5to6,2,0.0013980914363185236,0.005423839665886126,0.14317303885949798,0.5315975543123687,0.3184074757259287,5to6
2154,2155,OADMET-0003213,1.75,train,lt3,4,0.8077284829123995,0.1491053874454433,0.009631016453130447,0.002067660016210638,0.03146745317281611,lt3
2155,2156,OADMET-0003212,5.98,train,5to6,0,0.005152373034635761,0.0076222055422661954,0.05776577359496663,0.32082816495295935,0.6086314828751721,gte6
2156,2157,OADMET-0003211,5.6,train,5to6,4,0.0011552929081875215,0.0074873097314053704,0.32051111684481637,0.5587904180710687,0.11205586244452205,5to6
2157,2158,OADMET-0003210,5.3,train,5to6,2,0.0035997935221470405,0.026396543555792407,0.4470582138472881,0.4675503211197886,0.05539512795498385,5to6
2158,2159,OADMET-0003209,4.95,train,4to5,2,0.0012729971005369896,0.004884893464090334,0.11549657403066045,0.5187635936874057,0.3595819417173066,5to6
2159,2160,OADMET-0003208,5.13,train,5to6,0,0.0014362279031453525,0.0142980326762826,0.3458095122055996,0.547200310939544,0.09125591627542846,5to6
2160,2161,OADMET-0003207,5.67,train,5to6,1,0.09625532836673142,0.187293178859844,0.3797520242539057,0.20555353930419457,0.13114592921532428,4to5
2161,2162,OADMET-0003206,5.29,train,5to6,3,0.0009868978628416783,0.009779567935005791,0.29605090935210276,0.5557939469736353,0.13738867787641454,5to6
2162,2163,OADMET-0003205,5.14,train,5to6,1,0.0002954710416612418,0.003223901049427947,0.2034844544339715,0.5627404873810907,0.23025568609384858,5to6
2163,2164,OADMET-0003204,1.87,train,lt3,0,0.6312359902955409,0.28116594566733805,0.04016353394150825,0.012778755673166359,0.034655774422446405,lt3
2164,2165,OADMET-0003203,5.78,train,5to6,1,2.3111547052242027e-05,0.00020961068233058024,0.02028981467442151,0.3656715556255279,0.6138059074706678,gte6
2165,2166,OADMET-0003202,4.96,train,4to5,2,0.02124376912151879,0.06765865358110303,0.4119210135808323,0.38043810925235316,0.11873845446419276,4to5
2166,2167,OADMET-0003201,5.71,train,5to6,1,4.610785443141757e-05,0.0005152120525383596,0.0449888838172802,0.45071904143610003,0.50373075483965,gte6
2167,2168,OADMET-0003200,5.89,train,5to6,2,0.001012767766294181,0.0041154072933262745,0.1571334129816142,0.5764500412202841,0.2612883707384812,5to6
2168,2169,OADMET-0003199,5.78,train,5to6,2,0.0007686343510775301,0.002224993294929722,0.06415388280482091,0.4487360622361498,0.484116427313022,gte6
2169,2170,OADMET-0003198,5.68,train,5to6,4,0.0004439898275121749,0.00841511561733658,0.37827341041114243,0.5518693674836136,0.0609981166603952,5to6
2170,2171,OADMET-0003197,5.02,train,5to6,0,0.010202979288884279,0.022200727008256056,0.1001108623999781,0.38336716654273995,0.48411826476014164,gte6
2171,2172,OADMET-0003196,5.16,train,5to6,0,0.004440482838583302,0.03285887963591161,0.5170160740429591,0.38280078879048723,0.06288377469205869,4to5
2172,2173,OADMET-0003195,5.22,train,5to6,4,0.002112799794675782,0.005723442895625352,0.11738792834195291,0.45596587764091295,0.418809951326833,5to6
2173,2174,OADMET-0003194,5.35,train,5to6,2,0.0036665352518515347,0.023766204709241585,0.4247141479456997,0.4579358695871346,0.08991724250607257,5to6
2174,2175,OADMET-0003193,1.76,train,lt3,1,0.6454695324000758,0.3030370092306404,0.030441917771087727,0.007375717685143039,0.013675822913053018,lt3
2175,2176,OADMET-0003192,5.975,train,5to6,2,0.0017936076138929608,0.003072265353544724,0.022434989523676962,0.246587947300488,0.7261111902083973,gte6
2176,2177,OADMET-0003191,5.05,train,5to6,4,0.003008973541405377,0.013647369061431257,0.1831723147193937,0.4972864968098473,0.30288484586792236,5to6
2177,2178,OADMET-0003190,5.66,train,5to6,1,0.002748227423013197,0.01767079704010908,0.35695904202443396,0.4742489716506763,0.1483729618617674,5to6
2178,2179,OADMET-0003189,4.71,train,4to5,0,0.009966517145741278,0.0337178344014427,0.3426541781794516,0.44868929447669426,0.16497217579667017,5to6
2179,2180,OADMET-0003188,5.18,train,5to6,2,0.0019126542635540475,0.0020148085921726767,0.00625955826473133,0.10612637563228958,0.8836866032472523,gte6
2180,2181,OADMET-0003187,5.23,train,5to6,4,0.3194333994240828,0.5613300350655251,0.10105084146319289,0.008995277110364065,0.009190446936835083,3to4
2181,2182,OADMET-0003186,6.605,train,gte6,1,0.015308616773031289,0.058366276841973576,0.42688030639110314,0.3611808220765847,0.13826397791730735,4to5
2182,2183,OADMET-0003185,5.27,train,5to6,2,0.005957254158691235,0.035548180043759176,0.40280624886485167,0.476570214806933,0.0791181021257649,5to6
2183,2184,OADMET-0003184,5.15,train,5to6,4,0.0009553196349466187,0.016584301728436772,0.4353048598163306,0.491392384736144,0.05576313408414205,5to6
2184,2185,OADMET-0003183,5.4,train,5to6,1,0.00132924551577527,0.01258961301675406,0.33418330659125145,0.5009805576442107,0.15091727723200848,5to6
2185,2186,OADMET-0003182,5.11,train,5to6,0,0.0041309269568325915,0.05937584922940874,0.583659476060657,0.3025124104019595,0.05032133735114216,4to5
2186,2187,OADMET-0003181,5.64,train,5to6,2,0.0005678182554007851,0.002362899100900229,0.03386045368134848,0.3066773524038271,0.6565314765585234,gte6
2187,2188,OADMET-0003180,5.27,train,5to6,1,0.009334286379287264,0.03954156735500946,0.42621119460912366,0.39864747454038435,0.1262654771161953,4to5
2188,2189,OADMET-0003179,5.15,train,5to6,1,0.0016050058937280792,0.00720585258848877,0.09061161941679238,0.3863190909626195,0.5142584311383712,gte6
2189,2190,OADMET-0003178,4.81,train,4to5,1,0.004280408947999247,0.03786227198729205,0.5090466861009727,0.3691270738814994,0.07968355908223664,4to5
2190,2191,OADMET-0003177,4.6,train,4to5,2,0.044016432877951386,0.3209587696382163,0.528054605321164,0.09462306833554472,0.012347123827123642,4to5
2191,2192,OADMET-0003176,4.78,train,4to5,1,0.0006465465008662784,0.005144896595711235,0.18542462919369415,0.5520915044242176,0.25669242328551073,5to6
2192,2193,OADMET-0003175,4.86,train,4to5,3,0.012549160804378416,0.07535104348299498,0.5265268013832141,0.3164650753634273,0.06910791896598527,4to5
2193,2194,OADMET-0003174,5.27,train,5to6,4,0.006797790787249617,0.00973449617962248,0.10672484015248968,0.40349807113996955,0.4732448017406687,gte6
2194,2195,OADMET-0003173,6.56,train,gte6,1,3.2232545595654646e-05,0.00019679190146403274,0.008969067260633288,0.2253404920506962,0.7654614162416108,gte6
2195,2196,OADMET-0003172,5.46,train,5to6,3,0.000823627953749679,0.009050579422875276,0.3134448417908204,0.5720121659066435,0.10466878492591118,5to6
2196,2197,OADMET-0003171,5.2,train,5to6,0,0.003587734623446429,0.024426799068474683,0.32810774178156377,0.4955953021194237,0.1482824224070914,5to6
2197,2198,OADMET-0003170,5.54,train,5to6,2,0.0014214336336939347,0.005597345969280167,0.10031121920176418,0.5369067165825886,0.3557632846126731,5to6
2198,2199,OADMET-0003168,5.08,train,5to6,2,0.004709849024427845,0.0137256892927529,0.09368126621280642,0.4594620955301892,0.42842109993982364,5to6
2199,2200,OADMET-0003167,5.63,train,5to6,2,0.0031317912400657603,0.013413014709961854,0.28299311582937353,0.5360365093135754,0.1644255689070234,5to6
2200,2201,OADMET-0003166,5.77,train,5to6,1,0.03160374340829961,0.1295825579002543,0.5645151250666086,0.22450252933964812,0.04979604428518929,4to5
2201,2202,OADMET-0003165,5.74,train,5to6,0,0.00248918565226015,0.003753552435654535,0.022724615346478443,0.24633142283279982,0.7247012237328071,gte6
2202,2203,OADMET-0003164,4.92,train,4to5,1,0.033995306715544064,0.07650929404388018,0.39906542006636336,0.32005597948819475,0.17037399968601766,4to5
2203,2204,OADMET-0003163,5.3,train,5to6,2,0.000746230932853209,0.0019060491763660285,0.014725170808431338,0.21208834329627033,0.7705342057860791,gte6
2204,2205,OADMET-0003162,5.55,train,5to6,0,0.02292802184820175,0.12093158811330795,0.5281627178192139,0.2603285014629364,0.06764917075634003,4to5
2205,2206,OADMET-0003161,5.15,train,5to6,2,0.003591756835014121,0.025927039283196816,0.48434600519046767,0.43309432838355555,0.0530408703077659,4to5
2206,2207,OADMET-0003160,3.89,train,3to4,1,0.19455040026638806,0.4000100601467227,0.33621210767901605,0.05503618493308254,0.014191246974790619,3to4
2207,2208,OADMET-0003159,5.1,train,5to6,2,0.000713740309120291,0.0025371972299706104,0.04924614039482444,0.37328559592621363,0.574217326139871,gte6
2208,2209,OADMET-0003158,6.39,train,gte6,2,0.00394993686957871,0.015306062704162406,0.2750973052908715,0.5239416856870013,0.18170500944838608,5to6
2209,2210,OADMET-0003157,3.03,train,3to4,1,0.007615069780716889,0.02835537464180112,0.35136657593303144,0.4219655947372117,0.1906973849072389,5to6
2210,2211,OADMET-0003156,5.015000000000001,train,5to6,1,0.02166868102728892,0.05839980910272153,0.16614336615612602,0.3461875482090963,0.40760059550476724,gte6
2211,2212,OADMET-0003155,5.75,train,5to6,1,0.03421080395774682,0.11617692257002571,0.3497682122574095,0.3489198891727655,0.15092417204205244,4to5
2212,2213,OADMET-0003154,5.6,train,5to6,0,0.000920524630791652,0.007917087393791303,0.27680655854696706,0.5764508747793443,0.13790495464910565,5to6
2213,2214,OADMET-0003153,5.52,train,5to6,4,0.000981182195623326,0.004351420733400263,0.13836478995329118,0.4994725217766559,0.35683008534102933,5to6
2214,2215,OADMET-0003152,5.29,train,5to6,2,0.0033511696987299938,0.016613307485463805,0.3118419784779946,0.5293383325953569,0.13885521174245471,5to6
2215,2216,OADMET-0003151,5.63,train,5to6,3,0.12691692535143623,0.3249853430321312,0.39455811699635845,0.10787801787711614,0.04566159674295795,4to5
2216,2217,OADMET-0003150,4.86,train,4to5,0,0.0007938368726026744,0.009046546597943652,0.32298304130018535,0.5644384881139902,0.10273808711527815,5to6
2217,2218,OADMET-0003149,5.74,train,5to6,3,0.0011735976234528655,0.014073429381813872,0.40212103017602635,0.5139129071495439,0.06871903566916306,5to6
2218,2219,OADMET-0003148,5.66,train,5to6,3,9.485116911780872e-05,0.00042517280874627354,0.020745093669921107,0.33952183623002924,0.6392130461221855,gte6
2219,2220,OADMET-0003147,1.74,train,lt3,2,0.6776094013826643,0.2174962772314897,0.019118590950085227,0.008204283612140453,0.0775714468236203,lt3
2220,2221,OADMET-0003146,3.64,train,3to4,2,0.25962320338999295,0.40938796455608667,0.21246100315285069,0.051231353047316776,0.06729647585375291,3to4
2221,2222,OADMET-0003145,3.29,train,3to4,1,0.5011620278838785,0.37109552016764225,0.08385642211834532,0.019853775359321087,0.02403225447081287,lt3
2222,2223,OADMET-0003144,5.11,train,5to6,0,0.0023961835618937785,0.018452839986034614,0.3650561284997467,0.5148277299496318,0.09926711800269308,5to6
2223,2224,OADMET-0003143,5.68,train,5to6,1,2.0560398447855242e-05,0.00016418759453972465,0.012963447241060078,0.330940264162418,0.6559115406035344,gte6
2224,2225,OADMET-0003142,5.66,train,5to6,1,0.04987330157828958,0.07809900917452163,0.28134261408906897,0.2778045421248303,0.3128805330332895,gte6
2225,2226,OADMET-0003141,5.69,train,5to6,1,0.00039144019473590655,0.00445721287780074,0.24632134443607454,0.5650579197960129,0.1837720826953759,5to6
2226,2227,OADMET-0003140,1.84,train,lt3,2,0.25481041506497815,0.3772041387199122,0.24566403789329416,0.06640127103324917,0.05592013728856631,3to4
2227,2228,OADMET-0003139,5.25,train,5to6,0,0.00015871678894130466,0.001622328604323009,0.1399845142501102,0.621880990202917,0.2363534501537085,5to6
2228,2229,OADMET-0003138,5.47,train,5to6,1,0.0003508909179405797,0.0015688255839254803,0.03638022061540761,0.3329403736040946,0.6287596892786317,gte6
2229,2230,OADMET-0003137,5.28,train,5to6,2,9.647609761853396e-05,0.0003736739423819951,0.013370294946060523,0.27475797905733307,0.7114015759566059,gte6
2230,2231,OADMET-0003136,5.12,train,5to6,1,0.00018652115991624118,0.0035497745072300725,0.21596052416483555,0.6051592595327574,0.17514392063526077,5to6
2231,2232,OADMET-0003135,5.54,train,5to6,4,0.00046502970081162514,0.000494527769638648,0.027443824228933357,0.3095020727710766,0.6620945455295397,gte6
2232,2233,OADMET-0003134,5.09,train,5to6,4,0.6053013182979028,0.3266799437750878,0.047723039806920886,0.005611582638280158,0.014684115481808351,lt3
2233,2234,OADMET-0003133,6.22,train,gte6,3,0.0039930758047881185,0.020154509683998997,0.23031368840936867,0.5375080106139611,0.2080307154878831,5to6
2234,2235,OADMET-0003132,4.62,train,4to5,3,0.00041474006592593694,0.0013965820115151243,0.041249715243172044,0.39329103065763565,0.5636479320217512,gte6
2235,2236,OADMET-0003131,5.11,train,5to6,3,0.0688770302970766,0.1475637925196696,0.38463063022185556,0.24283124730126016,0.15609729966013805,4to5
2236,2237,OADMET-0003130,5.56,train,5to6,0,0.0006641142064344992,0.0025345727864083136,0.08766055229667843,0.46764394300258655,0.4414968177078922,5to6
2237,2238,OADMET-0003129,2.87,train,lt3,1,0.7630226143081742,0.1960711507679001,0.0200593068041706,0.006252008105970421,0.014594920013784691,lt3
2238,2239,OADMET-0003128,4.859999999999999,train,4to5,3,0.005270516855095858,0.020187004977643853,0.348124109364308,0.49176757497268686,0.13465079383026543,5to6
2239,2240,OADMET-0003127,5.44,train,5to6,0,0.000414867374606154,0.002580785972310999,0.07518948851371611,0.46665127554782315,0.45516358259154355,5to6
2240,2241,OADMET-0003126,5.2,train,5to6,3,0.00140943120685277,0.003847224133687411,0.0723236866505075,0.46469494235192366,0.45772471565702866,5to6
2241,2242,OADMET-0003125,4.91,train,4to5,1,0.005123515379566463,0.034793252400244244,0.4540691764565281,0.4312124353559601,0.0748016204077011,4to5
2242,2243,OADMET-0003124,5.99,train,5to6,1,0.022932947733018533,0.043802822321180955,0.1098507082328881,0.2507940442020319,0.5726194775108805,gte6
2243,2244,OADMET-0003123,5.17,train,5to6,3,0.0018749825357368454,0.019324487486898575,0.4603253105002842,0.4720621507600152,0.046413068717065215,5to6
2244,2245,OADMET-0003122,5.37,train,5to6,0,0.0022789203977211674,0.041085528302746185,0.6114362810934633,0.3229757408261038,0.02222352937996552,4to5
2245,2246,OADMET-0003121,5.43,train,5to6,0,0.012205113145308484,0.06680179852425965,0.4170875970563461,0.4024748633509792,0.10143062792310653,4to5
2246,2247,OADMET-0003120,5.37,train,5to6,2,0.0025081781444221975,0.014609730010619139,0.3156499296756571,0.5366124561990403,0.13061970597026124,5to6
2247,2248,OADMET-0003119,5.17,train,5to6,2,0.04462888091802597,0.1282690316438675,0.4728648364543915,0.2785961627960205,0.07564108818769455,4to5
2248,2249,OADMET-0003118,6.3100000000000005,train,gte6,4,0.0038805846739280404,0.0029174956023669107,0.018100261974804525,0.11976378600670431,0.8553378717421962,gte6
2249,2250,OADMET-0003117,5.08,train,5to6,4,0.00017467993816131812,0.00015355423897804514,0.00413618793737933,0.10874846529378146,0.8867871125916998,gte6
2250,2251,OADMET-0003116,5.19,train,5to6,0,0.0008033627586218263,0.005961928560005098,0.11328942411120388,0.5411580244338112,0.33878726013635796,5to6
2251,2252,OADMET-0003114,5.13,train,5to6,2,0.013816599258022222,0.04411208477602607,0.34860800495511274,0.4362101106534022,0.15725320035743676,5to6
2252,2253,OADMET-0003113,5.62,train,5to6,3,0.0025370102871928512,0.00942392386300713,0.14113334097322092,0.5246560080142469,0.3222497168623321,5to6
2253,2254,OADMET-0003112,5.54,train,5to6,2,0.0006627098507825817,0.002745143726269946,0.05148129703764491,0.35895003428935457,0.586160815095948,gte6
2254,2255,OADMET-0003111,5.71,train,5to6,0,0.001972175153672016,0.015608433241557612,0.36463387883723275,0.502360212091612,0.11542530067592568,5to6
2255,2256,OADMET-0003110,5.45,train,5to6,1,0.014675207818770613,0.14207782221788448,0.6315553353014862,0.18963541585001317,0.022056218811845524,4to5
2256,2257,OADMET-0003109,5.64,train,5to6,1,0.0009882920693183466,0.00447870058205134,0.08370191833861786,0.363416771144415,0.5474143178655975,gte6
2257,2258,OADMET-0003108,5.15,train,5to6,4,0.05874127675290755,0.22842141091432377,0.4830499417385071,0.17449269153717473,0.05529467905708683,4to5
2258,2259,OADMET-0003107,5.48,train,5to6,1,0.0010537930106249602,0.0034304990099284878,0.05311411639591281,0.3747951998804046,0.5676063917031292,gte6
2259,2260,OADMET-0003106,5.43,train,5to6,3,0.0015372109481679777,0.00285473175688617,0.0475917179702199,0.3881176264809507,0.5598987128437752,gte6
2260,2261,OADMET-0003105,5.5,train,5to6,1,8.550001992141595e-05,0.0007526458523883102,0.0438026721030206,0.4204120132899851,0.5349471687346846,gte6
2261,2262,OADMET-0003104,5.46,train,5to6,0,0.0008597189511759741,0.011348876423048498,0.38272399400359336,0.5314466039226909,0.07362080669949127,5to6
2262,2263,OADMET-0003103,5.22,train,5to6,1,0.00012193231677838118,0.0007670609053329115,0.02989281157387498,0.3314713838176255,0.6377468113863882,gte6
2263,2264,OADMET-0003102,5.82,train,5to6,1,0.0029200913479985454,0.015853383710089725,0.2674319625413989,0.4895313114358619,0.22426325096465094,5to6
2264,2265,OADMET-0003101,5.61,train,5to6,3,0.00017501852086197002,0.001296523860650909,0.08512970182379673,0.5187064483756442,0.3946923074190462,5to6
2265,2266,OADMET-0003100,4.99,train,4to5,0,0.010068137539278096,0.10039948082979089,0.6472761251233556,0.2173498294381059,0.024906427069469442,4to5
2266,2267,OADMET-0003099,5.7,train,5to6,4,0.0006104222832446347,0.000938116395771671,0.05836378768039829,0.46237936497522214,0.47770830866536323,gte6
2267,2268,OADMET-0003098,5.14,train,5to6,1,0.0015644180163793611,0.016289151520423626,0.3947688771281898,0.4743890562962683,0.11298849703873887,5to6
2268,2269,OADMET-0003097,5.9,train,5to6,4,0.0007148711053256907,0.0007289365210076518,0.013691340654420011,0.16192533171947485,0.8229395199997718,gte6
2269,2270,OADMET-0003095,4.77,train,4to5,4,0.38301407256405046,0.5640094127913258,0.04346972959058158,0.0029512610420709753,0.006555524011971246,3to4
2270,2271,OADMET-0003094,5.02,train,5to6,4,0.2609428792552227,0.6803580002526716,0.05461064787146428,0.0019758420751524205,0.0021126305454890865,3to4
2271,2272,OADMET-0003093,4.76,train,4to5,4,0.00046443455433677126,0.0018491755207643232,0.1085025571900121,0.5514103442374234,0.33777348849746336,5to6
2272,2273,OADMET-0003092,3.69,train,3to4,3,0.3588317810630354,0.5814521601072768,0.05264543630496551,0.002945021173751333,0.00412560135097082,3to4
2273,2274,OADMET-0003090,4.86,train,4to5,0,0.002877486766165808,0.030546403931327154,0.5188765758981879,0.3951430200279231,0.052556513376395934,4to5
2274,2275,OADMET-0003089,2.08,train,lt3,0,0.0282949457154505,0.18374336142312173,0.5755807875308928,0.17898548016108626,0.0333954251694487,4to5
2275,2276,OADMET-0003088,6.14,train,gte6,0,0.0011661603520743509,0.009625380069765177,0.20971486282462576,0.5769530620045307,0.20254053474900405,5to6
2276,2277,OADMET-0003087,3.13,train,3to4,3,0.550338790883173,0.3974437315659777,0.026558458137252956,0.00495057447472074,0.020708444938875723,lt3
2277,2278,OADMET-0003086,2.01,train,lt3,1,0.2575823761178929,0.45713811516798875,0.21854354221591954,0.04193873747917456,0.02479722901902419,3to4
2278,2279,OADMET-0003085,4.21,train,4to5,0,0.009953496296652034,0.06885309690519573,0.5667548322140988,0.3026836292561684,0.05175494532788501,4to5
2279,2280,OADMET-0003084,5.42,train,5to6,3,0.0010735558062720983,0.008513864274488784,0.2796436893786279,0.5894020299954219,0.12136686054518932,5to6
2280,2281,OADMET-0003083,1.76,train,lt3,3,0.24093841541525735,0.5756820805796148,0.15438977755721617,0.015621365353727051,0.01336836109418466,3to4
2281,2282,OADMET-0003082,1.77,train,lt3,3,0.32844618146370824,0.4502955402264122,0.13520369009228622,0.030907428064797602,0.055147160152795686,3to4
2282,2283,OADMET-0003081,5.59,train,5to6,3,0.00034899658525357533,0.004005667539942575,0.22375008760980097,0.5872792288458573,0.18461601941914565,5to6
2283,2284,OADMET-0003080,4.89,train,4to5,3,0.0017049183702004802,0.014647574448742082,0.3855374828428914,0.5344675883250413,0.06364243601312475,5to6
2284,2285,OADMET-0003079,2.88,train,lt3,0,0.14497412930208986,0.4577153384760159,0.30865160033211336,0.06703058717625981,0.021628344713521028,3to4
2285,2286,OADMET-0003078,5.28,train,5to6,2,0.06946356822076677,0.08249871563175949,0.1566058578635858,0.29869071403960035,0.3927411442442876,gte6
2286,2287,OADMET-0003077,4.32,train,4to5,1,0.01351672257430366,0.1194321318578305,0.621847763814071,0.2098585716041949,0.03534481014959986,4to5
2287,2288,OADMET-0003076,3.86,train,3to4,0,0.5834124727122236,0.3826060323165939,0.012464836331233927,0.001948580276542408,0.019568078363406117,lt3
2288,2289,OADMET-0003075,4.99,train,4to5,2,0.06952698859411546,0.11984302134257428,0.37278551621523404,0.2742555574026372,0.16358891644543908,4to5
2289,2290,OADMET-0003073,3.14,train,3to4,3,0.034701337726474005,0.15248837258614775,0.5449671988919615,0.20638884036491098,0.061454250430505744,4to5
2290,2291,OADMET-0003071,5.59,train,5to6,0,0.025696407241779132,0.10332647408639808,0.5015183306018293,0.2633683198270786,0.10609046824291492,4to5
2291,2292,OADMET-0003070,5.25,train,5to6,0,0.0030250167012283173,0.01012418388456775,0.17847649364179718,0.5351428123686568,0.27323149340374997,5to6
2292,2293,OADMET-0003069,5.7,train,5to6,3,0.011660902554581735,0.04977780119909139,0.4300487263398936,0.4010654318889201,0.10744713801751321,4to5
2293,2294,OADMET-0003068,5.41,train,5to6,0,0.03687498526182102,0.21834406608038795,0.5532667944366667,0.15014817527653854,0.041365978944585824,4to5
2294,2295,OADMET-0003067,5.21,train,5to6,0,0.0011760662908531518,0.016831877763433672,0.5254277930360196,0.4202445543416542,0.03631970856803939,4to5
2295,2296,OADMET-0003066,5.07,train,5to6,4,0.002511837361800464,0.0063672159521029545,0.1657080397146822,0.5160306367724501,0.3093822701989643,5to6
2296,2297,OADMET-0003065,5.14,train,5to6,1,0.004475702172266697,0.015987309075590577,0.18881158979115592,0.4620487799702621,0.3286766189907247,5to6
2297,2298,OADMET-0003064,5.32,train,5to6,1,0.005318521606190938,0.029803082818773023,0.40581265734398286,0.43501371833983177,0.12405201989122139,5to6
2298,2299,OADMET-0003063,5.11,train,5to6,0,0.0271003257362081,0.18959845072780407,0.5653085550672778,0.1716495555364651,0.046343112932244884,4to5
2299,2300,OADMET-0003062,4.84,train,4to5,0,0.0032562145915427066,0.015469759726342873,0.32766474351018776,0.5159426028799414,0.1376666792919852,5to6
2300,2301,OADMET-0003061,4.94,train,4to5,2,0.006092263033874046,0.03531127219153673,0.470453950419887,0.41551662072350226,0.07262589363119992,4to5
2301,2302,OADMET-0003060,5.45,train,5to6,4,0.015694046334571964,0.01713664264553546,0.15407523455442773,0.3310822832171534,0.48201179324831145,gte6
2302,2303,OADMET-0003059,5.17,train,5to6,1,0.0002482338338291902,0.0025376017366086218,0.1642396817060296,0.5440839860007227,0.28889049672280986,5to6
2303,2304,OADMET-0003057,2.1,train,lt3,2,0.559763909428872,0.23832261606738459,0.04936001086488368,0.0211612079686694,0.13139225567019033,lt3
2304,2305,OADMET-0003056,4.94,train,4to5,4,0.051451605471872955,0.07413096284085734,0.1969678582568253,0.276739521220951,0.4007100522094934,gte6
2305,2306,OADMET-0003055,5.63,train,5to6,0,0.00031699778483689725,0.0015754058186622944,0.05341847589045354,0.4721005835419116,0.4725885369641357,gte6
2306,2307,OADMET-0003054,3.63,train,3to4,3,0.3008825745334934,0.3410087189710656,0.13135161849090884,0.05218706594198496,0.17457002206254726,3to4
2307,2308,OADMET-0003053,4.87,train,4to5,0,0.0025590542308788003,0.023627823713818597,0.4069556083125073,0.4781637291970513,0.08869378454574398,5to6
2308,2309,OADMET-0003052,4.84,train,4to5,4,0.007206966436835462,0.051531894579351985,0.46375026024819105,0.4054257758333717,0.07208510290224987,4to5
2309,2310,OADMET-0003051,5.21,train,5to6,1,0.0006396949573693611,0.004914964874149142,0.15258468250559737,0.5020658230050243,0.3397948346578598,5to6
2310,2311,OADMET-0003050,3.8,train,3to4,1,0.14911982639312485,0.16482708103697122,0.30428961372807045,0.1849749860908834,0.19678849275095006,4to5
2311,2312,OADMET-0003049,5.18,train,5to6,4,0.006839727935755533,0.0255415215565893,0.3949872555244024,0.4363069505219259,0.13632454446132683,5to6
2312,2313,OADMET-0003048,6.46,train,gte6,4,0.0001707587784030381,0.00011988851372364052,0.005652689326780442,0.16434791544004287,0.82970874794105,gte6
2313,2314,OADMET-0003047,5.03,train,5to6,3,0.00046471152061379885,0.00453422412347595,0.20459655266662696,0.6048981647703318,0.18550634691895154,5to6
2314,2315,OADMET-0003046,5.355,train,5to6,2,0.014369122684001923,0.05653082951903343,0.476944237947464,0.3912239074707031,0.06093190237879753,4to5
2315,2316,OADMET-0003045,5.22,train,5to6,4,0.00023639626265344486,0.0001368982149021669,0.004971605563964595,0.14032971402780703,0.8543253859306728,gte6
2316,2317,OADMET-0003044,5.59,train,5to6,3,0.00010538220438570832,0.0004825212197830618,0.01710130260758002,0.2993635213518609,0.6829472726163903,gte6
2317,2318,OADMET-0003043,6.34,train,gte6,4,8.381631151043863e-05,8.36917398386352e-05,0.0037379104625787493,0.11942885959041068,0.8766657218956615,gte6
2318,2319,OADMET-0003042,5.0,train,4to5,1,0.002774905356533902,0.010656052982031214,0.17221636717323208,0.4733349285895299,0.34101774589867295,5to6
2319,2320,OADMET-0003041,5.36,train,5to6,2,0.0038966914702175076,0.011128935582015307,0.11574264219632177,0.49163411365118465,0.37759761710026074,5to6
2320,2321,OADMET-0003040,5.04,train,5to6,3,0.0029151996464572808,0.018489875110332826,0.3585778217693589,0.5257753789804395,0.09424172449341149,5to6
2321,2322,OADMET-0003039,5.42,train,5to6,0,0.001385532458058785,0.003542559976378772,0.05974114409002205,0.42474896393141337,0.510581799544127,gte6
2322,2323,OADMET-0003038,4.87,train,4to5,4,0.0003279209314421263,0.0006717758017709582,0.09038985792134935,0.5492434213916376,0.3593670239538,5to6
2323,2324,OADMET-0003037,5.58,train,5to6,0,0.004691423550825386,0.014518347158056093,0.04834112325788778,0.30676380899772665,0.625685297035504,gte6
2324,2325,OADMET-0003036,5.11,train,5to6,4,0.0002508681067137454,0.002943922831565789,0.21967137105238627,0.6206071621178957,0.15652667589143857,5to6
2325,2326,OADMET-0003035,5.27,train,5to6,1,0.0324965146627417,0.2358093934303988,0.5946379717224715,0.12160317971100572,0.015452940473382328,4to5
2326,2327,OADMET-0003034,5.22,train,5to6,2,0.0015772195402145991,0.005913886541786433,0.10218169313753235,0.49564724696127227,0.39467995381919435,5to6
2327,2328,OADMET-0003033,5.16,train,5to6,2,0.0005087641263287527,0.005116453473810868,0.2577976326476764,0.6235005356414851,0.11307661411069893,5to6
2328,2329,OADMET-0003032,4.31,train,4to5,4,0.21419877252762484,0.3438305925245146,0.34187204346171113,0.07261974513310417,0.02747884635304531,3to4
2329,2330,OADMET-0003031,4.99,train,4to5,1,0.0010154466201483083,0.005855771280019197,0.16161006779378317,0.4996465770507971,0.33187213725525216,5to6
2330,2331,OADMET-0003030,5.04,train,5to6,1,0.00031942645106468434,0.002061646530471092,0.0553886444616879,0.411748084476997,0.5304821980797794,gte6
2331,2332,OADMET-0003029,5.44,train,5to6,0,0.0004994448690872218,0.0007569274903380042,0.010427847847167146,0.1890756530103167,0.799240126783091,gte6
2332,2333,OADMET-0003028,5.22,train,5to6,2,0.00048084171639408454,0.004144667791202956,0.1942930437803277,0.6182220196079574,0.1828594271041179,5to6
2333,2334,OADMET-0003027,4.98,train,4to5,3,0.008176813490729214,0.02982938350893347,0.3006850056994471,0.45243788849589883,0.20887090880499137,5to6
2334,2335,OADMET-0003026,5.8,train,5to6,4,0.00010930625710395037,7.049996007036426e-05,0.0014559516746013527,0.0800517179272961,0.9183125241809282,gte6
2335,2336,OADMET-0003025,5.6,train,5to6,3,0.0012149894757148467,0.0073126201471910455,0.09706433234907344,0.42769864719368744,0.46670941083433326,gte6
2336,2337,OADMET-0003024,5.09,train,5to6,3,0.0006715596959695478,0.0032339241984625654,0.15412369004436388,0.6011735654157345,0.24079726064546952,5to6
2337,2338,OADMET-0003023,4.88,train,4to5,0,0.0010650743419421274,0.004341420685696706,0.06220851420434932,0.43966197645073934,0.4927230143172725,gte6
2338,2339,OADMET-0003022,5.19,train,5to6,2,0.000659091646612352,0.004000595512528646,0.15466447666270516,0.563482725008953,0.2771931111692008,5to6
2339,2340,OADMET-0003021,5.53,train,5to6,3,0.016371806016167233,0.04273250420459053,0.26909498606189247,0.4444257327264163,0.2273749709909335,5to6
2340,2341,OADMET-0003020,5.28,train,5to6,3,0.0011285431546428604,0.007483729070715161,0.21538832522924223,0.5684983661486965,0.20750103639670325,5to6
2341,2342,OADMET-0003019,4.63,train,4to5,4,0.0351424450502122,0.09003813605457225,0.4107000208470954,0.30564404123080946,0.1584753568173107,4to5
2342,2343,OADMET-0003018,4.65,train,4to5,2,0.0009957285773457222,0.010834370848721615,0.3703839497768395,0.5497725784718384,0.06801337232525474,5to6
2343,2344,OADMET-0003017,6.205,train,gte6,4,0.1718884594304809,0.5578963876065024,0.23986514426478958,0.025412234090716936,0.004937774607510135,3to4
2344,2345,OADMET-0003016,4.75,train,4to5,3,0.005915008793978253,0.017108652286607223,0.23538570971368558,0.4730965965583427,0.26849403264738625,5to6
2345,2346,OADMET-0003015,4.91,train,4to5,0,0.0014992003448484439,0.012560991475304538,0.3166285729290851,0.5389458496319736,0.1303653856187884,5to6
2346,2347,OADMET-0003014,5.24,train,5to6,3,0.08747919779239889,0.2211478534511902,0.4400850301993643,0.14595604160362544,0.1053318769534212,4to5
2347,2348,OADMET-0003013,4.78,train,4to5,4,0.0001321291194903029,0.0015176506634411106,0.22033184652626897,0.6656407679406676,0.11237760575013195,5to6
2348,2349,OADMET-0003012,4.78,train,4to5,1,0.0024878148207116385,0.015659182228332444,0.2181804631922274,0.48990407326893026,0.2737684664897983,5to6
2349,2350,OADMET-0003011,5.72,train,5to6,3,0.0005201230127012335,0.0021740534184702346,0.11152298400065298,0.5895882458564836,0.29619459371169193,5to6
2350,2351,OADMET-0003010,5.63,train,5to6,2,0.0003099045090675944,0.0006966168196007695,0.007985881417722126,0.14648632499719944,0.84452127225641,gte6
2351,2352,OADMET-0003009,4.94,train,4to5,1,0.00024238352714820975,0.0015914747848309184,0.053988681230045875,0.3841883941308953,0.5599890663270797,gte6
2352,2353,OADMET-0003008,5.27,train,5to6,0,0.0006124445290179501,0.0009142363465662307,0.010952753832704028,0.19919150861352167,0.7883290566781901,gte6
2353,2354,OADMET-0003007,4.6,train,4to5,0,0.009162342465966608,0.05362565985254239,0.50898857536317,0.3671960052891301,0.061027417029190976,4to5
2354,2355,OADMET-0003006,5.15,train,5to6,4,0.0037707244030238556,0.014390752687507549,0.26782212976633835,0.48980426723655796,0.2242121259065723,5to6
2355,2356,OADMET-0003005,5.17,train,5to6,2,0.01527582573213072,0.04728079955346808,0.34228348700116995,0.4297925825884635,0.16536730512476777,5to6
2356,2357,OADMET-0003004,5.16,train,5to6,3,0.012075666943384017,0.0677968096303684,0.5274200297005652,0.32275562606760005,0.06995186765808224,4to5
2357,2358,OADMET-0003003,5.23,train,5to6,4,0.008573189034455336,0.012774134474538469,0.19274394932390207,0.43214325366340584,0.35376547350369825,5to6
2358,2359,OADMET-0003002,5.38,train,5to6,1,0.0005006125473354409,0.005386499735059622,0.2868631209147552,0.550161187683941,0.15708857911890878,5to6
2359,2360,OADMET-0003001,5.46,train,5to6,1,0.0003281068994468787,0.0032926758340843056,0.1175501861484651,0.5245586271556949,0.3542704039623088,5to6
2360,2361,OADMET-0003000,4.69,train,4to5,4,0.0011837148151629454,0.008885179504604358,0.3583775701586009,0.5515202791944288,0.080033256327203,5to6
2361,2362,OADMET-0002999,5.11,train,5to6,0,0.00033361775424527987,0.003987964155996183,0.2245174895589425,0.6192494496185292,0.15191147891228685,5to6
2362,2363,OADMET-0002998,5.28,train,5to6,4,0.0008968008423192977,0.0018493874417585337,0.05657609981645744,0.37620407721745464,0.5644736346820101,gte6
2363,2364,OADMET-0002997,5.25,train,5to6,2,0.00040548555221691426,0.003098279113032525,0.1528666072783253,0.582145353604349,0.2614842744520762,5to6
2364,2365,OADMET-0002996,3.65,train,3to4,1,0.48380467070357563,0.41780346437448884,0.06046180026390683,0.012948526940548202,0.024981537717480504,lt3
2365,2366,OADMET-0002995,3.43,train,3to4,2,0.6291157856553109,0.3231156888396779,0.024272056836713733,0.004075488319232998,0.01942098034906448,lt3
2366,2367,OADMET-0002994,4.73,train,4to5,3,0.0009775026587594457,0.010020690853466619,0.2710549203788987,0.5955861141487709,0.12236077196010421,5to6
2367,2368,OADMET-0002993,5.06,train,5to6,0,0.08838236727039668,0.32318393840717996,0.4105291848121219,0.11042152093745117,0.06748298857285032,4to5
2368,2369,OADMET-0002992,6.02,train,gte6,2,0.01296623525429846,0.046869170590451044,0.3961222807610783,0.43046885902730736,0.11357345436686482,5to6
2369,2370,OADMET-0002991,5.15,train,5to6,4,0.00015355933063777478,0.001376312439240246,0.14945548559457775,0.6439686325650367,0.20504601007050755,5to6
2370,2371,OADMET-0002990,3.35,train,3to4,2,0.36148909155915404,0.5917401490991457,0.03618801501552654,0.0029518853646299916,0.007630858961543738,3to4
2371,2372,OADMET-0002989,3.16,train,3to4,0,0.6140205903026782,0.31095689752341876,0.017249977336614233,0.005000236013440201,0.05277229882384859,lt3
2372,2373,OADMET-0002988,5.18,train,5to6,4,0.0023578787354261357,0.01502098244626624,0.45129275574139927,0.4565786744835526,0.07474970859335572,5to6
2373,2374,OADMET-0002987,5.61,train,5to6,4,0.00024251255934984285,0.004746147017156667,0.3326096272716177,0.5828841987774044,0.07951751437447137,5to6
2374,2375,OADMET-0002986,4.6,train,4to5,0,0.06864211231746592,0.32202623554049237,0.47729473192838834,0.10358417439324345,0.028452745820409922,4to5
2375,2376,OADMET-0002985,5.105,train,5to6,4,0.11991298720402667,0.3051379564192527,0.4244439820862565,0.1177675106047185,0.03273756368574568,4to5
2376,2377,OADMET-0002984,5.09,train,5to6,0,0.002735607285267006,0.04293192486566417,0.5995551258391868,0.3278038154869703,0.02697352652291169,4to5
2377,2378,OADMET-0002983,4.95,train,4to5,1,0.0063893939279168,0.02592595104231599,0.225329726619651,0.45812293823139333,0.2842319901787229,5to6
2378,2379,OADMET-0002982,5.31,train,5to6,0,0.03647680499083985,0.11649683602533856,0.37615077846905337,0.3333107158546735,0.1375648646600947,4to5
2379,2380,OADMET-0002981,5.97,train,5to6,1,0.0010949350380267356,0.004905963038228904,0.056996019870822145,0.39359001828095946,0.5434130637719627,gte6
2380,2381,OADMET-0002980,3.17,train,3to4,1,0.25177094436453085,0.6222749235669006,0.11429245205784999,0.007469126099066334,0.0041925539116522935,3to4
2381,2382,OADMET-0002979,5.59,train,5to6,0,0.0017318164774565651,0.011052751180497427,0.18489428196029264,0.5508075455232013,0.251513604858552,5to6
2382,2383,OADMET-0002978,5.11,train,5to6,2,0.005644935872715851,0.00982793564714022,0.06321614709874357,0.34470884515288575,0.5766021362285146,gte6
2383,2384,OADMET-0002977,5.02,train,5to6,4,0.002829542739851378,0.007370697980854692,0.17605318938735187,0.4924557614727746,0.32129080841916746,5to6
2384,2385,OADMET-0002976,4.93,train,4to5,4,0.0006215327453063853,0.001357786739447707,0.0727138611357806,0.43642736535503973,0.48887945402442556,gte6
2385,2386,OADMET-0002975,5.71,train,5to6,4,0.0003354598306006523,0.00043232049257482455,0.01114104782499544,0.18489867468717425,0.8031924971646548,gte6
2386,2387,OADMET-0002974,4.755,train,4to5,0,0.0047434923849848905,0.05341110772873918,0.5626104104667586,0.3367331104914804,0.042501878928036925,4to5
2387,2388,OADMET-0002973,5.55,train,5to6,4,0.06948727097505203,0.2747711133767043,0.4741648250120481,0.15096379226028986,0.030612998375905743,4to5
2388,2389,OADMET-0002972,5.26,train,5to6,2,0.004250683116064349,0.015112221111912842,0.2498166693742854,0.506219175508705,0.22460125088903243,5to6
2389,2390,OADMET-0002971,5.79,train,5to6,4,0.00026057795299105137,0.0017931125473217959,0.17889519613741628,0.6184625229359779,0.20058859042629296,5to6
2390,2391,OADMET-0002970,5.28,train,5to6,0,0.0003739271406716473,0.0026360805507688826,0.04826049774834101,0.4273245242219965,0.521404970338222,gte6
2391,2392,OADMET-0002969,5.08,train,5to6,2,0.0006784387511372364,0.006806310728352005,0.32067519409546646,0.5749130246011647,0.09692703182387961,5to6
2392,2393,OADMET-0002968,5.32,train,5to6,4,0.002468605088868703,0.010035022278724033,0.21691856040757337,0.5301693143575605,0.24040849786727336,5to6
2393,2394,OADMET-0002967,4.83,train,4to5,1,0.001095763769777508,0.014066215769933513,0.3642390413195993,0.5097974598744819,0.11080151926620788,5to6
2394,2395,OADMET-0002966,4.96,train,4to5,3,0.0036228344821604115,0.021855063660354525,0.3906328629629871,0.4825387765077702,0.10135046238672776,5to6
2395,2396,OADMET-0002965,5.01,train,5to6,1,0.09026511825818656,0.13861884280010195,0.3665827540053632,0.22794589570124368,0.17658738923510453,4to5
2396,2397,OADMET-0002964,5.404999999999999,train,5to6,4,0.009061653082616132,0.0225234979528608,0.27494296175480853,0.4875997855551561,0.20587210165455844,5to6
2397,2398,OADMET-0002963,4.74,train,4to5,1,0.004988499857945123,0.04272744407751724,0.5415620649109415,0.3485844419348414,0.0621375492187548,4to5
2398,2399,OADMET-0002962,5.88,train,5to6,1,0.00014542959783767862,0.0010030591958081231,0.02250932312972679,0.28314947700424214,0.6931927110723852,gte6
2399,2400,OADMET-0002961,5.71,train,5to6,0,0.00034399780977498846,0.001443060549268085,0.03782266296174117,0.4258130994252166,0.5345771792539992,gte6
2400,2401,OADMET-0002960,5.11,train,5to6,2,0.016818150470711373,0.019085244744814593,0.060567876720088724,0.3131673856243938,0.5903613424399915,gte6
2401,2402,OADMET-0002959,4.94,train,4to5,2,0.021690726971195857,0.07388137626916187,0.4465345797138236,0.35652754765134514,0.10136576939447352,4to5
2402,2403,OADMET-0002958,5.35,train,5to6,2,0.0017984960506285113,0.006747326102903376,0.09824999810033484,0.46535549857759434,0.4278486811685389,5to6
2403,2404,OADMET-0002957,5.12,train,5to6,1,0.001989431649603968,0.012644104471145504,0.2859814124408154,0.5186012906044529,0.1807837608339822,5to6
2404,2405,OADMET-0002955,5.53,train,5to6,2,0.0005971864790155861,0.005257661243214606,0.24511120228988995,0.6246531354839294,0.12438081450395042,5to6
2405,2406,OADMET-0002954,5.12,train,5to6,3,0.0028956808852369127,0.017983484581974588,0.3886601533666263,0.49568952921404935,0.09477115195211287,5to6
2406,2407,OADMET-0002953,5.25,train,5to6,4,0.0004123608503952035,0.0025152452170736804,0.206293507431813,0.5938554974040469,0.19692338909667123,5to6
2407,2408,OADMET-0002952,5.64,train,5to6,4,0.0020732006523758173,0.002445170423015952,0.03617813065648079,0.29166173934936523,0.6676417589187622,gte6
2408,2409,OADMET-0002951,3.25,train,3to4,0,0.5797863167963936,0.38455706931944555,0.01943867135344721,0.0023841516189983063,0.013833790911715322,lt3
2409,2410,OADMET-0002950,5.800000000000001,train,5to6,1,7.053198562028774e-05,0.0006940471431373401,0.03108538273273336,0.3700239685347239,0.5981260696037851,gte6
2410,2411,OADMET-0002949,4.97,train,4to5,1,7.885806106336054e-05,0.00039939083182124156,0.011803029524754713,0.22068613062214806,0.7670325909602126,gte6
2411,2412,OADMET-0002948,4.64,train,4to5,4,0.20472648148748937,0.5419322691858743,0.22813648816921642,0.022511442473293546,0.002693318684126363,3to4
2412,2413,OADMET-0002947,3.34,train,3to4,3,0.5832780223551765,0.39470331369478645,0.015607215121474316,0.0020590271646069363,0.004352421663955858,lt3
2413,2414,OADMET-0002946,5.915,train,5to6,4,0.004454095922572283,0.010206082075563705,0.1995815519173331,0.47935739963169505,0.30640087045283587,5to6
2414,2415,OADMET-0002945,2.68,train,lt3,1,0.7389613419217855,0.2510138760011727,0.0048615136376222905,0.0010459667578762012,0.004117301681543265,lt3
2415,2416,OADMET-0002944,6.04,train,gte6,1,4.885770773200609e-05,0.0005145671096993158,0.03311678628979684,0.39251442105408224,0.5738053678386896,gte6
2416,2417,OADMET-0002943,5.16,train,5to6,2,0.013442091811478511,0.0584350232365202,0.48060807835581454,0.35526798137338195,0.09224682522280482,4to5
2417,2418,OADMET-0002942,5.37,train,5to6,3,0.017863029713908376,0.10849202484912439,0.5369411140881913,0.2940810935241045,0.04262273782467137,4to5
2418,2419,OADMET-0002941,5.51,train,5to6,1,0.00039933381975430603,0.0016396345551242112,0.021573922559027903,0.23292153548237823,0.7434655735837153,gte6
2419,2420,OADMET-0002940,5.05,train,5to6,4,0.0003513547353011324,0.000721605948653363,0.05687273660860169,0.46743336357080845,0.4746209391366354,gte6
2420,2421,OADMET-0002939,5.17,train,5to6,2,0.0019985618340326986,0.01064155960662722,0.23285039489512424,0.5633616261190384,0.19114785754517752,5to6
2421,2422,OADMET-0002938,4.6,train,4to5,2,0.011359970497934939,0.16382986902200142,0.6675156597356412,0.14917992597261176,0.00811457477181071,4to5
2422,2423,OADMET-0002937,4.85,train,4to5,4,0.014527658406486505,0.06684757955877799,0.4751895202842407,0.34933988235909164,0.09409535939140318,4to5
2423,2424,OADMET-0002936,4.64,train,4to5,1,0.23443769011272847,0.32139156333258373,0.29403732454554293,0.08954858246156082,0.060584839547584084,3to4
2424,2425,OADMET-0002935,5.28,train,5to6,1,0.00884364548639821,0.044954676348547176,0.5067039747040867,0.3604000820234421,0.07909762143752583,4to5
2425,2426,OADMET-0002934,4.9,train,4to5,0,0.0039467428235183885,0.022884831821286953,0.20152201479077098,0.5085233851806644,0.26312302538375926,5to6
2426,2427,OADMET-0002933,5.26,train,5to6,4,0.012197455414007335,0.0989218728596752,0.606304348644436,0.26885601928244535,0.013720303799436062,4to5
2427,2428,OADMET-0002932,5.17,train,5to6,2,0.003709096097776978,0.010199829284935225,0.14582080049599858,0.4779081177881821,0.36236215633310714,5to6
2428,2429,OADMET-0002930,5.53,train,5to6,4,0.0006623372154532704,0.0026559228348732545,0.13454980813823827,0.5458004338982989,0.3163314979131363,5to6
2429,2430,OADMET-0002929,3.1,train,3to4,1,0.3758871657311159,0.45931870329953045,0.12432005353092868,0.023367172751052608,0.01710690468737235,3to4
2430,2431,OADMET-0002928,5.54,train,5to6,1,0.00039698256766341816,0.00422214209446718,0.22689631850071024,0.5728613802102215,0.19562317662693773,5to6
2431,2432,OADMET-0002927,5.1,train,5to6,0,0.00028659371652944653,0.003917530293746437,0.2981486947478935,0.6030807550914304,0.09456642615040009,5to6
2432,2433,OADMET-0002926,4.87,train,4to5,2,0.0006066428767452978,0.0051712795538773415,0.25238902015781634,0.6255048075745925,0.11632824983696853,5to6
2433,2434,OADMET-0002925,3.58,train,3to4,2,0.4059406616586679,0.5266881921193803,0.04972993337019675,0.006331984572489576,0.011309228279265483,3to4
2434,2435,OADMET-0002924,3.78,train,3to4,4,0.1362710245549582,0.7580178093216628,0.10194679709003435,0.0031646970859115766,0.0005996719474329866,3to4
2435,2436,OADMET-0002923,5.27,train,5to6,1,3.217791074452903e-05,0.0003100903036893696,0.02857224005386566,0.3722383574972893,0.5988471342344112,gte6
2436,2437,OADMET-0002922,5.42,train,5to6,4,0.003377976190205941,0.021588328130018077,0.41153971252132737,0.46244127191319195,0.1010527112452567,5to6
2437,2438,OADMET-0002921,5.79,train,5to6,3,0.0006750732233222383,0.0037658253985497674,0.09921978239027814,0.5108164842342882,0.38552283475356164,5to6
2438,2439,OADMET-0002920,5.2,train,5to6,2,0.00038536473469835973,0.0021624615466150523,0.09936244380929794,0.5361023922874781,0.3619873376219105,5to6
2439,2440,OADMET-0002919,4.85,train,4to5,4,0.001387670879023568,0.003277845704372324,0.05493038932393353,0.3293698751857658,0.6110342189069048,gte6
2440,2441,OADMET-0002918,4.8,train,4to5,4,0.006316042699319692,0.017625831609268155,0.18172261677388693,0.42407719604163197,0.3702583128758933,5to6
2441,2442,OADMET-0002917,3.95,train,3to4,1,0.1787312100703929,0.4797933289327843,0.28147752193925524,0.04385665975695449,0.016141279300613078,3to4
2442,2443,OADMET-0002916,5.22,train,5to6,2,0.14695586433518593,0.6563946014809617,0.1749394229784102,0.01460938769410745,0.0071007235113346775,3to4
2443,2444,OADMET-0002915,4.97,train,4to5,3,0.008876990427706498,0.06925086599680559,0.4454894016069613,0.39328637279622586,0.08309636917230075,4to5
2444,2445,OADMET-0002914,5.46,train,5to6,0,5.391511998552632e-05,0.0008598689651347305,0.13357482250509964,0.6672777829824698,0.1982336104273104,5to6
2445,2446,OADMET-0002913,5.22,train,5to6,3,0.026089428430059656,0.12878877140413772,0.5154802289592513,0.23592794337002837,0.09371362783652293,4to5
2446,2447,OADMET-0002912,6.13,train,gte6,1,0.002048322437609848,0.014794681952779285,0.24911026320224738,0.519613914625345,0.21443281778201848,5to6
2447,2448,OADMET-0002911,5.06,train,5to6,3,0.0001778800664476968,0.0031713498984728096,0.28312134946674733,0.6355681465153791,0.0779612740529531,5to6
2448,2449,OADMET-0002910,5.035,train,5to6,1,0.006693506287973273,0.04623750694128117,0.5058533655309125,0.36294580266464554,0.07826981857518751,4to5
2449,2450,OADMET-0002909,4.78,train,4to5,3,0.0010787423889971719,0.011663627588238287,0.33647429007566293,0.5679976689273938,0.08278567101970784,5to6
2450,2451,OADMET-0002908,5.19,train,5to6,2,0.0009361169676919079,0.00940192586629968,0.37250730501562695,0.5514581219189246,0.06569653023145686,5to6
2451,2452,OADMET-0002907,5.51,train,5to6,1,0.00010281162108471281,0.0020241334005234647,0.18141948671756142,0.6189459986047049,0.19750756965612554,5to6
2452,2453,OADMET-0002906,5.54,train,5to6,0,0.0001978935604394284,0.004068195331105436,0.2750566288119868,0.6217318737984834,0.09894540849798492,5to6
2453,2454,OADMET-0002905,4.72,train,4to5,2,0.006223521375031362,0.06060075189790065,0.599295693056813,0.3106790572694044,0.02320097640085059,4to5
2454,2455,OADMET-0002904,5.44,train,5to6,4,0.00027236022714437577,0.0007328415637099173,0.053534642700153574,0.4685981049000338,0.4768620506089583,gte6
2455,2456,OADMET-0002903,5.4,train,5to6,2,0.0004163115931216678,0.0018758898917882797,0.07964898879309568,0.5367343583054461,0.3813244514165482,5to6
2456,2457,OADMET-0002902,5.74,train,5to6,0,0.0015482885806938252,0.006485505784208845,0.11231715671226677,0.474374430370096,0.4052746185527345,5to6
2457,2458,OADMET-0002901,5.14,train,5to6,2,0.0165737780088592,0.10113383442450846,0.5787065829996487,0.263983914657858,0.03960188990912569,4to5
2458,2459,OADMET-0002900,5.95,train,5to6,2,0.0008476640241349536,0.0038578661747848755,0.07586811507194922,0.41262003911508377,0.5068063156140472,gte6
2459,2460,OADMET-0002899,5.78,train,5to6,1,4.431771585250003e-05,0.000502650159272706,0.05095705006602703,0.46819773216740695,0.4802982498914408,gte6
2460,2461,OADMET-0002898,2.54,train,lt3,1,0.29949756073414846,0.6246012186244314,0.06865486868702922,0.004766215358735834,0.002480136595655065,3to4
2461,2462,OADMET-0002897,4.89,train,4to5,0,0.003917894592950814,0.013798861063981496,0.20365657368741624,0.4805425757639386,0.29808409489171284,5to6
2462,2463,OADMET-0002896,5.42,train,5to6,1,0.028284684455797474,0.0918711295397087,0.5230177757818499,0.2913772230903184,0.06544918713232548,4to5
2463,2464,OADMET-0002895,5.43,train,5to6,0,0.0005860016645779732,0.0056502446190206425,0.28697895829997655,0.5910829865913471,0.11570180882507772,5to6
2464,2465,OADMET-0002894,5.1,train,5to6,4,0.006859357618225551,0.020794500569507685,0.3158445808716987,0.4284160237697948,0.2280855371707733,5to6
2465,2466,OADMET-0002893,5.09,train,5to6,0,0.00032295017144950576,0.004511368156657306,0.21112289289798458,0.613445482738447,0.17059730603546164,5to6
2466,2467,OADMET-0002892,5.42,train,5to6,0,0.010726203962162444,0.052229831982276424,0.437175832810658,0.4084458282664186,0.09142230297848447,4to5
2467,2468,OADMET-0002889,4.79,train,4to5,4,0.001930268713755005,0.017997061829549015,0.49018597591431207,0.4355860053478773,0.05430068819450664,4to5
2468,2469,OADMET-0002888,2.67,train,lt3,3,0.2644622212599384,0.5728622429523028,0.13161171408916,0.01679052713106922,0.014273294567529531,3to4
2469,2470,OADMET-0002887,4.96,train,4to5,3,0.052010780125454806,0.20405099525857734,0.5410057700795766,0.16467713696222241,0.038255317574168834,4to5
2470,2471,OADMET-0002886,1.77,train,lt3,0,0.37899047486969234,0.5533591720971667,0.05084677432842116,0.007514584753814559,0.009288993950905232,3to4
2471,2472,OADMET-0002885,1.78,train,lt3,1,0.5431958114100376,0.40755276941494045,0.03932837222119057,0.004382672940068263,0.005540374013763104,lt3
2472,2473,OADMET-0002884,5.21,train,5to6,0,0.011801269979604062,0.027029386117478852,0.09241628758740773,0.3882495509900564,0.48050350532545294,gte6
2473,2474,OADMET-0002883,5.48,train,5to6,3,0.0046142108889539075,0.011426669822316436,0.07097608189561494,0.31050468692924993,0.6024783504638648,gte6
2474,2475,OADMET-0002882,5.25,train,5to6,3,0.008545874434937619,0.03021485293755157,0.3550906403296769,0.46698572231394087,0.139162909983893,5to6
2475,2476,OADMET-0002881,1.76,train,lt3,1,0.23129535583016858,0.4321967226340146,0.2570202744387192,0.05184136524205525,0.027646281855042348,3to4
2476,2477,OADMET-0002880,5.06,train,5to6,1,0.025060920133600076,0.14651096320260948,0.5775942989651424,0.20470035117377836,0.04613346652486971,4to5
2477,2478,OADMET-0002879,5.42,train,5to6,3,0.006882559533724783,0.0342914314355382,0.34899947177246016,0.4831825214742963,0.12664401578398055,5to6
2478,2479,OADMET-0002878,5.0,train,4to5,4,0.015770184375519185,0.044744459466367605,0.4141486120233804,0.3872269216605605,0.1381098224741723,4to5
2479,2480,OADMET-0002877,3.08,train,3to4,2,0.03043520359888066,0.16374161351497132,0.592186433309721,0.19757392413693892,0.01606282543948813,4to5
2480,2481,OADMET-0002876,5.34,train,5to6,4,7.226561687026865e-05,0.00022431453717910443,0.04170594261383176,0.48423828478561354,0.47375919244650533,5to6
2481,2482,OADMET-0002875,1.99,train,lt3,1,0.3031901745422759,0.5656234078632985,0.1051444942610757,0.01486360202416407,0.011178321309185786,3to4
2482,2483,OADMET-0002874,5.33,train,5to6,0,0.0022090084698864997,0.020500410639337507,0.4716240830647454,0.450748569214638,0.05491792861139254,4to5
2483,2484,OADMET-0002873,5.22,train,5to6,1,0.00528356351100091,0.029848093806306045,0.41802615822721423,0.4132061689195613,0.13363601553591747,4to5
2484,2485,OADMET-0002872,4.74,train,4to5,1,0.004035977273137721,0.027479308353032035,0.4519276722075678,0.44182230050176974,0.07473474166449269,4to5
2485,2486,OADMET-0002871,5.16,train,5to6,4,0.03717435841002526,0.10229443606295532,0.48556517831139,0.27220466327362264,0.10276136394200677,4to5
2486,2487,OADMET-0002870,5.07,train,5to6,4,0.001582202311865443,0.017617559540377574,0.5012859838666535,0.44293160453042896,0.036582649750674615,4to5
2487,2488,OADMET-0002869,5.51,train,5to6,2,0.0010975663364643643,0.005174559097674057,0.08785674758845703,0.4798504432843144,0.42602068369309015,5to6
2488,2489,OADMET-0002868,5.44,train,5to6,0,0.0021513481814766375,0.027729144565227324,0.519469981021215,0.39156988609574167,0.05907964013633931,4to5
2489,2490,OADMET-0002867,5.12,train,5to6,2,0.013824014379382535,0.05111693361169473,0.23329632636056263,0.422900330915125,0.2788623947332351,5to6
2490,2491,OADMET-0002866,3.47,train,3to4,4,0.4122375080935188,0.4570071509961834,0.09360867355132323,0.012092750023975037,0.02505391733499955,3to4
2491,2492,OADMET-0002865,5.44,train,5to6,3,0.00021121636551807668,0.0020738629293196044,0.17512298054441014,0.6537128885031996,0.16887905165755257,5to6
2492,2493,OADMET-0002864,4.94,train,4to5,1,0.024759661314041684,0.07890937447954202,0.4485688788869646,0.29638004192568346,0.1513820433937682,4to5
2493,2494,OADMET-0002863,1.79,train,lt3,2,0.49243486568873923,0.4549526654159781,0.040637986666953826,0.004274624662468343,0.00769985756586051,lt3
2494,2495,OADMET-0002862,2.57,train,lt3,1,0.2508240826059543,0.37687621816055994,0.2576418105821992,0.06457819500961028,0.05007969364167629,3to4
2495,2496,OADMET-0002861,5.83,train,5to6,0,0.0005387061762688703,0.0031182753095800545,0.03533155705002897,0.36492367147243615,0.596087789991686,gte6
2496,2497,OADMET-0002860,5.3,train,5to6,4,0.0001109216057558475,0.00028674098624025446,0.05791693337518573,0.48277957553696793,0.45890582849585027,5to6
2497,2498,OADMET-0002859,5.83,train,5to6,0,0.0016563400173061904,0.006959199640653272,0.08851807074999454,0.47362293180293485,0.4292434577891111,5to6
2498,2499,OADMET-0002858,2.82,train,lt3,1,0.761569307705724,0.19955673389663586,0.01939930766995187,0.005455738341490692,0.014018912386197619,lt3
2499,2500,OADMET-0002857,5.86,train,5to6,3,0.008738612663072631,0.041057832752314186,0.33529484508127816,0.4261198750607177,0.18878883444261732,5to6
2500,2501,OADMET-0002856,5.545,train,5to6,1,0.004103848794740321,0.039197423367149486,0.5188064681494071,0.36852697293049974,0.06936528675820335,4to5
2501,2502,OADMET-0002855,5.33,train,5to6,1,0.0003037061182731925,0.0023740922962338217,0.12042765792775216,0.5196288110830259,0.35726573257471483,5to6
2502,2503,OADMET-0002854,5.59,train,5to6,4,0.0009305178114560029,0.0007264900739152067,0.010870487866982553,0.14697486985006844,0.8404976343975777,gte6
2503,2504,OADMET-0002853,1.76,train,lt3,1,0.478721620881565,0.4227716942446851,0.06553934545041688,0.014897330733469365,0.018070008689863647,lt3
2504,2505,OADMET-0002852,4.86,train,4to5,4,0.0005356713466104333,0.0004882894974681816,0.013033115755359445,0.20522492366653158,0.7807179997340303,gte6
2505,2506,OADMET-0002851,4.97,train,4to5,1,0.00017332429161032715,0.0028105007065589156,0.2199391951474757,0.5960987022646951,0.18097827758965992,5to6
2506,2507,OADMET-0002850,5.35,train,5to6,1,0.0016299487064472663,0.011160299935266248,0.2530679960420454,0.5169443405674101,0.21719741474883097,5to6
2507,2508,OADMET-0002849,5.44,train,5to6,1,0.0005475418284949529,0.00619535426638998,0.2631674107059845,0.5713748923570167,0.1587148008421139,5to6
2508,2509,OADMET-0002848,5.69,train,5to6,4,0.0008210636057832319,0.0010938196473142315,0.029888194772870306,0.2439126728996596,0.7242842490743726,gte6
2509,2510,OADMET-0002847,5.27,train,5to6,1,0.0004573114750268907,0.004775865358070109,0.24421184687161393,0.5583798755500023,0.19217510074528674,5to6
2510,2511,OADMET-0002846,5.4,train,5to6,2,0.0032960827165811244,0.011088536639193571,0.18059811813391305,0.49472199027530883,0.3102952722350034,5to6
2511,2512,OADMET-0002845,5.71,train,5to6,1,0.0014684055979730744,0.005853723753698201,0.13911095306918803,0.4541414692900098,0.3994254482891309,5to6
2512,2513,OADMET-0002844,5.88,train,5to6,0,0.01272299901862169,0.0726332397003094,0.5042484693451315,0.3379626069519953,0.07243268498394217,4to5
2513,2514,OADMET-0002843,3.84,train,3to4,4,0.16018802703337504,0.2916571937186402,0.3948340011121408,0.10414401946169233,0.04917675867415169,4to5
2514,2515,OADMET-0002842,5.04,train,5to6,3,0.0004929519999030414,0.0046101295625544415,0.1875139446599577,0.5844147713294121,0.2229682024481727,5to6
2515,2516,OADMET-0002841,5.45,train,5to6,0,0.22024899392949054,0.25539844847621845,0.21090684516866737,0.10241967287034284,0.21102603955528082,3to4
2516,2517,OADMET-0002840,5.14,train,5to6,3,0.0014986169826157862,0.008859220795244123,0.1637716871459807,0.5393378079522222,0.2865326671239372,5to6
2517,2518,OADMET-0002839,1.74,train,lt3,1,0.8098182808322509,0.16559440163569844,0.00927599254996597,0.002866131066755169,0.012445193915329496,lt3
2518,2519,OADMET-0002838,5.14,train,5to6,2,0.0007373215223790145,0.002447934918999538,0.04422015825282375,0.36994783029015277,0.582646755015645,gte6
2519,2520,OADMET-0002837,1.73,train,lt3,2,0.8074654440385449,0.16136762698937307,0.005033670521058267,0.0023707154033817154,0.02376254304764205,lt3
2520,2521,OADMET-0002836,2.91,train,lt3,1,0.01673038412209674,0.11442421588933953,0.569938752337417,0.23434535067782966,0.06456129697331707,4to5
2521,2522,OADMET-0002835,5.01,train,5to6,3,0.03645018705428762,0.07063024912060792,0.2650671461264578,0.267890230887546,0.35996218681110065,gte6
2522,2523,OADMET-0002834,5.64,train,5to6,0,0.0003694368779501552,0.0031045571535639606,0.09332151321239154,0.5072322275990665,0.3959722651570279,5to6
2523,2524,OADMET-0002833,4.885,train,4to5,1,0.004186971775348249,0.01227681818688246,0.09509249910583492,0.41679987613187036,0.471643834800064,gte6
2524,2525,OADMET-0002832,5.38,train,5to6,2,0.004580124813124476,0.011112840075277743,0.06564122533187176,0.29822788072985795,0.620437929049868,gte6
2525,2526,OADMET-0002831,4.04,train,4to5,1,0.05664387549031152,0.2187943840386157,0.5155253852747266,0.15860664371828306,0.05042971147806312,4to5
2526,2527,OADMET-0002830,5.4,train,5to6,2,0.000569690132588463,0.0014286069131255053,0.018528906540050502,0.2209809858980332,0.7584918105162023,gte6
2527,2528,OADMET-0002829,5.64,train,5to6,0,0.001044722940572839,0.0058731490817427335,0.0641034449456373,0.3694175667144122,0.5595611163176348,gte6
2528,2529,OADMET-0002828,3.73,train,3to4,0,0.4860240897823532,0.35468397939127777,0.09477863782143722,0.022171984366834863,0.04234130863809696,lt3
2529,2530,OADMET-0002827,5.91,train,5to6,2,0.0003766774216118745,0.0012160951413822197,0.027628698582626225,0.3559419716088171,0.6148365572455626,gte6
2530,2531,OADMET-0002825,6.225,train,gte6,0,0.10702261834541071,0.1831202913123304,0.2860225077117419,0.2284858920763606,0.19534869055415638,4to5
2531,2532,OADMET-0002824,6.52,train,gte6,4,0.00018089406182071456,0.00026168759206319483,0.010862192377550648,0.21092355714475922,0.7777716688238062,gte6
2532,2533,OADMET-0002823,5.39,train,5to6,3,0.0003737026766775647,0.0025625110533475776,0.11181490295746767,0.5737919299895212,0.31145695332298595,5to6
2533,2534,OADMET-0002822,5.47,train,5to6,2,0.00022547040551358682,0.00041850718162465085,0.0033807778424465194,0.10984614694468628,0.886129097625729,gte6
2534,2535,OADMET-0002821,5.52,train,5to6,3,0.00043193565522647403,0.0010933810922662084,0.029995877508743263,0.3259786986611668,0.6425001070825973,gte6
2535,2536,OADMET-0002820,5.73,train,5to6,3,0.0001219228384615119,0.0005158928205822049,0.02092313247952323,0.3310300771523511,0.647408974709082,gte6
2536,2537,OADMET-0002819,6.345000000000001,train,gte6,4,0.006693027388692125,0.004298612437362952,0.031017707386363093,0.21286310067195496,0.7451275521156269,gte6
2537,2538,OADMET-0002818,5.74,train,5to6,0,6.67339862685851e-05,0.00033637096332900896,0.011691158935384954,0.2855596913164161,0.7023460447986013,gte6
2538,2539,OADMET-0002817,5.3,train,5to6,4,0.0006613326695139355,0.0017599343166794217,0.11834464706174207,0.5240064743790744,0.35522761157299015,5to6
2539,2540,OADMET-0002816,5.51,train,5to6,4,0.003351186380294799,0.029801869570637973,0.5156164135697159,0.3980500374116467,0.05318049306770465,4to5
2540,2541,OADMET-0002815,5.72,train,5to6,3,8.185155806605955e-05,0.0007439349667382531,0.0840138381676821,0.574821266816864,0.34033910849064963,5to6
2541,2542,OADMET-0002814,5.28,train,5to6,3,0.00010364170926339447,0.00026458571771255314,0.00593500447049244,0.19048155920715232,0.8032152088953793,gte6
2542,2543,OADMET-0002813,5.02,train,5to6,0,0.0005760385117988663,0.0036182900508874914,0.06637751497293137,0.5077966594112798,0.42163149705310243,5to6
2543,2544,OADMET-0002812,5.0,train,4to5,4,0.00033782201498126004,0.0024201516408971927,0.18688908179409955,0.6162429543476484,0.19410999020237352,5to6
2544,2545,OADMET-0002811,5.03,train,5to6,0,0.010640377396799907,0.03539314938583345,0.23756042609580735,0.4890883367135594,0.22731771040799992,5to6
2545,2546,OADMET-0002810,5.949999999999999,train,5to6,4,0.001735063874231662,0.0010144389365570063,0.006415793755109551,0.10723666240266402,0.8835980410314378,gte6
2546,2547,OADMET-0002809,5.74,train,5to6,1,0.0002023518991552043,0.0008656289236385368,0.010247081979832231,0.1958807199036049,0.7928042172937692,gte6
2547,2548,OADMET-0002808,5.19,train,5to6,3,0.0004532742242276093,0.006644552002700619,0.28799697300796534,0.59410803569496,0.1107971650701465,5to6
2548,2549,OADMET-0002807,5.775,train,5to6,0,0.0005294965124528217,0.0019747847294609103,0.018009839217795844,0.2911632896603938,0.6883225898798966,gte6
2549,2550,OADMET-0002806,3.26,train,3to4,4,0.5796264706919491,0.29421605186712263,0.06861575299302713,0.01234899990185629,0.04519272454604493,lt3
2550,2551,OADMET-0002805,4.91,train,4to5,3,0.007216889083335387,0.043834798874904754,0.4195446154108873,0.44554389373739234,0.08385980289348025,5to6
2551,2552,OADMET-0002804,4.95,train,4to5,2,0.0007231025576947915,0.004719772042602438,0.19859515686544302,0.6032756139859307,0.19268635454832905,5to6
2552,2553,OADMET-0002803,5.22,train,5to6,3,0.0026377343847952396,0.02021931283483312,0.36924233766121034,0.489356842085239,0.11854377303392231,5to6
2553,2554,OADMET-0002802,5.55,train,5to6,0,0.002628741296964658,0.010353963730519026,0.20782398993677656,0.5444710206496765,0.23472228438606327,5to6
2554,2555,OADMET-0002801,5.84,train,5to6,4,0.0002535200202542999,0.0005862622346805904,0.03876433328814219,0.3749769143626161,0.5854189700943069,gte6
2555,2556,OADMET-0002800,5.09,train,5to6,3,0.0004755259965964715,0.0031348718004548795,0.15372833449856216,0.5967088875760943,0.24595238012829215,5to6
2556,2557,OADMET-0002799,3.4,train,3to4,4,0.6864619255065918,0.21146203577518463,0.04326711222529411,0.011600904166698456,0.047208022326231,lt3
2557,2558,OADMET-0002798,5.21,train,5to6,0,0.01778788734673352,0.11552385606599143,0.5574087081029043,0.2675982202387783,0.04168132824559245,4to5
2558,2559,OADMET-0002797,5.84,train,5to6,1,0.000748426715791024,0.0020567281285410965,0.015285251746658405,0.19775845219771454,0.7841511412112949,gte6
2559,2560,OADMET-0002796,5.0,train,4to5,3,0.01237491741183125,0.07656346657163476,0.6107302625423456,0.27677382755846014,0.023557525915728166,4to5
2560,2561,OADMET-0002795,5.029999999999999,train,5to6,4,0.35626175375150937,0.4621287591859157,0.158833648336296,0.016210119380539727,0.00656571934573918,3to4
2561,2562,OADMET-0002794,5.64,train,5to6,0,0.00827456795197578,0.02804510941196777,0.2641125227918142,0.507957798147205,0.19161000169703732,5to6
2562,2563,OADMET-0002793,4.96,train,4to5,3,0.00029119440052066925,0.0014309285338035807,0.06771882905072436,0.5108511660366295,0.41970788197832193,5to6
2563,2564,OADMET-0002792,5.39,train,5to6,4,0.0014476914588181127,0.0019822514055678263,0.038600098157464055,0.30449449870685646,0.6534754602712936,gte6
2564,2565,OADMET-0002791,6.125,train,gte6,4,0.0008896671214745271,0.00098519654356193,0.0134611584032416,0.17742374265698646,0.8072402352747354,gte6
2565,2566,OADMET-0002790,4.93,train,4to5,4,0.0030311259942025948,0.03340060640289519,0.5106151109917731,0.4106362168800973,0.042316939731031816,4to5
2566,2567,OADMET-0002789,5.46,train,5to6,2,0.00015184825609649953,0.0008403293665049439,0.039526878659493975,0.4625954794006286,0.496885464317276,gte6
2567,2568,OADMET-0002788,5.3,train,5to6,3,0.012279238849189328,0.16140923294857148,0.6723386808119768,0.14476870350910936,0.009204143881153074,4to5
2568,2569,OADMET-0002787,5.7,train,5to6,4,0.002952395280401996,0.00253245517365049,0.06867425238056594,0.44291765106193287,0.48292324610344867,gte6
2569,2570,OADMET-0002786,6.14,train,gte6,4,0.009350293237573803,0.08192152461289082,0.6231355018837196,0.25668084406282043,0.028911836202995363,4to5
2570,2571,OADMET-0002785,5.41,train,5to6,2,0.003914093887588425,0.019012355318200558,0.3148849166259929,0.5353264566852403,0.12686217748297787,5to6
2571,2572,OADMET-0002784,5.35,train,5to6,1,0.005860782142099327,0.03958570095822794,0.47435182423093525,0.36268665753931056,0.11751503512942692,4to5
2572,2573,OADMET-0002783,5.69,train,5to6,2,0.0010457523425225514,0.005783633937375899,0.188718368300271,0.6108448060111956,0.19360743940863492,5to6
2573,2574,OADMET-0002782,5.41,train,5to6,4,0.001779217999244017,0.007543990971857541,0.234690267528465,0.5333910071610467,0.2225955163393867,5to6
2574,2575,OADMET-0002781,5.5,train,5to6,3,0.05930935517205408,0.29076255830114534,0.5228308702193825,0.10614699659118225,0.02095021971623587,4to5
2575,2576,OADMET-0002780,5.925000000000001,train,5to6,3,0.002044924649133757,0.014322806250681459,0.3264753927261632,0.5423851890829596,0.11477168729106194,5to6
2576,2577,OADMET-0002779,5.3,train,5to6,1,0.00022500170485284795,0.0017266555742527778,0.06439210233862222,0.44572929862431426,0.48792694175795787,gte6
2577,2578,OADMET-0002778,5.04,train,5to6,0,0.00021146374596957843,0.0016454315013763288,0.06354236590392717,0.49731039903942154,0.4372903398093054,5to6
2578,2579,OADMET-0002777,5.03,train,5to6,3,0.010929633669869005,0.11372905768374718,0.6408924943050767,0.2176449111334483,0.016803903207858874,4to5
2579,2580,OADMET-0002776,5.22,train,5to6,2,0.004820892969903983,0.03600672197889131,0.482257924115498,0.43409480896708186,0.042819651968624854,4to5
2580,2581,OADMET-0002775,5.23,train,5to6,1,0.0003927411458476374,0.004190646117453553,0.21194590655905096,0.5622247464867575,0.2212459596908904,5to6
2581,2582,OADMET-0002774,5.07,train,5to6,3,0.00010918126219064076,0.0010186079006569225,0.08062242939108907,0.5629684484440244,0.355281333002039,5to6
2582,2583,OADMET-0002773,5.91,train,5to6,2,0.0009403014859060375,0.002976010232535819,0.04545513778362277,0.33018605922903493,0.6204424912689005,gte6
2583,2584,OADMET-0002772,5.215,train,5to6,1,0.0001328417229052752,0.0010225913369319407,0.06602713984187,0.4436899569377286,0.4891274701605642,gte6
2584,2585,OADMET-0002771,1.8,train,lt3,1,0.7021748588014947,0.27287439814795716,0.014599878374867167,0.003271246127875294,0.007079618547805749,lt3
2585,2586,OADMET-0002769,5.22,train,5to6,1,4.3182684657468334e-05,0.0004171684550136268,0.05403456825498099,0.44693702364705185,0.49856805695829604,gte6
2586,2587,OADMET-0002768,5.25,train,5to6,4,0.000811046285483867,0.0027310131287795027,0.12922427138703624,0.5402237210541462,0.3270099481445542,5to6
2587,2588,OADMET-0002767,6.27,train,gte6,1,6.959820056444078e-05,0.0003913514603595106,0.012534487794802629,0.2454702219388896,0.7415343406053838,gte6
2588,2589,OADMET-0002766,5.904999999999999,train,5to6,1,0.000575144185167486,0.005402068067010713,0.167068643043613,0.5347871110262737,0.292167033677935,5to6
2589,2590,OADMET-0002765,3.1,train,3to4,0,0.5902383483768741,0.3108496732376759,0.043537933860873144,0.014095432006163,0.04127861251841392,lt3
2590,2591,OADMET-0002764,4.79,train,4to5,3,0.014153296808793545,0.11619628015185769,0.6333424932942657,0.21742045494635714,0.0188874747987259,4to5
2591,2592,OADMET-0002763,5.31,train,5to6,2,0.002791007835141906,0.036273879901191894,0.5966673182199059,0.34833185048160736,0.015935943562152943,4to5
2592,2593,OADMET-0002762,5.6,train,5to6,4,5.4842696475496905e-05,5.105350517521823e-05,0.00456017430502742,0.17438105797366812,0.8209528715196537,gte6
2593,2594,OADMET-0002761,5.41,train,5to6,1,0.0037373502925739793,0.02804813582999869,0.4404773491052448,0.41893807785128145,0.1087990869209011,4to5
2594,2595,OADMET-0002760,6.32,train,gte6,4,0.0009067430553992555,0.0013637606818922875,0.05159486482632194,0.3853393215676283,0.5607953098687583,gte6
2595,2596,OADMET-0002759,4.74,train,4to5,0,0.10573914863752319,0.43431947525127645,0.37629780944301916,0.06451190395211977,0.019131662716061416,3to4
2596,2597,OADMET-0002758,5.795,train,5to6,0,0.005825000668619742,0.0283503003740142,0.3648013082801967,0.4836559174035585,0.1173674732736109,5to6
2597,2598,OADMET-0002757,4.77,train,4to5,1,2.995609679845806e-05,0.00024075017970575939,0.013972784794715323,0.28222002510385447,0.703536483824926,gte6
2598,2599,OADMET-0002756,4.87,train,4to5,3,0.00556250137728054,0.03324231808264539,0.45522161364323804,0.43524937909738065,0.07072418779945538,4to5
2599,2600,OADMET-0002755,5.38,train,5to6,1,0.0011261281420252465,0.014552328859260307,0.395546111845745,0.4947304469667518,0.09404498418621764,5to6
2600,2601,OADMET-0002754,5.6,train,5to6,0,0.0001445702187317588,0.0010460469410294535,0.05060262122416844,0.4653054672105818,0.4829012944054885,gte6
2601,2602,OADMET-0002753,6.15,train,gte6,1,0.6881851162954308,0.23510681247197504,0.04069204769822311,0.012657866094140493,0.02335815744023062,lt3
2602,2603,OADMET-0002752,4.95,train,4to5,2,0.0002384513952309204,0.002545929607994033,0.21888698935053416,0.6492524389352019,0.12907619071103899,5to6
2603,2604,OADMET-0002751,5.13,train,5to6,2,0.0015353983902219007,0.01218187691506584,0.3560028575199407,0.5354242627137302,0.0948556044610413,5to6
2604,2605,OADMET-0002750,3.43,train,3to4,4,0.2025996221701944,0.5992222048527193,0.18432839880019936,0.012424562574785017,0.0014252116021019868,3to4
2605,2606,OADMET-0002749,1.9,train,lt3,2,0.46686048078361475,0.4030471848739251,0.08559084277122003,0.014187421907150636,0.030314069664089425,lt3
2606,2607,OADMET-0002748,1.79,train,lt3,4,0.724651816881503,0.2540698063283684,0.010777060923991078,0.0015776464789064902,0.008923669387230973,lt3
2607,2608,OADMET-0002747,5.87,train,5to6,4,0.3086990106526799,0.39749309272507916,0.24086409717476331,0.03495639922113568,0.017987400226341932,3to4
2608,2609,OADMET-0002746,4.78,train,4to5,1,0.16638632149693802,0.5160869369582961,0.26083171416228956,0.04275529094553607,0.013939736436940239,3to4
2609,2610,OADMET-0002745,1.76,train,lt3,1,0.5737672351973035,0.3526384771359222,0.051581486194891155,0.01034143456616828,0.011671366905714754,lt3
2610,2611,OADMET-0002744,5.34,train,5to6,1,3.0014276171399068e-05,0.00024826248145725624,0.016705034123380983,0.3047575024206525,0.6782591866983378,gte6
2611,2612,OADMET-0002743,1.83,train,lt3,0,0.5138684520756238,0.3298558002893921,0.08024251475975386,0.022729588714855888,0.053303644160374336,lt3
2612,2613,OADMET-0002742,1.82,train,lt3,3,0.09692621231079102,0.2161777764558792,0.38630539178848267,0.162187859416008,0.1384027600288391,4to5
2613,2614,OADMET-0002740,5.67,train,5to6,0,0.000896531955507982,0.019378024726046026,0.5219068430616535,0.4291039029802754,0.02871469727651718,4to5
2614,2615,OADMET-0002739,5.33,train,5to6,4,0.003470087623625623,0.01916737836183456,0.3521521355867764,0.5024111222944092,0.12279927613335422,5to6
2615,2616,OADMET-0002738,5.34,train,5to6,4,0.0019271661866489013,0.01168409885319391,0.3688942080610349,0.5180114944517805,0.09948303244734176,5to6
2616,2617,OADMET-0002736,4.91,train,4to5,3,0.005211029250277479,0.02765354726140897,0.45639685221386006,0.43660921265007197,0.07412935862438155,4to5
2617,2618,OADMET-0002735,5.455,train,5to6,2,0.0005147042967076911,0.00479633527154455,0.25208292796545917,0.6257731066277374,0.11683292583855114,5to6
2618,2619,OADMET-0002734,1.81,train,lt3,1,0.30722721838900413,0.5445212024353221,0.12393232204146083,0.016005797013532427,0.008313460120680554,3to4
2619,2620,OADMET-0002733,5.76,train,5to6,0,0.0005100961915968436,0.001562587539591072,0.050391729017681644,0.43676104358616274,0.5107745436649677,gte6
2620,2621,OADMET-0002732,5.66,train,5to6,4,0.0002829031624740497,0.0016999114850015243,0.11888879104721484,0.5620618257922079,0.3170665685131017,5to6
2621,2622,OADMET-0002731,5.61,train,5to6,2,0.00023385622997573787,0.000665114367501379,0.009489746619855941,0.20769771617412608,0.7819135666085408,gte6
2622,2623,OADMET-0002730,5.58,train,5to6,4,0.0001318708167673513,0.0003513480003231162,0.03998197778106138,0.453843420797144,0.5056913826047041,gte6
2623,2624,OADMET-0002729,5.175,train,5to6,1,0.0013850517545173843,0.005539914582781653,0.09039633704275575,0.4178472153510019,0.4848314812689433,gte6
2624,2625,OADMET-0002728,5.65,train,5to6,2,0.023216323451363374,0.05413466953582807,0.3111855621951796,0.4176871094954047,0.19377633532222419,5to6
2625,2626,OADMET-0002727,5.71,train,5to6,1,0.004133502585258629,0.03735875054509206,0.5245792990334073,0.3706941394626168,0.06323430837362526,4to5
2626,2627,OADMET-0002726,5.01,train,5to6,1,0.024234339414281103,0.07881256134202658,0.4571841325075616,0.30640780697459125,0.1333611597615394,4to5
2627,2628,OADMET-0002725,5.35,train,5to6,2,0.00023047505780616657,0.002647891703046286,0.2252033405908763,0.6666352309880668,0.1052830616602045,5to6
2628,2629,OADMET-0002724,2.6,train,lt3,3,0.32139715552330017,0.5048726201057434,0.12375890463590622,0.018797487020492554,0.031173832714557648,3to4
2629,2630,OADMET-0002723,2.89,train,lt3,4,0.4922880594544419,0.35751843918604603,0.09814814606129568,0.016313294161470718,0.035732061136745714,lt3
2630,2631,OADMET-0002722,5.47,train,5to6,3,0.00015366709534488153,0.0016293449074829924,0.1327853721362462,0.6280974379144199,0.23733417794650613,5to6
2631,2632,OADMET-0002721,4.97,train,4to5,3,0.002830155827061872,0.018958687345285424,0.39164032629402534,0.48819806046513653,0.09837277006849082,5to6
2632,2633,OADMET-0002720,5.46,train,5to6,1,0.00013279208510866798,0.0018174109656159045,0.16258243509752016,0.5919787626445677,0.24348859920718757,5to6
2633,2634,OADMET-0002719,2.53,train,lt3,2,0.7357602393537849,0.23585825547047912,0.010569023362138247,0.0029904117059115958,0.014822070107686151,lt3
2634,2635,OADMET-0002718,6.115,train,gte6,3,0.0005438129097647208,0.00401992847998545,0.18905661292587161,0.6209967500005784,0.18538289568379976,5to6
2635,2636,OADMET-0002717,5.54,train,5to6,3,0.00014607120791545306,0.001044228670291654,0.07273063789946431,0.5259969816964954,0.40008208052583316,5to6
2636,2637,OADMET-0002716,4.79,train,4to5,0,0.0003032908151487513,0.0030395407398624893,0.12475189635959723,0.5953429374410335,0.2765623346443581,5to6
2637,2638,OADMET-0002715,5.83,train,5to6,4,0.0030939019179153544,0.008263319453709292,0.20191960849882484,0.5232276741078158,0.26349549602173467,5to6
2638,2639,OADMET-0002714,5.82,train,5to6,4,0.0007562907096904166,0.0030586247943846976,0.1281487539835505,0.5396545719408323,0.3283817585715421,5to6
2639,2640,OADMET-0002713,5.44,train,5to6,3,0.0015860902099165961,0.008408151665844875,0.1783820709698588,0.5898842880942757,0.22173939906010395,5to6
2640,2641,OADMET-0002712,5.29,train,5to6,0,0.00037149154220671437,0.002807439813690965,0.0735728230457302,0.5170072992617455,0.40624094633662666,5to6
2641,2642,OADMET-0002710,2.78,train,lt3,1,0.5355576775564116,0.4102208241826798,0.03547549928373449,0.006736670032734922,0.012009328944439148,lt3
2642,2643,OADMET-0002709,5.49,train,5to6,1,0.00029408597694604964,0.001628383681206332,0.03221797642505227,0.29633367723109927,0.6695258766856961,gte6
2643,2644,OADMET-0002708,1.84,train,lt3,1,0.14323883665748025,0.3061396375461438,0.39835151572516475,0.10734954411142413,0.044920465959787076,4to5
2644,2645,OADMET-0002707,5.56,train,5to6,2,0.001126330414162569,0.003125270462248677,0.04686952554607812,0.4176789045696894,0.5311999690078212,gte6
2645,2646,OADMET-0002706,4.94,train,4to5,1,0.0001109903389365756,0.001789433185653245,0.1909955618392256,0.6015138243190853,0.20559019031709921,5to6
2646,2647,OADMET-0002705,3.56,train,3to4,4,0.3296160501470536,0.4116903298085731,0.17925683085579688,0.036575665380021015,0.042861123808555376,3to4
2647,2648,OADMET-0002704,5.6,train,5to6,2,0.3439580128425413,0.5328132992100847,0.09904201116602285,0.011427838110513728,0.012758838670837424,3to4
2648,2649,OADMET-0002703,5.16,train,5to6,1,0.0004748884586247681,0.0038277504951180585,0.09587237351889231,0.4928388653672225,0.4069861221601424,5to6
2649,2650,OADMET-0002702,5.24,train,5to6,4,0.0009036263716595367,0.003915358764204311,0.1902369541204723,0.6071839872432027,0.1977600735004612,5to6
2650,2651,OADMET-0002701,5.365,train,5to6,2,0.011663901768810183,0.03266593967383014,0.3171070303472633,0.4283961664470621,0.21016696176303434,5to6
2651,2652,OADMET-0002700,5.64,train,5to6,0,0.0003075896019028117,0.0019869064891854123,0.05194675179310467,0.4189631044026881,0.526795647713119,gte6
2652,2653,OADMET-0002699,5.22,train,5to6,1,0.01649412432900214,0.062235475297789354,0.393661867389067,0.39720956547660996,0.13039896750753158,5to6
2653,2654,OADMET-0002698,5.7,train,5to6,1,4.68497842995867e-05,0.0006951882198058049,0.08127156423577513,0.571239634682002,0.3467467630781175,5to6
2654,2655,OADMET-0002697,5.36,train,5to6,2,0.008677304924402966,0.030495679716013364,0.39733097882315,0.45201651314311925,0.1114795233933144,5to6
2655,2656,OADMET-0002696,5.85,train,5to6,4,0.00029828075626767576,0.0019217339100071978,0.1875536842276548,0.6166629638169686,0.19356333728910172,5to6
2656,2657,OADMET-0002695,2.69,train,lt3,4,0.056287588366496215,0.1760073654653837,0.5312188426023376,0.17957242368377518,0.056913779882007236,4to5
2657,2658,OADMET-0002694,1.91,train,lt3,3,0.4243070960704117,0.3809865904696307,0.10456458187015964,0.023436007366440983,0.06670572422335695,lt3
2658,2659,OADMET-0002693,5.06,train,5to6,0,0.0030831093339988664,0.01419365007730557,0.09840564996105602,0.42077576349943185,0.4635418271282077,gte6
2659,2660,OADMET-0002692,4.67,train,4to5,3,0.00077065065972596,0.010629950637706246,0.3072588928558962,0.5813755778586719,0.09996492798799968,5to6
2660,2661,OADMET-0002691,5.35,train,5to6,2,0.00021726870970037405,0.0020785951113661614,0.18019850602428944,0.6518112439247162,0.1656943862299278,5to6
2661,2662,OADMET-0002690,5.27,train,5to6,2,0.007129302551347844,0.023951919202858562,0.23737938160468372,0.4974315052972437,0.23410789134386617,5to6
2662,2663,OADMET-0002689,4.07,train,4to5,4,0.3156156114355712,0.5010600956729478,0.15527256671880266,0.01644570655548105,0.011606019617197233,3to4
2663,2664,OADMET-0002688,4.65,train,4to5,0,0.0010666928573197503,0.004102794397141582,0.04508209911644369,0.3640625128802638,0.5856859007488312,gte6
2664,2665,OADMET-0002687,5.12,train,5to6,4,0.0014424544821297612,0.00355629618407718,0.15749422546300154,0.5354980512732427,0.30200897259754883,5to6
2665,2666,OADMET-0002686,5.44,train,5to6,2,0.003206768529215779,0.013134879043169513,0.21858154268839425,0.5598425658868922,0.20523424385232825,5to6
2666,2667,OADMET-0002685,5.98,train,5to6,2,0.0002810492112899524,0.0018252142004452126,0.08151123983730899,0.5049667551069118,0.4114157416440441,5to6
2667,2668,OADMET-0002684,3.2,train,3to4,2,0.16859760049832911,0.578565620165091,0.2222232160469285,0.02182333256730807,0.008790230722343261,3to4
2668,2669,OADMET-0002683,6.07,train,gte6,2,0.04658968677238096,0.07207155120266152,0.1958685488124408,0.3638774996418133,0.32159271357070335,5to6
2669,2670,OADMET-0002682,2.42,train,lt3,0,0.10019125492235667,0.21284904537420177,0.3736716675909609,0.19584214072713885,0.1174458913853418,4to5
2670,2671,OADMET-0002681,5.33,train,5to6,1,0.004637474795878358,0.09274881605206775,0.6781684955230985,0.20607190438664053,0.018373309242314884,4to5
2671,2672,OADMET-0002680,5.4,train,5to6,1,4.280084498044364e-05,0.0004714278493908815,0.049406147164842575,0.45364250513058596,0.49643711901020016,gte6
2672,2673,OADMET-0002679,5.27,train,5to6,2,0.0006197363291769778,0.0034048676229257464,0.11736129294663046,0.4938677876994702,0.3847463154017966,5to6
2673,2674,OADMET-0002678,5.53,train,5to6,1,8.677886177754485e-05,0.001021335595336655,0.09008461196315723,0.5281972265257916,0.380610047053937,5to6
2674,2675,OADMET-0002677,5.28,train,5to6,3,0.0028485450416115944,0.022440138828081546,0.43600776060657603,0.47705384289196767,0.061649712631763116,5to6
2675,2676,OADMET-0002676,5.57,train,5to6,1,0.0008523397106798547,0.014939340487135869,0.4681343349861805,0.4531724965400248,0.06290148827597895,4to5
2676,2677,OADMET-0002675,5.8100000000000005,train,5to6,4,0.23836559945216773,0.20454805361286005,0.33737458055371716,0.11547021997981594,0.1042415464014391,4to5
2677,2678,OADMET-0002674,5.28,train,5to6,3,0.005439401746078626,0.01491920968306984,0.18305342376743988,0.49449218608977386,0.3020957787136378,5to6
2678,2679,OADMET-0002673,4.81,train,4to5,1,0.001260708057426524,0.0056039442892217685,0.08060405219458111,0.38255207857813134,0.5299792168806392,gte6
2679,2680,OADMET-0002672,1.72,train,lt3,2,0.2025979221641398,0.3547349081854495,0.3081033917696295,0.08441156400476586,0.05015221387601536,3to4
2680,2681,OADMET-0002671,5.3,train,5to6,0,0.0013580012502851806,0.010036104286294608,0.13472153149164107,0.5401001533625869,0.31378420960919223,5to6
2681,2682,OADMET-0002670,5.18,train,5to6,0,0.008611300462949436,0.04690528017643153,0.400659329406099,0.44809943830392773,0.09572465165059231,5to6
2682,2683,OADMET-0002669,3.36,train,3to4,4,0.40861533994857874,0.4264562328558524,0.11642951315406305,0.016168164842210935,0.03233074919929491,3to4
2683,2684,OADMET-0002668,5.03,train,5to6,0,0.003397419169077419,0.008029417638029755,0.06626631711260728,0.34834150602803454,0.5739653400522511,gte6
2684,2685,OADMET-0002667,1.8,train,lt3,0,0.2130493215730439,0.36849385362679565,0.2888073314398254,0.07954812020231739,0.050101373158017645,3to4
2685,2686,OADMET-0002666,6.325,train,gte6,4,0.010156907283099004,0.005780627100457816,0.030318651771899106,0.1856679197261285,0.7680758941184156,gte6
2686,2687,OADMET-0002665,5.42,train,5to6,1,0.013753568018147708,0.06919538796804299,0.5528256154140961,0.30304643015198957,0.06117899844772356,4to5
2687,2688,OADMET-0002664,5.08,train,5to6,0,0.0005977874445287491,0.00277185489243365,0.0574260433962929,0.4392869215903618,0.4999173926763829,gte6
2688,2689,OADMET-0002663,5.08,train,5to6,0,0.00016776018230265852,0.0026256162547913537,0.21727916494612048,0.6404021351765273,0.13952532344025811,5to6
2689,2690,OADMET-0002662,5.87,train,5to6,2,0.0221023481771,0.05391151377690563,0.30600118181107666,0.4332725639153635,0.1847123923195542,5to6
2690,2691,OADMET-0002661,5.28,train,5to6,1,0.00091636934835616,0.004238568119551985,0.11832043174557028,0.4595730763266002,0.4169515544599214,5to6
2691,2692,OADMET-0002660,1.8,train,lt3,3,0.41020988501139244,0.364121399131684,0.10402326053328975,0.034974462502275504,0.0866709928213583,lt3
2692,2693,OADMET-0002659,5.87,train,5to6,3,0.0009477660555392928,0.0019365248559022788,0.028614746145175587,0.30723029094310733,0.6612706720002755,gte6
2693,2694,OADMET-0002658,5.41,train,5to6,4,4.9046558018522683e-05,0.00023115750911943176,0.057898693123300565,0.5162203605834178,0.4256007422261437,5to6
2694,2695,OADMET-0002657,5.76,train,5to6,3,0.00027621488434309105,0.003549254093316838,0.17838801743142207,0.6176214917902718,0.20016502180064613,5to6
2695,2696,OADMET-0002656,5.65,train,5to6,4,0.00023867975042973387,0.0006484338489318438,0.030878701344614533,0.3378241864993224,0.6304099985567015,gte6
2696,2697,OADMET-0002655,5.13,train,5to6,3,0.002351800383044117,0.023132884260930863,0.438604700844517,0.47278909620410836,0.06312151830739968,5to6
2697,2698,OADMET-0002654,4.73,train,4to5,4,0.0007641352079881152,0.0028832733903792433,0.17002685254247113,0.5642530880350908,0.2620726508240707,5to6
2698,2699,OADMET-0002653,5.44,train,5to6,1,0.0001523220075081179,0.0025047372657959407,0.22591099880649887,0.5895733636930027,0.18185857822719428,5to6
2699,2700,OADMET-0002652,1.71,train,lt3,0,0.3716964839694862,0.33228231847409107,0.16851682144880786,0.05535169050256917,0.07215268560504573,lt3
2700,2701,OADMET-0002651,5.57,train,5to6,3,0.0010138565967763933,0.01253037692170648,0.30829467845486674,0.5728212497625613,0.10533983826408903,5to6
2701,2702,OADMET-0002650,1.75,train,lt3,1,0.2847036315238613,0.2511026169693985,0.24558669903923946,0.10343788178869032,0.11516917067881038,lt3
2702,2703,OADMET-0002649,1.79,train,lt3,2,0.38001353327212645,0.44740597330306786,0.12630594035492343,0.022008086074309326,0.024266466995572927,3to4
2703,2704,OADMET-0002648,4.69,train,4to5,4,0.2970552625076075,0.680394861032947,0.02143695865782822,0.000530475380353584,0.0005824424212636424,3to4
2704,2705,OADMET-0002647,1.73,train,lt3,2,0.6910922094472208,0.2838032067885942,0.01249139305199852,0.0025583180393586977,0.010054872672827739,lt3
2705,2706,OADMET-0002646,4.78,train,4to5,0,0.003275873328856011,0.013616215256945167,0.0849127758201146,0.425287777501763,0.4729073580923212,gte6
2706,2707,OADMET-0002645,5.67,train,5to6,1,3.481577224879722e-05,0.00024340322573774444,0.011947807362001421,0.2687264569775335,0.7190475166624786,gte6
2707,2708,OADMET-0002644,2.0,train,lt3,2,0.36349504813696676,0.48567378023414726,0.12239174419426435,0.014402171449340986,0.01403725598528067,3to4
2708,2709,OADMET-0002643,5.98,train,5to6,4,0.006078695685904796,0.02418216613848354,0.3277628914043882,0.4954022012244213,0.14657404554680217,5to6
2709,2710,OADMET-0002642,5.48,train,5to6,4,0.0009493872497700782,0.0032603397943366244,0.1392250189219584,0.5216380875754991,0.33492716645843573,5to6
2710,2711,OADMET-0002641,2.06,train,lt3,0,0.22726171413039312,0.38303010783414204,0.22734590568267013,0.04949197047843336,0.11287030187436137,3to4
2711,2712,OADMET-0002640,5.12,train,5to6,1,9.438804242941634e-05,0.0006875009155018982,0.032434187258871205,0.38613408124603876,0.5806498425371587,gte6
2712,2713,OADMET-0002639,3.52,train,3to4,4,0.147063935284915,0.23743117461237406,0.3896460686010842,0.12904162224227106,0.0968171992593557,4to5
2713,2714,OADMET-0002638,5.26,train,5to6,0,0.0020756916881008846,0.005344533311719696,0.056437309305767444,0.3694693113726628,0.5666731543217491,gte6
2714,2715,OADMET-0002637,5.31,train,5to6,3,0.0008338062880875458,0.0035091924834411135,0.07200843817784544,0.46969345061614065,0.4539551124344853,5to6
2715,2716,OADMET-0002636,5.19,train,5to6,2,0.0017816278089469524,0.005956080953371512,0.11486705646894294,0.5269092096276954,0.3504860251410432,5to6
2716,2717,OADMET-0002635,5.45,train,5to6,0,0.04544166644817838,0.0697274532067572,0.15554188771329402,0.3684250253597284,0.360863967272042,5to6
2717,2718,OADMET-0002634,4.7,train,4to5,3,0.00036797291732963016,0.004232017378923479,0.2417430760404714,0.6381462300139232,0.11551070364935229,5to6
2718,2719,OADMET-0002633,6.045,train,gte6,0,0.0002832695274143445,0.0018323308039407812,0.0560159004018513,0.4455555310533968,0.49631296821339677,gte6
2719,2720,OADMET-0002632,5.79,train,5to6,4,7.32516947606542e-05,9.869320173325637e-05,0.009440887039343687,0.22448766829020964,0.7658994997739528,gte6
2720,2721,OADMET-0002631,5.77,train,5to6,4,0.005387223372391284,0.013054202226897809,0.21087716370053294,0.45376586365564764,0.31691554704453034,5to6
2721,2722,OADMET-0002630,4.705,train,4to5,2,0.013578744942135165,0.029111648566790407,0.2266740550718451,0.44064642050267966,0.2899891309165497,5to6
2722,2723,OADMET-0002629,4.95,train,4to5,1,0.06779885165768021,0.14794559501212845,0.49293657219155557,0.22949227263234048,0.0618267085062953,4to5
2723,2724,OADMET-0002628,6.11,train,gte6,0,0.011375106150743348,0.07601486410106462,0.5633828879240561,0.2957143000247214,0.05351284179941449,4to5
2724,2725,OADMET-0002627,5.29,train,5to6,4,0.0007352476920757683,0.004181277197016998,0.1508923669572594,0.5283962140008508,0.31579489415279705,5to6
2725,2726,OADMET-0002626,5.19,train,5to6,0,0.0007405193764886019,0.008483238529101437,0.314731598303426,0.5745175488199681,0.10152709497101582,5to6
2726,2727,OADMET-0002625,5.3,train,5to6,2,6.88965112014199e-05,0.0005999746751378838,0.06809383916526905,0.5677622794963305,0.36347501015206113,5to6
2727,2728,OADMET-0002624,1.74,train,lt3,4,0.08640177810182172,0.2190591123480846,0.5165084907873446,0.147074333555568,0.030956285207181133,4to5
2728,2729,OADMET-0002623,5.28,train,5to6,1,0.0010351198585617934,0.011964867661250215,0.3697544584409896,0.49653556272409327,0.12070999131510511,5to6
2729,2730,OADMET-0002622,5.52,train,5to6,1,0.751605849545584,0.19924541719678163,0.022210539795849048,0.007070684067982607,0.019867509393802794,lt3
2730,2731,OADMET-0002621,5.15,train,5to6,4,0.0019223296784601621,0.015195382024850284,0.36692513242900254,0.49483478658874097,0.12112236927894604,5to6
2731,2732,OADMET-0002620,5.42,train,5to6,2,0.00102966796319299,0.003405180084363061,0.05266863528386363,0.39213371842182976,0.5507627982467506,gte6
2732,2733,OADMET-0002619,5.91,train,5to6,1,0.00018714850631409183,0.0014484475185769117,0.06635993422835194,0.4539800977682034,0.47802437197855363,gte6
2733,2734,OADMET-0002618,4.87,train,4to5,1,6.205492655555125e-05,0.000541996628662332,0.032993101216342004,0.39033610377319544,0.5760667434552447,gte6
2734,2735,OADMET-0002617,5.67,train,5to6,4,0.0012765979821833706,0.003984107696674544,0.10936753618614134,0.47027180315991934,0.4150999549750814,5to6
2735,2736,OADMET-0002616,5.88,train,5to6,4,0.00022923483638830636,0.0005260041466648112,0.08099846030922599,0.5333131215315023,0.3849331791762185,5to6
2736,2737,OADMET-0002615,5.33,train,5to6,4,7.907446513697682e-05,0.0001998326139419908,0.030174828329426424,0.3766692486871859,0.5928770159043087,gte6
2737,2738,OADMET-0002614,5.5,train,5to6,2,0.01638202540220669,0.0291679424311226,0.2036150972953523,0.43199231818325523,0.3188426166880632,5to6
2738,2739,OADMET-0002613,5.29,train,5to6,1,0.0008444723586571004,0.004458845020184352,0.16812344981386648,0.48111732637617644,0.3454559064311156,5to6
2739,2740,OADMET-0002612,4.85,train,4to5,2,0.0015164957592810656,0.007885364441058052,0.21408442136058073,0.586344810292511,0.1901689081465692,5to6
2740,2741,OADMET-0002611,5.27,train,5to6,1,0.0010923061077088945,0.008390701393484211,0.2764905696940644,0.5309190761247351,0.18310734668000744,5to6
2741,2742,OADMET-0002610,4.6850000000000005,train,4to5,1,6.196829525392983e-05,0.00034599228846095346,0.018554612227649425,0.31214507124707075,0.6688923559415649,gte6
2742,2743,OADMET-0002609,4.67,train,4to5,0,0.0002132404907842818,0.000996327722473309,0.054474465346851665,0.49916985445760204,0.4451461119822887,5to6
2743,2744,OADMET-0002608,4.76,train,4to5,0,0.0011104895101899243,0.016369022871089784,0.4877302778364886,0.44770629423063485,0.047083915551596835,4to5
2744,2745,OADMET-0002607,5.08,train,5to6,4,0.8037472914209668,0.18315280861971872,0.0041837747884392535,0.0003857981040777638,0.008530327066797511,lt3
2745,2746,OADMET-0002606,5.33,train,5to6,0,0.00010624309837700613,0.0018042918842044553,0.17738139938596456,0.6542546863172481,0.16645337931420578,5to6
2746,2747,OADMET-0002605,5.6,train,5to6,4,0.00011885796547498393,0.0001095985385070638,0.006585747687622948,0.1828543028130065,0.8103314929953885,gte6
2747,2748,OADMET-0002604,5.81,train,5to6,4,0.00042795306133489746,0.0009574468857317708,0.02953357107672073,0.2750966888335821,0.6939843401426306,gte6
2748,2749,OADMET-0002603,6.855,train,gte6,4,0.00012838656514705334,0.00035657123698534565,0.024537863895576457,0.3093522936742351,0.665624884628056,gte6
2749,2750,OADMET-0002602,5.62,train,5to6,1,0.00048004014020471784,0.002495486616437472,0.03851046186246356,0.2862103093586394,0.6723037020222549,gte6
2750,2751,OADMET-0002601,5.915,train,5to6,2,0.0029571484691729346,0.010947366214504374,0.18615060992683113,0.49451696734544737,0.3054279080440442,5to6
2751,2752,OADMET-0002600,5.28,train,5to6,2,0.00019379357489844771,0.0022379818941978187,0.17221012791465953,0.663823667269895,0.16153442934634926,5to6
2752,2753,OADMET-0002599,5.63,train,5to6,4,0.0008567882907868922,0.0071189034472263135,0.3424767496593514,0.5622821356300862,0.08726542297254919,5to6
2753,2754,OADMET-0002598,5.4,train,5to6,0,0.008102432983136822,0.029167498101030906,0.20735171842797295,0.48625407573891394,0.2691242747489454,5to6
2754,2755,OADMET-0002597,5.09,train,5to6,0,0.004559300325408621,0.013019401440654773,0.11325639365012895,0.45494877804824063,0.41421612653556705,5to6
2755,2756,OADMET-0002596,5.47,train,5to6,0,0.0015217261506081379,0.002985619501618072,0.033948445219601144,0.3175669093986457,0.643977299729527,gte6
2756,2757,OADMET-0002595,2.69,train,lt3,3,0.5759801062054615,0.3781956894690785,0.025407335741275523,0.00429519297055441,0.016121675613630086,lt3
2757,2758,OADMET-0002594,4.175,train,4to5,1,0.07069069122954336,0.49919929230801996,0.3894272545746382,0.03595760831363323,0.004725153574165251,3to4
2758,2759,OADMET-0002593,4.609999999999999,train,4to5,0,0.01742793567693425,0.0865173016036361,0.4179225737475582,0.39345623870324375,0.08467595026862769,4to5
2759,2760,OADMET-0002592,5.68,train,5to6,2,0.0009363126040223,0.006163238102170949,0.22400219811499836,0.608375432090195,0.1605228190886135,5to6
2760,2761,OADMET-0002591,5.23,train,5to6,4,0.011546902784421638,0.023616854930303823,0.22042385268963774,0.3980983619479248,0.34631402764771196,5to6
2761,2762,OADMET-0002590,5.12,train,5to6,2,0.0018977151937940749,0.016388028245774903,0.36997948690161636,0.5234244269618455,0.08831034269696912,5to6
2762,2763,OADMET-0002589,5.2,train,5to6,1,0.002955218627485785,0.016290244173984867,0.2876343510122403,0.5000348231997839,0.19308536298650525,5to6
2763,2764,OADMET-0002588,5.41,train,5to6,1,5.507044040781545e-05,0.000836856222259982,0.10737446265565055,0.583450294017454,0.30828331666422765,5to6
2764,2765,OADMET-0002587,5.02,train,5to6,0,0.0009185917541915345,0.0042288059008650175,0.10695024017616717,0.5525113053784176,0.3353910567903586,5to6
2765,2766,OADMET-0002586,5.62,train,5to6,4,0.00012214914095356867,0.00015530451584599872,0.005952894723169256,0.15146291346318022,0.842306738156851,gte6
2766,2767,OADMET-0002585,5.35,train,5to6,2,0.0010215602953104529,0.0051330081880359155,0.1332899499057832,0.5312675905445405,0.32928789106632994,5to6
2767,2768,OADMET-0002584,5.62,train,5to6,0,0.0003593738347149215,0.003351079981470277,0.145768820497046,0.5972920029736677,0.2532287227131011,5to6
2768,2769,OADMET-0002583,5.91,train,5to6,0,0.011535211667051173,0.03253348338205659,0.15919645612560304,0.4361092172046874,0.3606256316206018,5to6
2769,2770,OADMET-0002582,1.75,train,lt3,3,0.13572498070374073,0.37329764286570677,0.3719018510550812,0.07436120731714986,0.04471431805832142,3to4
2770,2771,OADMET-0002581,5.29,train,5to6,3,0.0037794188932134586,0.05233022001002721,0.5083339980803653,0.4042677120805137,0.03128865093588031,4to5
2771,2772,OADMET-0002580,5.6,train,5to6,4,0.0032272870893256707,0.017584518236849655,0.41346021008207295,0.4737368100096803,0.09199117458207143,5to6
2772,2773,OADMET-0002579,5.15,train,5to6,1,0.006024381813457286,0.062109598033920764,0.5784268722067931,0.30254613028870136,0.05089301765712739,4to5
2773,2774,OADMET-0002578,4.65,train,4to5,4,0.002508146465438998,0.029849415763150918,0.5232821127622844,0.41199758811946,0.0323627368896656,4to5
2774,2775,OADMET-0002577,5.03,train,5to6,2,0.020434358289238952,0.02966339770158501,0.14758611638227767,0.3261301389918981,0.4761859886350003,gte6
2775,2776,OADMET-0002576,5.38,train,5to6,3,0.0004338680526112074,0.005124980506076395,0.2510212323750002,0.6139219906223776,0.12949792844393462,5to6
2776,2777,OADMET-0002575,6.16,train,gte6,1,0.06948613809856155,0.10135462427044105,0.31090854208580215,0.2812464409509402,0.23700425459425503,4to5
2777,2778,OADMET-0002574,4.79,train,4to5,0,0.0006808601250038842,0.002402800110698863,0.037569876375357955,0.34464108590869985,0.6147053774802395,gte6
2778,2779,OADMET-0002573,5.41,train,5to6,1,0.002902094601511757,0.014682257091820644,0.28317625246976946,0.4765421008317154,0.22269729500518273,5to6
2779,2780,OADMET-0002572,5.58,train,5to6,4,7.739464773397675e-05,0.0007109565368321432,0.10460269595246874,0.5443379566270414,0.3502709962359238,5to6
2780,2781,OADMET-0002571,6.0600000000000005,train,gte6,3,0.08564828650559535,0.3414357728906612,0.4606589741300935,0.08665836911690242,0.025598597356747597,4to5
2781,2782,OADMET-0002570,5.14,train,5to6,0,0.020878125950327335,0.04067519132880606,0.09844841386319414,0.31955073894994895,0.5204475299077236,gte6
2782,2783,OADMET-0002569,5.58,train,5to6,2,0.0024755182134223374,0.00550611305107022,0.052961784187143736,0.3211110462005161,0.6179455383478476,gte6
2783,2784,OADMET-0002568,5.53,train,5to6,0,0.014653229277468345,0.020654810765658782,0.09543837686902414,0.2953261161762616,0.5739274669115871,gte6
2784,2785,OADMET-0002567,5.93,train,5to6,2,0.0007868616383400388,0.002256848618627385,0.03425636890740727,0.304763585612889,0.6579363352227363,gte6
2785,2786,OADMET-0002566,5.61,train,5to6,2,0.0003966880451143766,0.002891651469571069,0.16648054933740844,0.632369790500308,0.19786132064759815,5to6
2786,2787,OADMET-0002565,5.55,train,5to6,1,0.00018994543950843617,0.002023397279147192,0.09562039530174661,0.5138624989766535,0.3883037630029443,5to6
2787,2788,OADMET-0002564,5.52,train,5to6,1,0.0023503473357393678,0.021004143980074767,0.3589624145594285,0.5016574234372387,0.11602567068751861,5to6
2788,2789,OADMET-0002563,5.36,train,5to6,1,0.00020233567749528523,0.0022974887878949727,0.1709056806297729,0.5684823532977602,0.25811214160707663,5to6
2789,2790,OADMET-0002562,4.94,train,4to5,1,0.0007648325412137024,0.005995765340369256,0.2637518444751973,0.5299955205413177,0.19949203710190205,5to6
2790,2791,OADMET-0002561,5.32,train,5to6,4,0.004264305789532436,0.05246272656270769,0.60495787549087,0.3160836680434084,0.02223142411348146,4to5
2791,2792,OADMET-0002560,5.4,train,5to6,2,0.0005149696879855739,0.0014512155695702515,0.019490755815365936,0.29006412209967536,0.6884789368274029,gte6
2792,2793,OADMET-0002559,6.140000000000001,train,gte6,2,0.00036780270583815623,0.0015011807831957992,0.048330484840368504,0.46389897716762535,0.4859015545029722,gte6
2793,2794,OADMET-0002558,4.57,train,4to5,1,0.00592762461069081,0.0832769046152943,0.6399958691001189,0.24175016435666377,0.029049437317232283,4to5
2794,2795,OADMET-0002557,5.13,train,5to6,4,0.0002336657537661965,0.0024294418316330394,0.28041485528149895,0.6261238584423975,0.09079817869070435,5to6
2795,2796,OADMET-0002556,5.6,train,5to6,4,0.029356011133075094,0.11547462241275973,0.5103227648235191,0.2867969061969789,0.05804969543366716,4to5
2796,2797,OADMET-0002555,5.03,train,5to6,4,0.4059925973415375,0.3063803017139435,0.18217027187347412,0.042342089116573334,0.06311473995447159,lt3
2797,2798,OADMET-0002554,5.08,train,5to6,0,0.01596318244796926,0.02640587934873549,0.1173282607394554,0.4087626788304254,0.43153999863341447,gte6
2798,2799,OADMET-0002553,5.89,train,5to6,4,0.0013200208840566752,0.0031572815647172444,0.07011564109413201,0.3743094819768668,0.5510975744802272,gte6
2799,2800,OADMET-0002552,5.52,train,5to6,1,3.919199341981528e-05,0.0004918220857086211,0.07533171111951509,0.5233594237548217,0.40077785104653474,5to6
2800,2801,OADMET-0002551,5.44,train,5to6,1,6.909237224664084e-05,0.0005793765507752097,0.02072625866520552,0.30280245416991736,0.6758228182418553,gte6
2801,2802,OADMET-0002550,5.11,train,5to6,4,0.0019474758396150992,0.0009390390523988334,0.008031426968206643,0.12446977258982724,0.8646122855499522,gte6
2802,2803,OADMET-0002549,5.63,train,5to6,1,0.016250401493155934,0.08450321727241251,0.5413230576914093,0.29626687919695854,0.06165644434606367,4to5
2803,2804,OADMET-0002547,5.16,train,5to6,0,0.0020861015451102832,0.016531344341506143,0.31761148261379396,0.5286996312892566,0.135071440210333,5to6
2804,2805,OADMET-0002546,5.36,train,5to6,4,0.00041758681794208197,0.003762395769936042,0.1823500817761833,0.5537878201744848,0.2596821154614538,5to6
2805,2806,OADMET-0002545,4.96,train,4to5,4,0.01361861672245433,0.08990345501763523,0.5198024283808524,0.309614704407853,0.06706079547120501,4to5
2806,2807,OADMET-0002544,3.45,train,3to4,1,0.5355786075152855,0.4475256792315735,0.014138595174739891,0.0014619141557031979,0.0012952039226978944,lt3
2807,2808,OADMET-0002543,5.14,train,5to6,0,0.006856630693081319,0.04593194055790553,0.5546447964718499,0.34457622305892827,0.04799040921823487,4to5
2808,2809,OADMET-0002542,5.54,train,5to6,4,0.003144076281432884,0.00917848440578487,0.1817174513171584,0.49307960230586545,0.3128803856897584,5to6
2809,2810,OADMET-0002541,6.195,train,gte6,4,0.0003278869709858986,0.0015252326221640911,0.11523407224463078,0.5583057770339815,0.3246070311282377,5to6
2810,2811,OADMET-0002539,6.050000000000001,train,gte6,2,0.0009908432337668717,0.0027856308487535664,0.03373274781348355,0.29991014273128097,0.662580635372715,gte6
2811,2812,OADMET-0002538,5.835,train,5to6,1,4.566251767050543e-05,0.0003439821671503358,0.016227243834119453,0.2903137570525541,0.6930693544285056,gte6
2812,2813,OADMET-0002537,5.45,train,5to6,0,0.0043400301842200445,0.008618422647460192,0.04216697745319585,0.30213999269867325,0.6427345770164506,gte6
2813,2814,OADMET-0002338,6.12,train,gte6,1,0.43766202263827403,0.31144678556316935,0.07656112316776365,0.037053760277488204,0.1372763083533048,lt3
2814,2815,OADMET-0002337,6.87,train,gte6,1,0.003611971242511899,0.007481350720813713,0.028223923175680822,0.17199144548678635,0.7886913093742072,gte6
2815,2816,OADMET-0002333,2.17,train,lt3,3,0.698814027791057,0.2420976287857623,0.013146665753095109,0.003435489921631504,0.04250618774845412,lt3
2816,2817,OADMET-0002332,3.95,train,3to4,3,0.6104341685682919,0.35751342423829163,0.013849491118062607,0.0018347413099698874,0.016368174765383978,lt3
2817,2818,OADMET-0002331,3.77,train,3to4,3,0.5703437787804164,0.4143199062335043,0.01121132631765653,0.0010387148613565,0.0030862738070661986,lt3
2818,2819,OADMET-0002330,3.9,train,3to4,3,0.0873018645696203,0.26164397402372974,0.4257720975147776,0.15690743806282104,0.06837462582905124,4to5
2819,2820,OADMET-0002329,1.87,train,lt3,2,0.6910794016201032,0.29954348032673545,0.003608843900005149,0.0006283535835658254,0.005139920569590387,lt3
2820,2821,OADMET-0002328,3.31,train,3to4,3,0.2018830276534662,0.5894596422977094,0.16919435119494625,0.02260742463822673,0.016855554215651453,3to4
2821,2822,OADMET-0002327,2.65,train,lt3,0,0.691854109635752,0.2964480477881425,0.005737379113155709,0.0012962124129355082,0.004664251050014267,lt3
2822,2823,OADMET-0002326,1.86,train,lt3,3,0.874864175578763,0.11157275177013402,0.002382694084747375,0.0007359784917492564,0.010444400074606437,lt3
2823,2824,OADMET-0002325,2.96,train,lt3,1,0.6857940054839654,0.28714756065113783,0.019971693341820498,0.0024759690801197842,0.004610771442956417,lt3
2824,2825,OADMET-0002324,3.58,train,3to4,3,0.7012626004534668,0.23301175475411984,0.017621701763792633,0.004599555442663944,0.04350438758595685,lt3
2825,2826,OADMET-0002323,1.96,train,lt3,0,0.8051681183557167,0.1861215890192965,0.0025534646947798223,0.0005205669027028934,0.005636261027504073,lt3
2826,2827,OADMET-0002322,2.83,train,lt3,3,0.8659662378009618,0.05713043957648523,0.0019803072273988542,0.0009241488637086679,0.07399886653144547,lt3
2827,2828,OADMET-0002321,2.54,train,lt3,2,0.758640554662022,0.22292315261340254,0.004143274070659954,0.00133220239150358,0.012960816262411997,lt3
2828,2829,OADMET-0002320,1.88,train,lt3,3,0.9602436394446658,0.036082800369315396,0.0001927765837199933,5.8528916094128784e-05,0.003422254686204606,lt3
2829,2830,OADMET-0002319,3.0,train,lt3,2,0.6195721721490294,0.3634376581727726,0.00891362982529671,0.0012363274771714614,0.0068402123757298145,lt3
2830,2831,OADMET-0002318,2.88,train,lt3,1,0.7877349829640183,0.20061455578363505,0.006203645817741685,0.00183766995995947,0.0036091454746455024,lt3
2831,2832,OADMET-0002317,1.92,train,lt3,3,0.9476930127957501,0.04373327746476535,0.0005403719388610136,0.0001970274216924987,0.00783631037893097,lt3
2832,2833,OADMET-0002316,2.11,train,lt3,2,0.819943113550522,0.15231452576417293,0.0011347329481805868,0.0006752827185571346,0.02593234501856734,lt3
2833,2834,OADMET-0002315,2.64,train,lt3,1,0.6672911673501442,0.3051792396694435,0.016233297136712968,0.0031581923970965798,0.008138103446602813,lt3
2834,2835,OADMET-0002314,2.63,train,lt3,1,0.7012710798328593,0.2596487266289507,0.02531966433808111,0.004686982589946579,0.009073546610162237,lt3
2835,2836,OADMET-0002313,2.02,train,lt3,1,0.5995139761616838,0.36679957375631106,0.02823512667023961,0.0026304638963531757,0.0028208595154123866,lt3
2836,2837,OADMET-0002312,2.47,train,lt3,1,0.6043721778804054,0.3732498726904795,0.01730116197571384,0.0019845626411945936,0.0030922248122066515,lt3
2837,2838,OADMET-0002311,2.95,train,lt3,2,0.41882683313103297,0.37959117747228055,0.10310610733376466,0.028009400882824977,0.07046648118009684,lt3
2838,2839,OADMET-0002310,1.97,train,lt3,2,0.7283143931064401,0.2524784689069543,0.005577654983619503,0.0015316912854680621,0.0120977917175181,lt3
2839,2840,OADMET-0002309,2.87,train,lt3,1,0.6996852814600784,0.2955434645324598,0.0032596183284561066,0.0004702972404305532,0.0010413384385752767,lt3
2840,2841,OADMET-0002308,2.32,train,lt3,2,0.8773751883112697,0.11679784246098023,0.00021370101672405035,0.000142300341852364,0.005470967869173676,lt3
2841,2842,OADMET-0002307,2.89,train,lt3,3,0.5747121634047384,0.32581934681806946,0.04393390240635711,0.006830100508915406,0.04870448686191961,lt3
2842,2843,OADMET-0002306,2.89,train,lt3,2,0.7219180903818215,0.14288534223739213,0.0036423353870012206,0.002191930547825786,0.12936230144595937,lt3
2843,2844,OADMET-0002305,2.18,train,lt3,3,0.7743580141766199,0.21748396561595681,0.0034512716578145156,0.00061337809024021,0.004093370459368554,lt3
2844,2845,OADMET-0002304,2.2,train,lt3,2,0.6965960928371725,0.2625373925609911,0.011816580895403493,0.00265121881648693,0.026398714889945933,lt3
2845,2846,OADMET-0002303,2.76,train,lt3,1,0.8546818328013129,0.14355200248969435,0.0007797304854376332,0.0001725174482075687,0.0008139167753475719,lt3
2846,2847,OADMET-0002302,2.82,train,lt3,1,0.8584225993108331,0.1345823795141702,0.0017169813337617132,0.00048489528908329967,0.0047931445521517315,lt3
2847,2848,OADMET-0002301,2.91,train,lt3,2,0.867071449176215,0.11490478358921799,0.0010142324019884882,0.00042120084953239364,0.016588333983046127,lt3
2848,2849,OADMET-0002300,2.1,train,lt3,1,0.7700310017447648,0.22772257538247517,0.0016470201534667182,0.00018445825049202835,0.00041494446880125237,lt3
2849,2850,OADMET-0002299,3.05,train,3to4,3,0.5106153375811061,0.4612325328433713,0.020153592828541407,0.0017664149247747355,0.006232121822206417,lt3
2850,2851,OADMET-0002298,2.13,train,lt3,1,0.8545188754341261,0.1441620414075038,0.0007245241886866559,0.00012277718418658804,0.000471781785496835,lt3
2851,2852,OADMET-0002297,2.2,train,lt3,1,0.7156069214986719,0.27759340158245815,0.004948213652412134,0.0008016145367497215,0.0010498487297080658,lt3
2852,2853,OADMET-0002296,2.01,train,lt3,4,0.8075811651059653,0.18610925484164928,0.0029143739192715123,0.00022222349943085327,0.00317298263368302,lt3
2853,2854,OADMET-0002295,2.09,train,lt3,3,0.9163649667295696,0.030529195406366574,0.0008513758647341046,0.00037430357725398944,0.051880158422075724,lt3
2854,2855,OADMET-0002294,2.06,train,lt3,3,0.7871914046836442,0.1496805610379715,0.004245250703898421,0.0012671454303385852,0.05761563814414727,lt3
2855,2856,OADMET-0002293,2.22,train,lt3,3,0.7245838289009573,0.22504810253319488,0.009493440707925582,0.0019551627993451997,0.038919465058577005,lt3
2856,2857,OADMET-0002292,1.92,train,lt3,2,0.8694078353805658,0.11229904031615574,0.0004484603428538591,0.0002886429147172625,0.01755602104570735,lt3
2857,2858,OADMET-0002291,4.27,train,4to5,4,0.5939312771538608,0.3734844449149828,0.013931797341773642,0.0011170598810880709,0.017535420708294634,lt3
2858,2859,OADMET-0002290,2.12,train,lt3,3,0.9520890666394001,0.04396436342058471,0.0002953375500686465,7.201213849347462e-05,0.003579220251453092,lt3
2859,2860,OADMET-0002289,2.97,train,lt3,1,0.7044823841821334,0.29155281500908586,0.002410972284108596,0.00032661695502392513,0.0012272115696482214,lt3
2860,2861,OADMET-0002288,2.96,train,lt3,0,0.6246979307578986,0.3546285629223773,0.011697592161868053,0.0018807324397041437,0.007095181718151876,lt3
2861,2862,OADMET-0002287,2.76,train,lt3,1,0.7575104057165197,0.2405860177747289,0.001191912678985599,0.0001762654539193686,0.0005353983758464518,lt3
2862,2863,OADMET-0002286,2.55,train,lt3,1,0.8532220252834994,0.1424470863193798,0.0016782282869858126,0.0004860624394448269,0.0021665976706901333,lt3
2863,2864,OADMET-0002285,2.21,train,lt3,1,0.8722364723659307,0.12583187824361644,0.000749096543037454,0.00017249470062946903,0.001010058146785903,lt3
2864,2865,OADMET-0002284,3.5,train,3to4,2,0.4260568275119611,0.4986764735218329,0.04925731144243937,0.007276607133745233,0.018732780390021415,3to4
2865,2866,OADMET-0002283,3.52,train,3to4,2,0.29708868638677266,0.5822929217116483,0.10350418966012687,0.009938066950220524,0.0071761352912316344,3to4
2866,2867,OADMET-0002282,2.73,train,lt3,2,0.5947659633858724,0.3803678467138404,0.013880899227711928,0.0026561012590531306,0.008329189413522144,lt3
2867,2868,OADMET-0002281,3.65,train,3to4,4,0.4302559008616699,0.4688868317402144,0.06730850491346817,0.006464414946895556,0.027084347537751928,3to4
2868,2869,OADMET-0002280,1.96,train,lt3,2,0.8362022240902812,0.1226230801477944,0.000701748558030365,0.000470480131675313,0.04000246707221875,lt3
2869,2870,OADMET-0002279,1.97,train,lt3,2,0.7496170375829443,0.24348664200132994,0.002188466016138002,0.0005759305184485915,0.0041319238811391695,lt3
2870,2871,OADMET-0002278,2.91,train,lt3,4,0.7537060504165664,0.24445455179060324,0.0009020425062239174,3.8986324130997896e-05,0.0008983689624754808,lt3
2871,2872,OADMET-0002277,2.26,train,lt3,1,0.8787191196364161,0.11981790897608334,0.0006132484610634762,0.00013781457243249696,0.0007119083540045793,lt3
2872,2873,OADMET-0002276,2.88,train,lt3,2,0.7233283259967821,0.26547067404052904,0.003874682682177563,0.0007597096573595855,0.006566607623151683,lt3
2873,2874,OADMET-0002275,2.96,train,lt3,1,0.6143779258626639,0.3800174883168507,0.004698800475031821,0.0003625866664278026,0.0005431986790257175,lt3
2874,2875,OADMET-0002274,1.85,train,lt3,3,0.9086820623372185,0.08622197939832837,0.0009675891637110109,0.0002546873914247937,0.003873681709317354,lt3
2875,2876,OADMET-0002273,2.48,train,lt3,1,0.8624371001993597,0.136377642961579,0.0005767895298108174,0.00012118398767344438,0.00048728332157703483,lt3
2876,2877,OADMET-0002272,3.13,train,3to4,2,0.6185934941978294,0.37077980048732656,0.0066932097732454905,0.0008032131334205618,0.0031302824081780247,lt3
2877,2878,OADMET-0002271,3.02,train,3to4,1,0.7947244165153986,0.20288732946678614,0.001421634245179213,0.0002119005688938105,0.0007547192037422186,lt3
2878,2879,OADMET-0002270,2.11,train,lt3,2,0.8693636827986334,0.11918121067291398,0.0003762048510836729,0.00023951648219345853,0.010839385195175466,lt3
2879,2880,OADMET-0002269,2.35,train,lt3,2,0.7682101334822319,0.13335492527002268,0.0030749638859608464,0.0016672771039573276,0.09369270025782721,lt3
2880,2881,OADMET-0002268,2.5,train,lt3,2,0.6309669108874976,0.20988367800898572,0.012160809886169204,0.005791156170668938,0.14119744504667855,lt3
2881,2882,OADMET-0002267,3.37,train,3to4,3,0.53002863912599,0.44250574532835796,0.020497074269584786,0.002050747853968592,0.004917793422098624,lt3
2882,2883,OADMET-0002266,3.88,train,3to4,3,0.4209384428014401,0.2902569843800166,0.031743482553469045,0.011517931996829961,0.24554315826824427,lt3
2883,2884,OADMET-0002265,2.94,train,lt3,3,0.37536676118801077,0.5672691077060343,0.04913202108881887,0.0038134643348230433,0.004418645682313018,3to4
2884,2885,OADMET-0002264,2.02,train,lt3,3,0.9510229514798978,0.04637612623225548,0.00028235467274681313,8.6790973798641e-05,0.002231776641301261,lt3
2885,2886,OADMET-0002263,1.82,train,lt3,2,0.8521441131458801,0.13626943385084347,0.0009764583562070642,0.0003591171660809657,0.010250877480988343,lt3
2886,2887,OADMET-0002262,1.97,train,lt3,2,0.7632289272213181,0.21007288436496652,0.004295024746179051,0.0012731466542861916,0.02113001701325021,lt3
2887,2888,OADMET-0002261,3.38,train,3to4,2,0.4523757114851056,0.4857527331450345,0.039331149438078535,0.006954566132594814,0.015585839799186624,3to4
2888,2889,OADMET-0002260,2.01,train,lt3,1,0.7725121222641341,0.22455144964440094,0.001925407520665373,0.00025294479053128075,0.0007580757802683317,lt3
2889,2890,OADMET-0002259,4.01,train,4to5,3,0.21149261256401872,0.5492416610024093,0.19832356237187318,0.023132126735277238,0.01781003732642152,3to4
2890,2891,OADMET-0002258,2.66,train,lt3,2,0.8633663897838256,0.13045855823923608,0.0004515082798471524,0.00021073826659512158,0.005512805430496053,lt3
2891,2892,OADMET-0002257,3.23,train,3to4,1,0.8074535548987648,0.1909085180018308,0.0009175085280990429,0.00016553430627097045,0.0005548842650343857,lt3
2892,2893,OADMET-0002256,3.03,train,3to4,2,0.6961051573734524,0.1289415164552508,0.0043727409399511846,0.0027395292606325872,0.16784105597071314,lt3
2893,2894,OADMET-0002255,2.17,train,lt3,2,0.4839404334076697,0.2407371456632762,0.02826526277964838,0.013267008068771718,0.233790150080634,lt3
2894,2895,OADMET-0002254,2.45,train,lt3,2,0.7255366186129156,0.18210474498057133,0.0056640843705728396,0.002640256331311721,0.08405429570462852,lt3
2895,2896,OADMET-0002253,3.05,train,3to4,3,0.21906435867090768,0.6498908512508317,0.11549465557248437,0.009076659724040148,0.006473474781736064,3to4
2896,2897,OADMET-0002252,2.04,train,lt3,1,0.7086403756614896,0.28854798418247946,0.0019486398093323978,0.0002677100922526517,0.0005952902544458744,lt3
2897,2898,OADMET-0002251,2.57,train,lt3,2,0.7982189754036682,0.19275300443172533,0.002200183718671268,0.0004866057776033254,0.006341230668331934,lt3
2898,2899,OADMET-0002250,4.14,train,4to5,1,0.30102179514244853,0.6009324405678808,0.08596839952391072,0.007665045070410159,0.004412319695349876,3to4
2899,2900,OADMET-0002249,3.05,train,3to4,4,0.7547804924433753,0.21341543301521337,0.004918954084336072,0.0005593967804434023,0.026325723676631812,lt3
2900,2901,OADMET-0002248,2.45,train,lt3,2,0.7156136788585423,0.2643586753051997,0.004932982023735603,0.0010164031050032684,0.014078260707519136,lt3
2901,2902,OADMET-0002247,2.55,train,lt3,3,0.9663052578866387,0.03095865814824544,0.000202761628734765,6.920042520252842e-05,0.002464121911178595,lt3
2902,2903,OADMET-0002246,1.92,train,lt3,2,0.8871233410510189,0.10037340979795033,0.00024624021552731106,0.00015736099462233891,0.012099647940881105,lt3
2903,2904,OADMET-0002245,2.64,train,lt3,4,0.7874433035444358,0.20670194046021498,0.0017222019888219386,0.00010423869698101579,0.004028315309546245,lt3
2904,2905,OADMET-0002244,2.05,train,lt3,2,0.7816543697397071,0.18074001645392299,0.00400544522804067,0.002046333424051216,0.03155383515427804,lt3
2905,2906,OADMET-0002243,3.18,train,3to4,2,0.7876283175240217,0.13225694901142135,0.002490961580299972,0.0014196690703121417,0.07620410281394475,lt3
2906,2907,OADMET-0002242,2.01,train,lt3,2,0.8081284308322801,0.1488016085796598,0.0009493408428629898,0.0006220145137738902,0.041498605231423215,lt3
2907,2908,OADMET-0002241,2.75,train,lt3,2,0.8413025866011816,0.13791855868518965,0.0005878638400827969,0.0003852430131836388,0.01980574786036232,lt3
2908,2909,OADMET-0002240,3.05,train,3to4,2,0.8332468336454675,0.16165286762819953,0.0006283056754804821,0.00034970767547172433,0.0041222853753808105,lt3
2909,2910,OADMET-0002239,2.07,train,lt3,1,0.8726762201614094,0.1258387815823508,0.00064076533201968,0.0001491347591306715,0.0006950981650894201,lt3
2910,2911,OADMET-0002238,2.19,train,lt3,2,0.8382424692857661,0.13375941839206687,0.0005328715563434048,0.0003467534790899728,0.027118487286733696,lt3
2911,2912,OADMET-0002237,3.72,train,3to4,2,0.32824361263170165,0.525538503144796,0.11513578870308439,0.013175370147125106,0.017906725373292853,3to4
2912,2913,OADMET-0002236,2.92,train,lt3,2,0.7056223276464416,0.2827081431312851,0.0053109238845444814,0.0011887931238312944,0.005169812213897475,lt3
2913,2914,OADMET-0002235,2.88,train,lt3,0,0.670717471786164,0.3072734447591874,0.009370285933661272,0.0013645464664942028,0.01127425105449309,lt3
2914,2915,OADMET-0002234,3.75,train,3to4,2,0.14376707589279228,0.48560375698810454,0.29531607471877447,0.04992165118339138,0.025391441216937323,3to4
2915,2916,OADMET-0002233,1.88,train,lt3,2,0.8379973675290534,0.11805601285736878,0.0006422260704200878,0.0004564514623566702,0.04284794208080107,lt3
2916,2917,OADMET-0002232,2.69,train,lt3,2,0.8575887845555363,0.12317639715971643,0.00043941016314834905,0.00031354352421876454,0.01848186459738015,lt3
2917,2918,OADMET-0002231,3.7,train,3to4,2,0.40746290478299885,0.5227010972706867,0.05036522197490164,0.005136123982760332,0.01433465198865249,3to4
2918,2919,OADMET-0002230,2.49,train,lt3,2,0.8506385500415876,0.12283168583635673,0.0009130072291320552,0.0004999525505386104,0.025116804342385033,lt3
2919,2920,OADMET-0002229,2.61,train,lt3,2,0.8593067777237748,0.1319486147737775,0.0007773350495182374,0.00027781863510767716,0.007689453817821772,lt3
2920,2921,OADMET-0002228,3.04,train,3to4,2,0.6520395799069715,0.28272959260817626,0.013932824903949806,0.005042060685320051,0.04625594189558246,lt3
2921,2922,OADMET-0002227,2.87,train,lt3,1,0.23773264331434288,0.6547033634338676,0.09837230065901995,0.0060005405451976565,0.0031911520475719113,3to4
2922,2923,OADMET-0002226,2.02,train,lt3,3,0.8560099271397,0.13519785776523757,0.0020410610972191492,0.0005360060979512029,0.006215147899892003,lt3
2923,2924,OADMET-0002225,3.54,train,3to4,2,0.40059198702482823,0.5068844778682762,0.06284284866751534,0.009743185209044911,0.019937501230335383,3to4
2924,2925,OADMET-0002224,3.24,train,3to4,2,0.6134598680519373,0.3616962332225638,0.010434565775345404,0.0017481090713061778,0.012661223878847376,lt3
2925,2926,OADMET-0002223,2.1,train,lt3,2,0.8554227863791072,0.11467353141417473,0.000572803017154213,0.0003910567863911783,0.028939822403172735,lt3
2926,2927,OADMET-0002222,2.03,train,lt3,3,0.8589009359631495,0.12796048398446094,0.0023235726801712217,0.0005999087391218435,0.010215098633096447,lt3
2927,2928,OADMET-0002221,2.64,train,lt3,2,0.8186456229911007,0.13068088360461325,0.0008339407749247715,0.0005620292276952932,0.04927752340166604,lt3
2928,2929,OADMET-0002220,1.88,train,lt3,1,0.8607601278323255,0.13735052013152974,0.0007188762249176388,0.00015823593193457173,0.0010122398792925544,lt3
2929,2930,OADMET-0002219,1.98,train,lt3,2,0.8776087613166116,0.1139685343389051,0.0003771441634110554,0.0001967424580997464,0.007848817722972568,lt3
2930,2931,OADMET-0002218,3.44,train,3to4,2,0.5230566602281864,0.4425574323675553,0.024607623649712515,0.0029351060233760227,0.0068431777311697365,lt3
2931,2932,OADMET-0002217,2.05,train,lt3,1,0.7918505705628782,0.20646147526384642,0.0012046259418520629,0.00014650805747120594,0.0003368201739521359,lt3
2932,2933,OADMET-0002216,2.96,train,lt3,2,0.5546530513564049,0.37646299793435867,0.03985095417050668,0.007110888640498638,0.02192210789823122,lt3
2933,2934,OADMET-0002215,2.52,train,lt3,2,0.6022952068565752,0.3764170624765598,0.012125541193486347,0.002063830571263972,0.007098358902114589,lt3
2934,2935,OADMET-0002214,3.93,train,3to4,3,0.6657433872202375,0.324514675671098,0.005619974143986799,0.0006282906176720721,0.003493672347005665,lt3
2935,2936,OADMET-0002213,2.98,train,lt3,1,0.577405460189563,0.3996444396163026,0.018344339220344747,0.001762619614094819,0.002843141359694848,lt3
2936,2937,OADMET-0002212,2.01,train,lt3,2,0.8574052988948918,0.12268575939910754,0.0006783137166792991,0.0004139744822236287,0.018816653507097696,lt3
2937,2938,OADMET-0002211,1.85,train,lt3,2,0.8148653108500857,0.106378595126647,0.0013066636482004588,0.0008740226251302178,0.07657540774993654,lt3
2938,2939,OADMET-0002210,1.91,train,lt3,2,0.6909478202997784,0.2993347560047254,0.0037767063257452414,0.0006416205308250809,0.00529909683892588,lt3
2939,2940,OADMET-0002209,2.72,train,lt3,3,0.814299230785117,0.1811174330803425,0.001657088059594739,0.0002669285861987623,0.002659319488746946,lt3
2940,2941,OADMET-0002208,3.05,train,3to4,3,0.7026352072029346,0.28820707514995547,0.005455590618149757,0.0006848843559343716,0.0030172426730257483,lt3
2941,2942,OADMET-0002207,2.89,train,lt3,3,0.7748911075409688,0.21705528238401595,0.003452593324624137,0.0006521225766344587,0.0039488941737566285,lt3
2942,2943,OADMET-0002206,2.84,train,lt3,4,0.8331810622138682,0.1628558413168627,0.00189278236981062,0.00012935755384392992,0.0019409565456145587,lt3
2943,2944,OADMET-0002205,2.33,train,lt3,2,0.80448732526621,0.1675059599859906,0.001935273005910845,0.00094347461999642,0.025127967121892126,lt3
2944,2945,OADMET-0002204,3.67,train,3to4,2,0.5618760899255901,0.4120752604193389,0.014770091699822852,0.002101383066294076,0.009177174888954084,lt3
2945,2946,OADMET-0002203,4.08,train,4to5,3,0.21411943455610372,0.6524554497119556,0.11520957957507072,0.010286915125592534,0.00792862103127746,3to4
2946,2947,OADMET-0002202,2.98,train,lt3,2,0.8270502460720852,0.16407346277553272,0.001393499746129884,0.0006512499353012408,0.00683154147095088,lt3
2947,2948,OADMET-0002201,2.25,train,lt3,1,0.9016058025854085,0.09733701586753929,0.00042675543975535655,0.00010356599683522756,0.0005268601104616587,lt3
2948,2949,OADMET-0002200,2.24,train,lt3,2,0.8530049757721935,0.11964469920355962,0.0004991598448701396,0.0003310084512783352,0.026520156728098446,lt3
2949,2950,OADMET-0002199,1.95,train,lt3,2,0.8469234216845738,0.11172082458723671,0.0005690178841211332,0.00044421529364419634,0.04034252055042419,lt3
2950,2951,OADMET-0002198,2.77,train,lt3,2,0.8340082197706502,0.13714122820112817,0.0007686150519943856,0.00046673615160422455,0.027615200824622998,lt3
2951,2952,OADMET-0002197,1.95,train,lt3,2,0.7461969851578822,0.11525932698100115,0.0015476238912032424,0.0013160590313705547,0.13568000493854285,lt3
2952,2953,OADMET-0002196,3.01,train,3to4,2,0.7724188858320025,0.20911102664196782,0.002548359234195037,0.0007364900958568728,0.015185238195977812,lt3
2953,2954,OADMET-0002195,2.9,train,lt3,2,0.734320059734044,0.14185664351685934,0.003678768716615256,0.002133356451491994,0.11801117158098945,lt3
2954,2955,OADMET-0002194,2.54,train,lt3,3,0.8481304876880954,0.14833422857441989,0.0010174485650123024,0.0001640876655455351,0.0023537475069268276,lt3
2955,2956,OADMET-0002193,2.65,train,lt3,4,0.3810080488330105,0.5987224890767031,0.01805488859298204,0.0006517397462918349,0.0015628337510125833,3to4
2956,2957,OADMET-0002192,3.05,train,3to4,3,0.7461682028899611,0.24825732632491437,0.0027317023149622927,0.00032121956170698467,0.002521548908455212,lt3
2957,2958,OADMET-0002191,3.73,train,3to4,2,0.6098053216824089,0.37573419531729424,0.00743891129974809,0.001082264310256484,0.005939307390292258,lt3
2958,2959,OADMET-0002190,2.93,train,lt3,3,0.8672845160172054,0.12804455754801417,0.0013474074341935807,0.00025137158219570133,0.0030721474183912265,lt3
2959,2960,OADMET-0002189,1.83,train,lt3,2,0.5887030234924209,0.3835655665343207,0.011893162244928378,0.0018641858654326344,0.013974061862897411,lt3
2960,2961,OADMET-0002188,2.1,train,lt3,2,0.7588007976364737,0.11321844801489993,0.0013817453164190658,0.0011137240696716818,0.12548528496253566,lt3
2961,2962,OADMET-0002187,2.06,train,lt3,2,0.5490636854003471,0.3779202905025778,0.03093953855867611,0.007906558106068568,0.034169927432330376,lt3
2962,2963,OADMET-0002186,3.79,train,3to4,2,0.26713025594794215,0.5787320738460237,0.12627424311477156,0.01595218108589964,0.011911246005363061,3to4
2963,2964,OADMET-0002185,1.82,train,lt3,2,0.4249633841941314,0.4968567432295818,0.05496367790531069,0.00947786427122024,0.013738330399755909,3to4
2964,2965,OADMET-0002184,3.5,train,3to4,3,0.1507997349761451,0.5675737208912733,0.23843082563550375,0.02862025956976917,0.014575458927308592,3to4
2965,2966,OADMET-0002183,1.92,train,lt3,2,0.7732303755697069,0.10702656978200013,0.001877361912707551,0.0013943199331979358,0.11647137280238747,lt3
2966,2967,OADMET-0002182,2.58,train,lt3,1,0.8311405182731394,0.16722673179422545,0.000786985969251093,0.00015430142231460356,0.0006914625410694897,lt3
2967,2968,OADMET-0002181,2.14,train,lt3,2,0.7521970454793184,0.13781953590796084,0.002054587359334664,0.001481110614365408,0.10644772063902065,lt3
2968,2969,OADMET-0002180,1.89,train,lt3,3,0.8677061356776197,0.0502583582580106,0.0017608020261455234,0.0007223928912727969,0.07955231114695135,lt3
2969,2970,OADMET-0002179,3.03,train,3to4,2,0.8119295955773025,0.1797385093373858,0.0010230717167940312,0.0004809342570601595,0.006827889111457496,lt3
2970,2971,OADMET-0002178,2.45,train,lt3,3,0.9028612137980621,0.055718822803054444,0.0012724039508908531,0.00048112015256042656,0.03966643929543222,lt3
2971,2972,OADMET-0002177,2.36,train,lt3,1,0.8143279522834639,0.1827714138534378,0.001588148175549038,0.00028527554137226417,0.0010272101461770576,lt3
2972,2973,OADMET-0002176,2.73,train,lt3,2,0.8868796074436177,0.11049215300099137,0.00031206185036902615,0.0001298978523699168,0.0021862798526519987,lt3
2973,2974,OADMET-0002175,3.03,train,3to4,3,0.9308348178060311,0.0617894559582716,0.0006784154014738154,0.00023276297424704542,0.006464547859976455,lt3
2974,2975,OADMET-0002174,1.82,train,lt3,2,0.717757556427285,0.16872527578615856,0.006787154575441203,0.0029011994005440954,0.10382881381057114,lt3
2975,2976,OADMET-0002173,2.61,train,lt3,2,0.872357148952721,0.12437461586077993,0.0003023569945101854,0.0001444787662349537,0.0028213994257539707,lt3
2976,2977,OADMET-0002172,2.42,train,lt3,1,0.9022385891503253,0.09719041538274509,0.00018996606720396352,4.3502360342390134e-05,0.00033752703938325654,lt3
2977,2978,OADMET-0002171,3.36,train,3to4,2,0.5114678075385436,0.42443373226161196,0.03778131627679888,0.004779154835922881,0.02153798908712264,lt3
2978,2979,OADMET-0002170,2.19,train,lt3,1,0.9009520346987352,0.09304234318876359,0.0011211368175048947,0.0003030907224584278,0.004581394572537885,lt3
2979,2980,OADMET-0002169,2.86,train,lt3,2,0.47958172260935833,0.45379591833419947,0.03913090450933025,0.006108280385067321,0.02138317416204464,lt3
2980,2981,OADMET-0002168,3.0,train,lt3,2,0.5961474643018664,0.3578662196278672,0.023198486718569247,0.005037367231308656,0.01775046212038855,lt3
2981,2982,OADMET-0002167,3.11,train,3to4,1,0.5988669798412726,0.38765763864690844,0.010094151580056596,0.0012905386679260234,0.0020906912638362905,lt3
2982,2983,OADMET-0002166,2.22,train,lt3,3,0.7660984511092075,0.17770673599402212,0.007591560596101889,0.0023233071315781344,0.046279945169090404,lt3
2983,2984,OADMET-0002165,2.92,train,lt3,3,0.28743589138564385,0.3769264547297839,0.10883364162470133,0.03140836232459815,0.1953956499352727,3to4
2984,2985,OADMET-0002164,2.82,train,lt3,1,0.7051355050231475,0.2893581907434278,0.003607932845356379,0.0005416351339065657,0.0013567362541618464,lt3
2985,2986,OADMET-0002163,2.99,train,lt3,2,0.7502101847131895,0.19398066936999797,0.00431076994477313,0.0018014820078305622,0.049696893964208885,lt3
2986,2987,OADMET-0002162,1.79,train,lt3,3,0.8838504786701676,0.08073443588585111,0.0024930840733501138,0.001010335241952212,0.03191166612867889,lt3
2987,2988,OADMET-0002161,2.57,train,lt3,3,0.6253698680792006,0.27614984855006397,0.030854680692959432,0.00573429810749542,0.06189130457028059,lt3
2988,2989,OADMET-0002160,1.82,train,lt3,2,0.8060048765104406,0.14910505613091074,0.001182060564474965,0.0007691190061345949,0.042938887788039094,lt3
2989,2990,OADMET-0002159,1.99,train,lt3,2,0.8244012610058558,0.10525422563505064,0.000962538122651386,0.000692278613734827,0.06868969662270741,lt3
2990,2991,OADMET-0002158,3.27,train,3to4,1,0.27619266741511783,0.5558410333493439,0.14292416096322,0.014931307299418157,0.010110830972900128,3to4
2991,2992,OADMET-0002157,2.17,train,lt3,2,0.6477507131883223,0.3269676156573101,0.0088546002988706,0.001694148930676091,0.014732921924820853,lt3
2992,2993,OADMET-0002156,2.36,train,lt3,2,0.8337726164817635,0.15964369448362706,0.0010434096703728906,0.00027258848009248425,0.00526769088414413,lt3
2993,2994,OADMET-0002155,3.02,train,3to4,2,0.44539239054939445,0.5121750469287646,0.031167262724783155,0.003825711726639303,0.0074395880704185135,3to4
2994,2995,OADMET-0002154,3.47,train,3to4,1,0.36284905198972045,0.19535425050653563,0.03865886801739768,0.02445236002809085,0.3786854694582554,gte6
2995,2996,OADMET-0002153,1.8,train,lt3,3,0.899884643942651,0.02108850010664769,0.0009000984732639717,0.0004787783534571928,0.0776479791239802,lt3
2996,2997,OADMET-0002152,2.85,train,lt3,3,0.9111100444221625,0.07013803268533653,0.0010783047651823508,0.000356393086576884,0.017317225040741725,lt3
2997,2998,OADMET-0002151,2.77,train,lt3,3,0.7122433554848473,0.2803357154280159,0.00441011167059588,0.0006486018331031547,0.0023622155834378254,lt3
2998,2999,OADMET-0002150,1.94,train,lt3,2,0.7431685552942923,0.244946214230219,0.0033891490363004255,0.0006809927531883135,0.007815088686000022,lt3
2999,3000,OADMET-0002149,1.98,train,lt3,2,0.8175152724363381,0.13437758688838955,0.0012100439325607732,0.0007547001175156879,0.046142396625195835,lt3
3000,3001,OADMET-0002148,2.78,train,lt3,3,0.9222106108066489,0.07210137515658642,0.0008262854911598233,0.0002521634097327561,0.00460956513587216,lt3
3001,3002,OADMET-0002147,3.19,train,3to4,3,0.8661856492991621,0.12875486675015255,0.001255491376259347,0.000288319303041076,0.0035156732713849397,lt3
3002,3003,OADMET-0002146,1.87,train,lt3,2,0.7827124556584072,0.14885928019009084,0.002534474273383551,0.001622501512653712,0.06427128836546465,lt3
3003,3004,OADMET-0002145,2.02,train,lt3,2,0.5976696079807523,0.10076052060717355,0.0020044776830380902,0.0019502795980458941,0.2976151141309902,lt3
3004,3005,OADMET-0002144,3.42,train,3to4,1,0.47635543218858367,0.5028229938395171,0.01782755921477989,0.0014226498277018608,0.0015713649294174516,3to4
3005,3006,OADMET-0002143,3.01,train,3to4,3,0.9284184573594743,0.06974600254372917,0.0003240297664369525,6.451514490313032e-05,0.001446995185456516,lt3
3006,3007,OADMET-0002142,2.15,train,lt3,2,0.841978239044531,0.1357299515688223,0.0014308296157799086,0.0005381077562038356,0.02032287201466299,lt3
3007,3008,OADMET-0002141,2.83,train,lt3,1,0.6184871729432057,0.30688219948140516,0.047241571806690384,0.01114701933915055,0.016242036429548263,lt3
3008,3009,OADMET-0002140,2.52,train,lt3,4,0.5890786197135071,0.34501022951935517,0.025008533767169477,0.004146260777372784,0.036756356222595495,lt3
3009,3010,OADMET-0002139,2.96,train,lt3,3,0.36650788510957444,0.31163862115413976,0.09677684234994022,0.03500502530481647,0.19007162608152905,lt3
3010,3011,OADMET-0002138,1.96,train,lt3,3,0.7505007426582193,0.20482422385036406,0.017625837213123163,0.0030278463468758534,0.024021349931417666,lt3
3011,3012,OADMET-0002137,3.22,train,3to4,3,0.8625656432544395,0.10608527878802751,0.0037082809076657585,0.0008386630859573261,0.026802133963909857,lt3
3012,3013,OADMET-0002136,1.83,train,lt3,3,0.630547232521719,0.31307721508628616,0.034435772260649485,0.004082280336540108,0.017857499794805207,lt3
3013,3014,OADMET-0002135,3.41,train,3to4,3,0.5385220456273875,0.3408140419508018,0.04619222715934307,0.010437307509949725,0.06403437775251795,lt3
3014,3015,OADMET-0002134,2.85,train,lt3,4,0.8620545518252125,0.13318314614027718,0.0017093489192095152,0.00013681950255396998,0.0029161336127467748,lt3
3015,3016,OADMET-0002133,3.95,train,3to4,3,0.25324922717514237,0.6246952990196333,0.10726273769939357,0.008029386375003632,0.0067633497308271714,3to4
3016,3017,OADMET-0002132,2.95,train,lt3,3,0.9409879355654697,0.046102154557194124,0.0005672520437745501,0.00018551392535389182,0.012157143908207727,lt3
3017,3018,OADMET-0002131,3.1,train,3to4,3,0.6686039011421849,0.2890796082830219,0.012492097989841026,0.0021204757632530226,0.027703916821699086,lt3
3018,3019,OADMET-0002130,2.81,train,lt3,3,0.44479800883835713,0.4028870637572621,0.0909217642616311,0.015408196012982663,0.04598496712976702,lt3
3019,3020,OADMET-0002129,2.45,train,lt3,3,0.46730207418640646,0.410242724112389,0.0786421779706517,0.011408122745131744,0.0324049009854211,lt3
3020,3021,OADMET-0002128,2.87,train,lt3,3,0.803187066433114,0.17945152390565255,0.005761737427661592,0.0007590151453113129,0.010840657088260508,lt3
3021,3022,OADMET-0002127,3.92,train,3to4,3,0.2874256235040141,0.5062720462459351,0.16927205972031092,0.019251740682036094,0.01777852984770368,3to4
3022,3023,OADMET-0002126,3.22,train,3to4,3,0.4596115914135414,0.4231032973457169,0.06791096572808909,0.01026483870709315,0.039109306805559456,lt3
3023,3024,OADMET-0002125,2.16,train,lt3,3,0.8708854082547134,0.11534219713204333,0.0016666526898425488,0.00045243547776097315,0.011653306445639708,lt3
3024,3025,OADMET-0002124,3.59,train,3to4,3,0.11544614113202481,0.24449951582402712,0.198012438446098,0.11147079450680622,0.33057111009104384,gte6
3025,3026,OADMET-0002123,3.56,train,3to4,0,0.3626386167808841,0.5251439130609422,0.07591689257827851,0.010639498773150631,0.02566107880674457,3to4
3026,3027,OADMET-0002122,4.15,train,4to5,0,0.39115715894185454,0.4611658502857952,0.08348851945033844,0.018540167179582925,0.045648304142428896,3to4
3027,3028,OADMET-0002121,2.91,train,lt3,3,0.4672378062288469,0.3877730468963109,0.08834643954499236,0.01467392797855098,0.04196877935129882,lt3
3028,3029,OADMET-0002120,1.95,train,lt3,2,0.6353890524662882,0.2943327531075521,0.012186442001801726,0.0032101181540493758,0.054881634270308635,lt3
3029,3030,OADMET-0002119,2.73,train,lt3,2,0.6672987960667219,0.267836368914782,0.009000389994787073,0.0023976825446018813,0.05346676247910705,lt3
3030,3031,OADMET-0002118,1.77,train,lt3,3,0.8398522462580543,0.1067330060102696,0.005198514192807704,0.0018566186478219632,0.04635961489104638,lt3
3031,3032,OADMET-0002117,2.4,train,lt3,2,0.8134925899828547,0.1360451320089232,0.0011961156466623866,0.0007431909888812641,0.048522971372678456,lt3
3032,3033,OADMET-0002116,3.11,train,3to4,3,0.7106342242872562,0.23413927613242339,0.014376622477413297,0.0036852787802572674,0.03716459832264988,lt3
3033,3034,OADMET-0002115,3.65,train,3to4,3,0.7066764729530687,0.15133894761488428,0.016428693891833764,0.005517906895347352,0.12003797864486587,lt3
3034,3035,OADMET-0002114,2.53,train,lt3,3,0.8341415630139539,0.12358552981043554,0.006151024356220464,0.0019475095924581,0.03417437322693196,lt3
3035,3036,OADMET-0002113,3.0,train,lt3,3,0.5717239613856847,0.3721755209304994,0.030556091966280476,0.004334035986369059,0.02121038973116642,lt3
3036,3037,OADMET-0002112,2.97,train,lt3,3,0.7061633576189125,0.24419318514800403,0.018551746668390764,0.002902248453243728,0.028189462111448984,lt3
3037,3038,OADMET-0002111,2.97,train,lt3,3,0.703857206235675,0.25657174821558243,0.020840617571223026,0.0027101424934132504,0.016020285484106205,lt3
3038,3039,OADMET-0002110,2.0,train,lt3,3,0.6643346199517928,0.27656833367676786,0.021953566817699628,0.003341728945885932,0.03380175060785378,lt3
3039,3040,OADMET-0002109,2.53,train,lt3,1,0.8281994696784032,0.1643408881520161,0.0037845078531568476,0.0006597003271613537,0.0030154339892624615,lt3
3040,3041,OADMET-0002108,2.515,train,lt3,2,0.8302661386536915,0.09895964247055634,0.0010449396886824207,0.0007553909899666597,0.06897388819710307,lt3
3041,3042,OADMET-0002107,2.6,train,lt3,2,0.1873931638020862,0.37147046178360854,0.29758982298427256,0.07968475999092073,0.06386179143911198,3to4
3042,3043,OADMET-0002106,2.02,train,lt3,2,0.8398167837056263,0.13737984567792916,0.001076197179613379,0.0005186608973431817,0.021208512539487967,lt3
3043,3044,OADMET-0002105,1.86,train,lt3,3,0.8071609744885482,0.12300717844977879,0.005647544755655742,0.002050390236604016,0.062133912069413245,lt3
3044,3045,OADMET-0002104,2.81,train,lt3,0,0.49482182636042904,0.4088371178000974,0.04604863465486218,0.01054787563300262,0.039744545551608744,lt3
3045,3046,OADMET-0002103,3.18,train,3to4,3,0.9315596799945581,0.020713923456788335,0.0007107767727646752,0.00035782664708537443,0.04665779312880344,lt3
3046,3047,OADMET-0002102,2.82,train,lt3,3,0.9168687022597098,0.046242874901678846,0.001104005980443311,0.00037474965847952407,0.03540966719968843,lt3
3047,3048,OADMET-0002101,3.26,train,3to4,3,0.5184693555900737,0.3138632844376041,0.05784055170457528,0.018382955869780334,0.09144385239796668,lt3
3048,3049,OADMET-0002100,3.01,train,3to4,1,0.5701837320625047,0.40040780555752853,0.021692342222846005,0.002686047124863189,0.0050300730322576015,lt3
3049,3050,OADMET-0002099,1.98,train,lt3,3,0.6845338433790574,0.19687786730770912,0.01550915349928876,0.005445974941407323,0.09763316087253737,lt3
3050,3051,OADMET-0002098,2.05,train,lt3,1,0.8571380896028559,0.12320745625917635,0.0038197587367471515,0.0011902170847581332,0.014644478316462503,lt3
3051,3052,OADMET-0002097,2.67,train,lt3,3,0.8669812199061382,0.12316426799319449,0.0024340486013455175,0.0004218746091250926,0.006998588890196764,lt3
3052,3053,OADMET-0002096,2.51,train,lt3,2,0.7043043735779269,0.249058155061862,0.012628926611124504,0.002935744041079583,0.031072800708007102,lt3
3053,3054,OADMET-0002095,2.85,train,lt3,3,0.957692783807346,0.03215406401629165,0.00046307202715368796,0.00014693246061060834,0.00954314768859799,lt3
3054,3055,OADMET-0002094,1.93,train,lt3,1,0.8764573809937845,0.10673309733547108,0.0030038407871962997,0.0009424780538499691,0.012863202829698194,lt3
3055,3056,OADMET-0002093,2.45,train,lt3,3,0.7796407775539324,0.1990442532546677,0.0045467204398169465,0.0010652340493773932,0.01570301470220559,lt3
3056,3057,OADMET-0002092,1.98,train,lt3,3,0.6560825755937781,0.30266201728671943,0.014166461412676896,0.002370705613455103,0.024718240093370415,lt3
3057,3058,OADMET-0002091,2.83,train,lt3,2,0.7580239785592243,0.22973108330405093,0.0054355440753064335,0.0008991092342228028,0.005910284827195473,lt3
3058,3059,OADMET-0002090,1.91,train,lt3,1,0.6292072388062431,0.2860639028701954,0.026940803347602408,0.009150610092314656,0.048637444883644465,lt3
3059,3060,OADMET-0002089,1.95,train,lt3,3,0.8155296334762315,0.16556635275416812,0.0027099663491411954,0.0006122246767606048,0.015581822743698555,lt3
3060,3061,OADMET-0002088,2.08,train,lt3,2,0.847101108076196,0.14535586338628545,0.0008985141392872672,0.0002867508701837697,0.006357763528047518,lt3
3061,3062,OADMET-0002087,2.69,train,lt3,1,0.8426442793739523,0.13429024357250435,0.004525476948685803,0.0014434755957561886,0.01709652450910143,lt3
3062,3063,OADMET-0002086,1.85,train,lt3,3,0.751999604353719,0.21297361901363576,0.012523049223071034,0.0019005196448035272,0.02060320776477065,lt3
3063,3064,OADMET-0002085,2.71,train,lt3,3,0.7245291905582877,0.23209027427233142,0.015848258155995797,0.0022494811061885707,0.025282795907196495,lt3
3064,3065,OADMET-0002084,1.84,train,lt3,3,0.7741090494916529,0.1718611532599566,0.009054960495351934,0.0024597236842579654,0.04251511306878061,lt3
3065,3066,OADMET-0002083,4.28,train,4to5,3,0.20249051968584733,0.4219107847304869,0.22505555627764098,0.06045662126584684,0.090086518040178,3to4
3066,3067,OADMET-0002082,2.64,train,lt3,2,0.8190672894970672,0.1657383123932039,0.005239538319607706,0.0008928165081415199,0.009062043281979687,lt3
3067,3068,OADMET-0002081,3.02,train,3to4,1,0.6651506846351805,0.3069476726108712,0.021326263761345044,0.0024380781194835843,0.004137300873119725,lt3
3068,3069,OADMET-0002080,3.32,train,3to4,4,0.5819013909125322,0.394391032648985,0.018760311053499526,0.0013641130867275571,0.0035831522982556706,lt3
3069,3070,OADMET-0002079,2.07,train,lt3,3,0.8621376537066424,0.06184052521179978,0.0033833355727352727,0.001311337426079257,0.0713271480827433,lt3
3070,3071,OADMET-0002078,1.91,train,lt3,3,0.41291125301366427,0.4362165789759125,0.09862917349357912,0.015832075347853303,0.0364109191689908,3to4
3071,3072,OADMET-0002077,2.06,train,lt3,3,0.8261282469005481,0.1253846291522496,0.006541797911059897,0.002585465794804286,0.03935986024133819,lt3
3072,3073,OADMET-0002076,2.9,train,lt3,3,0.7772193723662446,0.11546409246078747,0.008176403606012825,0.0033409887035863108,0.09579914286336874,lt3
3073,3074,OADMET-0002075,2.41,train,lt3,3,0.8603204881359859,0.10076676768955925,0.003490586458741442,0.0013811910223945603,0.03404096669331879,lt3
3074,3075,OADMET-0002074,1.82,train,lt3,3,0.5216481094450207,0.3247531059428613,0.0527279787256643,0.010643514814454611,0.09022729107199916,lt3
3075,3076,OADMET-0002073,1.94,train,lt3,3,0.415370866083694,0.4773959041611886,0.08081789013676755,0.00831024690306757,0.018105092715282264,3to4
3076,3077,OADMET-0002072,2.09,train,lt3,2,0.17727365957741692,0.2664551715071859,0.3218385553223002,0.14496114742039778,0.08947146617269913,4to5
3077,3078,OADMET-0002071,2.72,train,lt3,2,0.7387063966787825,0.23843684798542655,0.0049431415582487015,0.0009997814822572072,0.016913832295285026,lt3
3078,3079,OADMET-0002070,2.92,train,lt3,3,0.7695601328095564,0.1762318105844508,0.009705174393454854,0.0031777316585094913,0.04132515055402849,lt3
3079,3080,OADMET-0002069,2.88,train,lt3,3,0.3893498727577755,0.4315601829049712,0.10741367051024792,0.018811704345639925,0.052864569481365406,3to4
3080,3081,OADMET-0002068,1.87,train,lt3,3,0.4378517786617301,0.46454586735121495,0.07252265381236397,0.007367526512903379,0.017712173661787633,3to4
3081,3082,OADMET-0002067,2.6,train,lt3,2,0.7446198970200669,0.11739579447408127,0.0016451747890732947,0.00133068101281997,0.13500845270395853,lt3
3082,3083,OADMET-0002066,2.69,train,lt3,3,0.5232563731802189,0.42050726161540886,0.04311290852232818,0.0040052468852381454,0.0091182097968059,lt3
3083,3084,OADMET-0002065,2.39,train,lt3,3,0.6348654391294182,0.29716386284068735,0.030040210856489433,0.004354197369732061,0.033576289803672964,lt3
3084,3085,OADMET-0002064,2.12,train,lt3,2,0.8060399321772649,0.17489686865591747,0.0035580312653458756,0.0008828820387617365,0.014622285862710084,lt3
3085,3086,OADMET-0002063,3.96,train,3to4,1,0.7196294768780781,0.2588915349649938,0.013362078012793573,0.0019735781056266365,0.006143332038507886,lt3
3086,3087,OADMET-0002062,2.44,train,lt3,3,0.2972530479000246,0.3225842747954501,0.20966619024926356,0.07082173392892574,0.099674753126336,3to4
3087,3088,OADMET-0002061,1.98,train,lt3,3,0.6844466409894588,0.29531959049899575,0.007225932173552583,0.001072663593735975,0.011935172744256865,lt3
3088,3089,OADMET-0002060,2.49,train,lt3,1,0.7613413420306435,0.22602672852047614,0.006737844567482752,0.001403864728377408,0.00449022015302016,lt3
3089,3090,OADMET-0002059,4.08,train,4to5,3,0.16563781586843737,0.4962782707277844,0.2881373376506081,0.036166670551989105,0.013779905201180958,3to4
3090,3091,OADMET-0002058,2.13,train,lt3,2,0.8266743776525916,0.15054034747761244,0.0024636694443005607,0.000702388855169014,0.01961921657032639,lt3
3091,3092,OADMET-0002057,1.97,train,lt3,3,0.8986790505574532,0.058630286044676204,0.0015632401320812852,0.0005074636030268367,0.040619959662762405,lt3
3092,3093,OADMET-0002056,2.82,train,lt3,1,0.7489222671750232,0.23013186143455316,0.006924599298139066,0.002011467340058371,0.012009804752226232,lt3
3093,3094,OADMET-0002055,1.94,train,lt3,3,0.7978810747873238,0.17055936328462618,0.004796064972465577,0.001327099059025119,0.025436397896559236,lt3
3094,3095,OADMET-0002054,1.83,train,lt3,3,0.8476189754870074,0.11002934443573159,0.0029401662009888798,0.0010376794697656525,0.03837383440650653,lt3
3095,3096,OADMET-0002053,2.49,train,lt3,3,0.5914483503925368,0.3407849873852384,0.029676734585814483,0.005872731401356332,0.0322171962350539,lt3
3096,3097,OADMET-0002052,2.49,train,lt3,3,0.9095907537710561,0.04600953848362437,0.0012438015992988184,0.0004398783070026534,0.042716027839017984,lt3
3097,3098,OADMET-0002051,2.01,train,lt3,2,0.8192393280959026,0.10041811450865656,0.0011234916062576102,0.0007733975764728462,0.07844566821271036,lt3
3098,3099,OADMET-0002050,1.88,train,lt3,2,0.447676363725879,0.39483103782945644,0.09790238899574345,0.020288846177527537,0.03930136327139358,lt3
3099,3100,OADMET-0002049,2.86,train,lt3,2,0.5110376053654152,0.0918718723798202,0.0020316902726698347,0.002108478743904635,0.3929503532381901,lt3
3100,3101,OADMET-0002048,2.01,train,lt3,1,0.8798421914440896,0.11344134417010034,0.0014477595188451375,0.00036848285713014133,0.004900222009834756,lt3
3101,3102,OADMET-0002047,2.01,train,lt3,2,0.46357829198985134,0.09494186360751783,0.005296742171643396,0.0045205350833853394,0.4316625671476021,lt3
3102,3103,OADMET-0002046,1.92,train,lt3,0,0.8617246888966816,0.11593986493599262,0.002992611893389209,0.0007538607584628389,0.018588973515473742,lt3
3103,3104,OADMET-0002045,4.51,train,4to5,3,0.0045209516565634916,0.05620682098196431,0.5265962945128791,0.3865483902051984,0.026127542643394647,4to5
3104,3105,OADMET-0002044,3.73,train,3to4,2,0.46954479420007844,0.41199916255847324,0.07841660761670259,0.012790699382204288,0.02724873624254146,lt3
3105,3106,OADMET-0002043,4.46,train,4to5,2,0.08481418530972716,0.23048919954499303,0.47810218806793214,0.17428593727095285,0.032308489806394794,4to5
3106,3107,OADMET-0002042,5.61,train,5to6,3,0.0003881027553775248,0.0012682946526939702,0.02072966678513896,0.2839949755739146,0.693618960232875,gte6
3107,3108,OADMET-0002041,5.03,train,5to6,3,0.0014310969397579635,0.013250963878098676,0.1970788108628372,0.5717371156066986,0.2165020127126075,5to6
3108,3109,OADMET-0002040,3.55,train,3to4,3,0.004131108489585766,0.042321939730288666,0.40985108735807924,0.4749945303768708,0.06870133404517553,5to6
3109,3110,OADMET-0002039,3.04,train,3to4,3,0.05087634119157112,0.22613268837929493,0.536672884188523,0.162383465144223,0.023934621096388015,4to5
3110,3111,OADMET-0002038,2.0,train,lt3,2,0.43871715889586543,0.5186788466318824,0.03232276083694322,0.003253827819503893,0.0070274058158050585,3to4
3111,3112,OADMET-0002037,2.98,train,lt3,3,0.22417714980390135,0.6311271307646659,0.13389224287847262,0.007836759426914254,0.0029667171260458923,3to4
3112,3113,OADMET-0002036,4.09,train,4to5,3,0.07766797219958964,0.27625956513897554,0.4757102621560485,0.129164931271264,0.04119726923412228,4to5
3113,3114,OADMET-0002035,4.95,train,4to5,2,0.003288848637312513,0.019011542656968555,0.313418068057406,0.5440669786275595,0.12021456202075348,5to6
3114,3115,OADMET-0002034,4.17,train,4to5,3,0.06585507438191457,0.44637573022617927,0.43372804260888437,0.047797028784914514,0.0062441239981072755,3to4
3115,3116,OADMET-0002033,3.88,train,3to4,4,0.052540898029463934,0.29953270983212044,0.513169822209497,0.12188583544332998,0.012870734485588588,4to5
3116,3117,OADMET-0002032,3.89,train,3to4,1,0.014741649551425018,0.16525623910295498,0.6547120493992737,0.1531864023269848,0.012103659619361481,4to5
3117,3118,OADMET-0002031,1.96,train,lt3,0,0.7733923707306065,0.20022330956752243,0.006557755099727454,0.0013364850162800779,0.018490079585863562,lt3
3118,3119,OADMET-0002030,4.57,train,4to5,3,0.025993243366832258,0.21112692745113007,0.5391789393555181,0.20389239916766588,0.019808490658853692,4to5
3119,3120,OADMET-0002029,4.37,train,4to5,3,0.0017339980239785865,0.022996502936791226,0.4195793144489102,0.5041297880175472,0.05156039657277279,5to6
3120,3121,OADMET-0002028,3.95,train,3to4,3,0.1426032039199084,0.6355345261013778,0.2020885650107424,0.014751199660359322,0.005022505307612019,3to4
3121,3122,OADMET-0002027,2.83,train,lt3,3,0.2402169503970166,0.6549188950442387,0.0913461352689554,0.0067844976149094805,0.006733521674879828,3to4
3122,3123,OADMET-0002026,1.95,train,lt3,3,0.06301649102617773,0.28705660364200486,0.4625728566221254,0.1551078455182268,0.032246203191465234,4to5
3123,3124,OADMET-0002025,3.75,train,3to4,2,0.10602503698989639,0.20365160096729992,0.42110406097459613,0.20594560486240374,0.06327369620580386,4to5
3124,3125,OADMET-0002024,3.1,train,3to4,4,0.09290791026032238,0.38216100984331935,0.4341520537688716,0.07917666944334896,0.011602356684137682,4to5
3125,3126,OADMET-0002023,2.7,train,lt3,4,0.42024219877571545,0.5623487942763595,0.01618585767969111,0.0006137768628040353,0.0006093724054298426,3to4
3126,3127,OADMET-0002022,3.85,train,3to4,3,0.04545594040644124,0.1854503317583377,0.5225390830825201,0.2117592410129252,0.03479540373977574,4to5
3127,3128,OADMET-0002021,4.41,train,4to5,0,0.15005494402629418,0.4457901939524119,0.3192467635996251,0.05642264241761755,0.028485456004051297,3to4
3128,3129,OADMET-0002020,3.82,train,3to4,0,0.20316128863298133,0.3874787486169395,0.2811629029501951,0.0734716690011197,0.05472539079876441,3to4
3129,3130,OADMET-0002019,4.49,train,4to5,0,0.021624291557345073,0.1549085395959229,0.580287999439478,0.21641060951811011,0.026768559889144002,4to5
3130,3131,OADMET-0002018,2.36,train,lt3,4,0.3309268284483654,0.520230520548949,0.13201096371165275,0.012685776416423863,0.00414591087460895,3to4
3131,3132,OADMET-0002017,4.21,train,4to5,1,0.03601416291185684,0.12264038408008193,0.5385473545287012,0.25334326431077514,0.049454834168584955,4to5
3132,3133,OADMET-0002016,2.99,train,lt3,3,0.3088512433598103,0.5920909667987464,0.08796804435165245,0.006248302783926355,0.004841442705864545,3to4
3133,3134,OADMET-0002015,4.12,train,4to5,4,0.04414416649756487,0.17348507725295914,0.5287143198829157,0.22458786650811358,0.029068569858446656,4to5
3134,3135,OADMET-0002014,5.29,train,5to6,1,0.39060700124391273,0.5343068078949045,0.06345408178912952,0.006786879701966917,0.004845229370086412,3to4
3135,3136,OADMET-0002013,4.28,train,4to5,2,0.0010230990385148636,0.003526379748528116,0.059412940133147456,0.4316328080482654,0.5044047730315441,gte6
3136,3137,OADMET-0002012,4.33,train,4to5,2,0.006435267447439932,0.017102865024389746,0.12193352388403778,0.47794558262604525,0.3765827610180873,5to6
3137,3138,OADMET-0002011,4.46,train,4to5,4,0.10338591254667827,0.3407828037226068,0.43986953031939996,0.10393633906124286,0.012025414350072119,4to5
3138,3139,OADMET-0002010,4.87,train,4to5,3,0.09017756914840928,0.39453334796043665,0.42845995259048636,0.07530849083315949,0.01152063946750822,4to5
3139,3140,OADMET-0002009,3.11,train,3to4,2,0.03272790288041302,0.24659143569347278,0.5741238289279321,0.1312945415416836,0.01526229095649851,4to5
3140,3141,OADMET-0002008,2.27,train,lt3,2,0.2518959522985429,0.6309683622197226,0.10026672010918207,0.009340093963151103,0.007528871409401292,3to4
3141,3142,OADMET-0002007,4.83,train,4to5,3,0.12651991231456824,0.36246467861517956,0.3702064871315497,0.08833946604872846,0.052469455889974065,4to5
3142,3143,OADMET-0002006,5.19,train,5to6,4,0.27318598306312597,0.4660376052099862,0.2225663836647758,0.03215548590454141,0.006054542157570591,3to4
3143,3144,OADMET-0002005,4.24,train,4to5,0,0.2196199777665731,0.42887256188500766,0.25008550658949474,0.056041397989413114,0.045380555769511395,3to4
3144,3145,OADMET-0002004,2.3,train,lt3,1,0.3835150936792288,0.45946196192324307,0.13929452144749438,0.013217673772382001,0.004510749177651705,3to4
3145,3146,OADMET-0002003,2.34,train,lt3,0,0.4842604452847739,0.44390178222844506,0.05159281996927582,0.007407075808276338,0.012837876709228866,lt3
3146,3147,OADMET-0002002,2.58,train,lt3,2,0.33525280709845384,0.5972963250858412,0.056053860834488746,0.00498264166213643,0.006414365319079797,3to4
3147,3148,OADMET-0002001,3.1100000000000003,train,3to4,4,0.2307857538642622,0.10762347120607688,0.11759374115476398,0.1066253392901221,0.43737169448477486,gte6
3148,3149,OADMET-0002000,1.92,train,lt3,4,0.5997605992975787,0.393643503221003,0.005705982050590871,0.00018821456117037164,0.0007017008696570022,lt3
3149,3150,OADMET-0001999,3.82,train,3to4,3,0.27503137960936486,0.37481324747761346,0.2316197236889683,0.07514085396704513,0.04339479525700822,3to4
3150,3151,OADMET-0001998,4.87,train,4to5,4,0.00277301867240474,0.029735472690505287,0.44587902377345895,0.4837879041138899,0.037824580749741106,5to6
3151,3152,OADMET-0001997,3.61,train,3to4,2,0.011684848235050832,0.067413666735497,0.5360802521871082,0.33703256343930627,0.047788669403037734,4to5
3152,3153,OADMET-0001996,3.0,train,lt3,3,0.1608135429901099,0.525713642516355,0.2765330761678711,0.0290290579652845,0.007910680360379526,3to4
3153,3154,OADMET-0001995,4.32,train,4to5,3,0.0632367953658104,0.22188876569271088,0.3959287405014038,0.24085579812526703,0.07808990031480789,4to5
3154,3155,OADMET-0001994,3.47,train,3to4,2,0.42677131095742354,0.23898963339704027,0.07107623136965696,0.034371723653992735,0.2287911006218865,lt3
3155,3156,OADMET-0001993,2.98,train,lt3,2,0.09703540807025401,0.47794068573888104,0.3676010952432555,0.046845294431000425,0.010577516516608997,3to4
3156,3157,OADMET-0001992,2.95,train,lt3,0,0.15668046503640798,0.6090654146095094,0.2040545348153534,0.020692378321089555,0.009507207217639698,3to4
3157,3158,OADMET-0001991,4.45,train,4to5,0,0.03488444889960187,0.23570786284818576,0.5395523279557806,0.15969884306360682,0.03015651723282495,4to5
3158,3159,OADMET-0001990,5.29,train,5to6,2,0.007440366035946808,0.013814888373480197,0.036054855715276994,0.19131477945647335,0.7513751104188227,gte6
3159,3160,OADMET-0001989,4.4,train,4to5,0,0.003785676431427622,0.03751608978729493,0.4473852964394431,0.4482319207860388,0.06308101655579561,5to6
3160,3161,OADMET-0001988,1.77,train,lt3,1,0.46323291610523337,0.4710942325033221,0.043716714865055815,0.007704301461730142,0.01425183506465855,3to4
3161,3162,OADMET-0001987,2.45,train,lt3,2,0.46329509812828185,0.4959283130361355,0.02353346513799899,0.0023409679796044212,0.01490215571797924,3to4
3162,3163,OADMET-0001986,3.85,train,3to4,4,0.5358229005054947,0.39571423291761165,0.034639151855229075,0.007254805975580282,0.026568908746084217,lt3
3163,3164,OADMET-0001985,3.58,train,3to4,3,0.07831202768322938,0.4491736774925532,0.4117603470733904,0.04910558290839721,0.011648364842429806,3to4
3164,3165,OADMET-0001984,3.41,train,3to4,0,0.477529124095168,0.40299226632737317,0.07866535101338175,0.01898032929061862,0.021832929273458444,lt3
3165,3166,OADMET-0001983,4.91,train,4to5,3,0.0005632508100752944,0.00409369553131232,0.14239707934784132,0.5755384704097839,0.2774075039009872,5to6
3166,3167,OADMET-0001982,4.745,train,4to5,2,0.0017568509050485586,0.013259642197139314,0.2962523573614185,0.5665159582107685,0.12221519132562512,5to6
3167,3168,OADMET-0001981,1.81,train,lt3,3,0.2615036380547268,0.5964122442361538,0.11609683984935674,0.0118156970097483,0.014171580850014374,3to4
3168,3169,OADMET-0001980,4.06,train,4to5,0,0.22363332362690364,0.5393255101830927,0.19340679638987424,0.02774830592105603,0.015886063879073417,3to4
3169,3170,OADMET-0001979,3.61,train,3to4,3,0.21732991731418375,0.45949112941053577,0.25320461156587476,0.04351919476390635,0.02645514694549938,3to4
3170,3171,OADMET-0001978,4.03,train,4to5,3,0.025806290884653343,0.1717789461550548,0.5707854596667804,0.2108084100625939,0.020820893230917528,4to5
3171,3172,OADMET-0001977,5.42,train,5to6,3,0.010096076819963691,0.09343761037015441,0.6169576041581589,0.2584776029548158,0.021031105696907176,4to5
3172,3173,OADMET-0001976,4.58,train,4to5,3,0.008697498411747955,0.04143669070081062,0.15575836457826933,0.3840190802829102,0.41008836602626186,gte6
3173,3174,OADMET-0001975,4.78,train,4to5,4,0.006205683273134728,0.05661759675815842,0.5200867790938105,0.3917856320421123,0.025304308832784,4to5
3174,3175,OADMET-0001974,3.67,train,3to4,2,0.18167628357496596,0.6510340636917571,0.14960775050271474,0.01132858452270632,0.0063533177078559065,3to4
3175,3176,OADMET-0001973,5.19,train,5to6,4,0.03234199506808806,0.07372488246243185,0.34982142634290664,0.39083097258577437,0.1532807235407991,5to6
3176,3177,OADMET-0001972,1.81,train,lt3,4,0.11173420565924355,0.10617595324182441,0.21013714686240476,0.23963417469910048,0.3323185195374268,gte6
3177,3178,OADMET-0001971,2.84,train,lt3,4,0.7328143411032245,0.26301859715256926,0.001934493811426356,0.000105473361305549,0.002127094571474302,lt3
3178,3179,OADMET-0001970,2.22,train,lt3,3,0.5258584336965718,0.4563455933333639,0.014584175461353651,0.0011744826868802733,0.00203731482183039,lt3
3179,3180,OADMET-0001969,4.27,train,4to5,4,0.010531245740625306,0.04359902445562093,0.39586848057421714,0.450570911588679,0.09943033764085764,5to6
3180,3181,OADMET-0001968,4.48,train,4to5,0,0.04817187346116397,0.27742629020008047,0.4893514227828912,0.14644686315058422,0.03860355040528013,4to5
3181,3182,OADMET-0001967,2.18,train,lt3,3,0.43094426092497823,0.4821523692308527,0.05408235229028609,0.006800708779128905,0.02602030877475411,3to4
3182,3183,OADMET-0001966,4.59,train,4to5,2,0.24899000376039168,0.6489764179997716,0.08603182819538538,0.006317211981607099,0.009684538062844228,3to4
3183,3184,OADMET-0001965,2.08,train,lt3,3,0.1450437044876896,0.45104985880834225,0.3386203381753448,0.05246510691282434,0.01282099161579898,3to4
3184,3185,OADMET-0001964,4.71,train,4to5,2,0.09254476828333853,0.17418905443738944,0.3647660179150843,0.24234678438504098,0.12615337497914675,4to5
3185,3186,OADMET-0001963,4.39,train,4to5,2,0.010367271249013226,0.02197455191112701,0.1009228280530584,0.42438962067501573,0.44234572811178563,gte6
3186,3187,OADMET-0001962,1.84,train,lt3,2,0.19382330215673674,0.6279784855737043,0.15682707274179974,0.013584565910397523,0.0077865736173616884,3to4
3187,3188,OADMET-0001961,3.92,train,3to4,3,0.01754332562553449,0.12117881079787822,0.5883839840276255,0.24535662905184238,0.02753725049711946,4to5
3188,3189,OADMET-0001960,4.84,train,4to5,0,0.009770930844806357,0.07952225289749427,0.4939034333759339,0.3584836162098868,0.05831976667187869,4to5
3189,3190,OADMET-0001958,1.91,train,lt3,2,0.6465953612573272,0.2846501778239391,0.012085187293906462,0.00399596711246657,0.05267330651236067,lt3
3190,3191,OADMET-0001957,1.89,train,lt3,2,0.5616977732391407,0.2862306793281248,0.02557677367362044,0.009241255802457373,0.11725351795665662,lt3
3191,3192,OADMET-0001956,1.86,train,lt3,0,0.04938655797323239,0.14407346283951622,0.4237927541856316,0.2895068353708485,0.0932403896307713,4to5
3192,3193,OADMET-0001955,4.57,train,4to5,3,0.31923856201482437,0.45323897784288864,0.18515580237291707,0.027730262788245467,0.01463639498112443,3to4
3193,3194,OADMET-0001954,2.28,train,lt3,1,0.49309964239314685,0.4791639270793805,0.02174933309915413,0.00236437708551928,0.0036227203427992103,lt3
3194,3195,OADMET-0001953,4.07,train,4to5,1,0.44700318783057474,0.4969356381191669,0.04541501796531965,0.004821914736283546,0.005824241348655156,3to4
3195,3196,OADMET-0001951,5.95,train,5to6,1,0.0026726927185097933,0.009400921724908362,0.06101781778288735,0.30025067450081794,0.6266578932728766,gte6
3196,3197,OADMET-0001950,5.66,train,5to6,3,0.030502158239419513,0.1535831644063245,0.4559106094863829,0.3109462466553972,0.04905782121247586,4to5
3197,3198,OADMET-0001949,3.47,train,3to4,1,0.07249040062086134,0.280081924124484,0.5204681090204478,0.11312752069552867,0.013832045538678171,4to5
3198,3199,OADMET-0001948,4.48,train,4to5,3,0.03585927373904797,0.20853299305043405,0.568403035560092,0.16484586034774018,0.02235883730268582,4to5
3199,3200,OADMET-0001947,3.6,train,3to4,0,0.3332291554345768,0.578058185077462,0.07598064864606809,0.007205734052900289,0.005526276788992778,3to4
3200,3201,OADMET-0001946,4.64,train,4to5,3,0.0053410813477861654,0.044635347299294394,0.5334862535046142,0.38261350156772445,0.03392381628058074,4to5
3201,3202,OADMET-0001945,1.81,train,lt3,3,0.4829025468759887,0.48173670985011996,0.02761145997741329,0.002214374208671377,0.005534909087806686,lt3
3202,3203,OADMET-0001944,3.13,train,3to4,3,0.12547276937490845,0.47197488038237184,0.33645212712968164,0.04791636028870262,0.01818386282433544,3to4
3203,3204,OADMET-0001943,5.52,train,5to6,3,0.0029080837692643676,0.02622979067753833,0.27182384635582585,0.5472981194836332,0.15174015971373828,5to6
3204,3205,OADMET-0001942,2.82,train,lt3,3,0.35777665573746403,0.5795372466809083,0.05606649566704857,0.0034465916319054084,0.0031730102826736484,3to4
3205,3206,OADMET-0001941,3.0,train,lt3,2,0.10170146987153321,0.19124679487169935,0.35507053331171273,0.24492732390111602,0.1070538780439387,4to5
3206,3207,OADMET-0001940,2.27,train,lt3,2,0.6086574260016921,0.3730879993454815,0.010141181803055956,0.0018571227094442261,0.0062562701403262155,lt3
3207,3208,OADMET-0001938,2.19,train,lt3,3,0.06930795902070494,0.2956040137498674,0.45794158150386255,0.14413892900633227,0.03300751671923287,4to5
3208,3209,OADMET-0001937,5.25,train,5to6,3,0.0036830739637071716,0.0188364284172453,0.12940276523493616,0.44724265523995266,0.4008350771441587,5to6
3209,3210,OADMET-0001936,2.93,train,lt3,1,0.2663557459681711,0.638875229313629,0.08866814291682884,0.004170612322819911,0.0019302694785512714,3to4
3210,3211,OADMET-0001935,4.99,train,4to5,1,0.021967741528225542,0.08221941788177031,0.4972808418249676,0.33349291855317376,0.06503908021186276,4to5
3211,3212,OADMET-0001934,5.29,train,5to6,0,0.0017883308500429476,0.031704125788105164,0.5859430062606571,0.358234919355795,0.022329617745399846,4to5
3212,3213,OADMET-0001933,3.63,train,3to4,4,0.09089045658433167,0.4814039898925017,0.373877691260097,0.047315744915341434,0.006512117347728143,3to4
3213,3214,OADMET-0001932,5.37,train,5to6,3,0.042373258620500565,0.2321861982345581,0.4692661166191101,0.21784143149852753,0.038332995027303696,4to5
3214,3215,OADMET-0001931,1.97,train,lt3,3,0.08702083125951092,0.24235676184272412,0.41286775835323375,0.210569860116811,0.047184788427720205,4to5
3215,3216,OADMET-0001930,3.63,train,3to4,2,0.18257241563182972,0.33351613209264425,0.33384383844060656,0.10125357997150056,0.04881403386341894,4to5
3216,3217,OADMET-0001928,5.62,train,5to6,4,0.00048444409517984485,0.0008402808054784303,0.03207105095840031,0.35154429847494795,0.6150599256659934,gte6
3217,3218,OADMET-0001927,3.89,train,3to4,0,0.5630072252104796,0.3153186716511428,0.06080555703092586,0.01431469185797594,0.0465538542494758,lt3
3218,3219,OADMET-0001926,5.23,train,5to6,3,0.003245814094844246,0.02102248801423145,0.3513857521617097,0.4892677502294216,0.135078195499793,5to6
3219,3220,OADMET-0001925,4.82,train,4to5,4,0.16769851003729597,0.4042479874602551,0.34117840265535126,0.07105052043723406,0.015824579409863624,3to4
3220,3221,OADMET-0001924,3.9,train,3to4,2,0.07004747447068566,0.17715527277023277,0.45125813514535645,0.24221167734001553,0.05932744027370962,4to5
3221,3222,OADMET-0001923,3.4,train,3to4,2,0.22569289443923654,0.23631017953595537,0.17324604164282636,0.1239727112375213,0.24077817314446043,gte6
3222,3223,OADMET-0001922,4.98,train,4to5,4,0.11975546002752394,0.1761098477824055,0.37462323345805354,0.18701071758552315,0.14250074114649383,4to5
3223,3224,OADMET-0001921,1.84,train,lt3,3,0.7010794157902627,0.29166769465274534,0.00454008198691387,0.0005853236549336934,0.002127483915144397,lt3
3224,3225,OADMET-0001920,1.78,train,lt3,3,0.05296777415696309,0.3194950657866644,0.48847877091730335,0.12084898125292094,0.01820940788614821,4to5
3225,3226,OADMET-0001919,1.88,train,lt3,2,0.4245624054418919,0.4409518044761507,0.1047517610452282,0.013775549213191157,0.015958479823538072,3to4
3226,3227,OADMET-0001918,4.73,train,4to5,3,0.05736732293497919,0.24805959481578121,0.5222390799902978,0.15074388652794454,0.021590115730997207,4to5
3227,3228,OADMET-0001917,4.16,train,4to5,4,0.00680266516473525,0.06130800434712483,0.5029248321232361,0.39045680422175394,0.038507694143149904,4to5
3228,3229,OADMET-0001916,4.95,train,4to5,3,0.019411157599711893,0.08618504457713987,0.41712685953311407,0.38502236770440973,0.09225457058562446,4to5
3229,3230,OADMET-0001914,3.88,train,3to4,2,0.7385489966222948,0.24871642456583823,0.0035881022479494753,0.0006418331845365094,0.008504643379381057,lt3
3230,3231,OADMET-0001913,4.875,train,4to5,2,0.03823261420948686,0.12206858669374704,0.48910902043675675,0.2982070810692105,0.05238269759079883,4to5
3231,3232,OADMET-0001912,3.0,train,lt3,3,0.20598835859469403,0.4847712128465769,0.2331388400282927,0.03770250756847658,0.03839908096195979,3to4
3232,3233,OADMET-0001911,4.18,train,4to5,3,0.0324263690491462,0.1223549046060984,0.5070079063439352,0.27123213319540274,0.06697868680541752,4to5
3233,3234,OADMET-0001910,2.42,train,lt3,2,0.47367531105286936,0.44156923931238173,0.06767550862177789,0.00722473767327586,0.009855203339695189,lt3
3234,3235,OADMET-0001909,2.415,train,lt3,3,0.329277708081118,0.3778723295318325,0.19407134308320484,0.04956423623735059,0.049214383066494095,3to4
3235,3236,OADMET-0001908,4.05,train,4to5,4,0.1168550944144342,0.5002763359856329,0.343973016865074,0.03655633395032058,0.002339218784538244,3to4
3236,3237,OADMET-0001906,4.25,train,4to5,4,0.01080721548775247,0.08716497773223039,0.5690993799152639,0.30123148069790284,0.0316969461668503,4to5
3237,3238,OADMET-0001905,2.97,train,lt3,0,0.50346516958892,0.4099658789157653,0.06296993716080561,0.011111818667822878,0.012487195666686265,lt3
3238,3239,OADMET-0001904,4.84,train,4to5,1,0.05526757386347907,0.2113675388505946,0.547807551823992,0.16003640830367621,0.025520927158258114,4to5
3239,3240,OADMET-0001903,5.16,train,5to6,2,0.12120486231453512,0.23420614353129482,0.38934293969486566,0.18114845724625075,0.07409759721305366,4to5
3240,3241,OADMET-0001902,4.7,train,4to5,3,0.005101408110902642,0.06215741023953362,0.5840255288567868,0.3263708800004545,0.022344772792322436,4to5
3241,3242,OADMET-0001901,4.06,train,4to5,2,0.030121034067349572,0.07793533071490998,0.32866391600792094,0.410821647217165,0.1524580719926545,5to6
3242,3243,OADMET-0001900,4.81,train,4to5,2,0.28755493720292385,0.408493590736105,0.2485757214627385,0.03940619732003186,0.01596955327820084,3to4
3243,3244,OADMET-0001899,4.95,train,4to5,3,0.09032120762340977,0.23348799446296725,0.31502858906813924,0.21118661992629648,0.14997558891918725,4to5
3244,3245,OADMET-0001898,5.13,train,5to6,3,0.004232710746248807,0.050529894122996896,0.5406307050013118,0.37332630626848445,0.03128038386095798,4to5
3245,3246,OADMET-0001897,3.48,train,3to4,4,0.1939930569028365,0.49304108571996047,0.2701003185541289,0.03217014589477895,0.010695392928295201,3to4
3246,3247,OADMET-0001895,3.94,train,3to4,0,0.2047721839196783,0.43906183885994227,0.26850964918893744,0.055694135316241726,0.031962192715200226,3to4
3247,3248,OADMET-0001894,5.1,train,5to6,4,0.00887326230216263,0.04761009587964823,0.30078643084189916,0.425510429559576,0.21721978141671391,5to6
3248,3249,OADMET-0001893,1.94,train,lt3,2,0.32522889051173304,0.31559478255030254,0.22692933625652909,0.07046228348411179,0.06178470719732353,lt3
3249,3250,OADMET-0001892,4.45,train,4to5,2,0.006376503557503953,0.03924826567327466,0.4851214928633107,0.42554182190694595,0.043711915998964755,4to5
3250,3251,OADMET-0001890,3.37,train,3to4,3,0.3317405258734485,0.4946425818306015,0.11982734412083518,0.01818525405090113,0.03560429412421365,3to4
3251,3252,OADMET-0001888,4.13,train,4to5,1,0.09611173831056499,0.416137640552335,0.42383450763107405,0.0563459179404415,0.00757019556558453,4to5
3252,3253,OADMET-0001887,4.13,train,4to5,4,0.15448114499976787,0.40726917624502673,0.35190326071578365,0.06997244976686726,0.016373968272554495,3to4
3253,3254,OADMET-0001885,3.1,train,3to4,1,0.27041072119269366,0.5970745785589141,0.11794484609922362,0.010438438684783053,0.004131415464385586,3to4
3254,3255,OADMET-0001884,4.2,train,4to5,0,0.0184738885087665,0.0886251348755237,0.43009186047478903,0.35286743194331843,0.10994168419760231,4to5
3255,3256,OADMET-0001883,4.75,train,4to5,0,0.023019342204638717,0.19958554725650615,0.5885166521741063,0.1664855200615117,0.022392938303237162,4to5
3256,3257,OADMET-0001882,1.81,train,lt3,2,0.18565547918963363,0.3763025788793762,0.3528508346797432,0.06681949271897826,0.018371614532268727,3to4
3257,3258,OADMET-0001881,4.6,train,4to5,2,0.1744873944746346,0.30500635050227715,0.3403007933452607,0.11484923042581632,0.06535623125201119,4to5
3258,3259,OADMET-0001880,3.86,train,3to4,0,0.11946268235424985,0.4717590748099517,0.3298738168675323,0.055811553275048616,0.023092872693217477,3to4
3259,3260,OADMET-0001879,3.53,train,3to4,1,0.08144142933793902,0.311670916807144,0.49258896480811565,0.0979491005436946,0.016349588503106787,4to5
3260,3261,OADMET-0001878,4.83,train,4to5,0,0.04035410672558139,0.26215940811544436,0.5483133217257012,0.12881273079221223,0.02036043264106077,4to5
3261,3262,OADMET-0001877,4.88,train,4to5,4,0.01146751926963925,0.0928504024299346,0.541231336729747,0.3160167351179604,0.03843400645271878,4to5
3262,3263,OADMET-0001876,3.1,train,3to4,4,0.2662726962283166,0.5558175493779283,0.15865530214014031,0.014948758428928633,0.004305693824686195,3to4
3263,3264,OADMET-0001875,1.9,train,lt3,1,0.65950458424198,0.3346227067944922,0.004414359052883317,0.0005877574949296921,0.0008705924157148585,lt3
3264,3265,OADMET-0001874,4.77,train,4to5,3,0.008033397495280054,0.047712105591146664,0.49465488696487314,0.37826388545897016,0.07133572448972998,4to5
3265,3266,OADMET-0001872,3.92,train,3to4,2,0.026486914111545048,0.09348462347901196,0.43072905334217376,0.3505568141013977,0.09874259496587151,4to5
3266,3267,OADMET-0001871,4.38,train,4to5,3,0.12193419848005109,0.43430927949160636,0.3428951608261935,0.06639762596799288,0.03446373523415615,3to4
3267,3268,OADMET-0001870,4.12,train,4to5,2,0.2913465580831052,0.20793674827093273,0.09929758315551407,0.06548002619445129,0.3359390842959967,gte6
3268,3269,OADMET-0001869,2.54,train,lt3,2,0.5055860304533785,0.3998644966625818,0.05042150267596125,0.012077602614078684,0.032050367593999804,lt3
3269,3270,OADMET-0001868,2.84,train,lt3,3,0.07804464388919792,0.3978515185855949,0.4267379554098146,0.07739750137296968,0.019968380742422884,4to5
3270,3271,OADMET-0001867,3.55,train,3to4,2,0.05776149958426693,0.15198911216891553,0.4224274314871174,0.27286528626163464,0.09495667049806553,4to5
3271,3272,OADMET-0001866,4.54,train,4to5,0,0.011586443294477361,0.060164968237779726,0.4681791571604439,0.39495544853241704,0.06511398277488198,4to5
3272,3273,OADMET-0001865,2.81,train,lt3,2,0.3284901739748227,0.33487669257217445,0.08313689535738705,0.03148784174561206,0.22200839635000372,3to4
3273,3274,OADMET-0001864,3.49,train,3to4,1,0.24787398666040986,0.6012823693352519,0.13172600102210502,0.013272910240938202,0.005844732741295004,3to4
3274,3275,OADMET-0001863,5.06,train,5to6,1,0.07281750805882695,0.20455868965453783,0.5300119242810944,0.1645148459702438,0.028097032035296975,4to5
3275,3276,OADMET-0001862,3.27,train,3to4,1,0.2297484971314313,0.48713829001887876,0.2426177952958867,0.03442941900014806,0.006065998553655143,3to4
3276,3277,OADMET-0001861,2.01,train,lt3,3,0.5101753774742843,0.38947276012291093,0.06575837351659392,0.009127420777548023,0.025466068108662754,lt3
3277,3278,OADMET-0001859,2.82,train,lt3,0,0.25718248177896236,0.5031697210278704,0.1790078749396787,0.03479182759067224,0.02584809466281639,3to4
3278,3279,OADMET-0001858,1.9,train,lt3,4,0.296779104971263,0.5349651734520546,0.14597784417801632,0.014497432358486424,0.007780445040179641,3to4
3279,3280,OADMET-0001857,4.0,train,3to4,2,0.1429999513328061,0.18883166279887148,0.2650455613447893,0.21092892321732412,0.192193901306209,4to5
3280,3281,OADMET-0001828,4.3,train,4to5,0,0.05859376578882726,0.20790553576211646,0.4498861214201168,0.19210386836025756,0.09151070866868193,4to5
3281,3282,OADMET-0001827,3.62,train,3to4,2,0.19609121620436704,0.5151715576095847,0.2302694900675755,0.03237971850442006,0.026088017614052716,3to4
3282,3283,OADMET-0001826,3.42,train,3to4,4,0.15986267446857727,0.6036953599912834,0.20867210069323036,0.018617152137331016,0.00915271270957795,3to4
3283,3284,OADMET-0001825,1.62,train,lt3,2,0.5152272322939052,0.3706712238339278,0.035724120280609936,0.008844153510793774,0.06953327008076331,lt3
3284,3285,OADMET-0001824,2.56,train,lt3,1,0.45030263194760406,0.5283429288050913,0.01953932332929784,0.0009471848589288346,0.0008679310590780228,3to4
3285,3286,OADMET-0001823,5.23,train,5to6,0,0.04478955691445124,0.22859174268608998,0.49238434984219465,0.14488658470906227,0.08934776584820188,4to5
3286,3287,OADMET-0001822,4.04,train,4to5,4,0.012064259589197185,0.07694619951357096,0.5615800660966341,0.3154904865882582,0.03391898821233949,4to5
3287,3288,OADMET-0001821,4.17,train,4to5,2,0.22000291339113753,0.6551436601888966,0.1124383999808386,0.008286187197600936,0.004128839241526315,3to4
3288,3289,OADMET-0001820,4.45,train,4to5,3,0.21825209924459693,0.5107711461761422,0.18166843359996934,0.026455023143656973,0.06285329783563462,3to4
3289,3290,OADMET-0001819,3.8,train,3to4,1,0.522566739881241,0.4202139410859146,0.04210673305942419,0.0065727900302677555,0.008539795943152406,lt3
3290,3291,OADMET-0001818,4.05,train,4to5,1,0.021720209665480626,0.22970579115317985,0.6256586190882781,0.11441444381819729,0.008500936274864094,4to5
3291,3292,OADMET-0001817,3.77,train,3to4,4,0.050341431506616206,0.5961814135465272,0.3320723854358784,0.019940090001727195,0.0014646795092510098,3to4
3292,3293,OADMET-0001816,3.99,train,3to4,4,0.07579324032346092,0.5588494821615372,0.3333996702795216,0.02845292868425267,0.0035046785512276102,3to4
3293,3294,OADMET-0001815,2.81,train,lt3,4,0.5229026412249146,0.37387497332948394,0.024385799358754266,0.0035194454807321953,0.07531714060611502,lt3
3294,3295,OADMET-0001814,3.36,train,3to4,4,0.49617238013372994,0.49383370257476156,0.008406883728670845,0.0002331412311830223,0.0013538923316546618,lt3
3295,3296,OADMET-0001813,4.07,train,4to5,4,0.37226761144431253,0.568576301951003,0.05510829432511761,0.0026039093109074193,0.001443882968659517,3to4
3296,3297,OADMET-0001812,3.33,train,3to4,0,0.24254652902206605,0.6061336632887325,0.12445654723307209,0.012838691639084122,0.014024568817045164,3to4
3297,3298,OADMET-0001811,1.7,train,lt3,0,0.7977578327936782,0.18510455659181682,0.002721375679319931,0.000618995143102672,0.013797239792082392,lt3
3298,3299,OADMET-0001810,4.7,train,4to5,0,0.002683899317873561,0.028073559949735517,0.4855188045419219,0.4202093705684151,0.0635143656220539,4to5
3299,3300,OADMET-0001809,4.33,train,4to5,1,0.0022295094105552462,0.0200125444773643,0.3627975882789109,0.47773063205076877,0.1372297257824008,5to6
3300,3301,OADMET-0001808,4.16,train,4to5,0,0.04077591290970325,0.44577335397990997,0.45019405157839026,0.05242085721971573,0.010835824312280739,4to5
3301,3302,OADMET-0001807,4.63,train,4to5,0,0.2409729833255548,0.5879339039952243,0.14568255990977227,0.015976037993781656,0.009434514775667025,3to4
3302,3303,OADMET-0001806,1.68,train,lt3,0,0.7126324039487328,0.27807041466926996,0.002855114350966012,0.0005328701124305367,0.005909196918600694,lt3
3303,3304,OADMET-0001805,4.64,train,4to5,0,0.005605372926012371,0.09153920168192368,0.6721848715344024,0.20560254915627119,0.025068004701390353,4to5
3304,3305,OADMET-0001804,4.22,train,4to5,2,0.05699329955953405,0.4389720959349558,0.4449718698154173,0.05194955067591627,0.007113184014176577,4to5
3305,3306,OADMET-0001803,4.17,train,4to5,0,0.03917176444677747,0.44376075933631276,0.45047188436014063,0.055125501857113,0.011470089999656156,4to5
3306,3307,OADMET-0001802,3.5,train,3to4,0,0.26505882769861444,0.6372732813889416,0.0803543664305854,0.0075354630807465154,0.009778061401112042,3to4
3307,3308,OADMET-0001801,1.75,train,lt3,0,0.7386067927109075,0.25236539478918996,0.003061185996770603,0.0007362138546807489,0.005230412648451205,lt3
3308,3309,OADMET-0001800,4.53,train,4to5,4,0.015297046485010785,0.19943786665321936,0.6403078874869654,0.13826860146213515,0.0066885979126693265,4to5
3309,3310,OADMET-0001799,5.22,train,5to6,2,0.005336079164037611,0.05538997677931147,0.5878490080922361,0.3228856850528963,0.02853925091151856,4to5
3310,3311,OADMET-0001798,5.25,train,5to6,0,0.017221906030985133,0.2503618136743764,0.6046375834153678,0.11164331453383712,0.016135382345433567,4to5
3311,3312,OADMET-0001797,3.59,train,3to4,0,0.27393650855532004,0.6100864972355599,0.09142339178496939,0.00843170839306875,0.01612189403108194,3to4
3312,3313,OADMET-0001796,4.1,train,4to5,4,0.06835332185011722,0.5265692219898896,0.36536417639231766,0.035310754721515,0.004402525046160407,3to4
3313,3314,OADMET-0001795,3.81,train,3to4,0,0.2575191596410524,0.5666896130866574,0.14101813805293392,0.0174626913983648,0.017310397820991495,3to4
3314,3315,OADMET-0001794,5.37,train,5to6,0,0.009986610729721181,0.14521818839172726,0.6362191213515339,0.17542167877217402,0.033154400754843626,4to5
3315,3316,OADMET-0001793,5.21,train,5to6,0,0.0008748654454983924,0.014675895592916936,0.40743940817258684,0.49473768167417764,0.08227214911482018,5to6
3316,3317,OADMET-0001792,2.25,train,lt3,4,0.2831161144208157,0.5892377725507866,0.11613806360194856,0.008166261440983088,0.0033417879854660965,3to4
3317,3318,OADMET-0001791,1.91,train,lt3,4,0.7001826865746298,0.2943236918449163,0.0032556273542722444,0.00020701056924659952,0.002030983656935076,lt3
3318,3319,OADMET-0001790,2.57,train,lt3,4,0.2702980638809028,0.5339549186331941,0.17344939716786584,0.015463975265372533,0.006833645052664748,3to4
3319,3320,OADMET-0001789,1.73,train,lt3,4,0.17552626844066443,0.734333366103006,0.08385637742257902,0.0032888433365753714,0.0029951446971751695,3to4
3320,3321,OADMET-0001788,4.67,train,4to5,4,0.1339843245710664,0.41300951588320606,0.37435718603817925,0.05573237200629694,0.022916601501251355,3to4
3321,3322,OADMET-0001787,3.96,train,3to4,4,0.028692484896159023,0.30858915110198093,0.5652377434352165,0.09126616738163826,0.006214453185005366,4to5
3322,3323,OADMET-0001786,4.06,train,4to5,2,0.2286040120370737,0.6902277122683114,0.07494987817882354,0.0038977688188092242,0.0023206286969821546,3to4
3323,3324,OADMET-0001785,4.09,train,4to5,4,0.3207325936857297,0.6075180175749203,0.06644144657367908,0.0033804231804704403,0.0019275189852004495,3to4
3324,3325,OADMET-0001784,3.37,train,3to4,4,0.18965401459713824,0.7382650649531926,0.06856379912605648,0.002418737715526639,0.0010983836080860779,3to4
3325,3326,OADMET-0001783,3.99,train,3to4,4,0.0995163394507581,0.7086599524038694,0.18281413708742777,0.008188441701743548,0.0008211293562011726,3to4
3326,3327,OADMET-0001782,2.35,train,lt3,4,0.6380032727466609,0.35213263887280194,0.004780441395573347,0.0002504405790051606,0.0048332064059587,lt3
3327,3328,OADMET-0001781,2.37,train,lt3,4,0.21914609218143813,0.7206905139372916,0.056656186552055565,0.002054608794343167,0.0014525985348715915,3to4
3328,3329,OADMET-0001780,2.98,train,lt3,4,0.49828651735958546,0.49268302507840545,0.007861842431070968,0.00025284226380956515,0.0009157728671285578,lt3
3329,3330,OADMET-0001779,3.76,train,3to4,3,0.15953163327182432,0.6064117370125134,0.206207060628919,0.0172644699435094,0.01058509914323392,3to4
3330,3331,OADMET-0001778,2.28,train,lt3,4,0.6510987393080063,0.34706128236755435,0.0013329321746354812,4.1980086088087574e-05,0.0004650660637157866,lt3
3331,3332,OADMET-0001777,4.13,train,4to5,0,0.11641591099535806,0.6123006169779651,0.22306729900369432,0.02856753590889057,0.019648637114091913,3to4
3332,3333,OADMET-0001776,3.98,train,3to4,0,0.008339243808978103,0.15586723140464823,0.6495353476683601,0.16549755370853617,0.020760623409477437,4to5
3333,3334,OADMET-0001775,3.43,train,3to4,4,0.1347198394247449,0.6928279096605875,0.16238730341971283,0.00813102197735116,0.0019339255176036342,3to4
3334,3335,OADMET-0001774,4.45,train,4to5,0,0.29836926392187924,0.5602262119243835,0.11493288183931705,0.013178821886328622,0.01329282042809165,3to4
3335,3336,OADMET-0001773,5.81,train,5to6,4,0.0005233732381328468,0.0025027209705894933,0.12957834859546855,0.521968172290261,0.34542738490554803,5to6
3336,3337,OADMET-0001772,2.82,train,lt3,4,0.09149809087421966,0.7206278965138401,0.1797372978289203,0.007301032002300334,0.0008356827807196037,3to4
3337,3338,OADMET-0001771,3.87,train,3to4,0,0.7097327225022745,0.2810652064271026,0.005940907695170968,0.0009232123218241124,0.002337951053627846,lt3
3338,3339,OADMET-0001770,1.94,train,lt3,4,0.3144411703152994,0.6331870476267998,0.04756613760987031,0.002214116016504759,0.0025915284315257948,3to4
3339,3340,OADMET-0001769,3.52,train,3to4,0,0.512107700831157,0.45769604788399026,0.023175065855685822,0.002448363375566207,0.004572822053600672,lt3
3340,3341,OADMET-0001768,4.19,train,4to5,0,0.23697107400919487,0.5482782324616342,0.18092913092694815,0.022121080069543907,0.011700482532678934,3to4
3341,3342,OADMET-0001767,5.25,train,5to6,4,0.05039378346537519,0.1355733944714035,0.4432457735810928,0.27175335557646924,0.09903369290565925,4to5
3342,3343,OADMET-0001766,4.28,train,4to5,2,0.2400260086337731,0.5522815759413976,0.1668319127706654,0.022957394008984503,0.017903108645179393,3to4
3343,3344,OADMET-0001765,3.9,train,3to4,4,0.4739168938644607,0.46807632406053423,0.04680163096331134,0.0031744346865211076,0.008030716425172644,lt3
3344,3345,OADMET-0001764,3.76,train,3to4,0,0.22072598625921067,0.5780749396356281,0.15142201084635049,0.022047128815818395,0.027729934442992397,3to4
3345,3346,OADMET-0001763,1.88,train,lt3,4,0.37618422399850565,0.607855437434695,0.0148435141463558,0.00038110001950615255,0.00073572440093742,3to4
3346,3347,OADMET-0001762,4.26,train,4to5,2,0.23129994564093792,0.6238350109500994,0.12434074703460474,0.011688418381590663,0.008835877992767296,3to4
3347,3348,OADMET-0001761,4.1,train,4to5,0,0.28327121236724007,0.6295906724554795,0.07509979360702936,0.006961549164495213,0.005076772405755918,3to4
3348,3349,OADMET-0001760,3.47,train,3to4,4,0.21284183843435744,0.533802352315766,0.1888605520563182,0.019817704794792865,0.044677552398765474,3to4
3349,3350,OADMET-0001759,3.4,train,3to4,0,0.6107965615341029,0.35835536772080256,0.01673028779042216,0.0030458077793061953,0.011071975175366181,lt3
3350,3351,OADMET-0001758,1.71,train,lt3,0,0.4886575820149285,0.4802856325091365,0.021372767956524645,0.003040054692739783,0.006643962826670634,lt3
3351,3352,OADMET-0001757,3.25,train,3to4,0,0.20376140268690757,0.6418553244065411,0.12952535644874846,0.012315523145440647,0.012542393312362198,3to4
3352,3353,OADMET-0001756,2.94,train,lt3,4,0.5463616667990163,0.44657377917547947,0.005834240274144104,0.0001734261111030833,0.0010568876402569933,lt3
3353,3354,OADMET-0001755,6.37,train,gte6,2,0.00019606559018926003,0.001787490180083468,0.14970631634938603,0.6310706623998682,0.21723946548047307,5to6
3354,3355,OADMET-0001754,3.04,train,3to4,0,0.41523715991533244,0.523853802584806,0.04160779057240802,0.004602746257277346,0.014698500670176187,3to4
3355,3356,OADMET-0001753,4.63,train,4to5,2,0.1547788763744296,0.5271962064096432,0.27439029854949243,0.032864297294157206,0.010770321372277604,3to4
3356,3357,OADMET-0001752,3.33,train,3to4,0,0.38508011944007775,0.5847682952581641,0.02640333316180391,0.001628007806589031,0.0021202443333652294,3to4
3357,3358,OADMET-0001751,4.62,train,4to5,4,0.0054902565859124485,0.05599731694156394,0.5543372744651698,0.3419890175794795,0.04218613442787431,4to5
3358,3359,OADMET-0001750,3.27,train,3to4,4,0.08420660291849988,0.6019258459904409,0.29167640019046626,0.020437648386635317,0.001753502513957659,3to4
3359,3360,OADMET-0001749,1.65,train,lt3,4,0.5188914239321698,0.4772344851499402,0.0030343614638017745,9.584193498618028e-05,0.0007438875191020209,lt3
3360,3361,OADMET-0001748,4.89,train,4to5,0,0.008887684647442565,0.07026845758937096,0.5150071233834878,0.34643607331484716,0.05940066106485157,4to5
3361,3362,OADMET-0001747,3.91,train,3to4,0,0.5752909393786009,0.3687179437394329,0.027458004674896286,0.006819838200669409,0.02171327400640051,lt3
3362,3363,OADMET-0001746,2.6,train,lt3,2,0.4923547199711529,0.4955554297853574,0.009664254246167394,0.0005276125148038627,0.001897983482518495,3to4
3363,3364,OADMET-0001745,3.87,train,3to4,0,0.23971955774125142,0.5830141144256379,0.12886450654748877,0.01728163229537251,0.03112018899024941,3to4
3364,3365,OADMET-0001744,2.14,train,lt3,2,0.6671402460589448,0.32422977716124596,0.004720881120041834,0.0006741373806019662,0.0032349582791654004,lt3
3365,3366,OADMET-0001743,4.11,train,4to5,4,0.17447322617196084,0.7424420718699939,0.07976886634701448,0.002560408554598927,0.0007554270564319025,3to4
3366,3367,OADMET-0001742,2.94,train,lt3,4,0.37499845991268654,0.570285647237677,0.03967806856016772,0.002219586280937206,0.012818238008531513,3to4
3367,3368,OADMET-0001741,2.45,train,lt3,4,0.5933524090857337,0.39553253973737235,0.00622807942046486,0.00036518527979932853,0.004521786476629682,lt3
3368,3369,OADMET-0001740,2.82,train,lt3,4,0.3003618702857247,0.6542766062978956,0.043050080332316776,0.0013074235695409162,0.0010040195145219564,3to4
3369,3370,OADMET-0001739,3.59,train,3to4,4,0.33968957574499115,0.5963891028455325,0.05928585186409154,0.0027204909745318652,0.0019149785708529768,3to4
3370,3371,OADMET-0001738,5.09,train,5to6,4,0.03816395720549473,0.4141389234719949,0.4839275301853767,0.06044953467047313,0.0033200544666605603,4to5
3371,3372,OADMET-0001737,3.99,train,3to4,2,0.05242452742642607,0.40172737749140247,0.4700812040393625,0.06679882344090983,0.00896806760189911,4to5
3372,3373,OADMET-0001736,3.05,train,3to4,0,0.41345722919215966,0.5395849352691044,0.032792985576041225,0.0034847530448264604,0.010680096917868231,3to4
3373,3374,OADMET-0001735,4.27,train,4to5,4,0.021732305217328083,0.2526682809764479,0.5751899245117263,0.13077739835325114,0.0196320909412466,4to5
3374,3375,OADMET-0001734,4.53,train,4to5,0,0.09100421551209492,0.5271916573083967,0.32979798717141995,0.037287217441828675,0.01471892256625975,3to4
3375,3376,OADMET-0001733,3.44,train,3to4,0,0.24941933712555475,0.597944988264404,0.12963781050528161,0.01498581968216195,0.008012044422597685,3to4
3376,3377,OADMET-0001732,4.38,train,4to5,2,0.10382429374983523,0.38195067146112266,0.4174666052269447,0.07707698542710599,0.019681444134991413,4to5
3377,3378,OADMET-0001731,2.75,train,lt3,4,0.6690114669991222,0.32887196213609127,0.001193880673726149,4.5089978363390074e-05,0.0008776002126970104,lt3
3378,3379,OADMET-0001730,3.26,train,3to4,4,0.34973790394871745,0.5470452642361305,0.09453249554324751,0.006271219729226914,0.0024131165426775195,3to4
3379,3380,OADMET-0001729,3.67,train,3to4,0,0.4538561245243953,0.5029198351693397,0.03541298086942473,0.003341510309552181,0.0044695491272880765,3to4
3380,3381,OADMET-0001727,2.54,train,lt3,4,0.6584097018409255,0.3359160059655656,0.0030491269995119594,0.00013657097321588305,0.0024885942207810373,lt3
3381,3382,OADMET-0001726,3.35,train,3to4,4,0.2741421542806075,0.6159966175555175,0.0973439767165177,0.006603144771699452,0.005914106675657829,3to4
3382,3383,OADMET-0001725,2.55,train,lt3,4,0.3478200613401646,0.6338047762121983,0.016673700307485533,0.00046019755109694404,0.0012412645890545586,3to4
3383,3384,OADMET-0001724,4.6,train,4to5,4,0.005804227575095199,0.10288046966324807,0.6763603529027147,0.20629587614681888,0.008659073712123207,4to5
3384,3385,OADMET-0001723,4.07,train,4to5,4,0.023075632364152575,0.14736358574354597,0.6094319718240058,0.19517357320233777,0.024955236865957953,4to5
3385,3386,OADMET-0001722,3.87,train,3to4,0,0.257159183068543,0.45773653901131967,0.1710347447929809,0.039928989109731805,0.07414054401742458,3to4
3386,3387,OADMET-0001721,3.91,train,3to4,4,0.39721076533800576,0.5306122745862412,0.06585859317181968,0.0032884067837702013,0.0030299601201631467,3to4
3387,3388,OADMET-0001720,3.44,train,3to4,2,0.23997942740128778,0.705164481458326,0.05026787070850572,0.002461891816923635,0.0021263286149568483,3to4
3388,3389,OADMET-0001719,1.67,train,lt3,2,0.8241240642748443,0.17306269000774954,0.00025649926512332324,0.00010515628973117097,0.0024515901625516783,lt3
3389,3390,OADMET-0001718,4.08,train,4to5,2,0.24133535410457035,0.6937387949092345,0.059409273659126974,0.0029976259843310944,0.002518951342737071,3to4
3390,3391,OADMET-0001717,3.36,train,3to4,0,0.8181263268868232,0.17107772953615474,0.0033824886445407787,0.0008790693892888849,0.0065343855431924435,lt3
3391,3392,OADMET-0001716,4.04,train,4to5,4,0.07702450039156435,0.6287974984614969,0.27315087296528756,0.01786670351574976,0.0031604246659013764,3to4
3392,3393,OADMET-0001715,3.41,train,3to4,0,0.28649074631534405,0.5650230214634093,0.11315913379280924,0.018764697444899763,0.01656240098353766,3to4
3393,3394,OADMET-0001714,1.72,train,lt3,0,0.09049048716420537,0.3872530330520969,0.39757444121625285,0.0898433595575756,0.03483867900986928,4to5
3394,3395,OADMET-0001713,3.49,train,3to4,0,0.3893333967874447,0.5473284120230671,0.04390478130066322,0.006068867625604507,0.01336454226322049,3to4
3395,3396,OADMET-0001712,2.66,train,lt3,4,0.47160621760641963,0.5183965812564119,0.008927923124345987,0.00031117441578321775,0.000758103597039381,3to4
3396,3397,OADMET-0001711,1.62,train,lt3,4,0.1211339970069493,0.6804706992494919,0.18585955938699797,0.010724159797785843,0.001811584558774988,3to4
3397,3398,OADMET-0001710,4.45,train,4to5,0,0.283338527093902,0.6463120727331849,0.05970269399895267,0.005624944419545718,0.005021761754414765,3to4
3398,3399,OADMET-0001709,4.56,train,4to5,4,0.0022186525340242994,0.02265676263536559,0.5642061877823481,0.37820526265734933,0.03271313439091271,4to5
3399,3400,OADMET-0001708,2.43,train,lt3,4,0.5603242915568482,0.4051152623322782,0.027526854500976618,0.0022091853121325882,0.004824406297764427,lt3
3400,3401,OADMET-0001707,2.81,train,lt3,2,0.7719500905783381,0.22088652059803449,0.0013966239500534752,0.000362308649198281,0.0054044562243756745,lt3
3401,3402,OADMET-0001695,4.44,train,4to5,4,0.12185618818186242,0.3677614341564845,0.3986243591788726,0.07505105593773657,0.03670696254504392,4to5
3402,3403,OADMET-0001694,3.67,train,3to4,3,0.08282615043830134,0.3431454515813089,0.44561545961908816,0.10383192198385487,0.024581016377446776,4to5
3403,3404,OADMET-0001693,4.52,train,4to5,1,0.10653756439830105,0.3522658904761163,0.4221010458979639,0.09043711322802551,0.028658385999593295,4to5
3404,3405,OADMET-0001692,1.89,train,lt3,1,0.8593383240743613,0.12851612277382973,0.00415353525403058,0.0012752139331411044,0.00671680396463731,lt3
3405,3406,OADMET-0001691,3.47,train,3to4,3,0.2987895775184872,0.5543005819878286,0.11553838343331216,0.014095191226830717,0.01727626583354129,3to4
3406,3407,OADMET-0001690,3.91,train,3to4,3,0.28975500900937223,0.520819888838607,0.15366603033370446,0.02204834612332872,0.013710725694987625,3to4
3407,3408,OADMET-0001689,3.28,train,3to4,3,0.3644714073733177,0.5045170394006052,0.09824784085660168,0.012351637682704322,0.020412074686771073,3to4
3408,3409,OADMET-0001688,3.48,train,3to4,1,0.25458655093257476,0.45001233210803254,0.239716100838059,0.03870069286023239,0.01698432326110129,3to4
3409,3410,OADMET-0001687,4.18,train,4to5,3,0.14758801192234622,0.5641618864600018,0.25686010251867397,0.023608635682269563,0.00778136341670846,3to4
3410,3411,OADMET-0001686,4.5,train,4to5,3,0.14134315211757664,0.5299639947456832,0.2830780855393558,0.03462446997097007,0.010990297626414213,3to4
3411,3412,OADMET-0001685,2.27,train,lt3,3,0.36159438164229973,0.4737575983536064,0.1086850099912659,0.019491832848577445,0.03647117716425044,3to4
3412,3413,OADMET-0001684,3.91,train,3to4,1,0.060951105001453024,0.2380551498036708,0.54105101907335,0.13787720814971385,0.02206551797181238,4to5
3413,3414,OADMET-0001683,4.58,train,4to5,1,0.008011876523373051,0.05041794799771399,0.5205799883917162,0.34338250404483867,0.07760768304235813,4to5
3414,3415,OADMET-0001682,4.63,train,4to5,3,0.28364587781136075,0.5012574363921468,0.13984071187140945,0.02350622121824321,0.05174975270683979,3to4
3415,3416,OADMET-0001681,4.09,train,4to5,0,0.03839462107440006,0.09140723603191837,0.3532592224605671,0.35461785068296453,0.16232106975014993,5to6
3416,3417,OADMET-0001680,4.31,train,4to5,3,0.036325012451107974,0.25159565340677764,0.5588100117846488,0.1404181014308344,0.012851220926631102,4to5
3417,3418,OADMET-0001679,5.43,train,5to6,2,0.00022036682992159545,0.0016805061873583515,0.1004373968808897,0.5642296166055654,0.333432113496265,5to6
3418,3419,OADMET-0001678,2.37,train,lt3,3,0.48338736823308626,0.46892594068318016,0.03729895777593291,0.0034330826288775412,0.006954650678923149,lt3
3419,3420,OADMET-0001677,2.97,train,lt3,0,0.4138281203434233,0.5188714461534224,0.04708967535489411,0.00573599220468447,0.01447476594357567,3to4
3420,3421,OADMET-0001676,3.94,train,3to4,3,0.08934278657567446,0.41499163622584023,0.41620420319825285,0.06772288017822205,0.011738493822010372,4to5
3421,3422,OADMET-0001675,3.46,train,3to4,1,0.29534378372743925,0.434651579385143,0.2014594953371259,0.04466226655373102,0.02388287499656086,3to4
3422,3423,OADMET-0001674,3.81,train,3to4,4,0.10081988573074341,0.6201998591423035,0.2508406341075897,0.02103179320693016,0.007107827812433243,3to4
3423,3424,OADMET-0001673,2.73,train,lt3,2,0.13313780142229362,0.5719339597216844,0.2573414928325916,0.026282441583206174,0.011304304440224256,3to4
3424,3425,OADMET-0001672,3.35,train,3to4,4,0.17578544901691048,0.64032672702688,0.16165749442624636,0.011860509193176707,0.010369820336786484,3to4
3425,3426,OADMET-0001671,3.66,train,3to4,4,0.5104684484890526,0.48466643397373865,0.004006617431896766,0.00010521176608173092,0.0007532883392302833,lt3
3426,3427,OADMET-0001670,4.5,train,4to5,2,0.041089486502951654,0.3981973545550258,0.492796810546504,0.06194267075391674,0.0059736776416018135,4to5
3427,3428,OADMET-0001669,3.72,train,3to4,4,0.0071796551222490694,0.1087904947078597,0.6468058393833995,0.22478243701910205,0.012441573767389615,4to5
3428,3429,OADMET-0001668,3.49,train,3to4,0,0.046728473069652034,0.41909512799401744,0.4550732961761331,0.06304705131231425,0.016056051447883152,4to5
3429,3430,OADMET-0001667,4.56,train,4to5,0,0.04222401431029976,0.2955688117025162,0.4884166219361766,0.1165135157046889,0.057277036346318574,4to5
3430,3431,OADMET-0001666,1.76,train,lt3,4,0.5030830031781267,0.4880378385702599,0.007810425679475344,0.000179346954199705,0.0008893856179383944,lt3
3431,3432,OADMET-0001665,2.36,train,lt3,2,0.8286409706584528,0.16800480538631876,0.00035723905904837223,0.00010820536786845174,0.002888779528311608,lt3
3432,3433,OADMET-0001664,3.43,train,3to4,4,0.2205449963421933,0.688809700557698,0.08404273633706648,0.004249547655689132,0.002353019107353156,3to4
3433,3434,OADMET-0001663,1.89,train,lt3,4,0.15122642420376675,0.7395339865462595,0.10504145439087735,0.0036175067742018827,0.0005806280848946014,3to4
3434,3435,OADMET-0001662,3.14,train,3to4,4,0.20660984996052728,0.7466590635482214,0.04515141027937733,0.0010155486610566222,0.0005641275508173775,3to4
3435,3436,OADMET-0001661,4.26,train,4to5,0,0.08985756387605198,0.5717050938978642,0.30259057576405324,0.028770847928925,0.007075918533105646,3to4
3436,3437,OADMET-0001660,3.33,train,3to4,0,0.15903030010064448,0.6669192773548662,0.15473343114914792,0.010953238940824516,0.008363752454516893,3to4
3437,3438,OADMET-0001659,1.7,train,lt3,0,0.7764677073616012,0.208451396261614,0.005017240783045142,0.0010287587789871645,0.009034896814752471,lt3
3438,3439,OADMET-0001658,2.2,train,lt3,0,0.8171015023098822,0.17685050285935874,0.001351101246790467,0.00042672264464983014,0.004270170939318795,lt3
3439,3440,OADMET-0001657,1.66,train,lt3,4,0.381552677438969,0.5987403097949979,0.017597773177100106,0.0006947135210661428,0.0014145260678668824,3to4
3440,3441,OADMET-0001656,2.5,train,lt3,4,0.5266596212684482,0.46267832501087625,0.009167313808664474,0.0003160747954369667,0.0011786651165741101,lt3
3441,3442,OADMET-0001655,4.11,train,4to5,2,0.14429926000327428,0.6396628892277302,0.19362203116213292,0.016137215068854294,0.006278604538008392,3to4
3442,3443,OADMET-0001654,3.66,train,3to4,0,0.12334394253928307,0.6590578448646588,0.19718603468429707,0.014183658875325666,0.006228519036435445,3to4
3443,3444,OADMET-0001653,1.88,train,lt3,0,0.07159108993575101,0.5180276924411351,0.3522458465849158,0.04331430166140105,0.01482106937679707,3to4
3444,3445,OADMET-0001652,3.09,train,3to4,4,0.1022473267813333,0.6275432518944402,0.2449477325625171,0.01886591438261234,0.006395774379097117,3to4
3445,3446,OADMET-0001651,4.37,train,4to5,4,0.016009861931406858,0.09537296192553375,0.5278219688796283,0.30268559480000573,0.05810961246342536,4to5
3446,3447,OADMET-0001650,2.86,train,lt3,4,0.19838315242059962,0.6779296482798629,0.11750407375597398,0.005027963866232826,0.001155161677330643,3to4
3447,3448,OADMET-0001649,3.95,train,3to4,0,0.2510910692195532,0.6539295477132621,0.0751302186315421,0.007582723815871571,0.012266440619771068,3to4
3448,3449,OADMET-0001648,2.64,train,lt3,4,0.32548354570875526,0.6347317405959076,0.036875574098058854,0.0012971633686115918,0.0016119762286666453,3to4
3449,3450,OADMET-0001647,3.33,train,3to4,4,0.30628934630966004,0.6499769714892808,0.04039577039124534,0.0015091919403442775,0.0018287198694695154,3to4
3450,3451,OADMET-0001646,4.22,train,4to5,4,0.0015154545378693468,0.015905861889002212,0.44028977366596644,0.47883684059758436,0.06345206930957766,5to6
3451,3452,OADMET-0001645,4.45,train,4to5,4,0.08929060718403792,0.6742121851505949,0.2241019946660593,0.011295923424031516,0.0010992895752763461,3to4
3452,3453,OADMET-0001644,2.51,train,lt3,4,0.4417342328886671,0.5448522074457791,0.011471219577167365,0.00035231176962546385,0.001590028318760985,3to4
3453,3454,OADMET-0001643,4.1,train,4to5,0,0.19224703061258566,0.45070117124373427,0.28349133956350503,0.05494410845523931,0.01861635012493571,3to4
3454,3455,OADMET-0001642,4.24,train,4to5,4,0.04609654880403081,0.5320616572780305,0.38537886910522684,0.03373500458918129,0.0027279202235306076,3to4
3455,3456,OADMET-0001641,3.27,train,3to4,0,0.19861239704633407,0.6740263963831598,0.11071285804008928,0.007667105266492275,0.008981243263924594,3to4
3456,3457,OADMET-0001640,2.23,train,lt3,4,0.15468828297270684,0.7224692067557965,0.11591914979132348,0.005466646951219793,0.0014567135289533968,3to4
3457,3458,OADMET-0001639,2.58,train,lt3,0,0.02880758749235291,0.14193391588428741,0.5346262971367494,0.20983010217800585,0.08480209730860445,4to5
3458,3459,OADMET-0001638,2.28,train,lt3,4,0.3908274378033294,0.5863714077518659,0.02016890373141573,0.0006527672365226258,0.0019794834768663166,3to4
3459,3460,OADMET-0001637,3.62,train,3to4,2,0.44911004733574983,0.5259835909883158,0.018627916203655073,0.0016134370234987556,0.0046650084487805865,3to4
3460,3461,OADMET-0001636,3.15,train,3to4,4,0.3419609199603158,0.6342703344733605,0.021808258154137544,0.0006835608769721405,0.0012769265352140706,3to4
3461,3462,OADMET-0001635,3.63,train,3to4,4,0.17956849924308785,0.6775062677089562,0.13127237552252022,0.006576224227167562,0.005076633298268247,3to4
3462,3463,OADMET-0001634,4.83,train,4to5,4,0.4702863704734498,0.4999941599671586,0.025453047889111798,0.00151893881055267,0.002747482859727128,3to4
3463,3464,OADMET-0001633,4.18,train,4to5,4,0.009061862680830573,0.10604971607755975,0.6394252157232716,0.23443928273603587,0.01102392278230219,4to5
3464,3465,OADMET-0001632,2.45,train,lt3,4,0.2962818555183522,0.6841394562480324,0.01877516764965597,0.0003808733451904369,0.0004226472387689932,3to4
3465,3466,OADMET-0001631,4.35,train,4to5,0,0.11192963069336563,0.5480448272995009,0.28538106273842534,0.03523014656451309,0.0194143327041951,3to4
3466,3467,OADMET-0001630,5.82,train,5to6,4,0.000719015785737899,0.004766418187032194,0.14989704063802042,0.5586968723769469,0.2859206530122626,5to6
3467,3468,OADMET-0001629,3.27,train,3to4,4,0.2051361178363186,0.655872623093166,0.12191490821956567,0.008606499581991204,0.00846985126895861,3to4
3468,3469,OADMET-0001628,3.48,train,3to4,4,0.2353264195310683,0.6665764739697856,0.09162036726283569,0.004070219760076346,0.0024065194762341265,3to4
3469,3470,OADMET-0001627,4.67,train,4to5,4,0.0072007109645777275,0.03820092616016347,0.5028818266094536,0.38151931887056456,0.07019721739524068,4to5
3470,3471,OADMET-0001626,2.86,train,lt3,2,0.648796415593928,0.3443490756040566,0.002578785786181784,0.0003213001360721147,0.003954422879761517,lt3
3471,3472,OADMET-0001625,2.97,train,lt3,4,0.36927570231199974,0.6106295310882486,0.01850777594916809,0.0005504076005038179,0.0010365830500797194,3to4
3472,3473,OADMET-0001624,4.33,train,4to5,3,0.025067703728374923,0.2799324981497624,0.5893111808524155,0.09672009172834431,0.008968525541102909,4to5
3473,3474,OADMET-0001623,4.87,train,4to5,4,0.03098172421618204,0.06301291855947343,0.3876997124115085,0.3264597861154065,0.1918458586974295,4to5
3474,3475,OADMET-0001622,4.2,train,4to5,4,0.018677848494920865,0.28651742734740204,0.5962667199576924,0.09476924467717303,0.003768759522811688,4to5
3475,3476,OADMET-0001621,4.65,train,4to5,4,0.04071734714810878,0.38718764729986543,0.4987103480794402,0.06824064035499273,0.0051440171175928875,4to5
3476,3477,OADMET-0001620,3.85,train,3to4,0,0.3273635618675712,0.5552797002046725,0.09528117085606659,0.012761375141847987,0.009314191929841686,3to4
3477,3478,OADMET-0001619,5.05,train,5to6,4,0.03002899175364007,0.1516407353909689,0.5655595971828157,0.2028381722483213,0.04993250342425407,4to5
3478,3479,OADMET-0001618,4.88,train,4to5,0,0.005831746199839403,0.10280478420167913,0.66499982158654,0.20313454521207647,0.023229102799864957,4to5
3479,3480,OADMET-0001617,3.92,train,3to4,0,0.27635898671375614,0.594028700254323,0.10616849165095964,0.013459869409727503,0.009983951971233786,3to4
3480,3481,OADMET-0001616,4.34,train,4to5,0,0.2510691473258194,0.5677066196853191,0.14850068932442703,0.02007997693143886,0.01264356673299555,3to4
3481,3482,OADMET-0001615,2.79,train,lt3,4,0.17981252743786774,0.7059362804602107,0.10662512739688974,0.0047468349965336595,0.0028792297084981057,3to4
3482,3483,OADMET-0001614,3.88,train,3to4,4,0.005940528652897425,0.07210771820069535,0.616364843581224,0.28441810925772165,0.021168800307461624,4to5
3483,3484,OADMET-0001613,4.08,train,4to5,2,0.1624625383431536,0.3947817164595211,0.33474973953796144,0.06710649651811477,0.04089950914124907,3to4
3484,3485,OADMET-0001612,3.53,train,3to4,4,0.21986512699017977,0.7103556349094072,0.06698118107347226,0.002101997598585455,0.000696059428355276,3to4
3485,3486,OADMET-0001611,4.25,train,4to5,2,0.2760292227373174,0.6524665799814607,0.06135556331473488,0.004450824008071236,0.005697809958415806,3to4
3486,3487,OADMET-0001610,5.01,train,5to6,2,0.0024141504002965644,0.026960331990551745,0.5032728322602132,0.42800346086640473,0.039349224482533654,4to5
3487,3488,OADMET-0001609,4.31,train,4to5,0,0.00916411129613489,0.1405809759472265,0.6622712328429551,0.16750175533343037,0.020481924580253167,4to5
3488,3489,OADMET-0001608,3.98,train,3to4,0,0.21780030074389162,0.6389061108409828,0.12366478688629924,0.011937627374279797,0.007691174154546533,3to4
3489,3490,OADMET-0001607,2.28,train,lt3,4,0.57202832746142,0.42513918025837255,0.0022396840638229986,5.730019141916872e-05,0.0005355080249652759,lt3
3490,3491,OADMET-0001606,3.99,train,3to4,3,0.23756430973458678,0.6848397997382973,0.06953826090093014,0.003502266251566102,0.0045553633746196346,3to4
3491,3492,OADMET-0001605,4.21,train,4to5,0,0.16017220854695063,0.5840980388816519,0.19668491111440617,0.022831860844672244,0.036212980612319035,3to4
3492,3493,OADMET-0001604,2.68,train,lt3,0,0.3042631998022914,0.6254613306304614,0.05654914220349279,0.005485709674869333,0.008240617688885067,3to4
3493,3494,OADMET-0001602,1.77,train,lt3,4,0.6628378364962054,0.33496852371432595,0.0013979321253045824,4.033867137754738e-05,0.0007553689927865314,lt3
3494,3495,OADMET-0001601,3.52,train,3to4,2,0.11930782626296514,0.6123779772595734,0.241312255957057,0.02094883389784859,0.0060531066225557794,3to4
3495,3496,OADMET-0001600,1.96,train,lt3,4,0.2933615920678646,0.6583049097498458,0.044523070452086096,0.0021052687764661336,0.0017051589537373719,3to4
3496,3497,OADMET-0001599,4.29,train,4to5,0,0.0911802071284357,0.5554806698719915,0.31126538527810305,0.031322304771997406,0.010751432949472305,3to4
3497,3498,OADMET-0001598,3.71,train,3to4,4,0.1827821247082141,0.7338221518843553,0.07839564818450784,0.0033347759643894887,0.0016652992585333216,3to4
3498,3499,OADMET-0001597,4.5,train,4to5,4,0.01059854047389253,0.13381611022620823,0.6511677010635388,0.19512860785907724,0.009289040377283177,4to5
3499,3500,OADMET-0001596,2.23,train,lt3,4,0.6296195464527636,0.3655219122584362,0.0030429258847569723,0.00012303613916419634,0.0016925792648790061,lt3
3500,3501,OADMET-0001595,1.8,train,lt3,4,0.6495908296048942,0.3462461423110675,0.0024472420737131234,9.575800933303178e-05,0.0016200280009921692,lt3
3501,3502,OADMET-0001594,1.7,train,lt3,4,0.6111583180816456,0.381643180271794,0.00404770304239378,0.00019495999945785732,0.0029558386047088157,lt3
3502,3503,OADMET-0001593,4.84,train,4to5,4,0.16102581146054223,0.6743688163182948,0.1549135337933702,0.00760568837910823,0.002086150048684516,3to4
3503,3504,OADMET-0001592,2.44,train,lt3,4,0.701077429061059,0.2919230873331145,0.0047582902012841665,0.00026708399990343305,0.0019741094046389638,lt3
3504,3505,OADMET-0001591,3.5,train,3to4,2,0.19167383925557677,0.6056784679085033,0.17865381493358368,0.016376099395734322,0.007617778506601885,3to4
3505,3506,OADMET-0001590,2.88,train,lt3,4,0.4708485743587812,0.5234884179601911,0.005103246460877497,0.00010941534454429653,0.00045034587560597005,3to4
3506,3507,OADMET-0001589,3.04,train,3to4,1,0.16405922014022079,0.6254698572983654,0.19489928889419647,0.012665767098785793,0.0029058665684316316,3to4
3507,3508,OADMET-0001588,4.34,train,4to5,0,0.01161762835978446,0.06299084900172515,0.531338192111294,0.31920822087342093,0.07484510965377554,4to5
3508,3509,OADMET-0001587,5.09,train,5to6,4,0.0012019144759010327,0.018279600323941117,0.4841076777439662,0.4555697466593172,0.04084106079687447,4to5
3509,3510,OADMET-0001586,2.57,train,lt3,4,0.6002805950992001,0.390085734900781,0.00610579609235998,0.00039134984466835716,0.0031365240629906126,lt3
3510,3511,OADMET-0001585,2.25,train,lt3,4,0.7514668873705428,0.23785072011482258,0.0025532688290836486,0.00017051791940322632,0.00795860576614774,lt3
3511,3512,OADMET-0001584,5.28,train,5to6,4,0.002763233985663805,0.018328252243164634,0.3605115893834771,0.5156834982110464,0.102713426176648,5to6
3512,3513,OADMET-0001583,5.28,train,5to6,2,0.09042830310470576,0.3003263024449159,0.4699105384059538,0.11746116136861712,0.021873694675807364,4to5
3513,3514,OADMET-0001582,3.01,train,3to4,4,0.18022996690766793,0.480215026444244,0.2773469763998029,0.03568390856545163,0.026524121682833555,3to4
3514,3515,OADMET-0001581,5.01,train,5to6,4,0.0050072883487592215,0.04171568469541588,0.55927591734646,0.35926693176012114,0.0347341778492437,4to5
3515,3516,OADMET-0001580,5.26,train,5to6,0,0.0009288413602761209,0.02082682781593161,0.5475745222465771,0.39291241918254716,0.037757389394667995,4to5
3516,3517,OADMET-0001579,2.77,train,lt3,4,0.40056539743434344,0.5909284084963055,0.007176869688674438,0.00018411222009410082,0.0011452121605825677,3to4
3517,3518,OADMET-0001578,3.58,train,3to4,4,0.020447343168927774,0.215734194269262,0.6118988269364701,0.1428433776436799,0.009076257981660146,4to5
3518,3519,OADMET-0001577,3.83,train,3to4,2,0.49900064604582944,0.4537107469118582,0.03369941954390639,0.004108212923469065,0.00948097457493689,lt3
3519,3520,OADMET-0001576,2.7,train,lt3,4,0.22945559526577472,0.7009108360697272,0.06560612932379965,0.002455648161867887,0.0015717911788305807,3to4
3520,3521,OADMET-0001575,2.48,train,lt3,4,0.7114629222131761,0.2853124229840716,0.0017367211289947546,8.571797758771024e-05,0.0014022156961698733,lt3
3521,3522,OADMET-0001574,4.01,train,4to5,0,0.11056800207228959,0.4237718292023462,0.36812740632915386,0.07171294851547656,0.0258198138807338,3to4
3522,3523,OADMET-0001573,2.61,train,lt3,0,0.5724491162527995,0.4141881073585799,0.008059354895385616,0.0009699126134845521,0.004333508879750443,lt3
3523,3524,OADMET-0001572,2.37,train,lt3,2,0.707486457245792,0.28976092550789284,0.001144540410379302,0.000170060056902303,0.0014380167790335773,lt3
3524,3525,OADMET-0001571,4.35,train,4to5,0,0.27493832907995547,0.5908808367004508,0.11152367394932752,0.012403257406314873,0.010253902863951421,3to4
3525,3526,OADMET-0001570,4.63,train,4to5,2,0.020617403301320333,0.19344185233488745,0.6140600547109127,0.1550008828471639,0.016879806805715537,4to5
3526,3527,OADMET-0001569,4.28,train,4to5,4,0.14879448310002683,0.6110251976924662,0.21231492780416003,0.021656682129908556,0.006208709273438371,3to4
3527,3528,OADMET-0001568,2.55,train,lt3,2,0.8213449457385793,0.1766216401155685,0.0003791556108306549,0.00011263846326246119,0.0015416200717590527,lt3
3528,3529,OADMET-0001567,1.85,train,lt3,4,0.6918014159140888,0.3064279201196838,0.001130869474626561,3.9325727989238384e-05,0.0006004687636115737,lt3
3529,3530,OADMET-0001566,4.66,train,4to5,0,0.08707956257119612,0.40642991813432394,0.39424255637169836,0.08358418227577277,0.028663780647008794,3to4
3530,3531,OADMET-0001565,3.07,train,3to4,4,0.13160193058384068,0.5759842436014505,0.2713408787129974,0.018634066115837074,0.002438880985874317,3to4
3531,3532,OADMET-0001564,2.92,train,lt3,4,0.5264780927746359,0.4593135847060994,0.012122967774972957,0.0005747072075177123,0.0015106475367740015,lt3
3532,3533,OADMET-0001563,3.97,train,3to4,1,0.2988677779739826,0.5369785177997072,0.1469990840647796,0.012413446213423917,0.004741173948106638,3to4
3533,3534,OADMET-0001562,4.52,train,4to5,4,0.041972089343847246,0.5505726905277466,0.3712046723425149,0.033851090645249,0.002399457140642205,3to4
3534,3535,OADMET-0001561,3.95,train,3to4,0,0.16561905916318997,0.5298591216664081,0.22334752810487501,0.03555136147475718,0.045622929590769634,3to4
3535,3536,OADMET-0001558,3.69,train,3to4,0,0.23857866181769688,0.6215137619510243,0.11745862628781303,0.011473966525688604,0.010974983417777272,3to4
3536,3537,OADMET-0001557,4.81,train,4to5,4,0.014914366945829963,0.16894790509808913,0.638932528591228,0.16449919362373408,0.012706005741118872,4to5
3537,3538,OADMET-0001556,3.58,train,3to4,4,0.08814703376562186,0.6216503768627347,0.2698709575933513,0.018498144421497855,0.0018334873567943176,3to4
3538,3539,OADMET-0001555,3.25,train,3to4,4,0.250104303760961,0.7136602277111921,0.03379127324224787,0.001184276866535478,0.0012599184190635845,3to4
3539,3540,OADMET-0001554,2.02,train,lt3,0,0.5771945183443762,0.40976460975084844,0.009365107933082574,0.0010192832203753028,0.002656480751317428,lt3
3540,3541,OADMET-0001553,2.96,train,lt3,4,0.4255215487483471,0.5457530568792734,0.021818807153025626,0.0012645140409740176,0.005642073178379839,3to4
3541,3542,OADMET-0001552,4.64,train,4to5,2,0.006223340512976665,0.03696249049439795,0.474860697542447,0.41663211545289297,0.06532135599728547,4to5
3542,3543,OADMET-0001551,4.07,train,4to5,1,0.13029118525370287,0.48268779514585913,0.33322934961054057,0.04355190909304766,0.010239760896849751,3to4
3543,3544,OADMET-0001550,5.04,train,5to6,3,0.07464153569852494,0.38282845707780166,0.45940811982256574,0.07268399243859922,0.010437894962508435,4to5
3544,3545,OADMET-0001549,2.58,train,lt3,3,0.20623832182361398,0.5281356378818325,0.2352582427741023,0.024531531176534033,0.005836266343917213,3to4
3545,3546,OADMET-0001548,4.7,train,4to5,2,0.07981643944705187,0.18048003584861808,0.40336782341253496,0.23942178844543976,0.09691391284635534,4to5
3546,3547,OADMET-0001547,3.25,train,3to4,3,0.1988635972904237,0.3905500507730957,0.27698881556913746,0.0591687222382538,0.07442881412908936,3to4
3547,3548,OADMET-0001545,1.69,train,lt3,3,0.6577337919014153,0.29803666194866724,0.020473032999103583,0.004672108174561446,0.01908440497625242,lt3
3548,3549,OADMET-0001544,2.68,train,lt3,4,0.5574252537949679,0.35298889448041504,0.046757380843306,0.009434294772664241,0.03339417610864687,lt3
3549,3550,OADMET-0001543,4.2,train,4to5,1,0.06107195842149598,0.2775991431638072,0.5310156671768371,0.11139123081399242,0.018922000423867283,4to5
3550,3551,OADMET-0001542,1.68,train,lt3,2,0.6707424613586174,0.31487000421093086,0.0069499831670078,0.0011576714618836102,0.006279879801560404,lt3
3551,3552,OADMET-0001540,3.37,train,3to4,3,0.4715643175017105,0.47722875580639607,0.0379630831311761,0.004119646019023077,0.009124197541694214,3to4
3552,3553,OADMET-0001539,3.34,train,3to4,3,0.35144173968046255,0.4738706928719927,0.1394362742474814,0.019207473772736364,0.016043819427326994,3to4
3553,3554,OADMET-0001538,4.12,train,4to5,3,0.2781082580978546,0.511051634825609,0.154540309225495,0.02074468613483308,0.035555111716208336,3to4
3554,3555,OADMET-0001537,3.49,train,3to4,1,0.23420883653748667,0.4734666338302796,0.2545243358903974,0.03065227904145073,0.007147914700385567,3to4
3555,3556,OADMET-0001536,4.82,train,4to5,1,0.0059367820250737615,0.073331357892553,0.6315665999914503,0.2606732910854545,0.028491969005468454,4to5
3556,3557,OADMET-0001535,4.87,train,4to5,0,0.017812067742340645,0.12638463150552268,0.5635093482034803,0.2606428876182598,0.031651064930396516,4to5
3557,3558,OADMET-0001533,5.2,train,5to6,1,0.1363054799260061,0.4922823264051012,0.31999057233342365,0.03929400407435368,0.012127617261115302,3to4
3558,3559,OADMET-0001532,4.67,train,4to5,3,0.07050809316715667,0.35840708284383327,0.4700520967696018,0.08509254518965292,0.01594018202975528,4to5
3559,3560,OADMET-0001531,3.29,train,3to4,0,0.35968764778953866,0.4888377969889483,0.09674172623218674,0.015036780968383397,0.039696048020942884,3to4
3560,3561,OADMET-0001530,3.87,train,3to4,3,0.6244963013477396,0.3534711376319923,0.012470849002804589,0.0017418131530211856,0.007819898864442345,lt3
3561,3562,OADMET-0001529,5.1,train,5to6,4,0.006353894949143843,0.027629326025449007,0.38965635076482064,0.44491688781254124,0.1314435404480453,5to6
3562,3563,OADMET-0001528,4.56,train,4to5,3,0.2893282473087311,0.5063862204551697,0.1602901965379715,0.02126884274184704,0.02272649295628071,3to4
3563,3564,OADMET-0001527,3.79,train,3to4,0,0.07873318414813565,0.38734087009415025,0.42977615488748416,0.0853903443963158,0.01875944647391413,4to5
3564,3565,OADMET-0001526,3.53,train,3to4,3,0.0027644663654031072,0.021084179358368947,0.2807281166329073,0.539445786502594,0.15597745114072664,5to6
3565,3566,OADMET-0001525,4.91,train,4to5,3,0.0017638245237691494,0.03448278668079523,0.6001254635338629,0.34782384198331456,0.01580408327825816,4to5
3566,3567,OADMET-0001524,3.01,train,3to4,1,0.42745228905703414,0.5531127748404121,0.017149436272633174,0.0012514070345083983,0.0010340927954121252,3to4
3567,3568,OADMET-0001522,4.53,train,4to5,0,0.0030338923504447863,0.031137601556085102,0.49937217075193857,0.41121773272065504,0.05523860262087648,4to5
3568,3569,OADMET-0001520,4.55,train,4to5,4,0.07865625268267455,0.24366249544937185,0.46872929623443055,0.144601189586467,0.06435076604705604,4to5
3569,3570,OADMET-0001519,3.81,train,3to4,4,0.12349447432946604,0.41225182918818076,0.37768888639741494,0.06342697416044964,0.02313783592448861,3to4
3570,3571,OADMET-0001518,3.66,train,3to4,3,0.4778223446863345,0.2900467401538388,0.05385356930843563,0.02274932809595784,0.15552801775543323,lt3
3571,3572,OADMET-0001517,3.1,train,3to4,1,0.14674503698108848,0.6083098482851493,0.21889051193625655,0.019102578457886293,0.006952024339619355,3to4
3572,3573,OADMET-0001516,4.79,train,4to5,0,0.0037492402247082464,0.02495037228754137,0.2895594564225474,0.47559744562578804,0.20614348543941496,5to6
3573,3574,OADMET-0001514,4.53,train,4to5,3,0.05627875544478629,0.22151440964393873,0.4955263530806084,0.18363218747096485,0.04304829435970173,4to5
3574,3575,OADMET-0001513,4.98,train,4to5,3,0.028970827443436112,0.24197716312362622,0.5614615516687668,0.15269383347266463,0.014896624291506268,4to5
3575,3576,OADMET-0001512,1.82,train,lt3,1,0.6297300182307969,0.3235761679633708,0.020191405947323816,0.0057537208586699515,0.02074868699983853,lt3
3576,3577,OADMET-0001511,3.62,train,3to4,3,0.0836170109357445,0.4615089987900089,0.394993104683094,0.04678602239982457,0.013094863191328002,3to4
3577,3578,OADMET-0001510,1.67,train,lt3,1,0.7572317105782411,0.21933735856009332,0.012266620033731171,0.003531784742298106,0.007632526085636285,lt3
3578,3579,OADMET-0001509,2.86,train,lt3,3,0.5328647236256249,0.4152624704002883,0.03807052413032646,0.003938467982411073,0.009863813861349298,lt3
3579,3580,OADMET-0001508,4.58,train,4to5,3,0.017696886051330196,0.12153791343934511,0.5461080277751397,0.2836129473005588,0.031044225433626227,4to5
3580,3581,OADMET-0001507,4.61,train,4to5,3,0.31471111725676376,0.499732603324468,0.13199206916259087,0.01868651210227677,0.03487769815390058,3to4
3581,3582,OADMET-0001506,4.47,train,4to5,1,0.16562526082271023,0.542705540943011,0.2629864538366576,0.024176614584183458,0.004506129813437627,3to4
3582,3583,OADMET-0001505,3.86,train,3to4,3,0.030690247369255318,0.2206078795568413,0.6054712797302702,0.1290124434868487,0.014218149856784528,4to5
3583,3584,OADMET-0001504,5.16,train,5to6,3,0.023161366452492588,0.20074050016287434,0.5941930380043031,0.16576062050223003,0.016144474878099887,4to5
3584,3585,OADMET-0001503,3.52,train,3to4,2,0.62922753434495,0.34541116005169836,0.009928973633232002,0.001850671994824713,0.01358165997529483,lt3
3585,3586,OADMET-0001502,4.57,train,4to5,3,0.02823445596682255,0.19176857556248858,0.5484797041809729,0.20686388311389764,0.024653381175818265,4to5
3586,3587,OADMET-0001501,3.91,train,3to4,3,0.34157491748258223,0.45970509826258116,0.12161449705405525,0.02252220057017209,0.05458328663060923,3to4
3587,3588,OADMET-0001500,4.41,train,4to5,2,0.005407381410158268,0.01927414376239766,0.22518132931099205,0.5016515918764733,0.24848555363997865,5to6
3588,3589,OADMET-0001499,3.88,train,3to4,1,0.11562569242886371,0.5839633842396255,0.27886837246888524,0.019009964217495314,0.002532586645130342,3to4
3589,3590,OADMET-0001498,5.51,train,5to6,4,0.0016440798800171105,0.004280260187282923,0.11808377197796,0.45676283842673143,0.41922904952800855,5to6
3590,3591,OADMET-0001497,4.95,train,4to5,2,0.01969808172153385,0.07286756553563815,0.3977542258589922,0.3875809049939821,0.12209922188985368,4to5
3591,3592,OADMET-0001496,1.85,train,lt3,1,0.7817263811647567,0.17733636833323976,0.014848811217391528,0.005170913479650337,0.02091752580496166,lt3
3592,3593,OADMET-0001495,5.09,train,5to6,4,0.0032984306667175442,0.010643673010427434,0.20792960888226023,0.5144247355190136,0.2637035519215813,5to6
3593,3594,OADMET-0001494,2.26,train,lt3,4,0.41804519607160384,0.44467351171876124,0.10928972891934013,0.012631952856719142,0.015359610433575588,3to4
3594,3595,OADMET-0001493,2.33,train,lt3,2,0.7542881734256012,0.22205828939187816,0.0023447397842725117,0.0009385474553206872,0.02037024994292752,lt3
3595,3596,OADMET-0001492,4.19,train,4to5,4,0.09035796773088688,0.18883583160678855,0.46006432689798243,0.19877404196680384,0.06196783179753831,4to5
3596,3597,OADMET-0001491,5.18,train,5to6,1,0.006661122065769393,0.027055829221661828,0.23488468951543717,0.47148086676668505,0.2599174924304466,5to6
3597,3598,OADMET-0001490,5.3,train,5to6,4,0.09111366712061578,0.36256001573339025,0.47182390723137274,0.06947105031767749,0.005031359596943726,4to5
3598,3599,OADMET-0001489,4.09,train,4to5,2,0.07969917502617557,0.1993315442649511,0.46430792633160123,0.19896123546673755,0.05770011891053456,4to5
3599,3600,OADMET-0001488,5.22,train,5to6,3,0.0003027204236478212,0.001923936638297158,0.09608403361105936,0.5484982425680436,0.3531910667589521,5to6
3600,3601,OADMET-0001487,3.76,train,3to4,4,0.0002144204628848157,0.0001385100041379921,0.006544995126515202,0.16643399012519708,0.8266680842812649,gte6
3601,3602,OADMET-0001486,5.08,train,5to6,3,0.0954505659300876,0.31422063942417977,0.3774666814317307,0.1349004368104073,0.07796167640359458,4to5
3602,3603,OADMET-0001485,5.78,train,5to6,1,0.0038033318192248126,0.01911107611180227,0.19032396119116113,0.48010998315960657,0.30665164771820524,5to6
3603,3604,OADMET-0001484,2.44,train,lt3,3,0.25563787195571,0.5353830229661835,0.1699734000284519,0.021285576350179174,0.017720128699475455,3to4
3604,3605,OADMET-0001482,5.67,train,5to6,3,0.005338314796371506,0.006241909082934515,0.019608480399277053,0.16056178136352028,0.8082495143578966,gte6
3605,3606,OADMET-0001481,4.41,train,4to5,4,0.013154470790556146,0.08449933208290172,0.5257483892153889,0.3426951579696783,0.0339026499414749,4to5
3606,3607,OADMET-0001480,4.83,train,4to5,2,0.04592278428663372,0.1185633197962001,0.40889973905311006,0.3242673157055931,0.10234684115846301,4to5
3607,3608,OADMET-0001479,4.61,train,4to5,0,0.011697782399654466,0.06460169066007289,0.45128328364631076,0.36921013020517524,0.10320711308878663,4to5
3608,3609,OADMET-0001478,5.04,train,5to6,4,0.0006447354888391405,0.00520992854616433,0.263612696073124,0.5991392924522532,0.1313933474396193,5to6
3609,3610,OADMET-0001477,5.33,train,5to6,0,0.00033770257318353,0.0020114379109016974,0.10864921716149137,0.5580721526771373,0.33092948967728614,5to6
3610,3611,OADMET-0001476,4.38,train,4to5,4,0.0006949300570327997,0.008510022979019125,0.3705198600891108,0.5485577936689414,0.07171739320589586,5to6
3611,3612,OADMET-0001474,2.86,train,lt3,4,0.08564133431665097,0.34682754595115506,0.4135561934974078,0.0919813607942247,0.06199356544056145,4to5
3612,3613,OADMET-0001473,2.52,train,lt3,4,0.10263960359239824,0.4929928861831635,0.34544338263958785,0.04622579163628425,0.012698335948566172,3to4
3613,3614,OADMET-0001472,3.57,train,3to4,4,0.014608621706132752,0.05272685030644275,0.4532567296419794,0.3837133376577,0.09569446068774506,4to5
3614,3615,OADMET-0001471,1.73,train,lt3,4,0.7964857513491482,0.19628206638337162,0.003691215858907953,0.0002545179935140321,0.003286448415058126,lt3
3615,3616,OADMET-0001470,6.43,train,gte6,4,0.00026524740341397494,0.0008026149629245063,0.07581563526636731,0.5205235129497131,0.4025929894175811,5to6
3616,3617,OADMET-0001469,4.34,train,4to5,3,0.0825733973327639,0.3883736355641425,0.452521494121336,0.06537093094290276,0.011160542038854786,4to5
3617,3618,OADMET-0001468,4.01,train,4to5,4,0.008093957310204803,0.031841250053117984,0.42218538497679226,0.4296005608290747,0.10827884683081024,5to6
3618,3619,OADMET-0001467,3.87,train,3to4,4,0.022109772351092925,0.057687366524715226,0.4269981257021986,0.37126003589451206,0.12194469952748122,4to5
3619,3620,OADMET-0001466,3.16,train,3to4,4,0.18886695204165171,0.5209474398640795,0.22829622797475033,0.034315514222972576,0.027573865896545872,3to4
3620,3621,OADMET-0001465,4.41,train,4to5,4,0.07333609571063661,0.13051365510394655,0.3812436518258401,0.22490053213984568,0.19000606521973112,4to5
3621,3622,OADMET-0001464,4.45,train,4to5,3,0.04546975835395464,0.20987643618827112,0.5549953269774843,0.161188295417188,0.02847018306310197,4to5
3622,3623,OADMET-0001463,3.21,train,3to4,0,0.19633135428200224,0.4979654688469638,0.24428399555636157,0.036671805611951026,0.024747375702721362,3to4
3623,3624,OADMET-0001462,5.16,train,5to6,0,0.003483862059581061,0.04907158589631495,0.587188327395813,0.3215175402037728,0.038738684444518244,4to5
3624,3625,OADMET-0001461,5.18,train,5to6,0,0.009859121152735283,0.07121909155530182,0.5510695956453217,0.31427573343404036,0.05357645821260094,4to5
3625,3626,OADMET-0001460,2.48,train,lt3,0,0.23768572317053102,0.4897977363088839,0.20120465821441819,0.037530259366799414,0.033781622939367456,3to4
3626,3627,OADMET-0001459,3.69,train,3to4,0,0.1455328250438202,0.58714196441433,0.2276168065838453,0.025879950037004797,0.01382845392099974,3to4
3627,3628,OADMET-0001458,3.0,train,lt3,0,0.20922186152327976,0.641210113716475,0.12776098645668343,0.011512520272726331,0.010294518030835541,3to4
3628,3629,OADMET-0001457,2.9,train,lt3,0,0.03171682878352796,0.20267412122037895,0.5790075845973786,0.1550383905107922,0.03156307488792232,4to5
3629,3630,OADMET-0001456,3.16,train,3to4,0,0.18646908049524494,0.6063245613952576,0.17492275168087196,0.020379161727901794,0.011904444700723724,3to4
3630,3631,OADMET-0001454,2.3,train,lt3,3,0.25590643668035323,0.5220151025357113,0.1702941532476865,0.02327619155162858,0.028508115984620393,3to4
3631,3632,OADMET-0001453,5.52,train,5to6,1,7.730727400898051e-05,0.0006934521263248995,0.05377805522304026,0.47352840763636833,0.47192277774025754,5to6
3632,3633,OADMET-0001452,5.06,train,5to6,1,0.007929712533950806,0.08053827285766602,0.6265630722045898,0.25076302886009216,0.03420591354370117,4to5
3633,3634,OADMET-0001451,5.04,train,5to6,0,0.03459266547417145,0.21169614634144196,0.5450116951390229,0.1642079192086464,0.0444915738367172,4to5
3634,3635,OADMET-0001450,3.66,train,3to4,0,0.015215910517695233,0.12033876418057787,0.5860301677575658,0.22415470408932256,0.05426045345483859,4to5
3635,3636,OADMET-0001449,5.2,train,5to6,2,0.12483003550544117,0.28535715599677297,0.4059783513860143,0.1177759455311339,0.06605851158063772,4to5
3636,3637,OADMET-0001448,4.54,train,4to5,0,0.30360159277915955,0.42598381638526917,0.16471798717975616,0.037551574409008026,0.0681450292468071,3to4
3637,3638,OADMET-0001447,4.65,train,4to5,0,0.07966773660228638,0.1255115074846332,0.26961119958716634,0.26793517664316385,0.25727437968275024,4to5
3638,3639,OADMET-0001446,2.51,train,lt3,0,0.5456378968095311,0.38670933867891677,0.034237361907713294,0.005498208617624698,0.027917193986214138,lt3
3639,3640,OADMET-0001445,4.36,train,4to5,2,0.033853441981277495,0.1746715929310261,0.5470011911839424,0.20018016100198271,0.04429361290177126,4to5
3640,3641,OADMET-0001444,4.56,train,4to5,3,0.046616386882679835,0.27269974503312117,0.5354343086598495,0.12199006297806313,0.023259496446286308,4to5
3641,3642,OADMET-0001442,3.69,train,3to4,3,0.30900035418102234,0.6101801026037832,0.06877351135920898,0.004316093604503121,0.007729938251482335,3to4
3642,3643,OADMET-0001441,5.05,train,5to6,0,0.00452551568491257,0.047123506336075906,0.514949198940658,0.387385127222735,0.046016651815618495,4to5
3643,3644,OADMET-0001440,4.59,train,4to5,0,0.02642016558411753,0.228707035518695,0.5688411945787305,0.15115609117487427,0.024875513143582637,4to5
3644,3645,OADMET-0001439,5.33,train,5to6,0,0.0025293021615971478,0.018441453687725075,0.4355691995762287,0.467419984786054,0.07604005978839508,5to6
3645,3646,OADMET-0001438,1.67,train,lt3,0,0.6348041935319154,0.32110941594119147,0.027160549033888304,0.006366502404894703,0.010559339088110062,lt3
3646,3647,OADMET-0001437,4.53,train,4to5,3,0.061166930829795206,0.2911092931570312,0.5154888620311602,0.10673730055477973,0.02549761342723367,4to5
3647,3648,OADMET-0001436,5.35,train,5to6,3,0.0034918268975409976,0.03350159599193139,0.4174597950748216,0.4717362030277036,0.0738105790080024,5to6
3648,3649,OADMET-0001435,3.09,train,3to4,2,0.2464378682360847,0.3073079769571134,0.2503512408453509,0.07434388718218031,0.12155902677927066,3to4
3649,3650,OADMET-0001434,2.86,train,lt3,3,0.168421429866233,0.3278123687533681,0.27893277587096726,0.08787217605304455,0.13696124945638702,3to4
3650,3651,OADMET-0001433,2.36,train,lt3,2,0.6595299706377304,0.322196894318068,0.00743685694248263,0.0012001062034607774,0.009636171898258161,lt3
3651,3652,OADMET-0001432,4.61,train,4to5,0,0.01506447024547353,0.13999832957985506,0.6060287862117769,0.20225706395123805,0.03665135001165643,4to5
3652,3653,OADMET-0001431,3.64,train,3to4,4,0.07573551741045353,0.219425262655506,0.48722944026611326,0.15104009323597023,0.06656968643195693,4to5
3653,3654,OADMET-0001430,4.92,train,4to5,0,0.04227730427084507,0.3407880498832291,0.5102887502545351,0.08439905532752082,0.0222468402638699,4to5
3654,3655,OADMET-0001429,3.34,train,3to4,3,0.1333615474401328,0.41055369147721477,0.36548372898911835,0.06191529671522623,0.028685735378307837,3to4
3655,3656,OADMET-0001427,4.79,train,4to5,3,0.1958986430137945,0.5471272035577059,0.2234461374117773,0.02263492785796308,0.010893088158759123,3to4
3656,3657,OADMET-0001426,4.87,train,4to5,0,0.10026290678565195,0.4191412501430279,0.37310217359708214,0.067560079482052,0.03993358999218602,3to4
3657,3658,OADMET-0001425,5.15,train,5to6,3,0.015563067907639463,0.1567049615238562,0.6280891866046507,0.18194694732340544,0.01769583664044814,4to5
3658,3659,OADMET-0001424,4.98,train,4to5,2,0.15669168269219783,0.4866973378131612,0.2936050246610395,0.043485923872565266,0.019520030961036165,3to4
3659,3660,OADMET-0001423,1.88,train,lt3,4,0.30138533402264395,0.6594044368101348,0.03656493762580749,0.001405649543430472,0.001239641997983256,3to4
3660,3661,OADMET-0001422,4.77,train,4to5,0,0.02832101508648527,0.16936122101830048,0.511388964168211,0.20890777085414974,0.08202102887285352,4to5
3661,3662,OADMET-0001420,5.19,train,5to6,3,0.16319335085190734,0.5701738873399484,0.21660346072520348,0.026254762359628696,0.023774538723312016,3to4
3662,3663,OADMET-0001419,3.61,train,3to4,3,0.13998094201087952,0.41180095076560974,0.310004323720932,0.06904072314500809,0.06917306035757065,3to4
3663,3664,OADMET-0001418,4.24,train,4to5,2,0.0933205634355545,0.3231240510940552,0.4456324875354767,0.10271420329809189,0.03520869463682175,4to5
3664,3665,OADMET-0001417,3.38,train,3to4,3,0.4549419965028434,0.5057664872940947,0.030808277848999983,0.003141107589154824,0.00534213076490716,3to4
3665,3666,OADMET-0001416,4.71,train,4to5,0,0.1683261821239929,0.33848586254150315,0.3393811838206203,0.09270883909188712,0.061097932421996536,4to5
3666,3667,OADMET-0001415,3.83,train,3to4,3,0.1164666420768945,0.37737751217956195,0.4102889024296155,0.0729105178615666,0.022956425452361397,4to5
3667,3668,OADMET-0001414,4.86,train,4to5,0,0.019090111943145992,0.09342549567249611,0.507453312958529,0.30271076592224155,0.07732031350358737,4to5
3668,3669,OADMET-0001413,3.4,train,3to4,3,0.1842448094757854,0.38201504518819923,0.3145828807959384,0.06579527930399091,0.05336198523608612,3to4
3669,3670,OADMET-0001412,4.11,train,4to5,3,0.17663629089837832,0.38361226940732795,0.3250177454200723,0.06619801273646932,0.04853568153775213,3to4
3670,3671,OADMET-0001410,4.8,train,4to5,4,0.09439982673824834,0.4408811374244927,0.3823608833305773,0.06323118887810622,0.019126963628575442,3to4
3671,3672,OADMET-0001409,4.1,train,4to5,1,0.028686898310076602,0.13763363890108232,0.5575236175539205,0.22023925554408375,0.05591658969083672,4to5
3672,3673,OADMET-0001408,5.27,train,5to6,1,0.04265629697881912,0.12356127292225509,0.44125847200362683,0.25173660081214233,0.14078735728315664,4to5
3673,3674,OADMET-0001407,3.2,train,3to4,2,0.3708316115351886,0.4861926174625204,0.10646019210264229,0.01730025386288951,0.019215325036759115,3to4
3674,3675,OADMET-0001406,5.86,train,5to6,4,0.0007958497505901919,0.0009328441541472741,0.05973099372195005,0.46864138680707385,0.46989892556623863,gte6
3675,3676,OADMET-0001405,5.8,train,5to6,1,0.01591513382483283,0.05537718152821862,0.4026072939923594,0.3541760796596949,0.17192431099489422,4to5
3676,3677,OADMET-0001404,4.09,train,4to5,3,0.27358726928249916,0.6211183953521406,0.09125629488116745,0.00697998129344459,0.007058059190748194,3to4
3677,3678,OADMET-0001403,4.05,train,4to5,3,0.010136824758753257,0.0658052173365361,0.534004733444995,0.34551685115323527,0.0445363733064804,4to5
3678,3679,OADMET-0001402,4.39,train,4to5,0,0.003299396766317542,0.014191512226607946,0.2332068864936088,0.5331508595469651,0.2161513449665007,5to6
3679,3680,OADMET-0001401,3.49,train,3to4,3,0.15735944871068822,0.30735808152916905,0.358837688582574,0.1069052725001384,0.06953950867743032,4to5
3680,3681,OADMET-0001400,4.99,train,4to5,3,0.008121040430376146,0.055398507410141906,0.5218255378930451,0.3584057293890359,0.05624918487740088,4to5
3681,3682,OADMET-0001399,5.01,train,5to6,3,8.115012018226259e-05,0.0003793528164723396,0.028309413127574012,0.42931272009020643,0.541917363845565,gte6
3682,3683,OADMET-0001398,1.66,train,lt3,3,0.14297585694099457,0.3983326279776036,0.37353593516940325,0.06367530979963679,0.02148027011236177,3to4
3683,3684,OADMET-0001397,4.38,train,4to5,3,0.2071186246224132,0.42090060130970736,0.29104121706333336,0.052163428100847786,0.028776128903698298,3to4
3684,3685,OADMET-0001396,5.48,train,5to6,1,0.0018062874065566056,0.017038367333604518,0.40753828629975286,0.46255110730456095,0.11106595165552509,5to6
3685,3686,OADMET-0001395,5.48,train,5to6,2,0.0002536487354872125,0.0022714506395265714,0.18379682700454839,0.6481531998790445,0.16552487374139327,5to6
3686,3687,OADMET-0001394,4.74,train,4to5,2,0.00821183714250863,0.07257597141659262,0.6167100066163484,0.2760401663593574,0.02646201846519297,4to5
3687,3688,OADMET-0001393,3.04,train,3to4,3,0.021896112873376256,0.1246786648383637,0.6090695903380929,0.2130575195927733,0.03129811235739374,4to5
3688,3689,OADMET-0001392,2.85,train,lt3,4,0.0433588615924332,0.17806584801402225,0.5683584107391833,0.18407451763610322,0.02614236201825809,4to5
3689,3690,OADMET-0001391,4.33,train,4to5,2,0.06367120891809464,0.1570926308631897,0.4694608747959137,0.24608629941940308,0.0636889860033989,4to5
3690,3691,OADMET-0001390,1.75,train,lt3,1,0.6523719764761673,0.31927724394116413,0.01934738938516216,0.003939568838662039,0.005063821358844341,lt3
3691,3692,OADMET-0001388,6.14,train,gte6,0,0.03599576212473657,0.09092677215250633,0.33786489930255525,0.35107719244291646,0.18413537397728535,5to6
3692,3693,OADMET-0001387,1.63,train,lt3,2,0.2998703136904865,0.41567851468547584,0.1929133735655787,0.03673553849978402,0.054802259558674946,3to4
3693,3694,OADMET-0001385,4.75,train,4to5,2,0.007506591771995886,0.08087510657013681,0.6455308231994692,0.25257355104121804,0.01351392741718013,4to5
3694,3695,OADMET-0001384,1.71,train,lt3,3,0.15539244048882186,0.25502393029665843,0.31205484736047456,0.14428375876372693,0.1332450230903182,4to5
3695,3696,OADMET-0001383,3.93,train,3to4,0,0.006084639320233218,0.07244927682392169,0.6250279758251469,0.25897980616685273,0.03745830186384545,4to5
3696,3697,OADMET-0001382,4.76,train,4to5,1,0.0012128459944252606,0.012675446168940114,0.2780546482537511,0.5294859884563771,0.17857107112650644,5to6
3697,3698,OADMET-0001381,4.44,train,4to5,3,0.3729109698980295,0.5941448107918583,0.02877204442445577,0.001825395939661028,0.002346778945995397,3to4
3698,3699,OADMET-0001380,2.42,train,lt3,3,0.6514775269600112,0.3372893391744544,0.0062089949988336016,0.0007658358213639142,0.0042583030453368555,lt3
3699,3700,OADMET-0001379,4.88,train,4to5,3,0.1539909820986141,0.6258042378952213,0.19803751765332397,0.014872839494285254,0.007294422858555338,3to4
3700,3701,OADMET-0001377,3.19,train,3to4,4,0.026909052623944846,0.176339383295269,0.5892516816975111,0.1833870363097293,0.024112846073545805,4to5
3701,3702,OADMET-0001376,3.92,train,3to4,4,0.023719627012542183,0.17392891353860457,0.6321781767725878,0.16057949989062642,0.009593782785639084,4to5
3702,3703,OADMET-0001375,3.39,train,3to4,0,0.27383859670541266,0.6055624203028893,0.09382290701275194,0.009729945579080582,0.017046130399865547,3to4
3703,3704,OADMET-0001374,5.25,train,5to6,2,0.0002706135312187886,0.002267360486495809,0.11640123442545883,0.6215837685766662,0.25947702298016034,5to6
3704,3705,OADMET-0001373,4.38,train,4to5,2,0.0016858570833631588,0.010114419328195892,0.2988806978972294,0.5784984858020826,0.11082053988912897,5to6
3705,3706,OADMET-0001372,3.41,train,3to4,3,0.14338009267627363,0.2637185218585859,0.3828294232938209,0.12539816271679138,0.08467379945452815,4to5
3706,3707,OADMET-0001371,5.14,train,5to6,2,0.00024167919011679672,0.0010681639791310458,0.03530537972177972,0.4213543999110928,0.5420303771978796,gte6
3707,3708,OADMET-0001370,5.26,train,5to6,2,0.00047562826266609284,0.0009370399447292124,0.01050866839395621,0.21908530144670027,0.7689933619519482,gte6
3708,3709,OADMET-0001369,4.26,train,4to5,2,0.012822894737764115,0.07804088512549787,0.5527137076309055,0.30973921091498463,0.046683301590847825,4to5
3709,3710,OADMET-0001368,5.6,train,5to6,3,0.00032734627097739195,0.005502608715550894,0.3707034364496002,0.5732020851182705,0.050264523445600943,5to6
3710,3711,OADMET-0001367,5.43,train,5to6,4,0.000216340448257618,0.0005894650398530675,0.040087574311799296,0.4068100860200633,0.5522965341800267,gte6
3711,3712,OADMET-0001366,5.2,train,5to6,3,0.0008487142926785166,0.0015196032435677246,0.0451926977745433,0.40831823620968694,0.5441207484795235,gte6
3712,3713,OADMET-0001365,4.8,train,4to5,3,0.0012201505369174054,0.006582446425222505,0.20342922350919604,0.5858205168138148,0.20294766271484926,5to6
3713,3714,OADMET-0001364,5.09,train,5to6,3,0.003462387229526114,0.03226466831417008,0.5215306848947107,0.40541755926561973,0.03732470029597338,4to5
3714,3715,OADMET-0001363,3.57,train,3to4,3,0.2859741007117595,0.6294691305159054,0.07626760416147685,0.004726039965570725,0.0035631246452875885,3to4
3715,3716,OADMET-0001362,3.53,train,3to4,3,0.5006061910538612,0.4552468520935603,0.03168293158756524,0.004258642032266773,0.008205383232746477,lt3
3716,3717,OADMET-0001361,3.55,train,3to4,3,0.649422314742139,0.34198279600042164,0.0048456226612642915,0.0005389814836751828,0.003210285112499966,lt3
3717,3718,OADMET-0001360,3.02,train,3to4,3,0.6696656914302189,0.25777432214470164,0.012917122749493408,0.003587999831749127,0.05605486384383693,lt3
3718,3719,OADMET-0001359,4.38,train,4to5,1,0.03871654860874721,0.258841558763888,0.5480309398155845,0.12674573798503053,0.02766521482674987,4to5
3719,3720,OADMET-0001358,3.43,train,3to4,4,0.014856256599933865,0.11821679814985692,0.5858190081485324,0.2535150358584338,0.027592901243242998,4to5
3720,3721,OADMET-0001357,3.38,train,3to4,1,0.2593259162221382,0.453080108419282,0.21948696223207453,0.04544467013349501,0.02266234299301026,3to4
3721,3722,OADMET-0001356,3.94,train,3to4,1,0.19607286357960022,0.6089879470563957,0.1758564148118,0.014600716503941907,0.004482058048262175,3to4
3722,3723,OADMET-0001355,3.78,train,3to4,2,0.09352290369040601,0.33913477307740303,0.4395027931918541,0.09993306268193584,0.027906467358401025,4to5
3723,3724,OADMET-0001354,3.62,train,3to4,0,0.4124055888881524,0.44813652039845664,0.08686320547603121,0.018247565091360836,0.03434712014599891,3to4
3724,3725,OADMET-0001353,3.24,train,3to4,3,0.5097555490852386,0.46857663738139377,0.01573268874505259,0.001140037312586592,0.004795087475728474,lt3
3725,3726,OADMET-0001352,2.61,train,lt3,4,0.45850501403874744,0.379542686371076,0.10087067095484097,0.016769102186821632,0.044312526448513925,lt3
3726,3727,OADMET-0001351,4.55,train,4to5,1,0.04612294555626404,0.29539184983013944,0.52982268704643,0.11108365737525056,0.017578860191915943,4to5
3727,3728,OADMET-0001350,3.7,train,3to4,0,0.1908676993118797,0.3975296453653794,0.29906146492929714,0.0731715678986637,0.0393696224947801,3to4
3728,3729,OADMET-0001349,3.36,train,3to4,3,0.40978226771668713,0.5524418449217212,0.03237920310256561,0.0021700857115411996,0.003226598547484794,3to4
3729,3730,OADMET-0001347,4.64,train,4to5,0,0.015688962649965187,0.11927170607180498,0.6162020930572565,0.217644266126891,0.03119297209408238,4to5
3730,3731,OADMET-0001346,4.38,train,4to5,3,0.007580206401472935,0.036924016401188746,0.3629937535881793,0.49123156962824577,0.10127045398091325,5to6
3731,3732,OADMET-0001345,3.28,train,3to4,2,0.5860091333219858,0.2479390900519482,0.013446464871637745,0.005505074639239751,0.14710023711518852,lt3
3732,3733,OADMET-0001344,4.08,train,4to5,0,0.03402811926141749,0.22328536995528026,0.5635561764604319,0.15347352137966108,0.025656812943209296,4to5
3733,3734,OADMET-0001343,3.71,train,3to4,1,0.1682744128963955,0.6144704053859441,0.1984327529987635,0.01438451332566967,0.004437915393227242,3to4
3734,3735,OADMET-0001342,1.81,train,lt3,0,0.3432230586597536,0.5912936300860466,0.050288705427415606,0.005222200329676515,0.009972405497107633,3to4
3735,3736,OADMET-0001341,3.44,train,3to4,4,0.7483577752120669,0.25015980084986944,0.0007673110255279042,3.760111588394858e-05,0.000677511796651744,lt3
3736,3737,OADMET-0001340,3.16,train,3to4,1,0.20085993035026026,0.42205833602588,0.28364762135506383,0.059749494125144666,0.0336846181436513,3to4
3737,3738,OADMET-0001339,2.05,train,lt3,3,0.6474277862380393,0.34260969767770433,0.005721941492389259,0.0006671360346873993,0.003573438557179707,lt3
3738,3739,OADMET-0001338,4.87,train,4to5,0,0.031906221418524776,0.3874737067610812,0.49952281079653066,0.06927674341138539,0.011820517612477962,4to5
3739,3740,OADMET-0001337,4.99,train,4to5,4,0.0014290926690089976,0.002113150821368186,0.09691805039353787,0.521428923680534,0.37811078243555096,5to6
3740,3741,OADMET-0001336,4.96,train,4to5,3,0.009898511379445543,0.0504729769042868,0.43880541723278893,0.41401277661655617,0.08681031786692253,4to5
3741,3742,OADMET-0001335,4.74,train,4to5,0,0.00044764020413955136,0.001977325688143734,0.08620149063754913,0.5434017286408561,0.36797181482931146,5to6
3742,3743,OADMET-0001334,3.49,train,3to4,0,0.5580534302570168,0.4281584592563014,0.00926830054737804,0.0013126514300810545,0.0032071585092226886,lt3
3743,3744,OADMET-0001333,3.73,train,3to4,4,0.13539934410526128,0.678052080386357,0.1699924351646087,0.011576627596777446,0.004979512746995552,3to4
3744,3745,OADMET-0001332,4.69,train,4to5,2,0.07223544530481839,0.23390558283664104,0.4283888648785667,0.14107207007967956,0.12439803690029433,4to5
3745,3746,OADMET-0001331,3.09,train,3to4,1,0.7590501529771592,0.2344022198605879,0.003562100848060018,0.0006205751064736365,0.002364951207719262,lt3
3746,3747,OADMET-0001330,4.56,train,4to5,2,0.10356648664139814,0.2403604903696313,0.4350302967605268,0.1675683203782332,0.05347440585021059,4to5
3747,3748,OADMET-0001329,3.05,train,3to4,3,0.8777949949035175,0.10990456664529426,0.0010902993977493134,0.00030155271700706187,0.01090858633643188,lt3
3748,3749,OADMET-0001328,3.67,train,3to4,3,0.27916023161184067,0.6266021138304865,0.07902959741561637,0.006263392051927179,0.0089446650901294,3to4
3749,3750,OADMET-0001327,1.91,train,lt3,3,0.890759505617309,0.10492312605285221,0.0008030531800707396,0.0001920878502465554,0.003322227299521477,lt3
3750,3751,OADMET-0001326,4.8,train,4to5,0,0.00017980995342330256,0.0030045157548122983,0.161027102504924,0.6107445315325778,0.22504404025426256,5to6
3751,3752,OADMET-0001325,3.98,train,3to4,1,0.19017234356062326,0.5731744739544835,0.2029766430939704,0.023625781649603595,0.010050757741319213,3to4
3752,3753,OADMET-0001324,3.39,train,3to4,0,0.20606914009102328,0.47769540192413773,0.22401107680789323,0.04516954686366359,0.04705483431328211,3to4
3753,3754,OADMET-0001323,3.58,train,3to4,0,0.18568129491654606,0.5710282219382334,0.19520009690522966,0.02509213005952295,0.0229982561804679,3to4
3754,3755,OADMET-0001322,2.55,train,lt3,0,0.5978594394326393,0.3956488948402847,0.00403416248010762,0.0004342098525402897,0.002023293394428031,lt3
3755,3756,OADMET-0001321,2.59,train,lt3,2,0.35872060260951855,0.4753079738950802,0.12145461209931194,0.018463766305504923,0.026053045090584336,3to4
3756,3757,OADMET-0001320,2.51,train,lt3,1,0.9024943591635938,0.09531236315600787,0.00038533904669083924,0.00012104385520046612,0.0016868947785071045,lt3
3757,3758,OADMET-0001319,3.69,train,3to4,1,0.14586458791999068,0.5024305989141223,0.3022120243799371,0.03565815380053537,0.013834634985414561,3to4
3758,3759,OADMET-0001318,4.66,train,4to5,0,0.011550437228737874,0.1287907910052392,0.6289217833831242,0.19943138214083828,0.03130560624206043,4to5
3759,3760,OADMET-0001317,3.25,train,3to4,0,0.4316770244420139,0.526576913072952,0.030771844597561604,0.0033789995036481633,0.007595218383824389,3to4
3760,3761,OADMET-0001316,2.36,train,lt3,2,0.8023263100198863,0.19254980703394672,0.0008145819184128011,0.00027771089989271115,0.004031590127861456,lt3
3761,3762,OADMET-0001315,4.46,train,4to5,0,0.04459846698346038,0.30029716640268017,0.4738454748117108,0.14649806698414583,0.03476082481800281,4to5
3762,3763,OADMET-0001314,3.43,train,3to4,4,0.16762379661893875,0.5383456143809761,0.2613376875269737,0.027043773691361097,0.005649127781750411,3to4
3763,3764,OADMET-0001313,3.53,train,3to4,0,0.11476029391534462,0.5926912393829343,0.25190263845825955,0.028546104048121138,0.012099724195340326,3to4
3764,3765,OADMET-0001312,3.53,train,3to4,2,0.04826110223873278,0.21628984606978757,0.5404778892173034,0.16504389246582335,0.029927270008352883,4to5
3765,3766,OADMET-0001311,3.81,train,3to4,1,0.08210241431847282,0.5343436251554463,0.345495269889723,0.031672408416513746,0.006386282219844042,3to4
3766,3767,OADMET-0001308,3.23,train,3to4,0,0.6649238731379026,0.32829536349086125,0.0031406910453723644,0.00038644072882755863,0.0032536315970361994,lt3
3767,3768,OADMET-0001307,3.03,train,3to4,2,0.5843677681301247,0.39550740613366336,0.013200430562172738,0.0017672242150950379,0.005157170958944171,lt3
3768,3769,OADMET-0001306,3.56,train,3to4,3,0.01103814007927515,0.04958803856305993,0.44781660555768416,0.39833071073502546,0.09322650506495526,4to5
3769,3770,OADMET-0001305,3.17,train,3to4,3,0.286234655378489,0.6081673046970106,0.09030932256029875,0.0070308474209315915,0.008257869943269967,3to4
3770,3771,OADMET-0001304,2.56,train,lt3,0,0.5641871097330875,0.37809664028608087,0.03371666373392412,0.007171740293117119,0.0168278459537904,lt3
3771,3772,OADMET-0001303,4.15,train,4to5,0,0.05587124618504185,0.3556898044255318,0.44964365511070653,0.10231422192794747,0.036481072350772394,4to5
3772,3773,OADMET-0001302,3.94,train,3to4,3,0.2098049333355402,0.39939942212031365,0.2121047785113607,0.05179979183152706,0.1268910742012584,3to4
3773,3774,OADMET-0001301,4.68,train,4to5,1,0.002812191791605357,0.03360701662288948,0.5103894377054752,0.39783274386389655,0.05535861001613345,4to5
3774,3775,OADMET-0001300,3.18,train,3to4,4,0.3780704438686371,0.3485526740550995,0.05737059563398361,0.014419473707675934,0.20158681273460388,lt3
3775,3776,OADMET-0001299,4.92,train,4to5,2,0.02337091953148209,0.05836166014558021,0.290906903418648,0.4140257498805807,0.213334767023709,5to6
3776,3777,OADMET-0001297,2.6,train,lt3,1,0.8196316987172511,0.17823295359819902,0.000969548829618982,0.0001923988900366723,0.0009733999648942931,lt3
3777,3778,OADMET-0001296,2.71,train,lt3,4,0.3739308636344274,0.6003779760414095,0.023017312876184512,0.0013176490157183261,0.0013561984322602344,3to4
3778,3779,OADMET-0001295,4.6,train,4to5,1,0.0003986302232842965,0.006186416466878227,0.3157452453340392,0.5493545798433916,0.1283151281324067,5to6
3779,3780,OADMET-0001294,2.34,train,lt3,3,0.8411447729093838,0.15328177716591665,0.0015225038688115825,0.00036360613622125887,0.0036873399196667195,lt3
3780,3781,OADMET-0001293,4.19,train,4to5,4,0.10504469854220759,0.3341375536468454,0.45838474501619053,0.0920220449898627,0.010410957804893812,4to5
3781,3782,OADMET-0001292,3.68,train,3to4,3,0.02429087950207827,0.10853724707284648,0.5467072394013186,0.27545602463531615,0.045008609388440556,4to5
3782,3783,OADMET-0001290,3.41,train,3to4,4,0.4332211871331447,0.5481935688462707,0.016002662330841064,0.0007795129131571119,0.0018030687765863839,3to4
3783,3784,OADMET-0001289,4.21,train,4to5,3,0.043055617879141715,0.2428662952829339,0.5678599787275876,0.12952970807011777,0.016688400040218977,4to5
3784,3785,OADMET-0001288,2.76,train,lt3,3,0.7259641734055978,0.26138814737564275,0.004575207733869344,0.0009198341675672874,0.007152637317322847,lt3
3785,3786,OADMET-0001287,2.5,train,lt3,1,0.5302057009054033,0.451522796401523,0.014477903948674126,0.0017200114606281617,0.0020735872837714174,lt3
3786,3787,OADMET-0001286,2.39,train,lt3,4,0.33669076288359456,0.6087829097849538,0.0481209390201124,0.002215027440676415,0.004190360870662865,3to4
3787,3788,OADMET-0001284,3.35,train,3to4,3,0.18414055016793926,0.5718726579681709,0.2170662159144828,0.019486431250197046,0.0074341446992100555,3to4
3788,3789,OADMET-0001283,4.0,train,3to4,2,0.13504661210622784,0.5460178084218045,0.27503617710390804,0.03119024009469314,0.012709162273366466,3to4
3789,3790,OADMET-0001282,2.37,train,lt3,2,0.7666154217008698,0.23102333277404266,0.000547045239269889,0.00012915573705599818,0.0016850445487616593,lt3
3790,3791,OADMET-0001281,2.28,train,lt3,4,0.8708469830096491,0.1258176622632925,0.0005205268592869917,4.649313657897719e-05,0.002768334731192361,lt3
3791,3792,OADMET-0001280,3.14,train,3to4,0,0.7197991190754708,0.27046365211753437,0.003266647072846053,0.0006290660976720368,0.005841515636476753,lt3
3792,3793,OADMET-0001279,4.83,train,4to5,3,0.08901695162057877,0.2175111025571823,0.40495896339416504,0.1927272081375122,0.09578577429056168,4to5
3793,3794,OADMET-0001278,2.56,train,lt3,0,0.6895665945829066,0.20009779417636867,0.01540737187145024,0.006500683092727526,0.08842755627654698,lt3
3794,3795,OADMET-0001277,1.61,train,lt3,1,0.4948783221913384,0.393048352417448,0.0737927288536591,0.017546106946700397,0.020734489590854072,lt3
3795,3796,OADMET-0001276,4.6,train,4to5,0,0.061271585140792534,0.40672284617643345,0.4345510608631406,0.07549745828302856,0.021957049536604836,4to5
3796,3797,OADMET-0001275,3.8,train,3to4,4,0.1136684232984583,0.7002299803935347,0.17286246471655725,0.010449470623704014,0.0027896609677457644,3to4
3797,3798,OADMET-0001274,3.68,train,3to4,2,0.5905844157547202,0.4038061516151143,0.0037351424996256164,0.0003010275040007874,0.0015732626265391012,lt3
3798,3799,OADMET-0001273,3.39,train,3to4,0,0.8709428323518182,0.12669377915086297,0.0003385991385945346,8.792662880469784e-05,0.0019368627299195316,lt3
3799,3800,OADMET-0001272,2.95,train,lt3,2,0.08243912293348354,0.558905292287037,0.3200779791160705,0.031763493378725735,0.006814112284683237,3to4
3800,3801,OADMET-0001270,4.39,train,4to5,0,0.005005629055429136,0.03799603718442871,0.5463273293730864,0.3670219027441958,0.04364910164285998,4to5
3801,3802,OADMET-0001268,2.43,train,lt3,3,0.37145402781049724,0.5887550076517468,0.034895702964969084,0.0018341765850144363,0.003061084987772414,3to4
3802,3803,OADMET-0001267,3.29,train,3to4,0,0.5084973051634342,0.47427762244882793,0.0113159764342123,0.0010863834917310086,0.004822712461794617,lt3
3803,3804,OADMET-0001266,2.79,train,lt3,2,0.7487391634459621,0.24618391051380314,0.0011966013969225387,0.00026151254906861196,0.0036188120942435686,lt3
3804,3805,OADMET-0001264,2.91,train,lt3,3,0.1916206567407564,0.5348213741705504,0.21099513101034384,0.030795657032120657,0.031767181046228714,3to4
3805,3806,OADMET-0001263,4.5,train,4to5,4,0.026742864748835662,0.17308764385360015,0.5318518946375014,0.24647604250411,0.021841554255952834,4to5
3806,3807,OADMET-0001262,3.18,train,3to4,3,0.30715148148301713,0.6015507274126987,0.07935604092340369,0.00631712361098307,0.005624626569897478,3to4
3807,3808,OADMET-0001261,3.15,train,3to4,2,0.6861577478272407,0.304222666448645,0.0038873263706229616,0.000640084720028553,0.005092174633462776,lt3
3808,3809,OADMET-0001260,3.37,train,3to4,4,0.34360675031655713,0.6161511721171085,0.03483359990386143,0.002270787555286482,0.003137690107186547,3to4
3809,3810,OADMET-0001259,2.88,train,lt3,3,0.4918043188002993,0.48214073661690804,0.016187348033281708,0.0019849919005678483,0.007882604648943081,lt3
3810,3811,OADMET-0001258,1.64,train,lt3,4,0.7687491832715055,0.2104163646947549,0.00673089652791216,0.00105789696952825,0.013045658536299177,lt3
3811,3812,OADMET-0001257,3.77,train,3to4,3,0.4143344271940775,0.3967303141098924,0.07791970128356632,0.01889980261139057,0.09211575480107324,lt3
3812,3813,OADMET-0001256,3.21,train,3to4,0,0.515314871574094,0.4630095313612992,0.016812464044204188,0.001336319474316543,0.003526813546086192,lt3
3813,3814,OADMET-0001255,3.39,train,3to4,2,0.1898599664048833,0.514087823023012,0.22723285548858335,0.03541866874643178,0.03340068633708957,3to4
3814,3815,OADMET-0001254,5.05,train,5to6,4,0.0028458701040625645,0.022044930653275077,0.35338226034781905,0.5068593035828634,0.11486763531197997,5to6
3815,3816,OADMET-0001253,4.36,train,4to5,1,0.14549299018064113,0.253724105767134,0.3182168399756205,0.1733298055329861,0.10923625854361828,4to5
3816,3817,OADMET-0001252,3.73,train,3to4,3,0.7771459504401926,0.216656676136011,0.002037352567312463,0.0003816588278574888,0.0037783620286264406,lt3
3817,3818,OADMET-0001251,4.47,train,4to5,0,0.03315313086316442,0.15907150151420754,0.5433932421343048,0.20894234905520792,0.055439776433115234,4to5
3818,3819,OADMET-0001250,3.09,train,3to4,4,0.20034491638002494,0.718296216292774,0.0747711718882283,0.0036211797750285916,0.0029665156639442384,3to4
3819,3820,OADMET-0001248,3.28,train,3to4,4,0.5670192942340577,0.4134575800892229,0.01004311460906566,0.0007591724419417829,0.008720838625711961,lt3
3820,3821,OADMET-0001247,3.55,train,3to4,3,0.720140159695985,0.27708843372184166,0.0018127587405308292,0.00012098214947812137,0.0008376656921643582,lt3
3821,3822,OADMET-0001246,2.77,train,lt3,4,0.5561318175456005,0.43567736197294027,0.005923351036418532,0.0002878383851227623,0.0019796310599179178,lt3
3822,3823,OADMET-0001245,2.84,train,lt3,3,0.07988339096047113,0.18952092951955488,0.37272874353964797,0.17946650488972302,0.17840043109060297,4to5
3823,3824,OADMET-0001244,2.8,train,lt3,2,0.6544297407897514,0.3254409469018861,0.003870489929029945,0.000710627007026617,0.015548195372305949,lt3
3824,3825,OADMET-0001243,3.03,train,3to4,2,0.6157236196727506,0.32870495839788044,0.021238930859660568,0.004502830166880146,0.0298296609028282,lt3
3825,3826,OADMET-0001242,2.62,train,lt3,4,0.7352859847583091,0.2511405509213658,0.0025564152052198587,0.0002551727683779384,0.010761876346727326,lt3
3826,3827,OADMET-0001241,1.66,train,lt3,4,0.6773530277354657,0.30382710841168514,0.005257055188628557,0.0004377494063294915,0.01312505925789111,lt3
3827,3828,OADMET-0001240,3.38,train,3to4,3,0.4605969136976996,0.4818879905868323,0.049164760285467374,0.0034837266024699597,0.004866608827530769,3to4
3828,3829,OADMET-0001239,7.54855421686747,train,gte6,1,0.044241703717099845,0.13163836202294854,0.2396962177776082,0.28451171305394385,0.2999120034283995,gte6
3829,3830,OADMET-0001238,3.33,train,3to4,1,0.33485541480509773,0.5716690546220381,0.08291360917358642,0.0059578163921913925,0.004604105007086385,3to4
3830,3831,OADMET-0001237,3.94,train,3to4,3,0.510289175803795,0.4338201443042653,0.040912008461110025,0.005224571861095978,0.009754099569733781,lt3
3831,3832,OADMET-0001236,2.57,train,lt3,0,0.39324734970010067,0.544767994579315,0.04801461638560594,0.005550352116453488,0.008419687218524914,3to4
3832,3833,OADMET-0001235,3.35,train,3to4,3,0.08189234053640092,0.4367093101108424,0.4194483416025231,0.05090969376265385,0.011040313987579705,3to4
3833,3834,OADMET-0001234,4.11,train,4to5,3,0.5796500119157943,0.3921354789043194,0.015694891153259956,0.0024412871365551373,0.010078330890071173,lt3
3834,3835,OADMET-0001233,3.4,train,3to4,2,0.5098883917811704,0.4773141267860866,0.009984392304897755,0.0007817170411099862,0.0020313720867352948,lt3
3835,3836,OADMET-0001232,3.35,train,3to4,3,0.8937303017069879,0.08932614664936865,0.0014931612434068175,0.0004914012746724885,0.014958989125564141,lt3
3836,3837,OADMET-0001231,3.95,train,3to4,3,0.0766164351013834,0.1983725846056255,0.456427090519263,0.189689082060917,0.07889480771281111,4to5
3837,3838,OADMET-0001230,4.19,train,4to5,1,0.37402247624938484,0.5931944726947883,0.02888510876498081,0.0016625160014631943,0.002235426289382836,3to4
3838,3839,OADMET-0001229,3.49,train,3to4,1,0.3779353960826724,0.580356398412369,0.036324369358450986,0.002686944694467229,0.002696891452040432,3to4
3839,3840,OADMET-0001228,2.71,train,lt3,0,0.6082400073628687,0.340958624522502,0.013836842007735304,0.0022505724300271816,0.03471395367686691,lt3
3840,3841,OADMET-0001227,2.79,train,lt3,1,0.787346647522046,0.20902053743840251,0.001576472748045744,0.00037105729993939504,0.0016852849915663696,lt3
3841,3842,OADMET-0001226,3.19,train,3to4,0,0.4667228608374123,0.48141436222121536,0.027218884845216267,0.0042050074366175045,0.02043888465953849,3to4
3842,3843,OADMET-0001225,3.52,train,3to4,4,0.47646039017142033,0.5117851419778767,0.010065154954406054,0.0005168511339115771,0.0011724617623853411,3to4
3843,3844,OADMET-0001224,3.76,train,3to4,0,0.14465537101447062,0.5818236242638973,0.22892682848970705,0.02883365078734855,0.015760525444576453,3to4
3844,3845,OADMET-0001223,2.9,train,lt3,4,0.5594542892967416,0.4326393352449327,0.004973375414650922,0.0002728111417491954,0.00266018890192564,lt3
3845,3846,OADMET-0001222,3.19,train,3to4,2,0.012062503832683393,0.06234579841997122,0.47693761694588344,0.37923666446320403,0.06941741633825789,4to5
3846,3847,OADMET-0001221,2.97,train,lt3,1,0.4654515638134988,0.4986792754045386,0.03062430552993416,0.002546600041222479,0.0026982552108059826,3to4
3847,3848,OADMET-0001220,3.16,train,3to4,1,0.28545642643494523,0.6729460534104048,0.03965250133561905,0.0013086806625528806,0.0006363381564779844,3to4
3848,3849,OADMET-0001219,2.74,train,lt3,2,0.4849257954246436,0.49545671337302905,0.013922465722213218,0.0009620357075479266,0.004732989772566234,3to4
3849,3850,OADMET-0001218,3.82,train,3to4,1,0.034184407538318286,0.32449418397013335,0.5573446170166451,0.07539168766343507,0.008585103811468289,4to5
3850,3851,OADMET-0001217,4.01,train,4to5,0,0.17832736936699403,0.43169969963579924,0.26795837682423557,0.056900733067106204,0.06511382110586496,3to4
3851,3852,OADMET-0001216,3.11,train,3to4,4,0.8070292497971133,0.18764481006882835,0.0011284424725670642,0.00010955779032440284,0.004087939871166879,lt3
3852,3853,OADMET-0001215,2.24,train,lt3,3,0.6786103570523813,0.3063870813758969,0.006537755330108956,0.0009284337142408754,0.007536372527372069,lt3
3853,3854,OADMET-0001214,4.57,train,4to5,0,0.0009115336508730898,0.0069774207320164715,0.13837473593879693,0.5302221395440149,0.3235141701342987,5to6
3854,3855,OADMET-0001213,4.36,train,4to5,4,0.061166063714180784,0.21568647472588653,0.5184731828415715,0.14169383852921463,0.06298044018914654,4to5
3855,3856,OADMET-0001212,4.28,train,4to5,3,0.010717903213957776,0.0701475363683536,0.40752625275623866,0.4283924678881072,0.08321583977334276,5to6
3856,3857,OADMET-0001211,2.67,train,lt3,4,0.5237772407139183,0.3970359664384094,0.04986925173319901,0.009314079537907003,0.02000346157656624,lt3
3857,3858,OADMET-0001210,3.23,train,3to4,2,0.12602763253532745,0.33851660306801207,0.38973720043114424,0.10206654972036332,0.0436520142451529,4to5
3858,3859,OADMET-0001209,4.0,train,3to4,3,0.35283312620466795,0.592152423737518,0.04925327061487288,0.0029233014558182036,0.0028378779871230425,3to4
3859,3860,OADMET-0001208,4.11,train,4to5,1,0.05000666771066683,0.2226402403470811,0.5476243353136988,0.14409145337104734,0.03563730325750588,4to5
3860,3861,OADMET-0001207,2.75,train,lt3,0,0.49645070557275284,0.4329357002063792,0.027955717401201067,0.005085680463272616,0.037572196356394263,lt3
3861,3862,OADMET-0001206,2.77,train,lt3,4,0.19390058553871034,0.5058208324773451,0.26338512710993855,0.03044891874199923,0.006444536132006759,3to4
3862,3863,OADMET-0001204,5.33,train,5to6,3,0.17673946126970078,0.44266764330859587,0.2742147621118384,0.05303954841019742,0.05333858489966758,3to4
3863,3864,OADMET-0001203,3.05,train,3to4,2,0.7545376827597484,0.20742386209832878,0.006916689594432708,0.0029269938075594986,0.028194771739930624,lt3
3864,3865,OADMET-0001202,2.49,train,lt3,3,0.42362781846228836,0.5530526571071851,0.020123298967626983,0.0011685720969071265,0.002027653365992481,3to4
3865,3866,OADMET-0001201,3.95,train,3to4,4,0.380597514781467,0.5508171669773534,0.05752795677507117,0.004687612666743428,0.006369748799365068,3to4
3866,3867,OADMET-0001200,4.17,train,4to5,2,0.26697310308044586,0.5265807411338996,0.1612971246000915,0.02422543383714866,0.02092359734841441,3to4
3867,3868,OADMET-0001199,2.53,train,lt3,0,0.5975181618197306,0.3744750940334856,0.01735330245776794,0.0019780654406429702,0.008675376248372831,lt3
3868,3869,OADMET-0001198,2.79,train,lt3,3,0.7734216743925194,0.22351016716487443,0.001324435061911205,0.00017160960905058403,0.0015721137716444345,lt3
3869,3870,OADMET-0001197,2.68,train,lt3,3,0.6762878299546763,0.31154447797587426,0.004393550102179119,0.0006213750458114518,0.007152766921458855,lt3
3870,3871,OADMET-0001196,4.98,train,4to5,0,0.0004257932206198289,0.007975653559536357,0.3302101415998735,0.5753017530007811,0.0860866586191892,5to6
3871,3872,OADMET-0001195,3.78,train,3to4,3,0.07654165230497313,0.4145337017414711,0.43297922453707616,0.06569818835600576,0.010247233060473869,4to5
3872,3873,OADMET-0001194,3.32,train,3to4,3,0.2597459094571174,0.6355074247540929,0.08883566600085271,0.00679315677365148,0.00911784301428545,3to4
3873,3874,OADMET-0001193,2.48,train,lt3,3,0.7823526001901576,0.21296406703352633,0.0015839702196080536,0.00026783493794842384,0.0028315276187595912,lt3
3874,3875,OADMET-0001192,3.06,train,3to4,0,0.2245696787248732,0.6433566820684014,0.11574787668091781,0.010084575992235124,0.0062411865335725,3to4
3875,3876,OADMET-0001191,3.66,train,3to4,3,0.4364881897623556,0.47157524184144356,0.05125037284338386,0.008062484448657873,0.0326237111041591,3to4
3876,3877,OADMET-0001190,3.48,train,3to4,3,0.242241623059127,0.5995020548146058,0.12618091032625,0.01387972776671454,0.0181956840333026,3to4
3877,3878,OADMET-0001189,3.05,train,3to4,0,0.7262606936981565,0.262279351379901,0.004461109466312077,0.0007471580468922256,0.006251687408738242,lt3
3878,3879,OADMET-0001188,3.19,train,3to4,0,0.6921520982297252,0.2628300546130294,0.009032328812887715,0.0018852719057120455,0.03410024643864562,lt3
3879,3880,OADMET-0001187,4.19,train,4to5,2,0.06497109439331686,0.17253892971057708,0.480623406148575,0.22625493160430596,0.05561163814322508,4to5
3880,3881,OADMET-0001186,3.7,train,3to4,1,0.6967674989254249,0.26727974028993773,0.020810650361175572,0.005217472481661641,0.009924637941800162,lt3
3881,3882,OADMET-0001185,5.54,train,5to6,4,0.004219498245614215,0.012538820724125892,0.22863330138229637,0.4940894263429055,0.26051895330505803,5to6
3882,3883,OADMET-0001184,3.34,train,3to4,3,0.2007761163687639,0.6380124729742178,0.14457309340314162,0.010347460464045614,0.0062908567898310695,3to4
3883,3884,OADMET-0001183,3.85,train,3to4,0,0.03223859080183413,0.23277373134994686,0.565411317684642,0.14601263104725826,0.02356372911631871,4to5
3884,3885,OADMET-0001182,2.69,train,lt3,3,0.785240730078249,0.20142013316384316,0.0029497268530094827,0.0006444374708100091,0.009744972434088338,lt3
3885,3886,OADMET-0001181,4.56,train,4to5,1,0.2398374229669571,0.3031627833843231,0.299812376499176,0.0925012156367302,0.06468620151281357,3to4
3886,3887,OADMET-0001180,4.77,train,4to5,0,0.0032270897006842717,0.02851421329572142,0.4140657402585289,0.47051849030096277,0.08367446644410266,5to6
3887,3888,OADMET-0001179,2.66,train,lt3,3,0.7312835383003742,0.258169052445413,0.0049735395679874235,0.0009154961936455885,0.004658373492579842,lt3
3888,3889,OADMET-0001178,2.53,train,lt3,0,0.6398878999105327,0.34972001514504597,0.004599538888570368,0.0007761211247780315,0.005016424931072895,lt3
3889,3890,OADMET-0001177,4.84,train,4to5,4,0.0037907955358175037,0.018625521863253006,0.3258525103544239,0.5114968372629078,0.14023433498359772,5to6
3890,3891,OADMET-0001176,4.47,train,4to5,2,0.0318360481243884,0.1415114865620973,0.5370177090579761,0.24070330233167822,0.04893145392386005,4to5
3891,3892,OADMET-0001175,3.9,train,3to4,3,0.37406229694141224,0.5918812707671428,0.02944746777826944,0.0021502973817266718,0.002458667131448782,3to4
3892,3893,OADMET-0001174,3.81,train,3to4,0,0.12708552724975888,0.6323263770098704,0.20839451190870167,0.021767702194474475,0.01042588163719463,3to4
3893,3894,OADMET-0001173,3.3,train,3to4,1,0.5185101439972449,0.43879310683074296,0.03217344241704396,0.00499799224089673,0.005525314514071433,lt3
3894,3895,OADMET-0001172,2.43,train,lt3,2,0.607751528055298,0.3688486989714755,0.011935408761081413,0.0020412566857645974,0.009423107526380481,lt3
3895,3896,OADMET-0001171,3.55,train,3to4,0,0.1973560476487398,0.6674600416912857,0.11892205468686323,0.008941552966809272,0.0073203030063020025,3to4
3896,3897,OADMET-0001170,3.24,train,3to4,4,0.2838389850043962,0.6595767085871256,0.05181683929648767,0.0028319244504595832,0.001935542661530952,3to4
3897,3898,OADMET-0001169,3.01,train,3to4,4,0.568795697708502,0.427154240580758,0.003251372125665715,0.00010933368951923555,0.0006893558955549534,lt3
3898,3899,OADMET-0001168,4.55,train,4to5,1,0.12997105002230705,0.5417332972129164,0.2914848203351987,0.02870763450608459,0.008103197923493262,3to4
3899,3900,OADMET-0001167,2.28,train,lt3,0,0.7808074430781112,0.20601342735547953,0.0020772771456696597,0.0005779508698176508,0.010523901550921887,lt3
3900,3901,OADMET-0001166,2.4,train,lt3,3,0.7936381702736265,0.1916058064733902,0.0028768552019985748,0.0007360387248974542,0.01114312932608733,lt3
3901,3902,OADMET-0001165,2.49,train,lt3,2,0.6171646803121699,0.37743130870013547,0.0027390513963715187,0.000321027623690568,0.0023439319676325635,lt3
3902,3903,OADMET-0001164,2.51,train,lt3,3,0.5067969925393792,0.4403789140483674,0.029182132864441247,0.0056131116346991895,0.01802884891311303,lt3
3903,3904,OADMET-0001163,3.93,train,3to4,4,0.00446328558403939,0.013282273630081784,0.2412892531717951,0.5356308114565327,0.20533437615755099,5to6
3904,3905,OADMET-0001162,3.5,train,3to4,1,0.2093263944321433,0.6589423200185854,0.11951835058359295,0.007419237156041973,0.004793697809636339,3to4
3905,3906,OADMET-0001161,3.62,train,3to4,3,0.48668557615105135,0.4940510413469617,0.01622555970683993,0.0010742106288375557,0.001963612166309456,3to4
3906,3907,OADMET-0001160,3.31,train,3to4,4,0.34872971089259736,0.559559422568437,0.07613937797838716,0.006388043255725382,0.00918344530485304,3to4
3907,3908,OADMET-0001159,3.41,train,3to4,4,0.20773565894950347,0.6922103208483822,0.08890494758065991,0.006689857732024114,0.004459214889430345,3to4
3908,3909,OADMET-0001158,3.2,train,3to4,0,0.38340640624639594,0.5822684396789686,0.026168666988426566,0.0017438067650786748,0.006412680321130271,3to4
3909,3910,OADMET-0001157,3.15,train,3to4,4,0.7839208147172482,0.1940760290176639,0.0064211859495521655,0.0009410357334230396,0.014640934582112769,lt3
3910,3911,OADMET-0001156,4.16,train,4to5,3,0.11429863242230147,0.5494495305426653,0.29788495580470437,0.028807179561611745,0.009559701668717143,3to4
3911,3912,OADMET-0001155,1.72,train,lt3,4,0.4460279998392791,0.5402564114251752,0.011555438236391513,0.0005200575406701854,0.0016400929584839405,3to4
3912,3913,OADMET-0001154,2.74,train,lt3,0,0.5953663130143264,0.371259280742595,0.012560249598702639,0.0024574790722103573,0.01835667757216556,lt3
3913,3914,OADMET-0001153,3.48,train,3to4,4,0.5195821840752838,0.47582999297338013,0.0038620908999410404,0.00010130166085215056,0.000624430390542898,lt3
3914,3915,OADMET-0001152,3.86,train,3to4,0,0.14692058365662222,0.6655175922438312,0.16054618981510493,0.015263438331634344,0.011752195952807213,3to4
3915,3916,OADMET-0001151,2.87,train,lt3,3,0.4917416565701249,0.4450998002033218,0.03980596357983635,0.006816315920814431,0.016536263725902518,lt3
3916,3917,OADMET-0001150,3.69,train,3to4,3,0.5061473208221702,0.4205171330000862,0.027385561929832703,0.004196981893056419,0.04175300235485451,lt3
3917,3918,OADMET-0001149,4.71,train,4to5,0,0.03153257385766928,0.12538552050691992,0.4734870703241402,0.2694047043210882,0.10019013099018241,4to5
3918,3919,OADMET-0001148,2.59,train,lt3,4,0.8888004902331691,0.10950805849085869,0.0002813108112300739,2.5281742307479706e-05,0.0013848587224346335,lt3
3919,3920,OADMET-0001147,3.72,train,3to4,0,0.09338022565614004,0.5027194704893769,0.3464437371470338,0.042806710427690825,0.014649856279758426,3to4
3920,3921,OADMET-0001146,4.13,train,4to5,3,0.1707779624069946,0.6173160700933825,0.18769511667869573,0.014681246200023434,0.009529604620903753,3to4
3921,3922,OADMET-0001145,3.48,train,3to4,0,0.18956781563567016,0.609966791270184,0.16399062657300392,0.016004414320255178,0.02047035220088674,3to4
3922,3923,OADMET-0001144,3.74,train,3to4,3,0.29751866181513137,0.5647705597081804,0.11131970627261109,0.012564666527243942,0.013826405676833197,3to4
3923,3924,OADMET-0001143,3.04,train,3to4,4,0.30378537804288086,0.6360332847380399,0.05205210573874217,0.0036576324392551102,0.004471599041081983,3to4
3924,3925,OADMET-0001142,4.24,train,4to5,3,0.12285619171868921,0.4445416310590616,0.3620114905666025,0.05569307480150333,0.014897611854143386,3to4
3925,3926,OADMET-0001141,4.41,train,4to5,2,0.013019717068062514,0.05366265306287407,0.45500674038647854,0.4075477945214062,0.07076309496117868,4to5
3926,3927,OADMET-0001140,2.77,train,lt3,4,0.27367945377685515,0.7030980893298141,0.021792338262953827,0.0006760006957566079,0.00075411793462027,3to4
3927,3928,OADMET-0001139,3.79,train,3to4,2,0.02160688660974739,0.10340296259122318,0.5339378813339508,0.27600852064708986,0.06504374881798879,4to5
3928,3929,OADMET-0001138,2.9,train,lt3,3,0.3062189788909724,0.5639762229847142,0.10687161137469475,0.012393119629536573,0.010540067120082052,3to4
3929,3930,OADMET-0001137,2.75,train,lt3,1,0.5497538857827164,0.41937641873732656,0.02377071337617155,0.003554944061798302,0.0035440380419871033,lt3
3930,3931,OADMET-0001136,4.16,train,4to5,1,0.05025736755479223,0.37059305153581457,0.48854859048170757,0.07653323029726455,0.014067760130421075,4to5
3931,3932,OADMET-0001135,2.22,train,lt3,0,0.8228730649635878,0.17195378432593356,0.0012136788706282658,0.00025642520913016936,0.003703046630720159,lt3
3932,3933,OADMET-0001134,3.34,train,3to4,3,0.20667671772322213,0.412395946450607,0.24155456867898686,0.05320144718137668,0.08617131996580735,3to4
3933,3934,OADMET-0001133,4.61,train,4to5,1,0.0063481645274625605,0.041230487109386815,0.42542974635369113,0.4131934794584734,0.11379812255098609,4to5
3934,3935,OADMET-0001132,2.67,train,lt3,3,0.4068020310696347,0.5375152265304761,0.040317692125424597,0.004114038337765511,0.011251011936699118,3to4
3935,3936,OADMET-0001131,3.75,train,3to4,4,0.12985806584367834,0.7269891734059215,0.13620107313519067,0.00594193228054481,0.0010097553346646569,3to4
3936,3937,OADMET-0001130,3.85,train,3to4,1,0.5442761248681598,0.36199164828834257,0.0667230941982942,0.013173718164915532,0.013835414480287944,lt3
3937,3938,OADMET-0001129,2.76,train,lt3,2,0.8043047318528335,0.18473172604791688,0.002137789844214319,0.0006178886037871227,0.008207863651248166,lt3
3938,3939,OADMET-0001128,4.28,train,4to5,2,0.05807083494242592,0.2549221525152108,0.5110489745104647,0.13415221919921122,0.04180581883268736,4to5
3939,3940,OADMET-0001127,3.29,train,3to4,3,0.371157701981501,0.5804917752878652,0.04059088933607584,0.0033535249187715594,0.004406108475786454,3to4
3940,3941,OADMET-0001126,2.5,train,lt3,0,0.428806519288365,0.4433797071322742,0.06975763124267495,0.011936865805071832,0.046119276531614004,3to4
3941,3942,OADMET-0001125,3.63,train,3to4,1,0.1576080615177318,0.5121768808191899,0.2864459770947438,0.03513776539874695,0.008631315169587645,3to4
3942,3943,OADMET-0001124,4.12,train,4to5,1,0.01297263614833355,0.13880349695682526,0.6485310792922974,0.17659199237823486,0.023100795224308968,4to5
3943,3944,OADMET-0001123,4.26,train,4to5,0,0.00044636904947080653,0.0027645788645898803,0.08233380186374639,0.5198581135807836,0.3945971366414093,5to6
3944,3945,OADMET-0001122,2.2,train,lt3,0,0.6586867757979283,0.302320548538842,0.011782858855442325,0.0025076936711414316,0.024702123136645885,lt3
3945,3946,OADMET-0001121,2.84,train,lt3,0,0.5051966671519594,0.46714589815539453,0.01960497817457871,0.0020285976576407128,0.006023858860426602,lt3
3946,3947,OADMET-0001120,2.95,train,lt3,0,0.6727982453816204,0.3224525603189702,0.0027384349297878527,0.00036651223280567225,0.0016442471368159814,lt3
3947,3948,OADMET-0001119,3.52,train,3to4,0,0.11412095002164627,0.48083295253882485,0.3250287096474818,0.053519955471606144,0.026497432320440894,3to4
3948,3949,OADMET-0001118,3.14,train,3to4,1,0.6573376493347365,0.32700776246776275,0.010785740534009297,0.0019032577514310083,0.0029655899120605246,lt3
3949,3950,OADMET-0001117,3.42,train,3to4,1,0.6955238037692394,0.29813140858053316,0.004404251031633285,0.0005378516548347291,0.001402684963759485,lt3
3950,3951,OADMET-0001116,3.21,train,3to4,3,0.7827785478334439,0.2120204233911381,0.0021604464488470614,0.00032493980864994497,0.0027156425179209447,lt3
3951,3952,OADMET-0001115,2.53,train,lt3,0,0.6962171967647511,0.2904821409144091,0.004101674641006497,0.0005544941662221091,0.008644493513611186,lt3
3952,3953,OADMET-0001114,2.55,train,lt3,4,0.43374584610704675,0.5375842266803454,0.023701989206510038,0.002197749138514774,0.0027701888675829506,3to4
3953,3954,OADMET-0001113,3.2,train,3to4,0,0.44169851150292505,0.5093429570791954,0.033206506821367734,0.00436419611355224,0.011387828482959527,3to4
3954,3955,OADMET-0001112,3.08,train,3to4,3,0.37089380286093326,0.5464637983026684,0.060145555274585906,0.007599189198089612,0.01489765436372271,3to4
3955,3956,OADMET-0001111,4.24,train,4to5,1,0.07022233424583069,0.19588458276826892,0.5224226842144712,0.17909760662040652,0.03237279215102266,4to5
3956,3957,OADMET-0001110,2.74,train,lt3,1,0.8908771416225582,0.10677646268020947,0.00046644002581629825,0.00014920102200760013,0.001730754649408533,lt3
3957,3958,OADMET-0001109,2.47,train,lt3,0,0.6864180236930548,0.2816450109812316,0.005509183025957424,0.0009479542283851937,0.025479828071370992,lt3
3958,3959,OADMET-0001108,3.16,train,3to4,0,0.3640803276693609,0.5946489863275287,0.03267968605801791,0.002935530761364256,0.005655469183728222,3to4
3959,3960,OADMET-0001107,2.23,train,lt3,0,0.7260512307975189,0.256254560656211,0.006961116287980316,0.0016166985002160836,0.009116393758073748,lt3
3960,3961,OADMET-0001106,2.45,train,lt3,3,0.864019761567898,0.13295436976819217,0.0006535358787944268,0.0001059621439601378,0.0022663706411553347,lt3
3961,3962,OADMET-0001105,2.88,train,lt3,1,0.27140554709898623,0.6168220621995012,0.09822685989115333,0.009779255809879147,0.0037662750004801666,3to4
3962,3963,OADMET-0001104,3.73,train,3to4,0,0.1694791959448273,0.6552342375831441,0.15208626362904243,0.011719016580156909,0.011481286262829222,3to4
3963,3964,OADMET-0001103,3.94,train,3to4,0,0.010830762792779298,0.19069208348511874,0.6496834119510594,0.13192329941032785,0.01687044236071473,4to5
3964,3965,OADMET-0001102,3.53,train,3to4,1,0.15283028197843437,0.5540991809982188,0.2524518870278007,0.03039081278627429,0.010227837209271895,3to4
3965,3966,OADMET-0001101,4.26,train,4to5,0,0.05286976332379461,0.41112136917397635,0.4474975773086726,0.06819614780730782,0.0203151423862486,4to5
3966,3967,OADMET-0001100,3.43,train,3to4,3,0.4992482839915442,0.48679982442786407,0.011892062325303338,0.0006664193773236113,0.0013934098779647792,lt3
3967,3968,OADMET-0001099,3.92,train,3to4,1,0.25068843084549425,0.4013639047589462,0.2727921276600049,0.05156427936742888,0.02359125736812587,3to4
3968,3969,OADMET-0001098,3.49,train,3to4,0,0.2402603892040518,0.6160698068312794,0.11603858191601454,0.01438012238145814,0.013251099667196094,3to4
3969,3970,OADMET-0001097,4.31,train,4to5,2,0.09611596708344992,0.39520277651818997,0.4002256892398716,0.08222800426541972,0.02622756289306873,4to5
3970,3971,OADMET-0001096,2.3,train,lt3,3,0.5582420681035168,0.42956187205944474,0.009243475964607771,0.0009452738786586473,0.002007309993772054,lt3
3971,3972,OADMET-0001095,3.87,train,3to4,2,0.1072290194175984,0.38908139849565715,0.4224308835394996,0.06689291615608031,0.014365782391164568,4to5
3972,3973,OADMET-0001094,3.09,train,3to4,3,0.5864334580238,0.39218867013451375,0.011383363034116797,0.001556963087121535,0.008437545720447871,lt3
3973,3974,OADMET-0001093,4.08,train,4to5,4,0.004705514785119415,0.024538053336765914,0.36543256248589173,0.49714198986333974,0.10818187952888317,5to6
3974,3975,OADMET-0001092,4.82,train,4to5,4,0.08870990614168447,0.4258851487739842,0.3953110329383501,0.08094090194384165,0.009153010202139588,3to4
3975,3976,OADMET-0001091,4.1,train,4to5,4,0.18908695445151033,0.7141502336629846,0.0850899349109238,0.006528625115797561,0.005144251858783727,3to4
3976,3977,OADMET-0001090,4.32,train,4to5,1,0.0210468087343301,0.1462436221141905,0.5363886546183088,0.2570478411091659,0.039273073424004754,4to5
3977,3978,OADMET-0001089,2.55,train,lt3,3,0.5201405300110452,0.4450850200131385,0.025383723964733297,0.002628331777851947,0.006762394233231045,lt3
3978,3979,OADMET-0001088,5.11,train,5to6,0,0.000204470723699653,0.002713405088639546,0.21438177144271725,0.6387464467962681,0.14395390594867544,5to6
3979,3980,OADMET-0001087,4.88,train,4to5,4,0.02543159288528664,0.049252407561427805,0.2960029724686175,0.36125557201659864,0.2680574550680694,5to6
3980,3981,OADMET-0001086,3.39,train,3to4,1,0.5828300703467116,0.409973978220709,0.0062516936914075606,0.00036724554887417006,0.0005770121922976746,lt3
3981,3982,OADMET-0001085,3.53,train,3to4,3,0.44953070940698575,0.5067293516530725,0.03440371069228259,0.0029993517501442717,0.006336876497514857,3to4
3982,3983,OADMET-0001084,3.46,train,3to4,1,0.25791422277255066,0.6529853532487023,0.07766937688714888,0.0067165207194277475,0.004714526372170372,3to4
3983,3984,OADMET-0001083,3.46,train,3to4,2,0.600672954127749,0.36144086348279425,0.014292493316142423,0.0027736397175956175,0.020820049355718732,lt3
3984,3985,OADMET-0001082,2.11,train,lt3,4,0.6094390748512375,0.3342251776870747,0.019987022499556882,0.003604686119685721,0.03274403884244523,lt3
3985,3986,OADMET-0001081,3.64,train,3to4,3,0.056513794491732224,0.37655175713500927,0.47709203213989193,0.07435621671536533,0.015486199518001292,4to5
3986,3987,OADMET-0001080,5.22,train,5to6,4,0.0004835933453720188,0.0011740224311210276,0.07616877474933854,0.47605028242808906,0.4461233270460794,5to6
3987,3988,OADMET-0001079,3.43,train,3to4,3,0.1429651528596878,0.5796285271644592,0.24620531499385834,0.021991565823554993,0.009209439158439636,3to4
3988,3989,OADMET-0001078,2.93,train,lt3,3,0.3932284312225915,0.3302083525379804,0.0630083440204769,0.018835145488955013,0.19471972672999618,lt3
3989,3990,OADMET-0001077,3.91,train,3to4,0,0.028360760209197776,0.16840785961384888,0.5924968796735223,0.18457934501032422,0.026155155493106857,4to5
3990,3991,OADMET-0001076,4.87,train,4to5,1,0.00028270285943800353,0.004702948619525843,0.31810588287139097,0.5545547197034272,0.122353745946218,5to6
3991,3992,OADMET-0001075,2.27,train,lt3,4,0.647087352159342,0.33733428388525993,0.008935560701161548,0.000996823913802074,0.005645979340434476,lt3
3992,3993,OADMET-0001074,3.04,train,3to4,3,0.47588580181981716,0.49394171740009846,0.02398236062402333,0.0025873081397175582,0.00360281201634353,3to4
3993,3994,OADMET-0001073,3.98,train,3to4,3,0.28917592117542207,0.5859358179732602,0.10304099091050795,0.01064978702404081,0.011197482916769022,3to4
3994,3995,OADMET-0001072,3.62,train,3to4,4,0.47398720316664306,0.4652870104384534,0.05233791923842066,0.004078861679261677,0.0043090054772212255,lt3
3995,3996,OADMET-0001071,2.86,train,lt3,3,0.5350111972696351,0.42858809438825346,0.01864278382093322,0.0028942453664261352,0.014863679154752101,lt3
3996,3997,OADMET-0001070,3.61,train,3to4,0,0.02137745853133623,0.11973175794685609,0.4846997414618808,0.32565062267629435,0.04854041938363256,4to5
3997,3998,OADMET-0001069,2.67,train,lt3,3,0.7558363429586571,0.24047911873038239,0.001872389399853642,0.0002268515598789331,0.001585297351227908,lt3
3998,3999,OADMET-0001068,3.97,train,3to4,2,0.41312697529792786,0.4560599625110626,0.0697116106748581,0.013053447008132935,0.048048004508018494,3to4
3999,4000,OADMET-0001067,3.11,train,3to4,4,0.35576285454112516,0.31282077937935077,0.20223518377323813,0.0451933834808796,0.08398779882540633,lt3
4000,4001,OADMET-0001066,2.42,train,lt3,0,0.29607773185615477,0.6551764686752987,0.04201576164570162,0.00226877492805391,0.004461262894791008,3to4
4001,4002,OADMET-0001065,3.31,train,3to4,3,0.423349856936047,0.5222685332202646,0.0397449209915987,0.003803165625964137,0.01083352322612561,3to4
4002,4003,OADMET-0001064,3.14,train,3to4,4,0.4087798031145245,0.5709673030861119,0.018222845698291443,0.0007379660978227045,0.0012920820032494176,3to4
4003,4004,OADMET-0001063,2.44,train,lt3,1,0.4648493267141462,0.495434586155409,0.032358140009496536,0.004102292968770014,0.0032556541521782615,3to4
4004,4005,OADMET-0001062,3.3,train,3to4,3,0.3924230114204775,0.5290797648263483,0.06106589387634813,0.006759718607791853,0.010671611269034178,3to4
4005,4006,OADMET-0001061,4.08,train,4to5,3,0.45345395462668703,0.46568739144640225,0.05262538351964808,0.006796197895670653,0.02143707251159198,3to4
4006,4007,OADMET-0001060,3.97,train,3to4,2,0.03089318274851376,0.14854278441125082,0.5517338247130077,0.2194190813137291,0.049411126813498706,4to5
4007,4008,OADMET-0001059,3.61,train,3to4,0,0.02675739767329664,0.20590559409520348,0.591066995206712,0.14307233184878843,0.03319768117599945,4to5
4008,4009,OADMET-0001058,4.1,train,4to5,4,0.04600789569347708,0.16217652567388585,0.4966067558753027,0.24994269944513958,0.04526612331219477,4to5
4009,4010,OADMET-0001057,3.65,train,3to4,3,0.5138263622237448,0.46389316788854956,0.015727760024890323,0.001281986225886951,0.005270723636928367,lt3
4010,4011,OADMET-0001056,3.92,train,3to4,4,0.11926642882238676,0.36324244260782446,0.4016280451048867,0.09037839499116058,0.025484688473741475,4to5
4011,4012,OADMET-0001055,2.8,train,lt3,3,0.3808292350985073,0.5523612357769776,0.05593639096408081,0.0038474289646332183,0.007025709195801054,3to4
4012,4013,OADMET-0001054,2.56,train,lt3,3,0.7161504576668432,0.27890884683059103,0.0028566524654195153,0.00027948670128483106,0.0018045563358614336,lt3
4013,4014,OADMET-0001053,4.64,train,4to5,4,0.034349441016473754,0.12921193049532279,0.4753437865474256,0.2979606345599795,0.06313420738079835,4to5
4014,4015,OADMET-0001052,2.85,train,lt3,2,0.6986983431478931,0.28421866946708163,0.004226034049365733,0.0012502032355409176,0.011606750100118574,lt3
4015,4016,OADMET-0001051,2.49,train,lt3,0,0.5854377060742795,0.40738736958321115,0.005004777961948479,0.0004607243101694123,0.0017094220703914346,lt3
4016,4017,OADMET-0001050,2.16,train,lt3,0,0.6529011778064631,0.32541936893580914,0.013442872198544828,0.002165242115412427,0.0060713389437705104,lt3
4017,4018,OADMET-0001049,4.01,train,4to5,3,0.10960587001923838,0.5173364580374774,0.3265602181169517,0.035439031382296184,0.011058422444036408,3to4
4018,4019,OADMET-0001048,2.97,train,lt3,4,0.1957833625788947,0.7396385699414567,0.061425462611855296,0.0023087391256880366,0.0008438657421052186,3to4
4019,4020,OADMET-0001047,3.79,train,3to4,3,0.2463940414129911,0.5624148322956708,0.15139065880278985,0.01849457086895033,0.021305896619597964,3to4
4020,4021,OADMET-0001046,4.23,train,4to5,3,0.0020876347266206405,0.02667621672761236,0.3840131110845195,0.5165578651994202,0.07066517226182735,5to6
4021,4022,OADMET-0001045,4.29,train,4to5,3,0.06770298428228544,0.28802587723654877,0.4299652448306905,0.15160215939276936,0.06270373425770598,4to5
4022,4023,OADMET-0001044,3.2,train,3to4,1,0.8576441730117328,0.14122651067629022,0.0004714379169782932,9.378808746616081e-05,0.0005640903075325821,lt3
4023,4024,OADMET-0001043,3.76,train,3to4,1,0.22970497565398929,0.5425308336642928,0.18421304191609278,0.026068631511053757,0.017482517254571398,3to4
4024,4025,OADMET-0001042,3.87,train,3to4,4,0.08633221416535865,0.563069445208808,0.3098962210290847,0.03291533412163733,0.007786785475111274,3to4
4025,4026,OADMET-0001041,3.76,train,3to4,4,0.8483740015090596,0.14255110791381873,0.001343076920175372,0.00011504606560569744,0.007616767591340555,lt3
4026,4027,OADMET-0001040,3.08,train,3to4,3,0.28753951467434785,0.6217867147173191,0.07874952260991393,0.005206006555066759,0.0067182414433524145,3to4
4027,4028,OADMET-0001039,3.33,train,3to4,4,0.28155651400133813,0.5586172881119045,0.08385462973043237,0.010098527082164029,0.06587304107416099,3to4
4028,4029,OADMET-0001038,3.97,train,3to4,1,0.0530311525940222,0.17943052479619653,0.5049884187619428,0.20745454187623488,0.05509536197160358,4to5
4029,4030,OADMET-0001037,2.68,train,lt3,3,0.6682308417360775,0.3179670322378765,0.00756138900562429,0.0010245351741543938,0.005216201846267358,lt3
4030,4031,OADMET-0001036,2.5,train,lt3,4,0.686537218562809,0.30559570475822984,0.0031056010822493305,0.0002232895486629218,0.00453818604804885,lt3
4031,4032,OADMET-0001035,3.12,train,3to4,0,0.33809647708679563,0.5827178569762336,0.06386681968854349,0.006777806690685195,0.008541039557742134,3to4
4032,4033,OADMET-0001034,3.56,train,3to4,0,0.3676179931934575,0.5169713655073249,0.057758073084070674,0.011092195278601934,0.046560372936545,3to4
4033,4034,OADMET-0001033,2.04,train,lt3,0,0.805179394144769,0.18641760413081881,0.0016067323281835878,0.0004501574602442424,0.006346111935984349,lt3
4034,4035,OADMET-0001032,2.5,train,lt3,3,0.891650681917385,0.09825680462094492,0.0011862486204263325,0.00035207998212473455,0.008554184859119034,lt3
4035,4036,OADMET-0001031,3.73,train,3to4,0,0.24856862611002195,0.6463844824312961,0.08542388741242801,0.007476251628072944,0.012146752418180945,3to4
4036,4037,OADMET-0001030,3.39,train,3to4,3,0.43832017307712284,0.5167017138224377,0.03654966613159211,0.00365097529044743,0.004777471678399911,3to4
4037,4038,OADMET-0001029,2.7,train,lt3,4,0.33742511877364806,0.6142249217478836,0.040494632701875345,0.0026881017738449938,0.005167225002748036,3to4
4038,4039,OADMET-0001028,3.44,train,3to4,1,0.027249672620100734,0.18292308832733645,0.5977980327476365,0.15940887780648996,0.032620328498436275,4to5
4039,4040,OADMET-0001027,3.67,train,3to4,0,0.42791048475674776,0.5465191918175012,0.01961374182141617,0.0018029203876983502,0.004153661216636585,3to4
4040,4041,OADMET-0001026,2.94,train,lt3,4,0.36398124081826627,0.5619409125617363,0.0566560868122194,0.00618597524639836,0.01123578456137966,3to4
4041,4042,OADMET-0001025,2.39,train,lt3,4,0.5404485972059421,0.41193955465318427,0.029579875508651304,0.0041157905272894224,0.013916182104932902,lt3
4042,4043,OADMET-0001024,4.24,train,4to5,3,0.11402699239805023,0.594752782727681,0.2653239045423446,0.020724214410777902,0.005172105921146355,3to4
4043,4044,OADMET-0001023,5.58,train,5to6,0,0.00011526804646859223,0.0006990505937681412,0.0224938592921338,0.3673865123814873,0.6093053096861422,gte6
4044,4045,OADMET-0001022,2.31,train,lt3,1,0.8478646549196677,0.1504042090896765,0.0005640458332080042,0.00014775368051081456,0.0010193364769370099,lt3
4045,4046,OADMET-0001021,1.62,train,lt3,4,0.07814880657011436,0.4080109698849695,0.43820584922242717,0.06515260949648959,0.01048176482599941,4to5
4046,4047,OADMET-0001020,2.74,train,lt3,1,0.7451863332321292,0.2494789325960353,0.002933798140283975,0.0005657292948605538,0.0018352067366909828,lt3
4047,4048,OADMET-0001019,2.31,train,lt3,2,0.7661079064863132,0.22279721197620073,0.003142294198681353,0.0009559553453127365,0.006996631993491981,lt3
4048,4049,OADMET-0001018,3.34,train,3to4,3,0.5586281855821308,0.41679293197636147,0.014120695354545871,0.0019834443615836337,0.008474742725378265,lt3
4049,4050,OADMET-0001017,4.26,train,4to5,3,0.2742102021782601,0.4314873491797035,0.15931866581893459,0.03258904648577344,0.1023947363373284,3to4
4050,4051,OADMET-0001016,3.28,train,3to4,3,0.4443416891930363,0.5265073178359864,0.024877665555729414,0.0017056047211963666,0.002567722694051549,3to4
4051,4052,OADMET-0001015,4.0,train,3to4,2,0.03690446197013725,0.13668251254758682,0.48927690002351065,0.26724866523885493,0.06988746021991035,4to5
4052,4053,OADMET-0001014,4.11,train,4to5,1,0.017131492240257677,0.08187664923255668,0.5214313787008616,0.2969923869223537,0.08256809290397028,4to5
4053,4054,OADMET-0001013,2.37,train,lt3,3,0.5255669263616392,0.44568880614203854,0.014131027027073542,0.001741211598135794,0.01287202887111293,lt3
4054,4055,OADMET-0001012,3.47,train,3to4,3,0.8059244176993728,0.18384283829206413,0.0023719689405254673,0.0005919280826717594,0.007268846985365853,lt3
4055,4056,OADMET-0001011,3.14,train,3to4,3,0.5528572173409958,0.4215049126015259,0.015495195905469751,0.0013335137559712625,0.008809160396037267,lt3
4056,4057,OADMET-0001010,5.6,train,5to6,3,0.007288337380414556,0.061216601218949784,0.5278424658718334,0.36225756153815125,0.04139503399065104,4to5
4057,4058,OADMET-0001009,3.21,train,3to4,0,0.37334621065610574,0.5899992006993828,0.02798795894809148,0.0017069398942846383,0.006959689802135334,3to4
4058,4059,OADMET-0001008,2.78,train,lt3,0,0.4311507856972713,0.5317800538293681,0.024246148296531683,0.0020397060622238546,0.010783306114605068,3to4
4059,4060,OADMET-0001007,1.63,train,lt3,0,0.538611751868653,0.4039299354520508,0.01973635638073026,0.004035490897242048,0.03368646540132396,lt3
4060,4061,OADMET-0001006,4.26,train,4to5,0,0.012330406932242022,0.052398676451332594,0.4426598127188213,0.3871312033255248,0.10547990057207922,4to5
4061,4062,OADMET-0001005,2.67,train,lt3,3,0.8565726326581355,0.1390542395489782,0.0010181019370609126,0.00020672899084315846,0.0031482968649822057,lt3
4062,4063,OADMET-0001004,2.79,train,lt3,1,0.8513694217109208,0.1434909621033187,0.0013692428547773887,0.0004162063031882097,0.0033541670277948943,lt3
4063,4064,OADMET-0001003,3.49,train,3to4,0,0.41799207266866395,0.5576818021105489,0.01949433456768998,0.0017987818852325532,0.0030330087678646063,3to4
4064,4065,OADMET-0001002,3.6,train,3to4,3,0.5023342499641625,0.466123324649773,0.02390633025898047,0.00289823261993136,0.004737862507152575,lt3
4065,4066,OADMET-0001001,2.92,train,lt3,0,0.4641636128556511,0.5198722872304915,0.011937220109081102,0.0008312735261608192,0.0031956062786154993,3to4
4066,4067,OADMET-0001000,2.65,train,lt3,1,0.5498758489164365,0.4263509461321174,0.015849774515177474,0.0022149479219311977,0.005708482514337495,lt3
4067,4068,OADMET-0000999,4.84,train,4to5,3,0.011451525251053406,0.062495032209128984,0.501240535599945,0.35861249622625774,0.06620041071361493,4to5
4068,4069,OADMET-0000998,2.57,train,lt3,0,0.670251816819051,0.30572830285349645,0.009534461935513348,0.002555386283675207,0.011930032108264028,lt3
4069,4070,OADMET-0000997,3.07,train,3to4,4,0.6264280861891023,0.36633593926179975,0.004337439907321866,0.00025153373296217584,0.0026470009088139608,lt3
4070,4071,OADMET-0000996,4.55,train,4to5,3,0.0008123002459911391,0.007843771929321463,0.33409160290029655,0.5785294160331079,0.07872290889128297,5to6
4071,4072,OADMET-0000995,2.93,train,lt3,1,0.3687954436399453,0.6082830249919084,0.021070520704281313,0.0010024831567858068,0.0008485275070791296,3to4
4072,4073,OADMET-0000994,3.14,train,3to4,2,0.39311452202604913,0.5508104770517204,0.0446668246844843,0.0035434920746008204,0.007864684163145449,3to4
4073,4074,OADMET-0000993,2.75,train,lt3,4,0.4277126357610135,0.5574788665686228,0.012267461518570319,0.00041188947345706064,0.0021291466783363113,3to4
4074,4075,OADMET-0000992,3.26,train,3to4,1,0.31790245353827923,0.6319524803380856,0.04639821922716933,0.0023867164945133227,0.0013601304019524576,3to4
4075,4076,OADMET-0000991,3.17,train,3to4,3,0.9401708458158222,0.048211739558864306,0.0005642442393286042,0.00020328170381699354,0.0108498886821679,lt3
4076,4077,OADMET-0000990,4.39,train,4to5,4,0.07779156886406279,0.38324476912310235,0.4608009890555985,0.07326238343122363,0.004900289526012724,4to5
4077,4078,OADMET-0000989,3.63,train,3to4,0,0.3426812195401298,0.5088239766054607,0.12110491503668255,0.016201318720318787,0.011188570097408162,3to4
4078,4079,OADMET-0000988,3.79,train,3to4,0,0.2394335171812449,0.5196112181405597,0.17594014877326178,0.031342568454264655,0.03367254745066903,3to4
4079,4080,OADMET-0000987,4.19,train,4to5,3,0.32278418364342576,0.6301757062764072,0.04191184766010185,0.0017788215675851547,0.003349440852480042,3to4
4080,4081,OADMET-0000986,3.86,train,3to4,1,0.0745686361598325,0.4257380334605423,0.4246101943805054,0.05672375443038527,0.018359381568734484,3to4
4081,4082,OADMET-0000985,4.55,train,4to5,4,0.04860767621217349,0.26296313086318585,0.5359850825361022,0.12479096603343073,0.027653144355107715,4to5
4082,4083,OADMET-0000984,3.92,train,3to4,3,0.1421459962235781,0.5803879103384472,0.24967735376028538,0.021019049713113195,0.006769689964576185,3to4
4083,4084,OADMET-0000983,2.32,train,lt3,4,0.763717701333471,0.23344814150916288,0.0009229425086175135,6.0162770753316826e-05,0.0018510518779952148,lt3
4084,4085,OADMET-0000982,3.01,train,3to4,1,0.6935744783729425,0.30187287500569526,0.003173947289488149,0.0003972131761067899,0.0009814861557673202,lt3
4085,4086,OADMET-0000981,3.99,train,3to4,3,0.09225357268038371,0.5558322634427718,0.32316809697021487,0.02434851214451219,0.004397554762117466,3to4
4086,4087,OADMET-0000980,2.74,train,lt3,3,0.35454514300961576,0.6003720797251836,0.039071191188768374,0.002061140065906563,0.00395044601052571,3to4
4087,4088,OADMET-0000979,3.6,train,3to4,2,0.18845475386947455,0.6445839037133272,0.15059614714482203,0.011522937042519084,0.004842258229857136,3to4
4088,4089,OADMET-0000978,4.25,train,4to5,3,0.04222483607632856,0.10779403270550854,0.3999756321308274,0.3261259532659421,0.12387954582139342,4to5
4089,4090,OADMET-0000977,2.68,train,lt3,1,0.47377971585027484,0.4976204729617948,0.023711534231417263,0.0024698427505201043,0.0024184342059929923,3to4
4090,4091,OADMET-0000976,3.81,train,3to4,1,0.1051354302335148,0.49334951276646793,0.35495980048387427,0.038265449631660974,0.00828980688448204,3to4
4091,4092,OADMET-0000975,3.28,train,3to4,0,0.5998630541139953,0.3753517281012369,0.01133400205096114,0.0017758494993201734,0.011675366234486475,lt3
4092,4093,OADMET-0000974,3.64,train,3to4,3,0.4697706125718089,0.5095291434784084,0.01766630158482399,0.0011509843659475306,0.001882957999011172,3to4
4093,4094,OADMET-0000973,4.06,train,4to5,0,0.027223652367286046,0.1958190972770577,0.5742607349066716,0.167178664944927,0.03551785050405764,4to5
4094,4095,OADMET-0000972,4.36,train,4to5,1,0.004792641991157591,0.059493103906306744,0.617321867266949,0.29180655753036017,0.026585829305226485,4to5
4095,4096,OADMET-0000971,3.09,train,3to4,0,0.35758000878676777,0.6012861177421072,0.032575361673350345,0.0029798560066510438,0.005578655791123627,3to4
4096,4097,OADMET-0000970,4.25,train,4to5,4,0.07337358833323648,0.4227137572310697,0.4153923404039506,0.07231511422310169,0.016205199808641536,3to4
4097,4098,OADMET-0000969,3.92,train,3to4,2,0.026081248680630255,0.22881984327104204,0.59686755133456,0.13209861295504957,0.01613274375871812,4to5
4098,4099,OADMET-0000968,3.94,train,3to4,0,0.193109000859879,0.5948078942571228,0.1738382817571459,0.02184594163985246,0.0163988814859999,3to4
4099,4100,OADMET-0000967,3.13,train,3to4,2,0.3434594981568702,0.5408954200626721,0.08343670789178906,0.011772754985882365,0.02043561890278632,3to4
4100,4101,OADMET-0000966,3.9,train,3to4,3,0.08510518509978222,0.4534705414573186,0.40708370518287224,0.045031970593848406,0.009308597666178543,3to4
4101,4102,OADMET-0000965,2.96,train,lt3,0,0.762392200870292,0.23189628944845406,0.001414650195414055,0.00035133526111823216,0.003945524224721593,lt3
4102,4103,OADMET-0000964,3.15,train,3to4,4,0.38231364380386185,0.5373376853637044,0.0567289851875706,0.005183217709115483,0.018436467935747696,3to4
4103,4104,OADMET-0000963,3.93,train,3to4,3,0.38518341422347624,0.5365792795240221,0.05522763274643687,0.007021998890436196,0.01598767461562866,3to4
4104,4105,OADMET-0000962,4.39,train,4to5,4,0.0668187290430069,0.1307925432920456,0.44719818234443665,0.20547452569007874,0.14971601963043213,4to5
4105,4106,OADMET-0000961,2.44,train,lt3,1,0.6608361856300307,0.32924894776817726,0.006711744822094368,0.0010568869219559952,0.002146234857741711,lt3
4106,4107,OADMET-0000960,3.63,train,3to4,3,0.2687323541603435,0.6199375141377103,0.09037229923749152,0.008415220775560705,0.012542611688893942,3to4
4107,4108,OADMET-0000959,2.7,train,lt3,4,0.6733362816788956,0.32143086873220106,0.002693977729450383,0.00016007791028988097,0.0023787939491631003,lt3
4108,4109,OADMET-0000958,2.56,train,lt3,2,0.7801546767565676,0.21091555784221316,0.0015715632483430729,0.00038009944623324817,0.0069781027066429385,lt3
4109,4110,OADMET-0000957,3.56,train,3to4,2,0.2937548753684049,0.5209709468234291,0.14481975144690587,0.021872531244551355,0.01858189511670874,3to4
4110,4111,OADMET-0000956,2.94,train,lt3,3,0.8174407361290681,0.14484984958591743,0.004325330193466864,0.001535333553912658,0.031848750537634904,lt3
4111,4112,OADMET-0000955,3.66,train,3to4,0,0.37565513115851673,0.4724233281313568,0.10883133473285407,0.021573689934052325,0.02151651604322008,3to4
4112,4113,OADMET-0000954,2.48,train,lt3,4,0.626635760189683,0.3659755414228073,0.004890589277509307,0.0002241859659301507,0.002273923144070143,lt3
4113,4114,OADMET-0000953,2.73,train,lt3,0,0.6423785327348985,0.3497466845477646,0.0036158399031838502,0.00041915244058496787,0.003839790373568036,lt3
4114,4115,OADMET-0000952,3.99,train,3to4,1,0.15719008855644845,0.3267777647355361,0.3668621874154929,0.1069353101720928,0.04223464912042969,4to5
4115,4116,OADMET-0000951,3.33,train,3to4,0,0.9137965835738515,0.07850427752857697,0.0006169345443369089,0.0002133596525149217,0.006868844700719736,lt3
4116,4117,OADMET-0000950,3.79,train,3to4,1,0.02613262695872494,0.20702961497599404,0.6125116624863324,0.1344154854051143,0.01991061017383433,4to5
4117,4118,OADMET-0000949,3.08,train,3to4,3,0.44363090364649493,0.5206132281187634,0.028195966046757136,0.0019233070893921362,0.005636595098592318,3to4
4118,4119,OADMET-0000948,3.13,train,3to4,3,0.8047005663215535,0.18971765345586541,0.0017540825346513732,0.0003044107337403785,0.003523286954189276,lt3
4119,4120,OADMET-0000947,2.15,train,lt3,1,0.2407603195564556,0.45687224012557476,0.24094677779272572,0.043894385528003683,0.017526276997240235,3to4
4120,4121,OADMET-0000946,2.52,train,lt3,0,0.5455641971657179,0.3652617086990692,0.04421939772738513,0.010333098699975568,0.034621597707852135,lt3
4121,4122,OADMET-0000945,3.26,train,3to4,4,0.6104397704099425,0.37282397917742494,0.009968750996406005,0.0009075438034558561,0.005859955612770788,lt3
4122,4123,OADMET-0000944,2.54,train,lt3,1,0.8055816617779085,0.18992688612909173,0.001544104138593411,0.00042646900712867,0.0025208789472777843,lt3
4123,4124,OADMET-0000943,2.61,train,lt3,3,0.8054871370546054,0.19249818768396532,0.0008175754146144196,0.00010711415711053009,0.0010899856897043795,lt3
4124,4125,OADMET-0000942,2.26,train,lt3,4,0.32558532457698913,0.5807893677536238,0.07396229108549424,0.008495954511822796,0.011167062072070097,3to4
4125,4126,OADMET-0000941,3.86,train,3to4,0,0.3132740576586942,0.6120404056740377,0.06287665850974537,0.006123345266301676,0.00568553289122098,3to4
4126,4127,OADMET-0000940,3.09,train,3to4,3,0.6841590003598196,0.2991962816220579,0.006905920534854584,0.0010497140764701121,0.008689083406797778,lt3
4127,4128,OADMET-0000939,4.76,train,4to5,1,0.009840424883952181,0.041551510805975404,0.425980498806078,0.40965481676932836,0.11297274873466606,4to5
4128,4129,OADMET-0000938,2.34,train,lt3,4,0.8150363447661854,0.1818926441328546,0.00074724356846473,4.408088975627958e-05,0.0022796866427390178,lt3
4129,4130,OADMET-0000937,2.83,train,lt3,0,0.5544372228720226,0.424025031066625,0.011592123715493516,0.0017913911814137619,0.008154231164445162,lt3
4130,4131,OADMET-0000936,3.96,train,3to4,3,0.2864603852211863,0.6270917934710561,0.07660094263362614,0.0052958938423746564,0.0045509848317567434,3to4
4131,4132,OADMET-0000935,2.59,train,lt3,0,0.4464404732359136,0.5236930672805503,0.023683912263531365,0.0020286386622825336,0.00415390855772213,3to4
4132,4133,OADMET-0000934,2.14,train,lt3,4,0.5403528697575896,0.41829939809892175,0.015408338659596132,0.0019623415603655394,0.023977051923527004,lt3
4133,4134,OADMET-0000933,4.05,train,4to5,4,0.013584083796733334,0.10940676857480641,0.6277278790080637,0.22194017306415936,0.027341095556237135,4to5
4134,4135,OADMET-0000932,2.64,train,lt3,3,0.8624182340220014,0.1318642645575387,0.0010195120699571661,0.00023677540584822183,0.004461213944654569,lt3
4135,4136,OADMET-0000931,4.35,train,4to5,1,0.07216302493639729,0.319670625916475,0.4908404478277383,0.09580967080096787,0.02151623051842158,4to5
4136,4137,OADMET-0000930,2.76,train,lt3,4,0.7066308865470643,0.2747295204502751,0.005662621937822568,0.0005305656821119488,0.012446405382726069,lt3
4137,4138,OADMET-0000929,2.13,train,lt3,4,0.8180378653316746,0.18097666028429493,0.0003757742240640434,2.1345724441183626e-05,0.0005883544355252797,lt3
4138,4139,OADMET-0000928,1.88,train,lt3,0,0.8613984602482696,0.1334922316429206,0.0006796114044238524,0.00018192325697820603,0.00424777344740776,lt3
4139,4140,OADMET-0000927,2.32,train,lt3,3,0.8676980910965029,0.1274792043408379,0.001133820103684919,0.0002858216910920401,0.003403062767882333,lt3
4140,4141,OADMET-0006617,3.515,as1,3to4,0,0.09736965651085408,0.43514362220732655,0.3888011596471136,0.05444500253225678,0.024240559102448964,3to4
4141,4143,OADMET-0006615,5.335,as1,5to6,0,0.0004799680887070463,0.0025178727156380328,0.07309577593220788,0.4807150648234506,0.44319131843999643,5to6
4142,4146,OADMET-0006612,4.28,as1,4to5,4,0.01298801504172008,0.08600068813375937,0.613524912073673,0.26177120135602205,0.025715183394825505,4to5
4143,4148,OADMET-0006610,4.949999999999999,as1,4to5,0,0.00014445106226284378,0.0016132148658022686,0.06293408200304872,0.4830120814159873,0.4522961706528989,5to6
4144,4149,OADMET-0006609,2.015,as1,lt3,4,0.5497340368686988,0.4435239577947391,0.005505414488093141,0.00022635874423978738,0.0010102321042291446,lt3
4145,4152,OADMET-0006606,5.49,as1,5to6,1,0.00026659192083843447,0.0037266592006723834,0.21358352085864088,0.5764156360374744,0.20600759198237392,5to6
4146,4154,OADMET-0006604,4.715,as1,4to5,4,0.03240029195622099,0.22906968381558945,0.5799115397393775,0.13958800073022395,0.01903048375858805,4to5
4147,4155,OADMET-0006603,2.275,as1,lt3,1,0.4396479629104183,0.5358706594817859,0.021224122027475496,0.0014977552598486952,0.0017595003204716416,3to4
4148,4158,OADMET-0006600,3.99,as1,3to4,0,0.0758112047526954,0.49999801628298257,0.3645703372317067,0.04182992362801242,0.017790518104602908,3to4
4149,4159,OADMET-0006599,2.3600000000000003,as1,lt3,3,0.25486654887163135,0.5368954089278478,0.14711888391459402,0.025838505173599844,0.035280653112326955,3to4
4150,4161,OADMET-0006597,5.215,as1,5to6,0,0.0009584914530474092,0.005174414498990527,0.1245190932523101,0.5193712956510788,0.34997670514457324,5to6
4151,4162,OADMET-0006596,4.89,as1,4to5,4,0.18507129340938966,0.2638337454894933,0.31223328040639875,0.0990252435788367,0.13983643711588162,4to5
4152,4165,OADMET-0006593,4.46,as1,4to5,4,0.200958603217646,0.5403342075912626,0.19987695776315725,0.029320652599537568,0.029509578828396575,3to4
4153,4169,OADMET-0006589,3.42,as1,3to4,3,0.20137923655838913,0.48696859945403637,0.23727024738087882,0.0356984095916389,0.0386835070150568,3to4
4154,4171,OADMET-0006587,5.31,as1,5to6,3,0.0005169947634532016,0.006278396163459752,0.3053875956974736,0.5940843422553107,0.09373267112030273,5to6
4155,4173,OADMET-0006585,4.215,as1,4to5,2,0.12870316495082895,0.3302944078362228,0.38124305861986557,0.08693742201337416,0.07282194657970846,4to5
4156,4176,OADMET-0006582,4.67,as1,4to5,3,0.03972180752599052,0.32530720617247255,0.5321857590914326,0.09417043337306244,0.008614793837041855,4to5
4157,4177,OADMET-0006581,5.395,as1,5to6,2,0.026296016026168045,0.02655327338201684,0.061268299663211796,0.31012834134630185,0.5757540695823015,gte6
4158,4178,OADMET-0006580,5.265,as1,5to6,2,0.03252492796592522,0.10884779529500313,0.3534117586402333,0.35353263685803654,0.1516828812408018,5to6
4159,4179,OADMET-0006579,5.15,as1,5to6,3,0.007479409499145991,0.04999656849549399,0.4785654424491646,0.4056106405784494,0.05834793897774596,4to5
4160,4180,OADMET-0006578,4.890000000000001,as1,4to5,3,0.0005635869344261747,0.0058743007243022526,0.19215963398347405,0.5936541439133163,0.20774833444448126,5to6
4161,4184,OADMET-0006574,5.405,as1,5to6,0,0.0016413413291147846,0.012796298292368447,0.18573122769054443,0.5450068580898899,0.25482427459808243,5to6
4162,4185,OADMET-0006573,4.775,as1,4to5,0,0.2469270490567826,0.37578021920054827,0.24297433729508017,0.07200438421958112,0.06231401022800788,3to4
4163,4188,OADMET-0006570,4.84,as1,4to5,4,0.00013482120844319316,0.0005265779269134661,0.07061456065451915,0.5042612496654134,0.42446279054471076,5to6
4164,4189,OADMET-0006568,5.105,as1,5to6,0,0.0037485088226806578,0.017807529263852925,0.35395665740285176,0.5128656881286896,0.11162161638192504,5to6
4165,4190,OADMET-0006567,4.835,as1,4to5,2,0.003972601631515947,0.02381869976502177,0.4033403715289869,0.49182552351154424,0.07704280356293118,5to6
4166,4191,OADMET-0006566,1.945,as1,lt3,3,0.15784646864694485,0.4539468074952589,0.32169587019264456,0.04640296560531418,0.02010788805983752,3to4
4167,4192,OADMET-0006565,4.975,as1,4to5,0,0.029909062597733564,0.09335627404168288,0.5030890300258467,0.30062130666018244,0.07302432667455441,4to5
4168,4193,OADMET-0006564,5.13,as1,5to6,3,0.0005863516785380099,0.004366393724408197,0.21204865258973116,0.607251652158222,0.17574694984910064,5to6
4169,4195,OADMET-0006561,5.305,as1,5to6,4,0.0001588062897388369,0.0002717039930279083,0.02984124644771227,0.3680214926828926,0.6017067505866284,gte6
4170,4197,OADMET-0006559,4.245,as1,4to5,0,0.051916093311109864,0.29521543172468995,0.5248808929215488,0.10055837166292332,0.027429210379728064,4to5
4171,4199,OADMET-0006557,4.63,as1,4to5,4,0.01691283894815561,0.015724445230497278,0.13944189666038442,0.37178556238965876,0.4561352567713039,gte6
4172,4201,OADMET-0006555,5.335,as1,5to6,3,0.000489927956077231,0.003969221467836187,0.09631595238657605,0.4876311534362146,0.4115937447532959,5to6
4173,4204,OADMET-0006552,5.41,as1,5to6,4,0.0064072533964570355,0.07019671000393696,0.6041142895511218,0.30189728511946434,0.017384461929019823,4to5
4174,4208,OADMET-0006548,4.065,as1,4to5,2,0.05051069228305428,0.34396585101333293,0.519722748832999,0.07837364658396034,0.007427061286653505,4to5
4175,4209,OADMET-0006547,4.925000000000001,as1,4to5,1,0.0022058053801578296,0.023437412379280716,0.47118905033062985,0.42081898313680066,0.08234874877313095,4to5
4176,4210,OADMET-0006546,6.72,as1,gte6,1,0.00015753758864114672,0.0011451311513029216,0.0338680062909381,0.34198107234078823,0.6228482526283297,gte6
4177,4211,OADMET-0006545,4.96,as1,4to5,3,0.0011942862597633342,0.009205918629430682,0.3059356169521099,0.5569032948248439,0.1267608833338522,5to6
4178,4212,OADMET-0006544,4.87,as1,4to5,4,0.05110648857651221,0.3354627979865902,0.5174507334890543,0.08482366531714366,0.011156314630699625,4to5
4179,4214,OADMET-0006542,5.565,as1,5to6,1,0.0010125755083723043,0.010066522506494932,0.2465101604600021,0.540176532307293,0.2022342092178377,5to6
4180,4216,OADMET-0006540,5.805,as1,5to6,1,0.0003046812047479599,0.0034041422585647228,0.12864930028470103,0.520930016123095,0.34671186012889127,5to6
4181,4217,OADMET-0006539,5.390000000000001,as1,5to6,3,0.005243634439534048,0.028767100153235303,0.4648834257667048,0.4328578793197745,0.06824796032075135,4to5
4182,4219,OADMET-0006536,4.605,as1,4to5,4,0.002236752532281848,0.015782732476105434,0.4054561545001302,0.49043714874544914,0.08608721174603344,5to6
4183,4221,OADMET-0006534,2.8200000000000003,as1,lt3,2,0.022249604429137492,0.11533747799922818,0.5623594250132422,0.24775979213089758,0.05229370042749455,4to5
4184,4222,OADMET-0006533,4.655,as1,4to5,3,0.10655166288131224,0.5699247164273613,0.29332265476377795,0.02327737788317634,0.0069235880443721115,3to4
4185,4223,OADMET-0006532,5.25,as1,5to6,0,0.00806539299925769,0.044030326283733844,0.4823631825470899,0.39084669001212907,0.07469440815778951,4to5
4186,4224,OADMET-0006531,5.955,as1,5to6,2,0.005296923299087931,0.01723114426778472,0.23121382640620808,0.525766320910548,0.2204917851163713,5to6
4187,4225,OADMET-0006530,5.445,as1,5to6,4,0.0011063003752868103,0.0049749970649253066,0.16568225383006507,0.5243792458177746,0.3038572029119482,5to6
4188,4226,OADMET-0006529,5.375,as1,5to6,4,0.06980933027945717,0.40630845929078047,0.45552708256252034,0.05856789463077819,0.009787233236463806,4to5
4189,4229,OADMET-0006525,4.415,as1,4to5,1,0.049931284691242486,0.3985706321708754,0.4695861102772928,0.06996502073436071,0.011946952126228557,4to5
4190,4231,OADMET-0006523,4.76,as1,4to5,2,0.0028908488191361293,0.014971192158676226,0.27340957821585476,0.5498007596099367,0.15892762119639622,5to6
4191,4232,OADMET-0006522,5.625,as1,5to6,2,0.004553345963358879,0.025337131693959236,0.3550143241882324,0.5040125250816345,0.11108267307281494,5to6
4192,4234,OADMET-0006520,4.845000000000001,as1,4to5,4,0.014060403969945071,0.059653210388009546,0.515369434089957,0.34603590014106456,0.06488105141102395,4to5
4193,4237,OADMET-0006517,4.244999999999999,as1,4to5,1,0.019744411864803066,0.19134586290007494,0.6324432733749731,0.1422731483664355,0.01419330349371344,4to5
4194,4239,OADMET-0006515,5.23,as1,5to6,0,0.029905416715412872,0.12657360303366955,0.607576182747126,0.20095853701817648,0.03498626048561506,4to5
4195,4240,OADMET-0006514,2.725,as1,lt3,3,0.17405302579440607,0.6168105516096966,0.1874135110422944,0.014446865565420144,0.0072760459881828264,3to4
4196,4243,OADMET-0006511,3.655,as1,3to4,2,0.06380821318773926,0.41632476521250106,0.45271837529365144,0.05816920067864465,0.008979445627463589,4to5
4197,4247,OADMET-0006507,4.465,as1,4to5,2,0.019814696568924303,0.12092097351351885,0.6106719499777843,0.2184995010560276,0.030092878883744904,4to5
4198,4248,OADMET-0006506,2.2,as1,lt3,4,0.3052253830711351,0.6361130079072234,0.0514701535473575,0.0034415868757420027,0.0037498685985419937,3to4
4199,4250,OADMET-0006504,5.15,as1,5to6,0,0.00030320656322126675,0.0035674418951928905,0.1106596310582168,0.5381757711914402,0.3472939492919288,5to6
4200,4253,OADMET-0006501,4.27,as1,4to5,3,0.06754237363083382,0.37024265251872945,0.4702645505199987,0.07530768904605739,0.016642734284380567,4to5
4201,4255,OADMET-0006499,5.065,as1,5to6,0,0.003905071488635795,0.043678810943598705,0.5357950712505362,0.36429695824748376,0.05232408806974556,4to5
4202,4260,OADMET-0006494,4.295,as1,4to5,3,0.009003921017810433,0.08862619459123244,0.6219236578509101,0.26162006305889884,0.018826163481148253,4to5
4203,4264,OADMET-0006490,3.245,as1,3to4,1,0.3239029841243459,0.5746357787471885,0.09130339875062468,0.0075182025197927035,0.0026396358580481464,3to4
4204,4270,OADMET-0006484,5.51,as1,5to6,4,0.0017319604693766973,0.004441580480749533,0.08779022339815391,0.38314998935561223,0.5228862462961076,gte6
4205,4272,OADMET-0006482,6.035,as1,gte6,0,0.0005648431860136016,0.0029097788637028024,0.016700413155837045,0.27524101862330463,0.704583946171142,gte6
4206,4276,OADMET-0006477,5.35,as1,5to6,0,0.00346193714613123,0.026656182166313453,0.4415257818722597,0.44600632257146705,0.08234977624382857,5to6
4207,4280,OADMET-0006472,1.755,as1,lt3,4,0.3959375801756663,0.5792733856969404,0.02282244831425406,0.0009897034324932302,0.000976882380645913,3to4
4208,4283,OADMET-0006469,4.58,as1,4to5,2,0.03222232744511827,0.18353507264582575,0.5646406517297151,0.1850855832004097,0.034516364978931194,4to5
4209,4284,OADMET-0006468,5.87,as1,5to6,2,0.00420915201794529,0.02342904579187763,0.41566679481681,0.4747481712685867,0.0819468361047804,5to6
4210,4289,OADMET-0006463,5.54,as1,5to6,0,0.003366248544146324,0.04608665164012575,0.5600426354830058,0.34350557102918955,0.04699889330353264,4to5
4211,4290,OADMET-0006462,5.550000000000001,as1,5to6,1,0.00027779721389699624,0.003235745802844648,0.13339734992978403,0.5393373733904646,0.3237517336630098,5to6
4212,4291,OADMET-0006461,5.34,as1,5to6,3,0.011517068650055477,0.07232026185870805,0.5551151767680371,0.31271491211893754,0.04833258060426181,4to5
4213,4292,OADMET-0006460,1.98,as1,lt3,2,0.5197093429409327,0.4523009089188439,0.013892738264501407,0.0016327628675634161,0.012464247008158503,lt3
4214,4294,OADMET-0006458,1.945,as1,lt3,0,0.07965759514359216,0.35174371253393905,0.4414650978748354,0.09249878308730801,0.03463481136032538,4to5
4215,4297,OADMET-0006455,6.225,as1,gte6,0,0.0038980719076274445,0.017775689504292543,0.22049344234147003,0.5368840489422474,0.2209487473043626,5to6
4216,4299,OADMET-0006453,5.135,as1,5to6,2,0.0007292491604379288,0.0038369789067400706,0.13207398979486243,0.5235817089238551,0.33977807321410447,5to6
4217,4300,OADMET-0006452,4.72,as1,4to5,2,0.017504863669227894,0.17074391468466707,0.6200787505890266,0.1740035139359992,0.01766895712107923,4to5
4218,4301,OADMET-0006451,5.11,as1,5to6,4,0.0037707232009427287,0.01651729253510056,0.3200370337810213,0.5057066029969609,0.15396834748597452,5to6
4219,4303,OADMET-0006449,4.465,as1,4to5,2,0.0019505050915039378,0.007550376087687622,0.1627107776828278,0.5074350578696531,0.32035328326832757,5to6
4220,4307,OADMET-0006445,5.029999999999999,as1,5to6,0,0.0033018734388471677,0.011665488128830104,0.14178966911369156,0.4825540886920064,0.3606888806266248,5to6
4221,4308,OADMET-0006443,4.6850000000000005,as1,4to5,2,0.02807170913408534,0.22586056716289687,0.6059156094076984,0.1260575659166513,0.014094548378668064,4to5
4222,4309,OADMET-0006442,4.75,as1,4to5,0,0.031298171612254636,0.27454990046266503,0.5614944675509093,0.10681877245448987,0.02583868791968119,4to5
4223,4310,OADMET-0006441,4.734999999999999,as1,4to5,2,0.0006809065022012922,0.0030025873791665408,0.08898473997921652,0.4781013577745512,0.4292304083648645,5to6
4224,4311,OADMET-0006440,5.165,as1,5to6,0,0.016256341498728115,0.0550221979894575,0.1285356415440338,0.34453364757497695,0.4556521713928036,gte6
4225,4312,OADMET-0006439,1.745,as1,lt3,3,0.024414147545028356,0.11130675383229822,0.5258470040525159,0.2718551386036501,0.0665769559665073,4to5
4226,4316,OADMET-0006435,2.475,as1,lt3,1,0.315917175709017,0.5278967217094456,0.13753758876839164,0.01446324919471363,0.004185264618432105,3to4
4227,4318,OADMET-0006433,1.845,as1,lt3,4,0.34336847314714053,0.6299740121535012,0.024962309928106052,0.0009803328501038064,0.0007148719211483909,3to4
4228,4320,OADMET-0006431,4.005,as1,4to5,2,0.04016889869600502,0.26961659481171757,0.5464172180080602,0.12558334644790695,0.018213942036310292,4to5
4229,4321,OADMET-0006430,5.285,as1,5to6,0,0.008903094984598561,0.02905679698891806,0.07433405834370142,0.3154893335324352,0.5722167161503467,gte6
4230,4322,OADMET-0006429,5.37,as1,5to6,4,0.0005208523711181118,0.00041021963610263305,0.011272546331321612,0.16377108557055509,0.8240252960909026,gte6
4231,4324,OADMET-0006427,3.38,as1,3to4,0,0.060523542036248074,0.32380391373499906,0.47483127097901967,0.10392568647584641,0.03691558677388678,4to5
4232,4327,OADMET-0006424,5.38,as1,5to6,2,0.0004242548255907917,0.00047631275913395644,0.0018734084196357524,0.05531869011032601,0.9419073338853134,gte6
4233,4331,OADMET-0006420,6.140000000000001,as1,gte6,2,0.0004841942755355911,0.0009271059326478666,0.0059842279700725405,0.09704881688741042,0.8955556549343335,gte6
4234,4333,OADMET-0006418,3.84,as1,3to4,4,0.18210988838264497,0.6801476925765436,0.12704558392467794,0.007343805700000903,0.0033530294161325403,3to4
4235,4335,OADMET-0006416,6.015,as1,gte6,2,0.0005745758319483451,0.001248037987772934,0.009754378038984953,0.12908711362108527,0.8593358945202085,gte6
4236,4336,OADMET-0006415,5.505000000000001,as1,5to6,0,0.0051134917027849235,0.019385896298153203,0.14862264443635234,0.4710385422420746,0.35583942532063495,5to6
4237,4337,OADMET-0006414,3.74,as1,3to4,2,0.11496745527332054,0.4920172278765303,0.3342062455088309,0.04342275384294908,0.0153863174983692,3to4
4238,4338,OADMET-0006413,5.995,as1,5to6,2,0.006749309315512758,0.029551674652679348,0.4121622540547626,0.4608632470191591,0.09067351495788623,5to6
4239,4339,OADMET-0006412,5.735,as1,5to6,2,0.000362658633720277,0.0005710445588990676,0.0038653755783107304,0.09510535572433221,0.9000955655047377,gte6
4240,4341,OADMET-0006410,2.535,as1,lt3,1,0.20155604427701662,0.42649078885501274,0.3073836900256462,0.05091375919233902,0.013655717649985412,3to4
4241,4342,OADMET-0006409,6.005,as1,gte6,2,0.006869407641219969,0.012264575460860924,0.05426248753908475,0.34687214104495917,0.5797313883138752,gte6
4242,4343,OADMET-0006408,5.805,as1,5to6,2,0.00029746750100148546,0.0008646756343106142,0.011755944594396155,0.20034862089153274,0.786733291378759,gte6
4243,4347,OADMET-0006404,5.465,as1,5to6,3,5.2185453044629314e-05,0.00043341738957304354,0.04959164968958017,0.5100988783323575,0.4398238691354447,5to6
4244,4348,OADMET-0006401,4.74,as1,4to5,1,0.01570721231983217,0.1507827681866564,0.6269319805811806,0.18078613491752535,0.025791903994805455,4to5
4245,4349,OADMET-0006400,4.835,as1,4to5,3,0.0016189463139100703,0.014960514177305711,0.40947809687586045,0.5160493459012158,0.057893096731708026,5to6
4246,4350,OADMET-0006399,5.17,as1,5to6,3,0.008492561648432024,0.04379503253550604,0.4114195837722699,0.4420425714852004,0.09425025055859165,5to6
4247,4353,OADMET-0006396,5.779999999999999,as1,5to6,2,0.0011958812564591133,0.010004561173163048,0.33461504434504796,0.5624493236111743,0.09173518961415555,5to6
4248,4354,OADMET-0006395,5.07,as1,5to6,0,0.009874293267982108,0.08218524344796475,0.6269524494964785,0.24930038258786033,0.0316876311997143,4to5
4249,4356,OADMET-0006393,5.3100000000000005,as1,5to6,1,0.0012070473796219254,0.007857778313693851,0.20945046393746525,0.5318433746211833,0.2496413357480357,5to6
4250,4362,OADMET-0006386,6.26,as1,gte6,2,0.0038943361011036736,0.006111947525019493,0.025172781848636028,0.2557288285028498,0.709092106022391,gte6
4251,4363,OADMET-0006385,4.125,as1,4to5,1,0.03513327492407414,0.28470378133092084,0.5633418961952905,0.10386933028403184,0.012951717265682724,4to5
4252,4369,OADMET-0006379,2.97,as1,lt3,1,0.15834162981862546,0.5076150250843258,0.26433807365281436,0.04252667312951132,0.027178598314723017,3to4
4253,4370,OADMET-0006378,4.859999999999999,as1,4to5,3,0.007530846710167186,0.059866790341711315,0.48797035717188747,0.37776750713162366,0.06686449864461039,4to5
4254,4372,OADMET-0006375,4.970000000000001,as1,4to5,2,0.010475540772300777,0.08087194921271093,0.5973556242769125,0.27566496695185766,0.03563191878621817,4to5
4255,4373,OADMET-0006374,5.6,as1,5to6,0,0.00025325788909075475,0.003415772616312946,0.24782809070572814,0.6121797427128853,0.13632313607598284,5to6
4256,4375,OADMET-0006372,4.855,as1,4to5,4,0.013210558369412716,0.053612027467075815,0.49697217484090156,0.38712063539900066,0.049084603923609305,4to5
4257,4376,OADMET-0006371,4.895,as1,4to5,3,0.0018730726282991594,0.021515418855095933,0.48842058632720736,0.44661654254309546,0.041574379646302076,4to5
4258,4378,OADMET-0006369,3.47,as1,3to4,4,0.49932253600207904,0.48379400697200625,0.010754158130080257,0.0005731162649783866,0.0055561826308560425,lt3
4259,4379,OADMET-0006368,5.79,as1,5to6,0,0.0002896921205812484,0.0009346385571256023,0.0088620944821768,0.21013644709806467,0.7797771277420517,gte6
4260,4381,OADMET-0006366,5.915,as1,5to6,1,0.00039817718585024166,0.004015134626921974,0.12552422220783008,0.5097923848742077,0.36027008110518993,5to6
4261,4384,OADMET-0006363,3.445,as1,3to4,3,0.2981676860081073,0.595355054389813,0.08695946933468837,0.00872782647882549,0.010789963788565863,3to4
4262,4387,OADMET-0006360,5.475,as1,5to6,2,0.002509524855575365,0.012877471963887907,0.24287510331018888,0.5545274113492344,0.18721048852111344,5to6
4263,4396,OADMET-0006351,5.58,as1,5to6,2,0.002402829736694995,0.00886671163733177,0.18560920902055802,0.552327819048121,0.2507934305572942,5to6
4264,4397,OADMET-0006350,4.87,as1,4to5,3,0.00025785379870199956,0.001679424440798604,0.060665294942921735,0.4707254501589481,0.4666719766586296,5to6
4265,4400,OADMET-0006347,5.58,as1,5to6,4,0.06400656050453425,0.2704967896714328,0.49711052324042504,0.1198713424782655,0.04851478410534239,4to5
4266,4403,OADMET-0006344,4.195,as1,4to5,3,0.27413283910554226,0.5120107965465942,0.1655322856939419,0.02430970144781298,0.024014377206108696,3to4
4267,4406,OADMET-0006341,4.65,as1,4to5,1,0.006453283257213883,0.04831772043374255,0.5177387322743997,0.35689271598640976,0.07059754804823411,4to5
4268,4407,OADMET-0006340,5.2,as1,5to6,4,0.002959321233709111,0.00914087513090472,0.1748315084503772,0.48989316501724334,0.3231751301677656,5to6
4269,4411,OADMET-0006336,1.805,as1,lt3,2,0.11073656939597963,0.49204640755724594,0.3379116597749201,0.04363489077852291,0.015670472493331408,3to4
4270,4412,OADMET-0006335,3.665,as1,3to4,1,0.23442795086707338,0.3895996380359056,0.28649505012312737,0.06043293124475933,0.029044429729134336,3to4
4271,4413,OADMET-0006334,4.91,as1,4to5,0,0.04197900275932991,0.30421491777416504,0.5183124426384469,0.1085612302595102,0.026932406568547937,4to5
4272,4416,OADMET-0006331,4.88,as1,4to5,4,0.00809685009257928,0.026481370115140568,0.3379571575337881,0.44442562138130265,0.1830390008771894,5to6
4273,4419,OADMET-0006328,4.869999999999999,as1,4to5,3,0.02606005211897175,0.21400347272305387,0.5960476376263513,0.14632885103550236,0.01755998649612074,4to5
4274,4421,OADMET-0006326,5.24,as1,5to6,0,0.0359579512326343,0.11564409030841324,0.3926727786387234,0.3013641845485724,0.15436099527165664,4to5
4275,4423,OADMET-0006324,4.215,as1,4to5,2,0.013576793901654146,0.10500964100036599,0.603935200655704,0.24841693807184598,0.029061426370429872,4to5
4276,4429,OADMET-0006318,5.745,as1,5to6,1,0.0006223198638698012,0.006613965985940076,0.2970401603556495,0.5436335726766387,0.1520899811179019,5to6
4277,4434,OADMET-0006313,5.07,as1,5to6,3,0.0006180840648527683,0.007074984974284062,0.291153053897248,0.6005787467674103,0.10057513029620488,5to6
4278,4436,OADMET-0006311,4.725,as1,4to5,3,0.004258856137666328,0.05620803631648388,0.5967135373809045,0.32350012358743585,0.01931944657750943,4to5
4279,4439,OADMET-0006308,4.795,as1,4to5,2,0.0008759079003423621,0.003687301441165257,0.12958275535651662,0.5407312801251113,0.3251227551768645,5to6
4280,4441,OADMET-0006306,5.24,as1,5to6,1,0.0016080745154187699,0.024139249649051373,0.5109775853966412,0.3921754049743438,0.07109968546454491,4to5
4281,4442,OADMET-0006305,3.565,as1,3to4,3,0.12489659792833711,0.5924921847015575,0.2546803745744141,0.021254882988464494,0.006675959807226837,3to4
4282,4443,OADMET-0006304,5.025,as1,5to6,2,0.13237686060735998,0.3464956776352025,0.3798335081388501,0.08740929253669702,0.05388466108189043,4to5
4283,4444,OADMET-0006303,5.875,as1,5to6,1,0.0005534492207208562,0.006270262086851893,0.2113839136995398,0.5517588380796157,0.2300335369132718,5to6
4284,4445,OADMET-0006302,5.495,as1,5to6,0,0.0025262889603239413,0.012418877865437774,0.28546939523107573,0.5510156390692288,0.14856979887393373,5to6
4285,4446,OADMET-0006301,5.58,as1,5to6,3,0.0004537031168583633,0.005057734564467178,0.25623685765862014,0.604125634125799,0.13412607053425527,5to6
4286,4448,OADMET-0006299,4.725,as1,4to5,2,0.014658297453052265,0.12719294464362677,0.6079593317805585,0.22444990340000923,0.025739522722753296,4to5
4287,4449,OADMET-0006298,4.26,as1,4to5,3,0.06059716664477127,0.3601138605181644,0.4753510075634383,0.09107220951867182,0.012865755754954203,4to5
4288,4451,OADMET-0006296,5.890000000000001,as1,5to6,2,0.01908260351405694,0.04078603809658718,0.2468504398892527,0.43297230148941296,0.26030861701069025,5to6
4289,4453,OADMET-0006294,5.185,as1,5to6,0,0.006155094663410996,0.02896962904664756,0.22179472683988452,0.5132416541709369,0.22983889527912,5to6
4290,4455,OADMET-0006292,4.34,as1,4to5,1,0.039481322060984134,0.3043482800055105,0.5287151085306495,0.10533062310250813,0.02212466630034767,4to5
4291,4457,OADMET-0006290,3.2750000000000004,as1,3to4,1,0.5309273475725991,0.43583591747576655,0.02417386825160107,0.0035882402764604734,0.005474626423572826,lt3
4292,4459,OADMET-0006288,4.98,as1,4to5,1,0.010239338521360119,0.09779323655700914,0.6071792256220788,0.24540704534464897,0.03938115395490295,4to5
4293,4460,OADMET-0006287,4.055,as1,4to5,3,0.03271480130934113,0.17489283495130384,0.5962964625822099,0.16520286357986047,0.030893037577284684,4to5
4294,4462,OADMET-0006285,3.57,as1,3to4,0,0.13781064338056315,0.45717121788349097,0.33402942615659753,0.04667157540704085,0.024317137172307456,3to4
4295,4463,OADMET-0006284,6.08,as1,gte6,4,0.01179573930272095,0.03275816420511986,0.32809646970500184,0.3962986056830205,0.2310510211041368,5to6
4296,4464,OADMET-0006283,5.16,as1,5to6,4,0.013221473814794504,0.04564753306570791,0.33780194304125405,0.4601876868548042,0.14314136322343932,5to6
4297,4467,OADMET-0006280,5.275,as1,5to6,4,0.0047277487917822755,0.0042808643547820975,0.03702336258259511,0.19386323220635387,0.7601047920644867,gte6
4298,4470,OADMET-0006277,2.505,as1,lt3,1,0.6896762379513264,0.2998190577690525,0.007227413490083854,0.0011130123372386398,0.002164278452298636,lt3
4299,4472,OADMET-0006275,3.415,as1,3to4,1,0.1282883896859928,0.5503295125476589,0.2826270492668493,0.03180042689815641,0.006954621601342651,3to4
4300,4473,OADMET-0006274,4.5600000000000005,as1,4to5,3,0.12181712044063404,0.4757082800207422,0.34730381064651,0.04188583453835222,0.013284954353761477,3to4
4301,4474,OADMET-0006273,5.55,as1,5to6,4,0.00043668332217383063,0.00043071651318072804,0.019263969348580257,0.23997079845576344,0.7398978323603017,gte6
4302,4475,OADMET-0006272,4.824999999999999,as1,4to5,2,0.0020259960704153085,0.02151345428046737,0.482898645020507,0.44540619155340483,0.048155713075205504,4to5
4303,4476,OADMET-0006271,5.4,as1,5to6,3,0.0005609383109904973,0.003937653185443704,0.1377905281048457,0.5578248982901837,0.29988598210853645,5to6
4304,4477,OADMET-0006270,2.765,as1,lt3,1,0.2510990188395659,0.5754468408853923,0.14680671609859886,0.016251498742486357,0.010395925433956503,3to4
4305,4479,OADMET-0006268,5.335,as1,5to6,4,0.04075660412316121,0.22313954636519517,0.537395994718142,0.16978315408177688,0.028924700711724694,4to5
4306,4481,OADMET-0006266,2.815,as1,lt3,1,0.7399387363926151,0.2551120223099785,0.0030789277534227165,0.0004616063090865537,0.0014087072348971312,lt3
4307,4483,OADMET-0006264,4.275,as1,4to5,2,0.006817668371602817,0.04505358807503038,0.5206692582069669,0.3825556464840928,0.04490383886230712,4to5
4308,4485,OADMET-0006262,4.96,as1,4to5,3,0.012224814037092161,0.06621035250099704,0.5556203774699976,0.3187352448584069,0.047209211133506256,4to5
4309,4486,OADMET-0006260,3.1100000000000003,as1,3to4,3,0.45091771029593164,0.5209691403208035,0.02291979401093456,0.0016796753816382172,0.0035136799906920644,3to4
4310,4487,OADMET-0006259,5.59,as1,5to6,3,0.0002931421339188717,0.0010362661004831224,0.055511724347613735,0.48906111843902733,0.45409774897895694,5to6
4311,4489,OADMET-0006257,3.58,as1,3to4,0,0.14982376057823008,0.6350684365727145,0.18822029548626412,0.016465813756725265,0.010421693606066079,3to4
4312,4490,OADMET-0006256,3.735,as1,3to4,1,0.01983156025660693,0.10905980156272946,0.5191665810470792,0.2520768902886377,0.09986516684494665,4to5
4313,4491,OADMET-0006255,5.775,as1,5to6,4,0.0015073226193299907,0.0027114904342082267,0.05905270071267485,0.3517070035590497,0.5850214826747372,gte6
4314,4493,OADMET-0006252,4.69,as1,4to5,3,0.11521519162581305,0.3551773256908907,0.404051880342236,0.08536914322600192,0.040186459115058304,4to5
4315,4494,OADMET-0006251,5.445,as1,5to6,4,0.008401210380712476,0.020879262961078143,0.3007494793238608,0.4565047302446108,0.2134653170897378,5to6
4316,4496,OADMET-0006249,1.96,as1,lt3,3,0.30691738365764654,0.629979937802066,0.056628617301053244,0.0034720831770488608,0.0030019780621853686,3to4
4317,4499,OADMET-0006246,3.5700000000000003,as1,3to4,1,0.20893808566919733,0.618410687802036,0.15107602913866663,0.015302593356618393,0.006272604033481673,3to4
4318,4500,OADMET-0006245,5.87,as1,5to6,4,0.0017028864075732915,0.019562417452260776,0.5136438558538864,0.4276234764264956,0.03746736385978395,4to5
4319,4501,OADMET-0006244,3.875,as1,3to4,1,0.836510327544722,0.1606785443206526,0.0011794841387295397,0.0002819149120882,0.0013497290838077269,lt3
4320,4508,OADMET-0006237,3.125,as1,3to4,1,0.20028528515169783,0.44814979904848207,0.29746726072169677,0.04383801284105141,0.010259642237071948,3to4
4321,4511,OADMET-0006234,5.365,as1,5to6,2,0.07055563584798032,0.08473196006911933,0.22015540629856895,0.33309913177935974,0.29145786600497164,5to6
4322,4512,OADMET-0006233,4.515000000000001,as1,4to5,3,0.1687748832039102,0.5994879435890929,0.20416248764388764,0.01831697062634945,0.009257714936759837,3to4
4323,4513,OADMET-0006232,4.815,as1,4to5,4,0.0013315246834826964,0.011774580862648935,0.4166937448121709,0.5028330656780954,0.0673670839636021,5to6
4324,4515,OADMET-0006230,3.035,as1,3to4,3,0.07767315324653913,0.4498704738895666,0.41505545996212156,0.0486604541340538,0.008740458767718952,3to4
4325,4517,OADMET-0006228,5.470000000000001,as1,5to6,1,0.023117216777595477,0.0900610182260558,0.5150200830124708,0.26557305999343034,0.10622862199044757,4to5
4326,4518,OADMET-0006227,3.795,as1,3to4,1,0.28773505996276005,0.43348234172445826,0.23096474719608748,0.036805095207956925,0.011012755908737267,3to4
4327,4519,OADMET-0006226,4.955,as1,4to5,3,0.10026854054540235,0.33375306678020555,0.4158162989520586,0.09171013267316616,0.05845196104916727,4to5
4328,4520,OADMET-0006225,5.055,as1,5to6,4,0.004479229020023203,0.033219181264157446,0.4984309414743101,0.41799584362000664,0.045874804621502605,4to5
4329,4521,OADMET-0006224,2.6100000000000003,as1,lt3,3,0.1503908704762452,0.5061796639616962,0.2962957466090454,0.0335192625624326,0.013614456390580574,3to4
4330,4522,OADMET-0006222,3.665,as1,3to4,2,0.42303210304837535,0.5491926645140031,0.022146059099620172,0.001505964778045585,0.004123208559955804,3to4
4331,4524,OADMET-0006219,4.949999999999999,as1,4to5,2,0.03428399486204993,0.17805765171220186,0.5906703936158778,0.1722623369337096,0.024725622876160827,4to5
4332,4525,OADMET-0006218,5.165,as1,5to6,2,0.004872845204438639,0.04229318106344228,0.5488226096825657,0.371307172792922,0.0327041912566313,4to5
4333,4530,OADMET-0006213,3.475,as1,3to4,4,0.5583608647826892,0.4372336955902203,0.0032268020404627213,0.00015360116871587166,0.0010250364179118757,lt3
4334,4533,OADMET-0006210,4.8100000000000005,as1,4to5,3,0.08717767457734014,0.4146449414608141,0.4239280373875661,0.059553237876876296,0.014696108697403345,4to5
4335,4534,OADMET-0006209,3.41,as1,3to4,4,0.8152729117416834,0.18316022551526953,0.00070072679376607,3.893501917780175e-05,0.0008272009301031976,lt3
4336,4535,OADMET-0006208,5.105,as1,5to6,1,0.0016390192454320597,0.018302826920776935,0.4475601033621915,0.44866767680165204,0.08383037366994749,5to6
4337,4537,OADMET-0006206,4.02,as1,4to5,3,0.1338053047657013,0.5604639649391174,0.27300360798835754,0.0252004973590374,0.007526624947786331,3to4
4338,4539,OADMET-0006204,4.67,as1,4to5,2,0.0005907875142479522,0.001359114917218971,0.016802488243072632,0.19150303701026605,0.7897445723151943,gte6
4339,4540,OADMET-0006203,4.895,as1,4to5,0,0.08611671498243935,0.20773134816093225,0.3737939242453288,0.22554665467818596,0.10681135793311361,4to5
4340,4541,OADMET-0006202,6.0600000000000005,as1,gte6,1,8.167482670987734e-05,0.0009637272200392559,0.06094774445309168,0.45253624335006265,0.4854706101500965,gte6
4341,4542,OADMET-0006201,3.995,as1,3to4,2,0.16331050088899166,0.607090543522239,0.19903621429734683,0.018205933594994936,0.012356807696427542,3to4
4342,4543,OADMET-0006200,5.41,as1,5to6,2,0.00081990759177837,0.004252301580285795,0.14208315484058187,0.5644197531996114,0.2884248827877426,5to6
4343,4547,OADMET-0006196,4.710000000000001,as1,4to5,0,0.18120262364302991,0.5533695324020373,0.21052264069249185,0.029932171663868645,0.024973031598572275,3to4
4344,4551,OADMET-0006192,4.44,as1,4to5,0,0.012758822802706255,0.12025216675684197,0.6056090446693495,0.22240222451979497,0.038977741251307284,4to5
4345,4552,OADMET-0006191,4.21,as1,4to5,3,0.17408596301992485,0.5453550449893221,0.23229242793744914,0.02605219569452285,0.022214368358781076,3to4
4346,4557,OADMET-0006186,4.84,as1,4to5,1,7.914763665793498e-05,0.001037140526846641,0.12529348242464336,0.5483353315430254,0.3252548978688267,5to6
4347,4558,OADMET-0006185,5.92,as1,5to6,4,0.00022160786812719174,0.00018537026744274357,0.012908627057257566,0.2233314177755615,0.763352977031611,gte6
4348,4560,OADMET-0006183,3.3200000000000003,as1,3to4,1,0.27369427247643224,0.6164513728770675,0.09852404736456573,0.00755072699080933,0.0037795802911251178,3to4
4349,4561,OADMET-0006182,5.505,as1,5to6,4,0.01571972266361634,0.018677629182531887,0.13790181022320297,0.3473513657720505,0.4803494721585983,gte6
4350,4563,OADMET-0006180,5.86,as1,5to6,4,0.0003831631309415039,0.00025054375743355684,0.004115670897977395,0.08549599304958878,0.9097546291640588,gte6
4351,4567,OADMET-0006176,4.185,as1,4to5,1,0.28833618638773495,0.6331230317002999,0.06911807508846962,0.006078450286704108,0.003344256536791446,3to4
4352,4573,OADMET-0006170,4.74,as1,4to5,0,0.012005707967925397,0.1730303286690486,0.6452621107362396,0.14794605708590236,0.02175579554088403,4to5
4353,4582,OADMET-0006161,4.34,as1,4to5,2,0.05906972880107127,0.1978232212932313,0.5184364779701257,0.17260923531552907,0.052061336620042635,4to5
4354,4583,OADMET-0006160,5.405,as1,5to6,3,0.000130750992010364,0.0006508292684715366,0.02490828676779038,0.3374162223816942,0.6368939105900335,gte6
4355,4584,OADMET-0006158,3.9,as1,3to4,3,0.28762812386696457,0.6092472876728534,0.08957658263366387,0.007324880700275027,0.0062231251262431075,3to4
4356,4587,OADMET-0006155,5.25,as1,5to6,4,0.001330564236326427,0.009314540578446199,0.30449112611724966,0.569009411332466,0.1158543577355118,5to6
4357,4590,OADMET-0006151,5.145,as1,5to6,4,0.0007230813725467806,0.0006590966574878606,0.015816219647237006,0.2218399266463076,0.7609616756764207,gte6
4358,4591,OADMET-0006150,4.68,as1,4to5,0,0.002572265499153216,0.01745994419952756,0.24181667398150714,0.540176579973991,0.19797453634582104,5to6
4359,4592,OADMET-0006149,4.66,as1,4to5,1,0.009437590872636403,0.051394213182457585,0.5005860347322599,0.36992222208500736,0.06865993912763871,4to5
4360,4593,OADMET-0006148,5.164999999999999,as1,5to6,4,0.0003490598612647037,0.0006948559027006028,0.03561560290929628,0.30508534848427105,0.6582551328424674,gte6
4361,4595,OADMET-0006146,6.345000000000001,as1,gte6,0,0.0004920482350847733,0.001648522741269924,0.02326605182048776,0.3001968375013909,0.6743965397017666,gte6
4362,4599,OADMET-0006141,5.390000000000001,as1,5to6,0,0.0007511477271634582,0.008095434672704486,0.31813644599913293,0.5631575449357678,0.10985942666523137,5to6
4363,4600,OADMET-0006140,5.13,as1,5to6,0,0.011870832826344619,0.046583688621245414,0.2264878247969938,0.43977044948001237,0.2752872042754038,5to6
4364,4601,OADMET-0006139,4.49,as1,4to5,1,0.16312568861995272,0.2583675836543789,0.4048692229312195,0.12463228402330184,0.04900522077114706,4to5
4365,4605,OADMET-0006135,5.4350000000000005,as1,5to6,0,0.0006777086631371448,0.0064680982436194166,0.16312308858254979,0.5829500644894385,0.24678104002125517,5to6
4366,4606,OADMET-0006134,5.59,as1,5to6,0,0.002519012575434789,0.004162558677630469,0.025821187581002113,0.21081594401273324,0.7566812971531994,gte6
4367,4608,OADMET-0006132,5.465,as1,5to6,4,0.00025879880534452053,0.0002430600500344461,0.011104449931474053,0.17154217232410499,0.816851518889042,gte6
4368,4609,OADMET-0006131,5.495,as1,5to6,1,0.014229392288286053,0.06543131759277149,0.5115931506255438,0.34991388665720724,0.05883225283619149,4to5
4369,4611,OADMET-0006129,5.44,as1,5to6,1,0.00023098791880936994,0.0028973077264922175,0.14592248121316115,0.5454721420880669,0.3054770810534703,5to6
4370,4612,OADMET-0006128,5.335,as1,5to6,4,0.00017885534087295202,0.0009058578610622109,0.05792048406537012,0.37428955572093003,0.5667052470117647,gte6
4371,4615,OADMET-0006125,5.470000000000001,as1,5to6,1,0.00259995684502793,0.024636642169917525,0.39869089559445375,0.47141273207351125,0.10265977331708956,5to6
4372,4617,OADMET-0006123,2.56,as1,lt3,3,0.21293560205889983,0.5767622139049505,0.17885742041203226,0.018553378526997958,0.012891385097119396,3to4
4373,4619,OADMET-0006121,5.195,as1,5to6,1,0.002510218146926885,0.010997579276828949,0.24687039501520477,0.506482415158435,0.23313939240260448,5to6
4374,4620,OADMET-0006120,4.725,as1,4to5,3,0.05561600139033791,0.36347528547378605,0.4976048665611939,0.07134777906383281,0.011956067510849345,4to5
4375,4621,OADMET-0006119,3.955,as1,3to4,2,0.3363507142119216,0.47320369591122413,0.1474902651830057,0.02028486907906635,0.022670455614782207,3to4
4376,4623,OADMET-0006117,4.92,as1,4to5,0,0.01003034934288452,0.02276354384558112,0.09839912137392456,0.37228052421359253,0.4965264612240172,gte6
4377,4624,OADMET-0006116,4.485,as1,4to5,2,0.0802981472729895,0.5057867117564624,0.3663119338178716,0.038052484003289304,0.009550723149387208,3to4
4378,4625,OADMET-0006115,5.27,as1,5to6,4,0.0016056568784710635,0.009093184667482712,0.2488611708755793,0.5762165602377028,0.16422342734076406,5to6
4379,4627,OADMET-0006113,4.800000000000001,as1,4to5,1,0.29512555758823705,0.6322497376605897,0.06348845757386544,0.0057118806630103575,0.003424366514297467,3to4
4380,4629,OADMET-0006111,5.31,as1,5to6,0,0.011854979183625703,0.07407205372481458,0.5718765695522341,0.2913749738528839,0.05082142368644173,4to5
4381,4632,OADMET-0006108,2.56,as1,lt3,1,0.6791576574422319,0.3152446349139471,0.00422291437658542,0.0005173385468802281,0.0008574547203553697,lt3
4382,4635,OADMET-0006105,5.905,as1,5to6,4,0.0037875176992856535,0.014397536981007169,0.23818289697343908,0.4769930136489678,0.26663903469730027,5to6
4383,4637,OADMET-0006103,3.765,as1,3to4,1,0.07464048844634395,0.1507899727495766,0.4748105598655963,0.22824596848534118,0.071513010453142,4to5
4384,4638,OADMET-0006102,4.955,as1,4to5,2,0.0019424401485803988,0.022176909959418477,0.48902695858706413,0.44171386494368226,0.04513982636125474,4to5
4385,4640,OADMET-0006100,5.234999999999999,as1,5to6,3,0.03437127532671662,0.14910179321057426,0.5626631954213113,0.21587875404999124,0.0379849819914066,4to5
4386,4644,OADMET-0006096,2.49,as1,lt3,3,0.38057616940802763,0.5281567837571884,0.05417079137961527,0.006005910313316671,0.031090345141851997,3to4
4387,4646,OADMET-0006094,5.165,as1,5to6,3,0.00018592459378479774,0.003138514431454676,0.2695874740019075,0.635228911936597,0.09185917503625594,5to6
4388,4648,OADMET-0006092,5.795,as1,5to6,4,0.003942399811977145,0.010585174127160918,0.20933357202820846,0.489427365433007,0.2867114885996464,5to6
4389,4649,OADMET-0006091,4.94,as1,4to5,0,0.05632706899425593,0.1564847277547338,0.48657168407951845,0.2209000802308345,0.07971643894065734,4to5
4390,4651,OADMET-0004676,5.085,as1,5to6,0,0.00085283960977802,0.0055596339254214925,0.07516116613475289,0.4647122599625906,0.453714100367457,5to6
4391,4652,OADMET-0004675,4.895,as1,4to5,4,0.057994285732678,0.3622742783345497,0.46583332223196855,0.0975888416889655,0.016309272011838197,4to5
4392,4653,OADMET-0004674,4.995,as1,4to5,0,0.08479779832366409,0.11442237921919854,0.1527385986933321,0.1760381284946482,0.47200309526915707,gte6
