pool_idx,compound_id,molecule_name,pec50,source,true_bin,fold,p_lt3,p_3to4,p_4to5,p_5to6,p_gte6,pred_bin
0,1,OADMET-0006089,5.27,train,5to6,4,0.023312246817741956,0.08953703344954793,0.4988656127635213,0.2998963048664234,0.08838880210276548,4to5
1,2,OADMET-0006088,5.08,train,5to6,2,0.01733938867312071,0.06401566010614403,0.4005782052508388,0.3700847093334792,0.14798203663641726,4to5
2,3,OADMET-0006087,5.12,train,5to6,0,0.0010666208591912309,0.009394761600364263,0.08130851011129683,0.3967466534039062,0.5114834540252415,gte6
3,4,OADMET-0006086,5.23,train,5to6,3,0.016001947283752066,0.05654804802145082,0.27551582558272714,0.4229564086457953,0.22897777046627465,5to6
4,5,OADMET-0006085,5.28,train,5to6,0,0.011842861418638783,0.06454856501374945,0.48936404319512716,0.348160882348988,0.08608364802349663,4to5
5,6,OADMET-0006084,4.5,train,4to5,3,0.10063822675179744,0.35699254993769025,0.4215526313841539,0.0779091219438051,0.04290746998255331,4to5
6,7,OADMET-0006083,4.66,train,4to5,0,0.006124154093398852,0.022972518182367473,0.11230871632908354,0.36881058772746855,0.48978402366768153,gte6
7,8,OADMET-0006082,5.18,train,5to6,1,0.21201290082270563,0.48020041139240266,0.24530869831480914,0.042194197842473025,0.020283791627609557,3to4
8,9,OADMET-0006081,4.31,train,4to5,1,0.004212002446446671,0.030475923206113784,0.4832117163990878,0.39850138307787686,0.0835989748704749,4to5
9,10,OADMET-0006080,4.24,train,4to5,3,0.04690843750672881,0.17105118675453682,0.4969427511551566,0.2141726432118916,0.07092498137168614,4to5
10,11,OADMET-0006079,5.3,train,5to6,1,0.02560187713803609,0.1180455174115069,0.564328437338848,0.21332095762082337,0.07870321049078563,4to5
11,12,OADMET-0006078,4.19,train,4to5,0,0.014541636231512518,0.09428604840165815,0.6066579434529504,0.24987268355550013,0.034641688358378775,4to5
12,13,OADMET-0006077,5.07,train,5to6,1,0.013069809542403155,0.06936797818328574,0.5068232105576136,0.3052846005663428,0.10545440115035468,4to5
13,14,OADMET-0006076,5.12,train,5to6,4,0.03468220373023681,0.11974002643935432,0.5100520348186053,0.2523152279167479,0.08321050709505579,4to5
14,15,OADMET-0006075,5.03,train,5to6,3,0.0018418687026946086,0.013920942042674633,0.3238349492080031,0.5255911245008845,0.13481111554574315,5to6
15,16,OADMET-0006074,5.14,train,5to6,0,0.012080450441013971,0.06165770017083799,0.4375626408140513,0.37568038387119446,0.11301882470290231,4to5
16,17,OADMET-0006073,5.07,train,5to6,0,0.00178752388687759,0.013826282937984066,0.17762559964571445,0.5017724125375546,0.30498818099186936,5to6
17,18,OADMET-0006072,5.44,train,5to6,0,0.09322810292949582,0.35753477202495226,0.4299917230760641,0.0832251925093924,0.036020209460095425,4to5
18,19,OADMET-0006071,3.96,train,3to4,0,0.0690053079690816,0.268519599370183,0.48003152430280654,0.13846598055531692,0.04397758780261192,4to5
19,20,OADMET-0006070,4.36,train,4to5,0,0.01768459516527331,0.1269798094319233,0.6215197270311491,0.21167554859978477,0.022140319771869487,4to5
20,21,OADMET-0006069,5.19,train,5to6,0,0.001225456569171044,0.009003228315083076,0.33317261220610694,0.5162088760428092,0.14038982686682974,5to6
21,22,OADMET-0006068,4.76,train,4to5,3,0.06923877409153371,0.3015882057980362,0.49842264969783284,0.10286619456745948,0.027884175845137745,4to5
22,23,OADMET-0006067,4.74,train,4to5,1,0.25443520999829167,0.5416925519237711,0.174686818338818,0.01833837096576558,0.010847048773353647,3to4
23,24,OADMET-0006066,5.02,train,5to6,2,0.004070615197511736,0.023323511373538105,0.2529183792236687,0.525364373846155,0.19432312035912647,5to6
24,25,OADMET-0006065,5.2,train,5to6,4,0.000993456299581405,0.004431242398553476,0.07169057865931844,0.37351255004455675,0.54937217259799,gte6
25,26,OADMET-0006064,4.61,train,4to5,4,0.0060335047771979036,0.019541518535214495,0.20636495707597402,0.39155172845870573,0.37650829115290785,5to6
26,27,OADMET-0006063,5.44,train,5to6,3,0.04202081435259043,0.21498931335241514,0.541074536561295,0.1470517874418559,0.0548635482918435,4to5
27,28,OADMET-0006062,4.81,train,4to5,1,0.00392123129875844,0.026593974157355437,0.45035654809724407,0.444447164734235,0.07468108171240705,4to5
28,29,OADMET-0006061,4.69,train,4to5,3,0.007659445609499507,0.04330737941246101,0.41769004373808444,0.42691505472166064,0.1044280765182944,5to6
29,30,OADMET-0006060,4.87,train,4to5,0,0.03183784329921409,0.2046719487669469,0.5548896183168709,0.18313105370266167,0.025469535914306462,4to5
30,31,OADMET-0006059,4.45,train,4to5,3,0.007739226426733702,0.04931239394630355,0.49203521584414806,0.38387879519779855,0.06703436858501617,4to5
31,32,OADMET-0006058,5.26,train,5to6,1,0.0004596708560254922,0.005543746642132754,0.0761573033444361,0.43022809381692484,0.4876111853404808,gte6
32,33,OADMET-0006057,4.48,train,4to5,1,0.012556896657699006,0.07347992328592146,0.5652691353402665,0.291101049280657,0.05759299543545611,4to5
33,34,OADMET-0006056,4.58,train,4to5,4,0.05604323789799496,0.2179744555037063,0.5310185351236564,0.16223069744040797,0.032733074034234436,4to5
34,35,OADMET-0006055,4.95,train,4to5,2,0.0005868854419074471,0.004856795129378782,0.2283689704433877,0.5805612274383198,0.18562612154700622,5to6
35,36,OADMET-0006054,4.68,train,4to5,4,0.042656693439599165,0.2353287571461702,0.5649926146778499,0.14220759464768296,0.014814340088697775,4to5
36,37,OADMET-0006053,5.31,train,5to6,2,0.0004498830642583223,0.004395015828288839,0.1458926589773313,0.5742903719014861,0.27497207022863546,5to6
37,38,OADMET-0006052,4.6,train,4to5,4,0.01722430331745666,0.08415538464465107,0.5605036877330247,0.2910608188743153,0.047055805430552246,4to5
38,39,OADMET-0006051,5.11,train,5to6,0,0.007466703753916596,0.04758169641900895,0.5362868046806593,0.36369378576621064,0.04497100938020461,4to5
39,40,OADMET-0006050,5.18,train,5to6,4,0.007519294654831377,0.034290595389695755,0.4544088647928058,0.40485565138893936,0.09892559377372775,4to5
40,41,OADMET-0006049,4.85,train,4to5,0,0.05124522526070442,0.24468647385427933,0.5317115555901718,0.1432332335144945,0.029123511780349963,4to5
41,42,OADMET-0006048,4.99,train,4to5,0,0.039631465285129286,0.2114521355617775,0.5545400618657869,0.1647080253591474,0.029668311928158952,4to5
42,43,OADMET-0006047,4.93,train,4to5,0,0.0011396422688339394,0.011716946417974805,0.16528757642731445,0.5488413318654046,0.27301450302047214,5to6
43,44,OADMET-0006046,5.13,train,5to6,1,0.020599015960515665,0.10294792321753114,0.5575691201924756,0.2569827019710698,0.06190123865840776,4to5
44,45,OADMET-0006045,5.42,train,5to6,4,0.007367457649925945,0.029011055516426323,0.33059051278811796,0.3904362577106646,0.2425947163348652,5to6
45,46,OADMET-0006044,4.93,train,4to5,0,0.010303377759715916,0.05812159358302376,0.47562010481737205,0.3731781417183456,0.0827767821215427,4to5
46,47,OADMET-0006043,4.72,train,4to5,2,0.092513804016172,0.254271707354317,0.46777392845613747,0.13634889860771565,0.049091661565657876,4to5
47,48,OADMET-0006042,5.24,train,5to6,3,0.0008232686453950386,0.00863175257883121,0.24652675641444588,0.5758117287208062,0.1682064936405217,5to6
48,49,OADMET-0006041,5.09,train,5to6,1,0.0024659588313507338,0.01704226731765351,0.3007074462171394,0.5051198975491197,0.17466443008473673,5to6
49,50,OADMET-0006040,5.3,train,5to6,1,0.08783686291928385,0.2811412853172613,0.47778565403499684,0.11363610049539954,0.03960009723305847,4to5
50,51,OADMET-0006039,4.18,train,4to5,2,0.10884227036017259,0.21797752733645817,0.3547826224306348,0.15232657591785467,0.16607100395487973,4to5
51,52,OADMET-0006038,4.94,train,4to5,2,0.010452090421856228,0.041380705825682075,0.2901538813902197,0.431258753785811,0.226754568576431,5to6
52,53,OADMET-0006037,4.74,train,4to5,1,0.16190288689522822,0.46985926436496267,0.2911677013700654,0.052385590092334317,0.02468455727740933,3to4
53,54,OADMET-0006036,5.2,train,5to6,0,0.008587925478933391,0.04342097307335001,0.466800379936015,0.37474538933660323,0.10644533217509838,4to5
54,55,OADMET-0006035,5.53,train,5to6,0,0.08745987745918288,0.3624235703141375,0.42843279402119216,0.08469527991375059,0.036988478291736834,4to5
55,56,OADMET-0006034,4.93,train,4to5,2,0.0026458936204945996,0.01665207866712268,0.40750636103946325,0.509928028304533,0.06326763836838653,5to6
56,57,OADMET-0006033,5.14,train,5to6,2,0.0009738604583282856,0.007478166029979319,0.23532520624970107,0.5784444904919178,0.17777827677007352,5to6
57,58,OADMET-0006032,4.76,train,4to5,0,0.016532391525296012,0.11370788662872315,0.6199993572011506,0.21914345311746777,0.03061691152736243,4to5
58,59,OADMET-0006031,4.42,train,4to5,0,0.35360868513851423,0.39993141666297444,0.09924970961037188,0.022873764048141395,0.12433642453999805,3to4
59,60,OADMET-0006030,5.06,train,5to6,2,0.015307931433707006,0.05990567891375197,0.4703518524878244,0.36447356400252157,0.08996097316219506,4to5
60,61,OADMET-0006029,4.74,train,4to5,1,0.0005658538651084622,0.006292722252149625,0.16824648201010747,0.5368092313674908,0.2880857105051436,5to6
61,62,OADMET-0006028,5.23,train,5to6,2,0.0023484521866162502,0.015351479796432586,0.32449356571138244,0.5271361124114171,0.1306703898941516,5to6
62,63,OADMET-0006027,5.23,train,5to6,1,0.11549311532100691,0.2900722536423131,0.41183097923305695,0.1165715495773688,0.06603210222625427,4to5
63,64,OADMET-0006026,4.64,train,4to5,2,0.18572285736776356,0.46779885800965343,0.2761791939359546,0.041725918572906556,0.02857317211372187,3to4
64,65,OADMET-0006025,5.22,train,5to6,4,0.0006251343668874361,0.004468428289191865,0.22878120084532183,0.5586060101207341,0.20751922637786477,5to6
65,66,OADMET-0006024,4.61,train,4to5,2,0.08736862368880269,0.3461793714113233,0.4496392587455142,0.09257049203351382,0.024242254120845987,4to5
66,67,OADMET-0006023,4.98,train,4to5,4,0.00022055050712268742,0.0018111998714234728,0.13114115114148786,0.550327876858827,0.3164992216211389,5to6
67,68,OADMET-0006022,4.97,train,4to5,2,0.03799764972193261,0.09962463567268276,0.37879125147361764,0.2156776665331237,0.26790879659864325,4to5
68,69,OADMET-0006021,4.93,train,4to5,0,0.002656682712889629,0.02168863519050759,0.45067626720737863,0.46460652757055276,0.06037188731867141,5to6
69,70,OADMET-0006020,5.07,train,5to6,0,0.14616627228882978,0.4386892984000959,0.3246839473188845,0.0574814274730534,0.03297905451913639,3to4
70,71,OADMET-0006019,4.73,train,4to5,0,0.00616530791779371,0.04212022180613027,0.5239916419424506,0.3764354867095338,0.051287341624091654,4to5
71,72,OADMET-0006018,4.63,train,4to5,0,0.04660017398521239,0.3011359561192395,0.524628160429641,0.11108347732170121,0.016552232144205897,4to5
72,73,OADMET-0006017,5.16,train,5to6,3,0.05016049816247832,0.2340435097191626,0.5203150796702457,0.15682939250294015,0.03865151994517327,4to5
73,74,OADMET-0006016,4.26,train,4to5,2,0.020643886772453292,0.05994763974422196,0.2916488766215501,0.34841401223528684,0.27934558462648784,5to6
74,75,OADMET-0006015,4.51,train,4to5,1,0.0332580478221414,0.1433549262713063,0.5444781326180209,0.2068213874390338,0.07208750584949755,4to5
75,76,OADMET-0006014,5.39,train,5to6,1,0.009921487051193154,0.06061998901441734,0.5502983722724627,0.3148527624140396,0.06430738924788723,4to5
76,77,OADMET-0006013,4.34,train,4to5,0,0.13652359828992494,0.34371022833689024,0.3454814398818564,0.10599012944146412,0.06829460404986423,4to5
77,78,OADMET-0006012,4.93,train,4to5,3,0.0052047424738350945,0.03473195978125417,0.3682913269530402,0.4778730593359753,0.11389891145589527,5to6
78,79,OADMET-0006011,5.11,train,5to6,2,0.054881111605183955,0.14066274673734228,0.4151819708225425,0.2303599302524318,0.1589142405824995,4to5
79,80,OADMET-0006010,5.28,train,5to6,1,0.004926692621012142,0.03184163895485343,0.48441859357925365,0.40129720566723937,0.07751586917764143,4to5
80,81,OADMET-0006009,4.11,train,4to5,0,0.00994126793835457,0.06226745346425726,0.5401029672303707,0.33399788074005765,0.053690430626959836,4to5
81,82,OADMET-0006008,4.81,train,4to5,1,0.17471120633275636,0.4990973593986596,0.269520690439468,0.03616097441491017,0.020509769414205813,3to4
82,83,OADMET-0006007,4.99,train,4to5,0,0.15529123455304283,0.4145790373986824,0.3198835349156704,0.06463677026769112,0.045609422864913235,3to4
83,84,OADMET-0006006,4.81,train,4to5,1,0.0027165502954112635,0.017754334464490925,0.30183707831459766,0.46766938463490065,0.21002265229059952,5to6
84,85,OADMET-0006005,4.4,train,4to5,3,0.028166423591171948,0.20139327007590682,0.6234790485368226,0.12877960095321161,0.01818165684288709,4to5
85,86,OADMET-0006004,4.69,train,4to5,0,0.002180747028196844,0.01888417284615477,0.2612510985234008,0.5405303355114096,0.17715364609083795,5to6
86,87,OADMET-0006003,4.38,train,4to5,3,0.054822097646860815,0.24615370860466795,0.5053071900411369,0.15051904096426008,0.043197962743074254,4to5
87,88,OADMET-0006002,4.61,train,4to5,0,0.009854718194056734,0.057676077372473385,0.568049793236375,0.3152529921729834,0.049166419024111487,4to5
88,89,OADMET-0006001,5.16,train,5to6,4,0.00263350105850598,0.014997438027302364,0.34967860221671243,0.508045267244205,0.12464519145327423,5to6
89,90,OADMET-0006000,5.22,train,5to6,1,0.0011618905976677409,0.010534320276812805,0.26792723576737987,0.5474245082208188,0.1729520451373208,5to6
90,91,OADMET-0005999,4.98,train,4to5,3,0.003270858529609703,0.012333305969913078,0.06808988466204857,0.3230307265598094,0.5932752242786192,gte6
91,92,OADMET-0005998,4.83,train,4to5,1,0.023362505658808968,0.11351355656578638,0.5728486648310275,0.2426487302188114,0.04762654272556582,4to5
92,93,OADMET-0005997,5.11,train,5to6,1,0.0044776587517679454,0.03076907604073182,0.46906432269154696,0.3974362591412855,0.09825268337466776,4to5
93,94,OADMET-0005996,4.85,train,4to5,3,0.0031912322527639595,0.027362834980744346,0.49720284921586105,0.42236963406169825,0.049873449488932374,4to5
94,95,OADMET-0005995,5.1,train,5to6,1,0.0017063118503190995,0.015122562740191367,0.22871795519374466,0.4995749613971354,0.25487820881860945,5to6
95,96,OADMET-0005994,5.16,train,5to6,4,0.00048464589366897093,0.003091343232846068,0.1480961302550667,0.5101128253516813,0.33821505526673695,5to6
96,97,OADMET-0005993,5.08,train,5to6,0,0.0544228094572691,0.20861885975408123,0.4916010389119154,0.17527868951979228,0.07007860235694195,4to5
97,98,OADMET-0005992,4.56,train,4to5,4,0.06367657303960728,0.2789542364005268,0.5306770180786168,0.1135647664146276,0.013127406066621626,4to5
98,99,OADMET-0005991,4.65,train,4to5,1,0.001231820622058381,0.010369995190018284,0.2605573727733679,0.523384371118809,0.20445644029574647,5to6
99,100,OADMET-0005990,4.84,train,4to5,2,0.11525238090655988,0.3727908661069187,0.4019096418859504,0.08195240642964083,0.028094704670930195,4to5
100,101,OADMET-0005989,4.7,train,4to5,1,0.0037880923879449395,0.019592072718908653,0.3307394667189734,0.45195668714794085,0.19392368102623211,5to6
101,102,OADMET-0005988,4.52,train,4to5,4,0.0015476275804329517,0.009462908400571235,0.3098428111849412,0.5236593756159328,0.15548727721812183,5to6
102,103,OADMET-0005987,4.83,train,4to5,2,0.005059965427583035,0.03012958731986059,0.5746520169656519,0.3558321302139649,0.034326300072939554,4to5
103,104,OADMET-0005986,4.63,train,4to5,0,0.022373607757245135,0.11608183578538991,0.5368692964908176,0.26894689057119564,0.05572836939535164,4to5
104,105,OADMET-0005985,4.82,train,4to5,4,0.05452007055282593,0.23718424141407013,0.5292170643806458,0.14093035459518433,0.038148269057273865,4to5
105,106,OADMET-0005984,5.35,train,5to6,2,0.20546851057152957,0.50733992980637,0.22265887672243492,0.036651687784224965,0.027880995115440576,3to4
106,107,OADMET-0005983,4.56,train,4to5,2,0.03864509626718274,0.18024358220489167,0.569770517087618,0.17625315553044213,0.0350876489098655,4to5
107,108,OADMET-0005982,4.42,train,4to5,1,0.012716586646649439,0.07724017437153766,0.5778205792966512,0.2760259103271341,0.05619674935802766,4to5
108,109,OADMET-0005981,4.5,train,4to5,1,0.020447035070773053,0.09207502220882906,0.5377982544307673,0.2584696560864163,0.09121003220321425,4to5
109,110,OADMET-0005980,4.42,train,4to5,1,0.18280333825359757,0.46756224237567906,0.27915186521863533,0.04882131289903262,0.021661241253055373,3to4
110,111,OADMET-0005979,5.2,train,5to6,3,0.0002561607689056499,0.0025107911787196416,0.051220104096829304,0.38530454038452283,0.5607084035710226,gte6
111,112,OADMET-0005978,4.26,train,4to5,0,0.0107312365494325,0.0749850315513914,0.607593867974991,0.27366011162440745,0.0330297522997776,4to5
112,113,OADMET-0005977,5.36,train,5to6,3,0.008633164135514492,0.060860532205966315,0.5831250207562707,0.3137142497529925,0.03366703314925596,4to5
113,114,OADMET-0005976,5.0,train,4to5,3,0.2673662974844065,0.5064302258391675,0.1406882287357556,0.020465858427875433,0.06504938951279497,3to4
114,115,OADMET-0005975,4.71,train,4to5,3,0.029686843385542554,0.15961707322149107,0.5935844437264692,0.1895502439879917,0.02756139567850549,4to5
115,116,OADMET-0005974,4.06,train,4to5,4,0.2372236801481831,0.5681170710078827,0.17327384311822178,0.012327780705985246,0.009057625019727157,3to4
116,117,OADMET-0005973,4.68,train,4to5,1,0.09239113353113158,0.3249297483879152,0.4589337049513765,0.09045828916272494,0.033287123966851816,4to5
117,118,OADMET-0005972,5.11,train,5to6,1,0.007655674320724211,0.03357557461050168,0.3726751970484317,0.42820917044584783,0.15788438357449455,5to6
118,119,OADMET-0005971,4.68,train,4to5,1,0.08984773806887279,0.2706007719919258,0.4611855848398563,0.1143992866813977,0.0639666184179474,4to5
119,120,OADMET-0005970,4.46,train,4to5,3,0.009794212065008242,0.05717996949640997,0.47401452638412717,0.37630779006704806,0.08270350198740654,4to5
120,121,OADMET-0005969,4.57,train,4to5,3,0.014750704152697152,0.07951985533640718,0.5311660425267584,0.312506268207978,0.06205712977615934,4to5
121,122,OADMET-0005968,3.85,train,3to4,1,0.08797332628076276,0.32363060056486986,0.4661482563872854,0.09501209837382268,0.027235718393259275,4to5
122,123,OADMET-0005967,5.2,train,5to6,4,0.06133029267208878,0.21126862179849548,0.5051272229220407,0.16859832954043544,0.053675533066939576,4to5
123,124,OADMET-0005966,4.34,train,4to5,0,0.05790683211455619,0.3048980213336794,0.524406011965826,0.09077490053493603,0.022014234051002307,4to5
124,125,OADMET-0005965,5.07,train,5to6,4,0.03304496272096563,0.16911456785999146,0.5739817980162808,0.18603803945176886,0.03782063195099327,4to5
125,126,OADMET-0005964,5.22,train,5to6,3,0.02361641651177639,0.12394336680291239,0.5557105572281995,0.24651102859439902,0.05021863086271266,4to5
126,127,OADMET-0005963,5.0,train,4to5,2,0.0007477752612309041,0.005443945174073164,0.3130499517581399,0.5644333592628383,0.1163249685437177,5to6
127,128,OADMET-0005962,4.51,train,4to5,3,0.06117764046962216,0.22676096603168958,0.48451131040776546,0.17364917501454233,0.053900908076380476,4to5
128,129,OADMET-0005961,4.61,train,4to5,0,0.0014647536182808623,0.011950675183860122,0.2517203345469977,0.5311766767640123,0.203687559886849,5to6
129,130,OADMET-0005960,4.42,train,4to5,1,0.0023653491545826562,0.01632671659166588,0.3797769942682344,0.47469390665437644,0.12683703333114058,5to6
130,131,OADMET-0005959,4.53,train,4to5,2,0.0012487795113018626,0.009619042600605155,0.15497372064847378,0.5138606104270658,0.32029784681255336,5to6
131,132,OADMET-0005958,5.09,train,5to6,2,0.0021709081618868273,0.014898249839630492,0.46367123517289466,0.4680952113821333,0.05116439544345477,5to6
132,133,OADMET-0005957,5.31,train,5to6,3,0.0009842979939222699,0.008041155892444573,0.12363319664586409,0.472523174446729,0.3948181750210401,5to6
133,134,OADMET-0005956,4.45,train,4to5,4,0.09061925807621744,0.362523285508957,0.4529533956966173,0.07852172807685065,0.01538233264135756,4to5
134,135,OADMET-0005955,4.87,train,4to5,0,0.041283642206626205,0.22539256219775225,0.5536680881581412,0.14805898345219892,0.03159672398528147,4to5
135,136,OADMET-0005954,4.91,train,4to5,3,0.012335678723360879,0.07446732469139858,0.5397597621722489,0.3199654859299928,0.053471748482998904,4to5
136,137,OADMET-0005953,5.52,train,5to6,0,0.02386608577572788,0.14269975467325718,0.556586172784199,0.24421079491312533,0.032637191853690635,4to5
137,138,OADMET-0005952,5.03,train,5to6,1,0.003690021215659228,0.024733454680073673,0.2625345363058486,0.49674610691367016,0.21229588088474835,5to6
138,139,OADMET-0005951,4.8,train,4to5,0,0.0055895219116949245,0.035109589662288096,0.45923913009312894,0.4144368782354399,0.08562488009744816,4to5
139,140,OADMET-0005950,4.83,train,4to5,4,0.005466419475599562,0.02377450352126087,0.3344238538082424,0.4545103689587824,0.18182485423611477,5to6
140,141,OADMET-0005949,5.28,train,5to6,2,0.00032506311441583754,0.002277810037710429,0.050886908424189976,0.3929863418859401,0.5535238765377436,gte6
141,142,OADMET-0005948,5.04,train,5to6,0,0.0010537704677619488,0.01042885751113806,0.13692112861568817,0.5133186205602072,0.3382776228452047,5to6
142,143,OADMET-0005947,5.18,train,5to6,1,0.06665103162497313,0.25317457563406714,0.5117291851336272,0.1257755918521726,0.04266961575515994,4to5
143,144,OADMET-0005946,5.06,train,5to6,0,0.003046119862639372,0.020965194893828164,0.1790099331139023,0.5097751897759268,0.2872035623537033,5to6
144,145,OADMET-0005945,5.26,train,5to6,4,0.0004972029155605866,0.002894005288540531,0.11741956388315061,0.47707608605980806,0.4021131418529402,5to6
145,146,OADMET-0005944,5.24,train,5to6,1,0.04322555240364128,0.1848088482229913,0.5442076264596624,0.16504575127684604,0.06271222163685909,4to5
146,147,OADMET-0005943,5.0,train,4to5,2,0.007921837181726428,0.038175034841429055,0.40789865991586455,0.4549579867539035,0.0910464813070765,5to6
147,148,OADMET-0005942,4.41,train,4to5,1,0.0780169873345888,0.34271796835605495,0.46529670596446143,0.08487678890368962,0.029091549441205258,4to5
148,149,OADMET-0005941,5.07,train,5to6,0,0.01833932698095701,0.13877542601251916,0.6447509063263609,0.1758151537440097,0.022319186936153205,4to5
149,150,OADMET-0005940,5.22,train,5to6,2,0.00041773755608628005,0.003911810225309617,0.2190570699073036,0.6022588843163997,0.17435449799490077,5to6
150,151,OADMET-0005939,4.44,train,4to5,4,0.0069003545517463535,0.0464522005401139,0.5544129447415399,0.33904268343016086,0.05319181673643903,4to5
151,152,OADMET-0005938,4.82,train,4to5,3,0.00565530768043007,0.036220967078088015,0.3376036221898401,0.48517878917403034,0.13534131387761147,5to6
152,153,OADMET-0005937,4.89,train,4to5,3,0.005533451554558987,0.04224477968006903,0.5338821143249232,0.3732192149688193,0.045120439471629456,4to5
153,154,OADMET-0005936,4.97,train,4to5,2,0.006114352528644833,0.030633887447233613,0.4422935570159567,0.43001172186813347,0.09094648114003137,4to5
154,155,OADMET-0005935,4.49,train,4to5,0,0.0015070928274203785,0.010926763368089983,0.31346857091603203,0.5379360239903904,0.13616154889806714,5to6
155,156,OADMET-0005934,5.25,train,5to6,0,0.0012285101261211026,0.010077423061781823,0.3266801421230888,0.5384293605334047,0.12358456415560348,5to6
156,157,OADMET-0005933,5.18,train,5to6,2,0.00856112316250801,0.043091095983982086,0.5333555340766907,0.3633105754852295,0.05168167129158974,4to5
157,158,OADMET-0005932,4.94,train,4to5,3,0.0031100132815672916,0.020273459065118748,0.2285397087904863,0.502774690372454,0.2453021284903736,5to6
158,159,OADMET-0005931,5.21,train,5to6,4,0.00033978657402841233,0.0029029331100039538,0.2101149222227727,0.5730247987871488,0.2136175593060461,5to6
159,160,OADMET-0005930,5.19,train,5to6,0,0.005991711498868417,0.023334617642732418,0.10028155512267785,0.34323818738226713,0.5271539283534542,gte6
160,161,OADMET-0005929,5.38,train,5to6,4,0.002769667714591926,0.013619287017828736,0.3409152115447931,0.5029335899070987,0.13976224381568758,5to6
161,162,OADMET-0005928,4.44,train,4to5,2,0.07970187157059318,0.3634359579172279,0.4557690969381753,0.08608878500113769,0.01500428857286597,4to5
162,163,OADMET-0005927,4.63,train,4to5,1,0.0005738876791406666,0.005776019329855619,0.18421809471424652,0.5160492864167275,0.2933827118600296,5to6
163,164,OADMET-0005926,5.25,train,5to6,1,0.0044368089572463945,0.02709229200912978,0.4641358400910885,0.419082627745873,0.08525243119666231,4to5
164,165,OADMET-0005925,4.02,train,4to5,0,0.05994531028074566,0.21284836134224458,0.45939912536369404,0.20497074341455954,0.06283645959875622,4to5
165,166,OADMET-0005924,4.48,train,4to5,1,0.003337048414734004,0.022889157448063805,0.3278229490356215,0.471287899805536,0.17466294529604473,5to6
166,167,OADMET-0005923,5.53,train,5to6,0,0.0029045246322216963,0.023270451100161807,0.5263294284714541,0.405637629109576,0.041857966686586374,4to5
167,168,OADMET-0005922,4.26,train,4to5,4,0.1484438732730188,0.45874495927259445,0.33635370921034485,0.043775467760101924,0.01268199048393993,3to4
168,169,OADMET-0005921,4.6,train,4to5,3,0.04955061285138888,0.24961462898183548,0.5410486197708843,0.12901433677529403,0.030771801620597315,4to5
169,170,OADMET-0005920,5.41,train,5to6,0,0.0007018658924018205,0.007084583990628125,0.17750178595717006,0.5438885190243404,0.2708232451354596,5to6
170,171,OADMET-0005919,4.54,train,4to5,1,0.06984893769476003,0.22234395973849416,0.4883309159180249,0.1476448879347775,0.0718312987139434,4to5
171,172,OADMET-0005918,4.77,train,4to5,1,0.006338116400018177,0.0339373556909339,0.42377323800699634,0.39656306335903485,0.13938822654301672,4to5
172,173,OADMET-0005917,4.67,train,4to5,0,0.02116459307489321,0.11964063445184678,0.516037913104334,0.3000798361332803,0.04307702323564575,4to5
173,174,OADMET-0005916,4.64,train,4to5,2,0.003928487915550057,0.024589188977149703,0.5222897257206732,0.4107377314927867,0.03845486589384033,4to5
174,175,OADMET-0005915,4.67,train,4to5,2,0.0014116356341190193,0.009550861972732909,0.2927458584130944,0.5486426390634955,0.14764900491655814,5to6
175,176,OADMET-0005914,3.92,train,3to4,1,0.0025660813904863156,0.01474468828987386,0.22536747934064427,0.4391974667713848,0.31812428420761074,5to6
176,177,OADMET-0005913,4.48,train,4to5,2,0.003027496819957201,0.01931101431105826,0.5440389443034817,0.40550928779213685,0.028113256773366038,4to5
177,178,OADMET-0005912,5.1,train,5to6,1,0.01605274333030315,0.05800670352946946,0.4506057177636453,0.34715592667187045,0.12817890870471163,4to5
178,179,OADMET-0005911,5.23,train,5to6,1,0.0006512024197091246,0.00640082753750534,0.15231448933254693,0.4649799327254412,0.3756535479847974,5to6
179,180,OADMET-0005910,4.57,train,4to5,2,0.03832985073950197,0.14390107935703889,0.5125918369271165,0.24891161825913333,0.056265614717209284,4to5
180,181,OADMET-0005909,4.77,train,4to5,1,0.05774379965509029,0.23832796761173178,0.5309831819170544,0.13914180566375972,0.033803245152363805,4to5
181,182,OADMET-0005908,4.87,train,4to5,0,0.006168913325999429,0.0433663481237869,0.558015307710145,0.3564003242701413,0.03604910656992743,4to5
182,183,OADMET-0005907,4.83,train,4to5,2,0.0033764189692787557,0.021020064203837178,0.458268286398152,0.45655226866907533,0.060782961759656765,4to5
183,184,OADMET-0005906,4.89,train,4to5,3,0.0021717662775938575,0.013497833360536839,0.13190734579930147,0.4293821815054578,0.42304087305711,5to6
184,185,OADMET-0005905,4.67,train,4to5,1,0.009400865758002386,0.04325665797299727,0.37382187499367575,0.39788984251858134,0.1756307587567433,5to6
185,186,OADMET-0005904,4.39,train,4to5,2,0.021445258533133293,0.10329215531103393,0.6003426056208463,0.24633677738579757,0.02858320314918892,4to5
186,187,OADMET-0005903,4.38,train,4to5,3,0.02452223711427693,0.14852976577684632,0.6146937517122365,0.18099665372078635,0.03125759167585385,4to5
187,188,OADMET-0005902,4.73,train,4to5,4,0.04804433101382605,0.15204431003299124,0.45846551315139594,0.21811657981487675,0.12332926598690996,4to5
188,189,OADMET-0005901,4.26,train,4to5,1,0.005125983871218883,0.033858639928053984,0.408197363498118,0.41943260117427245,0.13338541152833663,5to6
189,190,OADMET-0005900,4.45,train,4to5,0,0.265605962500115,0.573563291075716,0.13417709186154167,0.012239537486795743,0.014414117075831562,3to4
190,191,OADMET-0005899,4.59,train,4to5,1,0.004211265523170326,0.026555319802839535,0.45070632536642824,0.4368243740286317,0.08170271527893015,4to5
191,192,OADMET-0005898,4.15,train,4to5,3,0.05790014829672597,0.26784985758643864,0.5256854197814051,0.12388859458475197,0.02467597975067832,4to5
192,193,OADMET-0005897,4.75,train,4to5,0,0.005880135248418321,0.03126398174241143,0.18416984808095377,0.4620985794369732,0.3165874554912433,5to6
193,194,OADMET-0005896,4.86,train,4to5,2,0.003551089433544444,0.021094106113195763,0.37190747217751635,0.5083852404398084,0.09506209183593503,5to6
194,195,OADMET-0005895,5.25,train,5to6,3,0.0084139512025902,0.038673908851048565,0.21803801513035462,0.4343858808952175,0.3004882439207891,5to6
195,196,OADMET-0005894,4.71,train,4to5,3,0.04149609678960423,0.21148365506432384,0.5586645936169978,0.1505778372632168,0.03777781726585729,4to5
196,197,OADMET-0005893,5.01,train,5to6,2,0.020015118158987655,0.0943910829218401,0.5507242546241445,0.2755775384930745,0.059292005801953235,4to5
197,198,OADMET-0005892,5.1,train,5to6,3,0.003111959095704838,0.024666736920827458,0.4354261010867458,0.4494095290863885,0.08738567381033346,5to6
198,199,OADMET-0005891,5.11,train,5to6,3,0.006905386545946195,0.04249883268488723,0.5232733135704563,0.3615348209410357,0.06578764625767461,4to5
199,200,OADMET-0005890,4.09,train,4to5,2,0.007150403084085821,0.045464958106387295,0.5751207358413045,0.34622665562596194,0.026037247342260372,4to5
200,201,OADMET-0005889,4.76,train,4to5,3,0.06470533797843282,0.20351017582842135,0.44186752358878156,0.1825737303347596,0.1073432322696047,4to5
201,202,OADMET-0005888,4.98,train,4to5,3,0.0003070274934384219,0.0031708037590336357,0.07534603276843918,0.43990530027697033,0.4812708357021184,gte6
202,203,OADMET-0005887,5.02,train,5to6,0,0.022959084858236938,0.12487608286652524,0.5515410077860137,0.2439403250475446,0.05668349944167953,4to5
203,204,OADMET-0005886,4.58,train,4to5,4,0.01682813787972516,0.09905913922014417,0.6061940012516379,0.25430481868073884,0.023613902967753918,4to5
204,205,OADMET-0005885,5.17,train,5to6,4,0.003688935606284471,0.009973319112683529,0.08832193046746031,0.2960323353368148,0.6019834794767569,gte6
205,206,OADMET-0005884,5.04,train,5to6,2,0.008223038151444796,0.026503970797166283,0.14236199829287455,0.3584325008868566,0.4644784918716578,gte6
206,207,OADMET-0005883,4.56,train,4to5,2,0.01745033513174814,0.06526887699921183,0.355270450002929,0.40643295749192615,0.1555773803741849,5to6
207,208,OADMET-0005882,4.07,train,4to5,0,0.044179858692070674,0.22307399491290023,0.55312130568797,0.1453176081236687,0.03430723258339033,4to5
208,209,OADMET-0005881,4.68,train,4to5,2,0.0028966522356224196,0.01978259073418435,0.523109581308777,0.4156978933511649,0.038513282370251235,4to5
209,210,OADMET-0005880,5.19,train,5to6,4,0.005898890729727176,0.02923310822814332,0.44285450726074305,0.4300701152321685,0.091943378549218,4to5
210,211,OADMET-0005879,4.22,train,4to5,3,0.09709825113532038,0.3330294999062773,0.4315864629257275,0.099865545708467,0.038420240324207836,4to5
211,212,OADMET-0005878,4.99,train,4to5,3,0.004544710412344978,0.03099993896437624,0.3711664789010869,0.46955643525401514,0.12373243646817672,5to6
212,213,OADMET-0005877,4.44,train,4to5,3,0.03226839011957569,0.19446828997594917,0.5722045909095641,0.1795166734224496,0.02154205557246144,4to5
213,214,OADMET-0005876,4.72,train,4to5,1,0.0005304175154881812,0.005165111006550807,0.1757768152695026,0.5309740030494917,0.2875536531589667,5to6
214,215,OADMET-0005875,4.95,train,4to5,0,0.034715339282785806,0.1753589944887236,0.5636490541424672,0.18496507268425022,0.04131153940177307,4to5
215,216,OADMET-0005874,5.65,train,5to6,2,0.0006308740621866867,0.0049544963345456525,0.25133180293512647,0.5979339403134459,0.14514888635469525,5to6
216,217,OADMET-0005873,4.38,train,4to5,1,0.014648654429946773,0.08980642962359624,0.5803108784355648,0.2601005422878054,0.05513349522308682,4to5
217,218,OADMET-0005872,5.48,train,5to6,1,0.03531791190837521,0.14417054926967884,0.5695828072074919,0.20535416442109278,0.04557456719336136,4to5
218,219,OADMET-0005871,5.37,train,5to6,0,0.001102724737138707,0.008907039993003737,0.3697349869625504,0.5268334353321543,0.09342181297515287,5to6
219,220,OADMET-0005870,4.88,train,4to5,2,0.018196803365883377,0.106830482291246,0.6072564981261258,0.24360431284252404,0.024111903374220763,4to5
220,221,OADMET-0005869,4.47,train,4to5,2,0.013188938243958316,0.067235584457253,0.6054311058016781,0.2734280047730433,0.04071636672406725,4to5
221,222,OADMET-0005868,4.43,train,4to5,2,0.010470015343091525,0.07005365546492923,0.6369035484136893,0.2635211797326144,0.019051601045675517,4to5
222,223,OADMET-0005867,4.47,train,4to5,4,0.05836878991626369,0.25866639180481893,0.5266256840161399,0.13609377811691908,0.020245356145858383,4to5
223,224,OADMET-0005866,4.48,train,4to5,4,0.028315878227551314,0.105447376837611,0.546243978852726,0.26310349147831164,0.05688927460380005,4to5
224,225,OADMET-0005865,5.2,train,5to6,0,0.0008915974326775721,0.007694499660177173,0.22747488708356942,0.5422664618139564,0.22167255400961935,5to6
225,226,OADMET-0005864,4.77,train,4to5,2,0.01769797919331813,0.12173896577694743,0.6031538394112138,0.2369074133779786,0.020501802240542003,4to5
226,227,OADMET-0005863,4.69,train,4to5,2,0.1274662433991932,0.4167803126980661,0.36770557466862264,0.065333998111371,0.022713871122747056,3to4
227,228,OADMET-0005862,4.89,train,4to5,4,0.006078649460834885,0.030038806851218028,0.44496814932585155,0.42765961438516914,0.0912547799769264,4to5
228,229,OADMET-0005861,4.63,train,4to5,2,0.0023229026252401717,0.015062427788464934,0.458647301870462,0.47305353561801755,0.05091383209781533,5to6
229,230,OADMET-0005860,4.36,train,4to5,0,0.05064114612312406,0.19318473554981577,0.49551514344865616,0.17334406271588873,0.08731491216251529,4to5
230,231,OADMET-0005859,4.4,train,4to5,3,0.19109905638159602,0.5685264727639008,0.20723169497619667,0.018754710367862887,0.014388065510443608,3to4
231,232,OADMET-0005858,5.29,train,5to6,4,0.004013139776958934,0.02380185401328944,0.4139029406787992,0.4346855903119906,0.1235964752189618,5to6
232,233,OADMET-0005857,5.06,train,5to6,2,0.004849744124193328,0.025919935241638346,0.43922156954524383,0.4692806693305206,0.060728081758403885,5to6
233,234,OADMET-0005856,5.04,train,5to6,3,0.02841335758360755,0.1288945989725407,0.5263388225517641,0.24467611631887556,0.07167710457321207,4to5
234,235,OADMET-0005855,4.48,train,4to5,2,0.04281747825340311,0.12865497507372806,0.4067338513103759,0.18095034832750423,0.24084334703498866,4to5
235,236,OADMET-0005854,3.96,train,3to4,2,0.015688320388073915,0.08913824574443331,0.610232701745142,0.25672542666307946,0.02821530545927129,4to5
236,237,OADMET-0005853,4.06,train,4to5,2,0.26743039438979627,0.5866268862287944,0.12560798204390708,0.011610970810780356,0.008723766526721853,3to4
237,238,OADMET-0005852,4.73,train,4to5,1,0.005297018549990848,0.03519041376882608,0.4285381032561327,0.4154778616408228,0.1154966027842276,4to5
238,239,OADMET-0005851,4.34,train,4to5,0,0.02782807786173507,0.22143811797028604,0.6149282862500908,0.12283281604435022,0.012972701873537934,4to5
239,240,OADMET-0005850,4.07,train,4to5,2,0.002287288923102038,0.01395485287988726,0.3926525164420212,0.5045852127352302,0.08652012901975932,5to6
240,241,OADMET-0005849,4.42,train,4to5,1,0.037511454010680984,0.1757715092241785,0.5799763949954315,0.16357355246325905,0.04316708930644998,4to5
241,242,OADMET-0005848,4.41,train,4to5,0,0.05251170606798426,0.3065313943498162,0.5096427116789214,0.11189882269671297,0.019415365206565175,4to5
242,243,OADMET-0005847,5.21,train,5to6,3,0.07869916919770333,0.325889369073827,0.4851911221387648,0.09054930983336837,0.019671029756336517,4to5
243,244,OADMET-0005846,4.61,train,4to5,1,0.027802365988212983,0.13724217355639795,0.5869680276630979,0.2023087819078647,0.04567865088442651,4to5
244,245,OADMET-0005845,4.84,train,4to5,4,0.028357336773008165,0.1280684194576289,0.5737246371126207,0.23381585274700573,0.03603375390973647,4to5
245,246,OADMET-0005844,4.25,train,4to5,1,0.04081024792148555,0.16612122210318347,0.5318286777215298,0.1744373958809348,0.08680245637286649,4to5
246,247,OADMET-0005843,4.74,train,4to5,2,0.02214350717008573,0.09056489085252499,0.5430625626532122,0.29996069986409785,0.044268339460079194,4to5
247,248,OADMET-0005842,5.12,train,5to6,3,0.02227646394140771,0.1468562844725224,0.6111946963844411,0.1930768572553391,0.026595697946289652,4to5
248,249,OADMET-0005841,4.87,train,4to5,4,0.02093799432686288,0.08053658952645817,0.46564532942921383,0.3337362738103094,0.09914381290715577,4to5
249,250,OADMET-0005840,4.81,train,4to5,4,0.003408717388950825,0.013776766791753018,0.24458173917745482,0.42616387348387086,0.3120689031579705,5to6
250,251,OADMET-0005839,5.06,train,5to6,0,0.03063394917948408,0.13127418741238361,0.48812375179846995,0.27734075685307585,0.07262735475658649,4to5
251,252,OADMET-0005838,5.23,train,5to6,2,0.09029253774045119,0.16696098820032898,0.31279966934322573,0.2198564012316555,0.2100904034843386,4to5
252,253,OADMET-0005837,4.5,train,4to5,1,0.30860553671902524,0.5954286741694219,0.08213499582368163,0.006746822826062679,0.007083970461808591,3to4
253,254,OADMET-0005836,4.83,train,4to5,2,0.0021428641936339808,0.013598400554870048,0.4583189601938098,0.4818108782937119,0.04412889676397428,5to6
254,255,OADMET-0005835,3.63,train,3to4,0,0.032854991794768994,0.134545843262551,0.5010885428272304,0.23544118509080014,0.09606943702464948,4to5
255,256,OADMET-0005834,4.52,train,4to5,1,0.00574941737252333,0.03462320880664721,0.4594090503925803,0.3832145269048759,0.11700379652337325,4to5
256,257,OADMET-0005833,4.66,train,4to5,3,0.012551410973202552,0.06977910502957764,0.4190778704979037,0.3758195614155969,0.12277205208371918,4to5
257,258,OADMET-0005832,5.07,train,5to6,4,0.008239186158854047,0.03672034242349881,0.43698830257812554,0.40972245346187675,0.10832971537764487,4to5
258,259,OADMET-0005831,3.9,train,3to4,4,0.014618501276913502,0.056591094472140065,0.45365870739900366,0.3125473106605863,0.16258438619135648,4to5
259,260,OADMET-0005830,3.93,train,3to4,0,0.0875337292768435,0.40112686634482814,0.4242270324163035,0.07230710532090062,0.014805266641124278,4to5
260,261,OADMET-0005829,5.38,train,5to6,4,0.000557675387613702,0.004773268113268376,0.27030063257618075,0.5726106886208264,0.15175773530211079,5to6
261,262,OADMET-0005828,4.67,train,4to5,1,0.0014825776277877926,0.011630575035851439,0.22086018064212073,0.499646419372376,0.266380247321864,5to6
262,263,OADMET-0005827,4.69,train,4to5,2,0.24272417389203155,0.4314416832473435,0.21871119167291245,0.045540994708288596,0.06158195647942388,3to4
263,264,OADMET-0005826,5.19,train,5to6,3,0.011552547971424378,0.07838393704006111,0.5722433296651952,0.30173319409564214,0.03608699122767714,4to5
264,265,OADMET-0005825,4.41,train,4to5,2,0.01853807946525218,0.07981211394771509,0.5395737685421941,0.30275686447483063,0.05931917357000807,4to5
265,266,OADMET-0005824,4.44,train,4to5,4,0.20653630168562156,0.5435465802062267,0.21490679091848955,0.019815697233850488,0.01519462995581175,3to4
266,267,OADMET-0005823,5.63,train,5to6,0,0.000500439949181055,0.004970626825416482,0.1551544641273919,0.5612206368556877,0.2781538322423229,5to6
267,268,OADMET-0005822,4.65,train,4to5,4,0.022138405254336063,0.04753754243047735,0.18532712544706398,0.2993458715747991,0.44565105529332355,gte6
268,269,OADMET-0005821,5.23,train,5to6,3,0.005159211939997192,0.03322749368294649,0.44591274930733027,0.4367102397887811,0.07899030528094492,4to5
269,270,OADMET-0005820,4.47,train,4to5,1,0.11588007632978048,0.43667917223612296,0.3742370500908126,0.05545548567207104,0.017748215671212906,3to4
270,271,OADMET-0005819,4.99,train,4to5,0,0.10093179319388508,0.44778519429416774,0.3730767978427024,0.059711578398617515,0.018494636270627217,3to4
271,272,OADMET-0005818,4.92,train,4to5,2,0.0024668644078998923,0.014171627290758935,0.3380634472507187,0.5052944996637988,0.14000356138682363,5to6
272,273,OADMET-0005817,4.66,train,4to5,2,0.09555320619704585,0.30988279562225185,0.444974251929191,0.108476618462738,0.041113127788773324,4to5
273,274,OADMET-0005816,4.4,train,4to5,4,0.05430450157220461,0.19283532790510655,0.5143317101214351,0.16914202187750285,0.06938643852375088,4to5
274,275,OADMET-0005815,4.9,train,4to5,1,0.019198327287953686,0.10010978300635624,0.5614421033040669,0.23769123468972905,0.08155855171189419,4to5
275,276,OADMET-0005814,4.58,train,4to5,0,0.008792352461418816,0.03199297416242237,0.12914597398773514,0.36382846364044147,0.46624023574798223,gte6
276,277,OADMET-0005813,4.13,train,4to5,0,0.013962411152654007,0.08003260098358261,0.5178300675639967,0.33058708505925527,0.05758783524051136,4to5
277,278,OADMET-0005812,4.69,train,4to5,1,0.0006512135919414627,0.007257713212794327,0.27060539305314035,0.5655175013371401,0.15596817880498384,5to6
278,279,OADMET-0005811,5.22,train,5to6,2,0.003350272260672208,0.01455185541365877,0.12451394467617745,0.3992409350460074,0.45834299260348416,gte6
279,280,OADMET-0005810,4.75,train,4to5,1,0.009305841020791725,0.04883057483122887,0.5258186307732224,0.33682682137784414,0.0792181319969128,4to5
280,281,OADMET-0005809,5.62,train,5to6,0,0.2235545698337938,0.4531780250844065,0.2141761513676666,0.04359525507085405,0.06549599864327905,3to4
281,282,OADMET-0005808,5.32,train,5to6,1,0.0002538428205663554,0.003385039473744681,0.07985531448317583,0.47443529426366643,0.4420705089588467,5to6
282,283,OADMET-0005807,5.56,train,5to6,0,0.010689250607191555,0.05429726203581539,0.4068283241660587,0.400274763988063,0.12791039920287137,4to5
283,284,OADMET-0005806,5.22,train,5to6,0,0.004667474805673565,0.029255855310837506,0.33846794960006044,0.4611130871240528,0.1664956331593757,5to6
284,285,OADMET-0005805,4.91,train,4to5,4,0.010428288243571882,0.049424228385796076,0.5109357347260434,0.37200651369630344,0.0572052349482853,4to5
285,286,OADMET-0005804,5.57,train,5to6,3,0.0008020918825178217,0.00650215969579041,0.11015318825884579,0.4709515185805395,0.4115910415823064,5to6
286,287,OADMET-0005803,5.15,train,5to6,3,0.2112938205021214,0.4868917257877388,0.2319052113574969,0.03192178219411117,0.037987460158531744,3to4
287,288,OADMET-0005802,4.53,train,4to5,2,0.005722500138697208,0.029760432085972396,0.42449365227789804,0.46767149352199516,0.07235192197543718,5to6
288,289,OADMET-0005801,4.5,train,4to5,0,0.0875141127958984,0.25606273269326146,0.386604169709763,0.18463953366520452,0.08517945113587262,4to5
289,290,OADMET-0005800,5.05,train,5to6,3,0.0002687764698828522,0.002989200934930153,0.10316225347552879,0.510215829083413,0.38336394003624524,5to6
290,291,OADMET-0005799,3.56,train,3to4,2,0.010824578179094544,0.0599297324422997,0.6151747938655205,0.28388421061941865,0.03018668489366663,4to5
291,292,OADMET-0005798,4.82,train,4to5,4,0.00035044931336856685,0.0012320885146803026,0.03787242160145093,0.3139399812762333,0.6466050592942669,gte6
292,293,OADMET-0005797,4.85,train,4to5,1,0.02486964092824093,0.11238688715813573,0.5517590148664402,0.2198906046249922,0.09109385242219098,4to5
293,294,OADMET-0005796,4.63,train,4to5,4,0.018839051701364365,0.07005024610021762,0.5044356518778027,0.315226908388383,0.09144814193223232,4to5
294,295,OADMET-0005795,4.68,train,4to5,1,0.0015603423571858767,0.012330565407799286,0.26504712880340375,0.47878228865614986,0.2422796747754612,5to6
295,296,OADMET-0005794,4.71,train,4to5,1,0.004059166575666363,0.028136664503629668,0.45781283760588254,0.4066604303880146,0.10333090092680686,4to5
296,297,OADMET-0005793,4.25,train,4to5,1,0.0840698986487482,0.3356850084721109,0.44548278217235987,0.09216026045083514,0.04260205025594588,4to5
297,298,OADMET-0005792,4.58,train,4to5,2,0.02631710572654233,0.10013509969730545,0.4932217739806135,0.2951336409574898,0.0851923796380489,4to5
298,299,OADMET-0005791,4.63,train,4to5,0,0.0010109489008654283,0.009405968639605217,0.2516852300195559,0.5419121343614197,0.19598571807855372,5to6
299,300,OADMET-0005790,4.57,train,4to5,3,0.010685702009606403,0.06670211516063196,0.5104579554724316,0.34919473972433274,0.0629594876329973,4to5
300,301,OADMET-0005789,4.36,train,4to5,0,0.023291673858339693,0.14177768143680217,0.5939361541559719,0.20609358260174965,0.03490090794713658,4to5
301,302,OADMET-0005788,6.23,train,gte6,1,0.037313423216787954,0.14197945277438792,0.5393592594707177,0.2166872721160813,0.06466059242202507,4to5
302,303,OADMET-0005787,4.67,train,4to5,0,0.01943890904085677,0.10017703305633124,0.5332063943168939,0.28394370795135687,0.06323395563456118,4to5
303,304,OADMET-0005786,5.05,train,5to6,4,0.0037688819303112486,0.02303129524673745,0.40776102349717447,0.42679728746925116,0.13864151185652568,5to6
304,305,OADMET-0005785,4.57,train,4to5,2,0.07880707701649002,0.27127676344220353,0.46270600600848394,0.13079344759383202,0.05641670593899051,4to5
305,306,OADMET-0005784,4.84,train,4to5,3,0.00224039328157389,0.01706569805841914,0.33399009269116325,0.49454518507827766,0.15215863089056608,5to6
306,307,OADMET-0005783,5.22,train,5to6,0,0.0002647286413160187,0.0031660114838604255,0.16637892754297967,0.5973811053799876,0.23280922695185627,5to6
307,308,OADMET-0005782,4.83,train,4to5,0,0.02849507677341309,0.19816279028520678,0.6094102603985142,0.1441847911580349,0.019747081384831,4to5
308,309,OADMET-0005781,4.85,train,4to5,2,0.0016232831465907817,0.01027201566222801,0.27075793404619897,0.5181354675756207,0.19921129956936154,5to6
309,310,OADMET-0005780,4.03,train,4to5,1,0.015591775214340667,0.07660331191813681,0.5498867950459133,0.2789647140874578,0.07895340373415145,4to5
310,311,OADMET-0005779,5.11,train,5to6,3,0.00818781169969124,0.04548807746934775,0.38817822354766396,0.43932326973492997,0.11882261754836712,5to6
311,312,OADMET-0005778,4.53,train,4to5,2,0.004771986065928335,0.02707177117872885,0.4849691289515417,0.4325634980254835,0.05062361577831761,4to5
312,313,OADMET-0005777,4.72,train,4to5,0,0.0022431700208384586,0.017263289323957258,0.4928639171145271,0.43617125797242673,0.05145836556825048,4to5
313,314,OADMET-0005776,4.99,train,4to5,0,0.10170575597488299,0.3571016953475142,0.4007739275405583,0.10444850830553068,0.03597011283151385,4to5
314,315,OADMET-0005775,4.78,train,4to5,3,0.2562046079658487,0.45870012557543954,0.19107046936903674,0.03511691877749099,0.058907878312184046,3to4
315,316,OADMET-0005774,5.05,train,5to6,3,0.01180257753453064,0.07795371940125796,0.59204906831732,0.27160194794425874,0.04659268680263269,4to5
316,317,OADMET-0005773,4.38,train,4to5,0,0.05069689509306358,0.28162765817673124,0.52967167492589,0.11855325980357743,0.019450512000737847,4to5
317,318,OADMET-0005772,4.78,train,4to5,2,0.009436050271756105,0.04183465917313112,0.509574106733935,0.3688651261482646,0.07029005767291314,4to5
318,319,OADMET-0005771,5.46,train,5to6,4,0.004097084207487288,0.017922353692145718,0.30456040486624164,0.47829883159082526,0.1951213256433001,5to6
319,320,OADMET-0005770,4.85,train,4to5,1,0.05766930560028491,0.21946959688073986,0.5281767367164061,0.152425277659862,0.04225908314270712,4to5
320,321,OADMET-0005769,4.78,train,4to5,3,0.01736310490458047,0.09712567144212994,0.5795345284807141,0.26579823990986406,0.04017845526271144,4to5
321,322,OADMET-0005768,4.86,train,4to5,1,0.015237554794270136,0.06848511793848039,0.5217446645964334,0.31789541007656297,0.07663725259425302,4to5
322,323,OADMET-0005767,4.28,train,4to5,0,0.03204123219740158,0.15201618871050582,0.5348486760856929,0.23128084235278557,0.04981306065361416,4to5
323,324,OADMET-0005766,4.75,train,4to5,1,0.09382748464006954,0.2984417036407932,0.43732562009505005,0.10983745590094543,0.060567735723141794,4to5
324,325,OADMET-0005765,4.16,train,4to5,2,0.020672155236122678,0.12194306221689191,0.5984957725033794,0.23149869991095812,0.0273903101326479,4to5
325,326,OADMET-0005764,4.65,train,4to5,1,0.026682250301101246,0.14392097347945337,0.5959293268469323,0.19025047194305983,0.0432169774294532,4to5
326,327,OADMET-0005763,4.21,train,4to5,2,0.06896634733877496,0.35318548362341623,0.47048238095746153,0.08161287268323465,0.025752915397112643,4to5
327,328,OADMET-0005762,4.79,train,4to5,3,0.017524216258808165,0.08806721088265176,0.4791485053332578,0.32257768391602604,0.09268238360925621,4to5
328,329,OADMET-0005761,4.4,train,4to5,0,0.013217276019578244,0.0708559704657887,0.4387313731481065,0.3802683698022233,0.09692701056430326,4to5
329,330,OADMET-0005760,5.24,train,5to6,1,0.007507409731212687,0.037532087500204835,0.45277758068661794,0.3841495605858994,0.11803336149606519,4to5
330,331,OADMET-0005759,4.14,train,4to5,2,0.028388657968718062,0.10519192211548162,0.5065935416085591,0.28483659568711484,0.07498928262012639,4to5
331,332,OADMET-0005758,4.29,train,4to5,0,0.1185510666830346,0.410380597296574,0.37072759452394105,0.07034961800631563,0.029991123490134736,3to4
332,333,OADMET-0005757,4.52,train,4to5,4,0.10221987065345242,0.3464030571817896,0.427170627904376,0.08724442739420492,0.03696201686617707,4to5
333,334,OADMET-0005756,4.54,train,4to5,4,0.004232259853520865,0.03121312992543609,0.5085636841498697,0.4011818834727859,0.05480904259838739,4to5
334,335,OADMET-0005755,4.69,train,4to5,2,0.06867751376811394,0.15010688975294098,0.32875424133607384,0.20548833600449062,0.2469730191383806,4to5
335,336,OADMET-0005754,4.6,train,4to5,0,0.09807522795876024,0.40046558604598315,0.41594410794858855,0.063378335343975,0.022136742702693064,4to5
336,337,OADMET-0005753,4.29,train,4to5,4,0.011614105415414624,0.05295459812697419,0.5119910726549154,0.35372202830798305,0.0697181954947128,4to5
337,338,OADMET-0005752,4.62,train,4to5,1,0.001155291035858926,0.010513045224139327,0.2784933586674464,0.5053552696330662,0.20448303543948912,5to6
338,339,OADMET-0005751,4.28,train,4to5,3,0.0022550394588942233,0.016994248596880566,0.3239582387732931,0.5096204733326851,0.14717199983824697,5to6
339,340,OADMET-0005750,4.44,train,4to5,4,0.051413144533238225,0.16640911872380137,0.5196146926312544,0.20499364878987036,0.05756939532183561,4to5
340,341,OADMET-0005749,4.3,train,4to5,4,0.018360086058975548,0.08786453437603316,0.5157353358825346,0.29458338461195505,0.08345665907050161,4to5
341,342,OADMET-0005748,4.74,train,4to5,3,0.003398985936252478,0.022647700328492035,0.2866243013228211,0.5297965202605766,0.15753249215185788,5to6
342,343,OADMET-0005747,5.58,train,5to6,0,0.06186304103144166,0.21098781650540643,0.4133710470787202,0.21091486042183205,0.10286323496259969,4to5
343,344,OADMET-0005746,5.46,train,5to6,0,0.02450299371676353,0.13149824322113743,0.5713977036741358,0.23507141322602698,0.03752964616193625,4to5
344,345,OADMET-0005745,4.82,train,4to5,2,0.0018780059452253321,0.01086426076329876,0.3436940063976283,0.5314320402566312,0.11213168663721639,5to6
345,346,OADMET-0005744,4.78,train,4to5,2,0.08584139969329574,0.3341352833801884,0.44570620436779135,0.1058649163698711,0.02845219618885343,4to5
346,347,OADMET-0005743,4.61,train,4to5,3,0.009290141275346666,0.056738882649141946,0.5043530079005782,0.3597665452390381,0.06985142293589498,4to5
347,348,OADMET-0005742,4.06,train,4to5,2,0.40528851634276514,0.45271980635993236,0.05987632257898434,0.00913839319030272,0.07297696152801543,3to4
348,349,OADMET-0005741,4.59,train,4to5,0,0.06136214079502435,0.23275441278151293,0.46901322110016974,0.1448180995109394,0.09205212581235357,4to5
349,350,OADMET-0005740,4.81,train,4to5,2,0.01610551921767788,0.07885452914031431,0.5565630062756705,0.29694669719728256,0.051530248169054785,4to5
350,351,OADMET-0005739,4.46,train,4to5,2,0.012915550430408903,0.07288376072226649,0.6127511716272874,0.27325793464533205,0.028191582574705068,4to5
351,352,OADMET-0005738,4.3,train,4to5,4,9.674309244319517e-05,0.0005835786888656988,0.06459422853896195,0.5042146209600822,0.43051082871964697,5to6
352,353,OADMET-0005737,4.67,train,4to5,1,0.06031008935194097,0.15806480594458855,0.4169018693792799,0.18073669825455665,0.18398653706963394,4to5
353,354,OADMET-0005736,5.46,train,5to6,0,0.023938669684290752,0.10575760428200941,0.45937363239942647,0.3157370247362394,0.095193068898034,4to5
354,355,OADMET-0005735,5.09,train,5to6,2,0.024786524259683505,0.06707479987597839,0.32002747356661354,0.3054810506354137,0.2826301516623109,4to5
355,356,OADMET-0005734,4.85,train,4to5,1,0.00018653156632944415,0.0026511549190403765,0.11632254386607722,0.5744437410830101,0.3063960285655429,5to6
356,357,OADMET-0005733,5.22,train,5to6,4,0.3732980450522989,0.37084129082820827,0.06865847980615446,0.010476380571528417,0.17672580374180993,lt3
357,358,OADMET-0005732,5.12,train,5to6,2,0.007045554735130185,0.044560955696999714,0.5939145317743095,0.3266895837687121,0.027789374024848473,4to5
358,359,OADMET-0005731,5.11,train,5to6,4,0.06737327525486592,0.20896211110828733,0.4818614983419962,0.17522247005088276,0.06658064524396773,4to5
359,360,OADMET-0005730,4.59,train,4to5,4,0.0299948558768108,0.13293363673911684,0.5762486087181061,0.22496529803475598,0.03585760063121023,4to5
360,361,OADMET-0005729,4.23,train,4to5,4,0.029605633628200484,0.12112316128244516,0.564118368502904,0.24001211702787528,0.04514071955857517,4to5
361,362,OADMET-0005728,4.9,train,4to5,2,0.004713058908810017,0.0221657211481806,0.3366177359707511,0.42842799165772094,0.20807549231453734,5to6
362,363,OADMET-0005727,5.12,train,5to6,4,0.006815218695879726,0.03785701392784174,0.508615304776254,0.39341550277691956,0.053296959823104895,4to5
363,364,OADMET-0005726,4.83,train,4to5,2,0.00031030579433802264,0.003046427826983985,0.1720343664269242,0.6130500382659692,0.21155886168578464,5to6
364,365,OADMET-0005725,4.8,train,4to5,0,0.0023930021461392665,0.016918120834853924,0.46648666067124345,0.4589135925610446,0.05528862378671876,4to5
365,366,OADMET-0005724,4.84,train,4to5,1,0.013757254005854681,0.06111615858938227,0.5001591108632684,0.34524787137485413,0.07971960516664053,4to5
366,367,OADMET-0005723,4.17,train,4to5,4,0.2088596139197955,0.46999547939766095,0.25402792247270367,0.033479637025758596,0.033637347184081304,3to4
367,368,OADMET-0005722,4.2,train,4to5,0,0.01696656385393633,0.07249825882267216,0.39111824148200536,0.35796506659463695,0.16145186924674923,4to5
368,369,OADMET-0005721,5.02,train,5to6,4,0.0002748091246964751,0.002022289125180169,0.14897436803139602,0.5801616081100623,0.26856692560866496,5to6
369,370,OADMET-0005720,5.0,train,4to5,1,0.006447654307268582,0.034645240013193995,0.43220741299836496,0.3965963764909327,0.13010331619023974,4to5
370,371,OADMET-0005719,4.86,train,4to5,0,0.006781615476209344,0.05126992754024315,0.5638040645564933,0.3387817885438756,0.03936260388317864,4to5
371,372,OADMET-0005718,4.73,train,4to5,4,0.00019331896235532975,0.0015455023311367292,0.14329937031596213,0.579392430384185,0.2755693780063609,5to6
372,373,OADMET-0005717,4.33,train,4to5,1,0.3083548227711732,0.5512244665449753,0.11244577096112035,0.015127185633508209,0.012847754089222962,3to4
373,374,OADMET-0005716,4.51,train,4to5,2,0.1804420027070939,0.31941568375504487,0.2743180651319315,0.07860915245698165,0.14721509594894802,3to4
374,375,OADMET-0005715,4.82,train,4to5,4,0.01175804751793065,0.057795618655744785,0.5320027808992708,0.3362965122913768,0.06214704063567695,4to5
375,376,OADMET-0005714,4.96,train,4to5,3,0.004591438765365821,0.034672884970694914,0.5024642179825233,0.4107481997581802,0.047523258523235745,4to5
376,377,OADMET-0005713,4.39,train,4to5,0,0.003322757854821336,0.024319500274647035,0.29869044494682057,0.5316418528178748,0.14202544410583626,5to6
377,378,OADMET-0005712,4.49,train,4to5,1,0.0021073010358050267,0.015231478081194724,0.3083568524162641,0.51185310065695,0.16245126780978614,5to6
378,379,OADMET-0005711,4.34,train,4to5,1,0.05137991475261843,0.1660919319902517,0.5235361994407751,0.19524121066285807,0.06375074315349673,4to5
379,380,OADMET-0005710,4.16,train,4to5,1,0.05833261484905393,0.2419728343502978,0.5176813293885393,0.1338100055569407,0.04820321585516835,4to5
380,381,OADMET-0005709,4.95,train,4to5,1,0.0005375442271650032,0.00411728188602903,0.11975275081049525,0.4054787536930311,0.4701136693832796,gte6
381,382,OADMET-0005708,4.83,train,4to5,1,0.029356520732330235,0.14556865448343997,0.5852072260722787,0.1983643330572707,0.04150326565468038,4to5
382,383,OADMET-0005707,4.3,train,4to5,0,0.017540048873201194,0.10774930606689045,0.5932299516842885,0.24186363906362518,0.039617054311994665,4to5
383,384,OADMET-0005706,4.86,train,4to5,0,0.000346445689334191,0.003648505388182713,0.10464498615400852,0.4743426837496108,0.41701737901886377,5to6
384,385,OADMET-0005705,4.52,train,4to5,2,0.0030340577976708974,0.014834281074388746,0.33811035791657673,0.48057788666405005,0.1634434165473136,5to6
385,386,OADMET-0005704,4.68,train,4to5,0,0.023723068164404143,0.034522080598945584,0.054645892700797755,0.15284504575460878,0.7342639127812437,gte6
386,387,OADMET-0005703,4.97,train,4to5,2,0.023121429133534953,0.07654953591144663,0.4578418637881791,0.29119371771229263,0.15129345345454664,4to5
387,388,OADMET-0005702,5.22,train,5to6,3,0.04491028901256405,0.18877805628792899,0.5326515396486853,0.17556629944170787,0.05809381560911375,4to5
388,389,OADMET-0005701,4.97,train,4to5,4,0.019443342136237624,0.07023322464507255,0.4945024169040439,0.31974559486338805,0.09607542145125793,4to5
389,390,OADMET-0005700,4.04,train,4to5,2,0.019752984535364695,0.08793281616383168,0.6034584540293998,0.25349139742288257,0.0353643478485213,4to5
390,391,OADMET-0005699,4.95,train,4to5,3,0.014244624612545007,0.06929265804531971,0.4109137413685267,0.39652315336079086,0.10902582261281772,4to5
391,392,OADMET-0005698,4.41,train,4to5,0,0.0022276382776948316,0.0161902654752057,0.40002844836429075,0.4948761528439394,0.08667749503886933,5to6
392,393,OADMET-0005697,4.9,train,4to5,2,0.000872202902135886,0.006852946608674414,0.39466190053996625,0.5335697090368161,0.06404324091240733,5to6
393,394,OADMET-0005696,4.22,train,4to5,0,0.021665730954399057,0.13096582228846468,0.6082379607112904,0.1931336942437023,0.045996791802143534,4to5
394,395,OADMET-0005695,3.94,train,3to4,4,0.02541557612591814,0.1071841982209462,0.5754429923078098,0.25647054125719027,0.03548669208813558,4to5
395,396,OADMET-0005694,4.96,train,4to5,4,0.0020516755794651254,0.011453271214158272,0.3064614365983524,0.512141437999583,0.16789217860844122,5to6
396,397,OADMET-0005693,4.82,train,4to5,4,0.039453170605701644,0.15998686611671945,0.5517054117961911,0.2030967741743211,0.045757777307066656,4to5
397,398,OADMET-0005692,4.9,train,4to5,0,0.023464935818246848,0.13012768837191435,0.5309552161955452,0.2771395851297887,0.038312574484504876,4to5
398,399,OADMET-0005691,4.25,train,4to5,1,0.06590224777943549,0.24964921083431985,0.520344911067393,0.1287365848990657,0.035367045419785956,4to5
399,400,OADMET-0005690,4.7,train,4to5,3,0.030486206387741285,0.18359981956034427,0.6048710503954342,0.15801036769923782,0.023032555957242445,4to5
400,401,OADMET-0005689,5.05,train,5to6,4,0.015028602009744698,0.04967253511785661,0.3284438753670453,0.3731874119780867,0.23366757552726675,5to6
401,402,OADMET-0005688,4.59,train,4to5,2,0.012270928143386138,0.07477183507693479,0.6375951058098049,0.25879612107097516,0.016566009898898948,4to5
402,403,OADMET-0005687,5.04,train,5to6,0,0.0010736918766615163,0.009350535452196636,0.1394175289925278,0.49476927478525495,0.3553889688933591,5to6
403,404,OADMET-0005686,5.1,train,5to6,1,0.009198883702587249,0.045042414973269655,0.30703777589526027,0.4278278720573538,0.21089305337152905,5to6
404,405,OADMET-0005685,4.22,train,4to5,4,0.0001711254893232033,0.0005571617551111844,0.02346383051640538,0.2786082942953973,0.6971995879437629,gte6
405,406,OADMET-0005684,4.67,train,4to5,3,0.0026727962727590895,0.021668889699034466,0.355885701283334,0.4981735464620295,0.12159906628284291,5to6
406,407,OADMET-0005683,4.77,train,4to5,4,0.006835910833161081,0.02474683478235893,0.23666773306669595,0.4260568541399123,0.3056926671778718,5to6
407,408,OADMET-0005682,4.9,train,4to5,4,0.001887734546416106,0.013590517782374835,0.3535335503173663,0.4985983448608348,0.13238985249300791,5to6
408,409,OADMET-0005681,5.17,train,5to6,1,0.0021961483847678384,0.017910950815803843,0.37472846069476723,0.4894350425209884,0.11572939758367269,5to6
409,410,OADMET-0005680,4.27,train,4to5,0,0.1364227502847593,0.3300696239604885,0.329503469254744,0.10160991322376028,0.10239424327624791,3to4
410,411,OADMET-0005679,4.4,train,4to5,0,0.011652959584646107,0.059643659077725314,0.4468493728888217,0.3819040971152264,0.0999499113335805,4to5
411,412,OADMET-0005678,5.14,train,5to6,3,0.0980681818626313,0.35952635394134674,0.4342151734682301,0.0785227093595848,0.029667581368207067,4to5
412,413,OADMET-0005677,5.13,train,5to6,4,0.0035511552526833762,0.014264008656076901,0.1644886696867278,0.4258621541831367,0.3918340122213752,5to6
413,414,OADMET-0005676,5.66,train,5to6,4,0.04628930492689783,0.12785124445349458,0.3882382708874796,0.24859225101714671,0.1890289287149813,4to5
414,415,OADMET-0005675,4.41,train,4to5,1,0.05202285945415497,0.19301174581050873,0.5161643624305725,0.1625462919473648,0.07625474035739899,4to5
415,416,OADMET-0005674,5.2,train,5to6,4,0.1087616644011996,0.35509307382940375,0.40869612871954275,0.08084278824770859,0.0466063448021453,4to5
416,417,OADMET-0005673,4.39,train,4to5,0,0.004039636764195489,0.02631857773089641,0.39778735752102395,0.4712968411605256,0.10055758682335855,5to6
417,418,OADMET-0005672,4.92,train,4to5,4,0.0011347470684840034,0.007930704588903947,0.2528054479936677,0.5352349381373485,0.2028941622115959,5to6
418,419,OADMET-0005671,4.94,train,4to5,1,0.021541575090260664,0.10445977060753724,0.5553689630070829,0.2479149713064449,0.07071471998867422,4to5
419,420,OADMET-0005670,4.6,train,4to5,1,0.0031569877267525834,0.022227984211103245,0.3614859623155248,0.448748079962233,0.16438098578438637,5to6
420,421,OADMET-0005669,4.68,train,4to5,2,0.004648630234539783,0.028462536825668235,0.5019972029832902,0.4279347109050613,0.03695691905144052,4to5
421,422,OADMET-0005668,5.27,train,5to6,4,0.0011510232086255601,0.008812518858074473,0.32943192377482855,0.537027839972153,0.1235766941863184,5to6
422,423,OADMET-0005667,5.14,train,5to6,1,0.024940507769627005,0.0823567308483108,0.46069011154870726,0.28371829977925456,0.14829435005410033,4to5
423,424,OADMET-0005666,5.25,train,5to6,1,0.0009096077281514195,0.00854069672815061,0.31535754122741183,0.5202540944620706,0.15493805985421558,5to6
424,425,OADMET-0005665,4.39,train,4to5,1,0.06300485867447246,0.3161059910131507,0.5083383908339992,0.09153260273573435,0.021018156742643273,4to5
425,426,OADMET-0005664,5.28,train,5to6,3,0.02272026329754655,0.13998899754183936,0.5959238154697274,0.20654954621449195,0.03481737747639477,4to5
426,427,OADMET-0005663,4.85,train,4to5,1,0.014733677153648398,0.09151473283430675,0.5882813104355568,0.25001027202193493,0.05546000755455315,4to5
427,428,OADMET-0005662,4.28,train,4to5,0,0.01709174756435768,0.08309625182035847,0.5081406292484026,0.3066740666330688,0.08499730473381249,4to5
428,429,OADMET-0005661,5.08,train,5to6,3,0.0035891035359033627,0.0273801838873643,0.40300450535919224,0.44068250942479253,0.12534369779274754,5to6
429,430,OADMET-0005660,4.75,train,4to5,1,0.0009854101803005847,0.006977323904297475,0.17383977760686553,0.4377261397674877,0.38047134854104875,5to6
430,431,OADMET-0005659,5.12,train,5to6,1,0.00028452138586204884,0.003101652058041953,0.14789276374662036,0.551313603628071,0.2974074591814046,5to6
431,432,OADMET-0005658,4.51,train,4to5,2,0.11828126167500173,0.4300619419858485,0.37331125626932604,0.05886338727929389,0.019482152790529783,3to4
432,433,OADMET-0005657,4.63,train,4to5,0,0.04318064938898984,0.16479769856943496,0.46813923310403627,0.21548466590138282,0.10839775303615612,4to5
433,434,OADMET-0005656,4.89,train,4to5,1,0.010617465057679472,0.046333109305544816,0.4724505070863424,0.35924441559132525,0.11135450295910805,4to5
434,435,OADMET-0005655,5.2,train,5to6,3,0.006200522739540881,0.023477003317227168,0.12219196734388871,0.4371201757112171,0.41101033088812616,5to6
435,436,OADMET-0005654,5.16,train,5to6,2,0.03226076751461686,0.12716296078333705,0.5540630118164604,0.24024189561154888,0.0462713642740368,4to5
436,437,OADMET-0005653,5.41,train,5to6,2,0.000982194398132627,0.007454975187040304,0.2816977677601187,0.5637856479034887,0.14607941475121963,5to6
437,438,OADMET-0005652,4.45,train,4to5,2,0.006875055078705716,0.0475384684181411,0.5835038766889551,0.34158511470657976,0.02049748510761833,4to5
438,439,OADMET-0005651,4.09,train,4to5,0,0.1907398927681188,0.5121211218788801,0.23537152128772731,0.036684519176016776,0.02508294488925692,3to4
439,440,OADMET-0005650,4.27,train,4to5,4,0.0023551779699130947,0.013524098393488941,0.25692261612511375,0.505932239322108,0.2212658681893763,5to6
440,441,OADMET-0005649,4.79,train,4to5,0,0.031251365551816596,0.17312827377136397,0.5731625345234782,0.18967138012530224,0.032786446028038964,4to5
441,442,OADMET-0005648,4.53,train,4to5,1,0.017599881738429808,0.0948181331708034,0.5980779250116123,0.2367904523019468,0.052713607777207724,4to5
442,443,OADMET-0005647,4.53,train,4to5,1,0.008314545887911846,0.052675614033802824,0.5298020046278088,0.32799850672489006,0.0812093287255865,4to5
443,444,OADMET-0005646,4.64,train,4to5,0,0.11419439315795898,0.35373392701148987,0.3746536076068878,0.08627120405435562,0.07114686816930771,4to5
444,445,OADMET-0005645,4.65,train,4to5,1,0.011213209481932555,0.07279161505545141,0.57693256126065,0.2813933854512765,0.057669228750689555,4to5
445,446,OADMET-0005644,5.1,train,5to6,2,0.006299458526254091,0.022321814962202133,0.1455443520449297,0.3391785963890146,0.48665577807759947,gte6
446,447,OADMET-0005643,4.29,train,4to5,0,0.2562515447149111,0.5265347977226034,0.16825521054959003,0.022067248903465453,0.026891198109430067,3to4
447,448,OADMET-0005642,5.14,train,5to6,3,0.0399918535356002,0.21560150750569587,0.5735378562304005,0.14621642959479236,0.024652353133511006,4to5
448,449,OADMET-0005641,5.1,train,5to6,1,0.0010059385899427408,0.009562328116079474,0.11633994759568433,0.46474839576080473,0.40834338993748875,5to6
449,450,OADMET-0005640,4.67,train,4to5,0,0.023136932843329787,0.14017242821736237,0.6194361663583787,0.18376602593012367,0.033488446650805435,4to5
450,451,OADMET-0005639,4.8,train,4to5,0,0.0006438777671086242,0.006572145855441039,0.13240763316905013,0.5106139095068375,0.3497624337015627,5to6
451,452,OADMET-0005638,4.84,train,4to5,0,0.14435248352515131,0.5960031861607593,0.2354842618363233,0.01751115951591988,0.0066489089618461525,3to4
452,453,OADMET-0005637,4.09,train,4to5,1,0.15021684394902318,0.37329065600713013,0.3667875503590368,0.0807921872133156,0.028912762471494262,3to4
453,454,OADMET-0005636,5.12,train,5to6,3,0.12114547396545973,0.3500144027167081,0.38447578022737294,0.08385780078808364,0.06050654230237563,4to5
454,455,OADMET-0005635,4.89,train,4to5,1,0.001121820700587397,0.008523417096378553,0.151866264156451,0.4357488057209446,0.40273969232563844,5to6
455,456,OADMET-0005634,4.09,train,4to5,3,0.0123465110857863,0.07571824259237843,0.5764704056741652,0.2936692686210009,0.04179557202666915,4to5
456,457,OADMET-0005633,4.43,train,4to5,4,0.007171634611381719,0.026974849503393655,0.2904526900144394,0.404022695139135,0.2713781307316502,5to6
457,458,OADMET-0005632,5.1,train,5to6,0,0.07037029950707259,0.3085359242994808,0.47722365029979796,0.10668245385043461,0.03718767204321408,4to5
458,459,OADMET-0005631,4.35,train,4to5,0,0.02302614348867507,0.16614542437311008,0.6111818381254979,0.18058245869588688,0.019064135316830072,4to5
459,460,OADMET-0005630,4.63,train,4to5,0,0.01975958632412963,0.13068853737731345,0.6005146607334817,0.22398045313518505,0.025056762429890137,4to5
460,461,OADMET-0005629,4.73,train,4to5,2,0.008148519957631568,0.041682696318602976,0.5633806381636812,0.33815951907241604,0.0486286264876682,4to5
461,462,OADMET-0005628,5.27,train,5to6,1,0.00208572549400159,0.013627334171064332,0.30415465698392835,0.49484943156840944,0.18528285178259626,5to6
462,463,OADMET-0005627,4.68,train,4to5,2,0.053288179831992376,0.13175334821661402,0.43700855594924426,0.22906905287915783,0.1488808631229915,4to5
463,464,OADMET-0005626,3.51,train,3to4,0,0.00935099595938086,0.07381770361081995,0.6285647410370829,0.26407484773887213,0.024191711653844195,4to5
464,465,OADMET-0005625,4.57,train,4to5,4,0.0009411073517429638,0.00546071777984766,0.20096636055946415,0.5189435543344322,0.273688259974513,5to6
465,466,OADMET-0005624,4.16,train,4to5,4,0.163234552256258,0.5505713502546552,0.25589267922067443,0.022008287380902266,0.008293130887510148,3to4
466,467,OADMET-0005623,4.87,train,4to5,0,0.009389288128845773,0.05276402869452354,0.5394193784515208,0.3273168594971798,0.07111044522793007,4to5
467,468,OADMET-0005622,5.15,train,5to6,3,0.0030756864840151064,0.023278122523912342,0.42542233617417397,0.4740116248534706,0.07421222996442803,5to6
468,469,OADMET-0005621,4.95,train,4to5,1,0.0010176907221848943,0.009405999163009484,0.30279802370128545,0.5504128768276296,0.13636540958589055,5to6
469,470,OADMET-0005620,4.67,train,4to5,3,0.013139812852205175,0.09066465997204637,0.604981048456905,0.26375862243678416,0.02745585628205926,4to5
470,471,OADMET-0005619,5.05,train,5to6,4,0.0028421485337526884,0.013094568628141323,0.2574769855145079,0.49101722251880386,0.2355690748047943,5to6
471,472,OADMET-0005618,4.96,train,4to5,1,0.013690898679959165,0.058595409569480145,0.40232528924813016,0.38597484164953283,0.1394135608528977,4to5
472,473,OADMET-0005617,4.87,train,4to5,0,0.007456877547366089,0.04357431820036293,0.5364481337125184,0.33532452627969395,0.0771961442600586,4to5
473,474,OADMET-0005616,4.54,train,4to5,3,0.03644824887619641,0.16723028131807094,0.5365161516003054,0.21381047344804185,0.04599484475738536,4to5
474,475,OADMET-0005615,4.93,train,4to5,3,0.22225118759551668,0.44358049996978605,0.24109485296355834,0.044526829486213074,0.04854662998492587,3to4
475,476,OADMET-0005614,5.32,train,5to6,4,0.0005440483353578336,0.00430387082912174,0.20821038403603093,0.5445999041813752,0.24234179261811437,5to6
476,477,OADMET-0005613,5.04,train,5to6,2,0.014787493411335102,0.07431094417638093,0.5709754877814602,0.2948256460467879,0.045100428584035755,4to5
477,478,OADMET-0005612,4.53,train,4to5,4,0.09037296305647188,0.30188860926984606,0.46884860715179505,0.10752735086665767,0.03136246965522935,4to5
478,479,OADMET-0005611,4.85,train,4to5,1,0.016040052800326162,0.09343908483507636,0.5939489448158346,0.24603120341070583,0.05054071413805709,4to5
479,480,OADMET-0005610,4.85,train,4to5,4,0.04065282285456666,0.13591386428443292,0.5147438068492107,0.2265757330752005,0.08211377293658917,4to5
480,481,OADMET-0005609,4.15,train,4to5,2,0.004882644053391544,0.03266009025445435,0.5709010506182242,0.3672153446030005,0.024340870470929428,4to5
481,482,OADMET-0005608,4.53,train,4to5,1,0.1193098571601417,0.43714469801622546,0.36829931123093534,0.058389823802478924,0.016856309790218543,3to4
482,483,OADMET-0005607,4.73,train,4to5,2,0.07960548967269998,0.3144052612989945,0.47487783255101057,0.10581254919688199,0.02529886728041296,4to5
483,484,OADMET-0005606,4.59,train,4to5,0,0.22069969115556207,0.5504214003556549,0.18828023409008282,0.021094973501712872,0.019503700896987292,3to4
484,485,OADMET-0005605,4.91,train,4to5,1,0.02071555580404068,0.08498710632401071,0.5552419093107039,0.27578438664767824,0.06327104191356647,4to5
485,486,OADMET-0005604,3.91,train,3to4,1,0.0051668174083641044,0.030998354488999076,0.4727526263077499,0.4076006374545336,0.08348156434035335,4to5
486,487,OADMET-0005603,4.29,train,4to5,2,0.018183010342488433,0.07788718022379358,0.47910182383458066,0.34005064975649557,0.08477733584264179,4to5
487,488,OADMET-0005602,4.47,train,4to5,0,0.00999498391511811,0.0766409356078732,0.628813699213002,0.2550722422375142,0.029478139026492475,4to5
488,489,OADMET-0005601,4.87,train,4to5,3,0.0010651770686163685,0.009642864013232352,0.187093056410019,0.5664770818825352,0.23572182062559707,5to6
489,490,OADMET-0005600,4.73,train,4to5,2,0.11874804948463852,0.3100606385595859,0.3825976706073556,0.11351966435016451,0.07507397699825552,4to5
490,491,OADMET-0005599,4.43,train,4to5,2,0.008777858542277054,0.044153428827634345,0.5217484148298656,0.3618531166451461,0.06346718115507693,4to5
491,492,OADMET-0005598,4.92,train,4to5,3,0.021326382030939787,0.11078523264505316,0.5652694190333697,0.25233069438235006,0.05028827190828729,4to5
492,493,OADMET-0005597,4.77,train,4to5,4,0.04291891250678825,0.2135015996275261,0.5729195996924542,0.15255844394134524,0.018101444231886213,4to5
493,494,OADMET-0005596,4.79,train,4to5,4,0.0004161056758493512,0.003255872324158445,0.18400337002290357,0.5523827136084185,0.2599419383686701,5to6
494,495,OADMET-0005595,4.93,train,4to5,3,0.31797112356276913,0.5464203072716135,0.10638321381298828,0.010053496283482954,0.019171859069146115,3to4
495,496,OADMET-0005594,4.24,train,4to5,3,0.14886657588643518,0.49449567973715725,0.3061224755507945,0.03360706498906442,0.016908203836548622,3to4
496,497,OADMET-0005593,4.74,train,4to5,3,0.04638826396782999,0.24229715358340295,0.5481142905856881,0.13196606712845227,0.03123422473462667,4to5
497,498,OADMET-0005592,4.65,train,4to5,0,0.038021208739743705,0.15444403138841536,0.5009293313619446,0.21690558336759885,0.0896998451422975,4to5
498,499,OADMET-0005591,4.9,train,4to5,0,0.05436045927493738,0.2642314374991185,0.5194903496021699,0.12695146813352104,0.03496628549025315,4to5
499,500,OADMET-0005590,4.63,train,4to5,2,0.03496036855725375,0.11516785723150574,0.4570238632881718,0.3004747759285508,0.09237313499451792,4to5
500,501,OADMET-0005589,5.16,train,5to6,3,0.006118131956608788,0.04194560806636173,0.533558997252057,0.3742804933355312,0.0440967693894413,4to5
501,502,OADMET-0005588,4.45,train,4to5,2,0.04663893406693138,0.24487533253150684,0.5526150259146457,0.13718920435051604,0.018681503136400015,4to5
502,503,OADMET-0005587,4.26,train,4to5,2,0.026005152586473245,0.06966501713369848,0.30003977622547884,0.2779212988187919,0.32636875523555753,gte6
503,504,OADMET-0005586,4.68,train,4to5,2,0.009140421219281256,0.0499975211453824,0.5586333019910084,0.33843775039217455,0.043791005252153375,4to5
504,505,OADMET-0005585,5.04,train,5to6,4,0.0032965381547941275,0.015396343070939815,0.2589994887383812,0.42447506076872626,0.2978325692671586,5to6
505,506,OADMET-0005584,4.05,train,4to5,1,0.0009408316007529685,0.007922194371219052,0.14970248211693699,0.46925398122610884,0.37218051068498215,5to6
506,507,OADMET-0005583,4.27,train,4to5,1,0.00426507358065728,0.0232633241501924,0.3224022064147514,0.4247003555627374,0.22536904029166152,5to6
507,508,OADMET-0005582,4.85,train,4to5,0,0.0013761625335758877,0.010620593229339604,0.4012939981350605,0.514781660473205,0.071927585628819,5to6
508,509,OADMET-0005581,4.66,train,4to5,0,0.04859992553964729,0.27612800637567003,0.5350843925161858,0.12093030640551743,0.01925736916297944,4to5
509,510,OADMET-0005580,4.11,train,4to5,4,0.04851091357384392,0.24951444961293195,0.5599580495797907,0.12856389785705719,0.013452689376376307,4to5
510,511,OADMET-0005579,4.85,train,4to5,1,0.013764315528349946,0.058142011151367995,0.4283273891901787,0.3729988402565736,0.12676744387352973,4to5
511,512,OADMET-0005578,4.77,train,4to5,4,0.02868021769628821,0.136672159669525,0.5877166631254677,0.2244201692514936,0.022510790257225532,4to5
512,513,OADMET-0005577,4.9,train,4to5,2,0.004666814771797368,0.02331807746178974,0.3818979121777305,0.48393820719167696,0.10617898839700547,5to6
513,514,OADMET-0005576,4.12,train,4to5,4,0.006082719394148838,0.029410293914770087,0.3991722887740364,0.39588688089629637,0.1694478170207483,4to5
514,515,OADMET-0005575,4.82,train,4to5,0,0.042071742605401585,0.174112117150539,0.5242984617494849,0.20528555335850363,0.054232125136070876,4to5
515,516,OADMET-0005574,5.28,train,5to6,4,0.008887995659507961,0.04372406227719942,0.5179214895115279,0.38067640542515835,0.048790047126606347,4to5
516,517,OADMET-0005573,4.73,train,4to5,2,0.0019158121598518818,0.013090900259769698,0.28158414609716403,0.5470849323355791,0.15632420914763534,5to6
517,518,OADMET-0005572,4.77,train,4to5,4,0.025051813852621025,0.08292321208406105,0.3788684946917202,0.3110636805489326,0.2020927988226652,4to5
518,519,OADMET-0005571,4.75,train,4to5,0,0.011004968351596594,0.06015236941827925,0.5191543010399381,0.32582595367851375,0.08386240751167225,4to5
519,520,OADMET-0005570,5.08,train,5to6,0,0.01893399844957903,0.1143177264472064,0.5379169658353883,0.28114858526787456,0.04768272399995169,4to5
520,521,OADMET-0005569,4.68,train,4to5,1,0.00247925499488681,0.016343552805677543,0.32117781409474855,0.4806132073397858,0.1793861707649013,5to6
521,522,OADMET-0005568,4.35,train,4to5,0,0.5119385170930858,0.4326487223864414,0.02628304461280857,0.0042558778473723476,0.02487383806029184,lt3
522,523,OADMET-0005567,5.12,train,5to6,4,0.0060679744250926254,0.02575813018800918,0.34490525337042005,0.44788097834720114,0.17538766366927702,5to6
523,524,OADMET-0005566,5.31,train,5to6,3,0.0035283126649531134,0.027992953565201373,0.49781511591418737,0.41501669723020457,0.05564692062545361,4to5
524,525,OADMET-0005565,5.28,train,5to6,0,0.004512217023192467,0.026333095394247975,0.21030977281747693,0.4460364245754367,0.31280849018964596,5to6
525,526,OADMET-0005564,4.88,train,4to5,4,0.0020018270490069993,0.012814952556280635,0.35966150730136315,0.5171037140541844,0.10841799903916478,5to6
526,527,OADMET-0005563,5.18,train,5to6,3,0.0020533583960748733,0.017311882538025954,0.3909510444158759,0.4826437321406713,0.10703998250935196,5to6
527,528,OADMET-0005562,5.03,train,5to6,2,0.05883291758162125,0.21162419099965762,0.523195507091267,0.1696399903656542,0.03670739396179987,4to5
528,529,OADMET-0005561,4.59,train,4to5,3,0.008184585750790632,0.05678650012905337,0.5482912084024072,0.3403628183169768,0.046374887400772,4to5
529,530,OADMET-0005560,4.8,train,4to5,4,0.036742350306703885,0.14159429930474016,0.5481347792684386,0.2248542655324519,0.04867430558766549,4to5
530,531,OADMET-0005559,4.96,train,4to5,0,0.055619372674389794,0.26984050266801185,0.5182391289270118,0.12868769179237577,0.027613303938210668,4to5
531,532,OADMET-0005558,4.61,train,4to5,0,0.02067860991773918,0.09510673724273946,0.44304192726376546,0.3356450548119106,0.10552767076384531,4to5
532,533,OADMET-0005557,5.13,train,5to6,3,0.016141747364289707,0.10942881085562957,0.6249043673783532,0.22435515157847016,0.025169922823257324,4to5
533,534,OADMET-0005556,5.22,train,5to6,0,0.002672095118780907,0.019654302178180455,0.41236731938091165,0.4773670198058677,0.08793926351625926,5to6
534,535,OADMET-0005555,4.53,train,4to5,4,0.1033535977439405,0.2802398612934444,0.395319286302674,0.11032387619529005,0.11076337846465106,4to5
535,536,OADMET-0005554,4.58,train,4to5,3,0.06153563014590878,0.2208872578260032,0.4747199100452665,0.1882756494422419,0.054581552540579614,4to5
536,537,OADMET-0005553,4.79,train,4to5,1,0.019182383370990118,0.05737711669357847,0.2182012872255907,0.3368266707977651,0.36841254191207556,gte6
537,538,OADMET-0005552,5.14,train,5to6,4,0.0031114774538799368,0.015694524983215205,0.29808759481119274,0.4769716527524522,0.20613474999925996,5to6
538,539,OADMET-0005551,5.3,train,5to6,4,0.01021039129510364,0.032580838874869095,0.2479415050863643,0.38826891831142607,0.3209983464322369,5to6
539,540,OADMET-0005550,5.0,train,4to5,4,0.08112675163107835,0.26113716448828633,0.47330675763319174,0.13398968032720596,0.05043964592023761,4to5
540,541,OADMET-0005549,5.09,train,5to6,4,0.02620646259909635,0.09360041120646852,0.4715832296169091,0.2867420804969191,0.12186781608060687,4to5
541,542,OADMET-0005548,4.83,train,4to5,1,0.027224099936345586,0.1193748600198757,0.5665375521907166,0.22796056307484983,0.05890292477821231,4to5
542,543,OADMET-0005547,5.37,train,5to6,2,0.0072072008498814495,0.03410965791195809,0.3787470400011402,0.45842394134366515,0.12151215989335513,5to6
543,544,OADMET-0005546,4.93,train,4to5,1,0.014699643231375535,0.057664166169282986,0.45106630761251454,0.3441509546761241,0.13241892831070282,4to5
544,545,OADMET-0005545,5.43,train,5to6,4,0.0014692505044625616,0.01008787264162758,0.3330982852932196,0.5268789418167472,0.12846564974394298,5to6
545,546,OADMET-0005544,4.8,train,4to5,0,0.017309045967187325,0.10965787966583661,0.5508540447140462,0.2834654838199042,0.03871354583302565,4to5
546,547,OADMET-0005543,5.1,train,5to6,1,0.020566835539784233,0.08470725078790074,0.5349411248801397,0.2684370815358218,0.09134770725635348,4to5
547,548,OADMET-0005542,5.28,train,5to6,2,0.00034442010011084156,0.002958014955234176,0.25010137753593775,0.6122417802061246,0.1343544072025926,5to6
548,549,OADMET-0005541,4.68,train,4to5,1,0.04344955896756939,0.20117175645283097,0.5628799397695107,0.15543283912083528,0.03706590568925363,4to5
549,550,OADMET-0005540,4.63,train,4to5,0,0.022041617248749958,0.1362418848158665,0.6196529946058448,0.18871657796393343,0.03334692536560535,4to5
550,551,OADMET-0005539,4.82,train,4to5,4,0.02196723529794111,0.10615937840463584,0.5628521274670325,0.2481725588985515,0.06084869993183911,4to5
551,552,OADMET-0005538,4.43,train,4to5,3,0.010154593849419734,0.06103382700346962,0.5328460991328147,0.3500722983860109,0.045893181628285144,4to5
552,553,OADMET-0005537,5.19,train,5to6,2,0.0025002694339353415,0.015621783342959281,0.20381239502720375,0.5216403932401709,0.25642515895573076,5to6
553,554,OADMET-0005536,4.49,train,4to5,2,0.006286282139169291,0.03161093243666688,0.45490035753622915,0.42743492444928677,0.07976750343864786,4to5
554,555,OADMET-0005535,5.23,train,5to6,3,0.025061688995055363,0.10726885411864553,0.46718463193083715,0.31272499695406275,0.0877598280013992,4to5
555,556,OADMET-0005534,5.49,train,5to6,4,0.00040864093879277035,0.003038447993221188,0.1614326060115221,0.5449449916421012,0.2901753134143627,5to6
556,557,OADMET-0005533,4.21,train,4to5,1,0.08152259719232363,0.3360922267716108,0.46910070411840876,0.08640659423456987,0.026877877683086963,4to5
557,558,OADMET-0005532,5.22,train,5to6,0,0.0017511969030195216,0.013516303952567602,0.24797823785545842,0.5250978419111202,0.21165641937783422,5to6
558,559,OADMET-0005531,4.4,train,4to5,4,0.011379432123927193,0.07568456359423897,0.6003811460052251,0.28218275781654717,0.030372100460061623,4to5
559,560,OADMET-0005530,4.88,train,4to5,1,0.041895266466232886,0.17992913655963116,0.5644764283132686,0.17384770447817555,0.03985146418269178,4to5
560,561,OADMET-0005529,5.3,train,5to6,0,0.0017094134679461197,0.014052715037985466,0.3456083507984196,0.5328298763723472,0.1057996443233016,5to6
561,562,OADMET-0005528,3.86,train,3to4,0,0.00765913733459045,0.050053019635971856,0.4072234974118713,0.4345790196349362,0.10048532598263017,5to6
562,563,OADMET-0005527,4.09,train,4to5,1,0.21679306551249033,0.37322981477246514,0.24515720105958577,0.0693795724490476,0.09544034620641115,3to4
563,564,OADMET-0005526,5.07,train,5to6,4,0.002317475333329055,0.00879465674789149,0.12507833246306713,0.3817530780664969,0.48205645738921543,gte6
564,565,OADMET-0005525,5.54,train,5to6,3,0.006450236282287107,0.04540064539359612,0.5084905603079055,0.36969500625168206,0.06996355176452922,4to5
565,566,OADMET-0005524,5.3,train,5to6,0,0.0011963154875496954,0.010897442475199947,0.30674483743646513,0.5597683076607969,0.12139309693998832,5to6
566,567,OADMET-0005523,4.43,train,4to5,0,0.04659163405777387,0.22645885398764706,0.5482600723110113,0.14314367833943373,0.03554576130413408,4to5
567,568,OADMET-0005522,5.37,train,5to6,2,0.007392652698612339,0.02028537327969641,0.13346677838334042,0.36631467443745325,0.47254052120089757,gte6
568,569,OADMET-0005521,4.49,train,4to5,1,0.05557887732041849,0.243473458419908,0.5281201345266336,0.13492574634390062,0.037901783389139236,4to5
569,570,OADMET-0005520,4.29,train,4to5,3,0.02568465862616328,0.1324467870674328,0.565620862326156,0.2393906258443894,0.036857066135858534,4to5
570,571,OADMET-0005519,4.81,train,4to5,3,0.01802991620996483,0.09832716555919896,0.5604485596975411,0.2788275641270997,0.044366794406195405,4to5
571,572,OADMET-0005518,5.39,train,5to6,4,0.12008943319254045,0.2917368092258512,0.3655164810604119,0.10507593225631168,0.1175813442648847,4to5
572,573,OADMET-0005517,4.92,train,4to5,3,0.08265669459126827,0.25872429627051285,0.3947698385692424,0.15111316402748606,0.11273600654149041,4to5
573,574,OADMET-0005516,4.46,train,4to5,1,0.06672192166701807,0.2747926937246295,0.5027908498845945,0.11546632848776589,0.04022820623599193,4to5
574,575,OADMET-0005515,5.1,train,5to6,4,0.0853437023558661,0.1982228279378589,0.41192182284710077,0.1774871918933512,0.12702445496582307,4to5
575,576,OADMET-0005514,4.7,train,4to5,1,0.013915815274005441,0.087724036733139,0.5894610832397362,0.23925743796553747,0.06964162678758182,4to5
576,577,OADMET-0005513,5.2,train,5to6,1,0.08723185810244322,0.3493241311164253,0.4556447787195388,0.08244879405565719,0.02535043800593551,4to5
577,578,OADMET-0005512,5.01,train,5to6,1,0.004681308609914794,0.02535978999280085,0.3786038640011777,0.46682922597474935,0.1245258114213573,5to6
578,579,OADMET-0005511,4.73,train,4to5,3,0.03976629198206945,0.1385541224111659,0.38729392472260643,0.29060899453512223,0.14377666634903602,4to5
579,580,OADMET-0005510,4.99,train,4to5,3,0.0448398505559597,0.16161824401576272,0.44748037053316003,0.21104709332331062,0.13501444157180692,4to5
580,581,OADMET-0005509,5.68,train,5to6,4,0.005011240194363042,0.015433768774745475,0.11085102061909737,0.32788459538222553,0.5408193750295687,gte6
581,582,OADMET-0005508,5.34,train,5to6,2,0.0034381378894229077,0.017693384570808112,0.2085708193899736,0.495677736238939,0.2746199219108564,5to6
582,583,OADMET-0005507,5.31,train,5to6,2,0.011394771418312645,0.050149197173654,0.4368551843403739,0.4104964912632562,0.09110435580440328,4to5
583,584,OADMET-0005506,5.18,train,5to6,4,0.00836826712438188,0.04859238541679516,0.5335849766763548,0.3565908434633632,0.05286352731910493,4to5
584,585,OADMET-0005505,4.48,train,4to5,3,0.012481493294169508,0.07208094410221352,0.5321281900569708,0.3215389698027182,0.061770402743928005,4to5
585,586,OADMET-0005504,4.77,train,4to5,3,0.007608981071657696,0.045784922580295616,0.41021092293513045,0.4088357246189009,0.12755944879401537,4to5
586,587,OADMET-0005503,4.95,train,4to5,0,0.0897008018240213,0.3457835861178698,0.43670081441550235,0.08714383710706476,0.04067096053554176,4to5
587,588,OADMET-0005502,4.87,train,4to5,3,0.04761787867617257,0.27048373171969553,0.5515444268443725,0.11085969934079852,0.019494263418960826,4to5
588,589,OADMET-0005501,5.29,train,5to6,2,0.0007911544351922129,0.00560915457781751,0.2650044502124841,0.5474456428239092,0.18114959795059707,5to6
589,590,OADMET-0005500,4.64,train,4to5,1,0.012168504297733307,0.07199693471193314,0.5461851954460144,0.27938592433929443,0.09026344120502472,4to5
590,591,OADMET-0005499,5.17,train,5to6,4,0.0003878513740888994,0.0034223652241102704,0.23623561397106582,0.5976079585498505,0.1623462108808845,5to6
591,592,OADMET-0005498,3.8,train,3to4,2,0.023358229286690475,0.0928388749118275,0.47754549446464895,0.3212154769761621,0.085041924360671,4to5
592,593,OADMET-0005497,4.9,train,4to5,4,0.002464388991524337,0.013143642027206278,0.31365928419003364,0.4908607361239932,0.17987194866724251,5to6
593,594,OADMET-0005496,5.08,train,5to6,4,0.0006326494893317479,0.004156319685982668,0.1513010040101335,0.5194439632811871,0.32446606353336493,5to6
594,595,OADMET-0005495,5.03,train,5to6,1,0.009170234135015054,0.05088856778376871,0.5153887829528094,0.3533502790827283,0.07120213604567843,4to5
595,596,OADMET-0005494,5.36,train,5to6,1,0.019196897602104412,0.10207468195203928,0.5780185417978574,0.25631525921586706,0.0443946194321318,4to5
596,597,OADMET-0005493,5.13,train,5to6,3,0.005685251732711117,0.04154435217171912,0.5468301831637948,0.36062199263568306,0.04531822029609189,4to5
597,598,OADMET-0005492,5.35,train,5to6,3,0.010500310969074774,0.058630798285039136,0.39585733598031725,0.41023567509947195,0.1247758796660969,5to6
598,599,OADMET-0005491,4.84,train,4to5,4,0.0027787056945639595,0.0179898106818307,0.43501562183966597,0.4558030100711832,0.08841285171275622,5to6
599,600,OADMET-0005490,4.96,train,4to5,3,0.02381904534078432,0.12248383074584394,0.5435991711147392,0.25955869925674446,0.05053925354188809,4to5
600,601,OADMET-0005489,4.94,train,4to5,0,0.008465998798174786,0.05181617657484843,0.543442189187331,0.3344349261983904,0.06184070924125546,4to5
601,602,OADMET-0005488,5.04,train,5to6,3,0.02766880641137376,0.16495551537622918,0.6052211062287042,0.17908490104418026,0.023069670939512645,4to5
602,603,OADMET-0005487,4.78,train,4to5,3,0.021492627318673855,0.10805802449800166,0.5422021352575025,0.26932434250877585,0.05892287041704619,4to5
603,604,OADMET-0005486,4.93,train,4to5,4,0.06925841008076608,0.21944186273563726,0.46836123059027013,0.154345413783466,0.08859308280986054,4to5
604,605,OADMET-0005485,4.61,train,4to5,3,0.033191416923042984,0.15054982932546898,0.5023936142689214,0.22921644911308706,0.08464869036947954,4to5
605,606,OADMET-0005484,4.93,train,4to5,0,0.0014050055509001419,0.010712472529881544,0.3959075737546936,0.5139446166405138,0.07803033152401086,5to6
606,607,OADMET-0005483,5.17,train,5to6,1,0.022011986617333813,0.13834084956927736,0.6071374585983564,0.19428606874177423,0.03822363647325811,4to5
607,608,OADMET-0005482,4.99,train,4to5,0,0.06018533274807532,0.23652103895725368,0.4781089794353989,0.1708212818327737,0.054363367026498424,4to5
608,609,OADMET-0005481,4.96,train,4to5,0,0.001841290081666867,0.012000524716929582,0.17170444528679185,0.48280943558540634,0.3316443043292054,5to6
609,610,OADMET-0005480,5.11,train,5to6,0,0.00139986542220695,0.011831929383595835,0.3780056368431156,0.5212963403090505,0.08746622804203111,5to6
610,611,OADMET-0005479,4.7,train,4to5,3,0.03599182190735406,0.19963947198814955,0.5772883371282711,0.16240295979533478,0.024677409180890515,4to5
611,612,OADMET-0005478,5.06,train,5to6,3,0.11511686932034337,0.4885176012996375,0.3393725378951608,0.03668804012191206,0.020304951362946227,3to4
612,613,OADMET-0005477,4.5,train,4to5,0,0.18003433808658764,0.41604113268821585,0.2648515383537744,0.05227789988906756,0.0867950909823545,3to4
613,614,OADMET-0005476,5.3,train,5to6,3,0.0012142156810131647,0.010432758649108843,0.3568936384332402,0.5373838092358387,0.09407557800079912,5to6
614,615,OADMET-0005475,4.85,train,4to5,3,0.05319771826494585,0.2858927500005164,0.5374222307711838,0.10510551753277023,0.01838178343058368,4to5
615,616,OADMET-0005474,5.27,train,5to6,1,0.0006598654287687936,0.008088866998307485,0.1404960123920196,0.5126246098735661,0.33813064530733805,5to6
616,617,OADMET-0005473,4.33,train,4to5,4,0.0029880823873625196,0.016042791471323654,0.28100198795182807,0.4965446940269243,0.20342244416256144,5to6
617,618,OADMET-0005472,4.92,train,4to5,4,0.030107976588346283,0.1283303636281717,0.5431955406144676,0.2542796707313538,0.044086448437660485,4to5
618,619,OADMET-0005471,5.32,train,5to6,4,0.0023713154394283654,0.010491490632776164,0.22195256324829113,0.478673082928648,0.2865115477508563,5to6
619,620,OADMET-0005470,4.23,train,4to5,0,0.01297703162831166,0.06953176661771443,0.361698229936001,0.4324000953026089,0.123392876515364,5to6
620,621,OADMET-0005469,4.87,train,4to5,3,0.00603510569258188,0.03931263770165745,0.45117636779734266,0.422346585065997,0.08112930374242103,4to5
621,622,OADMET-0005468,4.38,train,4to5,4,0.015587634201517058,0.06730205879090628,0.5358158599499547,0.31194414160885575,0.06935030544876612,4to5
622,623,OADMET-0005467,5.22,train,5to6,3,0.05199663384280065,0.25660471483215636,0.5472716342523032,0.12029481662432893,0.02383220044841093,4to5
623,624,OADMET-0005466,4.43,train,4to5,4,0.09765858094030715,0.3025060262250972,0.4411577533056093,0.1007456917232384,0.05793194780574797,4to5
624,625,OADMET-0005465,5.19,train,5to6,0,0.004724861678536669,0.031066155654244303,0.510512838573673,0.397849835600631,0.055846308492915074,4to5
625,626,OADMET-0005464,4.81,train,4to5,4,0.00844061629692176,0.026405255479213855,0.2238017107007531,0.3479511935389722,0.39340122398413907,gte6
626,627,OADMET-0005463,5.34,train,5to6,3,0.0014234731538938913,0.013008210047832522,0.23184532062309435,0.5429668705247611,0.2107561256504181,5to6
627,628,OADMET-0005462,4.86,train,4to5,2,0.015422574716133633,0.061354255337886354,0.46771992839217397,0.357383776981122,0.09811946457268403,4to5
628,629,OADMET-0005461,5.23,train,5to6,2,0.008299481340111678,0.03896620971248846,0.40999592419703107,0.45444293015115156,0.08829545459921725,5to6
629,630,OADMET-0005460,5.15,train,5to6,2,0.03685818882123971,0.17611339196245954,0.5864330366319128,0.17923046147738225,0.02136492110700567,4to5
630,631,OADMET-0005459,4.72,train,4to5,0,0.008419290498617683,0.059111746367504686,0.5861418465577753,0.3170572935438638,0.02926982303223845,4to5
631,632,OADMET-0005458,4.75,train,4to5,2,0.02081409248090008,0.07494370513690013,0.4567444843972095,0.32946708246096273,0.11803063552402757,4to5
632,633,OADMET-0005457,4.59,train,4to5,3,0.4722560284551378,0.4747114417646451,0.032112057833402596,0.0037126838676840306,0.017207788079130433,3to4
633,634,OADMET-0005456,5.22,train,5to6,3,0.0006883448470169709,0.006962928116901022,0.21845584046033753,0.5507576197919778,0.2231352667837667,5to6
634,635,OADMET-0005455,5.09,train,5to6,3,0.05611401461875352,0.24223732994572342,0.5240130112163418,0.14748013630627774,0.030155507912903553,4to5
635,636,OADMET-0005454,4.69,train,4to5,3,0.018060675475177042,0.11532483923743686,0.5793183631932404,0.23526383761311725,0.05203228448102845,4to5
636,637,OADMET-0005453,4.93,train,4to5,4,0.003598361840612883,0.015127632251256287,0.2663126661034521,0.46039958072992754,0.2545617590747512,5to6
637,638,OADMET-0005452,4.61,train,4to5,0,0.0030011689015919988,0.019674070610050727,0.41834355316224836,0.47578082529907056,0.08320038202703835,5to6
638,639,OADMET-0005451,4.3,train,4to5,4,0.0034260402364785095,0.020111491589930388,0.3685846867283867,0.4626574146100211,0.14522036683518333,5to6
639,640,OADMET-0005450,5.43,train,5to6,4,0.0015746112516946125,0.005191651042388214,0.06811653651376583,0.3250248648452839,0.6000923363468674,gte6
640,641,OADMET-0005449,5.32,train,5to6,1,0.001239657646125799,0.010789206349472294,0.3301703661858673,0.5326464820590832,0.12515428775945148,5to6
641,642,OADMET-0005448,5.31,train,5to6,2,0.048288999601293334,0.12519784878034904,0.3733497144786503,0.2731156481448689,0.1800477889948385,4to5
642,643,OADMET-0005447,5.07,train,5to6,0,0.0096193833743259,0.04860367743642592,0.1997619468661124,0.468045931467036,0.2739690608560998,5to6
643,644,OADMET-0005446,5.24,train,5to6,3,0.010505965765885791,0.0773208360138424,0.5887037508586305,0.2929093537665634,0.03056009359507794,4to5
644,645,OADMET-0005445,4.5,train,4to5,2,0.01814943220387104,0.07499127234402167,0.49494858592229113,0.3207651119811464,0.09114559754866977,4to5
645,646,OADMET-0005444,4.57,train,4to5,1,0.0027282953692343197,0.019740410797157774,0.42513899410716216,0.44309784436523825,0.10929445536120753,5to6
646,647,OADMET-0005443,5.61,train,5to6,0,0.0020787823352764277,0.013459380004125786,0.08423943209852097,0.38936952391077456,0.5108528816513023,gte6
647,648,OADMET-0005442,5.03,train,5to6,1,0.1414699483296115,0.4796226379465103,0.3163928230430815,0.04395480977971132,0.01855978090108543,3to4
648,649,OADMET-0005441,4.56,train,4to5,0,0.00017134136803682856,0.0017675901995409214,0.024658913116829332,0.286446753928051,0.6869554013875419,gte6
649,650,OADMET-0005440,5.01,train,5to6,3,0.006831690927939531,0.04200003169011229,0.4285236169332475,0.4265026619086633,0.09614199854003735,4to5
650,651,OADMET-0005439,4.46,train,4to5,4,0.0647462527100276,0.1967367813234271,0.4592593278046002,0.1617208856216007,0.11753675254034435,4to5
651,652,OADMET-0005438,4.63,train,4to5,0,0.0025751058891607995,0.01825432595943346,0.36601810249803385,0.49590722813066435,0.11724523752270756,5to6
652,653,OADMET-0005437,5.16,train,5to6,0,0.011392544127424768,0.07862346048221931,0.606016770685736,0.2750386395929252,0.028928585111694747,4to5
653,654,OADMET-0005436,4.58,train,4to5,2,0.0012690549029968847,0.009270311001922764,0.3038972209561096,0.584126451596755,0.10143696154221576,5to6
654,655,OADMET-0005435,5.18,train,5to6,0,0.22702304511465776,0.3632054247735718,0.193416874257843,0.08331657014824666,0.1330380857056807,3to4
655,656,OADMET-0005434,5.01,train,5to6,3,0.00475187658714643,0.03130810855820369,0.38643980235246495,0.4382370992151493,0.13926311328703564,5to6
656,657,OADMET-0005433,4.78,train,4to5,1,0.011768939521244836,0.07483035082084846,0.587335925030748,0.2748720556306448,0.051192728996513864,4to5
657,658,OADMET-0005432,5.48,train,5to6,1,0.006262891616734438,0.0433513463496963,0.5272486545665388,0.34660126048152634,0.07653584698550413,4to5
658,659,OADMET-0005431,5.04,train,5to6,2,0.10786902845881667,0.2457578297139831,0.3546054695095517,0.12256045471426437,0.16920721760338414,4to5
659,660,OADMET-0005430,4.75,train,4to5,1,0.005693038261040175,0.034591286166409746,0.4778954517831286,0.40258924747156277,0.07923097631785868,4to5
660,661,OADMET-0005429,4.97,train,4to5,4,0.001733533456999304,0.013382986195724799,0.3772542478849962,0.4871700110887003,0.12045922137357948,5to6
661,662,OADMET-0005428,5.0,train,4to5,2,0.004208444999082417,0.022073758324062633,0.4658705796895386,0.4150319910392279,0.09281522594808847,4to5
662,663,OADMET-0005427,4.7,train,4to5,2,0.08932516391109065,0.21114706206518927,0.39855636661662286,0.15153063269217937,0.14944077471491787,4to5
663,664,OADMET-0005426,5.16,train,5to6,0,0.015047765575174257,0.06799338120584142,0.23803717274836445,0.4273261495535677,0.2515955309170522,5to6
664,665,OADMET-0005425,5.88,train,5to6,4,0.0011740675443976916,0.007858925041572363,0.3109326181623259,0.5414917749881409,0.13854261426356304,5to6
665,666,OADMET-0005424,3.9,train,3to4,0,0.22015724256048938,0.4805606126576434,0.22262824242456844,0.04002052396459416,0.036633378392704634,3to4
666,667,OADMET-0005423,5.19,train,5to6,0,0.04254528832571259,0.30297761816928964,0.5486586628631652,0.09175373511291592,0.014064695528916692,4to5
667,668,OADMET-0005422,4.86,train,4to5,0,0.01296995856091689,0.09590657830934388,0.6415723084231981,0.22140100438885357,0.028150150317687517,4to5
668,669,OADMET-0005421,4.68,train,4to5,3,0.048253294080495834,0.22594735026359558,0.5401042699813843,0.15335482358932495,0.032340262085199356,4to5
669,670,OADMET-0005420,5.25,train,5to6,1,0.00024243127314778882,0.0027874189356777985,0.05198587923116142,0.40314239832584464,0.5418418722341684,gte6
670,671,OADMET-0005419,5.38,train,5to6,3,0.001855927139790062,0.014785117227036794,0.36390688418051337,0.5083554303648281,0.11109664108783165,5to6
671,672,OADMET-0005418,4.84,train,4to5,3,0.006816493309197053,0.04585320104368105,0.48992272937713527,0.37780341294890224,0.07960416332108436,4to5
672,673,OADMET-0005417,4.88,train,4to5,1,0.004336099144384357,0.029816787717693288,0.45219567460212456,0.41558682957253124,0.09806460896326659,4to5
673,674,OADMET-0005416,5.28,train,5to6,1,0.014658573261053723,0.0549750632743126,0.3402994912340244,0.3713208779945703,0.21874599423603894,5to6
674,675,OADMET-0005415,4.79,train,4to5,0,0.004421328124438805,0.033100299013121906,0.4866609496313742,0.4211373560509318,0.05468006718013329,4to5
675,676,OADMET-0005414,4.42,train,4to5,1,0.12860402560684103,0.38452002692610043,0.38229802535696344,0.0744779860561936,0.030099936053901433,3to4
676,677,OADMET-0005413,4.22,train,4to5,1,0.00545012350481923,0.03655596543327983,0.5219464499507016,0.36603605932094446,0.07001140179025479,4to5
677,678,OADMET-0005412,4.89,train,4to5,4,0.002647095560503404,0.014895066990312468,0.31567531643892033,0.5041961165134958,0.16258640449676803,5to6
678,679,OADMET-0005411,4.91,train,4to5,0,0.0015389023259246592,0.013045711761759532,0.4600887113039649,0.4736042734534593,0.051722401154891615,5to6
679,680,OADMET-0005410,5.15,train,5to6,2,0.052034861564116755,0.20086104868559468,0.5346420327627356,0.16826118278114224,0.04420087420641073,4to5
680,681,OADMET-0005409,4.89,train,4to5,4,0.02512095211531968,0.10316228463052217,0.5761032475192692,0.25936146556103457,0.036252050173854355,4to5
681,682,OADMET-0005408,5.82,train,5to6,1,0.0011367225051126175,0.009535075134250556,0.31011843580248344,0.5362436753913268,0.1429660911668266,5to6
682,683,OADMET-0005407,5.17,train,5to6,0,0.009326943083433192,0.05166926544932607,0.39429896592545643,0.42450382791594626,0.12020099762583807,5to6
683,684,OADMET-0005406,4.69,train,4to5,4,0.007319967379660542,0.0408446821311678,0.47051689795143414,0.39009556300302095,0.09122288953471655,4to5
684,685,OADMET-0005405,4.56,train,4to5,1,0.03461830901828087,0.19287258978595073,0.5940915069500214,0.15122837614135928,0.027189218104387722,4to5
685,686,OADMET-0005404,5.31,train,5to6,0,0.001910659459653094,0.015254090341220362,0.1385622602516118,0.4796934661309155,0.3645795238165992,5to6
686,687,OADMET-0005403,4.98,train,4to5,1,0.01879266157941801,0.09830334160045978,0.56177362222168,0.2620946598961606,0.05903571470228154,4to5
687,688,OADMET-0005402,5.1,train,5to6,0,0.03700515641646518,0.1968591518583117,0.5609890839494358,0.1738579130688977,0.031288694706889594,4to5
688,689,OADMET-0005401,4.15,train,4to5,2,0.009090946250680614,0.04553181403058742,0.5361850972587776,0.36874312952262533,0.040449012937329054,4to5
689,690,OADMET-0005400,4.83,train,4to5,1,0.003249245222543261,0.01787686343799144,0.24456964376249898,0.4179240157410409,0.3163802318359254,5to6
690,691,OADMET-0005399,4.98,train,4to5,4,0.0005107942497863198,0.004528957621030366,0.25615255186641905,0.5767714042336969,0.16203629202906739,5to6
691,692,OADMET-0005398,4.93,train,4to5,1,0.04150062644851854,0.1648408560141602,0.5551208646922982,0.1875280966040456,0.051009556240977486,4to5
692,693,OADMET-0005397,4.53,train,4to5,3,0.0006822609193428068,0.006839975331673849,0.2528969801911796,0.5874432592466232,0.15213752431118055,5to6
693,694,OADMET-0005396,4.29,train,4to5,4,0.08190379352795923,0.23829306839624842,0.4480137858391835,0.1479425143297204,0.0838468379068884,4to5
694,695,OADMET-0005395,4.2,train,4to5,1,0.005178485297452158,0.032567629982223685,0.47108096736722915,0.3998115180145403,0.09136139933855471,4to5
695,696,OADMET-0005394,5.26,train,5to6,2,0.013038694955696872,0.05568173569203716,0.42869794688148755,0.4063553542372238,0.09622626823355457,4to5
696,697,OADMET-0005393,4.4,train,4to5,3,0.12130765605596112,0.5184595580040854,0.3182210919277546,0.03179211166520406,0.01021958234699482,3to4
697,698,OADMET-0005392,4.43,train,4to5,0,0.07909820384545596,0.2865499342568268,0.45405768945383357,0.13415126993125157,0.046142902512632124,4to5
698,699,OADMET-0005391,4.54,train,4to5,2,0.06478451771597722,0.2898120245169423,0.5044858906703493,0.1148652686058225,0.026052298490908607,4to5
699,700,OADMET-0005390,3.34,train,3to4,4,0.08592662055182046,0.27028616759393054,0.4873850552852255,0.1199119664745039,0.03649019009451959,4to5
700,701,OADMET-0005389,4.87,train,4to5,1,0.00786588364439856,0.03941367684047451,0.45556758211754506,0.3897194382464718,0.10743341915111003,4to5
701,702,OADMET-0005388,6.06,train,gte6,2,0.04275781209100388,0.14924931248185574,0.5130786800183602,0.23315390510197906,0.061760290306801156,4to5
702,703,OADMET-0005387,4.79,train,4to5,1,0.00200300673887951,0.012625259452569785,0.3018269043384678,0.49323791018690616,0.1903069192831767,5to6
703,704,OADMET-0005386,4.88,train,4to5,2,0.08220763667693326,0.2753027184652103,0.4834523752868357,0.12140388672547844,0.0376333828455423,4to5
704,705,OADMET-0005385,4.57,train,4to5,0,0.17230793512784065,0.44625409606370897,0.28723793686855703,0.05496930601132464,0.03923072592856873,3to4
705,706,OADMET-0005384,4.62,train,4to5,2,0.019830078625309416,0.08536126782600835,0.5749062513897661,0.26383707910169213,0.05606532305722397,4to5
706,707,OADMET-0005383,4.18,train,4to5,0,0.009165263110724717,0.07062618671221912,0.6132750716785924,0.2776737008208905,0.02925977767757326,4to5
707,708,OADMET-0005382,4.74,train,4to5,2,0.13170570208712873,0.49389586128608803,0.3137166815645062,0.04690238487107149,0.013779370191205498,3to4
708,709,OADMET-0005381,4.59,train,4to5,1,0.007148375784257905,0.047856883154199274,0.5503272093874862,0.3348264797342429,0.05984105193981366,4to5
709,710,OADMET-0005380,4.16,train,4to5,4,0.0037128120199184434,0.023907291437483474,0.4785313366716175,0.4351473828878516,0.05870117698312899,4to5
710,711,OADMET-0005379,4.34,train,4to5,1,0.015623580140574942,0.05585228464502632,0.39286087626312716,0.3806925586378834,0.15497070031338817,4to5
711,712,OADMET-0005378,4.89,train,4to5,1,0.005674935414304461,0.034390069560329466,0.4847541751734699,0.3957545163090129,0.07942630354288328,4to5
712,713,OADMET-0005377,4.91,train,4to5,2,0.03917411868418835,0.11933728385694602,0.40445397024300117,0.3085009879338934,0.12853363928197103,4to5
713,714,OADMET-0005376,4.8,train,4to5,1,0.0010214410655665328,0.009180779508999124,0.3018467406621881,0.541428026007492,0.14652301275575433,5to6
714,715,OADMET-0005375,4.53,train,4to5,0,0.034999327510635406,0.16661239167377997,0.5570447708937663,0.19826066802378486,0.043082841898033505,4to5
715,716,OADMET-0005374,4.68,train,4to5,4,0.0014392652960826683,0.009486017559875153,0.2758758311189284,0.5124385254891837,0.2007603605359302,5to6
716,717,OADMET-0005373,5.19,train,5to6,0,0.01547543463477258,0.08246149575939696,0.4654520585321093,0.3644253482593566,0.0721856628143646,4to5
717,718,OADMET-0005372,5.23,train,5to6,4,0.002776602742316661,0.018841937140463998,0.4402375509025586,0.4683463562551272,0.06979755295953352,5to6
718,719,OADMET-0005371,4.69,train,4to5,2,0.028419556910031233,0.10585697400917565,0.5093257501480798,0.29267266374640816,0.06372505518630513,4to5
719,720,OADMET-0005370,4.5,train,4to5,4,0.08290729914887394,0.3389956447903841,0.4782353946144687,0.08631058259849635,0.013551078847776982,4to5
720,721,OADMET-0005369,4.15,train,4to5,1,0.22562592864442543,0.561101427731361,0.17813296334048698,0.022407177480941624,0.012732502802784975,3to4
721,722,OADMET-0005368,3.98,train,3to4,2,0.0029966928558665708,0.018415893658694622,0.4817017620758101,0.44830477086142473,0.048580880548203975,4to5
722,723,OADMET-0005367,4.75,train,4to5,1,0.18559229222008236,0.5549953088866972,0.22236306488095675,0.02612294211827265,0.010926391893991055,3to4
723,724,OADMET-0005366,4.83,train,4to5,3,0.11177573196903245,0.4580119784267809,0.3772374338856325,0.041370871830207226,0.011603983888346927,3to4
724,725,OADMET-0005365,4.9,train,4to5,3,0.038475499129068176,0.18143631521016756,0.5115695176477381,0.216567304862735,0.05195136315029118,4to5
725,726,OADMET-0005364,4.62,train,4to5,4,0.04403431451116118,0.15964468362065054,0.49889302260321244,0.22239627108596138,0.07503170817901443,4to5
726,727,OADMET-0005363,4.84,train,4to5,1,0.2447881517680044,0.5606126712182747,0.16517562948869652,0.0187948343687433,0.010628713156281054,3to4
727,728,OADMET-0005362,4.58,train,4to5,3,0.03200773486486374,0.14419159132028084,0.5335469782328571,0.23072680573098206,0.05952688985101629,4to5
728,729,OADMET-0005361,5.11,train,5to6,1,0.02101224303999724,0.13344709674602073,0.6109700248462708,0.20298913272462138,0.03158150264308976,4to5
729,730,OADMET-0005360,3.98,train,3to4,4,0.002165844130743501,0.011203866102425833,0.24036248768480184,0.49460984713451017,0.25165795494751864,5to6
730,731,OADMET-0005359,4.47,train,4to5,4,0.15916633724545193,0.4576980505712185,0.3174730562975485,0.04262046175167308,0.023042094134107932,3to4
731,732,OADMET-0005358,4.43,train,4to5,3,0.027403857839257282,0.13225101660977767,0.5263116651854262,0.2655968810738934,0.048436579291645514,4to5
732,733,OADMET-0005357,4.78,train,4to5,1,0.1301323468605714,0.3991463765533776,0.35784590110985226,0.0664107051997978,0.04646467027640093,3to4
733,734,OADMET-0005356,4.72,train,4to5,3,0.20888038691578853,0.4746806146695981,0.24831276206997177,0.03528812023669033,0.03283811610795125,3to4
734,735,OADMET-0005355,4.41,train,4to5,3,0.04837034216109281,0.23210075238234454,0.5217301787242646,0.14567372040070162,0.05212500633159645,4to5
735,736,OADMET-0005354,4.45,train,4to5,3,0.0067267949815926036,0.046619986481359954,0.5371185253520354,0.3661904436946376,0.043344249490374374,4to5
736,737,OADMET-0005353,4.26,train,4to5,0,0.0024414810449133214,0.01547167392719903,0.22170092676495942,0.46574808240613436,0.2946378358567939,5to6
737,738,OADMET-0005352,5.17,train,5to6,2,0.02165392341134954,0.08129134501657596,0.4474361388872368,0.32607640722882875,0.12354218545600895,4to5
738,739,OADMET-0005351,4.41,train,4to5,4,0.06979048356101637,0.2312067185522127,0.4806737375359794,0.15116952584936508,0.06715953450142643,4to5
739,740,OADMET-0005350,4.71,train,4to5,0,0.028442334913505892,0.16930589395213674,0.5977948419338994,0.1642538190680336,0.04020311013242435,4to5
740,741,OADMET-0005349,4.8,train,4to5,2,0.11818762387754672,0.31948164819512476,0.38249970337375333,0.09131147171508085,0.08851955283849432,4to5
741,742,OADMET-0005348,4.5,train,4to5,0,0.10500182917340908,0.3948986515592834,0.3945520207488834,0.07296627732751415,0.03258122119090996,3to4
742,743,OADMET-0005347,4.51,train,4to5,0,0.06518942052611625,0.20437518403867316,0.4473613073159628,0.18123834235472078,0.10183574576452703,4to5
743,744,OADMET-0005346,4.51,train,4to5,4,0.01776380131610784,0.08032908470174115,0.520116698446498,0.30555272785319526,0.07623768768245774,4to5
744,745,OADMET-0005345,4.87,train,4to5,4,0.024020537225364756,0.10652556708854613,0.5499115639453513,0.25802669362087777,0.06151563811985995,4to5
745,746,OADMET-0005344,5.04,train,5to6,2,0.007460959745676591,0.03759234038328118,0.35288938994995583,0.4602885261280554,0.141768783793031,5to6
746,747,OADMET-0005343,3.98,train,3to4,4,0.0037743336889992105,0.020245659794723096,0.4079018174424497,0.44920113013385043,0.1188770589399776,5to6
747,748,OADMET-0005342,5.2,train,5to6,1,0.0004832629429921103,0.006192678691624171,0.1355147980992537,0.5376489254453211,0.32016033482080897,5to6
748,749,OADMET-0005341,4.33,train,4to5,1,0.026669639423207173,0.12545663416704472,0.5613144698980489,0.23601425432278408,0.05054500218891518,4to5
749,750,OADMET-0005340,4.22,train,4to5,0,0.2588858825300371,0.5237488590553743,0.16707498827353154,0.02400726380922604,0.02628300633183103,3to4
750,751,OADMET-0005339,4.44,train,4to5,0,0.03628036922139846,0.1792484123679765,0.5631689710634404,0.17522004757709536,0.046082199770089254,4to5
751,752,OADMET-0005338,5.06,train,5to6,2,0.027946256245995952,0.09034967612188438,0.42443356289284756,0.3229605357019274,0.1343099690373447,4to5
752,753,OADMET-0005337,4.87,train,4to5,0,0.012999839693312655,0.06565638435910987,0.38613362949688346,0.409638571451945,0.12557157499874905,5to6
753,754,OADMET-0005336,4.75,train,4to5,1,0.0012253746264808618,0.011021691261568475,0.2753060431886777,0.5416510645689799,0.17079582635429308,5to6
754,755,OADMET-0005335,4.35,train,4to5,1,0.03681768835776415,0.12315702392474925,0.5005058627556791,0.23646350116855092,0.10305592379325657,4to5
755,756,OADMET-0005334,4.47,train,4to5,2,0.04668401718062085,0.15284953328149617,0.4989932254406858,0.2227295686574473,0.07874365543974986,4to5
756,757,OADMET-0005333,5.27,train,5to6,4,0.0037431264896321094,0.02626906125847615,0.49058794541229916,0.41967776046419636,0.05972210637539624,4to5
757,758,OADMET-0005332,4.98,train,4to5,1,0.009845595403382371,0.04667756515199983,0.46931878789325554,0.3641131371064316,0.11004491444493063,4to5
758,759,OADMET-0005331,4.46,train,4to5,4,0.28815234379740284,0.525827365721433,0.13626063268779365,0.012847465365303661,0.036912192428066815,3to4
759,760,OADMET-0005330,4.21,train,4to5,3,0.03499362951151696,0.14746658339202498,0.5108112039698899,0.2451998415008205,0.061528741625747736,4to5
760,761,OADMET-0005329,4.62,train,4to5,3,0.0018487754346975503,0.01492389111679392,0.2777494079375652,0.5077950101073995,0.1976829154035438,5to6
761,762,OADMET-0005328,4.74,train,4to5,0,0.03514978289604187,0.14718112349510193,0.5274304747581482,0.21156448125839233,0.07867413759231567,4to5
762,763,OADMET-0005327,4.4,train,4to5,1,0.19540156496838318,0.5440868755582231,0.22105608962869677,0.027348024872496816,0.012107444972200114,3to4
763,764,OADMET-0005326,4.4,train,4to5,2,0.024246949962538945,0.09673220766040265,0.5120786280700853,0.27854653651209027,0.08839567779488276,4to5
764,765,OADMET-0005325,5.14,train,5to6,2,0.004904609536422682,0.030949038736193094,0.5323182828937085,0.3976665651914685,0.034161503642207165,4to5
765,766,OADMET-0005324,4.08,train,4to5,1,0.0552700321431815,0.19710660516326925,0.5243485316018354,0.15890384440962232,0.06437098668209155,4to5
766,767,OADMET-0005323,5.02,train,5to6,3,0.0046991932821208535,0.029925200293894665,0.37875442691659444,0.46833424517183936,0.11828693433555064,5to6
767,768,OADMET-0005322,4.88,train,4to5,3,0.005707927808901289,0.035833926860972254,0.43636258711863646,0.42928638292978916,0.09280917528170089,4to5
768,769,OADMET-0005321,4.29,train,4to5,4,0.18112537037097617,0.5627486635026457,0.22953360984222615,0.020150717094508296,0.006441639189643665,3to4
769,770,OADMET-0005320,4.54,train,4to5,1,0.007622383741459803,0.05049969456788259,0.5378425534523528,0.33985473550418593,0.06418063273411888,4to5
770,771,OADMET-0005319,5.04,train,5to6,2,0.019442713105410857,0.11581716070864902,0.6216099331707873,0.2167596096183316,0.026370583396821284,4to5
771,772,OADMET-0005318,4.42,train,4to5,2,0.07423394698815418,0.23172015101716992,0.4902563740121987,0.15035871735519032,0.05343081062728689,4to5
772,773,OADMET-0005317,5.34,train,5to6,3,0.024335597530531244,0.10120102329622295,0.49472151067369663,0.28095315683274974,0.0987887116667994,4to5
773,774,OADMET-0005316,5.07,train,5to6,3,0.010224163341817197,0.038161012564580654,0.16865910275542917,0.4065336509322068,0.3764220704059662,5to6
774,775,OADMET-0005315,4.77,train,4to5,4,0.03218955642549862,0.09878888275590189,0.42762245022125395,0.2706360897611406,0.1707630208362049,4to5
775,776,OADMET-0005314,4.34,train,4to5,0,0.012288652978453097,0.0976194788435957,0.6320962627727521,0.23818565612847492,0.01980994927672414,4to5
776,777,OADMET-0005313,5.06,train,5to6,1,0.008739996038768318,0.05034792205456777,0.5254400533992069,0.32989446342598394,0.08557756508147311,4to5
777,778,OADMET-0005312,4.57,train,4to5,1,0.007143791239495637,0.04348379620584805,0.5221607385685715,0.33383147824902104,0.09338019573706383,4to5
778,779,OADMET-0005311,4.7,train,4to5,4,0.07193975043386593,0.27108484102659164,0.49217163783056084,0.12046660303374226,0.044337167675239327,4to5
779,780,OADMET-0005310,5.14,train,5to6,1,0.002916943550595634,0.018546904116263103,0.33103916794030025,0.4649970217493511,0.1824999626434899,5to6
780,781,OADMET-0005309,4.64,train,4to5,1,0.007435763268611884,0.05303439880355149,0.555748523316809,0.3240179127529597,0.05976340185806789,4to5
781,782,OADMET-0005308,4.49,train,4to5,0,0.014426185171747615,0.08342223280374332,0.5434708973679239,0.3023120937874354,0.05636859086914975,4to5
782,783,OADMET-0005307,4.55,train,4to5,0,0.008435335808060404,0.03949196946680222,0.31805720421767564,0.42155768799923293,0.2124578025082288,5to6
783,784,OADMET-0005306,5.16,train,5to6,2,0.01550406292659349,0.05788996723506441,0.3667925475847092,0.3825349396949791,0.17727848255865378,5to6
784,785,OADMET-0005305,4.64,train,4to5,0,0.0006159457764874636,0.006228080870922551,0.2319885760640326,0.5767676160386254,0.18439978124993203,5to6
785,786,OADMET-0005304,4.6,train,4to5,1,0.22299142898426785,0.5542585287111069,0.18561344944698177,0.022595537395297013,0.01454105546234637,3to4
786,787,OADMET-0005303,4.98,train,4to5,0,0.01711371787853658,0.10022627916987856,0.5394460153756184,0.30093450419186724,0.042279483384099203,4to5
787,788,OADMET-0005302,4.96,train,4to5,4,0.017749049166196195,0.07736595892979113,0.5425679804958696,0.3114348719589756,0.05088213944916739,4to5
788,789,OADMET-0005301,4.68,train,4to5,0,0.04764909545737258,0.17668881443755105,0.4447666638595361,0.25016902201759184,0.08072640422794841,4to5
789,790,OADMET-0005300,4.38,train,4to5,2,0.04107057394990118,0.11696209274892716,0.4104578288746885,0.28197461996915835,0.14953488445732485,4to5
790,791,OADMET-0005299,4.56,train,4to5,1,0.0005602054250968165,0.0057934941238337685,0.18248383547891442,0.5403177692900785,0.2708446956820765,5to6
791,792,OADMET-0005298,4.26,train,4to5,3,0.2980355663045569,0.5669800749400938,0.10410728903685641,0.010307679932278997,0.020569389786213768,3to4
792,793,OADMET-0005297,5.23,train,5to6,4,0.015584869119178807,0.04920883710463596,0.330042765319516,0.3672858651090219,0.23787766334764737,5to6
793,794,OADMET-0005296,4.43,train,4to5,1,0.013323413109552778,0.07626525468191492,0.5789973288245701,0.26688716732744605,0.06452683605651614,4to5
794,795,OADMET-0005295,5.27,train,5to6,2,0.02537239706005008,0.08993647214048925,0.3910413369870136,0.36768677693722107,0.12596301687522599,4to5
795,796,OADMET-0005294,4.97,train,4to5,1,0.008391504105624243,0.051583513185147555,0.5546500636340579,0.3252457353033017,0.06012918377186856,4to5
796,797,OADMET-0005293,4.6,train,4to5,1,0.06451381887153876,0.1843016039796532,0.43537903805179234,0.19291958644061355,0.12288595265640212,4to5
797,798,OADMET-0005292,4.39,train,4to5,4,0.02993552964540964,0.13614777459868557,0.5804525289431663,0.22465472158111324,0.028809445231625146,4to5
798,799,OADMET-0005291,4.65,train,4to5,4,0.0059753102622005245,0.026358587639768376,0.4092099671166693,0.44677632823420943,0.11167980674715236,5to6
799,800,OADMET-0005290,5.16,train,5to6,3,0.03541942121989426,0.18855886632910535,0.5811445995174471,0.17079894812187274,0.024078164811680503,4to5
800,801,OADMET-0005289,5.12,train,5to6,4,0.0019911499693989754,0.011072236113250256,0.2710344195365906,0.5122765898704529,0.2036256045103073,5to6
801,802,OADMET-0005288,4.53,train,4to5,3,0.00596968223438177,0.03856810176945091,0.47559967570621564,0.4021426135644187,0.07771992672553296,4to5
802,803,OADMET-0005287,4.73,train,4to5,2,0.011947132721609232,0.05888715336629114,0.589819150589337,0.29145533736603246,0.04789122595673017,4to5
803,804,OADMET-0005286,3.26,train,3to4,4,0.2278643621102748,0.4021252258899546,0.2160793172392478,0.036698336413931,0.11723275834659179,3to4
804,805,OADMET-0005285,4.79,train,4to5,1,0.02046726218137579,0.1029056805359581,0.5734058469018306,0.23703321196424781,0.06618799841658775,4to5
805,806,OADMET-0005284,4.93,train,4to5,4,0.0006746540785022557,0.004375439997995454,0.1693201484797941,0.5164645230944342,0.30916523434927395,5to6
806,807,OADMET-0005283,4.46,train,4to5,0,0.03956388339075359,0.18543484945174193,0.570201103167244,0.16176885486967008,0.043031309120590305,4to5
807,808,OADMET-0005282,4.54,train,4to5,1,0.0026764810690858643,0.022543882284529262,0.3900915864990951,0.4726297417599761,0.1120583083873137,5to6
808,809,OADMET-0005281,4.42,train,4to5,2,0.06807891885029504,0.3014382360208396,0.4984725313574116,0.10672949780891747,0.025280815962536306,4to5
809,810,OADMET-0005280,5.02,train,5to6,2,0.00024014039344738002,0.00204758009954391,0.14472182866817226,0.6138872199521676,0.23910323088666888,5to6
810,811,OADMET-0005279,5.39,train,5to6,4,0.1209131485836084,0.369578118072473,0.4048115584500434,0.07797986046834844,0.026717314425526783,4to5
811,812,OADMET-0005278,4.78,train,4to5,1,0.0013248174704006306,0.0110001921607083,0.2639476223689325,0.5401494822388314,0.18357788576112713,5to6
812,813,OADMET-0005277,4.38,train,4to5,0,0.04642537357968123,0.23250507052494762,0.5389841503826149,0.15261917481952147,0.02946623069323471,4to5
813,814,OADMET-0005276,4.92,train,4to5,1,0.00645393359682867,0.04098338593698521,0.5115293214367164,0.3586359287000473,0.08239743032942246,4to5
814,815,OADMET-0005275,4.43,train,4to5,1,0.0009056253995010748,0.007225781163861848,0.25584608140693527,0.5251087510281456,0.2109137610015562,5to6
815,816,OADMET-0005274,4.26,train,4to5,1,0.21246519401704597,0.5179952677318,0.22867400753229342,0.029045237015708776,0.011820293703151788,3to4
816,817,OADMET-0005273,4.13,train,4to5,4,0.013788792311406652,0.05541428924554137,0.4823611949291024,0.3743498074326793,0.07408591608127024,4to5
817,818,OADMET-0005272,4.3,train,4to5,3,0.0076059798937071176,0.0453587261383258,0.502668513756917,0.36406312393011725,0.08030365628093282,4to5
818,819,OADMET-0005271,4.45,train,4to5,3,0.023206856706917276,0.14954485389148436,0.6031300582807899,0.19295178856947467,0.03116644255133382,4to5
819,820,OADMET-0005270,4.28,train,4to5,4,0.21680224947328308,0.5047818905536408,0.22695055096707006,0.02616815210503,0.025297156900976073,3to4
820,821,OADMET-0005269,4.58,train,4to5,2,0.409939132613539,0.5463454424973655,0.03401893562647303,0.002692854644294825,0.007003634618327603,3to4
821,822,OADMET-0005268,4.73,train,4to5,2,0.006413408071281338,0.03752963334331261,0.5583883698755335,0.3680168708699136,0.029651717839958944,4to5
822,823,OADMET-0005267,4.24,train,4to5,3,0.18012536058540965,0.572016314220124,0.2207669377347838,0.01855180835165311,0.008539579108029412,3to4
823,824,OADMET-0005266,5.09,train,5to6,1,0.0034799741188343072,0.018643673548426727,0.34508532358002103,0.458200455672062,0.17459057308065593,5to6
824,825,OADMET-0005265,5.0,train,4to5,3,0.009255156774729108,0.055103707596721715,0.511255379206223,0.36532520941651714,0.05906054700580898,4to5
825,826,OADMET-0005264,4.75,train,4to5,1,0.015415135483906875,0.09284477507984684,0.5803815018314589,0.24147875157224477,0.06987983603254266,4to5
826,827,OADMET-0005263,5.08,train,5to6,2,0.004000027151778024,0.025150751402243605,0.5650889211673182,0.3780717209671656,0.02768857931149449,4to5
827,828,OADMET-0005262,4.24,train,4to5,4,0.06459972334578325,0.2733597785982465,0.5052259024816667,0.12488763173916524,0.031926963835138426,4to5
828,829,OADMET-0005261,5.05,train,5to6,0,0.0008841256563079492,0.007932272801117057,0.2728091797490849,0.5627062960318253,0.15566812576166475,5to6
829,830,OADMET-0005260,4.55,train,4to5,0,0.010475532063953776,0.057945459595407235,0.4460296593473601,0.39354061750521363,0.09200873148806525,4to5
830,831,OADMET-0005259,4.38,train,4to5,2,0.005364931949965948,0.02976227643721048,0.4880446935132895,0.4090517629797012,0.06777633511983287,4to5
831,832,OADMET-0005258,4.36,train,4to5,2,0.005285852583790335,0.032108232349056534,0.4924889798346078,0.4255000348896719,0.04461690034287339,4to5
832,833,OADMET-0005257,5.46,train,5to6,0,0.0021345869067995052,0.016459064477672716,0.3827588837505466,0.508581218616989,0.09006624624799212,5to6
833,834,OADMET-0005256,4.93,train,4to5,4,0.00582659613810519,0.030083069409710898,0.41149356731310355,0.4358932053527243,0.11670356178635603,5to6
834,835,OADMET-0005255,5.3,train,5to6,0,0.013619219503759793,0.06874272035222351,0.4218902768039067,0.3868139874148931,0.10893379592521686,4to5
835,836,OADMET-0005254,4.04,train,4to5,1,0.1807296966396859,0.4639580491759356,0.2964618062617827,0.04047289701782375,0.018377550904772104,3to4
836,837,OADMET-0005253,4.51,train,4to5,2,0.013418767826201227,0.0814387886467373,0.610557983620133,0.26988235568430496,0.024702104222623516,4to5
837,838,OADMET-0005252,4.86,train,4to5,1,0.0016296957056752335,0.011302896261100903,0.31012723994328817,0.5266445473472496,0.15029562074268607,5to6
838,839,OADMET-0005251,4.53,train,4to5,4,0.013363434397962243,0.05394113220323931,0.4788172947343963,0.3512281932841872,0.10264994538021492,4to5
839,840,OADMET-0005250,4.35,train,4to5,1,0.04886482291930743,0.23645762827563074,0.5404576256530266,0.12167610066562141,0.05254382248641383,4to5
840,841,OADMET-0005249,4.7,train,4to5,2,0.033779848366975784,0.14419180154800415,0.5778442621231079,0.2094120979309082,0.03477199003100395,4to5
841,842,OADMET-0005248,4.53,train,4to5,1,0.020318708102780098,0.08975181938696984,0.5184905816024196,0.2739199534702329,0.09751893743759767,4to5
842,843,OADMET-0005247,4.72,train,4to5,1,0.10851932617383976,0.40564112193117907,0.4007664754672675,0.06432180588118783,0.020751270546525806,3to4
843,844,OADMET-0005246,4.81,train,4to5,0,0.017453369208326876,0.08709475625180935,0.5573675181775265,0.2726936709465671,0.0653906854157701,4to5
844,845,OADMET-0005245,5.01,train,5to6,0,0.0045839818493350155,0.03620778047801411,0.5938358345598456,0.33648240785615224,0.028889995256653023,4to5
845,846,OADMET-0005244,4.81,train,4to5,2,0.00099156213354982,0.006907342362921393,0.34653406810836995,0.5568609153395613,0.08870611205559753,5to6
846,847,OADMET-0005243,3.98,train,3to4,4,0.0343204819701208,0.17349416053437214,0.5835378276944119,0.18556500906045473,0.023082520740640475,4to5
847,848,OADMET-0005242,4.46,train,4to5,1,0.09664269669754116,0.3768923639984049,0.43542853220446015,0.07353133987623163,0.017505067223362092,4to5
848,849,OADMET-0005241,4.3,train,4to5,1,0.011480212619034183,0.07311453336606534,0.5802157852513963,0.27451022206712433,0.060679246696379883,4to5
849,850,OADMET-0005240,4.24,train,4to5,1,0.015373697762122898,0.06282106892278347,0.4171467493368699,0.2969489445398385,0.20770953943838524,4to5
850,851,OADMET-0005239,5.15,train,5to6,4,0.011684966306253243,0.04243539285595173,0.391919852398112,0.38661587346330994,0.16734391497637308,4to5
851,852,OADMET-0005238,4.73,train,4to5,1,0.0023358211265963845,0.020164510934732885,0.40017034011552594,0.46408791959963275,0.11324140822351207,5to6
852,853,OADMET-0005237,4.47,train,4to5,1,0.001224217684468584,0.010033788934288579,0.24881672471046434,0.5476096783089804,0.19231559036179804,5to6
853,854,OADMET-0005236,5.19,train,5to6,0,0.016621216883939253,0.09452845015334413,0.57700692747523,0.26889830427023315,0.042945101217253485,4to5
854,855,OADMET-0005235,4.54,train,4to5,4,0.004917578670953651,0.022417280363682502,0.35211374634271264,0.46625911234160844,0.1542922822810428,5to6
855,856,OADMET-0005234,4.87,train,4to5,3,0.00669063965354504,0.04592834918574658,0.5158717959292042,0.38111395636351636,0.0503952588679879,4to5
856,857,OADMET-0005233,4.88,train,4to5,3,0.01964960933775874,0.0967547417654174,0.5494792297637692,0.28733079769221553,0.04678562144083913,4to5
857,858,OADMET-0005232,5.45,train,5to6,2,0.010835258868304956,0.04545113668703494,0.4007332194357527,0.41717966031163173,0.12580072469727568,5to6
858,859,OADMET-0005231,4.81,train,4to5,1,0.03870089883249211,0.15887022669454104,0.571029030834583,0.18744028382689923,0.04395955981148466,4to5
859,860,OADMET-0005230,5.21,train,5to6,3,0.04249605338072995,0.11634468763989048,0.26498178733438127,0.31284044474827083,0.26333702689672744,5to6
860,861,OADMET-0005229,4.6,train,4to5,4,0.011796712655635314,0.06209025043826084,0.538891722655078,0.3309054015035666,0.05631591274745925,4to5
861,862,OADMET-0005228,4.89,train,4to5,2,0.04624111892272542,0.11857001869287168,0.37640109132965177,0.2890938847238305,0.1696938863309206,4to5
862,863,OADMET-0005227,4.63,train,4to5,3,0.006869791037199324,0.04593018416726859,0.4967905255213909,0.3737490156269687,0.07666048364717243,4to5
863,864,OADMET-0005226,4.2,train,4to5,0,0.0097471696795263,0.06567497277350436,0.547709742722707,0.3376713041222565,0.0391968107020058,4to5
864,865,OADMET-0005225,4.62,train,4to5,1,0.0015428593963782576,0.012115194753243307,0.2759615037023878,0.48873415986479857,0.22164628228319203,5to6
865,866,OADMET-0005224,4.91,train,4to5,4,0.024279700727833625,0.08982221832399565,0.5121808676729772,0.3012693839218619,0.07244782935333156,4to5
866,867,OADMET-0005223,5.2,train,5to6,2,0.0013547691287490737,0.00826379391825398,0.14167449125684492,0.4856483425068729,0.3630586031892791,5to6
867,868,OADMET-0005222,5.48,train,5to6,2,0.01225219740691841,0.060648745828281454,0.5783584622367343,0.31307973962057795,0.03566085490748795,4to5
868,869,OADMET-0005221,5.04,train,5to6,0,0.0064120902112546774,0.034842513193372754,0.2628742433178189,0.4857802050049305,0.21009094827262312,5to6
869,870,OADMET-0005220,5.16,train,5to6,1,0.0020991935524466115,0.01498965954913195,0.30230878629287683,0.5035533116704917,0.17704904893505294,5to6
870,871,OADMET-0005219,4.16,train,4to5,0,0.01820756731871014,0.09875224539993366,0.5180513472816834,0.31030759883615383,0.05468124116351894,4to5
871,872,OADMET-0005218,5.57,train,5to6,1,0.001454825197923341,0.009761774360176369,0.08952141046670667,0.37893451096464736,0.5203274790105462,gte6
872,873,OADMET-0005217,4.47,train,4to5,1,0.003220518122632539,0.023331010735902016,0.3803832534517937,0.4554748241374966,0.13759039355217517,5to6
873,874,OADMET-0005216,4.14,train,4to5,1,0.004645910629469875,0.03094588253263165,0.49675798948175914,0.40012300443035975,0.06752721292577958,4to5
874,875,OADMET-0005215,4.65,train,4to5,0,0.05022209527261626,0.27359766811744984,0.5349346020677781,0.11837585177592493,0.02286978276623088,4to5
875,876,OADMET-0005214,5.12,train,5to6,4,0.011591231674199728,0.04288517366043625,0.3829197073098353,0.3972041406676574,0.1653997466878713,5to6
876,877,OADMET-0005213,5.15,train,5to6,3,0.04274432978795976,0.21576782417989301,0.546775801575905,0.15048864035342216,0.04422340410282004,4to5
877,878,OADMET-0005212,4.87,train,4to5,0,0.010007591163873888,0.0736205143842751,0.6075546848993181,0.27479208001964683,0.03402512953288617,4to5
878,879,OADMET-0005211,4.46,train,4to5,0,0.0011749434305080835,0.00965826886086489,0.13027459663581106,0.48794288494035526,0.3709493061324607,5to6
879,880,OADMET-0005210,4.52,train,4to5,4,0.0010680648505380977,0.00940224363173277,0.36545959936148753,0.5221372364056863,0.1019328557505553,5to6
880,881,OADMET-0005209,4.57,train,4to5,0,0.001946526147601888,0.014932329131953869,0.4120863202945903,0.48118648868600505,0.08984833573984884,5to6
881,882,OADMET-0005208,4.93,train,4to5,0,0.009981233842154028,0.06393891859492591,0.5732855385700367,0.3115667775360477,0.041227531456835644,4to5
882,883,OADMET-0005207,4.3,train,4to5,1,0.011201169592168247,0.07554936577862574,0.599025143661167,0.26278958311951717,0.05143473784852187,4to5
883,884,OADMET-0005206,5.13,train,5to6,3,0.028409107027321585,0.1667504481361306,0.5796175674671735,0.19736589748703182,0.027856979882342477,4to5
884,885,OADMET-0005205,4.34,train,4to5,3,0.08100531129531098,0.2658870776610512,0.44384368592733614,0.15142738593477925,0.05783653918152244,4to5
885,886,OADMET-0005204,4.61,train,4to5,0,0.0010896157970569785,0.008824059211070557,0.3596396312325652,0.5374259001890841,0.09302079357022315,5to6
886,887,OADMET-0005203,4.57,train,4to5,4,0.13517360590657004,0.34059432656458505,0.37840644088993136,0.08311620478505201,0.06270942185386154,4to5
887,888,OADMET-0005202,4.47,train,4to5,4,0.02427311413433093,0.11178106860756987,0.5836201127200653,0.24009876162512775,0.04022694291290609,4to5
888,889,OADMET-0005201,4.31,train,4to5,4,0.027704306256446685,0.1331083044384603,0.5839759772715268,0.2214737261251404,0.03373768590842582,4to5
889,890,OADMET-0005200,5.33,train,5to6,4,0.0046995866674194855,0.031823562809264565,0.5139624232313749,0.39515576869906466,0.05435865859287643,4to5
890,891,OADMET-0005199,4.58,train,4to5,3,0.02162429808152268,0.09376705886043608,0.43634523559758626,0.34201713313480603,0.10624627432564895,4to5
891,892,OADMET-0005198,4.8,train,4to5,2,0.004789275335329789,0.024349310108100333,0.29047037649796725,0.5013980010267449,0.1789930370318577,5to6
892,893,OADMET-0005197,4.44,train,4to5,1,0.0028849560434073083,0.019587238742366876,0.2736121903319891,0.46500399944050885,0.23891161544172787,5to6
893,894,OADMET-0005196,5.07,train,5to6,2,0.014338324256991365,0.045884842249090924,0.31040583913603076,0.36351607909693656,0.2658549152609504,5to6
894,895,OADMET-0005195,4.26,train,4to5,0,0.11216848573433857,0.4857398371084374,0.34205198988797497,0.045162630261460196,0.014877057007788918,3to4
895,896,OADMET-0005194,4.92,train,4to5,1,0.011021025578767926,0.057365949594749215,0.5303955870102695,0.3162363231041076,0.08498111471210579,4to5
896,897,OADMET-0005193,4.81,train,4to5,2,0.01490193908413217,0.07538614541437894,0.5867442581566539,0.27004284094155606,0.052924816403278965,4to5
897,898,OADMET-0005192,4.39,train,4to5,1,0.0053114134967598165,0.024410135534036034,0.330489951804422,0.41922261653816856,0.2205658826266136,5to6
898,899,OADMET-0005191,5.21,train,5to6,4,0.030639215847265484,0.09734522406242455,0.45471810616972885,0.3011137798262569,0.1161836740943242,4to5
899,900,OADMET-0005190,5.57,train,5to6,1,0.014213896581564325,0.06893976141882682,0.5575134246402683,0.286526654726782,0.07280626263255856,4to5
900,901,OADMET-0005189,4.37,train,4to5,1,0.10991182278427776,0.44201672463952224,0.38353291883824964,0.049845506306489096,0.014693027431461282,3to4
901,902,OADMET-0005188,4.78,train,4to5,0,0.1751185253191873,0.5135803512584953,0.2619523845939407,0.0314578767741992,0.0178908620541774,3to4
902,903,OADMET-0005187,5.2,train,5to6,3,0.0005574580840362213,0.004922135246491766,0.22446785771834235,0.5973126266847935,0.17273992226633625,5to6
903,904,OADMET-0005186,4.4,train,4to5,1,0.02153603542309993,0.1300893125495141,0.6089622963052945,0.19450123571883657,0.04491112000325486,4to5
904,905,OADMET-0005185,4.5,train,4to5,1,0.009818914985093028,0.05179150993253261,0.5356679399112481,0.3405641215871536,0.062157513583972646,4to5
905,906,OADMET-0005184,4.82,train,4to5,1,0.05354713861503784,0.17725587853026753,0.518028839885329,0.19093471196488404,0.060233431004481586,4to5
906,907,OADMET-0005183,4.46,train,4to5,1,0.11308615486195453,0.27804100099144874,0.37841507228590443,0.11357565054929777,0.11688212131139455,4to5
907,908,OADMET-0005182,4.87,train,4to5,1,0.013472652138058015,0.08504730510551839,0.5973418984413625,0.2592979684060326,0.04484017590902844,4to5
908,909,OADMET-0005181,5.33,train,5to6,4,0.002344908591807157,0.016567978537340326,0.40365006373140316,0.4810520273893263,0.09638502175012309,5to6
909,910,OADMET-0005180,4.86,train,4to5,1,0.002005063346292396,0.014484112239203402,0.2902476618620764,0.48070910755142643,0.21255405500100139,5to6
910,911,OADMET-0005179,5.21,train,5to6,3,0.015653564625545652,0.0911038648456848,0.5289943543389695,0.31068109395443666,0.05356712223536341,4to5
911,912,OADMET-0005178,5.0,train,4to5,1,0.0002475819268508791,0.0038360840286740124,0.11553320602711797,0.4970808164296172,0.3833023115877399,5to6
912,913,OADMET-0005177,5.21,train,5to6,4,0.0002054313869711397,0.0012731030058352347,0.07230943143185972,0.4621275174770652,0.4640845166982687,gte6
913,914,OADMET-0005176,4.86,train,4to5,1,0.002006690432146204,0.015789314700098565,0.39464013757872973,0.4581585707148903,0.1294052865741352,5to6
914,915,OADMET-0005175,4.2,train,4to5,1,0.02397176459405352,0.09058829481330044,0.5319345046946267,0.28771332174272574,0.06579211415529357,4to5
915,916,OADMET-0005174,4.62,train,4to5,4,0.0012907196749453742,0.007087614587250643,0.21473111897434338,0.5060335208029959,0.2708570259604647,5to6
916,917,OADMET-0005173,4.82,train,4to5,0,0.002783682852399826,0.01982454552123217,0.4056386884353608,0.48791294528866014,0.08384013790234708,5to6
917,918,OADMET-0005172,5.2,train,5to6,2,0.0027013274779063164,0.0182663450042015,0.4753214676286166,0.4558722648078313,0.04783859508144434,4to5
918,919,OADMET-0005171,4.72,train,4to5,2,0.020786571008767425,0.10231057689722914,0.5843657502910048,0.2572781588269377,0.03525894297606093,4to5
919,920,OADMET-0005170,5.14,train,5to6,2,0.0005651749228362986,0.004820227245894178,0.25517974287727996,0.6033271079142791,0.1361077470397104,5to6
920,921,OADMET-0005169,4.87,train,4to5,1,0.0006538762088517543,0.0055980713626832355,0.09271035121074733,0.3674640865417195,0.5335736146759982,gte6
921,922,OADMET-0005168,4.95,train,4to5,2,0.17237572371959686,0.21461142599582672,0.20277918875217438,0.117139533162117,0.29309412837028503,gte6
922,923,OADMET-0005167,5.28,train,5to6,4,0.2536391298946803,0.4841276669194723,0.20628893221699496,0.02474227529211137,0.031201995676741034,3to4
923,924,OADMET-0005166,5.37,train,5to6,1,0.02347363851650867,0.13155893687399617,0.5884913074562407,0.2103713256782742,0.046104791474980304,4to5
924,925,OADMET-0005165,5.25,train,5to6,0,0.008673953056311664,0.05542484553031593,0.5659163093547808,0.3229988229601754,0.04698606909841619,4to5
925,926,OADMET-0005164,4.84,train,4to5,1,0.0004611216609407593,0.004169091746951963,0.11276354341011402,0.4707054383688164,0.41190080481317687,5to6
926,927,OADMET-0005163,4.54,train,4to5,3,0.18710559223189668,0.515112270291457,0.24793816594906185,0.028402836411388216,0.021441135116196264,3to4
927,928,OADMET-0005162,4.9,train,4to5,1,0.002204359566534001,0.010508465854671824,0.16778295179635533,0.41885976095504435,0.4006444618273945,5to6
928,929,OADMET-0005161,5.07,train,5to6,1,0.010477230015701175,0.059867518648310414,0.547131195017438,0.3072648985808939,0.07525915773765646,4to5
929,930,OADMET-0005160,4.49,train,4to5,1,0.10495676571616024,0.41417189352511147,0.39985229522374993,0.0641281141009301,0.016890931434048264,3to4
930,931,OADMET-0005159,4.4,train,4to5,4,0.26208497511834056,0.5217071460660013,0.1723701851147303,0.01683432322237949,0.02700337047854838,3to4
931,932,OADMET-0005158,4.61,train,4to5,0,0.044809693830880355,0.21925362209497914,0.545625072305554,0.15895905557784623,0.031352556190740295,4to5
932,933,OADMET-0005157,4.8,train,4to5,1,0.24630474974520228,0.5905854924024888,0.14122708737529632,0.013292376972845165,0.008590293504167387,3to4
933,934,OADMET-0005156,4.31,train,4to5,0,0.030155645523959326,0.15444246388985086,0.5770309180522094,0.19711440969981486,0.041256562834165504,4to5
934,935,OADMET-0005155,4.83,train,4to5,2,0.02594005447439342,0.11469538931777801,0.5595507696689321,0.2638306372025388,0.03598314933635766,4to5
935,936,OADMET-0005154,4.89,train,4to5,2,0.0031169526789376384,0.01597570978882928,0.24675513470736382,0.5046436122457195,0.2295085905791497,5to6
936,937,OADMET-0005153,4.53,train,4to5,0,0.0866798441109096,0.2681244551809626,0.4245336854934614,0.14924525881010461,0.07141675640456178,4to5
937,938,OADMET-0005152,5.06,train,5to6,2,0.00538953380647313,0.02588930849626472,0.4003607533784773,0.4659803396877937,0.10238006463099114,5to6
938,939,OADMET-0005151,4.83,train,4to5,4,0.02757336526959867,0.061181856779039735,0.23187870823863546,0.24156730832433537,0.43779876138839074,gte6
939,940,OADMET-0005150,5.02,train,5to6,0,0.002098647944027586,0.018352710291735966,0.35043848670544897,0.5220906303739934,0.1070195246847941,5to6
940,941,OADMET-0005149,4.64,train,4to5,2,0.011197955840905993,0.05130141027769145,0.48428262365994024,0.3530707221208417,0.10014728810062064,4to5
941,942,OADMET-0005148,4.92,train,4to5,3,0.0004150209314997778,0.003950866766290385,0.19284788755138188,0.5785917487000489,0.22419447605077905,5to6
942,943,OADMET-0005147,4.62,train,4to5,4,0.03352756488188291,0.13125565892561636,0.5378097395935979,0.23571049116012624,0.06169654543877664,4to5
943,944,OADMET-0005146,4.45,train,4to5,0,0.07026444846674827,0.25050653706907355,0.4692529456561544,0.1585120963052576,0.05146397250276619,4to5
944,945,OADMET-0005145,4.99,train,4to5,4,0.0009270278408747449,0.005582616677142333,0.22853744081879035,0.5494432461813725,0.2155096684818201,5to6
945,946,OADMET-0005144,4.6,train,4to5,0,0.010924988538189673,0.04708160135699214,0.23517666998034656,0.37563249853621933,0.33118424158825227,5to6
946,947,OADMET-0005143,4.63,train,4to5,1,0.015752980881092987,0.07241512905665402,0.5306289893920543,0.30430835631598196,0.07689454435421672,4to5
947,948,OADMET-0005142,4.49,train,4to5,3,0.08540567771607205,0.38178777765815664,0.4428113111160906,0.0661258028189201,0.023869430690760595,4to5
948,949,OADMET-0005141,4.8,train,4to5,3,0.020794584882380406,0.07791033958099024,0.343608699509307,0.3313134536598596,0.22637292236746276,4to5
949,950,OADMET-0005140,4.87,train,4to5,1,0.002678895651277331,0.017863707945503512,0.31898055067273406,0.5039886924939013,0.15648815323658383,5to6
950,951,OADMET-0005139,5.12,train,5to6,0,0.00837009196715241,0.04572629089841768,0.44212298679472345,0.38568531676654055,0.1180953135731659,4to5
951,952,OADMET-0005138,4.84,train,4to5,2,0.11488303011065405,0.3510531252446235,0.4010254815411844,0.09091595729656438,0.042122405806973684,4to5
952,953,OADMET-0005137,5.44,train,5to6,2,0.0005953326388567706,0.005424154380614566,0.2219809560630581,0.5801947631508264,0.19180479376664414,5to6
953,954,OADMET-0005136,5.05,train,5to6,2,0.004895761572601187,0.024431638237598252,0.34224289400694596,0.5007917247653624,0.12763798141749216,5to6
954,955,OADMET-0005135,4.34,train,4to5,0,0.03430757986611087,0.19224109923435395,0.5667226219540394,0.18022004957873292,0.02650864936676278,4to5
955,956,OADMET-0005134,4.42,train,4to5,2,0.19339061719953277,0.47432484539681297,0.24370215523290642,0.04047376113444155,0.048108621036306295,3to4
956,957,OADMET-0005133,5.03,train,5to6,1,0.004191236098961109,0.025672674143212837,0.3841744953987545,0.4270298773045234,0.15893171705454814,5to6
957,958,OADMET-0005132,5.33,train,5to6,0,0.003322754005748719,0.02456514873258548,0.52883820937815,0.4042638480027937,0.039010039880722165,4to5
958,959,OADMET-0005131,4.46,train,4to5,4,0.012950512447901408,0.04967427947892149,0.3998560864493093,0.3879753311465228,0.14954379047734506,4to5
959,960,OADMET-0005130,5.1,train,5to6,0,0.007244184016006451,0.025445330425925606,0.09816200852938074,0.3507144983495281,0.5184339786791591,gte6
960,961,OADMET-0005129,5.01,train,5to6,0,0.00386231770186913,0.02345233254910694,0.1923998023323689,0.4777612152403751,0.3025243321762799,5to6
961,962,OADMET-0005128,5.46,train,5to6,1,0.004963761297243413,0.02561378904013276,0.25864539080317933,0.4188015844799903,0.2919754743794542,5to6
962,963,OADMET-0005127,5.25,train,5to6,0,0.002544286032874516,0.018294260601367008,0.3833059125985438,0.4902979418771257,0.10555759889008894,5to6
963,964,OADMET-0005126,4.15,train,4to5,0,0.038286124582774035,0.15687981686056887,0.5116091623568352,0.22343248120775572,0.06979241499206622,4to5
964,965,OADMET-0005125,4.67,train,4to5,0,0.005913545129434236,0.037664209946744416,0.3125227506688318,0.4856326758698474,0.1582668183851422,5to6
965,966,OADMET-0005124,4.5,train,4to5,1,0.041806312894633026,0.16508583232504628,0.560964090795395,0.18332209636801194,0.048821667616913686,4to5
966,967,OADMET-0005123,4.6,train,4to5,1,0.018223992262512173,0.10310331351861908,0.5926058502113655,0.2396251644061471,0.04644167960135622,4to5
967,968,OADMET-0005122,4.52,train,4to5,2,0.009661705116180547,0.04712398665713907,0.48958670500234963,0.3906024647151753,0.06302513850915543,4to5
968,969,OADMET-0005121,4.94,train,4to5,2,0.0010359475085355214,0.007650698432565481,0.32315543874013586,0.5594663800509239,0.10869153526783927,5to6
969,970,OADMET-0005120,4.19,train,4to5,0,0.10278284319975578,0.3061691752187347,0.39656575627850543,0.12612716571702437,0.06835505958597973,4to5
970,971,OADMET-0005119,4.97,train,4to5,2,0.0076591884987055395,0.029274199343879464,0.18152820024268299,0.4060967033962279,0.3754417085185041,5to6
971,972,OADMET-0005118,4.36,train,4to5,1,0.01611256698656,0.07682316335314561,0.5288800311507268,0.28588180189845663,0.09230243661111097,4to5
972,973,OADMET-0005117,4.46,train,4to5,1,0.1455464230352613,0.5112919864575415,0.3015124533494464,0.032546636080890555,0.009102501076860366,3to4
973,974,OADMET-0005116,5.3,train,5to6,3,0.06005351789116241,0.23937634321157975,0.5177046483034572,0.1455108772605736,0.03735461333322704,4to5
974,975,OADMET-0005115,5.12,train,5to6,0,0.01856192522043571,0.13628705955239778,0.6267672006012722,0.19494331828476902,0.02344049634112521,4to5
975,976,OADMET-0005114,4.01,train,4to5,0,0.0736318956486014,0.2775670813658477,0.48104427990574405,0.12595623403156683,0.04180050904824002,4to5
976,977,OADMET-0005113,4.23,train,4to5,2,0.01118634381568109,0.04920777765563482,0.4514028509861363,0.3938777516444002,0.0943252758981476,4to5
977,978,OADMET-0005112,4.26,train,4to5,4,0.04209456757453441,0.19544192422978657,0.5767135249655396,0.16838132503630188,0.01736865819383752,4to5
978,979,OADMET-0005111,5.19,train,5to6,0,0.008845360999062812,0.06900086292438691,0.581483307749871,0.305977286618076,0.03469318170860325,4to5
979,980,OADMET-0005110,4.93,train,4to5,4,0.00154211222323118,0.010836913357621249,0.3554171358945845,0.5351338439488756,0.0970699945756874,5to6
980,981,OADMET-0005109,5.3,train,5to6,3,0.03410508760888816,0.1935358589458505,0.5613456211608195,0.1823902526202541,0.0286231796641877,4to5
981,982,OADMET-0005108,5.1,train,5to6,1,0.013987872801675919,0.0775706919937234,0.5714780709575045,0.26598027447603745,0.07098308977105874,4to5
982,983,OADMET-0005107,5.03,train,5to6,2,0.015090602351693235,0.06091387902722028,0.4441257984294737,0.3594759679247329,0.12039375226687987,4to5
983,984,OADMET-0005106,4.73,train,4to5,1,0.05039038859979003,0.22510151294197228,0.5421564154875103,0.14406384890772095,0.03828783406300651,4to5
984,985,OADMET-0005105,5.15,train,5to6,3,0.010221584214548772,0.04513842025579937,0.2532041250603177,0.41230000087311486,0.2791358695962193,5to6
985,986,OADMET-0005104,5.26,train,5to6,1,0.0384350055106358,0.143965560435479,0.5363501430232109,0.21348576724869983,0.0677635237819744,4to5
986,987,OADMET-0005103,5.06,train,5to6,4,0.014860034906435726,0.05780252808909628,0.4407974179454172,0.36001300778238754,0.12652701127666327,4to5
987,988,OADMET-0005102,5.09,train,5to6,2,0.013220200520016412,0.06461483630139815,0.5115710811850672,0.35803777992331515,0.05255610207020303,4to5
988,989,OADMET-0005101,4.57,train,4to5,1,0.1014583785141199,0.38781678821078236,0.4157086328257197,0.06923650230927952,0.02577969814009852,4to5
989,990,OADMET-0005100,4.44,train,4to5,2,0.06730231442146556,0.17186711216368936,0.4266075960812689,0.18599759978063107,0.1482253775529451,4to5
990,991,OADMET-0005099,4.84,train,4to5,0,0.03049522457736586,0.1711606535523397,0.5899304162523344,0.17380696567484544,0.034606739943114556,4to5
991,992,OADMET-0005098,5.09,train,5to6,0,0.0013159334037656423,0.010347679134520787,0.2897348071503278,0.5412447388275802,0.15735684148380558,5to6
992,993,OADMET-0005097,4.73,train,4to5,2,0.011388507915600839,0.0592625675378731,0.5634072543665458,0.3323442113063455,0.033597458873634745,4to5
993,994,OADMET-0005096,5.23,train,5to6,3,0.010162365259362306,0.07130970459299374,0.5993104911955348,0.2873858075990793,0.03183163135302987,4to5
994,995,OADMET-0005095,5.47,train,5to6,1,0.002802950838812337,0.021270128293854294,0.43727654890628814,0.4610006582052548,0.0776497137557904,5to6
995,996,OADMET-0005094,5.24,train,5to6,1,0.007191006114099122,0.039639844441682774,0.45593899586757386,0.40113129940072,0.09609885417592426,4to5
996,997,OADMET-0005093,5.31,train,5to6,4,0.012268520800258809,0.06166503905009449,0.5516701299572726,0.3228476023461848,0.05154870784618923,4to5
997,998,OADMET-0005092,4.73,train,4to5,0,0.0005631266391352246,0.005782980468483304,0.23769795880786962,0.5696132775805813,0.18634265650393053,5to6
998,999,OADMET-0005091,5.31,train,5to6,0,0.01857876101802144,0.051311733250011995,0.15851432675549115,0.31831533902568143,0.45327983995079396,gte6
999,1000,OADMET-0005090,5.44,train,5to6,4,0.0037701858102665103,0.02178775672423556,0.4406218760087104,0.46724446900866684,0.06657571244812074,5to6
1000,1001,OADMET-0005089,5.06,train,5to6,2,0.0005088104384220271,0.003913850421242018,0.24271432421061143,0.5961958014119931,0.15666721351773136,5to6
1001,1002,OADMET-0005088,4.57,train,4to5,0,0.061123501541233714,0.3114976478357285,0.49928769558015085,0.10530488095257631,0.022786274090310643,4to5
1002,1003,OADMET-0005087,5.0,train,4to5,2,0.02662861071654597,0.1574311203625795,0.5879064601244102,0.20301952277431,0.025014286022154338,4to5
1003,1004,OADMET-0005086,3.99,train,3to4,4,0.031416913250444684,0.10704446611255262,0.5270299558097898,0.24882227004021085,0.08568639478700196,4to5
1004,1005,OADMET-0005085,5.25,train,5to6,1,0.02017160885099921,0.08187313408357327,0.47360170063973106,0.3352148545355158,0.08913870189018064,4to5
1005,1006,OADMET-0005084,4.58,train,4to5,0,0.010204981052675338,0.05397868141351636,0.4634726034566594,0.3890571881391373,0.0832865459380116,4to5
1006,1007,OADMET-0005083,4.27,train,4to5,2,0.031309516462497126,0.1752155640712508,0.600056612121293,0.16825181903930045,0.025166488305658576,4to5
1007,1008,OADMET-0005082,5.32,train,5to6,1,0.0003852206961363256,0.004118958746260102,0.1518267763658616,0.535534116468347,0.30813492772339496,5to6
1008,1009,OADMET-0005081,4.91,train,4to5,2,0.36441955439090074,0.4673413908264945,0.08848174796658628,0.015854545707594248,0.06390276110842422,3to4
1009,1010,OADMET-0005080,4.43,train,4to5,2,0.018297154251890397,0.07376472569519961,0.4998486582206712,0.33746859054116246,0.07062087129107635,4to5
1010,1011,OADMET-0005079,4.94,train,4to5,1,0.0002628899155816378,0.0028060501499663918,0.13036711108398036,0.5416686962404104,0.3248952526100613,5to6
1011,1012,OADMET-0005078,5.24,train,5to6,0,0.00236008533613196,0.01846241457238772,0.4189589642578671,0.48366093440158675,0.07655760143202646,5to6
1012,1013,OADMET-0005077,5.07,train,5to6,4,0.06902351962584347,0.23954085961069752,0.5277411927883677,0.13716661904534955,0.02652780892974174,4to5
1013,1014,OADMET-0005076,4.35,train,4to5,3,0.02946754479108278,0.1856285739177039,0.5970965490394112,0.16143461701047532,0.026372715241326797,4to5
1014,1015,OADMET-0005075,5.18,train,5to6,1,0.00429097734106971,0.026484022842354266,0.39152999326759974,0.4530361730462177,0.1246588335027586,5to6
1015,1016,OADMET-0005074,5.08,train,5to6,2,0.003553191160188714,0.017442809222905236,0.21562607345402904,0.4650749512194661,0.2983029749434109,5to6
1016,1017,OADMET-0005073,4.85,train,4to5,3,0.006913903586702163,0.037887651208641585,0.27396565484372676,0.4701199200694455,0.21111287029148404,5to6
1017,1018,OADMET-0005072,5.06,train,5to6,3,0.000831122592395838,0.007758901135659299,0.3332127791801338,0.5579014191241933,0.10029577796761766,5to6
1018,1019,OADMET-0005071,4.41,train,4to5,4,0.001259221878478531,0.007862754582608274,0.24730051873737666,0.5384363221224079,0.20514118267912862,5to6
1019,1020,OADMET-0005070,5.3,train,5to6,3,0.036845472670787235,0.12223301401596925,0.35946876748011025,0.3220393741662637,0.15941337166686953,4to5
1020,1021,OADMET-0005069,5.02,train,5to6,2,0.0436722122816781,0.20316282293131246,0.5467181903630158,0.1701712789045885,0.03627549551940515,4to5
1021,1022,OADMET-0005068,5.43,train,5to6,0,0.008368867924903467,0.049457288362918975,0.5484919859636679,0.33652379040415514,0.057158067344354566,4to5
1022,1023,OADMET-0005067,4.73,train,4to5,0,0.0029182792736347557,0.02033437981379249,0.5154424922578491,0.40808752312167207,0.05321732553305164,4to5
1023,1024,OADMET-0005066,4.72,train,4to5,2,0.004877211017223536,0.027311462667343304,0.4724811571756648,0.4521883984135559,0.04314177072621247,4to5
1024,1025,OADMET-0005065,5.19,train,5to6,1,0.010556798388969904,0.037999965108931194,0.377472190642833,0.3740855143439564,0.19988553151530947,4to5
1025,1026,OADMET-0005064,4.99,train,4to5,2,0.03104547672642618,0.1475126779035941,0.5823410890445749,0.20762287583033998,0.031477880495064794,4to5
1026,1027,OADMET-0005063,4.33,train,4to5,1,0.010642393630564687,0.06404212385102184,0.5529775803552881,0.3069693813495799,0.06536852081354552,4to5
1027,1028,OADMET-0005062,4.99,train,4to5,2,0.003393237370238236,0.01862749897980069,0.21849065327621822,0.5188405703422543,0.2406480400314886,5to6
1028,1029,OADMET-0005061,5.39,train,5to6,4,0.0013624651618312398,0.008845567243554373,0.31578438177579626,0.5266847295246094,0.1473228562942087,5to6
1029,1030,OADMET-0005060,5.25,train,5to6,1,0.0012644574675441836,0.009916351122540829,0.2240825730222416,0.5049948068644438,0.25974181152322967,5to6
1030,1031,OADMET-0005059,4.92,train,4to5,0,0.008059880921962852,0.06617728786481074,0.6402633821733688,0.2611306081094992,0.024368840930358463,4to5
1031,1032,OADMET-0005058,4.96,train,4to5,0,0.016882962566603134,0.1276424458220025,0.6454595574767754,0.1889098929643875,0.02110514117023145,4to5
1032,1033,OADMET-0005057,4.26,train,4to5,4,0.09562937081205314,0.37350082049611194,0.4365204234000256,0.0766604386581067,0.01768894663370264,4to5
1033,1034,OADMET-0005056,4.83,train,4to5,1,0.03738676175176566,0.18161298809873005,0.5771419679480436,0.1658810582450931,0.037977223956367524,4to5
1034,1035,OADMET-0005055,4.83,train,4to5,4,0.02558654356103066,0.11201772749291901,0.5833716553917784,0.24224720580524162,0.03677686774903031,4to5
1035,1036,OADMET-0005054,4.79,train,4to5,0,0.0028076159534009856,0.019618004071729624,0.45428140819815205,0.4618724767536961,0.06142049502302125,5to6
1036,1037,OADMET-0005053,4.95,train,4to5,4,0.005606310233238703,0.02930640133818979,0.45747391665451537,0.4371223286866274,0.07049104308742869,4to5
1037,1038,OADMET-0005052,4.82,train,4to5,1,0.012185171213243574,0.04515883341571238,0.3479283772651925,0.37965816234150546,0.21506945576434608,5to6
1038,1039,OADMET-0005051,4.84,train,4to5,0,0.005473590822205859,0.0330003978279347,0.499429723491073,0.38777803670459265,0.07431825115419376,4to5
1039,1040,OADMET-0005050,5.22,train,5to6,4,0.00017952271186186266,0.0013096020367367016,0.10049941245238128,0.5044315384306628,0.39357992436835737,5to6
1040,1041,OADMET-0005049,4.21,train,4to5,0,0.036488305641381794,0.18648503651289255,0.5395603755877898,0.1973945193089749,0.04007176294896095,4to5
1041,1042,OADMET-0005048,5.05,train,5to6,4,0.045774064190748004,0.18056149478060482,0.5632877255425052,0.18280598214780197,0.02757073333834,4to5
1042,1043,OADMET-0005047,4.88,train,4to5,4,0.02271621145124264,0.08759555334815546,0.4785451951433278,0.32124433340264547,0.08989870665462864,4to5
1043,1044,OADMET-0005046,5.1,train,5to6,1,0.009261450635384808,0.06431029671112702,0.5685974301262091,0.30462234900254215,0.053208473524736975,4to5
1044,1045,OADMET-0005045,5.05,train,5to6,3,0.022805349519014088,0.10017961095717456,0.48632024903431115,0.30822628219791404,0.08246850829158617,4to5
1045,1046,OADMET-0005044,4.84,train,4to5,0,0.03441677897826786,0.16639734370715392,0.5081130133688782,0.23845114682183405,0.052621717123866006,4to5
1046,1047,OADMET-0005043,4.94,train,4to5,0,0.008295753862577906,0.059339313925476374,0.6229150810085133,0.27569406865191,0.03375578255152241,4to5
1047,1048,OADMET-0005042,4.69,train,4to5,2,0.18347001349136252,0.37068221525374373,0.28998634651282945,0.06304672454367168,0.09281470019839257,3to4
1048,1049,OADMET-0005041,4.63,train,4to5,1,0.1590281242349418,0.46731441168529364,0.30043559594968866,0.04896890635112883,0.024252961778947073,3to4
1049,1050,OADMET-0005040,4.68,train,4to5,0,0.007926431211384056,0.04579912713303445,0.5148800434073791,0.3569263096840368,0.0744680885641656,4to5
1050,1051,OADMET-0005039,4.57,train,4to5,4,0.08215893437747951,0.26727061268967633,0.49331153214075274,0.12166650794447179,0.03559241284761967,4to5
1051,1052,OADMET-0005038,4.86,train,4to5,2,0.30204918052291224,0.580647271907553,0.09359290908224321,0.008883832680837736,0.01482680580645372,3to4
1052,1053,OADMET-0005037,4.09,train,4to5,2,0.11551513579397585,0.22715558247830972,0.3450884911365216,0.15668613274776144,0.15555465784343137,4to5
1053,1054,OADMET-0005036,4.93,train,4to5,4,0.0007698115912608616,0.004423181337127562,0.1637060125169857,0.5201115385697933,0.3109894559848326,5to6
1054,1055,OADMET-0005035,4.54,train,4to5,0,0.00038544609252137376,0.004393900709450166,0.24918626049398965,0.5958374094958624,0.15019698320817637,5to6
1055,1056,OADMET-0005034,4.88,train,4to5,4,0.024973999801926314,0.08854538980329554,0.4608032124519468,0.3206709337259491,0.10500646421688223,4to5
1056,1057,OADMET-0005033,4.83,train,4to5,3,0.01719220348748489,0.08702689376835937,0.37795710422859674,0.3979389354663382,0.1198848630492208,5to6
1057,1058,OADMET-0005032,4.82,train,4to5,2,0.0006526883550762422,0.005469731305317947,0.21463767338371226,0.5822770962141458,0.1969628107417478,5to6
1058,1059,OADMET-0005031,4.53,train,4to5,0,0.03264727413051506,0.1816865188843895,0.5581314511771178,0.19983090274193416,0.027703853066043435,4to5
1059,1060,OADMET-0005030,5.07,train,5to6,0,0.0018542982376373494,0.013166575341584889,0.32609744990753053,0.5012721881746162,0.157609488338631,5to6
1060,1061,OADMET-0005029,4.73,train,4to5,1,0.0019334810948466081,0.01500197794802019,0.2821982952791451,0.48746228673021336,0.21340395894777475,5to6
1061,1062,OADMET-0005028,5.3,train,5to6,4,0.0009947994348586486,0.005672716121477058,0.18116870687007428,0.5066772149317924,0.3054865626417976,5to6
1062,1063,OADMET-0005027,5.69,train,5to6,1,0.005269005135088395,0.025703771877691163,0.291484812462673,0.39239601579854316,0.2851463947260043,5to6
1063,1064,OADMET-0005026,5.0,train,4to5,3,0.007199304633633579,0.040660970949634036,0.4033754201236602,0.43946790769489347,0.10929639659817875,5to6
1064,1065,OADMET-0005025,4.71,train,4to5,2,0.06349724105391526,0.22153800730524909,0.4893382757600808,0.16135110369205524,0.06427537218869962,4to5
1065,1066,OADMET-0005024,5.02,train,5to6,3,0.009647513856569007,0.0651412241597063,0.525019115605623,0.3431792896812137,0.057012856696888,4to5
1066,1067,OADMET-0005023,5.23,train,5to6,0,0.006542867402506017,0.04663988867510302,0.5239908604940111,0.36795397958983794,0.054872403838541854,4to5
1067,1068,OADMET-0005022,4.74,train,4to5,1,0.002282249675365407,0.015687088960502523,0.36857776769817735,0.48003734752427996,0.1334155461416748,5to6
1068,1069,OADMET-0005021,5.0,train,4to5,1,0.0010535233483406272,0.009422030870354717,0.2025048655196907,0.5218588509955954,0.26516072926601864,5to6
1069,1070,OADMET-0005020,5.24,train,5to6,0,0.009426716363924878,0.04420221059761157,0.1713720794256002,0.41677541968318,0.35822357392968335,5to6
1070,1071,OADMET-0005019,5.38,train,5to6,3,0.013627810789276041,0.08757943309292605,0.550884761206764,0.30447988482878074,0.043428110082253134,4to5
1071,1072,OADMET-0005018,4.7,train,4to5,0,0.058734182487183,0.2614385197365229,0.500515284018648,0.14218863897840917,0.03712337477923697,4to5
1072,1073,OADMET-0005017,5.14,train,5to6,0,0.0012659364981146325,0.010952981834594634,0.15685489364719296,0.5329077700884849,0.2980184179316129,5to6
1073,1074,OADMET-0005016,5.13,train,5to6,1,0.003253656613982385,0.01763227550366772,0.2690791737476605,0.5018830209400056,0.20815187319468376,5to6
1074,1075,OADMET-0005015,4.8,train,4to5,4,0.011498238891363144,0.06067546084523201,0.5608898997306824,0.3288589119911194,0.03807748854160309,4to5
1075,1076,OADMET-0005014,4.66,train,4to5,2,0.007975963831082188,0.03840009101629206,0.48181339829146824,0.3994019605252782,0.07240858633587927,4to5
1076,1077,OADMET-0005013,4.7,train,4to5,2,0.3191124674190167,0.533198505135916,0.11159542816144438,0.01503538888607914,0.02105821039754377,3to4
1077,1078,OADMET-0005012,5.33,train,5to6,2,0.02489709887354772,0.09511582713793536,0.47784969253644377,0.3050660303473864,0.0970713511046868,4to5
1078,1079,OADMET-0005011,4.51,train,4to5,0,0.00340016377568489,0.03077764668729375,0.5263312537421473,0.40283737186845203,0.03665356392642206,4to5
1079,1080,OADMET-0005010,4.61,train,4to5,4,0.2738007360278902,0.5568193295461539,0.14309755178413822,0.011317974807205068,0.014964407834612623,3to4
1080,1081,OADMET-0005009,5.09,train,5to6,1,0.0016840172093404377,0.012358396972052819,0.3160439063738633,0.5170510892942889,0.15286259015045453,5to6
1081,1082,OADMET-0005008,4.57,train,4to5,1,0.037996358037103474,0.12328854580853743,0.4795724308618179,0.2662205914789262,0.09292207381361503,4to5
1082,1083,OADMET-0005007,4.82,train,4to5,3,0.1221856594899915,0.3533790839232163,0.35978676228920975,0.09513422456138673,0.06951426973619572,4to5
1083,1084,OADMET-0005006,5.05,train,5to6,4,0.0012823594972930755,0.005396665174451939,0.08677549821837802,0.3652206131298209,0.5413248639800561,gte6
1084,1085,OADMET-0005005,5.0,train,4to5,3,0.0005235456285583567,0.0054810020274245015,0.14424922116888786,0.5289463054159691,0.32079992575916016,5to6
1085,1086,OADMET-0005004,4.35,train,4to5,2,0.025144850507352587,0.09170226633191879,0.48777794201961605,0.31019162727270017,0.08518331386841238,4to5
1086,1087,OADMET-0005003,4.81,train,4to5,3,0.008424158637275777,0.05708618866883584,0.5535122422270631,0.3350817063402112,0.04589570412661408,4to5
1087,1088,OADMET-0005002,4.87,train,4to5,2,0.032376028295829626,0.18720646028214638,0.5756971186427667,0.18346951731043387,0.021250875468823358,4to5
1088,1089,OADMET-0005001,4.63,train,4to5,4,0.00027735385470315443,0.0021772670757838437,0.15739482447910658,0.5537998012236925,0.28635075336671384,5to6
1089,1090,OADMET-0005000,4.57,train,4to5,0,0.026224649563350355,0.1618585234257329,0.5898422401078784,0.19279589602662972,0.029278690876408598,4to5
1090,1091,OADMET-0004999,4.99,train,4to5,1,0.0011294598386415913,0.009393112830940508,0.28961748292458483,0.5320667151865894,0.16779322921924364,5to6
1091,1092,OADMET-0004998,5.08,train,5to6,2,0.003654230549933232,0.019013180970198554,0.24423194961091785,0.44792836059765023,0.28517227827130015,5to6
1092,1093,OADMET-0004997,5.02,train,5to6,4,0.001811785111367618,0.010509146108290629,0.28436600433656467,0.5265226825332513,0.17679038191052573,5to6
1093,1094,OADMET-0004996,5.03,train,5to6,0,0.023110734686249145,0.12591205748395717,0.5476858707688242,0.25830758050972263,0.044983756551246736,4to5
1094,1095,OADMET-0004995,5.34,train,5to6,0,0.01370345882761187,0.07007133156932706,0.5063609438415165,0.31972470611564596,0.0901395596458986,4to5
1095,1096,OADMET-0004994,5.16,train,5to6,2,0.0009451659969224708,0.007642025219710637,0.11385543729765707,0.49874047102184327,0.37881690046386657,5to6
1096,1097,OADMET-0004993,4.65,train,4to5,0,0.03213277909481177,0.19076189860683807,0.5831432483733859,0.1668938885808374,0.02706818534412684,4to5
1097,1098,OADMET-0004992,4.78,train,4to5,0,0.28344686446782486,0.3033984454565503,0.11391385838061512,0.05377674214878064,0.2454640895462291,3to4
1098,1099,OADMET-0004991,5.41,train,5to6,1,0.025913040139428828,0.10208113107744882,0.5231368130810549,0.26195670101265855,0.08691231468940895,4to5
1099,1100,OADMET-0004990,5.51,train,5to6,1,0.002983574851470942,0.016659091393965993,0.3491098422616164,0.4689200007409695,0.16232749075197717,5to6
1100,1101,OADMET-0004989,5.56,train,5to6,1,0.0007021805830144308,0.006850673101413294,0.23463564254829264,0.5565265810034374,0.20128492276384224,5to6
1101,1102,OADMET-0004988,4.87,train,4to5,1,0.18564180891482673,0.5187903007955081,0.23863768399776752,0.037443358172153246,0.0194868481197443,3to4
1102,1103,OADMET-0004987,5.23,train,5to6,0,0.0031070105402465522,0.022122708309910765,0.30053551488405306,0.5071653378007588,0.1670694284650308,5to6
1103,1104,OADMET-0004986,4.87,train,4to5,2,0.0011848406998609085,0.009480073222667798,0.17225448979721766,0.5561901989153423,0.26089039736491143,5to6
1104,1105,OADMET-0004985,4.78,train,4to5,4,0.005926638025472393,0.038690892554007775,0.5398541965701231,0.36869693602225234,0.046831336828144374,4to5
1105,1106,OADMET-0004984,5.33,train,5to6,2,0.0032800540877693787,0.020378524489738925,0.4243444215198487,0.4978935731288114,0.05410342677383164,5to6
1106,1107,OADMET-0004983,4.65,train,4to5,4,0.009331845704461949,0.04937684177246925,0.5176594271817974,0.3566968450975516,0.06693504024371982,4to5
1107,1108,OADMET-0004982,4.47,train,4to5,0,0.002048489586162177,0.014539507783421585,0.2726118198032313,0.5240481364081616,0.1867520464190233,5to6
1108,1109,OADMET-0004981,5.53,train,5to6,4,0.0003888684625196494,0.003175367746529133,0.22086925195870044,0.5932483509588583,0.18231816087339253,5to6
1109,1110,OADMET-0004980,5.35,train,5to6,4,0.011950926832946154,0.050099976267479404,0.4908567359841303,0.376142709746691,0.07094965116875311,4to5
1110,1111,OADMET-0004979,4.2,train,4to5,0,0.0023577241161156703,0.018745638377743852,0.34843677184981264,0.5123673067082634,0.11809255894806453,5to6
1111,1112,OADMET-0004978,5.05,train,5to6,4,0.04283144904974415,0.09266530426088332,0.27439434665116114,0.28112260868621586,0.30898629135199557,gte6
1112,1113,OADMET-0004977,5.33,train,5to6,0,0.00015070694353940263,0.0022580368168204647,0.12400988104164866,0.599381404625696,0.27419997057229545,5to6
1113,1114,OADMET-0004976,4.56,train,4to5,0,0.009024942075229721,0.05484180764678214,0.4787429753250281,0.3889298344848904,0.06846044046806968,4to5
1114,1115,OADMET-0004975,4.6,train,4to5,4,0.020423340553405035,0.0875339540170826,0.5293636661703599,0.2834236782621301,0.07925536099702234,4to5
1115,1116,OADMET-0004974,4.98,train,4to5,0,0.011940092532290324,0.07695376858385329,0.6001741293645858,0.2814596315522483,0.0294723779670223,4to5
1116,1117,OADMET-0004973,5.21,train,5to6,4,0.08957321130057266,0.23452357773092702,0.4575549628022688,0.14618407080930418,0.07216417735692726,4to5
1117,1118,OADMET-0004972,4.24,train,4to5,0,0.14297382586812163,0.42618793407897626,0.32954079035498496,0.0598571712518378,0.04144027844607934,3to4
1118,1119,OADMET-0004971,4.6,train,4to5,4,0.0010117196686851224,0.007320066262528482,0.30979811359010767,0.5496867755623863,0.13218332491629234,5to6
1119,1120,OADMET-0004970,5.22,train,5to6,3,0.0014294112698455654,0.01087103998064503,0.20726201466638375,0.5440747876596146,0.23636274642351102,5to6
1120,1121,OADMET-0004969,4.97,train,4to5,4,0.003483002431056852,0.02136126466505009,0.42229779237231607,0.44254197289687014,0.11031596763470683,5to6
1121,1122,OADMET-0004968,4.73,train,4to5,1,0.0035277251240171123,0.02832831448558023,0.4087290504055492,0.4551531979216209,0.10426171206323258,5to6
1122,1123,OADMET-0004967,4.8,train,4to5,1,0.018423639125387362,0.11039829557819865,0.6087208968489723,0.2147104497071969,0.047746718740244685,4to5
1123,1124,OADMET-0004966,5.15,train,5to6,1,0.0007570261607358802,0.007292117687892622,0.12333272786615058,0.45469583515340595,0.41392229313181494,5to6
1124,1125,OADMET-0004965,4.93,train,4to5,0,0.048832304316971456,0.160205499512231,0.40354170917921023,0.24696759253645453,0.14045289445513273,4to5
1125,1126,OADMET-0004964,5.21,train,5to6,4,0.009918960825792186,0.05176210446828878,0.5537198232332975,0.34633574180027626,0.0382633696723453,4to5
1126,1127,OADMET-0004963,4.78,train,4to5,4,0.0013659614530418594,0.009342250841612065,0.3339447829919285,0.5309651140902761,0.12438189062314144,5to6
1127,1128,OADMET-0004962,4.27,train,4to5,1,0.005241135735186965,0.027841265095057702,0.3574548455234694,0.4387731664499846,0.17068958719630134,5to6
1128,1129,OADMET-0004961,4.67,train,4to5,3,0.04380279893658903,0.23203431674927555,0.5696679502266483,0.13180047617332388,0.02269445791416319,4to5
1129,1130,OADMET-0004960,5.39,train,5to6,3,0.001991220172058027,0.015486779681453322,0.25513030641210865,0.5012106613039551,0.22618103243042487,5to6
1130,1131,OADMET-0004959,4.68,train,4to5,3,0.005550549370749434,0.03075919861975983,0.3375421169563589,0.45565009159562186,0.17049804345751,5to6
1131,1132,OADMET-0004958,4.97,train,4to5,0,0.032176707299538414,0.13361130804134133,0.5215056000818193,0.24801138320577945,0.06469500137152152,4to5
1132,1133,OADMET-0004957,4.95,train,4to5,1,0.21182642828443887,0.5415104234238965,0.19649459484351947,0.029622213625784346,0.020546339822360773,3to4
1133,1134,OADMET-0004956,5.42,train,5to6,4,0.012043412887333762,0.04137814881223732,0.30083925466866646,0.3840695656490714,0.26166961798269106,5to6
1134,1135,OADMET-0004955,4.57,train,4to5,3,0.09617639612297285,0.3469724487116865,0.4336489527022973,0.08477576411483834,0.03842643834820502,4to5
1135,1136,OADMET-0004954,5.03,train,5to6,0,0.002169630003365581,0.014896113279825832,0.33230650099998504,0.49992879736306856,0.15069895835375502,5to6
1136,1137,OADMET-0004953,4.6,train,4to5,4,0.014225105874264569,0.07301360429927933,0.5801172901141044,0.300687554018747,0.03195644569360466,4to5
1137,1138,OADMET-0004952,5.03,train,5to6,3,0.010429882434727734,0.041929833551934144,0.20229862611526753,0.4168473180226541,0.32849433987541654,5to6
1138,1139,OADMET-0004951,4.56,train,4to5,0,0.05524379988496527,0.12492929073235007,0.26015251196523165,0.3109453239417923,0.2487290734756607,5to6
1139,1140,OADMET-0004950,5.33,train,5to6,3,0.0006561921048569802,0.006337964734548237,0.2101428158845168,0.5758616594384749,0.2070013678376031,5to6
1140,1141,OADMET-0004949,4.9,train,4to5,4,0.001067425710773084,0.006153464342394291,0.18757978158133248,0.46912315679007566,0.3360761715754245,5to6
1141,1142,OADMET-0004948,4.54,train,4to5,3,0.0038620908438900745,0.02871348686137736,0.3995171455704647,0.4641371630642881,0.1037701136599798,5to6
1142,1143,OADMET-0004947,4.89,train,4to5,2,0.0016721705508973923,0.010339947171817857,0.1873772695864361,0.5134310004371306,0.28717961225371796,5to6
1143,1144,OADMET-0004946,4.56,train,4to5,0,0.007192221108339193,0.056896538363673116,0.6052833286876712,0.3043846531938409,0.026243258646475625,4to5
1144,1145,OADMET-0004945,5.51,train,5to6,0,0.014441367080667305,0.08320644615243922,0.5624638967592496,0.29048318459732647,0.04940510541031739,4to5
1145,1146,OADMET-0004944,4.37,train,4to5,4,0.1444549151181594,0.41234208228586083,0.360375711778663,0.05880615268514704,0.02402113813216972,3to4
1146,1147,OADMET-0004943,5.2,train,5to6,4,0.009983464722175468,0.023451631058787944,0.1485279000885224,0.31968425573035913,0.49835274840015503,gte6
1147,1148,OADMET-0004942,5.06,train,5to6,4,0.0010375955648811359,0.008054671840958628,0.3002929997409184,0.5481581709624009,0.14245656189084088,5to6
1148,1149,OADMET-0004941,5.24,train,5to6,1,0.0011781827646443006,0.008590970091367594,0.2569481403422577,0.501825744207355,0.23145696259437532,5to6
1149,1150,OADMET-0004940,5.67,train,5to6,2,0.0018575483990775476,0.01073915740258298,0.0930787653657816,0.4435966402277068,0.4507278886048511,gte6
1150,1151,OADMET-0004939,4.71,train,4to5,4,0.05052370258084333,0.20913432704179152,0.5420032396388983,0.15846467504687803,0.03987405569158887,4to5
1151,1152,OADMET-0004938,5.01,train,5to6,1,0.04356786398469895,0.1914570402896792,0.5592355340434437,0.16089992824569077,0.04483963343648737,4to5
1152,1153,OADMET-0004937,4.9,train,4to5,1,0.0017257551413502501,0.01313025485396483,0.2473996096898858,0.5086251423846094,0.22911923793018965,5to6
1153,1154,OADMET-0004936,3.97,train,3to4,2,0.19400970051110258,0.5558089872733218,0.21397812170805977,0.02514931862937839,0.011053871878137434,3to4
1154,1155,OADMET-0004935,3.78,train,3to4,1,0.42944748409985284,0.5198685311394281,0.037977336263292034,0.00529513532702483,0.007411513170402184,3to4
1155,1156,OADMET-0004934,4.83,train,4to5,0,0.02190228271530475,0.12312019088908212,0.5793237437970078,0.2292874506234911,0.04636633197511428,4to5
1156,1157,OADMET-0004933,5.33,train,5to6,3,0.017338966466329066,0.0844390666734688,0.4612406363364131,0.3205737382013238,0.11640759232246525,4to5
1157,1158,OADMET-0004932,5.49,train,5to6,1,0.009336549893057532,0.04470075716861439,0.4070802078442299,0.39711308923117544,0.14176939586292278,4to5
1158,1159,OADMET-0004931,5.36,train,5to6,2,0.00014500018920247628,0.0013807317187414306,0.16086919813374667,0.6287379942032654,0.208867075755044,5to6
1159,1160,OADMET-0004930,4.1,train,4to5,2,0.055966901898753994,0.22257400800391278,0.5198574604109959,0.15498341446760952,0.04661821521872787,4to5
1160,1161,OADMET-0004929,4.81,train,4to5,2,0.036978449810216016,0.07217671004003551,0.17270200018846243,0.2877009223688428,0.4304419175924432,gte6
1161,1162,OADMET-0004928,5.55,train,5to6,0,0.002610260873599585,0.007736315544531311,0.038298286791854416,0.22760895069481232,0.7237461860952024,gte6
1162,1163,OADMET-0004927,4.81,train,4to5,1,0.005120153572262334,0.02483828195730967,0.24261208036754706,0.39879206082927476,0.3286374232736062,5to6
1163,1164,OADMET-0004926,5.54,train,5to6,2,0.00767792397377555,0.042630728810623984,0.565464622141398,0.352693621285561,0.03153310378864151,4to5
1164,1165,OADMET-0004925,5.2,train,5to6,0,0.0037696373914196143,0.021894793029676115,0.18302216350332978,0.49073199338437457,0.30058141269119987,5to6
1165,1166,OADMET-0004924,4.3,train,4to5,0,0.20531821289159025,0.5322243581194884,0.2148645971247267,0.025533573749537717,0.022059258114656914,3to4
1166,1167,OADMET-0004923,4.4,train,4to5,0,0.09647758331316834,0.2729806398614764,0.4020692406543165,0.14955632764426413,0.07891620852677461,4to5
1167,1168,OADMET-0004922,5.34,train,5to6,2,0.004829594892428787,0.026560727655295623,0.5002333549795673,0.43023544790354806,0.03814087456916016,4to5
1168,1169,OADMET-0004921,4.72,train,4to5,3,0.018180772221926527,0.12513962085020716,0.6196423618954593,0.2100274213955617,0.0270098236368453,4to5
1169,1170,OADMET-0004920,4.68,train,4to5,2,0.05029609033384212,0.20822222392012663,0.5463865567962911,0.16274063506143788,0.032354493888302256,4to5
1170,1171,OADMET-0004919,4.65,train,4to5,0,0.016180695754913856,0.10205758229940556,0.617085568011554,0.23156800564196697,0.03310814829215959,4to5
1171,1172,OADMET-0004918,4.53,train,4to5,0,0.07587776880285002,0.30113681365565326,0.48125268754076655,0.10992019336878749,0.0318125366319427,4to5
1172,1173,OADMET-0004917,4.65,train,4to5,3,0.026290535632999216,0.14667820766555287,0.576316111799522,0.20735855168821046,0.04335659321371548,4to5
1173,1174,OADMET-0004916,4.79,train,4to5,3,0.001860125389179298,0.012983774181139223,0.13788144658026882,0.4813793727937011,0.3658952810557116,5to6
1174,1175,OADMET-0004915,5.19,train,5to6,0,0.010486218273938482,0.06315030979081432,0.5341787998977344,0.3388845067522475,0.05330016528526521,4to5
1175,1176,OADMET-0004914,5.16,train,5to6,3,0.0077760536658170835,0.0588882606041893,0.5723684462105955,0.31182047898967086,0.04914676052972727,4to5
1176,1177,OADMET-0004913,5.23,train,5to6,2,0.000990035427313346,0.007632646784376751,0.20821477896365073,0.5450435001613642,0.23811903866329498,5to6
1177,1178,OADMET-0004912,5.47,train,5to6,0,0.014254418841006965,0.09210292806265465,0.5925138471319297,0.26713224698145926,0.033996558982949426,4to5
1178,1179,OADMET-0004911,5.16,train,5to6,2,0.0023360262776375706,0.013941510768466172,0.36377541271397623,0.5164800606961516,0.10346698954376844,5to6
1179,1180,OADMET-0004910,5.09,train,5to6,2,0.00021784152823713289,0.0021193870105174315,0.177688119799492,0.6251154471743339,0.19485920448741956,5to6
1180,1181,OADMET-0004909,5.15,train,5to6,0,0.011428402071548674,0.08860302177730532,0.6096573017923465,0.2663162412661184,0.023995033092681157,4to5
1181,1182,OADMET-0004908,5.58,train,5to6,0,0.0027526685938005593,0.022109576660106774,0.4572225053367727,0.462789549162045,0.055125700247274936,5to6
1182,1183,OADMET-0004907,4.76,train,4to5,2,0.05936372804031789,0.1639764247843465,0.457814676396002,0.2308419409825675,0.08800322979676613,4to5
1183,1184,OADMET-0004906,5.1,train,5to6,2,0.0029101076406492744,0.014763899068211595,0.3596136621836534,0.48805009958177586,0.13466223152570983,5to6
1184,1185,OADMET-0004905,5.08,train,5to6,4,0.00040229772310741425,0.003245273490421336,0.1970244129482129,0.587137916818078,0.21219009902018035,5to6
1185,1186,OADMET-0004904,4.86,train,4to5,0,0.033048227675618436,0.13595764440266522,0.38983127765231784,0.32662630324532316,0.11453654702407529,4to5
1186,1187,OADMET-0004903,4.51,train,4to5,0,0.00247212598009805,0.019255655363668335,0.4309776711342623,0.47154798691432737,0.07574656060764398,5to6
1187,1188,OADMET-0004902,4.98,train,4to5,4,0.00030329844393619485,0.0017150092469487724,0.08530310689605408,0.44412217315812996,0.468556412254931,gte6
1188,1189,OADMET-0004901,4.66,train,4to5,4,0.19746086314553837,0.29703952091696734,0.20574662353118517,0.07737472192199696,0.22237827048431213,3to4
1189,1190,OADMET-0004900,4.73,train,4to5,2,0.0013562556637011778,0.009652859068361818,0.28986327449981253,0.5722929560830005,0.1268346546851241,5to6
1190,1191,OADMET-0004899,4.73,train,4to5,4,0.0031317305053154415,0.020154992268644215,0.4409010145135299,0.46507504928913,0.07073721342338035,5to6
1191,1192,OADMET-0004898,4.56,train,4to5,3,0.0038983876078149023,0.02745655061397578,0.42731757121476505,0.4262649234308056,0.11506256713263868,4to5
1192,1193,OADMET-0004897,5.12,train,5to6,3,0.0043976667878481805,0.025998009899733082,0.20853923683086595,0.49609607897206737,0.26496900750948543,5to6
1193,1194,OADMET-0004896,4.77,train,4to5,2,0.008888891790476075,0.02709943582090301,0.17019815536907312,0.384713257661767,0.4091002593577808,gte6
1194,1195,OADMET-0004895,4.63,train,4to5,0,0.021782270066515414,0.09686385257500163,0.46980581475096256,0.318272119135501,0.09327594347201938,4to5
1195,1196,OADMET-0004894,4.73,train,4to5,2,0.1705664579935512,0.45696279322605476,0.2908566399089265,0.044882074714163896,0.03673203415730367,3to4
1196,1197,OADMET-0004893,5.17,train,5to6,1,0.001619644870570659,0.014164881358964874,0.1659209191880147,0.49820675257894753,0.32008780200350223,5to6
1197,1198,OADMET-0004892,5.08,train,5to6,4,0.03938287168051532,0.14561042352330414,0.536441928183011,0.20989629860851503,0.06866847800465463,4to5
1198,1199,OADMET-0004891,4.7,train,4to5,0,0.0777576544017255,0.39035182100669047,0.44707943740078887,0.06892691360059436,0.01588417359020076,4to5
1199,1200,OADMET-0004890,4.66,train,4to5,0,0.0336230444174,0.15727468036099163,0.5157904798262173,0.2286545297861112,0.06465726560927985,4to5
1200,1201,OADMET-0004889,4.38,train,4to5,4,0.029135435711087898,0.12959511529805096,0.5887940504074318,0.2236552975190606,0.028820101064368706,4to5
1201,1202,OADMET-0004888,4.59,train,4to5,4,0.004222301231799394,0.02109901200120085,0.41986506493050735,0.4643608852044535,0.09045273663203894,5to6
1202,1203,OADMET-0004887,5.02,train,5to6,4,0.02627333234046897,0.1431418944661178,0.5978172376914528,0.20880947851531595,0.023958056986644438,4to5
1203,1204,OADMET-0004886,4.25,train,4to5,2,0.16725975643591726,0.35107148319748527,0.32499576415895015,0.08320352622246939,0.0734694699851779,3to4
1204,1205,OADMET-0004885,4.72,train,4to5,0,0.1695747437080508,0.586128077338445,0.21856211919702836,0.016998172423735934,0.008736887332739873,3to4
1205,1206,OADMET-0004884,5.09,train,5to6,1,0.00505247449207735,0.025267691243783752,0.2661146906335039,0.3879784770116645,0.31558666661897056,5to6
1206,1207,OADMET-0004883,4.76,train,4to5,2,0.01570440438720132,0.0741518429575282,0.5588557061680887,0.2873401609732938,0.0639478855138881,4to5
1207,1208,OADMET-0004882,4.49,train,4to5,0,0.04090955648573161,0.14773364970486666,0.4274577077553972,0.26453040134100025,0.11936868471300427,4to5
1208,1209,OADMET-0004881,4.42,train,4to5,0,0.022609344772646398,0.07053728138889069,0.19849204277649363,0.33918987441100645,0.3691714566509628,gte6
1209,1210,OADMET-0004880,4.93,train,4to5,1,0.043777423073832235,0.1717640387310403,0.528896355430619,0.17689152852705994,0.07867065423744861,4to5
1210,1211,OADMET-0004879,4.86,train,4to5,1,0.0006499064113031818,0.007235121064896163,0.23862341319960614,0.5669269626776579,0.18656459664653668,5to6
1211,1212,OADMET-0004878,4.72,train,4to5,0,0.0015165467547698333,0.008691386606039294,0.07425745076207195,0.35589526276085054,0.5596393531162684,gte6
1212,1213,OADMET-0004877,4.11,train,4to5,0,0.02004173763080784,0.05653530338207147,0.1583244198623135,0.3533681617924267,0.4117303773323805,gte6
1213,1214,OADMET-0004876,4.8,train,4to5,1,0.0046986996549133785,0.032827223527674365,0.4856226586233995,0.4039586354637771,0.07289278273023571,4to5
1214,1215,OADMET-0004875,4.65,train,4to5,2,0.16928365952732904,0.30917346707860727,0.27808234302760915,0.07621681001943953,0.16724372034701496,3to4
1215,1216,OADMET-0004874,4.89,train,4to5,2,0.015518704854739206,0.06375827432466707,0.4992137984628948,0.3293989789402445,0.0921102434174544,4to5
1216,1217,OADMET-0004873,5.01,train,5to6,2,0.011317909564972974,0.06090137793543257,0.6079051328830328,0.29372038536029804,0.026155194256263566,4to5
1217,1218,OADMET-0004872,4.77,train,4to5,1,0.06583064868111889,0.23050217588062036,0.5110796747104788,0.14427158397739662,0.04831591675038543,4to5
1218,1219,OADMET-0004871,5.27,train,5to6,0,0.001657979254358637,0.011729333837852981,0.06804214585070648,0.3701003284765372,0.5484702125805447,gte6
1219,1220,OADMET-0004870,4.79,train,4to5,0,0.0004193609478841687,0.005003611832224767,0.17980478018974952,0.5803094285183749,0.2344628185117667,5to6
1220,1221,OADMET-0004869,4.92,train,4to5,4,0.04416395575748532,0.19664842721135972,0.5553436093103421,0.16981580284110373,0.03402820487970917,4to5
1221,1222,OADMET-0004868,4.71,train,4to5,1,0.0011844529830583863,0.009449660454620586,0.270074835116742,0.4909029136964287,0.22838813774915034,5to6
1222,1223,OADMET-0004867,4.05,train,4to5,2,0.2590090800202542,0.5452768528415355,0.15503301436846817,0.019612248000631674,0.02106880476911044,3to4
1223,1224,OADMET-0004866,4.51,train,4to5,1,0.019399473407493022,0.10469126681854712,0.5729024399576663,0.2320846910922142,0.07092212872407934,4to5
1224,1225,OADMET-0004865,5.37,train,5to6,4,0.000236562566753954,0.0018919445344271343,0.13288360000113686,0.5512714062128199,0.3137164866848622,5to6
1225,1226,OADMET-0004864,4.2,train,4to5,4,0.0066128243376763944,0.035953622646197884,0.48924801209241164,0.3919391668582258,0.07624637406548833,4to5
1226,1227,OADMET-0004863,4.9,train,4to5,0,0.014983151774220277,0.10816252040202926,0.6076628458261545,0.24226849842527745,0.02692298357231851,4to5
1227,1228,OADMET-0004862,4.54,train,4to5,3,0.002921716318247047,0.023494366622048523,0.3654500852304979,0.5010717525176847,0.10706207931152195,5to6
1228,1229,OADMET-0004861,5.52,train,5to6,2,0.029320248345144045,0.08121653888274845,0.32694206616109805,0.32819844270343906,0.23432270390757035,5to6
1229,1230,OADMET-0004860,4.22,train,4to5,1,0.037654850772227536,0.15396723208564234,0.5334143658482073,0.18617348442291276,0.08879006687101001,4to5
1230,1231,OADMET-0004859,5.29,train,5to6,4,0.01828835133379793,0.06090352844906195,0.45678855007339614,0.3565780832603013,0.10744148688344263,4to5
1231,1232,OADMET-0004858,5.27,train,5to6,4,0.005844446029762462,0.018341830410253192,0.17237507192138743,0.42333529345695586,0.38010335818164104,5to6
1232,1233,OADMET-0004857,4.97,train,4to5,1,0.0054247862984450205,0.03801814424226272,0.5097971501596591,0.3687332231320453,0.07802669616758791,4to5
1233,1234,OADMET-0004856,4.49,train,4to5,2,0.07031901748980073,0.38602190239113626,0.4584693793406028,0.07391246222365976,0.01127723855480045,4to5
1234,1235,OADMET-0004855,4.97,train,4to5,3,0.03421157690638791,0.18078631171100268,0.5993322238873358,0.1571610292138806,0.028508858281393042,4to5
1235,1236,OADMET-0004854,4.05,train,4to5,4,0.17576811127299877,0.42214700965052226,0.3185594780138456,0.0537432585404673,0.029782142522166103,3to4
1236,1237,OADMET-0004853,4.37,train,4to5,3,0.018857971431898005,0.11308079944754247,0.5939107139021425,0.24458414166229014,0.029566373556126936,4to5
1237,1238,OADMET-0004852,5.61,train,5to6,2,0.06659925369289078,0.2820030596515374,0.4932287068969896,0.1343416499050188,0.023827329853563447,4to5
1238,1239,OADMET-0004851,4.86,train,4to5,4,0.04413375099651055,0.13354734233064744,0.4598958416977746,0.2509935023744238,0.11142956260064361,4to5
1239,1240,OADMET-0004850,5.0,train,4to5,1,0.0008896665653942023,0.01059945780504911,0.18240894628868673,0.5344732477486925,0.27162868159217746,5to6
1240,1241,OADMET-0004849,4.3,train,4to5,2,0.048624146367429594,0.2854966201968743,0.5367639024796791,0.1120865858190761,0.017028745136940887,4to5
1241,1242,OADMET-0004848,4.81,train,4to5,2,0.003267275182473816,0.012110722367652049,0.059622201781995524,0.29053742718759074,0.6344623734802879,gte6
1242,1243,OADMET-0004847,4.48,train,4to5,0,0.009909718122068192,0.05489709503665119,0.48186802011403035,0.36289879037525785,0.09042637635199247,4to5
1243,1244,OADMET-0004846,4.95,train,4to5,0,0.0004108452986113347,0.0032124784706826634,0.09517793337150975,0.4464900782159013,0.45470866464329496,gte6
1244,1245,OADMET-0004845,5.4,train,5to6,2,0.06745021246225275,0.14749220453179493,0.3540902541306691,0.24638400216054923,0.18458332671473404,4to5
1245,1246,OADMET-0004844,5.37,train,5to6,0,0.0001441120759145787,0.0014921839558620137,0.1363569112737604,0.6063500321142579,0.2556567605802051,5to6
1246,1247,OADMET-0004843,5.24,train,5to6,4,0.1538317673479284,0.3981304824073685,0.34567350664248325,0.06015820145842733,0.04220604214379254,3to4
1247,1248,OADMET-0004842,5.11,train,5to6,2,0.006905886183821452,0.02052426104144517,0.11969654728433705,0.39006020710663386,0.46281309838376244,gte6
1248,1249,OADMET-0004841,5.41,train,5to6,0,0.008218305542717767,0.043966342418011575,0.33648688230987994,0.4596385038710313,0.15168996585835942,5to6
1249,1250,OADMET-0004840,4.95,train,4to5,0,0.04231870263167974,0.18587459867543438,0.5363858578542418,0.18768690758062773,0.04773393325801641,4to5
1250,1251,OADMET-0004839,5.06,train,5to6,2,0.01740337934201031,0.06896560741909753,0.5145179705995019,0.3345961024552003,0.06451694018418998,4to5
1251,1252,OADMET-0004838,5.09,train,5to6,2,0.040214020888743915,0.1634697916981764,0.5602626895669678,0.1949873839330032,0.04106611391310865,4to5
1252,1253,OADMET-0004837,5.37,train,5to6,2,0.0005812277987020074,0.005423225216842884,0.1197647547129903,0.5418836825070027,0.33234710976446213,5to6
1253,1254,OADMET-0004836,4.11,train,4to5,0,0.05467207485413217,0.17180206603696646,0.37921808454909545,0.25614144253098475,0.13816633202882117,4to5
1254,1255,OADMET-0004835,5.28,train,5to6,0,0.001671911322593346,0.01230858816979575,0.2967617790080349,0.5407713615773283,0.14848635992224765,5to6
1255,1256,OADMET-0004834,4.64,train,4to5,0,0.013118768370214607,0.08146798193385917,0.5398875794431037,0.32157568476473664,0.04394998548808582,4to5
1256,1257,OADMET-0004833,5.21,train,5to6,3,0.0011535853342392365,0.010345557252924893,0.2974120248656825,0.5662054768382742,0.12488335570887914,5to6
1257,1258,OADMET-0004832,4.81,train,4to5,0,0.000948077362910018,0.009351988363859658,0.14097586335691098,0.5218313955199761,0.32689267539634315,5to6
1258,1259,OADMET-0004831,4.42,train,4to5,3,0.00648948438025223,0.04570539489350791,0.5232138259394365,0.36768136986484967,0.05690992492195366,4to5
1259,1260,OADMET-0004830,4.67,train,4to5,2,0.00335486561228207,0.020960806064536087,0.4333072628979545,0.46969017670767954,0.07268688871754778,5to6
1260,1261,OADMET-0004829,4.49,train,4to5,3,0.3208784151044547,0.4949977677501821,0.1105155940707192,0.015074498895278204,0.05853372417936577,3to4
1261,1262,OADMET-0004828,4.46,train,4to5,0,0.03449181107614864,0.11063919257610735,0.3738719536880849,0.3056886505547488,0.17530839210491028,4to5
1262,1263,OADMET-0004827,4.97,train,4to5,0,0.0004941047070462253,0.005151977902326133,0.13320324186193236,0.5262600326233762,0.3348906429053191,5to6
1263,1264,OADMET-0004826,5.03,train,5to6,2,0.014712294591054869,0.07554754628901844,0.5553429733130019,0.3128439193830712,0.04155326642385361,4to5
1264,1265,OADMET-0004825,5.3,train,5to6,1,0.000930451515532884,0.008775760045749115,0.13514971157247266,0.4895674973747572,0.36557657949148814,5to6
1265,1266,OADMET-0004824,4.13,train,4to5,1,0.001645048797460265,0.013057440115480186,0.3378986554745158,0.486828913089078,0.16056994252346574,5to6
1266,1267,OADMET-0004823,4.24,train,4to5,1,0.00031715023348767964,0.003954337926505221,0.1825556613758256,0.5855402375135843,0.22763261295059722,5to6
1267,1268,OADMET-0004822,3.92,train,3to4,4,0.36358060620172455,0.4641308978766747,0.09907387720628358,0.010865393783180554,0.06234922493213657,3to4
1268,1269,OADMET-0004821,4.73,train,4to5,3,0.0011260217103677497,0.0078070469781763826,0.07849474122424627,0.4127755395368031,0.49979665055040645,gte6
1269,1270,OADMET-0004820,4.93,train,4to5,0,0.008383868764049576,0.04592176291561037,0.3189097777567452,0.4516674346833407,0.17511715588025417,5to6
1270,1271,OADMET-0004819,4.63,train,4to5,4,0.39238738447241067,0.5171306654666314,0.0658712675599338,0.0041209323668159065,0.02048975013420812,3to4
1271,1272,OADMET-0004818,4.88,train,4to5,2,0.011293767251505405,0.057152264991169634,0.5367424598041308,0.3568852914976668,0.03792621645552736,4to5
1272,1273,OADMET-0004817,4.78,train,4to5,1,0.005309879868829472,0.028277187150893144,0.344629114683088,0.42492053625040654,0.19686328204678286,5to6
1273,1274,OADMET-0004816,4.64,train,4to5,4,0.00018107076371998062,0.0014822587970302226,0.11662074857890088,0.5514050338815746,0.3303108879787744,5to6
1274,1275,OADMET-0004815,4.8,train,4to5,3,0.10757340002557263,0.43864570172929224,0.38456780319733574,0.051535186500771574,0.017677908547027832,3to4
1275,1276,OADMET-0004814,4.83,train,4to5,0,0.03704141632251506,0.12546127380260141,0.37124968619087484,0.31113584207034933,0.15511178161365932,4to5
1276,1277,OADMET-0004813,5.17,train,5to6,1,0.00022047499109767595,0.0033448871738480947,0.10742456481279233,0.5441793211114356,0.3448307519108263,5to6
1277,1278,OADMET-0004812,4.72,train,4to5,2,0.09667625746425743,0.3791137223261535,0.40723367517455583,0.08693555418462383,0.03004079085040942,4to5
1278,1279,OADMET-0004811,4.76,train,4to5,0,0.03881949732390779,0.1787470361030267,0.5397239568706136,0.19600892943183762,0.046700580270614335,4to5
1279,1280,OADMET-0004810,4.49,train,4to5,2,0.032407995856687355,0.15583214425014202,0.5885390141920207,0.20047496595284844,0.022745879748301428,4to5
1280,1281,OADMET-0004809,4.53,train,4to5,4,0.013985335429570407,0.08881745081536051,0.6036783091265807,0.26813877652742885,0.02538012810105947,4to5
1281,1282,OADMET-0004808,4.51,train,4to5,4,0.00171116865277472,0.009632130024524527,0.28981828301573376,0.5275330472893197,0.17130537101764726,5to6
1282,1283,OADMET-0004807,4.59,train,4to5,4,0.0014759487070450331,0.010881531931917559,0.3639083175928269,0.5268837333584929,0.0968504684097176,5to6
1283,1284,OADMET-0004806,4.11,train,4to5,0,0.2317527113685833,0.5586732334590507,0.17094489040513164,0.021597099295409806,0.017032065471824568,3to4
1284,1285,OADMET-0004805,5.0,train,4to5,0,0.027951459458242598,0.1473870776600288,0.556151588571966,0.23001463035173336,0.03849524395802922,4to5
1285,1286,OADMET-0004804,4.67,train,4to5,2,0.03979827048498551,0.17531658370470873,0.5456885126259984,0.19263115006062315,0.0465654831236842,4to5
1286,1287,OADMET-0004803,5.2,train,5to6,4,0.003159806740703645,0.01337788966375184,0.19151326388902337,0.4757787502140453,0.31617028949247583,5to6
1287,1288,OADMET-0004802,4.67,train,4to5,0,0.04881788290394403,0.2204493077727215,0.49183722047932243,0.20138889026000265,0.037506698584009374,4to5
1288,1289,OADMET-0004801,4.99,train,4to5,2,0.0006654866974537078,0.004191094226935382,0.20786351703554073,0.5290652701357504,0.2582146319043197,5to6
1289,1290,OADMET-0004800,4.44,train,4to5,2,0.005190115663694016,0.026441308969692746,0.3663532904513781,0.4661204137895449,0.13589487112569024,5to6
1290,1291,OADMET-0004799,5.38,train,5to6,2,0.003463435840678904,0.020470190335731425,0.5232580187188531,0.41645785235335264,0.03635050275138387,4to5
1291,1292,OADMET-0004798,4.63,train,4to5,3,0.0066327247150919895,0.03943884335980896,0.40254467350854845,0.4532680469260733,0.09811571149047733,5to6
1292,1293,OADMET-0004797,5.19,train,5to6,1,0.0001280350687361223,0.0022747816795919613,0.05812141623821163,0.45478558165103566,0.4846901853624246,gte6
1293,1294,OADMET-0004796,4.72,train,4to5,3,0.5041131499079725,0.4467575129843235,0.028091333026788536,0.0032238780282329016,0.01781412605268254,lt3
1294,1295,OADMET-0004795,4.66,train,4to5,2,0.011090429697725447,0.05474742512491794,0.5159237043647253,0.3552733424823663,0.06296509833026492,4to5
1295,1296,OADMET-0004794,4.58,train,4to5,2,0.0036477484769915454,0.02033510355419673,0.4340738491420891,0.4723377050723949,0.06960559375432772,5to6
1296,1297,OADMET-0004793,4.66,train,4to5,0,0.004895632995373886,0.03801840100403128,0.5906057247779197,0.3364561137472072,0.03002412747546793,4to5
1297,1298,OADMET-0004792,4.04,train,4to5,1,0.038169044859077614,0.18858101893744983,0.5756483056558359,0.1591828161508485,0.038418814396788126,4to5
1298,1299,OADMET-0004791,4.79,train,4to5,0,0.0009437306144255274,0.009290149149340059,0.2791660640110001,0.5714276853084305,0.13917237091680382,5to6
1299,1300,OADMET-0004790,5.31,train,5to6,2,0.005351274956424024,0.027313545937019124,0.3729072635570884,0.4574596966868408,0.1369682188626277,5to6
1300,1301,OADMET-0004789,5.06,train,5to6,2,0.004752500038960712,0.01956182363492559,0.18093839219137908,0.4505399673479172,0.3442073167868175,5to6
1301,1302,OADMET-0004788,5.12,train,5to6,1,0.0021359349096875388,0.014233631366966731,0.2641800522070587,0.48987711232015,0.22957326919613696,5to6
1302,1303,OADMET-0004787,4.75,train,4to5,3,0.01637034252603385,0.10581924431225816,0.5835197979214851,0.2571748413667599,0.03711577387346298,4to5
1303,1304,OADMET-0004786,5.01,train,5to6,4,0.000512437738184247,0.0033140116129706703,0.187107003298419,0.5623057084636017,0.24676083888682435,5to6
1304,1305,OADMET-0004785,4.37,train,4to5,4,0.01395622391346204,0.057311152404319964,0.49506721960990324,0.35963142688527966,0.07403397718703511,4to5
1305,1306,OADMET-0004784,4.73,train,4to5,1,0.056033115312148676,0.3028550417827904,0.5237935136650361,0.09523375988720209,0.022084569352822665,4to5
1306,1307,OADMET-0004783,4.91,train,4to5,4,0.00032706903441724985,0.0030125534086814973,0.20618308073080283,0.571242125730626,0.21923517109547241,5to6
1307,1308,OADMET-0004782,4.22,train,4to5,4,0.01280099908114224,0.057030436076450614,0.5285095611848649,0.3514782812556496,0.05018072240189256,4to5
1308,1309,OADMET-0004781,4.7,train,4to5,0,0.002915140419237694,0.02246627169200964,0.36672066950603055,0.49311902189100143,0.11477889649172067,5to6
1309,1310,OADMET-0004780,5.58,train,5to6,0,0.02228434681684106,0.15111502498375168,0.6234993725586893,0.17585944539779794,0.027241810242920026,4to5
1310,1311,OADMET-0004779,4.93,train,4to5,0,0.006251053910901821,0.02891608741451929,0.1561777416588917,0.4062457404357987,0.40240937657988846,5to6
1311,1312,OADMET-0004778,4.74,train,4to5,0,0.002262367797402537,0.016734228886450125,0.35851355285295544,0.505325361456967,0.11716448900622489,5to6
1312,1313,OADMET-0004777,4.93,train,4to5,1,0.0005820401600943242,0.0059890629518524205,0.17733379861975448,0.48625161321146726,0.3298434850568315,5to6
1313,1314,OADMET-0004776,4.98,train,4to5,0,0.005666863993737712,0.030982575704684396,0.25441187122589976,0.459854355401414,0.24908433367426414,5to6
1314,1315,OADMET-0004775,5.16,train,5to6,4,0.12806475793881103,0.27689699462001804,0.3492626313614571,0.1287304374681865,0.11704517861152733,4to5
1315,1316,OADMET-0004774,4.72,train,4to5,3,0.0017122131174738752,0.012124236414821904,0.20822812173215832,0.5068830143707348,0.27105241436481103,5to6
1316,1317,OADMET-0004773,4.76,train,4to5,2,0.10059864223895434,0.24436770743679564,0.41337350626846414,0.14522426046765238,0.09643588358813351,4to5
1317,1318,OADMET-0004772,4.68,train,4to5,4,0.011186926594413091,0.06581546347826124,0.5871654136464967,0.3040811112967848,0.03175108498404431,4to5
1318,1319,OADMET-0004771,4.63,train,4to5,0,0.008409220286722913,0.0556235582428805,0.49745637564216083,0.3836213150221914,0.054889530806044376,4to5
1319,1320,OADMET-0004770,4.15,train,4to5,2,0.019061911780156524,0.059234544414153156,0.2952733326879392,0.36001908645026726,0.26641112466748385,5to6
1320,1321,OADMET-0004769,4.76,train,4to5,0,0.03208967024363495,0.23716495169926752,0.5948394719787897,0.12132573500624788,0.014580171072059911,4to5
1321,1322,OADMET-0004768,4.58,train,4to5,4,0.009267580721343628,0.04450921726741609,0.48413491384350205,0.37655177817647845,0.08553650999125981,4to5
1322,1323,OADMET-0004767,5.32,train,5to6,1,0.032948761196471416,0.09926478268907121,0.3330555458946363,0.33283071718124396,0.20190019303857704,4to5
1323,1324,OADMET-0004766,3.97,train,3to4,1,0.022043712190795182,0.12721595025938806,0.5974132947912817,0.2146541601271835,0.03867288263135162,4to5
1324,1325,OADMET-0004765,4.85,train,4to5,3,0.01758933642496668,0.08721181086461816,0.4352783005244872,0.36432355981621484,0.0955969923697132,4to5
1325,1326,OADMET-0004764,4.95,train,4to5,0,0.008022050261189458,0.07377916471409847,0.6641341951098173,0.23741149570683723,0.016653094208057585,4to5
1326,1327,OADMET-0004763,4.91,train,4to5,3,0.014141105875527136,0.0831713219348088,0.5903260040336865,0.27615469359791744,0.036206874558060084,4to5
1327,1328,OADMET-0004762,4.8,train,4to5,3,0.0015606894252304744,0.012716524379940152,0.2855995910767441,0.5541170272992557,0.1460061678188295,5to6
1328,1329,OADMET-0004761,4.61,train,4to5,1,0.0016520250519297703,0.012775694146511843,0.365589920323708,0.4969538499416175,0.1230285105362329,5to6
1329,1330,OADMET-0004760,5.27,train,5to6,0,0.011369350143935203,0.08647500554474526,0.6258886334079679,0.25214185817634777,0.024125152727003947,4to5
1330,1331,OADMET-0004759,4.96,train,4to5,1,0.0013883167053332659,0.011389335323074781,0.32268484592949553,0.5145186052863567,0.15001889675573968,5to6
1331,1332,OADMET-0004758,4.96,train,4to5,2,0.009785965387493734,0.04848009036376492,0.5156041648456013,0.3807367735813955,0.04539300582174454,4to5
1332,1333,OADMET-0004757,4.55,train,4to5,4,0.00030298622205408095,0.002368439998121085,0.18052609573867337,0.5641225803367689,0.2526798977043826,5to6
1333,1334,OADMET-0004756,4.5,train,4to5,4,0.002545998367721256,0.017089144828350368,0.4054798679911006,0.4903939243027606,0.08449106451006723,5to6
1334,1335,OADMET-0004755,5.18,train,5to6,4,0.00045918165189067026,0.00219568299472538,0.06410973284364317,0.3734959525213953,0.5597394499883455,gte6
1335,1336,OADMET-0004754,4.82,train,4to5,2,0.023831542670099223,0.09207363460985435,0.4922187644698425,0.3029029678661487,0.08897309038405526,4to5
1336,1337,OADMET-0004753,5.06,train,5to6,3,0.016064982921127166,0.07623842386990198,0.39398026613138715,0.3658218993463438,0.1478944277312399,4to5
1337,1338,OADMET-0004752,4.45,train,4to5,1,0.05821768154898305,0.20672532942972607,0.5196967949187788,0.1550041178424722,0.060356076260039776,4to5
1338,1339,OADMET-0004751,4.99,train,4to5,4,0.04783796891570091,0.18193009495735168,0.5456997156143188,0.18315404653549194,0.04137817397713661,4to5
1339,1340,OADMET-0004750,3.92,train,3to4,0,0.06949245903830059,0.33441555375451015,0.4707086664784377,0.10210826209892235,0.023275058629829218,4to5
1340,1341,OADMET-0004749,4.26,train,4to5,0,0.021514372860054722,0.11074218878384272,0.5392308821170947,0.27701637097258797,0.0514961852664199,4to5
1341,1342,OADMET-0004748,5.11,train,5to6,0,0.0015577871845182305,0.011703409331613493,0.2509347613276803,0.5168564538391078,0.2189475883170802,5to6
1342,1343,OADMET-0004747,4.69,train,4to5,4,0.048922432262192714,0.2058253643292771,0.5427313800425211,0.1526657125652263,0.04985511080078285,4to5
1343,1344,OADMET-0004746,5.04,train,5to6,1,0.04757484598709902,0.2013389087664783,0.5529094111844766,0.15197584900358937,0.04620098505835669,4to5
1344,1345,OADMET-0004745,4.35,train,4to5,2,0.009101818890984735,0.064995561978022,0.6518834574342657,0.25785361711880944,0.016165544577918134,4to5
1345,1346,OADMET-0004744,4.4,train,4to5,3,0.018377854187781456,0.0909235341972723,0.5138368858059349,0.3054026458514943,0.07145907995751709,4to5
1346,1347,OADMET-0004743,4.97,train,4to5,2,0.008448107761080717,0.05001215063918151,0.5439541122037668,0.35839654560102946,0.039189083794941564,4to5
1347,1348,OADMET-0004742,4.98,train,4to5,1,0.0775259673134604,0.27680081644655796,0.4906419606998928,0.11633167632541948,0.03869957921466938,4to5
1348,1349,OADMET-0004741,4.94,train,4to5,1,0.01198091672453315,0.05027083064049185,0.43308369208094477,0.3853159062225119,0.11934865433151831,4to5
1349,1350,OADMET-0004740,4.81,train,4to5,1,0.0695443618551289,0.28133792418750175,0.5089979304484483,0.11504786016544336,0.025071923343477635,4to5
1350,1351,OADMET-0004739,4.77,train,4to5,0,0.02057733736287053,0.08892936160121827,0.4643512018283695,0.3259675764370608,0.10017452277048093,4to5
1351,1352,OADMET-0004738,4.31,train,4to5,3,0.03226955715725576,0.18292552846047935,0.6002071701059659,0.16384652806303932,0.020751216213259645,4to5
1352,1353,OADMET-0004737,4.78,train,4to5,1,0.05854594027861141,0.23576909567157658,0.5181399641723182,0.13510097714253863,0.05244402273495521,4to5
1353,1354,OADMET-0004736,4.33,train,4to5,1,0.04049977630004453,0.12428372260716763,0.48621093864581777,0.21731088893628947,0.13169467351068054,4to5
1354,1355,OADMET-0004735,4.25,train,4to5,1,0.02746965210123069,0.0833362666888386,0.42289376875979257,0.3056918211826037,0.16060849126753446,4to5
1355,1356,OADMET-0004734,4.61,train,4to5,2,0.0013805109847014531,0.00978157115636518,0.28287777452840235,0.5581777721082326,0.14778237122229845,5to6
1356,1357,OADMET-0004733,4.23,train,4to5,3,0.019914909900502712,0.12002863556103952,0.5719166312826182,0.24391698473815643,0.04422283851768317,4to5
1357,1358,OADMET-0004732,4.95,train,4to5,2,0.028936808036384255,0.10262479977169334,0.5437697950524396,0.27788982727009226,0.04677876986939061,4to5
1358,1359,OADMET-0004731,5.25,train,5to6,0,0.018980389284152636,0.11314695223097734,0.5664514250452497,0.2652316366766427,0.03618959676297757,4to5
1359,1360,OADMET-0004730,5.33,train,5to6,0,0.014217489880142122,0.05632684201457293,0.22451951388859798,0.42244373414377967,0.2824924200729073,5to6
1360,1361,OADMET-0004729,3.95,train,3to4,1,0.04624914492019574,0.1404764424743256,0.5212730474058699,0.22169061256438796,0.07031075263522085,4to5
1361,1362,OADMET-0004728,4.34,train,4to5,0,0.056972231503679485,0.2002396874120843,0.458113489828581,0.16028304338349758,0.12439154787215759,4to5
1362,1363,OADMET-0004727,5.01,train,5to6,0,0.004954274704931686,0.031473527579848934,0.48912913840678085,0.4157264590772777,0.0587166002311609,4to5
1363,1364,OADMET-0004726,4.89,train,4to5,0,0.005805302690451087,0.02605887977496595,0.17001999368361218,0.4001314809503629,0.3979843429006079,5to6
1364,1365,OADMET-0004725,4.38,train,4to5,3,0.12309015083722208,0.388226137003819,0.3728010217547036,0.07211443513205516,0.043768255272200136,3to4
1365,1366,OADMET-0004724,4.43,train,4to5,2,0.004863801588945334,0.02394875039719163,0.40184579759089845,0.48494802686662697,0.08439362355633762,5to6
1366,1367,OADMET-0004723,4.31,train,4to5,0,0.024880469697361587,0.12892813981781776,0.5320480447505065,0.2664675702881266,0.04767577544618756,4to5
1367,1368,OADMET-0004722,4.49,train,4to5,4,0.006648809981579506,0.026587429855363685,0.3233136469952358,0.446063092359941,0.19738702080788004,5to6
1368,1369,OADMET-0004721,5.41,train,5to6,0,0.003947989860721329,0.0265667428115353,0.36063732286284905,0.4919887588699089,0.11685918559498545,5to6
1369,1370,OADMET-0004720,4.59,train,4to5,0,0.1293942106549187,0.44106336912494354,0.35077004604619255,0.055612447985212206,0.02315992618873303,3to4
1370,1371,OADMET-0004719,4.64,train,4to5,4,0.0019272085124662937,0.012437044873422743,0.3808706188177015,0.5196665232630217,0.08509860453338774,5to6
1371,1372,OADMET-0004718,4.38,train,4to5,1,0.0002534905036014147,0.004086011734494,0.12732184492426063,0.566772068596301,0.30156658424134297,5to6
1372,1373,OADMET-0004717,4.68,train,4to5,1,0.10129182229362098,0.41187620930143093,0.3990239277300225,0.06262336042939426,0.025184680245531357,3to4
1373,1374,OADMET-0004716,4.29,train,4to5,3,0.07677648059177904,0.30662795273045546,0.48324962460297,0.10402080203550156,0.029325140039293953,4to5
1374,1375,OADMET-0004715,5.04,train,5to6,2,0.01828137988486681,0.078498900667754,0.5180482316580436,0.32801944322902193,0.05715204456031364,4to5
1375,1376,OADMET-0004714,4.41,train,4to5,1,0.020621573590899955,0.07146105928618658,0.45725330795581137,0.31197056232387305,0.13869349684322904,4to5
1376,1377,OADMET-0004713,3.82,train,3to4,2,0.046084871198102235,0.17697352764294202,0.5206154163388116,0.17879699770053095,0.07752918711961315,4to5
1377,1378,OADMET-0004712,4.39,train,4to5,1,0.0042492624928935786,0.028526824953607074,0.39520903207184926,0.44495599094447896,0.12705888953717112,5to6
1378,1379,OADMET-0004711,4.9,train,4to5,4,0.0008705766238043151,0.006297257057579629,0.26025309308886146,0.546707671909651,0.18587140132010355,5to6
1379,1380,OADMET-0004710,4.56,train,4to5,3,0.03923890973561464,0.13892034524204405,0.4596780812548447,0.2881186776231931,0.07404398614430345,4to5
1380,1381,OADMET-0004709,4.48,train,4to5,3,0.06438141148287847,0.2799149678669692,0.49459742209992574,0.12316906876048639,0.03793712978974019,4to5
1381,1382,OADMET-0004708,4.97,train,4to5,1,0.0005251490004799128,0.006960023454984252,0.16521543161962446,0.5139432054077072,0.31335619051720415,5to6
1382,1383,OADMET-0004707,4.93,train,4to5,4,0.004270749701874442,0.013231750793341211,0.13663590177067395,0.34473214115278095,0.5011294565813295,gte6
1383,1384,OADMET-0004706,4.44,train,4to5,1,0.02965603027744405,0.14445901519218926,0.5706157333584144,0.19407812058072912,0.06119110059122309,4to5
1384,1385,OADMET-0004705,4.66,train,4to5,1,0.09735120542790873,0.24093144414033163,0.45172400916445227,0.14369450081305205,0.06629884045425533,4to5
1385,1386,OADMET-0004704,4.75,train,4to5,0,0.00319483097845172,0.02078571291499044,0.3661858920391893,0.48171909129431534,0.12811447277305327,5to6
1386,1387,OADMET-0004703,4.79,train,4to5,0,0.009295495820674732,0.07201214618191709,0.6320436367302185,0.26483952037175995,0.02180920089542974,4to5
1387,1388,OADMET-0004702,4.85,train,4to5,3,0.03424666436669728,0.1969867043309409,0.5937729455762619,0.14687006120804674,0.028123624518053142,4to5
1388,1389,OADMET-0004701,4.89,train,4to5,2,0.0017587950138138221,0.011298232992106893,0.45081380392042536,0.49400901927909996,0.04212014879455398,5to6
1389,1390,OADMET-0004700,5.36,train,5to6,4,0.0023056573254592815,0.016642357832445834,0.446251741368581,0.4523151429504722,0.08248510052304171,5to6
1390,1391,OADMET-0004699,5.04,train,5to6,3,0.0059049900998969255,0.043623777872098604,0.5266228185791372,0.37344413056691034,0.050404282881956884,4to5
1391,1392,OADMET-0004698,4.23,train,4to5,1,0.1070683480137891,0.3560167703174633,0.4172514506065624,0.08051302699132526,0.03915040407085998,4to5
1392,1393,OADMET-0004697,5.03,train,5to6,3,0.006588980821760486,0.03931379199242383,0.336649318280534,0.4625298240853294,0.15491808481995226,5to6
1393,1394,OADMET-0004696,4.21,train,4to5,0,0.05509710923533436,0.29827620856912673,0.5319391956269564,0.09670840714646635,0.01797907942211622,4to5
1394,1395,OADMET-0004695,5.2,train,5to6,0,0.015035490680563732,0.09750100479921861,0.613731651435132,0.2427707490421641,0.030961104042921572,4to5
1395,1396,OADMET-0004694,4.76,train,4to5,0,0.0343527077120954,0.1846433680783824,0.5606836530387939,0.18793327616329145,0.03238699500743685,4to5
1396,1397,OADMET-0004693,4.66,train,4to5,2,0.0020877398105213912,0.012795552413558037,0.35747006361345895,0.5243293180314798,0.10331732613098188,5to6
1397,1398,OADMET-0004692,4.35,train,4to5,0,0.1640487884871842,0.5275026481225692,0.2663106282605137,0.029934230745818753,0.012203704383914108,3to4
1398,1399,OADMET-0004691,4.13,train,4to5,2,0.04350547136182141,0.12560875760618134,0.4345924274421946,0.26265692808723795,0.13363641550256466,4to5
1399,1400,OADMET-0004690,4.79,train,4to5,0,0.020617153130600176,0.1025327742077004,0.5495394867510348,0.26469417349076413,0.06261641241990046,4to5
1400,1401,OADMET-0004689,4.22,train,4to5,2,0.02460057976873456,0.09758920004176423,0.5022205810664393,0.28892430791074725,0.08666533121231468,4to5
1401,1402,OADMET-0004688,4.48,train,4to5,2,0.09925679788547159,0.23344537441845703,0.3576156172333984,0.12072767972404003,0.1889545307386329,4to5
1402,1403,OADMET-0004687,4.05,train,4to5,2,0.025233819140724124,0.09646989790834867,0.474225950456189,0.31001805104248037,0.09405228145225787,4to5
1403,1404,OADMET-0004686,4.89,train,4to5,0,0.0010584067149318375,0.009846720403804948,0.21052322840596802,0.5319847133580429,0.24658693111725227,5to6
1404,1405,OADMET-0004685,4.63,train,4to5,3,0.01670112668891975,0.057868935922314506,0.21327586750114536,0.3712351370577625,0.34091893282985786,5to6
1405,1406,OADMET-0004684,5.0,train,4to5,0,0.005861474401986685,0.02798029095209752,0.12078944048072411,0.39305220259071155,0.4523165915744801,gte6
1406,1407,OADMET-0004683,5.31,train,5to6,2,0.0503439989017844,0.11943398682998091,0.4192503486406136,0.2713827551465352,0.13958891048108588,4to5
1407,1408,OADMET-0004682,4.88,train,4to5,4,0.0007108412220511302,0.005067767660633245,0.23331176137010912,0.5487146469868331,0.21219498276037338,5to6
1408,1409,OADMET-0004681,4.84,train,4to5,1,0.0058531531714377,0.03784399396801939,0.48615979084302197,0.38554274192056204,0.08460032009695888,4to5
1409,1410,OADMET-0004680,5.15,train,5to6,2,0.010462532268163268,0.053277651267845144,0.5566582918225614,0.33195690742695494,0.047644617214475195,4to5
1410,1411,OADMET-0004679,5.23,train,5to6,3,0.006379272860056976,0.03708622646055624,0.3559447268688462,0.4556519738098827,0.1449378000006579,5to6
1411,1412,OADMET-0004678,5.08,train,5to6,3,0.12689182185920295,0.49316737147638084,0.3246591097203253,0.03829656548480795,0.016985131459282956,3to4
1412,1413,OADMET-0004677,3.93,train,3to4,4,0.08848296369561445,0.184899037626357,0.3066119046989651,0.15463217063642057,0.26537392334264287,4to5
1413,1414,OADMET-0004673,4.78,train,4to5,2,0.6032478195753419,0.37381303201600374,0.007389226441186543,0.0014926936666810255,0.014057228300786727,lt3
1414,1415,OADMET-0004662,4.63,train,4to5,1,0.001202664350373026,0.011017797627668618,0.24692406013250784,0.5153359227522231,0.22551955513722738,5to6
1415,1416,OADMET-0004653,4.72,train,4to5,4,0.017716201385256303,0.060603523005989854,0.41302958977096804,0.3820487637120046,0.12660192212578122,4to5
1416,1417,OADMET-0004642,4.65,train,4to5,2,0.0442963050490727,0.18552493807175277,0.5663342998095973,0.1777049428896334,0.026139514179943875,4to5
1417,1418,OADMET-0004629,4.41,train,4to5,3,0.011778064423145784,0.06803862208243078,0.4756571792261952,0.3524423942697762,0.09208373999845207,4to5
1418,1419,OADMET-0004628,4.15,train,4to5,1,0.1883498175991801,0.5174237796613698,0.2463836234221073,0.0345599855542191,0.013282793763123801,3to4
1419,1420,OADMET-0004625,4.72,train,4to5,2,0.0131038100047578,0.06686039200475039,0.5775653064686634,0.3131261435855296,0.029344347936298858,4to5
1420,1421,OADMET-0004617,4.99,train,4to5,3,0.09311346753087578,0.41698184803585453,0.4175578971279687,0.05754477557514224,0.014802011730158757,4to5
1421,1422,OADMET-0004611,4.66,train,4to5,3,0.06738224474976409,0.2942711943178357,0.5105088239049429,0.09890413808291842,0.028933598944538855,4to5
1422,1423,OADMET-0004605,4.95,train,4to5,1,0.08192886729909427,0.3433870196066116,0.4651878531551736,0.08114019358172003,0.028356066357400532,4to5
1423,1424,OADMET-0004590,5.48,train,5to6,3,0.006507072355334745,0.03491614256366556,0.40391539022641665,0.4297255415571652,0.12493585329741785,5to6
1424,1425,OADMET-0004588,4.85,train,4to5,3,0.0693474362000847,0.3373597681705572,0.48610563806445733,0.08720427315101249,0.019982884413888312,4to5
1425,1426,OADMET-0004581,4.76,train,4to5,1,0.16772979779088532,0.4396298005369831,0.3086319319488246,0.05640167837518287,0.02760679134812415,3to4
1426,1427,OADMET-0004579,4.65,train,4to5,1,0.2611951168709686,0.5348810424032555,0.16498834985336558,0.024094774735659227,0.01484071613675112,3to4
1427,1428,OADMET-0004577,4.8,train,4to5,2,0.1199007520109191,0.2326306482365534,0.3342952926666947,0.11874597165745582,0.19442733542837692,4to5
1428,1429,OADMET-0004575,4.36,train,4to5,0,0.0021383325965598104,0.011581879498446877,0.060331986256239645,0.321861669259566,0.6040861323891876,gte6
1429,1430,OADMET-0004570,5.04,train,5to6,2,0.015607155743187995,0.07232805287593563,0.5152635535950694,0.3342691038975931,0.06253213388821383,4to5
1430,1431,OADMET-0004567,4.92,train,4to5,0,0.008948169781985428,0.045482822440308664,0.4381221896130173,0.4025307357688358,0.10491608239585284,4to5
1431,1432,OADMET-0004566,4.71,train,4to5,2,0.023224910418364456,0.12780402434127747,0.6020181100552403,0.23045228121212502,0.016500673972992753,4to5
1432,1433,OADMET-0004560,5.02,train,5to6,0,0.0005645529799759903,0.005057335023204759,0.2686616000455431,0.5753028003337586,0.1504137116175176,5to6
1433,1434,OADMET-0004551,4.43,train,4to5,4,0.17288140897023002,0.35039347257672493,0.3136124628532711,0.07797491598353541,0.08513773961623851,3to4
1434,1435,OADMET-0004547,4.12,train,4to5,4,0.1016970430262562,0.35180616934443215,0.4446847132345021,0.08387257325782402,0.01793950113698553,4to5
1435,1436,OADMET-0004514,5.26,train,5to6,2,0.0010151393191502993,0.008308328093413517,0.16027343922471124,0.5427862029626964,0.2876168904000285,5to6
1436,1437,OADMET-0004510,4.78,train,4to5,2,0.02981692379975553,0.11558598309959357,0.5561833754602848,0.25543643756902173,0.04297728007134438,4to5
1437,1438,OADMET-0004498,5.18,train,5to6,4,0.00018711967561071946,0.0016522049223072466,0.14353099683007603,0.5781275121612833,0.27650216641072267,5to6
1438,1439,OADMET-0004490,5.01,train,5to6,0,0.010719961456805576,0.05503280072929487,0.41807314636724124,0.40705978756660655,0.10911430388005179,4to5
1439,1440,OADMET-0004489,5.41,train,5to6,3,0.0013556154603689154,0.00533960580344674,0.03622123702977225,0.25714249492159935,0.6999410467848127,gte6
1440,1441,OADMET-0004478,5.41,train,5to6,0,0.026075561345111745,0.11975151532462826,0.3970674106244921,0.35330702340963943,0.1037984892961285,4to5
1441,1442,OADMET-0004472,4.86,train,4to5,0,0.0034540789748722153,0.02470858247954948,0.47098887712397697,0.4384767482561103,0.062371713165491005,4to5
1442,1443,OADMET-0004458,5.18,train,5to6,4,0.0049976298935938916,0.03329777182253728,0.532220158780405,0.3893938470229721,0.04009059248049175,4to5
1443,1444,OADMET-0004452,4.89,train,4to5,4,0.009507893522684226,0.043741978419764106,0.465942469181868,0.39012282832445594,0.09068483055122772,4to5
1444,1445,OADMET-0004444,4.36,train,4to5,3,0.19345052017824252,0.529954359523322,0.23738610103335517,0.025143944910565017,0.014065074354515265,3to4
1445,1446,OADMET-0004442,4.7,train,4to5,1,0.062194257047857984,0.1466176189986226,0.4018388032639205,0.2401723378871033,0.1491769828024956,4to5
1446,1447,OADMET-0004440,4.97,train,4to5,0,0.0023011559555272086,0.014789460517736231,0.08772472657337804,0.39942191301554536,0.4957627439378131,gte6
1447,1448,OADMET-0004439,4.2,train,4to5,4,0.06788358092308044,0.14017616212368011,0.3069278597831726,0.1878349930047989,0.29717740416526794,4to5
1448,1449,OADMET-0004428,4.61,train,4to5,1,0.005884098187587229,0.03469793027426407,0.43596469117615083,0.37539087659733206,0.14806240376466576,4to5
1449,1450,OADMET-0004419,4.55,train,4to5,0,0.003232763076335782,0.02575675712111156,0.2938040938648097,0.5240890047585028,0.15311738117924012,5to6
1450,1451,OADMET-0004418,5.2,train,5to6,2,0.007027970866798428,0.03389347980793095,0.31284977980580425,0.49504636127585594,0.15118240824361046,5to6
1451,1452,OADMET-0004415,4.17,train,4to5,4,0.03926006288163294,0.15868574203529498,0.5237581075307939,0.21158967675727222,0.06670641079500604,4to5
1452,1453,OADMET-0004413,4.66,train,4to5,2,0.004944558020520528,0.02428603802007815,0.3863994593672711,0.45445538388823664,0.12991456070389357,5to6
1453,1454,OADMET-0004402,4.66,train,4to5,4,0.005377158612747542,0.030891610827342604,0.4789908012578584,0.4023723967771075,0.0823680325249439,4to5
1454,1455,OADMET-0004396,4.57,train,4to5,4,0.041605633449648884,0.18830138760565313,0.570322403931807,0.17715268134022902,0.022617893672661937,4to5
1455,1456,OADMET-0004394,4.1,train,4to5,1,0.18669954667353997,0.43988905534602846,0.2825504127589817,0.05620341890216765,0.03465756631928224,3to4
1456,1457,OADMET-0004388,4.24,train,4to5,4,0.226161686881172,0.5641040163926481,0.18429507177848314,0.016183758033933057,0.00925546691376368,3to4
1457,1458,OADMET-0004379,4.78,train,4to5,0,0.011882234576768012,0.05144447894404537,0.3517758633332037,0.3612629850561786,0.2236344380898043,5to6
1458,1459,OADMET-0004372,4.82,train,4to5,4,0.001947377505051239,0.013637970407119348,0.3990515505104454,0.49903963195536943,0.08632346962201458,5to6
1459,1460,OADMET-0004349,4.1,train,4to5,2,0.12734642150452652,0.2989321537713649,0.36725433292782556,0.11501493621561915,0.09145215558066384,4to5
1460,1461,OADMET-0004348,4.55,train,4to5,0,0.027583409755652915,0.13843202364289978,0.5673003118442657,0.20787157525440153,0.05881267950278017,4to5
1461,1462,OADMET-0004345,4.53,train,4to5,4,0.014695878839912172,0.06021876901518985,0.5071193770457553,0.34136212150027945,0.0766038535988633,4to5
1462,1463,OADMET-0004332,5.42,train,5to6,0,0.22383378863025064,0.342017835788761,0.16226715151718168,0.04312587982278093,0.22875534424102575,3to4
1463,1464,OADMET-0004327,4.89,train,4to5,2,0.06232427619921338,0.17630372416067946,0.4550774855888639,0.19233692609259706,0.11395758795864618,4to5
1464,1465,OADMET-0004321,5.11,train,5to6,1,0.003955311616778634,0.0274623763455599,0.4785851549324234,0.4143261621108422,0.07567099499439586,4to5
1465,1466,OADMET-0004315,4.04,train,4to5,4,0.0028458999487922286,0.018605295884932066,0.4317158832017471,0.4681560774742145,0.0786768434903141,5to6
1466,1467,OADMET-0004313,4.81,train,4to5,4,0.002128581717061388,0.012753856175346148,0.3950490891751389,0.5063404364250301,0.08372803650742341,5to6
1467,1468,OADMET-0004305,5.19,train,5to6,4,0.05775049966293388,0.2547285211323105,0.5372385282583809,0.12798504292992796,0.022297408016446828,4to5
1468,1469,OADMET-0004301,4.27,train,4to5,4,0.016369276971081613,0.0766618147308042,0.5596498032051216,0.2950486723407691,0.052270432752223525,4to5
1469,1470,OADMET-0004297,5.04,train,5to6,1,0.013153941652309762,0.06647385799223439,0.5247590058198731,0.30767578545635854,0.08793740907922425,4to5
1470,1471,OADMET-0004296,4.71,train,4to5,4,0.21437794209694053,0.4824311787161735,0.24633558369802963,0.03146027063720231,0.025395024851654003,3to4
1471,1472,OADMET-0004294,5.48,train,5to6,4,0.003085901049525763,0.015926022186393062,0.3433122061222656,0.5074118408857685,0.13026402975604703,5to6
1472,1473,OADMET-0004285,4.66,train,4to5,1,0.007577803769024201,0.043400987133923236,0.3977855664179689,0.43113084784359873,0.12010479483548488,5to6
1473,1474,OADMET-0004281,4.85,train,4to5,4,0.08938313929064709,0.3836947342188637,0.44508924624325547,0.07153657750515048,0.01029630274208325,4to5
1474,1475,OADMET-0004280,5.0,train,4to5,4,0.14663730343226636,0.44024001896023723,0.34682073672382924,0.04910609797975275,0.017195842903914408,3to4
1475,1476,OADMET-0004279,4.63,train,4to5,3,0.00652937418236314,0.045282607462348315,0.5351049032404859,0.3666274361487522,0.0464556789660505,4to5
1476,1477,OADMET-0004273,4.63,train,4to5,0,0.0036162426631826156,0.02668905239071583,0.3822886885226837,0.48863193472893685,0.09877408169448096,5to6
1477,1478,OADMET-0004272,4.23,train,4to5,0,0.011202328410655759,0.057233238269982147,0.5430764348561561,0.3298626714159087,0.05862532704729735,4to5
1478,1479,OADMET-0004270,5.08,train,5to6,2,0.033599975574017206,0.1493288984697227,0.5703270286608889,0.21588791343862043,0.0308561838567507,4to5
1479,1480,OADMET-0004267,4.3,train,4to5,0,0.03118804458086176,0.17385516995990585,0.5740622260642714,0.1798734509204572,0.0410211084745038,4to5
1480,1481,OADMET-0004263,4.98,train,4to5,4,0.0787908789785755,0.3264112399575582,0.49216969701268454,0.09074680304348164,0.011881381007700092,4to5
1481,1482,OADMET-0004261,5.0,train,4to5,3,0.008476455845919122,0.041990929094914024,0.315306579685607,0.4662954591769853,0.16793057619657456,5to6
1482,1483,OADMET-0004259,4.21,train,4to5,0,0.0018561340683718945,0.014185651420165632,0.30040029145917363,0.5331518134695635,0.15040610958272524,5to6
1483,1484,OADMET-0004256,5.3,train,5to6,0,0.022686143491933364,0.13701785590433121,0.6216000086963174,0.19199804246432922,0.026697949443088866,4to5
1484,1485,OADMET-0004247,4.41,train,4to5,2,0.01929297939639264,0.08326883225735862,0.5430195564207617,0.309376819274699,0.045041812650788,4to5
1485,1486,OADMET-0004239,4.91,train,4to5,3,0.0012418362340932624,0.010187232890602279,0.31309375239790826,0.5453479302705916,0.13012924820680463,5to6
1486,1487,OADMET-0004238,4.6,train,4to5,0,0.017470024005471943,0.08006849646364163,0.46961899192276624,0.33616368960846393,0.09667879799965626,4to5
1487,1488,OADMET-0004237,4.4,train,4to5,4,0.001077907627091614,0.007013138393424179,0.23819732699291407,0.5202094919796234,0.2335021350069467,5to6
1488,1489,OADMET-0004225,3.99,train,3to4,3,0.06092315246623394,0.3019836882387955,0.496170944484317,0.11650619807754342,0.02441601673311017,4to5
1489,1490,OADMET-0004220,4.36,train,4to5,4,0.10582789837845358,0.35462093551431373,0.4338101768892827,0.08057352945529034,0.02516745976265963,4to5
1490,1491,OADMET-0004216,4.24,train,4to5,3,0.05255938939140725,0.2893750299478408,0.542175101026378,0.09849518299021315,0.017395296644160792,4to5
1491,1492,OADMET-0004214,5.24,train,5to6,3,0.008862131035885028,0.05072773483478994,0.4998465045396717,0.37172090003275676,0.06884272955689658,4to5
1492,1493,OADMET-0004210,5.06,train,5to6,4,0.04276913952253958,0.20874195656240555,0.5474353060937984,0.15864048058183972,0.04241311723941672,4to5
1493,1494,OADMET-0004207,4.22,train,4to5,4,0.016603559874130782,0.08549743464207034,0.5901161652101637,0.2755243582846358,0.03225848198899932,4to5
1494,1495,OADMET-0004205,1.72,train,lt3,0,0.045475841923828184,0.17591445672257117,0.4951258151270692,0.20422796023571374,0.07925592599081772,4to5
1495,1496,OADMET-0004203,5.07,train,5to6,3,0.005554442081849905,0.034757147147280135,0.34617836941656366,0.4952173341960547,0.11829270715825167,5to6
1496,1497,OADMET-0004193,4.62,train,4to5,1,0.002993611823129914,0.018970209924090046,0.3906775377649397,0.4642877534414181,0.12307088704642226,5to6
1497,1498,OADMET-0004187,4.73,train,4to5,3,0.027216668259538657,0.171870985825215,0.5735351250998075,0.1903048689933724,0.03707235182206643,4to5
1498,1499,OADMET-0004182,4.9,train,4to5,2,0.11942730187943057,0.25210455247837715,0.38124305293890126,0.13176335492553826,0.1154617377777527,4to5
1499,1500,OADMET-0004180,4.85,train,4to5,0,0.019348798211577544,0.09354469127834947,0.5177937121067547,0.2909853442144468,0.07832745418887145,4to5
1500,1501,OADMET-0004176,5.07,train,5to6,3,0.0925712731012282,0.33497768515729276,0.45438185164935196,0.08463779805363045,0.03343139203849661,4to5
1501,1502,OADMET-0004172,4.71,train,4to5,3,0.03978815346719496,0.16931298564351707,0.5056102332354736,0.20821213954924203,0.07707648810457239,4to5
1502,1503,OADMET-0004170,5.47,train,5to6,2,0.0023306812873978046,0.014918133477511504,0.44120439476143203,0.4796019151843906,0.06194487528926809,5to6
1503,1504,OADMET-0004168,4.79,train,4to5,4,0.054674890155072764,0.19893402091459053,0.5082230246074817,0.17607511955023916,0.0620929447726158,4to5
1504,1505,OADMET-0004153,5.36,train,5to6,0,0.00043994778282922906,0.004884427320801124,0.09886935911013417,0.4959875251257362,0.3998187406604993,5to6
1505,1506,OADMET-0004129,4.51,train,4to5,4,0.04659477884693029,0.24555710399817812,0.5640543116163196,0.1305295541055682,0.013264251433003778,4to5
1506,1507,OADMET-0004128,5.13,train,5to6,0,0.0441633058059585,0.15768322524819403,0.4581160000501126,0.21071338889055016,0.12932408000518472,4to5
1507,1508,OADMET-0004116,5.66,train,5to6,0,0.03295021925792425,0.1470174066277952,0.5046539977886378,0.2534232475373633,0.061955128788279426,4to5
1508,1509,OADMET-0004106,4.73,train,4to5,0,0.00395176831354654,0.030771789470494186,0.5655400642414192,0.3672958242583905,0.032440553716149526,4to5
1509,1510,OADMET-0004105,5.18,train,5to6,0,0.005027365215487507,0.03459668401520168,0.44365446086227367,0.4404487145709126,0.07627277533612456,4to5
1510,1511,OADMET-0004101,5.57,train,5to6,1,0.020932359923991565,0.09565155240509268,0.538296063371296,0.280442663994233,0.06467736030538676,4to5
1511,1512,OADMET-0004094,4.41,train,4to5,1,0.06023436434654282,0.2954055081881788,0.507857324584787,0.09752155876726493,0.0389812441132264,4to5
1512,1513,OADMET-0004092,4.9,train,4to5,4,0.07784603759188698,0.2672842263761309,0.48258873564527466,0.13298941256921953,0.039291587817487934,4to5
1513,1514,OADMET-0004090,3.75,train,3to4,4,0.03825295732794727,0.1777309311804426,0.5796645935937209,0.18363089639405752,0.02072062150383168,4to5
1514,1515,OADMET-0004088,3.99,train,3to4,1,0.008970994857141147,0.0396143917614659,0.3894028711423295,0.3757352885550494,0.186276453684014,4to5
1515,1516,OADMET-0004080,4.66,train,4to5,3,0.12930097838823926,0.36154281150251744,0.3785739144309707,0.0812363156353898,0.049345980042882785,4to5
1516,1517,OADMET-0004069,4.26,train,4to5,1,0.08378536004467725,0.21655140171791906,0.466391549515976,0.16004883766028768,0.07322285106113997,4to5
1517,1518,OADMET-0004067,4.82,train,4to5,4,0.04600325667862976,0.19716756339620894,0.5406064471692807,0.1667945111810343,0.049428221574846234,4to5
1518,1519,OADMET-0004065,4.77,train,4to5,1,0.009669293172217404,0.04799116911037642,0.48852798911558143,0.3506932085503451,0.10311834005147962,4to5
1519,1520,OADMET-0004064,4.52,train,4to5,3,0.018388486392259894,0.09336959260374274,0.5294901975193153,0.3073415005272953,0.05141022295738677,4to5
1520,1521,OADMET-0004060,4.92,train,4to5,2,0.153531363079503,0.4409703768388129,0.32364152027142956,0.053835490761090676,0.028021249049163855,3to4
1521,1522,OADMET-0004056,4.92,train,4to5,4,0.09839739052053378,0.2678911725862499,0.4479872651098261,0.12082567991056561,0.0648984918728246,4to5
1522,1523,OADMET-0004054,4.87,train,4to5,3,0.07441820065643265,0.3414410885154998,0.4702275605829887,0.08581302155157511,0.028100128693503725,4to5
1523,1524,OADMET-0004053,4.86,train,4to5,4,0.005572693436848132,0.022636655805530644,0.3298637853119524,0.4380567451196247,0.20387012032604415,5to6
1524,1525,OADMET-0004051,4.6,train,4to5,0,0.01143002916663972,0.06237341276924052,0.4544568793313765,0.3856766636871297,0.0860630150456135,4to5
1525,1526,OADMET-0004047,5.05,train,5to6,3,0.019280404673643902,0.10917215949670854,0.5862407963704632,0.2505607767659006,0.034745862693283676,4to5
1526,1527,OADMET-0004040,5.28,train,5to6,0,0.16120559637718485,0.40256826739106677,0.3162041436070412,0.06768749931664203,0.05233449330806519,3to4
1527,1528,OADMET-0004029,4.45,train,4to5,2,0.20132965289572202,0.3427601277878814,0.27027599594047685,0.08354616474491988,0.10208805863099985,3to4
1528,1529,OADMET-0004025,4.55,train,4to5,2,0.07897681213325777,0.1779972642512964,0.3755651758604751,0.1923113187342743,0.1751494290206964,4to5
1529,1530,OADMET-0004024,5.08,train,5to6,1,0.006064987882285562,0.030837625476379447,0.30318115518156774,0.4395487371142466,0.2203674943455207,5to6
1530,1531,OADMET-0004021,5.2,train,5to6,4,0.0037629677794044527,0.022550848613935096,0.44580318278251635,0.43351351003590477,0.09436949078823931,4to5
1531,1532,OADMET-0004014,5.13,train,5to6,4,0.0061321530115469435,0.018439822808457382,0.14590292414872694,0.37834994029400715,0.4511751597372616,gte6
1532,1533,OADMET-0004004,5.15,train,5to6,0,0.034746485787535454,0.13808701572340312,0.4843574636038309,0.22897725700273813,0.11383177788249238,4to5
1533,1534,OADMET-0004003,5.12,train,5to6,0,0.01619254749439515,0.05915302606961054,0.27102314618160883,0.3544606460791634,0.2991706341752221,5to6
1534,1535,OADMET-0003997,4.29,train,4to5,0,0.17000232779422864,0.6199794463625318,0.18910926738938633,0.01345921132819066,0.007449747125662607,3to4
1535,1536,OADMET-0003994,4.3,train,4to5,0,0.011054168203449902,0.0605828687534382,0.48419702049065694,0.3613965733462701,0.08276936920618487,4to5
1536,1537,OADMET-0003975,5.04,train,5to6,4,0.01657375596582689,0.08080298144982469,0.5812252477845776,0.2928371587624356,0.028560856037335144,4to5
1537,1538,OADMET-0003971,5.0,train,4to5,1,0.001326286736213341,0.010052508069534475,0.3137693812350312,0.5409903796748228,0.13386144428439825,5to6
1538,1539,OADMET-0003969,5.04,train,5to6,3,0.004330220531434274,0.03039577346304959,0.3843537777579907,0.4773031362028994,0.10361709204462609,5to6
1539,1540,OADMET-0003963,5.17,train,5to6,2,0.09705900328562406,0.3434814189115061,0.41828897283756006,0.0991381846432523,0.04203242032205745,4to5
1540,1541,OADMET-0003961,4.41,train,4to5,4,0.01214280214759588,0.06170343756076501,0.5579185879241443,0.32402445689127424,0.04421071547622056,4to5
1541,1542,OADMET-0003960,4.97,train,4to5,2,0.515188967073498,0.3720329521729485,0.029972095453600432,0.007933823007569838,0.07487216229238321,lt3
1542,1543,OADMET-0003956,3.89,train,3to4,4,0.3403306037496223,0.537163143142173,0.09829158422888261,0.0075508324166135,0.016663836462708605,3to4
1543,1544,OADMET-0003950,5.05,train,5to6,3,0.2873296412888016,0.5296972940704106,0.13180516537460343,0.01706201008463269,0.03410588918155162,3to4
1544,1545,OADMET-0003946,4.66,train,4to5,4,0.25800813566654796,0.5648256773380826,0.15196945286738478,0.013526572907964204,0.011670161220020498,3to4
1545,1546,OADMET-0003942,5.44,train,5to6,0,0.2024915661616408,0.5637729157437144,0.20126320384207516,0.019801903479170234,0.012670410773399452,3to4
1546,1547,OADMET-0003932,4.64,train,4to5,0,0.048963189125061035,0.1889631301164627,0.48216620087623596,0.21378092467784882,0.06612655520439148,4to5
1547,1548,OADMET-0003930,4.9,train,4to5,1,0.13068156455515484,0.3841786534856106,0.38756947245254914,0.07317503082878077,0.024395278677904704,4to5
1548,1549,OADMET-0003921,4.4,train,4to5,3,0.046752934196547434,0.22069584203187856,0.5533646437903527,0.1505475069487981,0.028639073032423214,4to5
1549,1550,OADMET-0003914,5.16,train,5to6,0,0.008008174568384235,0.04712853935685553,0.4924608450663803,0.3810384557357488,0.0713639852726311,4to5
1550,1551,OADMET-0003911,4.4,train,4to5,2,0.07049263816813087,0.3288408127937239,0.4896568817182384,0.0920482401163809,0.01896142720352596,4to5
1551,1552,OADMET-0003900,5.29,train,5to6,1,0.010814549582695489,0.06237059936176128,0.5388063282692003,0.32722378325651225,0.06078473952983069,4to5
1552,1553,OADMET-0003898,4.85,train,4to5,0,0.04444356817334611,0.2329188233692462,0.5501668082618523,0.1376158204442785,0.03485497975127688,4to5
1553,1554,OADMET-0003889,4.89,train,4to5,4,0.02055729385984404,0.11592797297917282,0.6112443861667475,0.22828202162200606,0.023988325372229568,4to5
1554,1555,OADMET-0003884,4.58,train,4to5,4,0.0042052841294922235,0.01844832095116778,0.274712976851315,0.4625216970974584,0.24011172097056657,5to6
1555,1556,OADMET-0003879,4.21,train,4to5,1,0.014488683068669697,0.08367727689102546,0.574547111452979,0.25770986056168577,0.06957706802564015,4to5
1556,1557,OADMET-0003872,4.39,train,4to5,0,0.08752179211021804,0.28330213042573726,0.42615825255333073,0.13195635476675893,0.07106147014395497,4to5
1557,1558,OADMET-0003866,5.07,train,5to6,1,0.013470600587917833,0.053914391417795866,0.49518242876025287,0.3231717477574778,0.11426083147655561,4to5
1558,1559,OADMET-0003864,4.92,train,4to5,4,0.0020305295370818,0.012716856719979353,0.37242117333382696,0.5087762448952818,0.10405519551382998,5to6
1559,1560,OADMET-0003862,4.37,train,4to5,0,0.13598438996088213,0.35693275662561685,0.3443584118458747,0.08583781059207163,0.07688663097555465,3to4
1560,1561,OADMET-0003860,4.97,train,4to5,4,0.01423705962501797,0.0510205862359472,0.37637082653645565,0.38864786373902527,0.16972366386355392,5to6
1561,1562,OADMET-0003858,4.64,train,4to5,2,0.013190294333382724,0.05373507995539639,0.38392078054120954,0.43101467759037615,0.11813916757963518,5to6
1562,1563,OADMET-0003857,5.11,train,5to6,0,0.010241994672425071,0.0824361148567353,0.6045799873939901,0.27877616986176434,0.023965733215085168,4to5
1563,1564,OADMET-0003853,4.92,train,4to5,4,0.012482013553380966,0.05920430272817612,0.552852213382721,0.3292655050754547,0.04619596526026726,4to5
1564,1565,OADMET-0003848,4.07,train,4to5,2,0.0027670710608886113,0.01754435668126375,0.5050932046655349,0.42348589467757075,0.05110947291474203,4to5
1565,1566,OADMET-0003844,4.54,train,4to5,1,0.0017878691235268993,0.012879012010117744,0.2321952406714498,0.517127865794214,0.2360100124006915,5to6
1566,1567,OADMET-0003835,3.9,train,3to4,4,0.0447854201737868,0.15960280181013192,0.5349155524953869,0.20441403451972365,0.05628219100097069,4to5
1567,1568,OADMET-0003834,5.26,train,5to6,3,0.010773307653864202,0.06317976868076229,0.5066128973910705,0.34168145092360813,0.0777525753506949,4to5
1568,1569,OADMET-0003833,4.76,train,4to5,2,0.00780793998962121,0.03911331262210205,0.4979879393362239,0.384097996839428,0.07099281121262484,4to5
1569,1570,OADMET-0003832,5.34,train,5to6,2,0.012009693938995026,0.04432236664304147,0.3542193383314441,0.4026434320291759,0.18680516905734357,5to6
1570,1571,OADMET-0003829,4.49,train,4to5,4,0.04272955046296559,0.2108771867769066,0.5738626304188086,0.15482050670673814,0.017710125634581103,4to5
1571,1572,OADMET-0003828,4.77,train,4to5,2,0.00397348386167807,0.022274485724814875,0.3607452648544938,0.5029473079913568,0.11005945756765645,5to6
1572,1573,OADMET-0003827,4.17,train,4to5,3,0.0042036473751068115,0.02314607799053192,0.19138620793819427,0.4893456697463989,0.29191839694976807,5to6
1573,1574,OADMET-0003823,5.02,train,5to6,4,0.0006074330019545664,0.004744231478872121,0.2661562139407268,0.5812281098154257,0.14726401176302079,5to6
1574,1575,OADMET-0003816,4.83,train,4to5,4,0.005888515719154422,0.034293693149865905,0.4878064180020417,0.4105660986113109,0.06144527451762704,4to5
1575,1576,OADMET-0003812,3.27,train,3to4,1,0.4629977466202685,0.32478550923428895,0.07020008001998275,0.03320034307391346,0.10881632105154636,lt3
1576,1577,OADMET-0003811,4.56,train,4to5,1,0.2551797576118683,0.5143225087643646,0.19080882873591573,0.026148173422310673,0.01354073146554074,3to4
1577,1578,OADMET-0003810,4.86,train,4to5,3,0.03143147763398095,0.09349866246245303,0.24784326645673538,0.3546525253156294,0.2725740681312012,5to6
1578,1579,OADMET-0003809,4.67,train,4to5,2,0.18873210757132802,0.22551639692027287,0.17636703525059486,0.09516729663184974,0.3142171636259545,gte6
1579,1580,OADMET-0003808,3.54,train,3to4,2,0.8768182195872827,0.07913652418947718,0.000490399798120456,0.0006171175323920889,0.042937738892727645,lt3
1580,1581,OADMET-0003807,4.92,train,4to5,3,0.0137651945430379,0.027754642250279425,0.07131554977894654,0.2193002268067576,0.6678643866209786,gte6
1581,1582,OADMET-0003806,3.28,train,3to4,0,0.4738907854850309,0.4769223969537133,0.026179002823453187,0.0037367481594578556,0.01927106657834478,3to4
1582,1583,OADMET-0003805,4.42,train,4to5,3,0.19060811187392349,0.4419588993270818,0.25915306516938214,0.05542778906865654,0.05285213456095605,3to4
1583,1584,OADMET-0003804,4.4,train,4to5,1,0.02694851522539364,0.10659643222914475,0.541851101287264,0.2486482700383355,0.0759556812198621,4to5
1584,1585,OADMET-0003803,3.27,train,3to4,0,0.10812849893687297,0.05930660071571914,0.022310630518547054,0.026020907758887567,0.7842333620699733,gte6
1585,1586,OADMET-0003802,4.61,train,4to5,1,0.07645156120581088,0.2562763652760332,0.45951231629383094,0.12131567863649609,0.08644407858782889,4to5
1586,1587,OADMET-0003801,3.96,train,3to4,4,0.019475387142816623,0.07702664917180792,0.5244045091304899,0.31702217077645567,0.062071283778429936,4to5
1587,1588,OADMET-0003800,4.48,train,4to5,0,0.14099162817001343,0.23149196803569794,0.21390573680400848,0.14496305584907532,0.26864761114120483,gte6
1588,1589,OADMET-0003799,5.88,train,5to6,1,0.0004438441747960619,0.004469802056028971,0.10723501248491468,0.4438188293183168,0.4440325119659435,gte6
1589,1590,OADMET-0003798,4.23,train,4to5,1,0.10779009598806358,0.28980847761320355,0.43103688313012,0.12360147947666825,0.04776306379194463,4to5
1590,1591,OADMET-0003797,4.26,train,4to5,1,0.00025044849740438153,0.0015208034037398261,0.01579572977073359,0.18531222308701714,0.797120795241105,gte6
1591,1592,OADMET-0003796,4.86,train,4to5,4,0.015375357694566303,0.056739064475077566,0.4695488403190663,0.34959696909419796,0.10873976841709185,4to5
1592,1593,OADMET-0003794,4.6,train,4to5,1,0.25279044904865433,0.5936398459170584,0.134945153121805,0.012068075963688413,0.006556475948793771,3to4
1593,1594,OADMET-0003793,4.16,train,4to5,1,0.11785700084375589,0.20259293762897745,0.26284050745635845,0.21875352994536212,0.19795602412554603,4to5
1594,1595,OADMET-0003792,5.04,train,5to6,2,0.034114353358745575,0.1016777977347374,0.3889288008213043,0.3102891743183136,0.1649898737668991,4to5
1595,1596,OADMET-0003791,5.1,train,5to6,1,0.005314181395463659,0.023108829965264175,0.2673138297895376,0.3826861859963796,0.321576972853355,5to6
1596,1597,OADMET-0003790,3.27,train,3to4,2,0.45386350471652426,0.2599933634321041,0.04211643644150537,0.013407561039356293,0.23061913437051,lt3
1597,1598,OADMET-0003789,3.24,train,3to4,3,0.3381293732940929,0.3062101917688373,0.0879237582232268,0.027156071889155014,0.24058060482468793,lt3
1598,1599,OADMET-0003788,1.77,train,lt3,2,0.8486816378924288,0.10614731277708198,0.0009534066296958849,0.0007340235831523539,0.04348361911764096,lt3
1599,1600,OADMET-0003787,4.06,train,4to5,2,0.15333620399249512,0.2953337562978457,0.33379490675605417,0.10551067168313287,0.11202446127047216,4to5
1600,1601,OADMET-0003786,2.92,train,lt3,2,0.06657821660273441,0.061955839164719584,0.03111189964744486,0.05873330660636236,0.7816207379787388,gte6
1601,1602,OADMET-0003785,2.02,train,lt3,1,0.033791609360215136,0.061882615550477915,0.1325210938790522,0.21608625513379465,0.55571842607646,gte6
1602,1603,OADMET-0003784,2.59,train,lt3,2,0.8518237104110147,0.11635344042669377,0.0009277381717511043,0.0006154700696777845,0.0302796409208627,lt3
1603,1604,OADMET-0003783,4.86,train,4to5,3,0.0072751140678381215,0.025426133650167278,0.10269144592540815,0.3679455698522533,0.49666173650433315,gte6
1604,1605,OADMET-0003782,4.17,train,4to5,4,0.009143385317721062,0.04044452031246667,0.4688378681623812,0.4001720044801944,0.08140222172723668,4to5
1605,1606,OADMET-0003781,5.46,train,5to6,4,0.028383633927120493,0.11371658318800541,0.5280468267184933,0.24833918182778425,0.08151377433859652,4to5
1606,1607,OADMET-0003780,6.22,train,gte6,1,0.40974934435447097,0.34462691637228865,0.09234287188734382,0.04460606890194375,0.10867479848395283,lt3
1607,1608,OADMET-0003779,4.67,train,4to5,1,0.0010968582258566895,0.008445861191654956,0.15504915208074704,0.4634493496397921,0.3719587788619492,5to6
1608,1609,OADMET-0003777,1.89,train,lt3,2,0.9132272696968365,0.062175125203398476,0.0002428171150100589,0.00031638507511709145,0.024038402909637827,lt3
1609,1610,OADMET-0003775,3.06,train,3to4,2,0.4018912053365406,0.4817151411249676,0.05646086488639886,0.009826735884070851,0.05010605276802211,3to4
1610,1611,OADMET-0003773,4.85,train,4to5,1,0.0035937866965840516,0.02056584737544366,0.3249909053321842,0.440816292668483,0.2100331679273051,5to6
1611,1612,OADMET-0003772,1.78,train,lt3,2,0.404515843211155,0.38877261698770643,0.07333583575990368,0.018063884699520444,0.11531181934171444,lt3
1612,1613,OADMET-0003771,2.51,train,lt3,2,0.6711005124746483,0.0911405622298085,0.0026254580017109233,0.0030872361090092328,0.23204623118482307,lt3
1613,1614,OADMET-0003770,3.79,train,3to4,4,0.16040975438056554,0.49653135553442207,0.2941859471362568,0.03415053461852562,0.014722408330229973,3to4
1614,1615,OADMET-0003769,4.12,train,4to5,0,0.15970047056228623,0.2089070112840386,0.17227736372168903,0.13273969490438245,0.32637545952760366,gte6
1615,1616,OADMET-0003768,2.54,train,lt3,3,0.3848415338989558,0.53477343087069,0.05651139437861585,0.005088511957534436,0.018785128894203938,3to4
1616,1617,OADMET-0003767,2.03,train,lt3,4,0.3151620645631141,0.145336779014213,0.02447355322075304,0.009017175197013054,0.5060104280049068,gte6
1617,1618,OADMET-0003766,3.89,train,3to4,4,0.03748276791320141,0.2242171145357301,0.5814469397106056,0.14400096090136974,0.012852216939093185,4to5
1618,1619,OADMET-0003765,2.79,train,lt3,2,0.907825450075541,0.07135298691780774,0.0002604079433924291,0.00031499249635993763,0.020246162566898845,lt3
1619,1620,OADMET-0003764,3.94,train,3to4,1,0.2249006337549136,0.45209163544491754,0.24258792354168482,0.048571039640502356,0.031848767617981694,3to4
1620,1621,OADMET-0003763,1.79,train,lt3,3,0.9137684731594926,0.07373324059774139,0.0009466395161067214,0.00033861416265631354,0.011213032564003007,lt3
1621,1622,OADMET-0003762,4.18,train,4to5,1,0.11078188238197915,0.26976966053933915,0.4117244657360177,0.1405704277583829,0.0671535635842811,4to5
1622,1623,OADMET-0003761,1.89,train,lt3,2,0.7900510517711343,0.1254667653608302,0.0022862786679990208,0.0014756798208911883,0.08072022437914522,lt3
1623,1624,OADMET-0003760,3.26,train,3to4,1,0.19355864390227248,0.4038533776137223,0.29176696482821635,0.06913906926350885,0.04168194439228003,3to4
1624,1625,OADMET-0003759,1.76,train,lt3,2,0.5131412705095341,0.44702794804425855,0.022397165945939143,0.0024090346229499807,0.01502458087731824,lt3
1625,1626,OADMET-0003758,5.11,train,5to6,4,0.006825694563192612,0.03131116866161585,0.4202148439017947,0.43548746276382216,0.10616083010957467,5to6
1626,1627,OADMET-0003757,3.98,train,3to4,4,0.014914442771194091,0.08016286782905192,0.584820448807608,0.2810918984179461,0.039010342174200026,4to5
1627,1628,OADMET-0003756,4.0,train,3to4,1,0.048950384859394014,0.105640403559533,0.2558127217167206,0.2871422960183074,0.302454193846045,gte6
1628,1629,OADMET-0003755,1.87,train,lt3,1,0.7116972372899473,0.27229655419790816,0.008330553963056328,0.0013258589040308635,0.006349795645057379,lt3
1629,1630,OADMET-0003754,3.93,train,3to4,1,0.8337156382813785,0.15558128443791333,0.003316992044549064,0.0007433243629006235,0.006642760873258427,lt3
1630,1631,OADMET-0003753,1.76,train,lt3,2,0.377505904628293,0.5544639320141811,0.049550347837741565,0.004420551077797677,0.014059264441986687,3to4
1631,1632,OADMET-0003752,4.27,train,4to5,4,0.131081936302,0.10723808208037015,0.06700721258284129,0.05968441330484276,0.6349883557299458,gte6
1632,1633,OADMET-0003751,1.78,train,lt3,2,0.8666907878585197,0.0746612674893608,0.0007907550655352723,0.0007266087117808988,0.05713058087480332,lt3
1633,1634,OADMET-0003750,2.05,train,lt3,0,0.9013078224542217,0.08772304665610244,0.0010129096931073855,0.00032280114870885307,0.009633420047859659,lt3
1634,1635,OADMET-0003749,1.75,train,lt3,3,0.8181018559817661,0.16263640881212152,0.0031111476849235136,0.000681582699426461,0.015469004821762401,lt3
1635,1636,OADMET-0003748,2.01,train,lt3,2,0.9066215828211207,0.06699952097868507,0.00027500676388696985,0.0003746258519746863,0.025729263584332515,lt3
1636,1637,OADMET-0003747,5.28,train,5to6,3,0.0010948989957137176,0.0021781424897059924,0.010818177555825417,0.12542330896033074,0.8604854719984241,gte6
1637,1638,OADMET-0003746,3.89,train,3to4,2,0.11846450887606064,0.28875525387444234,0.43145872053145107,0.11598792855500031,0.04533358816304562,4to5
1638,1639,OADMET-0003745,2.69,train,lt3,1,0.7327743922243116,0.24677013377875837,0.007036367113067079,0.0019681482056931915,0.011450958678169707,lt3
1639,1640,OADMET-0003744,4.46,train,4to5,2,0.0443737846334439,0.13442279887029537,0.47087165185275287,0.2547488618829204,0.09558290276058742,4to5
1640,1641,OADMET-0003743,4.78,train,4to5,2,0.3420705991366327,0.48548989041179746,0.08895989242315613,0.019950173200661742,0.06352944482775197,3to4
1641,1642,OADMET-0003742,2.13,train,lt3,0,0.19593861972827398,0.5594169575639575,0.21211339829648004,0.0203218909956779,0.01220913341561053,3to4
1642,1643,OADMET-0003741,4.61,train,4to5,1,0.008830921938274028,0.04242736576414808,0.32899431190812223,0.41835577308875516,0.20139162730070045,5to6
1643,1644,OADMET-0003740,1.86,train,lt3,0,0.24736663530543657,0.1505554217472762,0.0481036384930257,0.03291625681335992,0.5210580476409016,gte6
1644,1645,OADMET-0003739,4.04,train,4to5,2,0.8495933066206887,0.13588938514890386,0.0006729397770534681,0.00040754025132585934,0.013436828202028095,lt3
1645,1646,OADMET-0003738,5.01,train,5to6,1,0.13024273126594033,0.21899958792330063,0.2540227695100674,0.1665161947454156,0.230218716555276,4to5
1646,1647,OADMET-0003737,5.21,train,5to6,3,0.2819521991690375,0.48769854954221975,0.1623540651535161,0.02331275094323511,0.04468243519199153,3to4
1647,1648,OADMET-0003736,2.69,train,lt3,3,0.9302901433671443,0.04772113910194348,0.0008115277574580052,0.0003977574733432252,0.020779432300111002,lt3
1648,1649,OADMET-0003735,3.25,train,3to4,2,0.4464909682442512,0.4912533705168958,0.03534777050449211,0.004508024031206697,0.022399866703154147,3to4
1649,1650,OADMET-0003734,4.67,train,4to5,2,0.04722522574763842,0.17827296352486224,0.5190242718923476,0.20758056506815603,0.04789697376699578,4to5
1650,1651,OADMET-0003733,3.2,train,3to4,3,0.10767201437520896,0.1477878154642692,0.12494193762886896,0.1186680723030524,0.5009301602286005,gte6
1651,1652,OADMET-0003732,4.98,train,4to5,1,0.0010652312155081045,0.008552911196157233,0.11380303486317038,0.4116528840158092,0.4649259387093551,gte6
1652,1653,OADMET-0003731,4.74,train,4to5,2,0.0027341085321556905,0.015392558294380253,0.3549129285066435,0.5131643892258232,0.11379601544099731,5to6
1653,1654,OADMET-0003730,5.74,train,5to6,4,0.4773558816998598,0.13183873457480666,0.007261192652522875,0.001860049375519858,0.3816841416972908,lt3
1654,1655,OADMET-0003729,2.93,train,lt3,4,0.6584431745659826,0.3165986653514743,0.010360488071054965,0.0005939126370955776,0.01400375937439258,lt3
1655,1656,OADMET-0003728,2.74,train,lt3,0,0.586991412091846,0.38568219346028754,0.01184557184393687,0.0018303959088918594,0.013650426695037698,lt3
1656,1657,OADMET-0003727,2.54,train,lt3,3,0.5773393443772485,0.2596083282850417,0.012113300621516419,0.004636611721830864,0.1463024149943625,lt3
1657,1658,OADMET-0003726,1.98,train,lt3,1,0.10220535159224149,0.19250938495558154,0.32143882741816754,0.2312358015692069,0.15261063446480252,4to5
1658,1659,OADMET-0003725,4.09,train,4to5,1,0.2825192579492002,0.5003731371925227,0.1586590298685569,0.02637909602919267,0.03206947896052753,3to4
1659,1660,OADMET-0003724,4.55,train,4to5,1,0.00945785187459744,0.06126266047024595,0.5645277568501056,0.306965384623548,0.05778634618150303,4to5
1660,1661,OADMET-0003723,1.84,train,lt3,3,0.26481863856315613,0.31499844789505005,0.13107500970363617,0.051915258169174194,0.23719264566898346,3to4
1661,1662,OADMET-0003722,3.1,train,3to4,3,0.3679013742087944,0.5666890576785796,0.04987063487433858,0.003795093747183768,0.011743839491103754,3to4
1662,1663,OADMET-0003721,1.99,train,lt3,2,0.8020064966160504,0.11817912956885689,0.001475974127419322,0.001266552855219944,0.07707184683245348,lt3
1663,1664,OADMET-0003720,2.89,train,lt3,3,0.6903178537967767,0.28879987549674974,0.005514401353894749,0.0009431917359329275,0.014424677616645842,lt3
1664,1665,OADMET-0003719,1.81,train,lt3,3,0.842181036391342,0.13957122627288543,0.0021831613130999018,0.0006336599094656943,0.015430916113206931,lt3
1665,1666,OADMET-0003718,3.25,train,3to4,2,0.5713171964244146,0.24802243732663098,0.01586171986149784,0.007783695131338849,0.15701495125611775,lt3
1666,1667,OADMET-0003717,4.3,train,4to5,2,0.0043746511975801435,0.014031208920933224,0.054964456195342765,0.29504874073854886,0.6315809429475949,gte6
1667,1668,OADMET-0003716,5.64,train,5to6,3,0.16411605431479573,0.10831138461368703,0.03523518135239785,0.015289711723225997,0.6770476679958934,gte6
1668,1669,OADMET-0003715,1.89,train,lt3,1,0.2392056991293071,0.5947134991131323,0.14210483193594312,0.015190685844577527,0.008785283977039985,3to4
1669,1670,OADMET-0003714,4.54,train,4to5,3,0.00025262432306250265,0.0029015004382263983,0.15749112619079653,0.5809178711367173,0.2584368779111973,5to6
1670,1671,OADMET-0003713,1.73,train,lt3,1,0.3329711606375008,0.45750146675843995,0.14398381531359142,0.030141500373072894,0.035402056917394925,3to4
1671,1672,OADMET-0003712,1.81,train,lt3,1,0.5358529331353293,0.4437177482853741,0.014432961094799938,0.0016718098250064534,0.004324547659490238,lt3
1672,1673,OADMET-0003711,4.87,train,4to5,3,0.000324646591521973,0.001963513428286643,0.032902069232777595,0.3357176764676784,0.6290920942797353,gte6
1673,1674,OADMET-0003710,4.4,train,4to5,2,0.001086238698888611,0.006660797900750218,0.09116361656359487,0.4351717110413872,0.4659176357953791,gte6
1674,1675,OADMET-0003709,1.82,train,lt3,1,0.05976819413165358,0.24280669423574935,0.5221072525725194,0.13177485977803785,0.04354299928203977,4to5
1675,1676,OADMET-0003708,4.68,train,4to5,1,0.1295795435846614,0.3715991065964136,0.4018685504724512,0.07348044934317302,0.023472350003300793,4to5
1676,1677,OADMET-0003707,6.08,train,gte6,1,0.6032904060642761,0.34583420673535764,0.017206859776752192,0.006057507962607348,0.027611019461006737,lt3
1677,1678,OADMET-0003706,4.92,train,4to5,1,0.015583962666510423,0.03513540432260645,0.10485939994035363,0.22465819789940708,0.6197630351711224,gte6
1678,1679,OADMET-0003705,1.83,train,lt3,3,0.5429699876017046,0.43622975409039816,0.013169060119346203,0.0010660768908291186,0.006565121297721978,lt3
1679,1680,OADMET-0003704,4.19,train,4to5,2,0.22055310350752083,0.40626765158866673,0.25736130921893446,0.05490852978557566,0.060909405899302355,3to4
1680,1681,OADMET-0003703,4.49,train,4to5,3,0.00181336423461669,0.0027819131798967733,0.010261095238851938,0.09744967624607614,0.8876939511005585,gte6
1681,1682,OADMET-0003702,1.81,train,lt3,3,0.39578933002917216,0.5580608912322592,0.035957422542801584,0.0025005685468273155,0.00769178764893975,3to4
1682,1683,OADMET-0003701,2.24,train,lt3,3,0.34016103505128414,0.5295693558711198,0.09380556083884473,0.010600016751884416,0.02586403148686698,3to4
1683,1684,OADMET-0003700,5.52,train,5to6,3,0.11210643827518678,0.12394333914133387,0.09581748784268321,0.08063009825981787,0.5875026364809782,gte6
1684,1685,OADMET-0003699,5.06,train,5to6,2,0.001718183217090809,0.010471435584359286,0.10511226528842535,0.45878593538197465,0.4239121805281499,5to6
1685,1686,OADMET-0003697,5.13,train,5to6,3,0.012395928279047907,0.02385734143493427,0.06529304208839477,0.19649731582177601,0.7019563723758471,gte6
1686,1687,OADMET-0003696,3.68,train,3to4,3,0.039533907304976065,0.1868234800363268,0.5546275604549913,0.17306324058657752,0.04595181161712828,4to5
1687,1688,OADMET-0003695,4.48,train,4to5,2,0.10469238148056324,0.1878256592802507,0.30716814675426046,0.1457299546679868,0.2545838578169388,4to5
1688,1689,OADMET-0003694,4.79,train,4to5,3,0.11208506840594215,0.33913875131515786,0.384955680146153,0.08094877870304552,0.08287172142970146,4to5
1689,1690,OADMET-0003693,3.92,train,3to4,1,0.12349098451787943,0.26153821337680994,0.35156149457905056,0.1735384950087628,0.08987081251749722,4to5
1690,1691,OADMET-0003692,1.86,train,lt3,2,0.8082007429879549,0.07817759039935193,0.0009913979617495704,0.0012892066198113882,0.11134106203113227,lt3
1691,1692,OADMET-0003691,2.4,train,lt3,1,0.2497852109404622,0.2721189219933909,0.1700389657908832,0.10300437952571542,0.2050525217495483,3to4
1692,1693,OADMET-0003690,4.57,train,4to5,1,0.0006507806747733938,0.006636301903822173,0.13081998959379865,0.5333352022183204,0.32855772560928537,5to6
1693,1694,OADMET-0003689,3.95,train,3to4,4,0.014439668234012782,0.04193634358689267,0.23408674771920837,0.3676720727383453,0.34186516772154085,5to6
1694,1695,OADMET-0003688,2.08,train,lt3,1,0.041953349629466063,0.1263808109231706,0.35336305243151794,0.2949991701357407,0.18330361688010474,4to5
1695,1696,OADMET-0003687,1.84,train,lt3,1,0.9058366102447761,0.09006617649679013,0.0009699114842660756,0.000236458675268723,0.002890843098898949,lt3
1696,1697,OADMET-0003686,1.76,train,lt3,3,0.2461622889223098,0.13013404268421866,0.027955553696718528,0.017262283262476388,0.5784858314342767,gte6
1697,1698,OADMET-0003685,1.93,train,lt3,1,0.7172785254380409,0.25545602513474175,0.0063535071538974,0.0027437856790020272,0.018168156594317923,lt3
1698,1699,OADMET-0003684,1.98,train,lt3,3,0.16578364001698107,0.23781150047902389,0.15295469419014393,0.09017782456775401,0.3532723407460971,gte6
1699,1700,OADMET-0003683,4.39,train,4to5,1,0.0424586077101392,0.15373351653467782,0.5345729331960524,0.20177598085325835,0.06745896170587222,4to5
1700,1701,OADMET-0003682,3.33,train,3to4,1,0.7162611415319058,0.262516615238404,0.011053868462625998,0.0017082554821640714,0.008460119284900149,lt3
1701,1702,OADMET-0003681,2.97,train,lt3,2,0.857362620996383,0.08220063082943156,0.0010073680814220844,0.0007816399383923509,0.05864774015437092,lt3
1702,1703,OADMET-0003680,2.68,train,lt3,0,0.22503309752471545,0.5983390228568964,0.1438951650959466,0.012764599800558407,0.019968114721883153,3to4
1703,1704,OADMET-0003679,2.44,train,lt3,2,0.8736278926295729,0.08250396436772939,0.0007487440454562026,0.0006180139387563117,0.04250138501848521,lt3
1704,1705,OADMET-0003678,2.63,train,lt3,3,0.4133025071950222,0.5392063417977156,0.03601337304137014,0.0024951352107333512,0.008982642755158636,3to4
1705,1706,OADMET-0003677,1.86,train,lt3,2,0.7469670089112845,0.23821635265593144,0.0022865414817587683,0.0005509055271551472,0.011979191423870071,lt3
1706,1707,OADMET-0003676,1.79,train,lt3,2,0.8336842571213641,0.06495711886280357,0.0008078517193571867,0.0011125232445372054,0.09943824905193797,lt3
1707,1708,OADMET-0003675,1.98,train,lt3,2,0.6994085782546409,0.20922663432768293,0.0041944910020158144,0.002511555982430044,0.0846587404332303,lt3
1708,1709,OADMET-0003674,1.78,train,lt3,2,0.368616602526234,0.5665730111321879,0.05060342586181851,0.004012096583572851,0.010194863896186712,3to4
1709,1710,OADMET-0003673,1.83,train,lt3,1,0.3329935412191935,0.5743388007082086,0.07579887005070719,0.007926568484907403,0.008942219536983272,3to4
1710,1711,OADMET-0003672,1.95,train,lt3,3,0.7353574472657405,0.18921234789631314,0.006612622500027875,0.0022728424021864345,0.06654473993573208,lt3
1711,1712,OADMET-0003671,3.25,train,3to4,2,0.5592731351007948,0.42428635871082176,0.0087221471519313,0.0010448745714672775,0.006673484464984854,lt3
1712,1713,OADMET-0003670,4.41,train,4to5,1,0.7491521885421512,0.22356083850037714,0.010925124534507287,0.0025063297281783994,0.01385551869478604,lt3
1713,1714,OADMET-0003669,4.71,train,4to5,4,0.21882804820634336,0.3922094331642718,0.2528822374924601,0.046383547663995106,0.08969673347292964,3to4
1714,1715,OADMET-0003668,2.94,train,lt3,1,0.7535281443160233,0.23534048049888537,0.005032734256532072,0.0007812465427379435,0.005317394385821272,lt3
1715,1716,OADMET-0003667,2.25,train,lt3,2,0.9130707960866309,0.05510624114533622,0.00024848003472594074,0.00034986692410483904,0.031224615809202123,lt3
1716,1717,OADMET-0003666,4.43,train,4to5,3,0.07450935022505074,0.17696755597092045,0.2572208268278591,0.2651476184979791,0.22615464847819064,5to6
1717,1718,OADMET-0003665,4.95,train,4to5,3,0.36611470511906835,0.39821055457329274,0.07992024704828812,0.018612118403218466,0.13714237485613232,3to4
1718,1719,OADMET-0003664,3.4,train,3to4,1,0.4736461196081387,0.4485162374788133,0.06340757163943635,0.006097043759419678,0.008333027514192029,lt3
1719,1720,OADMET-0003663,4.57,train,4to5,2,0.045708854091978474,0.05653167930641531,0.06346712308725061,0.12412636074517935,0.7101659827691762,gte6
1720,1721,OADMET-0003662,2.02,train,lt3,2,0.9009927128618603,0.061639612138231874,0.0003230427177319295,0.000437850230268962,0.03660678205190694,lt3
1721,1722,OADMET-0003661,4.9,train,4to5,3,0.007693853924146686,0.0476741291831748,0.41562102947803775,0.4331490562354039,0.09586193117923687,5to6
1722,1723,OADMET-0003660,4.58,train,4to5,1,0.12508726864533015,0.49078479464144736,0.3298663598378682,0.04206113639109514,0.0122004404842591,3to4
1723,1724,OADMET-0003659,2.89,train,lt3,1,0.7182738400513077,0.268234983779616,0.005630991123372111,0.0010618044199513957,0.006798380625752827,lt3
1724,1725,OADMET-0003658,1.87,train,lt3,2,0.0583227776615777,0.1553882153560141,0.45207865342204817,0.22963026800638928,0.10458008555397072,4to5
1725,1726,OADMET-0003656,4.53,train,4to5,2,0.04202332967450232,0.12574475628898274,0.42050378261495286,0.3010760456002937,0.11065208582126838,4to5
1726,1727,OADMET-0003655,3.96,train,3to4,3,0.022653086406312146,0.04371869993588123,0.08906693872710424,0.21906094538686166,0.6255003295438407,gte6
1727,1728,OADMET-0003654,2.27,train,lt3,3,0.9143390813319442,0.07117459300808066,0.0009279830425015518,0.00036030568920719885,0.013198036928266401,lt3
1728,1729,OADMET-0003653,3.4,train,3to4,1,0.2553631663322449,0.5750593543052673,0.13204750418663025,0.017587002366781235,0.01994297280907631,3to4
1729,1730,OADMET-0003652,6.58,train,gte6,1,0.6064848622367076,0.3746231622962627,0.009585091405671448,0.0018908512146323306,0.007416032846725906,lt3
1730,1731,OADMET-0003651,4.83,train,4to5,0,0.36608607872507626,0.3738163245888616,0.09122886086506463,0.030845443878440994,0.13802329194255647,3to4
1731,1732,OADMET-0003650,1.82,train,lt3,1,0.6713796188802114,0.3168742624060982,0.006822911486515348,0.0009034332376958521,0.004019773989479291,lt3
1732,1733,OADMET-0003649,6.69,train,gte6,1,0.3787925996336117,0.3445188870832739,0.11009925193714902,0.05093052793552995,0.11565873341043542,lt3
1733,1734,OADMET-0003648,4.45,train,4to5,1,0.07307289785763652,0.2386406740090477,0.48969803902239484,0.1407287018990454,0.05785968721187556,4to5
1734,1735,OADMET-0003647,4.75,train,4to5,1,0.0009775860053005442,0.006483190572202382,0.056455417415957575,0.29673113866278644,0.6393526673437531,gte6
1735,1736,OADMET-0003646,4.21,train,4to5,2,0.005047717324417466,0.02648738686552538,0.44826047344010267,0.4471723906081803,0.07303203176177414,4to5
1736,1737,OADMET-0003645,3.68,train,3to4,3,0.9036916227941514,0.08210739251299562,0.0011356511051296672,0.00037101797713428935,0.01269431561058906,lt3
1737,1738,OADMET-0003644,4.67,train,4to5,2,0.025045733992180727,0.028260288865343812,0.027205797013662,0.0828859064090472,0.8366022737197663,gte6
1738,1739,OADMET-0003643,1.87,train,lt3,2,0.9013887580590471,0.08540890305933002,0.00030985648992135496,0.000263691557817229,0.01262879083388431,lt3
1739,1740,OADMET-0003642,2.74,train,lt3,3,0.23455537903992923,0.48192638176759595,0.18687090619143115,0.028762608861241316,0.06788472413980234,3to4
1740,1741,OADMET-0003641,1.98,train,lt3,1,0.07912027482150756,0.1332956790940905,0.20831636153237396,0.21772610167893314,0.36154158287309485,gte6
1741,1742,OADMET-0003640,5.03,train,5to6,2,0.0028813728627799058,0.010991218689212153,0.10927026162063688,0.4226625336513453,0.4541946131760258,gte6
1742,1743,OADMET-0003639,2.04,train,lt3,2,0.31459177513650005,0.6158764565479594,0.05827100203226913,0.004132163912939627,0.007128602370331751,3to4
1743,1744,OADMET-0003638,5.33,train,5to6,0,0.0002922206818012696,0.00183684009487437,0.0325235133987407,0.3180401379837329,0.6473072878408508,gte6
1744,1745,OADMET-0003637,3.88,train,3to4,4,0.00025228868449619815,0.001564699492704406,0.06888697449352946,0.446945140750006,0.4823508965792639,gte6
1745,1746,OADMET-0003636,4.3,train,4to5,1,0.2592734098434448,0.2889278531074524,0.18101146817207336,0.10903917253017426,0.16174809634685516,3to4
1746,1747,OADMET-0003634,3.9,train,3to4,1,0.19312210935880458,0.41489578264338833,0.2936827398170694,0.062228400971855176,0.03607096720888252,3to4
1747,1748,OADMET-0003633,1.82,train,lt3,2,0.8443978687715171,0.11531009064622211,0.0008188711617988524,0.0007241727727941166,0.03874899664766786,lt3
1748,1749,OADMET-0003631,4.89,train,4to5,3,0.027627968800448287,0.14695659088213717,0.5578865932203715,0.20963024819751877,0.0578985988995243,4to5
1749,1750,OADMET-0003630,5.66,train,5to6,3,0.00012739380923907094,0.0006307502561823904,0.009545661411246029,0.1840117554886925,0.80568443903464,gte6
1750,1751,OADMET-0003629,4.89,train,4to5,3,0.011803513807463322,0.0533642521983759,0.2748769699416891,0.4089135646643699,0.25104169938810184,5to6
1751,1752,OADMET-0003628,2.54,train,lt3,1,0.6293417392648641,0.35981104791563395,0.0061622594356614616,0.0009568932270128468,0.0037280601568276247,lt3
1752,1753,OADMET-0003627,2.95,train,lt3,3,0.30679992127045913,0.607374077731502,0.07137011058041928,0.0050700931350709235,0.009385797282548595,3to4
1753,1754,OADMET-0003626,5.88,train,5to6,3,0.00017751408110152963,0.0006268590103089867,0.007125507438176395,0.1402645680289729,0.8518055514414402,gte6
1754,1755,OADMET-0003625,6.21,train,gte6,3,0.00042481312385620384,0.0012534090603970325,0.010116910417054316,0.15064476214706599,0.8375601052516265,gte6
1755,1756,OADMET-0003624,1.9,train,lt3,2,0.8845965809239164,0.09531634243801333,0.0004017117874827053,0.0004009508387361457,0.0192844140118515,lt3
1756,1757,OADMET-0003623,4.7,train,4to5,3,0.0013965745371973752,0.011731615219027271,0.3022930007754783,0.5600740279625345,0.12450478150576252,5to6
1757,1758,OADMET-0003622,1.74,train,lt3,2,0.24391796494263723,0.3367994424582026,0.1881943325822652,0.05439003815740006,0.17669822185949488,3to4
1758,1759,OADMET-0003621,1.77,train,lt3,3,0.44166850776332867,0.5193794338256434,0.028453029519929837,0.0022153737820685567,0.008283655109029488,3to4
1759,1760,OADMET-0003620,3.89,train,3to4,2,0.14898958136187876,0.2675162136174941,0.3501380823490881,0.12463782915601898,0.10871829351552009,4to5
1760,1761,OADMET-0003619,4.37,train,4to5,2,0.0016279676459105713,0.011112881503534199,0.1815117843198913,0.4936543560556275,0.3120930104750364,5to6
1761,1762,OADMET-0003618,4.35,train,4to5,4,0.0003032812115378189,0.0023955945110307234,0.17106969786497853,0.5733496590964979,0.252881767315955,5to6
1762,1763,OADMET-0003617,4.92,train,4to5,1,0.04439862949844091,0.1266373731683902,0.40107862356539437,0.3029982835947956,0.12488709017297894,4to5
1763,1764,OADMET-0003616,4.04,train,4to5,2,0.19301032157196157,0.3695114089767005,0.2795749479722255,0.06884547760283302,0.08905784387627942,3to4
1764,1765,OADMET-0003615,3.29,train,3to4,2,0.8997764035119782,0.05947208039501514,0.00031847161381573437,0.0004608869211512351,0.039972157558039755,lt3
1765,1766,OADMET-0003614,4.56,train,4to5,1,0.5489264733029139,0.43011936595444494,0.013175546206971102,0.001963854071176441,0.005814760464493605,lt3
1766,1767,OADMET-0003613,2.69,train,lt3,2,0.5859755262626031,0.3919882466290447,0.009052732004881825,0.0014882252979161036,0.011495269805554308,lt3
1767,1768,OADMET-0003612,4.57,train,4to5,1,0.04365734350936604,0.1660025256424954,0.5394329388481904,0.19878163785650105,0.05212555414344702,4to5
1768,1769,OADMET-0003611,4.28,train,4to5,3,0.017298894486359167,0.10173800871906827,0.5524772559984752,0.2858067830784279,0.04267905771766951,4to5
1769,1770,OADMET-0003610,1.82,train,lt3,2,0.6257517214687494,0.3427618078507081,0.012247028519661652,0.0017012265408985216,0.0175382156199824,lt3
1770,1771,OADMET-0003609,4.47,train,4to5,1,0.1517276339490359,0.4595178136157664,0.3010712906877889,0.05343081509218835,0.03425244665522049,3to4
1771,1772,OADMET-0003608,5.55,train,5to6,3,0.02417964512395258,0.02876095839702617,0.044538517290006165,0.10418269829717067,0.7983381808918444,gte6
1772,1773,OADMET-0003607,3.59,train,3to4,1,0.504009253749751,0.46581906720141997,0.021960532594395666,0.002470145268770533,0.005741001185662828,lt3
1773,1774,OADMET-0003606,3.81,train,3to4,3,0.11394209905098157,0.3874903830701772,0.38606750102190296,0.07318399682974823,0.03931602002719,3to4
1774,1775,OADMET-0003605,4.34,train,4to5,3,0.08143273619662618,0.2585468849756288,0.3890227319445799,0.1672537301889996,0.10374391669416552,4to5
1775,1776,OADMET-0003604,4.88,train,4to5,1,0.003423088576303961,0.010039928949906178,0.03180623688480455,0.1753855584403887,0.7793451871485966,gte6
1776,1777,OADMET-0003603,5.2,train,5to6,0,0.0002580342054254128,0.0028337048621720753,0.12428102345699331,0.5601727232761439,0.31245451419926534,5to6
1777,1778,OADMET-0003602,5.09,train,5to6,3,0.18333247713742726,0.20011496991176092,0.12848471392284438,0.09679197736364552,0.39127586166432193,gte6
1778,1779,OADMET-0003600,2.65,train,lt3,0,0.3165218455441594,0.5645356041584856,0.08924220286282034,0.008342280781921651,0.02135806665261301,3to4
1779,1780,OADMET-0003599,4.75,train,4to5,1,0.00020907184506994988,0.003440344889545511,0.05780009469735533,0.4205810069174326,0.5179694816505966,gte6
1780,1781,OADMET-0003598,1.78,train,lt3,3,0.7837283882080612,0.19074872834585588,0.004104889758933196,0.0009751976645018478,0.0204427960226479,lt3
1781,1782,OADMET-0003597,2.06,train,lt3,2,0.7188194837857567,0.2576031034249155,0.00401624376758044,0.0009965745055376832,0.01856459451620977,lt3
1782,1783,OADMET-0003596,3.21,train,3to4,4,0.0041275705394330856,0.025616357794845827,0.49876622712632696,0.4191358500671942,0.052353994472199905,4to5
1783,1784,OADMET-0003595,2.51,train,lt3,3,0.48431610361961686,0.4050426424684367,0.02804932889084835,0.005983432202839107,0.07660849281825904,lt3
1784,1785,OADMET-0003594,4.65,train,4to5,3,0.0008807798287488144,0.008077745452813761,0.34576011247439487,0.555140742443502,0.09014061980054058,5to6
1785,1786,OADMET-0003593,4.31,train,4to5,0,0.0036187290182558324,0.021431119818138875,0.16754936941773332,0.4705127413011501,0.33688804044472187,5to6
1786,1787,OADMET-0003592,5.08,train,5to6,1,0.023791004681319138,0.06079654204239077,0.14069351973216296,0.3030516297534594,0.4716673037906678,gte6
1787,1788,OADMET-0003591,3.29,train,3to4,2,0.7398855920472277,0.2116327203768422,0.0036775284679941536,0.0013870839468770233,0.04341707516105897,lt3
1788,1789,OADMET-0003590,4.26,train,4to5,1,0.48519283625587156,0.3136607309141473,0.07034872917804269,0.03442342424839069,0.09637427940354776,lt3
1789,1790,OADMET-0003589,3.73,train,3to4,1,0.019457779389818474,0.07221944468722989,0.3581306556285026,0.35410328908033767,0.19608883121411136,4to5
1790,1791,OADMET-0003588,5.18,train,5to6,1,0.00043356528197225724,0.002521723217437535,0.02045535248694443,0.1874034361230459,0.7891859228905999,gte6
1791,1792,OADMET-0003587,5.14,train,5to6,1,0.021989123874344495,0.10191148391379368,0.5528440001777858,0.2648872506156312,0.058368141418444916,4to5
1792,1793,OADMET-0003586,1.77,train,lt3,1,0.47598965394466086,0.48680059572460044,0.025446546091036384,0.004026762329839537,0.007736441909862814,3to4
1793,1794,OADMET-0003585,1.74,train,lt3,4,0.16951355085501743,0.4404502147369055,0.30100658087422577,0.0484211810168448,0.04060847251700651,3to4
1794,1795,OADMET-0003584,4.43,train,4to5,1,0.2186193743089539,0.5401780097412032,0.19345376855666985,0.026109907357904503,0.02163894003526852,3to4
1795,1796,OADMET-0003583,2.59,train,lt3,3,0.5906013636694504,0.3872943383030625,0.010931293091964396,0.0011560666197212041,0.010016938315801534,lt3
1796,1797,OADMET-0003582,1.79,train,lt3,2,0.4261917747417597,0.5275113781946303,0.03255969413631102,0.0032766652157616653,0.010460487711537273,3to4
1797,1798,OADMET-0003581,2.04,train,lt3,1,0.39541521521130496,0.3909120247106551,0.11092381138010393,0.03813492865065139,0.06461402004728459,lt3
1798,1799,OADMET-0003580,4.81,train,4to5,3,0.0003816616108825471,0.0009137035297320742,0.006595857954885829,0.12252736925465622,0.8695814076498434,gte6
1799,1800,OADMET-0003579,2.45,train,lt3,1,0.5150107914026719,0.3196565616015682,0.054026795499925166,0.024893381536157555,0.08641246995967712,lt3
1800,1801,OADMET-0003578,1.79,train,lt3,2,0.8733106920202812,0.07411385385816512,0.0006321317682355752,0.0006571721802883691,0.05128615017302976,lt3
1801,1802,OADMET-0003577,4.42,train,4to5,2,0.005631307592542592,0.02926426374059109,0.3270164720550727,0.4777822185359378,0.1603057380758558,5to6
1802,1803,OADMET-0003576,5.18,train,5to6,2,0.0005697084501275707,0.003773360376755195,0.08192142548079107,0.4699342975026696,0.44380120818965657,5to6
1803,1804,OADMET-0003575,4.18,train,4to5,2,0.0056001409545438415,0.02980880222740902,0.511399470372909,0.40832582130151424,0.04486576514362387,4to5
1804,1805,OADMET-0003574,2.36,train,lt3,1,0.4098073860178597,0.542330088882924,0.0386083612243588,0.0038348671702044573,0.005419296704653006,3to4
1805,1806,OADMET-0003573,4.52,train,4to5,4,0.10364564867147621,0.2858485174980567,0.41503713969002887,0.1375619866862153,0.05790670745422291,4to5
1806,1807,OADMET-0003572,1.82,train,lt3,2,0.4092951119644393,0.2147836827178232,0.04965164151710641,0.020904977218631448,0.30536458658199966,lt3
1807,1808,OADMET-0003571,2.24,train,lt3,3,0.41572858065642243,0.3938700055182824,0.049318284985661966,0.012633839949798654,0.12844928888983456,lt3
1808,1809,OADMET-0003570,4.65,train,4to5,0,0.0060469950577463,0.033945858494353415,0.24496883165322655,0.48558151744565997,0.22945679734901375,5to6
1809,1810,OADMET-0003569,1.75,train,lt3,1,0.3366897658317753,0.5012090736842463,0.12032890162933187,0.020622878997847153,0.021149379856799433,3to4
1810,1811,OADMET-0003567,5.24,train,5to6,3,0.0003046741592265258,0.0016216792317909547,0.015119270997122118,0.19919826848640035,0.7837561071254601,gte6
1811,1812,OADMET-0003566,4.68,train,4to5,4,0.005408781948060498,0.035924355778354275,0.5212761069043688,0.39001291281985884,0.04737784254935763,4to5
1812,1813,OADMET-0003565,1.96,train,lt3,3,0.8745130397715385,0.05652796899682088,0.001837755797838287,0.0013116838360758172,0.0658095515977265,lt3
1813,1814,OADMET-0003564,4.84,train,4to5,3,0.00493116861234915,0.009473228791828346,0.03442730741788705,0.16656041083276119,0.7846078843451743,gte6
1814,1815,OADMET-0003563,6.09,train,gte6,4,0.6081478206169165,0.36613214650840803,0.009523564339575675,0.0004129621692429723,0.01578350636585681,lt3
1815,1816,OADMET-0003562,5.42,train,5to6,2,0.21161306290856421,0.29434235349002125,0.2583068474520152,0.09410065666806253,0.1416370794813368,3to4
1816,1817,OADMET-0003561,2.11,train,lt3,3,0.4879671169344338,0.4657072564602691,0.02436674489696865,0.0031170885881653676,0.018841793120163076,lt3
1817,1818,OADMET-0003560,3.0,train,lt3,3,0.2760762250893487,0.5482736783714873,0.12822964784809762,0.015216841453588398,0.03220360723747787,3to4
1818,1819,OADMET-0003557,4.69,train,4to5,0,0.002074137814067592,0.016998877899245677,0.1678804919075823,0.5117654249647368,0.3012810674143677,5to6
1819,1820,OADMET-0003556,3.98,train,3to4,4,0.14757895139800867,0.30765041021293976,0.3614883938099058,0.10241853216845098,0.08086371241069483,4to5
1820,1821,OADMET-0003555,4.0,train,3to4,2,0.2082382661015441,0.2117650728015202,0.1365771987819225,0.08474828732206346,0.3586711749929497,gte6
1821,1822,OADMET-0003554,4.71,train,4to5,3,0.1770854800707449,0.13375319988943188,0.06709554271347777,0.03922942784825284,0.5828363494780926,gte6
1822,1823,OADMET-0003553,4.12,train,4to5,2,0.09646151142968601,0.20836324834552966,0.3859043092585779,0.17150369158756962,0.13776723937863677,4to5
1823,1824,OADMET-0003552,4.24,train,4to5,2,0.15647828928705207,0.18644193231557157,0.16369627782023574,0.12353848942082724,0.36984501115631335,gte6
1824,1825,OADMET-0003551,4.94,train,4to5,4,0.005096342678559419,0.01965641711335841,0.24729577218175836,0.4272119829836215,0.3007394850427023,5to6
1825,1826,OADMET-0003550,5.25,train,5to6,4,0.000787166110564138,0.0015171004706805214,0.020796958058091775,0.167399642444931,0.8094991329157326,gte6
1826,1827,OADMET-0003549,4.18,train,4to5,1,0.012601222749045321,0.046536933283977705,0.2861271181246108,0.4174569516073394,0.23727777423502672,5to6
1827,1828,OADMET-0003548,4.18,train,4to5,2,0.007253454765532342,0.03599108498701121,0.3449493161409641,0.4954340319079106,0.1163721121985818,5to6
1828,1829,OADMET-0003547,4.75,train,4to5,4,0.023368251362123574,0.07593100027508662,0.42011530615775944,0.3216771591271998,0.15890828307783061,4to5
1829,1830,OADMET-0003546,4.34,train,4to5,2,0.013865100957475123,0.03209794640404247,0.09005711846905129,0.29297622629008874,0.5710036078793425,gte6
1830,1831,OADMET-0003545,4.6,train,4to5,0,0.026980028564742794,0.06409714913060603,0.15155085441402247,0.3128662606352448,0.4445057072553839,gte6
1831,1832,OADMET-0003544,4.7,train,4to5,2,0.05383402028927177,0.16238502916119948,0.4798533546946443,0.2226942297414805,0.08123336611340394,4to5
1832,1833,OADMET-0003543,1.82,train,lt3,3,0.903125728480581,0.08483727697685622,0.0011789641126052606,0.00035559649503012753,0.010502433934927368,lt3
1833,1834,OADMET-0003542,5.69,train,5to6,4,0.014951548913436051,0.03493161369369873,0.16987618171139873,0.28822519301529254,0.4920154626661739,gte6
1834,1835,OADMET-0003541,2.92,train,lt3,0,0.4223146529953467,0.4520699202594553,0.04913930675461085,0.009127275928482708,0.06734884406210441,3to4
1835,1836,OADMET-0003540,2.09,train,lt3,1,0.8343220215523609,0.155600958671846,0.0034976398631564824,0.000743233173946624,0.005836146738690005,lt3
1836,1837,OADMET-0003539,2.38,train,lt3,0,0.896808729460862,0.09759769436175814,0.0008705215741801632,0.00019056148878498005,0.004532493114414718,lt3
1837,1838,OADMET-0003538,2.57,train,lt3,2,0.8854415303846067,0.09919708840757595,0.00038584373632330807,0.0003183382755543523,0.014657199195939661,lt3
1838,1839,OADMET-0003537,1.77,train,lt3,3,0.9359692927089188,0.05162790787946379,0.0006192520956599392,0.0002665357604856243,0.01151701155547183,lt3
1839,1840,OADMET-0003536,5.82,train,5to6,4,0.009512688627948828,0.02777644334779601,0.19181493735968358,0.3534065061905913,0.4174894244739803,gte6
1840,1841,OADMET-0003535,2.62,train,lt3,0,0.1995434835723235,0.3642833693219956,0.24337414490527864,0.08503534328060809,0.10776365891979416,3to4
1841,1842,OADMET-0003534,5.66,train,5to6,1,0.0019657116581285818,0.013331250737661346,0.1438513148712089,0.4353983847267846,0.4054533380062166,5to6
1842,1843,OADMET-0003533,5.58,train,5to6,3,0.00031238427922177214,0.0026304885069427303,0.07549185379217027,0.4508451863245076,0.4707200870971576,gte6
1843,1844,OADMET-0003532,5.62,train,5to6,1,0.0027967911679434737,0.018687974039376647,0.3403169697464149,0.48345957576885834,0.15473868927740664,5to6
1844,1845,OADMET-0003531,5.91,train,5to6,3,0.007745131763684022,0.043225254380420734,0.3283930086151547,0.4153304351643052,0.2053061700764354,5to6
1845,1846,OADMET-0003530,5.6,train,5to6,3,0.0006755918706455552,0.005985141245234497,0.13905253957822264,0.5151871424802097,0.33909958482568764,5to6
1846,1847,OADMET-0003529,5.74,train,5to6,4,0.0037183283627239792,0.007272599600257779,0.04791035417255543,0.20433197549228507,0.7367667423721778,gte6
1847,1848,OADMET-0003528,1.91,train,lt3,3,0.30118885327775274,0.5294853990670858,0.12570036818952854,0.015468980027214828,0.02815639943841808,3to4
1848,1849,OADMET-0003527,5.005,train,5to6,4,0.002462986974264406,0.016996604526341542,0.4052453447472504,0.48416141389951944,0.09113364985262425,5to6
1849,1850,OADMET-0003526,6.63,train,gte6,4,0.0003315880547360332,0.002089904818613591,0.10668929485255332,0.482344052952057,0.40854515932204005,5to6
1850,1851,OADMET-0003525,5.42,train,5to6,4,0.05013191122021145,0.14717251949422913,0.4222937649293564,0.2599213910880115,0.12048041326819157,4to5
1851,1852,OADMET-0003524,5.92,train,5to6,0,0.00037999992197495944,0.0047543071773646604,0.09641773924094396,0.501110907489914,0.39733704616980237,5to6
1852,1853,OADMET-0003523,5.38,train,5to6,4,0.0030537904282851944,0.00818169118116846,0.08238714199846676,0.312926531275166,0.5934508451169136,gte6
1853,1854,OADMET-0003522,1.73,train,lt3,3,0.27612065908900535,0.5143066577610623,0.14349019340345384,0.021422704402433837,0.04465978534404468,3to4
1854,1855,OADMET-0003521,4.79,train,4to5,1,0.0002725054589881766,0.003670610595144549,0.15883401502228478,0.5801737478705803,0.25704912105300215,5to6
1855,1856,OADMET-0003520,5.49,train,5to6,2,0.0018066937755248581,0.007298753300268658,0.03437778805861946,0.25551325674717523,0.7010035081184117,gte6
1856,1857,OADMET-0003519,5.12,train,5to6,0,0.0003542660422481638,0.0037185658439841777,0.22308541305149007,0.6030358931891714,0.1698058618731062,5to6
1857,1858,OADMET-0003518,5.25,train,5to6,4,0.00028965160898356527,0.002641952497179957,0.20845846394296488,0.5880360304215723,0.2005739015292993,5to6
1858,1859,OADMET-0003517,4.91,train,4to5,0,0.0018489677863328684,0.008415242311244303,0.047103779317388066,0.2876905382663524,0.6549414723186824,gte6
1859,1860,OADMET-0003516,5.29,train,5to6,2,0.0030699209981999765,0.018925780844647296,0.41921649300641156,0.4944796670417042,0.06430813810903695,5to6
1860,1861,OADMET-0003515,5.14,train,5to6,2,0.005907449860298168,0.02838510083335433,0.2834043795552023,0.4839303782509074,0.19837269150023779,5to6
1861,1862,OADMET-0003514,5.35,train,5to6,3,0.0002789291947418467,0.0029250800615553264,0.11090692311532432,0.5090000711493787,0.37688899647899976,5to6
1862,1863,OADMET-0003513,5.66,train,5to6,1,0.0004366845628486328,0.004955167059415276,0.06190722571383641,0.4087515860967671,0.5239493365671326,gte6
1863,1864,OADMET-0003512,5.89,train,5to6,0,0.0003341626051664105,0.0037421815936206056,0.16529373372392409,0.57747207492288,0.2531578471544089,5to6
1864,1865,OADMET-0003511,5.55,train,5to6,4,0.0003495175051751618,0.002518148634021228,0.1362885538491864,0.5267784609900896,0.33406531902152753,5to6
1865,1866,OADMET-0003510,5.2,train,5to6,0,0.0007058263203574356,0.0072910430872754,0.21899179844032848,0.5812566208637783,0.19175471128826035,5to6
1866,1867,OADMET-0003509,2.94,train,lt3,3,0.13562898085212372,0.41348155562800254,0.3545328014617264,0.05851290266005504,0.03784375939809234,3to4
1867,1868,OADMET-0003508,5.23,train,5to6,1,0.000524626345205671,0.0056319245950581225,0.1842644061757299,0.534100114180031,0.27547892870397533,5to6
1868,1869,OADMET-0003506,5.14,train,5to6,2,0.0002334579555733669,0.002220106015604313,0.18823892836558284,0.6189637605361544,0.19034374712708504,5to6
1869,1870,OADMET-0003505,5.74,train,5to6,2,0.053574130737396045,0.15136903749956246,0.4572875567866498,0.23454392305827026,0.10322535191812146,4to5
1870,1871,OADMET-0003504,5.58,train,5to6,1,0.010817481869788658,0.04743579321611892,0.2796884649055439,0.42916747585409637,0.23289078415445216,5to6
1871,1872,OADMET-0003503,6.140000000000001,train,gte6,4,0.0007164608971892961,0.003974212634283257,0.1212225357052132,0.4702773793072107,0.40380941145610355,5to6
1872,1873,OADMET-0003502,5.35,train,5to6,1,0.004081450197474742,0.02327562565274184,0.32714746737297323,0.4588924713617252,0.18660298541508502,5to6
1873,1874,OADMET-0003501,5.23,train,5to6,4,0.0013104567559385867,0.009547051820264529,0.37173452376162586,0.5249004875733206,0.09250748008885046,5to6
1874,1875,OADMET-0003500,5.24,train,5to6,1,0.0025356058645301985,0.021464374436134227,0.3025969638186703,0.5319075713209779,0.1414954845596874,5to6
1875,1876,OADMET-0003499,6.215,train,gte6,1,0.000416039829204836,0.0043745268094895155,0.06262323121062513,0.3968239636400974,0.5357622385105831,gte6
1876,1877,OADMET-0003498,5.39,train,5to6,3,0.005138674191940439,0.021970884475454457,0.12367837651471762,0.4398266891235295,0.40938537569435796,5to6
1877,1878,OADMET-0003497,2.95,train,lt3,2,0.025521865836298504,0.09482453339586258,0.4955722468090543,0.30504875011524185,0.07903260384354276,4to5
1878,1879,OADMET-0003496,5.77,train,5to6,1,0.0008862481297419517,0.006292658830530161,0.06478011579843537,0.3622172459048281,0.5658237313364645,gte6
1879,1880,OADMET-0003495,3.42,train,3to4,3,0.16244938478028345,0.5140691119512183,0.27686484369736136,0.03085999194230835,0.015756667628828495,3to4
1880,1881,OADMET-0003493,5.42,train,5to6,3,0.000943045634158367,0.007901352649482923,0.2424356881949803,0.5644930471988763,0.18422686632250213,5to6
1881,1882,OADMET-0003492,5.47,train,5to6,0,0.00014215669742464345,0.001026088008083611,0.01753527459980458,0.24254412605313733,0.7387523546415499,gte6
1882,1883,OADMET-0003491,4.98,train,4to5,2,0.0011331174421731018,0.008283044898927868,0.2577441854857282,0.5404521067703163,0.19238754540285458,5to6
1883,1884,OADMET-0003490,5.57,train,5to6,2,0.0002687873467834008,0.0028278100966506784,0.08807846074919051,0.5177599142390684,0.391065027568307,5to6
1884,1885,OADMET-0003489,5.3,train,5to6,0,0.002747760817611859,0.0067516489952475075,0.03406696350460802,0.19425956656125465,0.762174060121278,gte6
1885,1886,OADMET-0003488,5.37,train,5to6,1,0.00047605342826035946,0.0055646836657159355,0.18970224544514355,0.5588373029221413,0.24541971453873887,5to6
1886,1887,OADMET-0003487,4.94,train,4to5,2,0.0007731614472959854,0.007263919624407407,0.17704255085442938,0.5904081100083354,0.22451225806553188,5to6
1887,1888,OADMET-0003486,5.880000000000001,train,5to6,3,0.0015280164905913253,0.006427631105616467,0.04865200709972049,0.33374985314294786,0.6096424921611239,gte6
1888,1889,OADMET-0003485,5.57,train,5to6,4,0.00010882345487501576,0.0005221120577076497,0.030632759866228376,0.34003045589408704,0.6287058487271019,gte6
1889,1890,OADMET-0003484,5.39,train,5to6,2,0.001470689607013404,0.008027764669516508,0.06758558498376664,0.3922891470682194,0.5306268136714841,gte6
1890,1891,OADMET-0003483,5.45,train,5to6,3,0.0003623673336447708,0.003580989484840872,0.1800401625594619,0.6032345186980317,0.21278196192402082,5to6
1891,1892,OADMET-0003482,5.43,train,5to6,0,0.015235894118426182,0.04132575476305761,0.13959122973210095,0.3490664605664743,0.454780660819941,gte6
1892,1893,OADMET-0003481,5.38,train,5to6,3,0.000887867107382759,0.008358021133943707,0.14808135989435184,0.5311103378775808,0.31156241398674095,5to6
1893,1894,OADMET-0003480,5.33,train,5to6,1,0.0025240719245082,0.018033477159423675,0.18781337780429821,0.43868835271534035,0.3529407203964296,5to6
1894,1895,OADMET-0003479,4.92,train,4to5,0,0.001380296615404481,0.01006273708816313,0.09140298986086023,0.4144983167130773,0.48265565972249486,gte6
1895,1896,OADMET-0003478,1.83,train,lt3,2,0.3178007930312379,0.541730230131468,0.1055914098917638,0.013514340049720743,0.021363226895809426,3to4
1896,1897,OADMET-0003477,5.9,train,5to6,4,0.0019066879596574906,0.0074381217659703815,0.12251640752147677,0.4201515281257381,0.44798725462715727,gte6
1897,1898,OADMET-0003476,4.79,train,4to5,1,0.007337131421332029,0.036939836453667635,0.2595571238431417,0.3897086022188456,0.30645730606301297,5to6
1898,1899,OADMET-0003475,4.9,train,4to5,3,0.009398909373198722,0.06581515135071381,0.5593196205731445,0.32642659848953226,0.03903972021341063,4to5
1899,1900,OADMET-0003474,5.89,train,5to6,2,6.692047729777906e-05,0.0005151406135317543,0.022371678571208406,0.3334306909081737,0.6436155694297884,gte6
1900,1901,OADMET-0003473,5.98,train,5to6,2,0.0002546416513494726,0.0026959996582146457,0.08101357818352106,0.48654651941520394,0.4294892610917109,5to6
1901,1902,OADMET-0003472,6.015000000000001,train,gte6,0,0.0009600048639625249,0.008090537031065218,0.054746605385768615,0.36712035489753775,0.5690824978216659,gte6
1902,1903,OADMET-0003471,5.4,train,5to6,0,0.0016824208504065364,0.013268812628928869,0.3559582896269013,0.5200910826433888,0.10899939425037453,5to6
1903,1904,OADMET-0003470,5.82,train,5to6,1,0.001705501286017955,0.015465557971821316,0.28618486726226916,0.5279741104682546,0.16866996301163698,5to6
1904,1905,OADMET-0003469,4.82,train,4to5,4,0.0008460894289457389,0.005438897649183719,0.2584629304807066,0.5765818241344933,0.15867025830667061,5to6
1905,1906,OADMET-0003468,1.85,train,lt3,0,0.046474684638737426,0.21400547082685503,0.522312963747854,0.17242142892038181,0.044785451866171756,4to5
1906,1907,OADMET-0003467,6.494999999999999,train,gte6,1,0.0002473890784282576,0.0026660028410446864,0.03401347253706012,0.35183984082173536,0.6112332947217316,gte6
1907,1908,OADMET-0003466,5.3,train,5to6,0,0.000244466413093145,0.0028459010624212262,0.15776333200914533,0.6070286030944336,0.23211769742090663,5to6
1908,1909,OADMET-0003465,5.54,train,5to6,1,0.00012338327015251496,0.002218026838628465,0.06551158990022267,0.46086730264088027,0.47127969735011604,gte6
1909,1910,OADMET-0003464,5.16,train,5to6,1,0.001443742240863868,0.011970776501554797,0.3000308134112916,0.5142401214976552,0.17231454634863455,5to6
1910,1911,OADMET-0003463,5.14,train,5to6,3,0.0007097273828715515,0.002643100596507223,0.018190632899929653,0.19377858291605082,0.7846779562046408,gte6
1911,1912,OADMET-0003462,4.92,train,4to5,1,0.001724653554373609,0.013512633015652527,0.3318243375361185,0.5106498676928614,0.14228850820099406,5to6
1912,1913,OADMET-0003461,1.76,train,lt3,3,0.3432662451863953,0.5302442257919475,0.09060823824564869,0.011064565627174245,0.02481672514883431,3to4
1913,1914,OADMET-0003460,5.555,train,5to6,2,0.0030439064970557567,0.018920579718130815,0.46840568864367266,0.4571298012777463,0.05250002386339448,4to5
1914,1915,OADMET-0003459,5.04,train,5to6,1,0.0003789922404603233,0.00501872941813012,0.13320700032223534,0.535172132619288,0.3262231453998862,5to6
1915,1916,OADMET-0003458,2.05,train,lt3,1,0.26040187187043723,0.4739291614972521,0.19887023941945017,0.03805319922357948,0.02874552798928103,3to4
1916,1917,OADMET-0003457,5.25,train,5to6,4,0.05885908051475197,0.1973046526112009,0.5278822222939299,0.17431193720036697,0.041642107379750215,4to5
1917,1918,OADMET-0003456,1.79,train,lt3,0,0.33706898313369005,0.5483271016334227,0.0833544080771642,0.01152000976681733,0.01972949738890578,3to4
1918,1919,OADMET-0003455,5.47,train,5to6,1,0.0013717905974662146,0.011927566922511429,0.2682916409586334,0.545787609591668,0.17262139192972087,5to6
1919,1920,OADMET-0003454,1.78,train,lt3,2,0.1927008235650367,0.5088477872921467,0.24784622288810712,0.03224791676498717,0.018357249489722293,3to4
1920,1921,OADMET-0003453,5.28,train,5to6,3,0.001948426873409716,0.014270181255972033,0.22634314679148498,0.5597979225663282,0.19764032251280508,5to6
1921,1922,OADMET-0003452,5.67,train,5to6,3,0.0007010195643200158,0.0053511357109350425,0.11345415752061255,0.4396846973235468,0.44080898988058553,gte6
1922,1923,OADMET-0003451,5.66,train,5to6,4,0.00021627360780877432,0.0015406371388125499,0.10564811675975232,0.5259731710855289,0.36662180140809747,5to6
1923,1924,OADMET-0003450,5.28,train,5to6,4,0.005298503324209027,0.02383967890160419,0.32809687471494253,0.4385585196896876,0.2042064233695566,5to6
1924,1925,OADMET-0003449,5.57,train,5to6,0,0.008546644933198606,0.05973204675712497,0.5513814759620844,0.3338782532832544,0.046461579064337635,4to5
1925,1926,OADMET-0003448,5.01,train,5to6,2,0.0108678906690688,0.054462446595880884,0.5470185758718967,0.3572957737205524,0.030355313142601214,4to5
1926,1927,OADMET-0003447,5.49,train,5to6,1,0.0021295529255560214,0.019118374569683794,0.37183941103218887,0.4990202877488041,0.10789237372376721,5to6
1927,1928,OADMET-0003446,5.35,train,5to6,4,0.002297424025098037,0.009983392485794152,0.17649042700866233,0.45035252216228006,0.36087623431816546,5to6
1928,1929,OADMET-0003445,5.21,train,5to6,3,0.0003932955634481192,0.003610559648697618,0.07986881383790609,0.4423116632728389,0.4738156676771093,gte6
1929,1930,OADMET-0003444,2.55,train,lt3,4,0.27352171575885476,0.570865857825569,0.1343147429126088,0.00984144842576993,0.011456235077197504,3to4
1930,1931,OADMET-0003443,2.49,train,lt3,2,0.30793915917228626,0.5239594960080294,0.12236126010874711,0.017280356250390712,0.028459728460546535,3to4
1931,1932,OADMET-0003442,6.325,train,gte6,4,0.00010983128933499608,0.000530901928231353,0.03302296133949193,0.34605057800472044,0.6202857274382213,gte6
1932,1933,OADMET-0003441,5.75,train,5to6,4,0.0011383714583008365,0.0034927800369340786,0.07685465614144525,0.366478955909165,0.5520352364541548,gte6
1933,1934,OADMET-0003440,5.49,train,5to6,0,0.0020920971947213304,0.015297196858901985,0.19976538489490767,0.49380472474896137,0.28904059630250767,5to6
1934,1935,OADMET-0003439,5.33,train,5to6,1,0.001629287056539834,0.01387801691754211,0.2568612854613557,0.5423951453312117,0.18523626523335063,5to6
1935,1936,OADMET-0003438,6.0,train,5to6,2,0.00010251491135274544,0.0010744403618330811,0.11444103012450821,0.5859895583422801,0.298392456260026,5to6
1936,1937,OADMET-0003437,5.955,train,5to6,3,0.0006656288886363771,0.006985140960846756,0.1734718265834679,0.5366212365182055,0.28225616704884354,5to6
1937,1938,OADMET-0003436,5.859999999999999,train,5to6,3,0.00012248521704921094,0.0014605368528343835,0.08645798290090072,0.5164722814684891,0.3954867135607266,5to6
1938,1939,OADMET-0003435,5.56,train,5to6,2,0.00046097483153341245,0.0044832371027142956,0.09335463106015189,0.5151380497523175,0.38656310725328286,5to6
1939,1940,OADMET-0003434,6.01,train,gte6,0,0.022683548911839945,0.09709213348541706,0.3667635198650074,0.3710834557572339,0.14237734198050173,5to6
1940,1941,OADMET-0003433,5.83,train,5to6,4,5.699641639949708e-05,0.00020428654796402482,0.016531305011136394,0.29158958128627716,0.6916178307382229,gte6
1941,1942,OADMET-0003432,5.48,train,5to6,0,0.0010497061963566866,0.009600767405294327,0.1769693706986284,0.5595153897860622,0.25286476591365836,5to6
1942,1943,OADMET-0003431,5.7,train,5to6,4,0.000909918277809147,0.005590938024839288,0.18998490250729472,0.48811355173527354,0.31540068945478333,5to6
1943,1944,OADMET-0003430,3.79,train,3to4,3,0.13977702176370832,0.4349910517883272,0.34894490037430054,0.05504134167539749,0.02124568439826642,3to4
1944,1945,OADMET-0003429,5.31,train,5to6,1,0.0005668090380727323,0.006555031604469524,0.09762022770995453,0.43316913213328906,0.46208879951421417,gte6
1945,1946,OADMET-0003428,5.09,train,5to6,0,0.00910387872207978,0.05475730081784943,0.48799812501681505,0.3807583493975912,0.06738234604566459,4to5
1946,1947,OADMET-0003427,5.34,train,5to6,2,0.00036309193566144487,0.002150463390975748,0.01831641221663627,0.23205400841272897,0.7471160240439976,gte6
1947,1948,OADMET-0003426,5.49,train,5to6,1,0.00012217190100426034,0.0013298476287293922,0.04107615032406247,0.348684166422428,0.6087876637237759,gte6
1948,1949,OADMET-0003425,5.59,train,5to6,4,0.0029804460064458502,0.01225054276048271,0.17219443787638247,0.45034981214317776,0.3622247612135112,5to6
1949,1950,OADMET-0003424,5.69,train,5to6,0,0.0005355982716480747,0.005085145722753709,0.09956590348178221,0.4729678159219593,0.42184553660185675,5to6
1950,1951,OADMET-0003423,3.0,train,lt3,3,0.1345053752176063,0.42576116006254283,0.348068771153176,0.05601814347492051,0.03564655009175427,3to4
1951,1952,OADMET-0003422,5.53,train,5to6,2,0.0005704455751837655,0.004586628337858892,0.17550179703163904,0.5792100646293651,0.24013106442595322,5to6
1952,1953,OADMET-0003421,3.38,train,3to4,2,0.2405121872038918,0.4226547354802567,0.21525067973046555,0.04648732211947643,0.0750950754659095,3to4
1953,1954,OADMET-0003420,5.3,train,5to6,1,0.00010093740644234798,0.0015869029446951384,0.04121030272833459,0.35301096538963717,0.6040908915308908,gte6
1954,1955,OADMET-0003419,5.68,train,5to6,0,0.00025465912254065125,0.0019448860156173467,0.0286603918106513,0.30036404123086596,0.6687760218203247,gte6
1955,1956,OADMET-0003418,5.44,train,5to6,1,0.00527356123556659,0.020564214386351636,0.14388460801285724,0.3682644211165317,0.4620131952486929,gte6
1956,1957,OADMET-0003417,5.87,train,5to6,2,0.000567300822289246,0.002451733431792817,0.0163454207095892,0.19103482198812863,0.7896007230482001,gte6
1957,1958,OADMET-0003416,4.81,train,4to5,3,0.21897275745868683,0.5356115102767944,0.19872382283210754,0.022664299234747887,0.024027610197663307,3to4
1958,1959,OADMET-0003415,5.89,train,5to6,2,0.007003973095395293,0.03493634399897328,0.24398187927631942,0.4732391754401281,0.24083862818918386,5to6
1959,1960,OADMET-0003414,6.845,train,gte6,2,0.00022128775708512758,0.002560758308116125,0.09750140482069194,0.5597892585506111,0.3399272905634957,5to6
1960,1961,OADMET-0003413,5.54,train,5to6,4,0.00024242606840921076,0.001863580609907992,0.13868818160095686,0.5812114079360551,0.2779944037846709,5to6
1961,1962,OADMET-0003412,5.975,train,5to6,1,5.332141855737432e-05,0.0009387021954840175,0.03612897899963228,0.38700574447235075,0.5758732529139755,gte6
1962,1963,OADMET-0003411,5.8,train,5to6,1,0.00013373558618438988,0.0017937499992200174,0.04708945869357455,0.36468247589507735,0.5863005798259436,gte6
1963,1964,OADMET-0003410,2.28,train,lt3,3,0.22126306675845037,0.5599766990541544,0.18866209756084568,0.016566388370716528,0.013531748255833045,3to4
1964,1965,OADMET-0003409,6.41,train,gte6,1,0.00010771199209989349,0.001624583318318797,0.0415194271292303,0.38868714614490557,0.5680611314154455,gte6
1965,1966,OADMET-0003408,5.45,train,5to6,1,0.0048729592977690426,0.029490868783198752,0.4009524144604815,0.39700780871727315,0.16767594874127753,4to5
1966,1967,OADMET-0003407,5.48,train,5to6,2,0.0009953526330570383,0.004218863795868132,0.04836365215912125,0.25878831786371725,0.6876338135482363,gte6
1967,1968,OADMET-0003406,5.85,train,5to6,3,0.00012798163495308893,0.0014258311107075532,0.10897960496227117,0.5712757697414547,0.3181908125506135,5to6
1968,1969,OADMET-0003405,2.42,train,lt3,0,0.4238528255001616,0.5448768662619448,0.022344015242157303,0.001911766103242834,0.007014526892493472,3to4
1969,1970,OADMET-0003404,5.88,train,5to6,0,0.0003390673677621825,0.0042207809329726925,0.10056089649079251,0.5053427835145248,0.3895364716939479,5to6
1970,1971,OADMET-0003403,5.61,train,5to6,2,0.0008169308418824422,0.005022953728614679,0.17777943605970958,0.5535621641455328,0.2628185152242605,5to6
1971,1972,OADMET-0003402,5.81,train,5to6,0,0.0006780658045105226,0.00670134731437089,0.19090075495305933,0.5607518466911284,0.2409679852369309,5to6
1972,1973,OADMET-0003401,5.25,train,5to6,2,0.0003956182229694788,0.003933776995665506,0.16279132226899992,0.5930577953290094,0.23982148718335572,5to6
1973,1974,OADMET-0003400,5.38,train,5to6,0,0.001598358276480472,0.009876277333377464,0.23245462859120378,0.5036801117954407,0.2523906240034976,5to6
1974,1975,OADMET-0003399,5.3,train,5to6,3,0.0001642772343476182,0.0016878705646432334,0.11185072941049792,0.5503478334938198,0.3359492892966915,5to6
1975,1976,OADMET-0003398,5.33,train,5to6,2,0.00047660860311767673,0.0042608934212803665,0.19031140100237903,0.6038898791373205,0.20106121783590242,5to6
1976,1977,OADMET-0003397,6.470000000000001,train,gte6,2,0.0022340819949754173,0.006914251559639774,0.03465727009551872,0.23972247803280047,0.7164719183170656,gte6
1977,1978,OADMET-0003396,5.33,train,5to6,0,0.0006056738601916551,0.005526686851935008,0.05951965048262041,0.3645702192532263,0.5697777695520266,gte6
1978,1979,OADMET-0003395,5.58,train,5to6,2,0.000423191146716403,0.003401923943595247,0.08533159690846034,0.46689623853823814,0.44394704946298985,5to6
1979,1980,OADMET-0003394,1.74,train,lt3,3,0.3490116886119086,0.5696632252781111,0.06309018269393085,0.0057838759250382985,0.012451027491011128,3to4
1980,1981,OADMET-0003393,1.97,train,lt3,3,0.26223548514110545,0.5877033307858743,0.1265925431644765,0.010630665981285294,0.012837974927258447,3to4
1981,1982,OADMET-0003392,3.33,train,3to4,0,0.5964716620124124,0.37165033488471233,0.01346236269186023,0.002052595355082624,0.016363045055932432,lt3
1982,1983,OADMET-0003391,5.06,train,5to6,2,0.000990251112402454,0.007750826216330513,0.26439742140314276,0.572885353699208,0.15397614756891626,5to6
1983,1984,OADMET-0003390,5.29,train,5to6,3,0.0023355497815491415,0.019008939952992788,0.38415088981284606,0.5069090092537761,0.08759561119883592,5to6
1984,1985,OADMET-0003389,5.31,train,5to6,4,0.0011168890195811737,0.0074814922975165055,0.2255645753129272,0.5168122447038868,0.24902479866608834,5to6
1985,1986,OADMET-0003388,5.5,train,5to6,4,0.00020771641200242072,0.0010965461952020144,0.048258182142407964,0.38122451685396364,0.569213038396424,gte6
1986,1987,OADMET-0003387,4.97,train,4to5,4,0.011290676723559547,0.0593026867612796,0.5311651746755067,0.3401254364829445,0.05811602535670958,4to5
1987,1988,OADMET-0003386,3.35,train,3to4,3,0.430559886341174,0.526517847201779,0.03281845022478687,0.0023239915270641073,0.007779824705196032,3to4
1988,1989,OADMET-0003385,5.48,train,5to6,3,0.004373871960910136,0.028687458865201132,0.37305734613474206,0.4606117070056966,0.13326961603345006,5to6
1989,1990,OADMET-0003384,5.16,train,5to6,1,0.000169867939714071,0.002530548706674866,0.08794949152024355,0.46273404087777376,0.44661605095559376,5to6
1990,1991,OADMET-0003383,5.38,train,5to6,0,0.02463444230577192,0.1535959782601901,0.606790758416401,0.1812288246591082,0.03374999635852887,4to5
1991,1992,OADMET-0003381,4.635,train,4to5,0,0.12258868755838787,0.3231709921596273,0.3784152595580761,0.09632355046513341,0.07950151025877528,4to5
1992,1993,OADMET-0003380,5.02,train,5to6,4,0.003933098425883743,0.02143782636966818,0.4438573484514466,0.4543197213960213,0.07645200535698021,5to6
1993,1994,OADMET-0003379,5.68,train,5to6,1,0.0017462500101489424,0.012466363915056315,0.35086489585606534,0.49778432876715595,0.13713816145157348,5to6
1994,1995,OADMET-0003378,5.51,train,5to6,4,0.0007713860645368344,0.0050724710972195036,0.23620399260772038,0.5815015890458214,0.1764505611847019,5to6
1995,1996,OADMET-0003377,5.57,train,5to6,1,0.0073346641361118495,0.033057658386633174,0.2981510923139263,0.408619206758475,0.2528373784048537,5to6
1996,1997,OADMET-0003376,5.81,train,5to6,0,0.0005126118425195956,0.003797878018225169,0.03758085261607406,0.2922854819323395,0.6658231755908417,gte6
1997,1998,OADMET-0003375,5.19,train,5to6,1,0.006815996951446146,0.046741601605426786,0.5560208774474128,0.33634994111794914,0.05407158287776509,4to5
1998,1999,OADMET-0003374,5.16,train,5to6,3,0.0004819771953228732,0.004750381784361144,0.10707690035501594,0.5090388757293307,0.3786518649359693,5to6
1999,2000,OADMET-0003373,1.86,train,lt3,1,0.2596492932357722,0.5667718358594449,0.14190276730372364,0.017776797546330964,0.013899306054728262,3to4
2000,2001,OADMET-0003372,5.37,train,5to6,4,9.408439486347173e-05,0.00027386555539066763,0.015751845852149563,0.24883663208033033,0.735043572117266,gte6
2001,2002,OADMET-0003371,5.05,train,5to6,1,0.011469449677028511,0.05951626137619821,0.48097937582463957,0.3471281774769995,0.10090673564513422,4to5
2002,2003,OADMET-0003370,2.45,train,lt3,3,0.32700048023743344,0.5342890208295489,0.10331706313670737,0.011493618996128349,0.02389981680018196,3to4
2003,2004,OADMET-0003369,1.96,train,lt3,0,0.40610188669447767,0.5390496109747002,0.03909131094647384,0.0036369416185885162,0.01212024976575978,3to4
2004,2005,OADMET-0003368,6.27,train,gte6,4,0.0005662347369588161,0.002298714756975061,0.05434087500991587,0.32105027666892316,0.621743898827227,gte6
2005,2006,OADMET-0003367,5.56,train,5to6,2,0.0012840880884945824,0.009590054593141755,0.3039488707143257,0.5747237044260357,0.1104532821780023,5to6
2006,2007,OADMET-0003366,5.59,train,5to6,4,0.03619021204255679,0.16000634551053006,0.5553315919289856,0.2050181642548603,0.04345368626306717,4to5
2007,2008,OADMET-0003365,5.58,train,5to6,0,0.0001048329430331842,0.0010952059335435555,0.039106030973629184,0.3817097572433875,0.5779841729064066,gte6
2008,2009,OADMET-0003364,3.18,train,3to4,4,0.0011829506941979403,0.007000251734282225,0.21264253742389733,0.5349318431829904,0.24424241696463214,5to6
2009,2010,OADMET-0003363,5.84,train,5to6,4,0.00475448010291897,0.013290143930738954,0.11276084489195096,0.33118129671016483,0.5380132343642263,gte6
2010,2011,OADMET-0003362,5.61,train,5to6,0,0.0006623873868314649,0.006521447829571883,0.21192891253071353,0.5515084099411102,0.22937884231177294,5to6
2011,2012,OADMET-0003361,1.88,train,lt3,4,0.49843251730641863,0.44752230958740186,0.029228623856374432,0.0016300057578299873,0.023186543491975117,lt3
2012,2013,OADMET-0003360,5.39,train,5to6,1,0.0022346177856384904,0.014042276408950366,0.2247695101001748,0.4798134421497246,0.27914015355551175,5to6
2013,2014,OADMET-0003358,4.86,train,4to5,0,0.010335541072755935,0.05152415447560215,0.40038588273060677,0.40925186560268567,0.1285025561183495,5to6
2014,2015,OADMET-0003357,6.255,train,gte6,1,7.860133610400798e-05,0.0007778184060385259,0.012133946132876217,0.21374609319531432,0.773263540929667,gte6
2015,2016,OADMET-0003356,5.45,train,5to6,1,0.0006338731623763582,0.004940903749618019,0.12957565496990336,0.43379959499423826,0.431049973123864,5to6
2016,2017,OADMET-0003355,2.96,train,lt3,0,0.23163345628703724,0.45393714646948236,0.2030354306327956,0.03458695884486257,0.07680700776582217,3to4
2017,2018,OADMET-0003354,3.9,train,3to4,1,0.5582203560919586,0.40160284238516697,0.017885911235282378,0.004639018539914317,0.017651871747677683,lt3
2018,2019,OADMET-0003353,5.64,train,5to6,3,0.0014147607387449532,0.011317272865404895,0.2780727265120188,0.5575759644055548,0.15161927547827656,5to6
2019,2020,OADMET-0003352,5.59,train,5to6,3,0.00021998302445418717,0.002609256246498843,0.11644228802996928,0.542615723580519,0.3381127491185587,5to6
2020,2021,OADMET-0003351,5.07,train,5to6,2,0.0027489103172055607,0.01744720699304933,0.30459159385717216,0.538241680426585,0.13697060840598785,5to6
2021,2022,OADMET-0003350,5.82,train,5to6,2,0.0004359147049084606,0.004154701775842997,0.1748330617787443,0.5740071020087182,0.24656921973178605,5to6
2022,2023,OADMET-0003349,5.41,train,5to6,0,0.0009248725584073631,0.008568609830268739,0.21651052836329046,0.5504206864455643,0.2235753028024691,5to6
2023,2024,OADMET-0003348,6.33,train,gte6,1,0.000615277241910102,0.005868734619310958,0.22783942168381902,0.5612291377931018,0.20444742866185805,5to6
2024,2025,OADMET-0003347,5.83,train,5to6,3,0.0016863302690479176,0.011509866087832894,0.11223321214346396,0.45279636223335573,0.4217742292662995,5to6
2025,2026,OADMET-0003346,5.34,train,5to6,3,0.00555532352430824,0.0392882507077,0.5063692088443653,0.39433104888717735,0.05445616803644909,4to5
2026,2027,OADMET-0003345,4.975,train,4to5,3,0.0026559778869540817,0.010683166942280348,0.07666557464989461,0.3446261332004257,0.5653691473204453,gte6
2027,2028,OADMET-0003344,6.26,train,gte6,4,0.002383171616243893,0.01109910120962711,0.22210522326983845,0.45294053037376003,0.3114719735305305,5to6
2028,2029,OADMET-0003343,5.965,train,5to6,2,0.001851174020459862,0.009751424360705004,0.07950013253097549,0.38492390477869337,0.5239733643091663,gte6
2029,2030,OADMET-0003342,5.38,train,5to6,2,0.004977740199037188,0.027478895262512706,0.2929573567820383,0.5210618221443348,0.15352418561207695,5to6
2030,2031,OADMET-0003341,6.09,train,gte6,0,0.0019495427366981247,0.005320374258798754,0.01867417573196549,0.15128521253138205,0.8227706947411556,gte6
2031,2032,OADMET-0003340,4.98,train,4to5,2,0.00022175822663323764,0.0021147601261000287,0.16018544887732983,0.624455303913839,0.21302272885609794,5to6
2032,2033,OADMET-0003339,2.62,train,lt3,4,0.5126984473733615,0.4536682749474827,0.017326678263802932,0.0006400799309797152,0.01566651948437323,lt3
2033,2034,OADMET-0003338,5.42,train,5to6,0,0.0027417111529027412,0.017814984146915732,0.23285863773095672,0.5031116492350776,0.2434730177341472,5to6
2034,2035,OADMET-0003337,5.01,train,5to6,2,0.0004046786379729965,0.0034885658081404117,0.06794179547886635,0.4664902691161425,0.46167469095887775,5to6
2035,2036,OADMET-0003336,5.65,train,5to6,3,0.00013878302399696288,0.0011562952748685332,0.021327290211937966,0.2817822632410269,0.6955953682481696,gte6
2036,2037,OADMET-0003335,1.85,train,lt3,0,0.03555756434798241,0.20114530622959137,0.581657886505127,0.14791655540466309,0.033722687512636185,4to5
2037,2038,OADMET-0003334,6.16,train,gte6,1,0.0011086199225346332,0.0051843996895616536,0.03350498021752594,0.26177083406785334,0.6984311661025244,gte6
2038,2039,OADMET-0003333,5.44,train,5to6,4,7.918438449110155e-05,0.0006317857149960894,0.0814135069811429,0.5544860330287471,0.3633894898906228,5to6
2039,2040,OADMET-0003332,5.29,train,5to6,0,0.0005593864260575238,0.006355558738365852,0.0953125394740694,0.4831208993201443,0.4146516160413629,5to6
2040,2041,OADMET-0003331,5.67,train,5to6,2,0.0035223428785036326,0.019825213271368613,0.29872901172632316,0.5043412603152422,0.17358217180856245,5to6
2041,2042,OADMET-0003330,5.29,train,5to6,0,0.0007228098453066532,0.006733019146803188,0.21278562434596293,0.553433817112195,0.22632472954973226,5to6
2042,2043,OADMET-0003329,5.67,train,5to6,0,0.021051371744572375,0.08787257338894161,0.3988480917959225,0.3352479978403747,0.1569799652301888,4to5
2043,2044,OADMET-0003328,5.13,train,5to6,0,0.0013372496651087667,0.006698467394304542,0.04023869762987919,0.27349755540481,0.6782280299058975,gte6
2044,2045,OADMET-0003327,5.69,train,5to6,4,0.00011528838375365874,0.0005982768417527488,0.05987164679122277,0.48297461289965365,0.4564401750836172,5to6
2045,2046,OADMET-0003326,5.39,train,5to6,2,0.009482297799080296,0.04240094759759816,0.4831033521081378,0.3930622236749695,0.07195117882021423,4to5
2046,2047,OADMET-0003325,5.69,train,5to6,4,0.00019264943766434246,0.0013926370992762838,0.10021363603010443,0.5317337928185316,0.36646728461442335,5to6
2047,2048,OADMET-0003324,5.86,train,5to6,4,0.002376348512470084,0.012916699235308603,0.28012407223870245,0.4978117715489394,0.20677110846457947,5to6
2048,2049,OADMET-0003323,2.69,train,lt3,0,0.317553481004378,0.5284466487009253,0.10744527672764295,0.015277657708300633,0.031276935858753116,3to4
2049,2050,OADMET-0003322,6.23,train,gte6,3,0.0005111729216497862,0.004873161627839557,0.23512927985289522,0.5856890031903765,0.1737973824072389,5to6
2050,2051,OADMET-0003321,5.84,train,5to6,4,0.0005141929832866085,0.0017777072877297683,0.04294618683158795,0.30061487003840986,0.6541470428589858,gte6
2051,2052,OADMET-0003320,5.24,train,5to6,4,0.0004764781183498634,0.003357501567067203,0.15451360206178893,0.5349685112032742,0.30668390704951987,5to6
2052,2053,OADMET-0003319,5.13,train,5to6,4,0.0002269103083989571,0.001665335461419689,0.11852667966701741,0.5414085269848058,0.33817254757835813,5to6
2053,2054,OADMET-0003318,5.45,train,5to6,0,0.008946615412917419,0.05045097028619283,0.4280837842053029,0.41596538487021956,0.09655324522536729,4to5
2054,2055,OADMET-0003317,2.65,train,lt3,0,0.5288287014578906,0.40070244720658094,0.029305970016383895,0.004863338655073117,0.036299542664071455,lt3
2055,2056,OADMET-0003316,5.945,train,5to6,2,0.00023902959955907026,0.0017476275204297384,0.03525611172379413,0.35091219209290436,0.6118450390633127,gte6
2056,2057,OADMET-0003315,5.1,train,5to6,1,0.11622007017999783,0.251427259274911,0.4246575471064814,0.14854776637930026,0.05914735705930953,4to5
2057,2058,OADMET-0003314,5.77,train,5to6,3,0.0007914811865490576,0.007025663351614988,0.24954426395903928,0.5845237050399552,0.15811488646284141,5to6
2058,2059,OADMET-0003313,3.31,train,3to4,2,0.3514740765094757,0.4827125668525696,0.09818276017904282,0.017090581357479095,0.0505400151014328,3to4
2059,2060,OADMET-0003312,5.865,train,5to6,4,0.0012411658866374213,0.00791905990593177,0.2514570602502757,0.5347788225566601,0.20460389140049495,5to6
2060,2061,OADMET-0003311,5.78,train,5to6,3,0.00023433141575279705,0.0023322448944630533,0.12511799664948328,0.5663870317458904,0.3059283952944104,5to6
2061,2062,OADMET-0003310,5.64,train,5to6,1,0.00731445713086969,0.038690845354574316,0.43296673897610854,0.38090783002523654,0.14012012851321093,4to5
2062,2063,OADMET-0003309,5.33,train,5to6,3,0.0003507197718596534,0.0027664088660781135,0.041479724019272066,0.37085952128701566,0.5845436260557746,gte6
2063,2064,OADMET-0003308,5.0,train,4to5,1,0.0029327893230965286,0.019943053264999334,0.3640789455729904,0.45926899551949035,0.15377621631942337,5to6
2064,2065,OADMET-0003306,5.76,train,5to6,4,0.00014810975754179508,0.00037708075391355074,0.012824607129300055,0.19128379296711306,0.7953664093921315,gte6
2065,2066,OADMET-0003305,1.83,train,lt3,1,0.028823203264802574,0.12976294272531036,0.5645643262354908,0.20691477481593284,0.0699347529584634,4to5
2066,2067,OADMET-0003303,5.62,train,5to6,0,0.0012472359947687146,0.012068834654381374,0.2132400644852384,0.5664059316677709,0.20703793319784064,5to6
2067,2068,OADMET-0003302,4.86,train,4to5,3,0.030749067577013924,0.14308137527764334,0.551720412640521,0.22275247966000228,0.05169666484481955,4to5
2068,2069,OADMET-0003301,5.42,train,5to6,2,0.0007377913598877168,0.005884921666148579,0.22389227236580322,0.5653933904104965,0.20409162419766394,5to6
2069,2070,OADMET-0003300,5.27,train,5to6,4,0.0011089211267851975,0.007416560273152439,0.25353824950640136,0.5454362004319045,0.19250006866175642,5to6
2070,2071,OADMET-0003299,4.75,train,4to5,1,0.004261778521419662,0.030155934791595444,0.4246286472143662,0.448641810673909,0.09231182879870964,5to6
2071,2072,OADMET-0003298,5.85,train,5to6,4,0.00040680026883325397,0.0026015047552610986,0.10036010900301358,0.4662029082156021,0.43042867775728993,5to6
2072,2073,OADMET-0003297,5.55,train,5to6,2,0.002028811632298903,0.010528321838602937,0.06601154509135135,0.351983352661877,0.5694479687758698,gte6
2073,2074,OADMET-0003296,5.77,train,5to6,1,0.00010703881070642891,0.0013783247093787454,0.027319973565651228,0.38499549356758334,0.5861991693466803,gte6
2074,2075,OADMET-0003295,1.73,train,lt3,3,0.024080329025814574,0.11378849343392945,0.4582262651594975,0.32241098091087794,0.08149393146988053,4to5
2075,2076,OADMET-0003294,5.23,train,5to6,2,0.00028888758602165724,0.0022828271321522105,0.1907925730464297,0.6205248753601367,0.1861108368752598,5to6
2076,2077,OADMET-0003293,5.25,train,5to6,2,0.004641329774531298,0.02730997968388763,0.5081224337418624,0.41166900744967333,0.048257249350045356,4to5
2077,2078,OADMET-0003292,5.43,train,5to6,4,9.03548884105469e-05,0.0003031453890485174,0.018650338510602084,0.2842442462937497,0.6967119149181891,gte6
2078,2079,OADMET-0003291,5.865,train,5to6,4,0.0008778499723112566,0.00611449579145058,0.24691123748777896,0.5614592912677031,0.18463712548075611,5to6
2079,2080,OADMET-0003289,5.2,train,5to6,1,0.0005536196298116784,0.0054463817626319595,0.14449968657337614,0.5100667378974638,0.33943357413671643,5to6
2080,2081,OADMET-0003288,5.39,train,5to6,1,0.0017880637183196545,0.014754246331203438,0.3214670291329744,0.5210948378388387,0.14089582297866382,5to6
2081,2082,OADMET-0003287,5.27,train,5to6,3,0.0002599997275514879,0.0015645601577054852,0.034734914442760695,0.31903798991309773,0.6444025357588846,gte6
2082,2083,OADMET-0003286,5.51,train,5to6,0,0.0035791165417396855,0.026315736651765446,0.4435843083668995,0.45935289543849456,0.06716794300110081,5to6
2083,2084,OADMET-0003285,1.73,train,lt3,4,0.004832302724080694,0.02885115355740749,0.45525920751476967,0.4043082924900767,0.10674904371366545,4to5
2084,2085,OADMET-0003284,4.89,train,4to5,2,0.00022394354695128422,0.002532290888752658,0.0644736412381863,0.4842487969824347,0.448521327343675,5to6
2085,2086,OADMET-0003283,5.79,train,5to6,2,0.00027731442304075495,0.0025899983069227854,0.059774246200762486,0.440428526196425,0.496929914872849,gte6
2086,2087,OADMET-0003282,5.55,train,5to6,3,0.0001431036106950357,0.000762908563941016,0.009969486173032008,0.17553109369674275,0.8135934079555892,gte6
2087,2088,OADMET-0003281,5.45,train,5to6,4,0.01013860091360508,0.04306263412441858,0.43824230971571343,0.396177613792157,0.11237884145410595,4to5
2088,2089,OADMET-0003280,5.32,train,5to6,1,0.005119128047841771,0.03151944215090226,0.4723235271953814,0.38432740377709,0.10671049882878458,4to5
2089,2090,OADMET-0003279,4.98,train,4to5,4,0.000630907955864978,0.004093285328601376,0.18445037347127485,0.5663417729086329,0.24448366033562588,5to6
2090,2091,OADMET-0003278,5.31,train,5to6,0,0.0002871177056741022,0.00180260352661271,0.02218785192666448,0.25722501327939057,0.7184974135616581,gte6
2091,2092,OADMET-0003277,5.85,train,5to6,0,0.00030293383202355126,0.0029192283410434073,0.05870275318494005,0.4195877398728816,0.5184873447691114,gte6
2092,2093,OADMET-0003276,5.79,train,5to6,4,0.012428570492459198,0.04344803078678239,0.37845358111540384,0.33406039947993904,0.23160941812541552,4to5
2093,2094,OADMET-0003275,5.96,train,5to6,0,0.0016118412111054362,0.007356210852195106,0.045923861200225596,0.28078662489460754,0.6643214618418664,gte6
2094,2095,OADMET-0003274,1.74,train,lt3,1,0.4603193162215113,0.496560756296476,0.030883739023013612,0.00480029753519533,0.007435890923803773,3to4
2095,2096,OADMET-0003273,5.54,train,5to6,4,6.520103971625679e-05,0.00017670186272227074,0.012714663974881893,0.26538076001424765,0.7216626731084319,gte6
2096,2097,OADMET-0003272,5.13,train,5to6,4,8.416594643969725e-05,0.0005755761236669724,0.06352395146911508,0.49752685013640324,0.43828945632437505,5to6
2097,2098,OADMET-0003271,5.62,train,5to6,0,0.0024395165533285454,0.017503007936703834,0.423764489543135,0.47985731706275697,0.07643566890407567,5to6
2098,2099,OADMET-0003270,5.99,train,5to6,2,9.295048293138361e-05,0.0010820505060125992,0.06989596093116711,0.5098195115419959,0.419109526537893,5to6
2099,2100,OADMET-0003269,5.83,train,5to6,1,0.023260901573965567,0.10034031776053093,0.5495950178099895,0.25070140652978185,0.07610235632573212,4to5
2100,2101,OADMET-0003268,4.99,train,4to5,2,0.009662257201488368,0.049571143756230465,0.5570338788077683,0.3491104134640153,0.03462230677049753,4to5
2101,2102,OADMET-0003267,1.75,train,lt3,1,0.1209026575088501,0.3721359074115753,0.3853215277194977,0.08361732959747314,0.03802257776260376,4to5
2102,2103,OADMET-0003266,6.18,train,gte6,4,0.00026549699647540387,0.0005375856615463572,0.014547789074481952,0.18676374051224148,0.7978853877552549,gte6
2103,2104,OADMET-0003265,5.15,train,5to6,0,0.0008482603445884597,0.005932373360242446,0.06004822897876226,0.36310725791256965,0.5700638794038372,gte6
2104,2105,OADMET-0003264,5.265000000000001,train,5to6,1,0.0019873466748195918,0.01456181141796905,0.18164287452554392,0.4873647675067787,0.3144431998748887,5to6
2105,2106,OADMET-0003263,4.78,train,4to5,0,0.07628022134304047,0.19575189054012299,0.31570520997047424,0.22913843393325806,0.18312424421310425,4to5
2106,2107,OADMET-0003262,5.2,train,5to6,1,7.555136870341899e-05,0.0013516735115140376,0.04090062175216659,0.39738848989030295,0.560283663477313,gte6
2107,2108,OADMET-0003261,1.74,train,lt3,3,0.23150237029077608,0.4520757506591343,0.2029261265148988,0.040088986766351475,0.0734067657688393,3to4
2108,2109,OADMET-0003260,5.98,train,5to6,4,0.0003091370149074286,0.0023929695490832008,0.14586402410033264,0.5382500266589704,0.3131838426767064,5to6
2109,2110,OADMET-0003258,6.105,train,gte6,3,0.10972762934660635,0.3366920377067628,0.40571454469646917,0.09627182108366356,0.051593967166498056,4to5
2110,2111,OADMET-0003257,6.6850000000000005,train,gte6,2,0.00024573999362331473,0.0026073241258810025,0.1241814626591772,0.6009725252153173,0.2719929480060012,5to6
2111,2112,OADMET-0003256,5.09,train,5to6,1,0.003760681224143169,0.020748011598787176,0.31456312280853527,0.4297473097589901,0.23118087460954426,5to6
2112,2113,OADMET-0003255,5.18,train,5to6,2,0.0012015335928141986,0.007944012039490944,0.2464324378329392,0.5300294742697527,0.21439254226500304,5to6
2113,2114,OADMET-0003254,2.93,train,lt3,0,0.18439342472592446,0.5225655721088903,0.24719120578818288,0.02932261687084336,0.016527180506159037,3to4
2114,2115,OADMET-0003253,5.47,train,5to6,0,0.0009511296665438476,0.0102306717698349,0.14811973498780576,0.5399895988484661,0.30070886472734937,5to6
2115,2116,OADMET-0003252,5.05,train,5to6,2,0.013778147936687567,0.05278711657848529,0.3650225922181299,0.39375691799199936,0.17465522527469793,5to6
2116,2117,OADMET-0003251,5.1,train,5to6,2,0.0007519482921148131,0.005589131425078853,0.17300373857319812,0.5358218256882299,0.2848333560213783,5to6
2117,2118,OADMET-0003250,5.06,train,5to6,4,5.4289839427432154e-05,0.00025399568407886476,0.025831273570151754,0.37249569178414593,0.6013647491221961,gte6
2118,2119,OADMET-0003249,5.08,train,5to6,1,0.000217001353439873,0.002912472557592328,0.1068551349775563,0.5295225544978056,0.3604928366136058,5to6
2119,2120,OADMET-0003248,1.83,train,lt3,2,0.031560647174545285,0.14560032892822117,0.5718940304702287,0.21940851966039585,0.03153647376660904,4to5
2120,2121,OADMET-0003247,5.26,train,5to6,1,0.0027064871760037346,0.02185300347791004,0.25556391275274265,0.5012445410149371,0.21863205557840645,5to6
2121,2122,OADMET-0003246,5.765000000000001,train,5to6,4,0.10699405122570503,0.24483748358348445,0.3277768370592282,0.14903599958732724,0.17135562854425504,4to5
2122,2123,OADMET-0003245,5.31,train,5to6,4,0.000157658149187902,0.0011350995120403837,0.08965109632717984,0.4945581930184288,0.4144979529931631,5to6
2123,2124,OADMET-0003244,5.99,train,5to6,2,7.978518950563312e-05,0.0009018260710197128,0.03600984049720583,0.4122904221616301,0.5507181260806387,gte6
2124,2125,OADMET-0003243,1.91,train,lt3,3,0.19521965705368688,0.4695022613389998,0.25214752298697146,0.03814957330501685,0.04498098531532502,3to4
2125,2126,OADMET-0003242,5.21,train,5to6,3,0.026028720641678917,0.13603586921349733,0.5575785435512376,0.23771903111287054,0.04263783548071561,4to5
2126,2127,OADMET-0003241,5.83,train,5to6,1,0.0002635994895672943,0.003195462570405933,0.06739559394205086,0.41184971422538064,0.5172956297725952,gte6
2127,2128,OADMET-0003240,6.215,train,gte6,1,0.00032521526312221023,0.0030903488911394363,0.03864510852391026,0.3730580030899776,0.5848813242318505,gte6
2128,2129,OADMET-0003239,3.78,train,3to4,1,0.47683426609411966,0.4748862374182449,0.03384520637880597,0.005907856474118351,0.0085264336347111,lt3
2129,2130,OADMET-0003238,5.19,train,5to6,4,0.00014540277146118848,0.0006986289777196928,0.040993505747369485,0.37810088607012965,0.58006157643332,gte6
2130,2131,OADMET-0003237,5.38,train,5to6,4,0.0002971126639874025,0.002174705837720645,0.11709345189462807,0.5029417577043506,0.37749297189931336,5to6
2131,2132,OADMET-0003236,1.77,train,lt3,3,0.13446275151027148,0.46795699409259234,0.33668930468645974,0.045949475177545995,0.014941474533130418,3to4
2132,2133,OADMET-0003235,5.19,train,5to6,2,0.0002570037662839889,0.0027826203100547475,0.13947786657885985,0.5723105778620916,0.2851719314827098,5to6
2133,2134,OADMET-0003234,5.43,train,5to6,4,0.00017172801641828953,0.0006391949409635856,0.019472346630557438,0.22571622233545752,0.7540005080766031,gte6
2134,2135,OADMET-0003233,5.58,train,5to6,4,0.00027537318263812964,0.001967869596884368,0.1347202886767256,0.5779843030454936,0.28505216549825824,5to6
2135,2136,OADMET-0003232,4.65,train,4to5,3,0.007332047349872155,0.051639523114766314,0.560481743663788,0.3455162378911957,0.03503044798037786,4to5
2136,2137,OADMET-0003231,5.48,train,5to6,1,0.0006736749242255386,0.006101757790933164,0.16733563048591843,0.5253700050038664,0.30051893179505645,5to6
2137,2138,OADMET-0003230,5.29,train,5to6,0,0.002173514444989047,0.014857436328874683,0.11752652209207792,0.4398548223100061,0.4255877048240522,5to6
2138,2139,OADMET-0003229,4.97,train,4to5,4,6.961270206183366e-05,0.00050793861311356,0.05756929095967358,0.48985203689663176,0.45200112082851923,5to6
2139,2140,OADMET-0003228,5.4,train,5to6,2,0.0017051458104098444,0.010381351211784073,0.23995055227546766,0.5647649161735999,0.18319803452873853,5to6
2140,2141,OADMET-0003227,5.21,train,5to6,0,0.008851569805199463,0.04796821104087777,0.37387560649039686,0.43301116089395403,0.13629345176957183,5to6
2141,2142,OADMET-0003226,5.77,train,5to6,3,0.00023864020166592176,0.0028921961408105074,0.08759325628767879,0.5151457719542621,0.3941301354155826,5to6
2142,2143,OADMET-0003225,1.82,train,lt3,1,0.34091828749766606,0.5790490162798941,0.06845242826551005,0.0064725613230598176,0.005107706633869892,3to4
2143,2144,OADMET-0003224,4.12,train,4to5,3,0.0004971217857132158,0.004929450017512814,0.15005468266184774,0.5622307820844406,0.28228796345048573,5to6
2144,2145,OADMET-0003223,5.76,train,5to6,4,0.0018885699372315045,0.012963595854261436,0.37586736556158745,0.4835796723814595,0.12570079626546007,5to6
2145,2146,OADMET-0003222,5.1,train,5to6,1,0.006860817482268045,0.03669488641930776,0.443496595281791,0.3420446961409406,0.17090300467569267,4to5
2146,2147,OADMET-0003221,5.74,train,5to6,4,0.002626128308990011,0.014277880336017531,0.2931018524265016,0.48244495064678167,0.2075491882817092,5to6
2147,2148,OADMET-0003220,5.01,train,5to6,3,0.001284173190035917,0.010827397640253573,0.3093794502156653,0.5467879627054026,0.1317210162486425,5to6
2148,2149,OADMET-0003219,5.17,train,5to6,4,0.017698203452560544,0.04949289739252842,0.3113251504715008,0.35132496174830163,0.27015878693510864,5to6
2149,2150,OADMET-0003218,5.11,train,5to6,3,0.0016601616565704723,0.014252049822426314,0.3175204182964189,0.5301070453282719,0.13646032489631238,5to6
2150,2151,OADMET-0003217,4.220000000000001,train,4to5,3,0.09751780876387675,0.39482643391361316,0.4213494572139456,0.06674601745939591,0.01956028264916854,4to5
2151,2152,OADMET-0003216,1.78,train,lt3,2,0.0280519436657817,0.15871062431361643,0.6184486573995466,0.1779300967809717,0.016858677840083526,4to5
2152,2153,OADMET-0003215,5.14,train,5to6,0,0.0007069498880493695,0.006495514668702446,0.06919140883789547,0.40546743714239525,0.5181386894629575,gte6
2153,2154,OADMET-0003214,5.66,train,5to6,2,0.0015098904308719714,0.011158954388514478,0.26162335361883204,0.5737785119639941,0.15192928959778745,5to6
2154,2155,OADMET-0003213,1.75,train,lt3,4,0.49436509548793156,0.47456327022717865,0.019459662935192877,0.0007771843219920486,0.010834787027704847,lt3
2155,2156,OADMET-0003212,5.98,train,5to6,0,0.00019235964790637533,0.0020351672008841614,0.03818119129330487,0.34283612470877983,0.6167551571491248,gte6
2156,2157,OADMET-0003211,5.6,train,5to6,4,0.0038797629533751966,0.018943512087554234,0.3444748131731762,0.4653465431321897,0.16735536865370468,5to6
2157,2158,OADMET-0003210,5.3,train,5to6,2,0.0016249379401622138,0.010674488608263626,0.34697386177328476,0.5572661803381377,0.08346053134015173,5to6
2158,2159,OADMET-0003209,4.95,train,4to5,2,0.000411638377294741,0.0029924015866125524,0.08043979077665099,0.43152955009921073,0.484626619160231,gte6
2159,2160,OADMET-0003208,5.13,train,5to6,0,0.0011376637951663819,0.010531767758948271,0.3597122875256641,0.5361808312477706,0.09243744967245068,5to6
2160,2161,OADMET-0003207,5.67,train,5to6,1,0.01217482220866051,0.06250561680636381,0.5055066867842274,0.327612126952229,0.09220074724851925,4to5
2161,2162,OADMET-0003206,5.29,train,5to6,3,0.001740214037083767,0.014731813911676201,0.3665425121222513,0.5275494369696277,0.08943602295936094,5to6
2162,2163,OADMET-0003205,5.14,train,5to6,1,0.00138395372907068,0.011496385570146503,0.24395574652026944,0.5034258966366071,0.23973801754390636,5to6
2163,2164,OADMET-0003204,1.87,train,lt3,0,0.4794693997709874,0.3583482959767539,0.03999997891485774,0.01321727544523257,0.1089650498921684,lt3
2164,2165,OADMET-0003203,5.78,train,5to6,1,0.00019050188982962352,0.0019446265927667964,0.025256768228444262,0.29974449107467244,0.6728636122142869,gte6
2165,2166,OADMET-0003202,4.96,train,4to5,2,0.0011465032536915833,0.00987505536113144,0.1746565096211114,0.5646331286608716,0.249688803103194,5to6
2166,2167,OADMET-0003201,5.71,train,5to6,1,9.426655039668519e-05,0.0015129812567078135,0.048455316700302606,0.42359194270461087,0.526345492787982,gte6
2167,2168,OADMET-0003200,5.89,train,5to6,2,0.001119221295773932,0.007005411930925756,0.20922973152826144,0.5366322840550516,0.2460133511899872,5to6
2168,2169,OADMET-0003199,5.78,train,5to6,2,0.010271356702786899,0.021746384424858812,0.06857209950681127,0.23498161095314402,0.664428548412399,gte6
2169,2170,OADMET-0003198,5.68,train,5to6,4,0.0003156550496758978,0.0026924048820973602,0.16844253119948,0.5625672299624642,0.26598217890628256,5to6
2170,2171,OADMET-0003197,5.02,train,5to6,0,0.005098740311148766,0.028325076431167148,0.13442873009261652,0.4223469964900001,0.4098004566750674,5to6
2171,2172,OADMET-0003196,5.16,train,5to6,0,0.003532643020143197,0.022797368467290965,0.3570851677416111,0.495485048255709,0.12109977251524574,5to6
2172,2173,OADMET-0003195,5.22,train,5to6,4,0.001584275571385034,0.00657471947088843,0.12363414206364028,0.4325500896397722,0.43565677325431407,gte6
2173,2174,OADMET-0003194,5.35,train,5to6,2,0.003029271077681391,0.016883374097160845,0.3993206675577224,0.4339657758211094,0.14680091144632598,5to6
2174,2175,OADMET-0003193,1.76,train,lt3,1,0.5892537241701538,0.37674325739661535,0.017125366271590226,0.0043043661902699305,0.012573285971370793,lt3
2175,2176,OADMET-0003192,5.975,train,5to6,2,0.0003893042334699227,0.0027902900819721283,0.0427065926182478,0.3957964065786574,0.5583174064876527,gte6
2176,2177,OADMET-0003191,5.05,train,5to6,4,0.00059201922408365,0.0037247153752110627,0.12842124478535788,0.49314575534871025,0.37411626526663716,5to6
2177,2178,OADMET-0003190,5.66,train,5to6,1,0.0009170793713924758,0.006873684745280118,0.16971532190997718,0.44183446748787236,0.3806594464854779,5to6
2178,2179,OADMET-0003189,4.71,train,4to5,0,0.0009297037111593031,0.008402259161435903,0.37153506599059266,0.5295437023958929,0.08958926874091917,5to6
2179,2180,OADMET-0003188,5.18,train,5to6,2,0.008425340291820661,0.01606547691110923,0.04358475404562673,0.20586169341192656,0.7260627353395168,gte6
2180,2181,OADMET-0003187,5.23,train,5to6,4,0.2786791886921698,0.564365618548586,0.12282515168494827,0.01122852680648598,0.02290151426780998,3to4
2181,2182,OADMET-0003186,6.605,train,gte6,1,0.004135939737085562,0.02427357609057364,0.33161324092757627,0.4587952769143749,0.18118196633038966,5to6
2182,2183,OADMET-0003185,5.27,train,5to6,2,0.006376494813864455,0.032110855790780025,0.34130353593751367,0.4851108017358851,0.13509831172195674,5to6
2183,2184,OADMET-0003184,5.15,train,5to6,4,0.0013251658097088305,0.009810995922065474,0.34165226299517865,0.5295023745553725,0.11770920071767454,5to6
2184,2185,OADMET-0003183,5.4,train,5to6,1,0.0006620926008404803,0.005167791742625357,0.10670011743982602,0.4198918442309294,0.46757815398577873,gte6
2185,2186,OADMET-0003182,5.11,train,5to6,0,0.001620457722013251,0.011930386399713128,0.3739429371610275,0.5060102285830068,0.10649599013423931,5to6
2186,2187,OADMET-0003181,5.64,train,5to6,2,0.0004038525969694759,0.0018141276108041776,0.014786718887524463,0.17773055480939076,0.8052647460953111,gte6
2187,2188,OADMET-0003180,5.27,train,5to6,1,0.007179405654856193,0.035181259878896046,0.36571703553186324,0.4270581394242567,0.16486415951012784,5to6
2188,2189,OADMET-0003179,5.15,train,5to6,1,0.00048586099244471204,0.006306768703364628,0.16036715703566287,0.5520630937209914,0.28077711954753637,5to6
2189,2190,OADMET-0003178,4.81,train,4to5,1,0.007235102382433051,0.04306326450058544,0.498155387111587,0.3720738007578023,0.0794724452475922,4to5
2190,2191,OADMET-0003177,4.6,train,4to5,2,0.059281749967589045,0.2694186498003805,0.528954790150063,0.12286533839979258,0.01947947168217487,4to5
2191,2192,OADMET-0003176,4.78,train,4to5,1,0.0003470519330680017,0.004396302485560448,0.1619644858528293,0.5862884930858967,0.2470036666426455,5to6
2192,2193,OADMET-0003175,4.86,train,4to5,3,0.0023900223740095676,0.019007313872639837,0.3791241323073684,0.5086684789874784,0.09081005245850388,5to6
2193,2194,OADMET-0003174,5.27,train,5to6,4,0.0010314420698468748,0.003320380780814306,0.05973945128514489,0.312950369708481,0.6229583561557129,gte6
2194,2195,OADMET-0003173,6.56,train,gte6,1,6.448552359713393e-05,0.0008048182824017626,0.014684854803306526,0.23965166177326236,0.7447941796174322,gte6
2195,2196,OADMET-0003172,5.46,train,5to6,3,0.00699473357387868,0.04322671137149127,0.4079391948730886,0.4473006716979655,0.09453868848357594,5to6
2196,2197,OADMET-0003171,5.2,train,5to6,0,0.005806315755169642,0.03570365945663668,0.36386293579484824,0.465955083809291,0.12867200518405444,5to6
2197,2198,OADMET-0003170,5.54,train,5to6,2,0.0006757020780027638,0.004825895779986318,0.05901727609178404,0.3892037673555148,0.5462773586947121,gte6
2198,2199,OADMET-0003168,5.08,train,5to6,2,0.008559019011185989,0.03002204224631505,0.1355550688173673,0.4152855586473315,0.41057831127780015,5to6
2199,2200,OADMET-0003167,5.63,train,5to6,2,0.000598495204060629,0.004827404541704604,0.18880075791052056,0.5520973969685693,0.25367594537514493,5to6
2200,2201,OADMET-0003166,5.77,train,5to6,1,0.07515111593585877,0.22318703019316133,0.4795691090806168,0.16351424218533278,0.05857850260503032,4to5
2201,2202,OADMET-0003165,5.74,train,5to6,0,0.0023652071576237632,0.009335001357895141,0.0538010878668119,0.27385235884823816,0.6606463447694311,gte6
2202,2203,OADMET-0003164,4.92,train,4to5,1,0.004699151919231266,0.026531649506356107,0.4225694497807934,0.44101923293416173,0.10518051585945752,5to6
2203,2204,OADMET-0003163,5.3,train,5to6,2,6.79988494088835e-05,0.000787337518173839,0.03620733949566366,0.4078770745025702,0.5550602496341834,gte6
2204,2205,OADMET-0003162,5.55,train,5to6,0,0.01836981007403364,0.10877950145071089,0.5536652032056666,0.27747072890959235,0.04171475635999654,4to5
2205,2206,OADMET-0003161,5.15,train,5to6,2,0.005620676158460444,0.02870034697752932,0.4362498636165272,0.46066088858719934,0.0687682246602837,5to6
2206,2207,OADMET-0003160,3.89,train,3to4,1,0.3434489343803455,0.41578042197391074,0.16439704474510963,0.036625392462123985,0.03974820643851007,3to4
2207,2208,OADMET-0003159,5.1,train,5to6,2,0.0007884246128296795,0.007220963327137607,0.12271413689253373,0.5360594873043073,0.33321698786319165,5to6
2208,2209,OADMET-0003158,6.39,train,gte6,2,0.00705969260685034,0.032163515002091206,0.2943428437000128,0.4641166470086571,0.2023173016823885,5to6
2209,2210,OADMET-0003157,3.03,train,3to4,1,0.021656015040769586,0.08183081127992452,0.47876594578086423,0.3131403800548092,0.10460684784363247,4to5
2210,2211,OADMET-0003156,5.015000000000001,train,5to6,1,0.0028483392458532805,0.01264366032448664,0.09613943028346128,0.36344393817004605,0.5249246319761527,gte6
2211,2212,OADMET-0003155,5.75,train,5to6,1,0.0020223247309631622,0.014886353378772003,0.19202796189352214,0.46992323517936524,0.32114012481737747,5to6
2212,2213,OADMET-0003154,5.6,train,5to6,0,0.0010807575975091614,0.009185493995368959,0.18679700937534213,0.5434994739962817,0.259437265035498,5to6
2213,2214,OADMET-0003153,5.52,train,5to6,4,0.0003453890486394875,0.002691229883910377,0.16780081881164285,0.5409381547523945,0.2882244075034128,5to6
2214,2215,OADMET-0003152,5.29,train,5to6,2,0.0014516666047696093,0.010022466219129647,0.35106605810408825,0.5582297526876417,0.07923005638437079,5to6
2215,2216,OADMET-0003151,5.63,train,5to6,3,0.02863560840152756,0.14995097331958404,0.5683275164791002,0.21180734423807704,0.0412785575617112,4to5
2216,2217,OADMET-0003150,4.86,train,4to5,0,0.0019446697583451608,0.014598001749763733,0.2758984868254721,0.532015026482778,0.1755438151836411,5to6
2217,2218,OADMET-0003149,5.74,train,5to6,3,0.003160437850721771,0.022028787641973024,0.4142775592465443,0.4790807683555893,0.08145244690517156,5to6
2218,2219,OADMET-0003148,5.66,train,5to6,3,0.00017063616104129778,0.0011911022869592934,0.023804887518172887,0.2792333590831892,0.6956000149506373,gte6
2219,2220,OADMET-0003147,1.74,train,lt3,2,0.3618627858862219,0.5465971486437983,0.06980961125600715,0.00897528640800697,0.012755167805965764,3to4
2220,2221,OADMET-0003146,3.64,train,3to4,2,0.30055648200421214,0.45759672096966475,0.14988777097272787,0.030150584988857004,0.061808441064538214,3to4
2221,2222,OADMET-0003145,3.29,train,3to4,1,0.4869992705788504,0.44068333260333165,0.04150468460374688,0.009486515021958304,0.021326197192112744,lt3
2222,2223,OADMET-0003144,5.11,train,5to6,0,0.013554335044453593,0.07969893007573277,0.5045616181064134,0.33156997953563866,0.07061513723776154,4to5
2223,2224,OADMET-0003143,5.68,train,5to6,1,7.799952181484076e-05,0.0013747063481674149,0.02898065278561209,0.3677848159244082,0.6017818254199975,gte6
2224,2225,OADMET-0003142,5.66,train,5to6,1,0.01927531284833617,0.07078616176052432,0.4839995106235247,0.29873909934213366,0.12719991542548115,4to5
2225,2226,OADMET-0003141,5.69,train,5to6,1,0.00047357631400635246,0.0044077623457196785,0.20203281003533044,0.5657355523410584,0.22735029896388512,5to6
2226,2227,OADMET-0003140,1.84,train,lt3,2,0.21770995014041514,0.4442785514676139,0.2536108271363624,0.04524049297691861,0.03916017827868993,3to4
2227,2228,OADMET-0003139,5.25,train,5to6,0,0.004288834395861378,0.03037029603358435,0.3115748375106417,0.4990424667761508,0.1547235652837618,5to6
2228,2229,OADMET-0003138,5.47,train,5to6,1,0.00012111818489845661,0.002114625128505929,0.05074890574575733,0.3942628105079945,0.5527525404328438,gte6
2229,2230,OADMET-0003137,5.28,train,5to6,2,5.874155753886721e-05,0.0006723697041979081,0.04929617605192402,0.48538057153230685,0.46459214115403236,5to6
2230,2231,OADMET-0003136,5.12,train,5to6,1,0.000759322540275749,0.007547932625127953,0.17387211203360295,0.5335569345066488,0.28426369829434456,5to6
2231,2232,OADMET-0003135,5.54,train,5to6,4,0.00032787157033677177,0.0014072303112427189,0.05591861593476258,0.37393949341702176,0.5684067887666362,gte6
2232,2233,OADMET-0003134,5.09,train,5to6,4,0.38039777028269905,0.5544415762702053,0.05351865340192511,0.0026343243901474985,0.009007675655023044,3to4
2233,2234,OADMET-0003133,6.22,train,gte6,3,0.002208045128686388,0.01503162490774348,0.22384375917054383,0.5201556471858447,0.2387609236071816,5to6
2234,2235,OADMET-0003132,4.62,train,4to5,3,0.0003101800724357271,0.0034449892557722427,0.1486276705137838,0.572900719793121,0.27471644036488724,5to6
2235,2236,OADMET-0003131,5.11,train,5to6,3,0.18840561526409366,0.334219033506229,0.25423282006036013,0.09062605961224347,0.13251647155707372,3to4
2236,2237,OADMET-0003130,5.56,train,5to6,0,0.0002165674813392783,0.0018443323200788779,0.026892056680839726,0.295533418569384,0.6755136249483582,gte6
2237,2238,OADMET-0003129,2.87,train,lt3,1,0.5434909808423337,0.41103516114294486,0.027653510338767652,0.0058707280172025445,0.011949619658751251,lt3
2238,2239,OADMET-0003128,4.859999999999999,train,4to5,3,0.0018356084088410006,0.015219999605945798,0.3456372734422697,0.5042468639528578,0.13306025459008577,5to6
2239,2240,OADMET-0003127,5.44,train,5to6,0,0.0008543017519242538,0.006100736234819894,0.058020291338215846,0.3815325289390173,0.5534921417360227,gte6
2240,2241,OADMET-0003126,5.2,train,5to6,3,0.0010365443868606164,0.005353339638024359,0.05158969461451305,0.373555161797335,0.568465259563267,gte6
2241,2242,OADMET-0003125,4.91,train,4to5,1,0.0007707302404073869,0.00764503545868452,0.2634096087213221,0.5375335693359207,0.19064105624366537,5to6
2242,2243,OADMET-0003124,5.99,train,5to6,1,0.016338808188123118,0.05476868433334276,0.26505329760633467,0.36594059449906396,0.2978986153731355,5to6
2243,2244,OADMET-0003123,5.17,train,5to6,3,0.0010584947904429191,0.009238488988319568,0.2968424563823078,0.563630641490973,0.1292299183479567,5to6
2244,2245,OADMET-0003122,5.37,train,5to6,0,0.0060871516998170306,0.050692959604879254,0.6213368649047403,0.2994346260672021,0.022448397723361338,4to5
2245,2246,OADMET-0003121,5.43,train,5to6,0,0.0006270136766652418,0.00698198653703295,0.22999617332885716,0.5885670749274584,0.17382775152998622,5to6
2246,2247,OADMET-0003120,5.37,train,5to6,2,0.002836153042984331,0.01760480303933498,0.3292838813782591,0.5483054323376316,0.10196973020178994,5to6
2247,2248,OADMET-0003119,5.17,train,5to6,2,0.03039195343267987,0.09132719648886924,0.3894720913548456,0.3176028681158592,0.17120589060774608,4to5
2248,2249,OADMET-0003118,6.3100000000000005,train,gte6,4,0.0015553384400059298,0.0023436757268457324,0.018888744704896737,0.13440712751270764,0.842805113615544,gte6
2249,2250,OADMET-0003117,5.08,train,5to6,4,0.00024281835880491216,0.0005638309128398944,0.014812983137373335,0.17917976383573575,0.8052006037552462,gte6
2250,2251,OADMET-0003116,5.19,train,5to6,0,0.004351462956486675,0.02765148107727763,0.17252835145501602,0.4826206249778988,0.31284807953332083,5to6
2251,2252,OADMET-0003114,5.13,train,5to6,2,0.02146069340951999,0.08096981823805652,0.4587342458171183,0.35257148874018895,0.08626375379511622,4to5
2252,2253,OADMET-0003113,5.62,train,5to6,3,0.0010960580401533895,0.009001652589627769,0.17717353762419,0.557331912208678,0.2553968395373509,5to6
2253,2254,OADMET-0003112,5.54,train,5to6,2,0.0005405798409371191,0.0038936310241510846,0.0469382328288991,0.3518517296750502,0.5967758266309625,gte6
2254,2255,OADMET-0003111,5.71,train,5to6,0,0.0010444498265884644,0.009025706602783602,0.3524018406284347,0.546382945084034,0.0911450578581592,5to6
2255,2256,OADMET-0003110,5.45,train,5to6,1,0.019817489687707506,0.11690991110556026,0.6078579289944933,0.21169302884430374,0.04372164136793521,4to5
2256,2257,OADMET-0003109,5.64,train,5to6,1,0.000946186792174577,0.007182079505714839,0.12316990135989835,0.5086921551484326,0.3600096771937797,5to6
2257,2258,OADMET-0003108,5.15,train,5to6,4,0.005653680970581916,0.028291576625058146,0.42526005243185167,0.42216841900114355,0.11862627097136474,4to5
2258,2259,OADMET-0003107,5.48,train,5to6,1,0.0001703127124090402,0.0018131307601473407,0.025078932848142627,0.25601858946756983,0.7169190342117312,gte6
2259,2260,OADMET-0003106,5.43,train,5to6,3,0.00023124366372962878,0.002074779551393754,0.04347102499968716,0.3671721947769323,0.5870507570082572,gte6
2260,2261,OADMET-0003105,5.5,train,5to6,1,0.002645908042440892,0.010393522232118618,0.06419514588171105,0.28924186771974303,0.6335235561239864,gte6
2261,2262,OADMET-0003104,5.46,train,5to6,0,0.003041091202286479,0.022818673968371832,0.4789425756637965,0.434711073974729,0.060486585190816136,4to5
2262,2263,OADMET-0003103,5.22,train,5to6,1,0.00017508304150213013,0.002538861939129377,0.05993965639355745,0.48728948820921736,0.4500569104165937,5to6
2263,2264,OADMET-0003102,5.82,train,5to6,1,0.017236194444643076,0.08718891847827093,0.5491943019067078,0.2743543514215551,0.07202623374882311,4to5
2264,2265,OADMET-0003101,5.61,train,5to6,3,0.0022628538208401094,0.01729632010530822,0.26519641706220637,0.528862484845219,0.18638192416642624,5to6
2265,2266,OADMET-0003100,4.99,train,4to5,0,0.011028657883034847,0.07172344765271284,0.6034785627136471,0.27537835182896386,0.038390979921641366,4to5
2266,2267,OADMET-0003099,5.7,train,5to6,4,0.0005612869187228711,0.0038229643192017842,0.15857811006307046,0.5224466236270598,0.31459101507194503,5to6
2267,2268,OADMET-0003098,5.14,train,5to6,1,0.0009992575164904757,0.008744213431834414,0.26967387471645543,0.5236236274449944,0.19695902689022537,5to6
2268,2269,OADMET-0003097,5.9,train,5to6,4,0.0001086595607803507,0.0002238710192298247,0.007437218572495679,0.14884423530238647,0.8433860155451077,gte6
2269,2270,OADMET-0003095,4.77,train,4to5,4,0.35862045828895744,0.5684962765447075,0.059982112450850014,0.002958316767879597,0.009942835947605502,3to4
2270,2271,OADMET-0003094,5.02,train,5to6,4,0.4173294971528389,0.5382763448881588,0.034209152674500164,0.001240250353827413,0.008944754930674701,3to4
2271,2272,OADMET-0003093,4.76,train,4to5,4,0.0007054061453316127,0.005172049288392116,0.24253014327202985,0.5666933199222709,0.18489908137197555,5to6
2272,2273,OADMET-0003092,3.69,train,3to4,3,0.3503978291570898,0.5715445939996607,0.06335895579336907,0.004026709169447897,0.010671911880432575,3to4
2273,2274,OADMET-0003090,4.86,train,4to5,0,0.0014093933956644278,0.01182949178595329,0.2946689447138304,0.5490213670293173,0.14307080307523456,5to6
2274,2275,OADMET-0003089,2.08,train,lt3,0,0.17002655789058224,0.4089998000115305,0.29877368369894597,0.07015139831964684,0.05204856007929444,3to4
2275,2276,OADMET-0003088,6.14,train,gte6,0,0.000719758538138,0.00684325929757373,0.16650173924327027,0.5224822560730742,0.30345298684794375,5to6
2276,2277,OADMET-0003087,3.13,train,3to4,3,0.38258386019625357,0.5350778928695012,0.06331070824215462,0.006106399978678303,0.01292113871341227,3to4
2277,2278,OADMET-0003086,2.01,train,lt3,1,0.19756650961482247,0.5187160382395909,0.22851412040836014,0.03426638997023253,0.020936941766993965,3to4
2278,2279,OADMET-0003085,4.21,train,4to5,0,0.006903433285490721,0.037344699310066364,0.43700579123210226,0.39492866968007023,0.12381740649227041,4to5
2279,2280,OADMET-0003084,5.42,train,5to6,3,0.00036639544490831455,0.003789210346731283,0.16118606446515227,0.5700688192891482,0.26458951045405993,5to6
2280,2281,OADMET-0003083,1.76,train,lt3,3,0.1485300159150077,0.48703764100142943,0.31494568634509873,0.03513945884030415,0.014347197898159997,3to4
2281,2282,OADMET-0003082,1.77,train,lt3,3,0.4107463932926968,0.5017048688510161,0.05436254262349079,0.007234884385569667,0.025951310847226655,3to4
2282,2283,OADMET-0003081,5.59,train,5to6,3,0.00203427134175937,0.01666409872708525,0.41284188080299944,0.5012590222592083,0.06720072686894764,5to6
2283,2284,OADMET-0003080,4.89,train,4to5,3,0.0014404699732120606,0.011050522194918736,0.3238232692990223,0.5452219182441642,0.11846382028868264,5to6
2284,2285,OADMET-0003079,2.88,train,lt3,0,0.24380594273389578,0.4331926929380659,0.1887921938415271,0.04779254149308645,0.0864166289934248,3to4
2285,2286,OADMET-0003078,5.28,train,5to6,2,0.0011100107555834036,0.00748866686622798,0.17487462964189135,0.5570996279172683,0.259427064819029,5to6
2286,2287,OADMET-0003077,4.32,train,4to5,1,0.016524509334169747,0.09332426309545024,0.5596866261818987,0.23784528245830308,0.09261931893017823,4to5
2287,2288,OADMET-0003076,3.86,train,3to4,0,0.7478326616525831,0.2160623984248515,0.004659097211842939,0.0014508518036171118,0.029994990907105314,lt3
2288,2289,OADMET-0003075,4.99,train,4to5,2,0.012339674718290781,0.049004423770068674,0.4544727747252713,0.379899079968512,0.1042840468178572,4to5
2289,2290,OADMET-0003073,3.14,train,3to4,3,0.04036575773843932,0.2168726144159321,0.573017628151013,0.14652640418944082,0.023217595505174753,4to5
2290,2291,OADMET-0003071,5.59,train,5to6,0,0.05377683203747368,0.22118314269730874,0.49753673367311757,0.16341038535268262,0.06409290623941738,4to5
2291,2292,OADMET-0003070,5.25,train,5to6,0,0.000655085788877948,0.006429940551937658,0.261645261128134,0.5763938507492726,0.15487586178177776,5to6
2292,2293,OADMET-0003069,5.7,train,5to6,3,0.012560907330184556,0.06395938778059747,0.4188838460670612,0.367601114107631,0.13699474471452572,4to5
2293,2294,OADMET-0003068,5.41,train,5to6,0,0.01830620345929568,0.1000413611537421,0.5760266866687936,0.2518609799721983,0.05376476874597026,4to5
2294,2295,OADMET-0003067,5.21,train,5to6,0,0.002129907153706348,0.01465828342217991,0.38749908829626084,0.4913496680535286,0.10436305307432431,5to6
2295,2296,OADMET-0003066,5.07,train,5to6,4,0.0002611888903119698,0.0017904846335161937,0.09472729197869445,0.48301392447839536,0.42020711001908206,5to6
2296,2297,OADMET-0003065,5.14,train,5to6,1,0.0006064826000203451,0.005141755433116375,0.17484938646473877,0.5100129114902967,0.3093894640118278,5to6
2297,2298,OADMET-0003064,5.32,train,5to6,1,0.0014879022410684958,0.01131930847978132,0.3050185127258452,0.5049148174315928,0.17725945912171218,5to6
2298,2299,OADMET-0003063,5.11,train,5to6,0,0.013196873377508146,0.06896153297948765,0.5543182654653357,0.29824221781236465,0.06528111036530392,4to5
2299,2300,OADMET-0003062,4.84,train,4to5,0,0.0015358379230089568,0.01418306152267185,0.40210960237490845,0.5000876899013849,0.08208380827802585,5to6
2300,2301,OADMET-0003061,4.94,train,4to5,2,0.0068563323606541625,0.03350993906635013,0.4307752441326793,0.44579656791267236,0.08306191652764404,5to6
2301,2302,OADMET-0003060,5.45,train,5to6,4,0.0003676624116936243,0.00265644706018492,0.13843116463955918,0.5183522217457082,0.3401925041428541,5to6
2302,2303,OADMET-0003059,5.17,train,5to6,1,0.0003267365412096425,0.004280860097299665,0.17215338458567386,0.5751956737772753,0.24804334499854155,5to6
2303,2304,OADMET-0003057,2.1,train,lt3,2,0.31800853317579625,0.4677538741076214,0.13351478799670596,0.023587149840207308,0.057135654879669054,3to4
2304,2305,OADMET-0003056,4.94,train,4to5,4,0.0009023058498821123,0.005499863341600927,0.18528198556321337,0.5115296068055871,0.2967862384397164,5to6
2305,2306,OADMET-0003055,5.63,train,5to6,0,8.31868754956066e-05,0.0011520463852020748,0.036965225249883334,0.41217711967043397,0.549622421818985,gte6
2306,2307,OADMET-0003054,3.63,train,3to4,3,0.21259751678335462,0.5324941814039553,0.2022750057025812,0.025182155610820402,0.02745114049928851,3to4
2307,2308,OADMET-0003053,4.87,train,4to5,0,0.0031528518231992895,0.023099741768525337,0.3639726169016026,0.4976575249226231,0.11211726458404968,5to6
2308,2309,OADMET-0003052,4.84,train,4to5,4,0.002951297920015819,0.0192244724155384,0.4333589391162952,0.4660596864896256,0.07840560405852498,5to6
2309,2310,OADMET-0003051,5.21,train,5to6,1,8.384050482866018e-05,0.0014852121551723243,0.044934858581231724,0.3805982848538293,0.572897803904938,gte6
2310,2311,OADMET-0003050,3.8,train,3to4,1,0.040964414412679305,0.13129357113210752,0.49409711027984327,0.22805760761709162,0.10558729655827828,4to5
2311,2312,OADMET-0003049,5.18,train,5to6,4,0.00383816077463286,0.018551712860016084,0.3730432988081694,0.4672240914002117,0.13734273615696996,5to6
2312,2313,OADMET-0003048,6.46,train,gte6,4,0.00010044820003598033,0.0002811480180719275,0.014391514053278022,0.23862814261994927,0.7465987471086648,gte6
2313,2314,OADMET-0003047,5.03,train,5to6,3,0.0018356465674208614,0.013181898794925305,0.2293013032305,0.5129120007741059,0.24276915063304788,5to6
2314,2315,OADMET-0003046,5.355,train,5to6,2,0.005181033666113161,0.027763091221659614,0.5096752083139159,0.4156825869508268,0.04169807984748446,4to5
2315,2316,OADMET-0003045,5.22,train,5to6,4,0.0005051633633191686,0.0010651265586685231,0.020333341078890507,0.19611810504311705,0.7819782639560048,gte6
2316,2317,OADMET-0003044,5.59,train,5to6,3,0.00013057153208577906,0.0010912182482073452,0.017575180866197856,0.254986981891255,0.726216047462254,gte6
2317,2318,OADMET-0003043,6.34,train,gte6,4,9.77126198998945e-05,0.0003438725017942552,0.020854750989855522,0.2769935474482879,0.7017101164401623,gte6
2318,2319,OADMET-0003042,5.0,train,4to5,1,0.006681950038950027,0.03683159358006796,0.3239492350780468,0.4444894916877952,0.18804772961514,5to6
2319,2320,OADMET-0003041,5.36,train,5to6,2,0.00023627115553423182,0.0022015498299616703,0.07687770930246082,0.49845585677953824,0.422228612932505,5to6
2320,2321,OADMET-0003040,5.04,train,5to6,3,0.0008956594094712275,0.007958929306921577,0.32366881801278247,0.561141449132823,0.1063351441380017,5to6
2321,2322,OADMET-0003039,5.42,train,5to6,0,0.02046272067147252,0.042010372489227094,0.11257472876125296,0.26985390768108186,0.5550982703969656,gte6
2322,2323,OADMET-0003038,4.87,train,4to5,4,0.005005829215181529,0.012744005970883772,0.09111994728084956,0.2978561946021803,0.5932740229309048,gte6
2323,2324,OADMET-0003037,5.58,train,5to6,0,0.0007566320308223127,0.00416343217965622,0.03013300176935168,0.26272539889873214,0.7022215351214376,gte6
2324,2325,OADMET-0003036,5.11,train,5to6,4,0.001340141581061238,0.008483239836691648,0.28849716310981754,0.5525397314452071,0.14913972402722248,5to6
2325,2326,OADMET-0003035,5.27,train,5to6,1,0.01657553480222527,0.11349749654825331,0.6262982126041416,0.21011096515983357,0.03351779088554621,4to5
2326,2327,OADMET-0003034,5.22,train,5to6,2,0.004042906596297623,0.01702685057311839,0.1083301877603638,0.419781854306567,0.4508182007636532,gte6
2327,2328,OADMET-0003033,5.16,train,5to6,2,0.0011038435725853179,0.008319492529327911,0.21796816790446796,0.5622969918166938,0.21031150417692498,5to6
2328,2329,OADMET-0003032,4.31,train,4to5,4,0.006599675863981247,0.03367611765861511,0.49402445554733276,0.40518584847450256,0.060513902455568314,4to5
2329,2330,OADMET-0003031,4.99,train,4to5,1,0.0008133407636731448,0.0090425759048616,0.21832530078482645,0.5506705610975405,0.22114822144909824,5to6
2330,2331,OADMET-0003030,5.04,train,5to6,1,0.000576665433536436,0.0067858335445808125,0.08731864138118461,0.4486510622795798,0.45666779736111834,gte6
2331,2332,OADMET-0003029,5.44,train,5to6,0,0.00035714634021647237,0.0028080248302345488,0.03678202571817721,0.32632562010012894,0.6337271830112428,gte6
2332,2333,OADMET-0003028,5.22,train,5to6,2,0.0005897351079083061,0.004820764068156083,0.27713260073945806,0.5947698954921937,0.12268700459228386,5to6
2333,2334,OADMET-0003027,4.98,train,4to5,3,0.01619762254644733,0.08997884794975138,0.5187894337828204,0.31265248265799056,0.062381613062990296,4to5
2334,2335,OADMET-0003026,5.8,train,5to6,4,0.000297324467874157,0.000653016376271406,0.014317783424150765,0.1783080982264917,0.806423777505212,gte6
2335,2336,OADMET-0003025,5.6,train,5to6,3,0.00044012028994068356,0.0042326359109195666,0.19985790736154635,0.5934915751218329,0.20197776131576048,5to6
2336,2337,OADMET-0003024,5.09,train,5to6,3,0.00029323999464513995,0.0032385192585430876,0.15265104899691923,0.5804587311708038,0.26335846057908874,5to6
2337,2338,OADMET-0003023,4.88,train,4to5,0,0.0002804677832890212,0.0035397860814987085,0.07226174065649787,0.46648807641138235,0.45742992906733204,5to6
2338,2339,OADMET-0003022,5.19,train,5to6,2,0.0005947167980743012,0.004865178273877407,0.20251573210826665,0.556094575552444,0.2359297972673376,5to6
2339,2340,OADMET-0003021,5.53,train,5to6,3,0.026466717401270025,0.0945841501645266,0.3274172179371316,0.3720900042113102,0.17944191028576156,5to6
2340,2341,OADMET-0003020,5.28,train,5to6,3,0.00026513125467198873,0.0031242622825999457,0.13214431041210312,0.552266510481403,0.31219978556922195,5to6
2341,2342,OADMET-0003019,4.63,train,4to5,4,0.02108326491465375,0.06983013242989383,0.3603326868911777,0.3121680524299129,0.23658586333436182,4to5
2342,2343,OADMET-0003018,4.65,train,4to5,2,0.0008077482030987417,0.005514808251327632,0.22609605510056272,0.5585145734127034,0.20906681503230753,5to6
2343,2344,OADMET-0003017,6.205,train,gte6,4,0.11484800261414067,0.34346952229358957,0.4077742656028364,0.08507583829123248,0.048832371198200844,4to5
2344,2345,OADMET-0003016,4.75,train,4to5,3,0.0007447444736515739,0.007717847136961143,0.1810643919007419,0.5728659465430006,0.23760706994564473,5to6
2345,2346,OADMET-0003015,4.91,train,4to5,0,0.026076821173184755,0.18448501516065535,0.5965871710902368,0.17270737596905533,0.02014361660686778,4to5
2346,2347,OADMET-0003014,5.24,train,5to6,3,0.059446323220086666,0.24432954010121866,0.5269929727390932,0.134157552315611,0.03507361162399045,4to5
2347,2348,OADMET-0003013,4.78,train,4to5,4,0.0019257005227241285,0.012460474505155018,0.3337833191296594,0.5051715827719864,0.14665892307047507,5to6
2348,2349,OADMET-0003012,4.78,train,4to5,1,0.00013468609696342553,0.0021250709205532085,0.08450355478410816,0.47749203995232065,0.4357446482460546,5to6
2349,2350,OADMET-0003011,5.72,train,5to6,3,0.0002839588560163975,0.00277960067614913,0.10277989506721497,0.49955588579177856,0.39460065960884094,5to6
2350,2351,OADMET-0003010,5.63,train,5to6,2,0.00021539649549031414,0.001529506235552921,0.020647793256191267,0.27426924302568784,0.7033380609870776,gte6
2351,2352,OADMET-0003009,4.94,train,4to5,1,6.336685940656912e-05,0.0010762250553708406,0.03446412768880069,0.41826986506016406,0.5461264153362578,gte6
2352,2353,OADMET-0003008,5.27,train,5to6,0,0.0001432439719484356,0.0009837643972701107,0.017987610402916934,0.23058773103753208,0.7502976501903325,gte6
2353,2354,OADMET-0003007,4.6,train,4to5,0,0.0057889745070708876,0.038009632662010434,0.49715698135761155,0.3999410599465747,0.05910335152673238,4to5
2354,2355,OADMET-0003006,5.15,train,5to6,4,0.0007290383127551038,0.005279569354891578,0.22391906100426578,0.5397344760106113,0.23033785531747628,5to6
2355,2356,OADMET-0003005,5.17,train,5to6,2,0.007294784170947132,0.033795214591446264,0.26563575393792305,0.4821641955886784,0.21111005171100516,5to6
2356,2357,OADMET-0003004,5.16,train,5to6,3,0.011697494675444791,0.06650287800428104,0.5106809844688165,0.3435727729482332,0.06754586990322453,4to5
2357,2358,OADMET-0003003,5.23,train,5to6,4,0.02425057622743663,0.07754451767067515,0.3546846800396504,0.3184295290737794,0.22509069698845838,4to5
2358,2359,OADMET-0003002,5.38,train,5to6,1,0.0003844411658417068,0.004031244161944469,0.17779092324057486,0.5806956236779227,0.2370977677537163,5to6
2359,2360,OADMET-0003001,5.46,train,5to6,1,0.0001368079843656185,0.0019186272022076805,0.030036798063034147,0.3087343904075528,0.6591733763428398,gte6
2360,2361,OADMET-0003000,4.69,train,4to5,4,0.0014019422363670752,0.008184308262395749,0.2541717910596336,0.4876008675210259,0.24864109092057768,5to6
2361,2362,OADMET-0002999,5.11,train,5to6,0,0.0017353005615874987,0.015137388613224152,0.27172579124514196,0.5497352230657739,0.16166629651427247,5to6
2362,2363,OADMET-0002998,5.28,train,5to6,4,0.00033691478689206193,0.0023991828639109724,0.13795214807923048,0.539457437110624,0.31985431715934254,5to6
2363,2364,OADMET-0002997,5.25,train,5to6,2,0.004343353090527847,0.023573906433566293,0.4810526236597647,0.448213862770781,0.042816254045360144,4to5
2364,2365,OADMET-0002996,3.65,train,3to4,1,0.33008433556482636,0.5791495051306498,0.07312587907424514,0.00841490861006689,0.009225371620211864,3to4
2365,2366,OADMET-0002995,3.43,train,3to4,2,0.351382381635746,0.5429274545996231,0.0808178798269252,0.01001101379304313,0.014861270144662516,3to4
2366,2367,OADMET-0002994,4.73,train,4to5,3,0.0005684394885492763,0.005104293142771056,0.18667443196603842,0.5599959522671781,0.2476568831354632,5to6
2367,2368,OADMET-0002993,5.06,train,5to6,0,0.10505141710690129,0.41945247435915367,0.38852058538539236,0.06858452924616351,0.018390993902389165,3to4
2368,2369,OADMET-0002992,6.02,train,gte6,2,0.0022269320116236582,0.013100862722672083,0.2815092551216172,0.5305276005989842,0.17263534954510285,5to6
2369,2370,OADMET-0002991,5.15,train,5to6,4,0.0004031945185895336,0.003377202939742118,0.21638687220737512,0.5718368362086809,0.2079958941256123,5to6
2370,2371,OADMET-0002990,3.35,train,3to4,2,0.2209140846481245,0.6018990980797287,0.1541519639351287,0.013184648240458514,0.009850205096559502,3to4
2371,2372,OADMET-0002989,3.16,train,3to4,0,0.5967429794352884,0.35635876166048297,0.016188526303711568,0.0034932910450491653,0.027216441555467888,lt3
2372,2373,OADMET-0002988,5.18,train,5to6,4,0.0035115422058131476,0.018435702285623762,0.3673692681639787,0.48547735354278343,0.12520613380180098,5to6
2373,2374,OADMET-0002987,5.61,train,5to6,4,0.0005435278063110636,0.0037131198529208233,0.21988806700917518,0.5790227409941548,0.19683254433743805,5to6
2374,2375,OADMET-0002986,4.6,train,4to5,0,0.1296277656737093,0.47526792222933384,0.3316393233646377,0.047270671061471155,0.016194317670848047,3to4
2375,2376,OADMET-0002985,5.105,train,5to6,4,0.080850188402452,0.2504270281483595,0.4896550890186768,0.1378243812239028,0.041243313206608845,4to5
2376,2377,OADMET-0002984,5.09,train,5to6,0,0.010246498357556784,0.08577696106170175,0.6414542698643465,0.24067963301122736,0.021842637705167565,4to5
2377,2378,OADMET-0002983,4.95,train,4to5,1,0.00043386886716488494,0.004531012775623065,0.12065332190137491,0.5041136661090887,0.3702681303467484,5to6
2378,2379,OADMET-0002982,5.31,train,5to6,0,0.005730272493579054,0.031498442000542665,0.2666583246244548,0.452931414723043,0.24318154615838047,5to6
2379,2380,OADMET-0002981,5.97,train,5to6,1,0.00019585044154283077,0.0024161135994566077,0.04225305796840745,0.33193629638101413,0.623198681609579,gte6
2380,2381,OADMET-0002980,3.17,train,3to4,1,0.16440361018574826,0.5802758082067939,0.22447729618248258,0.022198571783180465,0.008644713641794826,3to4
2381,2382,OADMET-0002979,5.59,train,5to6,0,0.005420414790191324,0.023927286336061965,0.13983981753037747,0.4015361663665051,0.42927631497686414,gte6
2382,2383,OADMET-0002978,5.11,train,5to6,2,0.003568987391329857,0.016404808494453766,0.16707709968697992,0.4600580966299787,0.35289100779725774,5to6
2383,2384,OADMET-0002977,5.02,train,5to6,4,5.2801451850400654e-05,0.00036228522744784165,0.05095442977961512,0.48027737500077605,0.4683531085403106,5to6
2384,2385,OADMET-0002976,4.93,train,4to5,4,6.615973602584268e-05,0.0002471204174574311,0.018270179390976908,0.3046925326175281,0.6767240078380117,gte6
2385,2386,OADMET-0002975,5.71,train,5to6,4,0.0002052862514076639,0.0013416525483411024,0.07490851398074824,0.465218450447904,0.45832609677159897,5to6
2386,2387,OADMET-0002974,4.755,train,4to5,0,0.035855207844691706,0.1397248222200372,0.41790141587914226,0.2751089664070564,0.1314095876490724,4to5
2387,2388,OADMET-0002973,5.55,train,5to6,4,0.03234577960162364,0.13029109087166665,0.5579934778585302,0.23442612850397224,0.044943523164207376,4to5
2388,2389,OADMET-0002972,5.26,train,5to6,2,0.1677839346479759,0.20514458876426345,0.1750411430382984,0.09936314298279159,0.3526671905666707,gte6
2389,2390,OADMET-0002971,5.79,train,5to6,4,0.0002634031320673143,0.0020955281110462912,0.17209912272066252,0.5914782091685354,0.2340637368676884,5to6
2390,2391,OADMET-0002970,5.28,train,5to6,0,0.0002742394710158386,0.0034042869657854866,0.0977208261805696,0.5162865827523236,0.3823140646303055,5to6
2391,2392,OADMET-0002969,5.08,train,5to6,2,0.00045644099422361323,0.003977718333395617,0.20765921661461517,0.6008621508624675,0.18704447319529807,5to6
2392,2393,OADMET-0002968,5.32,train,5to6,4,0.006498199760483396,0.030972517421075266,0.412222079321124,0.4275820469677234,0.12272515652959394,5to6
2393,2394,OADMET-0002967,4.83,train,4to5,1,0.000550009815385813,0.0052600165900594026,0.1477316865684094,0.4801178709098048,0.3663404161163406,5to6
2394,2395,OADMET-0002966,4.96,train,4to5,3,0.0033291809950135574,0.025810326413656267,0.4224641767673107,0.4645498556126674,0.08384646021135211,5to6
2395,2396,OADMET-0002965,5.01,train,5to6,1,0.022093354821827022,0.06042515022797278,0.36245994467567394,0.31524471916466573,0.2397768311098605,4to5
2396,2397,OADMET-0002964,5.404999999999999,train,5to6,4,0.001689019678849953,0.010015022641296868,0.23927057563646953,0.518612905721702,0.23041247632168158,5to6
2397,2398,OADMET-0002963,4.74,train,4to5,1,0.00469175327429064,0.03174369604827672,0.46034351399111484,0.40515697718652094,0.09806405949979688,4to5
2398,2399,OADMET-0002962,5.88,train,5to6,1,0.0003778956714251955,0.0038243985052064068,0.060424370692630555,0.4010542754874778,0.5343190596432601,gte6
2399,2400,OADMET-0002961,5.71,train,5to6,0,0.00011666906622148904,0.0012707543288206081,0.042260976694781974,0.42149267909148624,0.5348589208186897,gte6
2400,2401,OADMET-0002960,5.11,train,5to6,2,0.004005264939718235,0.013584617468406652,0.05890746762502603,0.30777349939105964,0.6157291505757895,gte6
2401,2402,OADMET-0002959,4.94,train,4to5,2,0.005566203410356715,0.03583304153096096,0.5653979090093976,0.3700253307116746,0.023177515337610134,4to5
2402,2403,OADMET-0002958,5.35,train,5to6,2,0.0021006680351086772,0.011380518169221298,0.11984130835090186,0.44141507734318425,0.42526242810158393,5to6
2403,2404,OADMET-0002957,5.12,train,5to6,1,0.00043870372249244156,0.005150698634046436,0.15039469427322263,0.522999827461927,0.3210160759083116,5to6
2404,2405,OADMET-0002955,5.53,train,5to6,2,0.002069738960580776,0.013743699755473687,0.4097048707979372,0.5113918269772129,0.06308986350879546,5to6
2405,2406,OADMET-0002954,5.12,train,5to6,3,0.04584974997305311,0.23767516621667273,0.50432382135377,0.17405449695682165,0.03809676549968252,4to5
2406,2407,OADMET-0002953,5.25,train,5to6,4,0.0001005895022120803,0.0007391492790356629,0.08317328192887627,0.5332980122885063,0.38268896700136973,5to6
2407,2408,OADMET-0002952,5.64,train,5to6,4,0.000292282849319529,0.0019446415111901401,0.11860259151349478,0.509671103811091,0.36948938031490447,5to6
2408,2409,OADMET-0002951,3.25,train,3to4,0,0.2683553675684678,0.6085839822248817,0.10303799731256069,0.009009627558219227,0.011013025335870494,3to4
2409,2410,OADMET-0002950,5.800000000000001,train,5to6,1,0.0001237613567391265,0.0020811941145649562,0.037051177100186926,0.3752598619222135,0.5854840055062955,gte6
2410,2411,OADMET-0002949,4.97,train,4to5,1,9.875840926285667e-05,0.0008982374761044692,0.020551138604051906,0.28796886158007146,0.6904830039305093,gte6
2411,2412,OADMET-0002948,4.64,train,4to5,4,0.12163136256363453,0.44315579905025865,0.37357539251649613,0.05078671170126685,0.010850734168343812,3to4
2412,2413,OADMET-0002947,3.34,train,3to4,3,0.5888001204848266,0.39005457573926694,0.00991895868139564,0.0011211265585345952,0.010105218535976299,lt3
2413,2414,OADMET-0002946,5.915,train,5to6,4,0.00031795439862752743,0.0024518948019654338,0.1438387643109472,0.5574114978915844,0.29597988859687546,5to6
2414,2415,OADMET-0002945,2.68,train,lt3,1,0.703175591644786,0.28492294662409096,0.00615719560627745,0.0009919777010105578,0.004752288423834981,lt3
2415,2416,OADMET-0002944,6.04,train,gte6,1,4.61933898345149e-05,0.0007775200838572011,0.02813571574462443,0.38636709210046055,0.5846734786812233,gte6
2416,2417,OADMET-0002943,5.16,train,5to6,2,0.002318235954860309,0.013598172393512688,0.3210523598974579,0.5419457938878579,0.12108543786631115,5to6
2417,2418,OADMET-0002942,5.37,train,5to6,3,0.008287455207392519,0.05410834703451531,0.5673543345861309,0.3309801247657733,0.039269738406187873,4to5
2418,2419,OADMET-0002941,5.51,train,5to6,1,9.483502999585778e-05,0.0012289779520161758,0.02105696543793788,0.3018087510394048,0.6758104705406452,gte6
2419,2420,OADMET-0002940,5.05,train,5to6,4,0.00011006100537946833,0.0006257358055120275,0.0506063079718979,0.4237830154181609,0.5248748797990498,gte6
2420,2421,OADMET-0002939,5.17,train,5to6,2,0.0004321082654810486,0.004138103671941373,0.11135900727089838,0.52276265440134,0.36130812639033927,5to6
2421,2422,OADMET-0002938,4.6,train,4to5,2,0.05638102799086823,0.21492497493969118,0.5251480077487086,0.16682526035617823,0.036720728964553744,4to5
2422,2423,OADMET-0002937,4.85,train,4to5,4,0.0013704587142349973,0.010205949410722646,0.33494125989581913,0.5082834836544142,0.14519884832480903,5to6
2423,2424,OADMET-0002936,4.64,train,4to5,1,0.17226444216866874,0.46620011416487417,0.2965141838351529,0.04836612203785427,0.01665513779344994,3to4
2424,2425,OADMET-0002935,5.28,train,5to6,1,0.005691659546682414,0.03346628270211927,0.4833369774588117,0.3958025213995549,0.08170255889283166,4to5
2425,2426,OADMET-0002934,4.9,train,4to5,0,0.00018918862841345703,0.0024229524747887816,0.09841379926920493,0.5337428265419599,0.3652312330856329,5to6
2426,2427,OADMET-0002933,5.26,train,5to6,4,0.004842551235680327,0.03427235275559238,0.5462864423691942,0.3762601168798982,0.038338536759634924,4to5
2427,2428,OADMET-0002932,5.17,train,5to6,2,0.0007930025639278468,0.00602365997394516,0.15815285209076932,0.5539600379504458,0.2810704474209118,5to6
2428,2429,OADMET-0002930,5.53,train,5to6,4,0.00040944797241798724,0.0036983702411838375,0.2259584698640085,0.5811197247422446,0.18881398718014508,5to6
2429,2430,OADMET-0002929,3.1,train,3to4,1,0.3326949533538834,0.49518918374110354,0.12707695931941007,0.022320155295569345,0.02271874829003367,3to4
2430,2431,OADMET-0002928,5.54,train,5to6,1,0.0019711404579891715,0.014749892643888186,0.3501559116375653,0.5098895907893406,0.12323346447121668,5to6
2431,2432,OADMET-0002927,5.1,train,5to6,0,0.0002512330625311708,0.0027111727748837704,0.2288725306117797,0.628285966148459,0.13987909740234636,5to6
2432,2433,OADMET-0002926,4.87,train,4to5,2,0.0008466059466677651,0.006621091359888948,0.27764840795817447,0.5770410662917177,0.13784282844355114,5to6
2433,2434,OADMET-0002925,3.58,train,3to4,2,0.43741975870462874,0.5056285106709778,0.03842383505032718,0.004350850224887899,0.014177045349178373,3to4
2434,2435,OADMET-0002924,3.78,train,3to4,4,0.21237181905155492,0.6179451735261583,0.1539155938281106,0.010292472904055357,0.005474940690120808,3to4
2435,2436,OADMET-0002923,5.27,train,5to6,1,9.60845734372262e-05,0.001529079188690817,0.04365384650773615,0.40158814854806046,0.5531328411820753,gte6
2436,2437,OADMET-0002922,5.42,train,5to6,4,0.001029757957613576,0.007476483895565343,0.2957813311421206,0.5489034963906746,0.14680893061402595,5to6
2437,2438,OADMET-0002921,5.79,train,5to6,3,0.00019590848679153604,0.002285477421617616,0.10714948683989402,0.5604298586128097,0.3299392686388871,5to6
2438,2439,OADMET-0002920,5.2,train,5to6,2,0.0006318167051229865,0.005148374163577245,0.2682437436165208,0.6065536369905844,0.11942242852419452,5to6
2439,2440,OADMET-0002919,4.85,train,4to5,4,0.00051680871078544,0.003354552684380413,0.1784268477550189,0.5525803593640397,0.26512143148577555,5to6
2440,2441,OADMET-0002918,4.8,train,4to5,4,0.0019349542957962018,0.013568767215333916,0.4106191953083741,0.5013402651982333,0.07253681798226248,5to6
2441,2442,OADMET-0002917,3.95,train,3to4,1,0.05092822091174455,0.21815963414549283,0.5388808330726748,0.14287393007984653,0.04915738179024133,4to5
2442,2443,OADMET-0002916,5.22,train,5to6,2,0.0859511358432641,0.34626675168077276,0.43958390414094783,0.10473730571176568,0.02346090262324963,4to5
2443,2444,OADMET-0002915,4.97,train,4to5,3,0.005236633882595053,0.03047026035705664,0.3187699512048175,0.4789143644627158,0.16660879009281504,5to6
2444,2445,OADMET-0002914,5.46,train,5to6,0,0.00025847628142084273,0.0027994281130528185,0.15576197651718052,0.5998442962520946,0.24133582283625124,5to6
2445,2446,OADMET-0002913,5.22,train,5to6,3,0.029362167230168063,0.1300646256862183,0.5281438994751243,0.2537868699326679,0.05864243767582148,4to5
2446,2447,OADMET-0002912,6.13,train,gte6,1,0.0002523205967045826,0.0030545959079873943,0.09680901118992025,0.4606858623933193,0.4391982099120684,5to6
2447,2448,OADMET-0002911,5.06,train,5to6,3,0.0006115586424294559,0.005773847168663001,0.276743278987372,0.5971007644948284,0.11977055070670714,5to6
2448,2449,OADMET-0002910,5.035,train,5to6,1,0.005458477238401825,0.039879410140477994,0.5187539882811097,0.36909191580231954,0.0668162085376909,4to5
2449,2450,OADMET-0002909,4.78,train,4to5,3,0.0009920445720329155,0.0087524968988105,0.28224423481717015,0.5630316129091146,0.1449796108028718,5to6
2450,2451,OADMET-0002908,5.19,train,5to6,2,0.0031344963407136613,0.01867594655304691,0.4422775566092708,0.48081016923581266,0.05510183126115593,5to6
2451,2452,OADMET-0002907,5.51,train,5to6,1,0.00015816700363023968,0.002067294385394499,0.09094284990960834,0.5163794029891671,0.3904522857121999,5to6
2452,2453,OADMET-0002906,5.54,train,5to6,0,0.00021610545427608273,0.00249972329715581,0.17946444134766598,0.6259497889564511,0.19186994094445095,5to6
2453,2454,OADMET-0002905,4.72,train,4to5,2,0.004172680668949318,0.026388033848699227,0.5575059966455332,0.3795729791411806,0.03236030969563754,4to5
2454,2455,OADMET-0002904,5.44,train,5to6,4,0.0014665127881035294,0.008697932536457818,0.2370426939317151,0.514297184394607,0.23849567634911648,5to6
2455,2456,OADMET-0002903,5.4,train,5to6,2,0.00015258254550481367,0.0015512759100096511,0.1534984661885196,0.6233076266632446,0.22149004869272132,5to6
2456,2457,OADMET-0002902,5.74,train,5to6,0,0.00029911548971122125,0.0036755264623321766,0.08694047454000421,0.48920258728742266,0.41988229622052975,5to6
2457,2458,OADMET-0002901,5.14,train,5to6,2,0.0015009873681177573,0.01017234420420265,0.37325997159274443,0.5475849814598039,0.0674817153751312,5to6
2458,2459,OADMET-0002900,5.95,train,5to6,2,0.0005889111280754832,0.0040796832751438476,0.252638462734946,0.5990945184476839,0.14359842441415077,5to6
2459,2460,OADMET-0002899,5.78,train,5to6,1,0.00016708474375970895,0.002544962149577985,0.0717009328113115,0.4951566394272834,0.43043038086806745,5to6
2460,2461,OADMET-0002898,2.54,train,lt3,1,0.33809446580044417,0.5829809781936258,0.06571461867673423,0.006278497035367244,0.006931440293828578,3to4
2461,2462,OADMET-0002897,4.89,train,4to5,0,0.0036940560314919907,0.024460594861920693,0.3954010269123029,0.4523544267288209,0.12408989546546349,5to6
2462,2463,OADMET-0002896,5.42,train,5to6,1,0.03728189347149352,0.13017556168269784,0.5185053387172918,0.23406055744037446,0.07997664868814236,4to5
2463,2464,OADMET-0002895,5.43,train,5to6,0,0.0018914787341449296,0.01603553591769236,0.2645851607936052,0.5371082891731738,0.18037953538138374,5to6
2464,2465,OADMET-0002894,5.1,train,5to6,4,0.013049079324010227,0.055161611170423216,0.46456334773650415,0.36417711391596874,0.10304884785309365,4to5
2465,2466,OADMET-0002893,5.09,train,5to6,0,0.0045990413440311064,0.033738866731198316,0.2407212873608727,0.5228490277246025,0.1980917768392954,5to6
2466,2467,OADMET-0002892,5.42,train,5to6,0,0.0014670041216700873,0.010052336873536231,0.20814699518413093,0.4883667614020909,0.2919669024185718,5to6
2467,2468,OADMET-0002889,4.79,train,4to5,4,0.001559056853121948,0.010147146421107468,0.33907736792449183,0.5228523375245789,0.12636409127669973,5to6
2468,2469,OADMET-0002888,2.67,train,lt3,3,0.35333434569962197,0.4936495538253699,0.073633195684133,0.012011087779213855,0.0673718170116613,3to4
2469,2470,OADMET-0002887,4.96,train,4to5,3,0.056242031744046815,0.21321306328426812,0.5150844262881418,0.16306532311941224,0.052395155564131005,4to5
2470,2471,OADMET-0002886,1.77,train,lt3,0,0.3015401329673067,0.4624103256045618,0.14373747843797344,0.027201454782469704,0.0651106082076884,3to4
2471,2472,OADMET-0002885,1.78,train,lt3,1,0.33103110009209924,0.511047984077125,0.1192566661176706,0.020926707506355634,0.0177375422067495,3to4
2472,2473,OADMET-0002884,5.21,train,5to6,0,0.00023231804565494068,0.0023611017278929477,0.03848124183085962,0.3516690628341194,0.6072562755614731,gte6
2473,2474,OADMET-0002883,5.48,train,5to6,3,0.003463476122798566,0.019822038280905792,0.13943044539377292,0.4391312504095942,0.3981527897929285,5to6
2474,2475,OADMET-0002882,5.25,train,5to6,3,0.005064297779845374,0.035647000038505065,0.4201802782194139,0.4611108163501122,0.07799760761212349,5to6
2475,2476,OADMET-0002881,1.76,train,lt3,1,0.16380815513074687,0.41545368014748546,0.337403124895005,0.05854428668588934,0.024790753140873333,3to4
2476,2477,OADMET-0002880,5.06,train,5to6,1,0.038652780965125776,0.15787309231750937,0.5423577963297316,0.189658594992102,0.07145773539553134,4to5
2477,2478,OADMET-0002879,5.42,train,5to6,3,0.005910988742944147,0.03324583086102897,0.2479692185827176,0.519469426437147,0.19340453537616228,5to6
2478,2479,OADMET-0002878,5.0,train,4to5,4,0.008145163744282452,0.03966797132137798,0.4852645681651368,0.40507721787762674,0.06184507889157605,4to5
2479,2480,OADMET-0002877,3.08,train,3to4,2,0.043557381578553,0.20885089790789957,0.5705798662434938,0.14973276323653292,0.02727909103352068,4to5
2480,2481,OADMET-0002876,5.34,train,5to6,4,0.0022035557468856348,0.011286658077221484,0.2151536017402038,0.49493684673304417,0.27641933770264493,5to6
2481,2482,OADMET-0002875,1.99,train,lt3,1,0.3789037028799454,0.507492921163497,0.08309625437420928,0.014199137351439503,0.016307984230908835,3to4
2482,2483,OADMET-0002874,5.33,train,5to6,0,0.003974097599526139,0.02663005580671808,0.4426647818735109,0.44678152548866834,0.07994953923157656,5to6
2483,2484,OADMET-0002873,5.22,train,5to6,1,0.0016502894900286243,0.01145389658093033,0.2392547092983283,0.4679136500730712,0.2797274545576416,5to6
2484,2485,OADMET-0002872,4.74,train,4to5,1,0.007943992465995288,0.03950445335589138,0.45410311010618176,0.39069747742871996,0.10775096664321158,4to5
2485,2486,OADMET-0002871,5.16,train,5to6,4,0.11080552637577057,0.30257341265678406,0.4173954129219055,0.10458198189735413,0.06464366614818573,4to5
2486,2487,OADMET-0002870,5.07,train,5to6,4,0.0021268049958550767,0.01547693817132638,0.4277361883605214,0.48162450870621776,0.07303555976607935,5to6
2487,2488,OADMET-0002869,5.51,train,5to6,2,0.0002485956588250338,0.002790348537891838,0.10446607072799101,0.5420288314524926,0.3504661536227995,5to6
2488,2489,OADMET-0002868,5.44,train,5to6,0,0.0011590982200206676,0.008169143375099764,0.22609865428543663,0.5338172856667597,0.2307558184526833,5to6
2489,2490,OADMET-0002867,5.12,train,5to6,2,0.0017925970878796221,0.012013256342853194,0.13204017054034103,0.5038456829999153,0.35030829302901084,5to6
2490,2491,OADMET-0002866,3.47,train,3to4,4,0.30856314746917113,0.5717920743513639,0.10063449438645938,0.006850369839166042,0.01215991395383949,3to4
2491,2492,OADMET-0002865,5.44,train,5to6,3,0.0003371308373227374,0.0031633107589143263,0.14991903974884788,0.5606726697278028,0.2859078489271122,5to6
2492,2493,OADMET-0002864,4.94,train,4to5,1,0.01448472529898592,0.08047464160166287,0.5734414819335331,0.2700298913928538,0.06156925977296435,4to5
2493,2494,OADMET-0002863,1.79,train,lt3,2,0.2450407755538388,0.5543651867081307,0.1623777507406985,0.021119416442546075,0.017096870554785957,3to4
2494,2495,OADMET-0002862,2.57,train,lt3,1,0.42871045746869996,0.4291780857058012,0.09815782235445214,0.021704695957119047,0.02224893851392762,3to4
2495,2496,OADMET-0002861,5.83,train,5to6,0,0.0025029173493820033,0.011124045753837313,0.0511652089829029,0.2829093081192569,0.6522985197946208,gte6
2496,2497,OADMET-0002860,5.3,train,5to6,4,7.830207457934156e-05,0.00029455437248865834,0.024384154425722872,0.3503471673114812,0.6248958218157279,gte6
2497,2498,OADMET-0002859,5.83,train,5to6,0,0.004639373928032621,0.03571629770359088,0.43491832862897173,0.45400936784934626,0.0707166318900585,5to6
2498,2499,OADMET-0002858,2.82,train,lt3,1,0.38685518601125585,0.48816090165369946,0.08421100793696881,0.015912561423140657,0.02486034297493525,3to4
2499,2500,OADMET-0002857,5.86,train,5to6,3,0.0018703173271189706,0.013258906605146902,0.3387881115265119,0.5116519174682784,0.1344307470729438,5to6
2500,2501,OADMET-0002856,5.545,train,5to6,1,0.0455265705601317,0.20764484749107645,0.5554118487484365,0.15088927155073115,0.04052746164962421,4to5
2501,2502,OADMET-0002855,5.33,train,5to6,1,0.0003094959082464045,0.003738986594658215,0.1155114186839955,0.4958929751306994,0.38454712368240046,5to6
2502,2503,OADMET-0002854,5.59,train,5to6,4,0.00017479216204015398,0.0005009082342519498,0.02077752336703697,0.2497820091027615,0.7287647671339095,gte6
2503,2504,OADMET-0002853,1.76,train,lt3,1,0.4496532930210388,0.5126943791572818,0.027032207489573336,0.0031198672888715895,0.007500253043234523,3to4
2504,2505,OADMET-0002852,4.86,train,4to5,4,0.0017076687887074948,0.006720556037768844,0.10596410329428037,0.3926136547159168,0.4929940171633265,gte6
2505,2506,OADMET-0002851,4.97,train,4to5,1,0.008000588074328706,0.028676113220587794,0.2557903537742434,0.3866028800107646,0.3209300649200755,5to6
2506,2507,OADMET-0002850,5.35,train,5to6,1,0.00045723512680463397,0.005320907682074887,0.23004289454142932,0.5586013315114996,0.20557763113819155,5to6
2507,2508,OADMET-0002849,5.44,train,5to6,1,0.0009725927182310591,0.008475805888687129,0.29334143446849054,0.5383056569297073,0.1589045099948839,5to6
2508,2509,OADMET-0002848,5.69,train,5to6,4,0.00010648421453148721,0.0003663850658802366,0.02087471262547011,0.27906978142726624,0.6995826366668519,gte6
2509,2510,OADMET-0002847,5.27,train,5to6,1,0.0014494091221691119,0.012082042673474054,0.3207490925969064,0.49960814126766157,0.16611131433978885,5to6
2510,2511,OADMET-0002846,5.4,train,5to6,2,0.0006300828774799566,0.004696865744054061,0.28488094694082955,0.5671802378046754,0.14261186663296105,5to6
2511,2512,OADMET-0002845,5.71,train,5to6,1,0.000840119907470396,0.007908165514705558,0.22482425144565948,0.566874091146376,0.1995533719857886,5to6
2512,2513,OADMET-0002844,5.88,train,5to6,0,0.005625225477846887,0.03379814251218417,0.3276553378778248,0.4695590331503965,0.16336226098174764,5to6
2513,2514,OADMET-0002843,3.84,train,3to4,4,0.11548601900498952,0.36243072354661704,0.42148453232730476,0.07628677828025135,0.0243119468408373,4to5
2514,2515,OADMET-0002842,5.04,train,5to6,3,0.00022738642645488586,0.002555285620169089,0.1213473547482714,0.5460314239486115,0.32983854925649314,5to6
2515,2516,OADMET-0002841,5.45,train,5to6,0,0.1614630442149208,0.4236449096076793,0.31263031041549877,0.0627530410297605,0.03950869473214063,3to4
2516,2517,OADMET-0002840,5.14,train,5to6,3,0.0003666124475857645,0.0037975194205261773,0.17386348243969738,0.5782177347975733,0.24375465089461731,5to6
2517,2518,OADMET-0002839,1.74,train,lt3,1,0.7213801422477171,0.2614113870849452,0.005396430607577363,0.001853039406221945,0.009959000653538358,lt3
2518,2519,OADMET-0002838,5.14,train,5to6,2,0.0003858669571143818,0.0038049886048541265,0.09024441032101377,0.4901703481988435,0.4153943859181743,5to6
2519,2520,OADMET-0002837,1.73,train,lt3,2,0.37162241893444087,0.5210149365814766,0.07011778012093574,0.011062355876898107,0.02618250848624868,3to4
2520,2521,OADMET-0002836,2.91,train,lt3,1,0.0045622872000932934,0.030020744097757172,0.44346160419339137,0.41715822303692707,0.10479714147183111,4to5
2521,2522,OADMET-0002835,5.01,train,5to6,3,0.004453040418889053,0.02945672002761647,0.4277592666353681,0.45633426823896583,0.0819967046791605,5to6
2522,2523,OADMET-0002834,5.64,train,5to6,0,0.00020335641286023623,0.0017640870421321742,0.055038360129449876,0.40740836490728,0.5355858315082777,gte6
2523,2524,OADMET-0002833,4.885,train,4to5,1,0.00020613194477123355,0.0032662023765081902,0.06405655015758824,0.4490192039016189,0.4834519116195134,gte6
2524,2525,OADMET-0002832,5.38,train,5to6,2,0.0023802027655074,0.012019612868384969,0.0955944437146924,0.4003948583281419,0.48961088232327327,gte6
2525,2526,OADMET-0002831,4.04,train,4to5,1,0.24471162410381897,0.5168394792940864,0.19070525256058032,0.028618736248974697,0.019124907792539673,3to4
2526,2527,OADMET-0002830,5.4,train,5to6,2,0.003497750864660925,0.00878712789341118,0.022481941910740707,0.16458701619887353,0.8006461631323136,gte6
2527,2528,OADMET-0002829,5.64,train,5to6,0,0.0016252023258956545,0.008308791363944685,0.0427718823229856,0.27578076084556635,0.6715133631416077,gte6
2528,2529,OADMET-0002828,3.73,train,3to4,0,0.24746237695217133,0.5444852113723755,0.1664239913225174,0.02175009250640869,0.0198783278465271,3to4
2529,2530,OADMET-0002827,5.91,train,5to6,2,0.014155620941661382,0.031183556045658447,0.08836931299085395,0.26840253339583586,0.5978889766259904,gte6
2530,2531,OADMET-0002825,6.225,train,gte6,0,0.008064629615195855,0.03766362418168293,0.21291327754108783,0.41136894166391824,0.3299895269981151,5to6
2531,2532,OADMET-0002824,6.52,train,gte6,4,0.0005744517148836218,0.0028037588073439004,0.08632907546253434,0.39560879536427157,0.5146839186509665,gte6
2532,2533,OADMET-0002823,5.39,train,5to6,3,0.00038410332473539705,0.0031774499769036866,0.10530587081641105,0.4808282162926744,0.41030435958927547,5to6
2533,2534,OADMET-0002822,5.47,train,5to6,2,0.00023708506643651384,0.0015092204286720077,0.02084095179863311,0.28112643452317543,0.6962863081830829,gte6
2534,2535,OADMET-0002821,5.52,train,5to6,3,0.002188960206481378,0.009890531714782406,0.08949443427955989,0.4459121463978592,0.45251392740131713,gte6
2535,2536,OADMET-0002820,5.73,train,5to6,3,0.0001602323412704574,0.001256737934330307,0.01961187769414287,0.26382934204440384,0.7151418099858525,gte6
2536,2537,OADMET-0002819,6.345000000000001,train,gte6,4,0.00019774991155278981,0.0009131425386893394,0.041972844083182415,0.3356219691427266,0.6212942943238489,gte6
2537,2538,OADMET-0002818,5.74,train,5to6,0,0.00013852733487033803,0.001464796480135702,0.023968771014241535,0.30427637587342193,0.6701515292973305,gte6
2538,2539,OADMET-0002817,5.3,train,5to6,4,7.049501146632058e-05,0.00032951009150305885,0.030221772066685287,0.3742160941005764,0.5951621287297689,gte6
2539,2540,OADMET-0002816,5.51,train,5to6,4,0.06628879209077948,0.20335474761839767,0.4821496939819283,0.15687400219495595,0.09133276411393854,4to5
2540,2541,OADMET-0002815,5.72,train,5to6,3,0.001941958279117783,0.013614833026860092,0.18389306519345094,0.5131118173927364,0.28743832610783476,5to6
2541,2542,OADMET-0002814,5.28,train,5to6,3,0.002161736428171887,0.008669256476913587,0.051516422590587085,0.3272518309758677,0.6104007535284597,gte6
2542,2543,OADMET-0002813,5.02,train,5to6,0,0.0023968195748546757,0.013365271096703307,0.07489153516108646,0.36247317885944774,0.5468731953079078,gte6
2543,2544,OADMET-0002812,5.0,train,4to5,4,0.0024688724106411626,0.010734828453951472,0.18714179560472963,0.4715842124977909,0.3280702910328868,5to6
2544,2545,OADMET-0002811,5.03,train,5to6,0,0.024043602197144118,0.06275568727155159,0.17351576201108018,0.36917277139128823,0.37051217712893586,gte6
2545,2546,OADMET-0002810,5.949999999999999,train,5to6,4,0.00032626333573171915,0.0007694077694792516,0.01921070528482192,0.20588676364802494,0.7738068599619422,gte6
2546,2547,OADMET-0002809,5.74,train,5to6,1,0.00020095886706998872,0.0027886697010203916,0.04237080423870826,0.3690365603811611,0.5856030068120402,gte6
2547,2548,OADMET-0002808,5.19,train,5to6,3,0.0031876721074153664,0.02620295889049095,0.47205487983454036,0.43786634241393513,0.06068814675361821,4to5
2548,2549,OADMET-0002807,5.775,train,5to6,0,0.0004119651958477557,0.004149874308085256,0.04615406059803822,0.3811559174259592,0.5681281824720695,gte6
2549,2550,OADMET-0002806,3.26,train,3to4,4,0.514944721998111,0.442506632392047,0.025582011282800007,0.0013644855665086598,0.015602148760533277,lt3
2550,2551,OADMET-0002805,4.91,train,4to5,3,0.002476715949585995,0.017980685465960152,0.2943303288399849,0.533524990330229,0.15168727941423993,5to6
2551,2552,OADMET-0002804,4.95,train,4to5,2,0.00033040376287956817,0.002975737636272575,0.07656764136788705,0.44267981653130745,0.4774464007016534,gte6
2552,2553,OADMET-0002803,5.22,train,5to6,3,0.0019411171208140313,0.015056079375102572,0.3493711760489406,0.5110452496326872,0.12258637782245566,5to6
2553,2554,OADMET-0002802,5.55,train,5to6,0,0.00039101206276022723,0.004836391720650237,0.14024642292731435,0.5495750975739689,0.3049510757153063,5to6
2554,2555,OADMET-0002801,5.84,train,5to6,4,0.0001481210339936493,0.0008834801221327035,0.04861850639964844,0.37889507225446395,0.5714548201897612,gte6
2555,2556,OADMET-0002800,5.09,train,5to6,3,0.0008936615611260452,0.008616953366949518,0.25842959505844876,0.5394028569768818,0.19265693303659384,5to6
2556,2557,OADMET-0002799,3.4,train,3to4,4,0.24402180804222864,0.46159682766510135,0.2215797363319356,0.0321109505250288,0.04069067743570562,3to4
2557,2558,OADMET-0002798,5.21,train,5to6,0,0.011126686725634913,0.05332909852269861,0.40865996137453275,0.39708232546808114,0.1298019279090526,4to5
2558,2559,OADMET-0002797,5.84,train,5to6,1,0.002350795174700578,0.00879935861525411,0.04841122593104047,0.24294092711388965,0.6974976931651152,gte6
2559,2560,OADMET-0002796,5.0,train,4to5,3,0.004854396604976276,0.03636072714916414,0.5417315611806905,0.37483388757003633,0.04221942749513267,4to5
2560,2561,OADMET-0002795,5.029999999999999,train,5to6,4,0.1229852250018179,0.38710604872405,0.4041520229157351,0.06872922709510315,0.017027476263293817,4to5
2561,2562,OADMET-0002794,5.64,train,5to6,0,0.005835698943706932,0.03145412248242468,0.2695766914605075,0.4683113790882563,0.22482210802510452,5to6
2562,2563,OADMET-0002793,4.96,train,4to5,3,0.0018134388372053579,0.01038803439466422,0.09330050646172598,0.41563862557340897,0.4788593947329955,gte6
2563,2564,OADMET-0002792,5.39,train,5to6,4,0.0014774524276527964,0.0057306488626305266,0.11051118126859111,0.4266697371005326,0.455610980340593,gte6
2564,2565,OADMET-0002791,6.125,train,gte6,4,0.00013098491999775122,0.0009374028473876669,0.06720090778830239,0.4589259409335077,0.4728047635108045,gte6
2565,2566,OADMET-0002790,4.93,train,4to5,4,0.009296345394621435,0.03890336623084686,0.4121664704917957,0.38271212043177166,0.1569216974509643,4to5
2566,2567,OADMET-0002789,5.46,train,5to6,2,0.00026717013598577776,0.002081389998305107,0.04084520029579578,0.3791541445699977,0.5776520949999157,gte6
2567,2568,OADMET-0002788,5.3,train,5to6,3,0.028973120980164996,0.14668291697887392,0.5880345062312893,0.19650135787947953,0.039808097930192216,4to5
2568,2569,OADMET-0002787,5.7,train,5to6,4,0.00033374431226046767,0.0019369225382556273,0.08869069980510015,0.47395470623292607,0.43508392711145766,5to6
2569,2570,OADMET-0002786,6.14,train,gte6,4,0.01886394324753016,0.11127497358336266,0.6036296138306744,0.24225485416147768,0.023976615176955107,4to5
2570,2571,OADMET-0002785,5.41,train,5to6,2,0.007115414576657618,0.03434284653309771,0.3945421137010014,0.45876006627244637,0.10523955891679691,5to6
2571,2572,OADMET-0002784,5.35,train,5to6,1,0.03036565051187564,0.1527152311128398,0.589874785341562,0.17596360483880846,0.05108072819491405,4to5
2572,2573,OADMET-0002783,5.69,train,5to6,2,0.0010301527280760776,0.00754548571221585,0.11200960905987761,0.48613516025984144,0.39327959223998904,5to6
2573,2574,OADMET-0002782,5.41,train,5to6,4,0.0025544500565476856,0.009993300253714935,0.13733283251242512,0.4010585115727402,0.4490609056045721,gte6
2574,2575,OADMET-0002781,5.5,train,5to6,3,0.03321442331054176,0.18855170624626122,0.5890574963531271,0.1571281975935668,0.03204817649650311,4to5
2575,2576,OADMET-0002780,5.925000000000001,train,5to6,3,0.0012264015118335547,0.010063309026853888,0.3175948494404514,0.5616377406647081,0.10947769935615305,5to6
2576,2577,OADMET-0002779,5.3,train,5to6,1,0.000341390316320962,0.004723540952847194,0.10414362654541126,0.5118796207611908,0.37891182142422986,5to6
2577,2578,OADMET-0002778,5.04,train,5to6,0,0.0007620259685879243,0.006970958028440655,0.24351665854253743,0.5832967515419484,0.16545360591848565,5to6
2578,2579,OADMET-0002777,5.03,train,5to6,3,0.022828554096765236,0.11753337501920644,0.5612361870360695,0.2570335495183184,0.04136833432964047,4to5
2579,2580,OADMET-0002776,5.22,train,5to6,2,0.004025882731260856,0.021968376740522343,0.4412943295330877,0.47967099017123327,0.053040420823895804,5to6
2580,2581,OADMET-0002775,5.23,train,5to6,1,0.0018043564010772977,0.011859938093630867,0.24052179521014316,0.46929396561917225,0.27651994467597646,5to6
2581,2582,OADMET-0002774,5.07,train,5to6,3,0.0002944202871442573,0.0028874136146053,0.09353590790410679,0.49564847528993883,0.4076337829042048,5to6
2582,2583,OADMET-0002773,5.91,train,5to6,2,0.0009307763157096028,0.007254670995577099,0.0982342756032273,0.47517542071522506,0.4184048563702609,5to6
2583,2584,OADMET-0002772,5.215,train,5to6,1,0.00016031453938732546,0.002379184877742354,0.09971186008817931,0.5173683288544134,0.3803803116402776,5to6
2584,2585,OADMET-0002771,1.8,train,lt3,1,0.5278411334320903,0.4446927163047546,0.017841409306126016,0.0028727018728267953,0.0067520390842022585,lt3
2585,2586,OADMET-0002769,5.22,train,5to6,1,0.0005304567042788759,0.005757588293124403,0.13633647242846633,0.47471203292024294,0.3826634496538875,5to6
2586,2587,OADMET-0002768,5.25,train,5to6,4,0.0012176125457780092,0.005055361954234266,0.08404480022618771,0.3762971208355041,0.5333851044382959,gte6
2587,2588,OADMET-0002767,6.27,train,gte6,1,0.0010152372087207622,0.006586602588198096,0.05428540097448989,0.30675555043300184,0.6313572087955894,gte6
2588,2589,OADMET-0002766,5.904999999999999,train,5to6,1,0.00010482353937744479,0.0016126013977967577,0.07755954860393588,0.5241366825389182,0.3965863439199717,5to6
2589,2590,OADMET-0002765,3.1,train,3to4,0,0.3723614402901697,0.3638566623968881,0.07360880602571947,0.022069908020797134,0.16810318326642562,lt3
2590,2591,OADMET-0002764,4.79,train,4to5,3,0.01154674624045927,0.06999110639068801,0.5645709802082474,0.31140641306061784,0.042484754099987566,4to5
2591,2592,OADMET-0002763,5.31,train,5to6,2,0.0018768823114707332,0.010945118483352747,0.39047170951871263,0.5034081714943889,0.093298118192075,5to6
2592,2593,OADMET-0002762,5.6,train,5to6,4,0.00013226907012991762,0.0006809786061222035,0.03765368208255326,0.3706465778836909,0.5908864923575038,gte6
2593,2594,OADMET-0002761,5.41,train,5to6,1,0.011747063126650581,0.05631929630756444,0.516637384410354,0.330208301236659,0.08508795491877202,4to5
2594,2595,OADMET-0002760,6.32,train,gte6,4,0.0007866583241544968,0.0028475411450102,0.06472400624476121,0.3270875538113931,0.604554240474681,gte6
2595,2596,OADMET-0002759,4.74,train,4to5,0,0.029746296306320086,0.15485312784801922,0.5758121330829049,0.20163113392440699,0.03795730883834878,4to5
2596,2597,OADMET-0002758,5.795,train,5to6,0,0.0033858157581217185,0.023837938601724045,0.43057298497087526,0.4577579499757811,0.08444531069349784,5to6
2597,2598,OADMET-0002757,4.77,train,4to5,1,0.00031656363254295975,0.003467452349142741,0.0476934519357764,0.3450291623076867,0.6034933697748512,gte6
2598,2599,OADMET-0002756,4.87,train,4to5,3,0.036797955083877516,0.13012312158758757,0.47810917380289475,0.28939047024562253,0.06557927928001762,4to5
2599,2600,OADMET-0002755,5.38,train,5to6,1,0.005709172790515886,0.03591171341423569,0.4339523092174136,0.41036928407087153,0.11405752050696326,4to5
2600,2601,OADMET-0002754,5.6,train,5to6,0,0.0012539187007580878,0.011932441723815112,0.09231336203866417,0.4517010711710239,0.4427992063657387,5to6
2601,2602,OADMET-0002753,6.15,train,gte6,1,0.42754571554834553,0.46660797614751814,0.07254919972379842,0.014427019851720393,0.018870088728617507,3to4
2602,2603,OADMET-0002752,4.95,train,4to5,2,0.0008459448616576416,0.006472969940428761,0.38270360736736864,0.5476511362683719,0.06232634156217301,5to6
2603,2604,OADMET-0002751,5.13,train,5to6,2,0.0009655112271471644,0.007175979487603587,0.3794752262864102,0.5421576958078127,0.07022558719102633,5to6
2604,2605,OADMET-0002750,3.43,train,3to4,4,0.14949625521307391,0.4430511377385861,0.33532270682015364,0.04669145522230666,0.025438445005879683,3to4
2605,2606,OADMET-0002749,1.9,train,lt3,2,0.3949058096216381,0.40250161758637876,0.07714620893583747,0.01783832687989443,0.1076080369762512,3to4
2606,2607,OADMET-0002748,1.79,train,lt3,4,0.5741194554289797,0.40682384851282866,0.010188782707743142,0.00032532340648339537,0.008542589943965109,lt3
2607,2608,OADMET-0002747,5.87,train,5to6,4,0.2362682999183947,0.4783450725458851,0.22779840527957088,0.02825030907569856,0.029337913180450707,3to4
2608,2609,OADMET-0002746,4.78,train,4to5,1,0.24454022306285217,0.5456611967845694,0.17059354039223945,0.0224119418975577,0.016793097862781266,3to4
2609,2610,OADMET-0002745,1.76,train,lt3,1,0.4873069071678143,0.4782284936534218,0.02492640054335968,0.003321708277458149,0.006216490357946088,lt3
2610,2611,OADMET-0002744,5.34,train,5to6,1,0.0002208500685642333,0.003555703941620843,0.08692081530181425,0.5116774152847245,0.3976252154032761,5to6
2611,2612,OADMET-0002743,1.83,train,lt3,0,0.38135371677634444,0.4528571791813852,0.07651946907451755,0.017778786396015055,0.07149084857173772,3to4
2612,2613,OADMET-0002742,1.82,train,lt3,3,0.07031332858607163,0.2303744755023973,0.42333788625906155,0.1776608268393761,0.09831348281309343,4to5
2613,2614,OADMET-0002740,5.67,train,5to6,0,0.011043781414628029,0.09179775416851044,0.6466097831726074,0.23085132241249084,0.019697358831763268,4to5
2614,2615,OADMET-0002739,5.33,train,5to6,4,0.002900096226161071,0.015549406035479281,0.3574320504079889,0.5033227385747483,0.12079570875562241,5to6
2615,2616,OADMET-0002738,5.34,train,5to6,4,0.00010726632775666855,0.0009176545321152997,0.1081421288273872,0.5751844578088428,0.3156484925038981,5to6
2616,2617,OADMET-0002736,4.91,train,4to5,3,0.0037705829543734364,0.02605366808793976,0.4315076926770692,0.46367819596750914,0.07498986031310852,5to6
2617,2618,OADMET-0002735,5.455,train,5to6,2,0.0004950761457625572,0.0038151845358714736,0.1452054453128613,0.5148728744317236,0.33561141957378104,5to6
2618,2619,OADMET-0002734,1.81,train,lt3,1,0.2606288962506665,0.5767140109193245,0.13408232576001347,0.015258632792673163,0.013316134277322346,3to4
2619,2620,OADMET-0002733,5.76,train,5to6,0,0.00013338336511739757,0.0011030455420315,0.023810122307972945,0.28543654259074225,0.689516906194136,gte6
2620,2621,OADMET-0002732,5.66,train,5to6,4,0.00012404959725916136,0.0009178582557877254,0.07091235712966935,0.46849279885082107,0.45955293616646264,5to6
2621,2622,OADMET-0002731,5.61,train,5to6,2,0.0004635347775185224,0.00324114193076836,0.03411705192556009,0.33412106271587544,0.6280572086502776,gte6
2622,2623,OADMET-0002730,5.58,train,5to6,4,0.0004968485216376792,0.002273375529168011,0.06964222020316632,0.3943958994492453,0.5331916562967827,gte6
2623,2624,OADMET-0002729,5.175,train,5to6,1,0.0001264797147205673,0.002448529418120897,0.06593831486934573,0.4673440654034517,0.4641426105943611,5to6
2624,2625,OADMET-0002728,5.65,train,5to6,2,0.0004954584775004934,0.004565085193003219,0.14192434861196812,0.5568905361246815,0.2961245715928466,5to6
2625,2626,OADMET-0002727,5.71,train,5to6,1,0.003053096448992294,0.020560416088768865,0.40438382070844076,0.4439800815101226,0.12802258524367555,5to6
2626,2627,OADMET-0002726,5.01,train,5to6,1,0.01585234861323398,0.06581252703012387,0.4714314858561691,0.2685087874222936,0.17839485107817937,4to5
2627,2628,OADMET-0002725,5.35,train,5to6,2,0.0003593884213716195,0.0030592552244654188,0.13679722096404842,0.5506858884022124,0.30909824698790217,5to6
2628,2629,OADMET-0002724,2.6,train,lt3,3,0.20358408976305184,0.5261182571176664,0.2209052603976897,0.027514195205743636,0.02187819751584847,3to4
2629,2630,OADMET-0002723,2.89,train,lt3,4,0.19702338878775555,0.48882284032072365,0.2571299931834639,0.03138031391232738,0.025643463795729522,3to4
2630,2631,OADMET-0002722,5.47,train,5to6,3,0.0010114639099993044,0.009647751037209537,0.3428171209599714,0.5472019207108388,0.09932174338198096,5to6
2631,2632,OADMET-0002721,4.97,train,4to5,3,0.007113811989197539,0.04175740459033686,0.43093499320545936,0.4117357113728799,0.10845807884212635,4to5
2632,2633,OADMET-0002720,5.46,train,5to6,1,0.021753401212495603,0.06864898111370149,0.29003778964393706,0.37192232525117175,0.24763750277869412,5to6
2633,2634,OADMET-0002719,2.53,train,lt3,2,0.6268302208652232,0.3043959748521508,0.012496438564602011,0.0036031181328790903,0.05267424758514482,lt3
2634,2635,OADMET-0002718,6.115,train,gte6,3,0.000535469702750758,0.00462793950023215,0.0995526477265787,0.4592709264366026,0.4360130166338358,5to6
2635,2636,OADMET-0002717,5.54,train,5to6,3,0.00024906805248766896,0.0027486666023210653,0.09683389351655015,0.5008713076798407,0.3992970641488004,5to6
2636,2637,OADMET-0002716,4.79,train,4to5,0,0.0037036790857427997,0.025452420992534214,0.14257239296583324,0.46809770289772656,0.3601738040581632,5to6
2637,2638,OADMET-0002715,5.83,train,5to6,4,0.0006379085881452943,0.00415143513951423,0.17902633704093462,0.5299020455850584,0.2862822736463475,5to6
2638,2639,OADMET-0002714,5.82,train,5to6,4,0.0008201696349370546,0.003878826984119789,0.11444353342230659,0.4144331227667566,0.46642434719188,gte6
2639,2640,OADMET-0002713,5.44,train,5to6,3,0.0024295234713304303,0.01605979144489684,0.15656304140719993,0.47865297721718003,0.3462946664593928,5to6
2640,2641,OADMET-0002712,5.29,train,5to6,0,0.0009892621313882743,0.005390256179516526,0.049538757669345505,0.3340930343841062,0.6099886896356436,gte6
2641,2642,OADMET-0002710,2.78,train,lt3,1,0.45106168489195053,0.4942737698078919,0.040173768024409216,0.00566945770065682,0.008821319575091536,3to4
2642,2643,OADMET-0002709,5.49,train,5to6,1,0.00013114796784995198,0.0011953912544303094,0.018821514569941668,0.2316706855103974,0.7481812606973807,gte6
2643,2644,OADMET-0002708,1.84,train,lt3,1,0.10718025612904668,0.26175739386091407,0.44704775336951935,0.12660717492523882,0.05740742171528109,4to5
2644,2645,OADMET-0002707,5.56,train,5to6,2,0.00044702020594290017,0.0028976102500275526,0.025443319763689853,0.2737428007187867,0.6974692490615529,gte6
2645,2646,OADMET-0002706,4.94,train,4to5,1,0.0010197365145722885,0.009827210524418158,0.24337662648778505,0.5365115380394926,0.2092648884337319,5to6
2646,2647,OADMET-0002705,3.56,train,3to4,4,0.18965887811416152,0.4557046243283381,0.2790461747454907,0.04038414686488941,0.03520617594712031,3to4
2647,2648,OADMET-0002704,5.6,train,5to6,2,0.1899224473741058,0.5503749118095751,0.21989976827297922,0.02601910692034589,0.013783765622994019,3to4
2648,2649,OADMET-0002703,5.16,train,5to6,1,0.00020819030999960574,0.002913367968059524,0.05207963347776953,0.41011646862028467,0.5346823396238867,gte6
2649,2650,OADMET-0002702,5.24,train,5to6,4,0.000253527557725432,0.0017685293242843399,0.11765723071104695,0.5483451800004916,0.33197553240645167,5to6
2650,2651,OADMET-0002701,5.365,train,5to6,2,0.0025301763729225616,0.015964494687309483,0.42225532848836755,0.4843665559057557,0.07488344454564468,5to6
2651,2652,OADMET-0002700,5.64,train,5to6,0,0.0005685988303456793,0.0054836754806269865,0.0638284950116487,0.40628431245764635,0.5238349182197323,gte6
2652,2653,OADMET-0002699,5.22,train,5to6,1,0.00020736009465813107,0.003682494888310098,0.11629729810796871,0.5552549050778557,0.3245579418312073,5to6
2653,2654,OADMET-0002698,5.7,train,5to6,1,0.002425049582581923,0.012877135102826965,0.10216375840507798,0.32106678594027555,0.5614672709692377,gte6
2654,2655,OADMET-0002697,5.36,train,5to6,2,0.0018823377321848338,0.012577777574630442,0.33608551910861983,0.5087018327462339,0.14075253283833095,5to6
2655,2656,OADMET-0002696,5.85,train,5to6,4,0.0016012977807958505,0.0098355946925239,0.28743366714138147,0.5403807444741981,0.1607486959111006,5to6
2656,2657,OADMET-0002695,2.69,train,lt3,4,0.06204724378473175,0.19919522026445413,0.5193887720569471,0.16842084825037462,0.05094791564349233,4to5
2657,2658,OADMET-0002694,1.91,train,lt3,3,0.3619189769392615,0.43890782744836554,0.08615636577987548,0.01933376043913248,0.093683069393365,3to4
2658,2659,OADMET-0002693,5.06,train,5to6,0,0.0002229503700236828,0.0020514924231681574,0.031548555458802224,0.33736618838306265,0.6288108133649433,gte6
2659,2660,OADMET-0002692,4.67,train,4to5,3,0.00031064455294039616,0.0028545070671820165,0.16323796738696894,0.5960086936944808,0.23758818729842784,5to6
2660,2661,OADMET-0002691,5.35,train,5to6,2,0.00035907833342011273,0.003311446059330151,0.09991886134645495,0.5231150810898566,0.37329553317093817,5to6
2661,2662,OADMET-0002690,5.27,train,5to6,2,0.011928846383805822,0.04392542411599751,0.28585875646653713,0.404459485134639,0.25382748789902054,5to6
2662,2663,OADMET-0002689,4.07,train,4to5,4,0.18959694931086782,0.48847292557688893,0.27054367081159253,0.03432610703012528,0.017060347270525394,3to4
2663,2664,OADMET-0002688,4.65,train,4to5,0,0.0003940955891557779,0.004217558179200337,0.07777156873442015,0.45316885044002825,0.4644479270571955,gte6
2664,2665,OADMET-0002687,5.12,train,5to6,4,6.783244506777488e-05,0.0004287505118792031,0.04694821072212872,0.4396979336122985,0.5128572727086258,gte6
2665,2666,OADMET-0002686,5.44,train,5to6,2,0.0029367811436987034,0.016850771339293923,0.2341641777717029,0.5376537428437287,0.20839452690157578,5to6
2666,2667,OADMET-0002685,5.98,train,5to6,2,0.00039448374032766283,0.0039019973794099435,0.07900207552728734,0.4867676535322778,0.42993378982069724,5to6
2667,2668,OADMET-0002684,3.2,train,3to4,2,0.25986284453191905,0.5920486549445202,0.12732689296070865,0.012459591239944699,0.008302016322907333,3to4
2668,2669,OADMET-0002683,6.07,train,gte6,2,0.0003575842222730222,0.003347369697079782,0.09018652377323805,0.4725761835381437,0.4335323387692655,5to6
2669,2670,OADMET-0002682,2.42,train,lt3,0,0.04661132429995629,0.18867012998961008,0.5189221540013116,0.18295121329241404,0.06284517841670795,4to5
2670,2671,OADMET-0002681,5.33,train,5to6,1,0.014639791900381663,0.0996799694606684,0.6168584375502931,0.23276878692585473,0.03605301416280204,4to5
2671,2672,OADMET-0002680,5.4,train,5to6,1,0.00040035983595865173,0.005072321822637637,0.0992990971345225,0.45283741471896183,0.44239080648791934,5to6
2672,2673,OADMET-0002679,5.27,train,5to6,2,0.000548365625910232,0.004442510062162172,0.15051126029791848,0.5302106579458179,0.3142872060681912,5to6
2673,2674,OADMET-0002678,5.53,train,5to6,1,0.003134563925803799,0.019707699177983998,0.18828495613994714,0.44593657880064597,0.34293620195561914,5to6
2674,2675,OADMET-0002677,5.28,train,5to6,3,0.004952964536455295,0.03621760162315061,0.4715536247130833,0.41883445211345643,0.0684413570138543,4to5
2675,2676,OADMET-0002676,5.57,train,5to6,1,0.001609914978107083,0.014903257989595853,0.29154367015065885,0.5220373409027658,0.16990581597887244,5to6
2676,2677,OADMET-0002675,5.8100000000000005,train,5to6,4,0.052595715088096566,0.24949137448254533,0.547744384166413,0.13103087026760385,0.0191376559953412,4to5
2677,2678,OADMET-0002674,5.28,train,5to6,3,0.008141808862567946,0.03790324423236769,0.2026027520221641,0.4522870921207383,0.2990651027621619,5to6
2678,2679,OADMET-0002673,4.81,train,4to5,1,0.00020519788610592784,0.003119367254559304,0.08207059861449004,0.4799462381527052,0.4346585980921395,5to6
2679,2680,OADMET-0002672,1.72,train,lt3,2,0.025907195332431934,0.09825379108626273,0.4935248943112822,0.2985962540329619,0.08371786523706122,4to5
2680,2681,OADMET-0002671,5.3,train,5to6,0,0.0007003653530820157,0.005645286357265502,0.056073680269896134,0.3565343067597839,0.5810463612599724,gte6
2681,2682,OADMET-0002670,5.18,train,5to6,0,0.0064948145421125265,0.0388660021850206,0.3434455401142045,0.47052484838389763,0.14066879477476477,5to6
2682,2683,OADMET-0002669,3.36,train,3to4,4,0.25568166089413696,0.5224156321315211,0.177100671338655,0.018577378035589554,0.02622465760009746,3to4
2683,2684,OADMET-0002668,5.03,train,5to6,0,0.003367541238733912,0.019595592012945758,0.16524586639382194,0.46971716082398507,0.34207383953051335,5to6
2684,2685,OADMET-0002667,1.8,train,lt3,0,0.06716376192758729,0.23096384393612365,0.46882412372701715,0.16290014132633068,0.07014812908294124,4to5
2685,2686,OADMET-0002666,6.325,train,gte6,4,0.000361009673494843,0.000849746580587742,0.019853496549265506,0.2046048347505697,0.7743309124460822,gte6
2686,2687,OADMET-0002665,5.42,train,5to6,1,0.0048856474277166745,0.024126410394436082,0.38410907840688124,0.40791424956949707,0.17896461420146892,5to6
2687,2688,OADMET-0002664,5.08,train,5to6,0,0.0007397495313512561,0.004763727142900142,0.03769095294677121,0.299289796957138,0.6575157734218394,gte6
2688,2689,OADMET-0002663,5.08,train,5to6,0,0.000744166486288777,0.007086146182410533,0.28919770336624157,0.5738582412532593,0.1291137427117998,5to6
2689,2690,OADMET-0002662,5.87,train,5to6,2,0.0037758276427766876,0.022613235622350975,0.3335985087199835,0.520742153593066,0.11927027442182295,5to6
2690,2691,OADMET-0002661,5.28,train,5to6,1,0.0017671200719069123,0.011467818976615673,0.19216908304208263,0.44874521598894496,0.34585076192044983,5to6
2691,2692,OADMET-0002660,1.8,train,lt3,3,0.42012263876894707,0.48772166478847934,0.05215186818538315,0.00808467408722924,0.031919154169961154,3to4
2692,2693,OADMET-0002659,5.87,train,5to6,3,9.406850748774725e-05,0.0010886566203401461,0.05615114517847232,0.4633004745569766,0.4793656551367232,gte6
2693,2694,OADMET-0002658,5.41,train,5to6,4,7.178659731268164e-05,0.00036115256832211805,0.03429319270264903,0.4103421190981668,0.5549317490335494,gte6
2694,2695,OADMET-0002657,5.76,train,5to6,3,0.00034327480206306724,0.0039007071289233176,0.19416085523010246,0.6046068270806136,0.19698833575829755,5to6
2695,2696,OADMET-0002656,5.65,train,5to6,4,0.0001593719871777753,0.0009938499030071758,0.061681465591143375,0.44059256950369263,0.496572743014979,gte6
2696,2697,OADMET-0002655,5.13,train,5to6,3,0.0019820312869154827,0.014692959405649825,0.3137446251144259,0.5304606903948481,0.13911969379816064,5to6
2697,2698,OADMET-0002654,4.73,train,4to5,4,0.00016287594606739745,0.001205665734895998,0.11260470533289242,0.5819606074020209,0.30406614558412326,5to6
2698,2699,OADMET-0002653,5.44,train,5to6,1,0.008605651813913935,0.034770497225835834,0.24208233481890962,0.4005400359791528,0.3140014801621878,5to6
2699,2700,OADMET-0002652,1.71,train,lt3,0,0.19306816571942537,0.45202950097455635,0.2536872483592155,0.052174002741984866,0.04904108220481786,3to4
2700,2701,OADMET-0002651,5.57,train,5to6,3,0.00029982984391694755,0.0035170884775300106,0.14071042824655358,0.5465874071594485,0.308885246272551,5to6
2701,2702,OADMET-0002650,1.75,train,lt3,1,0.041923831858949,0.19950391497122544,0.5673914420702,0.15733198620864636,0.033848824890979186,4to5
2702,2703,OADMET-0002649,1.79,train,lt3,2,0.29394009490355777,0.5354505737464832,0.12723135853386403,0.0166423356783216,0.026735637137773355,3to4
2703,2704,OADMET-0002648,4.69,train,4to5,4,0.3664225951292568,0.570877733238926,0.05044286346714281,0.002097324942646513,0.010159483222027938,3to4
2704,2705,OADMET-0002647,1.73,train,lt3,2,0.2996127474291258,0.59494927901531,0.08680616684268243,0.008599814582437942,0.010031992130443798,3to4
2705,2706,OADMET-0002646,4.78,train,4to5,0,0.0007579423244649817,0.004425651388163426,0.0355338900826321,0.2691283222566811,0.6901541939480584,gte6
2706,2707,OADMET-0002645,5.67,train,5to6,1,5.9603948561214315e-05,0.0008992843590341698,0.02245276556333484,0.3238654658794692,0.6527228802496006,gte6
2707,2708,OADMET-0002644,2.0,train,lt3,2,0.22689024628208188,0.5454914813708431,0.18515274756339553,0.022331520050683024,0.02013400473299644,3to4
2708,2709,OADMET-0002643,5.98,train,5to6,4,0.0023961204151369095,0.015097256486235597,0.3824517660113325,0.5056247026841499,0.09443015440314506,5to6
2709,2710,OADMET-0002642,5.48,train,5to6,4,0.00033355450351713154,0.002695867667648049,0.1766680993754145,0.5720336769894558,0.24826880146396452,5to6
2710,2711,OADMET-0002641,2.06,train,lt3,0,0.11346221947685706,0.44829026783107395,0.36116168642934143,0.05868801967346709,0.01839780658926046,3to4
2711,2712,OADMET-0002640,5.12,train,5to6,1,9.937046510466059e-05,0.0016786595474628993,0.028898085827560142,0.3406042091270382,0.6287196750328341,gte6
2712,2713,OADMET-0002639,3.52,train,3to4,4,0.05990881077979203,0.23947644144491687,0.5204273442908103,0.13673508116329058,0.04345232232119023,4to5
2713,2714,OADMET-0002638,5.26,train,5to6,0,0.00020833437741812205,0.0023178649786248172,0.044012693062373875,0.3952103070209138,0.5582508005606693,gte6
2714,2715,OADMET-0002637,5.31,train,5to6,3,0.00016406225248738024,0.0012639629582143345,0.02765497600361616,0.3066731134228606,0.6642438853628215,gte6
2715,2716,OADMET-0002636,5.19,train,5to6,2,0.002340997747042968,0.010577229534205939,0.10601445783221623,0.4278828401080876,0.4531844747784473,gte6
2716,2717,OADMET-0002635,5.45,train,5to6,0,0.011868353366531116,0.03998048353880267,0.11729085060823528,0.33468891218745533,0.4961714002989756,gte6
2717,2718,OADMET-0002634,4.7,train,4to5,3,0.0005970291531321583,0.005445311644487923,0.2522020278456243,0.6019081326551091,0.1398474987016466,5to6
2718,2719,OADMET-0002633,6.045,train,gte6,0,0.0005850452310440091,0.0060696058898932845,0.17051718342000813,0.5594608525482206,0.26336731291083393,5to6
2719,2720,OADMET-0002632,5.79,train,5to6,4,0.00014027831773172328,0.0007502908966475483,0.03967078979764006,0.3581821766863584,0.6012564643016223,gte6
2720,2721,OADMET-0002631,5.77,train,5to6,4,0.0037539296553833644,0.014768982398966915,0.22153175016431073,0.473494890328581,0.286450447452758,5to6
2721,2722,OADMET-0002630,4.705,train,4to5,2,0.0007663306209227288,0.0060576399887444544,0.16597309480597902,0.5279077218969922,0.29929521268736164,5to6
2722,2723,OADMET-0002629,4.95,train,4to5,1,0.022904862827670635,0.08463069461360212,0.4506582239961509,0.28598017885439964,0.15582603970817668,4to5
2723,2724,OADMET-0002628,6.11,train,gte6,0,0.007043480784470098,0.05352619241647119,0.612800609523755,0.2931582398974604,0.03347147737784326,4to5
2724,2725,OADMET-0002627,5.29,train,5to6,4,0.00020280317797653037,0.0011704982253109575,0.07318821691703427,0.43517411601195083,0.4902643656677274,gte6
2725,2726,OADMET-0002626,5.19,train,5to6,0,0.003842018009238549,0.025308098184403112,0.3032093589076935,0.48996137682884294,0.17767914806982188,5to6
2726,2727,OADMET-0002625,5.3,train,5to6,2,0.00032590906712318005,0.0029875997390617437,0.09690985203908867,0.5238702555544262,0.3759063836003002,5to6
2727,2728,OADMET-0002624,1.74,train,lt3,4,0.10568903619811881,0.33504627512543805,0.4408022249846573,0.08733611130949316,0.03112635238229267,4to5
2728,2729,OADMET-0002623,5.28,train,5to6,1,0.0005440853845974193,0.006918250850647489,0.19710714550591565,0.5321078148090138,0.2633227034498256,5to6
2729,2730,OADMET-0002622,5.52,train,5to6,1,0.5057628211278039,0.4365891565001289,0.036313034999888784,0.007957865572994936,0.013377121799183508,lt3
2730,2731,OADMET-0002621,5.15,train,5to6,4,0.00016967437711806613,0.0013070811322995197,0.09828853110725334,0.5182034707586827,0.3820312426246464,5to6
2731,2732,OADMET-0002620,5.42,train,5to6,2,0.0014483237203757543,0.008703015762923086,0.08815355617398908,0.40363666499795625,0.49805843934475585,gte6
2732,2733,OADMET-0002619,5.91,train,5to6,1,0.0002003400908267996,0.002365711940822958,0.06337491804684683,0.45132890736881287,0.48273012255269054,gte6
2733,2734,OADMET-0002618,4.87,train,4to5,1,0.000123404755380062,0.0019424295083011582,0.04473138714760503,0.41005776379084735,0.5431450147978664,gte6
2734,2735,OADMET-0002617,5.67,train,5to6,4,0.00022730063745895067,0.0017077278899932586,0.11233232820428264,0.5539526296510815,0.3317800136171836,5to6
2735,2736,OADMET-0002616,5.88,train,5to6,4,0.00018127158193100544,0.0009088432022044049,0.05164346578143481,0.39222938632833726,0.5550370331060925,gte6
2736,2737,OADMET-0002615,5.33,train,5to6,4,0.0001341140348678789,0.0007428055055273039,0.05290357567682766,0.40708665380666553,0.5391328509761116,gte6
2737,2738,OADMET-0002614,5.5,train,5to6,2,0.005412492608721767,0.02736366206119545,0.34402678538714204,0.47719207808641667,0.14600498185652405,5to6
2738,2739,OADMET-0002613,5.29,train,5to6,1,0.008490163668567198,0.04256449651788563,0.4420029920286408,0.3818596648428473,0.12508268294205913,4to5
2739,2740,OADMET-0002612,4.85,train,4to5,2,0.0003468140314815764,0.0035368376911669116,0.13243021876562652,0.5699184838398584,0.29376764567186653,5to6
2740,2741,OADMET-0002611,5.27,train,5to6,1,0.001640505042823145,0.014186548940845606,0.308196880747782,0.5307912455784684,0.14518481969008085,5to6
2741,2742,OADMET-0002610,4.6850000000000005,train,4to5,1,0.000576810098740779,0.004511660448963302,0.05449977911863153,0.32013857495096165,0.6202731753827028,gte6
2742,2743,OADMET-0002609,4.67,train,4to5,0,0.0003552291430430504,0.004392224153701428,0.12216017555464383,0.5653076497275882,0.30778472142102353,5to6
2743,2744,OADMET-0002608,4.76,train,4to5,0,0.006157182042353189,0.05025784205165055,0.5721434844258524,0.33809759583142407,0.033343895648719826,4to5
2744,2745,OADMET-0002607,5.08,train,5to6,4,0.6856906654658065,0.30023182862458964,0.0038471003397226537,0.00012960089280912682,0.010100804677072065,lt3
2745,2746,OADMET-0002606,5.33,train,5to6,0,0.0007157498750951032,0.006411025416678103,0.2401222481088491,0.5770297154933355,0.1757212611060422,5to6
2746,2747,OADMET-0002605,5.6,train,5to6,4,0.00042097697110670963,0.0016944539481294275,0.05513685411425751,0.3548101383267679,0.5879375766397384,gte6
2747,2748,OADMET-0002604,5.81,train,5to6,4,0.00012072956490010459,0.00068087893522829,0.05279804410513564,0.4393397583689523,0.5070605890257837,gte6
2748,2749,OADMET-0002603,6.855,train,gte6,4,0.0006754173133801476,0.0028039030944527654,0.05816987573752725,0.33350867287311914,0.6048421309815207,gte6
2749,2750,OADMET-0002602,5.62,train,5to6,1,0.00023917816652295454,0.002995881334038112,0.047714637036536396,0.4029853156304797,0.5460649878324229,gte6
2750,2751,OADMET-0002601,5.915,train,5to6,2,0.005653833959896427,0.026588868300264946,0.25562891316483,0.47903951913297266,0.23308886544203597,5to6
2751,2752,OADMET-0002600,5.28,train,5to6,2,0.0011254430636007738,0.007994153892111352,0.28786779355837916,0.5639079402830667,0.13910466920284204,5to6
2752,2753,OADMET-0002599,5.63,train,5to6,4,0.0018539804173422828,0.013843953192049651,0.4162540310283897,0.48416198820365186,0.08388604715856651,5to6
2753,2754,OADMET-0002598,5.4,train,5to6,0,0.0017611876650220567,0.013768700743341241,0.11381014321214956,0.4610890699416924,0.40957089843779476,5to6
2754,2755,OADMET-0002597,5.09,train,5to6,0,0.004135058675125901,0.024062271858713898,0.17329820772677118,0.49356260275179975,0.3049418589875893,5to6
2755,2756,OADMET-0002596,5.47,train,5to6,0,0.00028147258515983444,0.0035491131778978527,0.1267699816526295,0.5526158457599788,0.316783586824334,5to6
2756,2757,OADMET-0002595,2.69,train,lt3,3,0.6839665773715669,0.2671767772488188,0.008775014434370685,0.002243048978151311,0.03783858196709239,lt3
2757,2758,OADMET-0002594,4.175,train,4to5,1,0.13068742631049224,0.4289214664558778,0.35000723488688157,0.05782815915427916,0.03255571319246922,3to4
2758,2759,OADMET-0002593,4.609999999999999,train,4to5,0,0.004113430429503101,0.02565985052304114,0.1869340153036939,0.4732592181306421,0.3100334856131198,5to6
2759,2760,OADMET-0002592,5.68,train,5to6,2,0.004471239224413158,0.025519660063567953,0.31091946754363625,0.523017174620863,0.1360724585475197,5to6
2760,2761,OADMET-0002591,5.23,train,5to6,4,0.018642669022753768,0.06566598082894513,0.42673172354516414,0.3564482827731888,0.13251134382994817,4to5
2761,2762,OADMET-0002590,5.12,train,5to6,2,0.004461441328541241,0.02186287220918064,0.2384367708887099,0.4671185867220079,0.2681203288515603,5to6
2762,2763,OADMET-0002589,5.2,train,5to6,1,0.0014470791058051168,0.011885581412167764,0.32140588419885197,0.4993659801033437,0.16589547517983147,5to6
2763,2764,OADMET-0002588,5.41,train,5to6,1,0.0005174445206889471,0.00579210475340506,0.17065826395137418,0.5561207046572189,0.26691148211731297,5to6
2764,2765,OADMET-0002587,5.02,train,5to6,0,0.0013845364309959989,0.011334177449456981,0.18870735678781275,0.5312556348578058,0.26731829447392846,5to6
2765,2766,OADMET-0002586,5.62,train,5to6,4,7.937086916052467e-05,0.0004249672713667327,0.03584300417730328,0.3736649519950793,0.5899877056870901,gte6
2766,2767,OADMET-0002585,5.35,train,5to6,2,0.0011051837066699342,0.007818208803506711,0.35895206588259165,0.5494699334863963,0.08265460812083536,5to6
2767,2768,OADMET-0002584,5.62,train,5to6,0,0.00022516309755922883,0.0025562569902990813,0.05389379050071375,0.4138966566168786,0.5294281327945494,gte6
2768,2769,OADMET-0002583,5.91,train,5to6,0,0.0008687133216879302,0.008052731054232999,0.09021584825624623,0.43297663983778034,0.46788606753005246,gte6
2769,2770,OADMET-0002582,1.75,train,lt3,3,0.1432372477962873,0.5006890883656422,0.303389459283297,0.036275613985442344,0.016408590569331142,3to4
2770,2771,OADMET-0002581,5.29,train,5to6,3,0.0022493362006897246,0.019451760449783365,0.40665248573842894,0.489800334356612,0.08184608325448597,5to6
2771,2772,OADMET-0002580,5.6,train,5to6,4,0.0020805517784411014,0.010550270606596017,0.26050179747931357,0.4927242015345043,0.234143178601145,5to6
2772,2773,OADMET-0002579,5.15,train,5to6,1,0.027468350879800946,0.15261819532276516,0.6008196901301008,0.18035703393564465,0.038736729731688374,4to5
2773,2774,OADMET-0002578,4.65,train,4to5,4,0.0019664595193382866,0.01371424045945743,0.4120540777195531,0.5006764723480721,0.0715887499535791,5to6
2774,2775,OADMET-0002577,5.03,train,5to6,2,0.0004255344580110296,0.003909177982947382,0.14675992369773866,0.5527405604183485,0.2961648034429544,5to6
2775,2776,OADMET-0002576,5.38,train,5to6,3,0.0012543850170771778,0.011009480969087498,0.35765719904110244,0.5364346130765161,0.09364432189621677,5to6
2776,2777,OADMET-0002575,6.16,train,gte6,1,0.03963241368395244,0.10054575689340292,0.35684952272791237,0.272764981809128,0.23020732488560425,4to5
2777,2778,OADMET-0002574,4.79,train,4to5,0,8.263666971357747e-05,0.0007797846615053105,0.0209848515700503,0.2988563882282409,0.6792963388704899,gte6
2778,2779,OADMET-0002573,5.41,train,5to6,1,0.002942862076844635,0.01841139662001719,0.28736356757174636,0.4380519520655856,0.2532302216658062,5to6
2779,2780,OADMET-0002572,5.58,train,5to6,4,9.487115517242338e-05,0.0006639041964842738,0.06164178385335846,0.4876568720746261,0.4499425687203587,5to6
2780,2781,OADMET-0002571,6.0600000000000005,train,gte6,3,0.04800966984004766,0.21794390028882324,0.5591203403735059,0.14278040400801886,0.03214568548960431,4to5
2781,2782,OADMET-0002570,5.14,train,5to6,0,0.001649255584771719,0.006658878458800362,0.04487451728077719,0.263863962118353,0.6829533865572976,gte6
2782,2783,OADMET-0002569,5.58,train,5to6,2,0.0005773500536751522,0.004038345288243871,0.12749075112615152,0.5196429770401332,0.3482505764917963,5to6
2783,2784,OADMET-0002568,5.53,train,5to6,0,0.0007402120806240665,0.004351939442323022,0.03597931482805901,0.2687942623147171,0.6901342713342768,gte6
2784,2785,OADMET-0002567,5.93,train,5to6,2,0.00015860787261585084,0.0018473927651080396,0.09917687635949982,0.5309672361678596,0.3678498868349167,5to6
2785,2786,OADMET-0002566,5.61,train,5to6,2,0.0007349172874604584,0.00615849013112767,0.2613919646289511,0.5784399445120927,0.15327468344036813,5to6
2786,2787,OADMET-0002565,5.55,train,5to6,1,0.00028219334839865777,0.0029902748057819587,0.1264871160310094,0.5289385111551023,0.34130190465970767,5to6
2787,2788,OADMET-0002564,5.52,train,5to6,1,0.006081289358482091,0.032579560970639375,0.4241389482330629,0.40988184453041215,0.12731835690740345,4to5
2788,2789,OADMET-0002563,5.36,train,5to6,1,0.0006417805513232323,0.006262054153830568,0.13430005210341148,0.48915826904176646,0.36963784414966827,5to6
2789,2790,OADMET-0002562,4.94,train,4to5,1,0.0026686332673878372,0.01745840254717408,0.36327843806414956,0.4515660048828109,0.16502852123847764,5to6
2790,2791,OADMET-0002561,5.32,train,5to6,4,0.0010930733935888845,0.006818091929943561,0.2945979521518438,0.550245342012488,0.14724554051213581,5to6
2791,2792,OADMET-0002560,5.4,train,5to6,2,0.00030594796005495366,0.0019748052322360464,0.01918417376375156,0.24407455004048254,0.7344605230034749,gte6
2792,2793,OADMET-0002559,6.140000000000001,train,gte6,2,0.00013170726104545734,0.0012971881166521004,0.11939722380541362,0.6183480662315589,0.26082581458532994,5to6
2793,2794,OADMET-0002558,4.57,train,4to5,1,0.0044458165599764125,0.032308650505407405,0.5058017566221505,0.37690643915269895,0.08053733715976664,4to5
2794,2795,OADMET-0002557,5.13,train,5to6,4,0.0005422480403218687,0.0038825943396557264,0.21137762972800878,0.5462789172870529,0.23791861060496072,5to6
2795,2796,OADMET-0002556,5.6,train,5to6,4,0.00702322041942888,0.028745511560116666,0.3600145580060848,0.4275913836562966,0.17662532635807307,5to6
2796,2797,OADMET-0002555,5.03,train,5to6,4,0.23207771844192943,0.45737460342326336,0.24172692131655135,0.032887427478930704,0.03593332933932516,3to4
2797,2798,OADMET-0002554,5.08,train,5to6,0,0.001417640090698355,0.008800460707010653,0.04757005958735308,0.29556780213972744,0.6466440374752105,gte6
2798,2799,OADMET-0002553,5.89,train,5to6,4,0.000676513399208666,0.004555146092171497,0.1659444378642755,0.5267141325247314,0.30210977011961293,5to6
2799,2800,OADMET-0002552,5.52,train,5to6,1,0.00047800047464503597,0.0066671517421269515,0.13800572717605963,0.5179753066547802,0.33687381395238813,5to6
2800,2801,OADMET-0002551,5.44,train,5to6,1,0.00014018779927344366,0.0021922393250443264,0.0578072381750402,0.4429581262259893,0.4969022084746528,gte6
2801,2802,OADMET-0002550,5.11,train,5to6,4,0.0001892496531869546,0.0003321694420419063,0.010238519979550463,0.16802358807520626,0.8212164728500144,gte6
2802,2803,OADMET-0002549,5.63,train,5to6,1,0.019070440441526983,0.06711105839825467,0.4509452174188796,0.335500798446107,0.12737248529523182,4to5
2803,2804,OADMET-0002547,5.16,train,5to6,0,0.0012577975435356754,0.010683475626676191,0.3880130217336303,0.5116577568767781,0.08838794821937979,5to6
2804,2805,OADMET-0002546,5.36,train,5to6,4,0.00013298005409946042,0.0011680246922180322,0.13773269550488634,0.6219326672745907,0.23903363247420545,5to6
2805,2806,OADMET-0002545,4.96,train,4to5,4,0.0070561913533153725,0.028590812427079306,0.3618437241958462,0.40487014040737923,0.19763913161637986,5to6
2806,2807,OADMET-0002544,3.45,train,3to4,1,0.5260242337640966,0.43986282705032337,0.02071244314458622,0.0036636282086180113,0.009736867832375855,lt3
2807,2808,OADMET-0002543,5.14,train,5to6,0,0.011882756993367346,0.07779911398334617,0.5301996123846873,0.33598757580003674,0.044130940838562456,4to5
2808,2809,OADMET-0002542,5.54,train,5to6,4,0.007246600261518725,0.02846371675477223,0.3124164851638539,0.4110222344001131,0.24085096341974205,5to6
2809,2810,OADMET-0002541,6.195,train,gte6,4,0.0010167247289417714,0.0058980639481513,0.1859963966191612,0.5075979782151709,0.2994908364885747,5to6
2810,2811,OADMET-0002539,6.050000000000001,train,gte6,2,0.0008758498485594947,0.00567508482220774,0.06596164327788563,0.3947360469181625,0.5327513751331846,gte6
2811,2812,OADMET-0002538,5.835,train,5to6,1,0.0004215892911548299,0.005205866788293388,0.14591817298758294,0.5535980960792268,0.294856274853742,5to6
2812,2813,OADMET-0002537,5.45,train,5to6,0,0.005156113074911436,0.02292319493941939,0.12448353900031833,0.41454966806572247,0.43288748491962836,gte6
2813,2814,OADMET-0002338,6.12,train,gte6,1,0.4856112707915441,0.3574650665551066,0.06850756857933629,0.02728141905251337,0.06113467502149958,lt3
2814,2815,OADMET-0002337,6.87,train,gte6,1,0.017496876418590546,0.044695429503917694,0.1286463588476181,0.2342042624950409,0.5749570727348328,gte6
2815,2816,OADMET-0002333,2.17,train,lt3,3,0.7681346961378982,0.2062476976669642,0.0041204093972991695,0.000959034813254125,0.02053816198458431,lt3
2816,2817,OADMET-0002332,3.95,train,3to4,3,0.7760249707643738,0.19916934585703788,0.004076610180264481,0.0009935419900450153,0.01973553120827877,lt3
2817,2818,OADMET-0002331,3.77,train,3to4,3,0.7311870890712135,0.2538525613162968,0.0038909045965704425,0.0006416201740349537,0.010427824841884255,lt3
2818,2819,OADMET-0002330,3.9,train,3to4,3,0.14475573410598536,0.4892350073444749,0.3066583235811288,0.042091186540875014,0.017259748427535894,3to4
2819,2820,OADMET-0002329,1.87,train,lt3,2,0.7982400879236801,0.18833768895073028,0.0012201700934035362,0.0004887388341060944,0.011713314198079992,lt3
2820,2821,OADMET-0002328,3.31,train,3to4,3,0.4346043505446623,0.5334662015342104,0.022275334083338014,0.0017107176985494503,0.00794339613923978,3to4
2821,2822,OADMET-0002327,2.65,train,lt3,0,0.629209368458491,0.3454815874455652,0.006734069573191318,0.0014183781347564869,0.017156596387996048,lt3
2822,2823,OADMET-0002326,1.86,train,lt3,3,0.8717517309762803,0.11434241453818873,0.0015240701706652373,0.0004657428681774839,0.011916041446688255,lt3
2823,2824,OADMET-0002325,2.96,train,lt3,1,0.8936043226509481,0.09989838716268043,0.0014518208856580859,0.00042412554295118143,0.004621343757762153,lt3
2824,2825,OADMET-0002324,3.58,train,3to4,3,0.6922001224103613,0.281887441118782,0.006873297952338372,0.0012268269168891688,0.017812311601629112,lt3
2825,2826,OADMET-0002323,1.96,train,lt3,0,0.7175040947183757,0.2532668151153351,0.003957218549047452,0.0010989877790645055,0.02417288383817722,lt3
2826,2827,OADMET-0002322,2.83,train,lt3,3,0.896955022986142,0.08752464597809502,0.0012293014575640014,0.00039450079629763194,0.01389652878190125,lt3
2827,2828,OADMET-0002321,2.54,train,lt3,2,0.7819092240032459,0.19301023996186223,0.0021079718044499218,0.0007552570863691494,0.022217307144072794,lt3
2828,2829,OADMET-0002320,1.88,train,lt3,3,0.9347617195415003,0.055769422146256666,0.0006027498272646487,0.0002245114486545413,0.008641597036323808,lt3
2829,2830,OADMET-0002319,3.0,train,lt3,2,0.7925278101105228,0.19849084697490885,0.001186545406219658,0.00035830404700652063,0.0074364934613421665,lt3
2830,2831,OADMET-0002318,2.88,train,lt3,1,0.8292637072057127,0.1653948794434309,0.0017039421133505767,0.0003795804624168436,0.0032578907750888874,lt3
2831,2832,OADMET-0002317,1.92,train,lt3,3,0.9305225503218403,0.06164287704531388,0.0006219965217480023,0.0002032352762563269,0.007009340834841472,lt3
2832,2833,OADMET-0002316,2.11,train,lt3,2,0.8934418009832595,0.09361038406058998,0.00029576153765773275,0.00028938971960713823,0.012362663698885574,lt3
2833,2834,OADMET-0002315,2.64,train,lt3,1,0.8942348576566623,0.0997483166332811,0.0013731229698894958,0.00034506297366221936,0.004298639766504891,lt3
2834,2835,OADMET-0002314,2.63,train,lt3,1,0.8780208358431081,0.11355719110551116,0.0019800338305223874,0.0005473912751265442,0.005894547945731822,lt3
2835,2836,OADMET-0002313,2.02,train,lt3,1,0.8876712338035696,0.10516338853057909,0.001647055274245616,0.0004399655448458328,0.005078356846759868,lt3
2836,2837,OADMET-0002312,2.47,train,lt3,1,0.8646195262142674,0.12964228882751297,0.0017849784953765037,0.0003755816607409735,0.0035776248021021227,lt3
2837,2838,OADMET-0002311,2.95,train,lt3,2,0.7408805323940396,0.2050522520008925,0.008353640138649043,0.002069747960498602,0.04364382750592021,lt3
2838,2839,OADMET-0002310,1.97,train,lt3,2,0.8802874782713593,0.1097703662861552,0.0003919350318174999,0.0002488363270983435,0.009301384083569618,lt3
2839,2840,OADMET-0002309,2.87,train,lt3,1,0.8414688269741916,0.1539708743066856,0.0015515499175987933,0.0003110788077275061,0.002697669993796572,lt3
2840,2841,OADMET-0002308,2.32,train,lt3,2,0.8955525264054416,0.08651721002365302,0.0003189710375766052,0.0003320839131878938,0.01727920862014095,lt3
2841,2842,OADMET-0002307,2.89,train,lt3,3,0.5592361652155843,0.2725837212911937,0.025874094868899637,0.007183809717850137,0.13512220890647222,lt3
2842,2843,OADMET-0002306,2.89,train,lt3,2,0.8283709275106874,0.15995144819848137,0.0007744883757470701,0.0004209392348453158,0.010482196680238871,lt3
2843,2844,OADMET-0002305,2.18,train,lt3,3,0.7386630638628346,0.25214903140614253,0.0028458390764520974,0.0004270442271375175,0.005915021427433267,lt3
2844,2845,OADMET-0002304,2.2,train,lt3,2,0.7356763596428552,0.24405065558161151,0.0035204999695982253,0.0008573190558762399,0.015895165750058907,lt3
2845,2846,OADMET-0002303,2.76,train,lt3,1,0.921883407234129,0.07487747358306929,0.0006316985430545239,0.00018053013246364295,0.0024268905072836085,lt3
2846,2847,OADMET-0002302,2.82,train,lt3,1,0.9449321571789557,0.0511126142700709,0.0005305984491799176,0.0001789965598047623,0.003245633541988686,lt3
2847,2848,OADMET-0002301,2.91,train,lt3,2,0.8380492941553728,0.1479556817567443,0.0008531764074176202,0.00039111310561719534,0.012750734574848118,lt3
2848,2849,OADMET-0002300,2.1,train,lt3,1,0.8886051051772872,0.10673513111871598,0.0012787991254574744,0.0002882763469626994,0.003092688231576704,lt3
2849,2850,OADMET-0002299,3.05,train,3to4,3,0.5584952939847384,0.4218576334475336,0.009417830218185862,0.000996743464662712,0.00923249888487944,lt3
2850,2851,OADMET-0002298,2.13,train,lt3,1,0.9007122090453489,0.09507090777641711,0.0010388974529110578,0.0002526392975039275,0.0029253464278190073,lt3
2851,2852,OADMET-0002297,2.2,train,lt3,1,0.7359499676449789,0.25752892198333815,0.0029732025130037513,0.0005262269805473593,0.003021680878131876,lt3
2852,2853,OADMET-0002296,2.01,train,lt3,4,0.7527516947353089,0.24174619784142928,0.0018731825654165683,5.353960565140447e-05,0.0035753852521938994,lt3
2853,2854,OADMET-0002295,2.09,train,lt3,3,0.9570187655979909,0.030818407484642683,0.0004276725400979572,0.00020977520897324313,0.011525379168295172,lt3
2854,2855,OADMET-0002294,2.06,train,lt3,3,0.725829883256499,0.22203625247500744,0.0056645212373394715,0.0015427416314928665,0.044926601399661245,lt3
2855,2856,OADMET-0002293,2.22,train,lt3,3,0.774991726447738,0.19917106004699422,0.0041584510916584,0.0010087085804735998,0.020670053833135815,lt3
2856,2857,OADMET-0002292,1.92,train,lt3,2,0.9097253382633417,0.07868581752866569,0.00023666023433889193,0.0002264409484772586,0.011125743025176485,lt3
2857,2858,OADMET-0002291,4.27,train,4to5,4,0.5400616709402449,0.43220253261538294,0.01133031902069811,0.0004272299555848713,0.015978247468089155,lt3
2858,2859,OADMET-0002290,2.12,train,lt3,3,0.9133247332707689,0.07864009757407218,0.0009194828650430831,0.0002471714449906193,0.006868514845125229,lt3
2859,2860,OADMET-0002289,2.97,train,lt3,1,0.7992611628483354,0.19476647958907214,0.0022059235286955585,0.00046301234439916826,0.003303421689497733,lt3
2860,2861,OADMET-0002288,2.96,train,lt3,0,0.5664251650424007,0.41743871658388104,0.0056845355566709005,0.000749489589833386,0.009702093227214008,lt3
2861,2862,OADMET-0002287,2.76,train,lt3,1,0.8126427101739926,0.1821732722797122,0.0019524925287776151,0.00039423371444198926,0.002837291303075588,lt3
2862,2863,OADMET-0002286,2.55,train,lt3,1,0.8467726529772893,0.1490751920651175,0.0013689379851856418,0.0002911293643438178,0.0024920876080637344,lt3
2863,2864,OADMET-0002285,2.21,train,lt3,1,0.9024809706743235,0.09352286271725127,0.0009297508624633405,0.0002359322271324397,0.0028304835188293796,lt3
2864,2865,OADMET-0002284,3.5,train,3to4,2,0.5837587426680221,0.3978699059962455,0.009004241331471778,0.0011166132179720328,0.008250496786288631,lt3
2865,2866,OADMET-0002283,3.52,train,3to4,2,0.3152244026447303,0.5424538143593968,0.10394319678959406,0.013787042067092912,0.024591544139185947,3to4
2866,2867,OADMET-0002282,2.73,train,lt3,2,0.6316206331332125,0.35478984613645714,0.005437873197221007,0.0009077368708148525,0.0072439106622944885,lt3
2867,2868,OADMET-0002281,3.65,train,3to4,4,0.5280154426818504,0.45658989253409615,0.009833339570914174,0.00024110687632924766,0.005320218336809949,lt3
2868,2869,OADMET-0002280,1.96,train,lt3,2,0.9011620079440287,0.0841517261546973,0.00025325185208537065,0.00029393673873650145,0.014139077310452112,lt3
2869,2870,OADMET-0002279,1.97,train,lt3,2,0.7873250239632005,0.19783423824877946,0.0014192122023163264,0.0005912244082267197,0.012830301177476985,lt3
2870,2871,OADMET-0002278,2.91,train,lt3,4,0.8371183686056444,0.15732925780410822,0.0010519514092063075,4.1015099665945655e-05,0.004459407081375119,lt3
2871,2872,OADMET-0002277,2.26,train,lt3,1,0.931223601689008,0.06546243819849018,0.0005931602604854049,0.00017639964964011386,0.0025444002023763193,lt3
2872,2873,OADMET-0002276,2.88,train,lt3,2,0.8583008777609606,0.12673567428378033,0.000665304610387955,0.0003896777402784634,0.013908465604592565,lt3
2873,2874,OADMET-0002275,2.96,train,lt3,1,0.8574540808600888,0.136592471147781,0.0018865985608693596,0.0004061982135987573,0.003660651217662077,lt3
2874,2875,OADMET-0002274,1.85,train,lt3,3,0.82444327445831,0.15933960555621024,0.0022888143839346086,0.0005678295813374078,0.013360476020207752,lt3
2875,2876,OADMET-0002273,2.48,train,lt3,1,0.9247148568547212,0.0718810180779691,0.0006613609684166745,0.00018603917721902302,0.002556724921674013,lt3
2876,2877,OADMET-0002272,3.13,train,3to4,2,0.6656990315923722,0.32051302276728644,0.004394414078059188,0.0007789762185444565,0.008614555343737668,lt3
2877,2878,OADMET-0002271,3.02,train,3to4,1,0.9092378792307336,0.08718297799282825,0.0008149510989298136,0.00021337150659796468,0.0025508201709103133,lt3
2878,2879,OADMET-0002270,2.11,train,lt3,2,0.884748470649999,0.10210855498398926,0.0003494634977264296,0.0003093680548919226,0.012484142813393462,lt3
2879,2880,OADMET-0002269,2.35,train,lt3,2,0.8606807462030993,0.12147954671430956,0.000679472625900189,0.0004402545390158903,0.016719979917675088,lt3
2880,2881,OADMET-0002268,2.5,train,lt3,2,0.4795645734432575,0.45877015088560874,0.02375234419259798,0.004596943284033528,0.03331598819450225,lt3
2881,2882,OADMET-0002267,3.37,train,3to4,3,0.5404349323283592,0.44008089119671573,0.010523116675741049,0.0010168236457420159,0.007944236153442074,lt3
2882,2883,OADMET-0002266,3.88,train,3to4,3,0.5058324622719423,0.4750505990405025,0.012035724899868129,0.0009952390654372298,0.00608597472224982,lt3
2883,2884,OADMET-0002265,2.94,train,lt3,3,0.5463959925215629,0.434000055361071,0.011367924000600042,0.0010215763009236599,0.007214451815842371,lt3
2884,2885,OADMET-0002264,2.02,train,lt3,3,0.8643030296489473,0.12636091100773822,0.0013628040771237763,0.00031854997961632957,0.007654705286574323,lt3
2885,2886,OADMET-0002263,1.82,train,lt3,2,0.8088213419530965,0.17694866939731058,0.0011368772222524102,0.0005023293118288709,0.012590782115511597,lt3
2886,2887,OADMET-0002262,1.97,train,lt3,2,0.852983042231869,0.13618323914774416,0.0006185034029374096,0.00031507878339414913,0.009900136434055273,lt3
2887,2888,OADMET-0002261,3.38,train,3to4,2,0.552799708962716,0.42123002368013757,0.011747889375257248,0.0017122867509592793,0.012510091230929865,lt3
2888,2889,OADMET-0002260,2.01,train,lt3,1,0.8545952574227818,0.13964302084355845,0.0018074967854452833,0.00038883082100387134,0.0035653941272105814,lt3
2889,2890,OADMET-0002259,4.01,train,4to5,3,0.25366794767710443,0.6215782689212558,0.10936564079758664,0.007143705534472764,0.008244437069580458,3to4
2890,2891,OADMET-0002258,2.66,train,lt3,2,0.8318055014763596,0.15621408336866965,0.0007367371935644292,0.00038861822648028686,0.010855059734926079,lt3
2891,2892,OADMET-0002257,3.23,train,3to4,1,0.9175758147383993,0.07916023166384464,0.0006928270155927692,0.000185702265745743,0.0023854243164175234,lt3
2892,2893,OADMET-0002256,3.03,train,3to4,2,0.7907039049044563,0.19605301622965193,0.0014679429813407414,0.00048066367903816716,0.011294472205512874,lt3
2893,2894,OADMET-0002255,2.17,train,lt3,2,0.4026252432467362,0.5222771301517459,0.04007742656593139,0.0065395689381641765,0.028480631097422313,3to4
2894,2895,OADMET-0002254,2.45,train,lt3,2,0.6426918638789845,0.31241516004113956,0.00907412385265846,0.0024294949245770867,0.033389357302640386,lt3
2895,2896,OADMET-0002253,3.05,train,3to4,3,0.27174802469250914,0.6104444081496629,0.09869955401468805,0.007643999582333462,0.011464013560806386,3to4
2896,2897,OADMET-0002252,2.04,train,lt3,1,0.6267876733782891,0.3617847922614233,0.005158186048335596,0.0010545378500975366,0.005214810461854418,lt3
2897,2898,OADMET-0002251,2.57,train,lt3,2,0.779331551112887,0.20358544227841924,0.0017489865112763423,0.0006263665744094505,0.01470765352300795,lt3
2898,2899,OADMET-0002250,4.14,train,4to5,1,0.3527863633211258,0.5779179949524933,0.054880984306413166,0.006926455091910989,0.0074882023280567565,3to4
2899,2900,OADMET-0002249,3.05,train,3to4,4,0.7207280580392769,0.2674018587398718,0.0026309123151899527,8.81075706709574e-05,0.009151063334990425,lt3
2900,2901,OADMET-0002248,2.45,train,lt3,2,0.8100924379917679,0.1791823498763669,0.0011294704340456603,0.0004022624865175968,0.009193479211301947,lt3
2901,2902,OADMET-0002247,2.55,train,lt3,3,0.8906905166341671,0.0996848886596638,0.0011110982718599911,0.00030225857145783,0.008211237862851273,lt3
2902,2903,OADMET-0002246,1.92,train,lt3,2,0.8744948946131665,0.1102910543640986,0.0004381454995303259,0.0003653168904040774,0.014410588632800458,lt3
2903,2904,OADMET-0002245,2.64,train,lt3,4,0.8693638756265015,0.12475090066749424,0.0009404500872305007,4.036903060423147e-05,0.004904404588169514,lt3
2904,2905,OADMET-0002244,2.05,train,lt3,2,0.6424217175509068,0.34070971350347024,0.004783248026982052,0.0010141773305459034,0.011071143588094932,lt3
2905,2906,OADMET-0002243,3.18,train,3to4,2,0.7832101769738752,0.2013552240984028,0.001342223974832819,0.0006165308329490309,0.013475844119940216,lt3
2906,2907,OADMET-0002242,2.01,train,lt3,2,0.9047711240901231,0.07008921160813976,0.00028885067804408475,0.0003606199070546383,0.024490193716638478,lt3
2907,2908,OADMET-0002241,2.75,train,lt3,2,0.884982128696178,0.09721514798229161,0.0003544569559772557,0.000399176913318597,0.01704908945223451,lt3
2908,2909,OADMET-0002240,3.05,train,3to4,2,0.7875840010100752,0.20009916874041692,0.0012718047853415247,0.000535435854255634,0.010509589609910717,lt3
2909,2910,OADMET-0002239,2.07,train,lt3,1,0.9185623713059597,0.07802830288595985,0.0006991776442405491,0.00019392026887840323,0.0025162278949614515,lt3
2910,2911,OADMET-0002238,2.19,train,lt3,2,0.911373213049421,0.06971998171650079,0.00024701621688337006,0.00031143320597710496,0.01834835581121774,lt3
2911,2912,OADMET-0002237,3.72,train,3to4,2,0.5501531567257388,0.42211082555473384,0.014116420337798443,0.0016609581635746362,0.011958639218154299,lt3
2912,2913,OADMET-0002236,2.92,train,lt3,2,0.6884811139464414,0.29761405131832214,0.003444403452121904,0.0008122596323688683,0.009648171650745717,lt3
2913,2914,OADMET-0002235,2.88,train,lt3,0,0.573098883122677,0.3321633849129696,0.011643144001162382,0.003709376460932943,0.0793852115022581,lt3
2914,2915,OADMET-0002234,3.75,train,3to4,2,0.4142856542919105,0.5315752554918198,0.03840677389195512,0.0037755437159896848,0.011956772608324876,3to4
2915,2916,OADMET-0002233,1.88,train,lt3,2,0.8973952290487595,0.07955027157718866,0.00032981798562827116,0.0003754622201980356,0.02234921916822558,lt3
2916,2917,OADMET-0002232,2.69,train,lt3,2,0.9040266073866403,0.08356559090283575,0.0002528877173983494,0.0002499770433792607,0.011904936949746285,lt3
2917,2918,OADMET-0002231,3.7,train,3to4,2,0.5584602471680757,0.4185049322543058,0.012293807485641182,0.0014416443017093333,0.009299368790267925,lt3
2918,2919,OADMET-0002230,2.49,train,lt3,2,0.8932818018286484,0.09536644432330739,0.0002842344731521553,0.0002737008934694476,0.010793818481422688,lt3
2919,2920,OADMET-0002229,2.61,train,lt3,2,0.8587566869580575,0.12614494937356033,0.000683730604906237,0.0003929482307748721,0.014021684832701048,lt3
2920,2921,OADMET-0002228,3.04,train,3to4,2,0.7798890769710278,0.2077592830004817,0.0013829160652127502,0.000578435232196148,0.010390288731081563,lt3
2921,2922,OADMET-0002227,2.87,train,lt3,1,0.434630860294772,0.5289904347120307,0.02872379799669725,0.0027130357264178537,0.0049418712700822825,3to4
2922,2923,OADMET-0002226,2.02,train,lt3,3,0.6983938920530484,0.2752084774346462,0.005534626162910211,0.001144127937851577,0.019718876411543657,lt3
2923,2924,OADMET-0002225,3.54,train,3to4,2,0.6134614710492275,0.3679175892069724,0.007769325740990246,0.0010740879858567622,0.009777526016953133,lt3
2924,2925,OADMET-0002224,3.24,train,3to4,2,0.8171766985160502,0.17091665895085503,0.0010476153860825067,0.000423951832417444,0.010435075314594729,lt3
2925,2926,OADMET-0002223,2.1,train,lt3,2,0.9035862935005919,0.0782100751911689,0.0002963739566871953,0.0002983826156770702,0.017608874735874924,lt3
2926,2927,OADMET-0002222,2.03,train,lt3,3,0.8197510661005859,0.16155117400357052,0.0024136462657551507,0.0006624238887789143,0.015621689741309465,lt3
2927,2928,OADMET-0002221,2.64,train,lt3,2,0.909282620685827,0.07521720197195468,0.00022823932421141952,0.00027278778604231373,0.014999150231964584,lt3
2928,2929,OADMET-0002220,1.88,train,lt3,1,0.870330869340961,0.12529624986900367,0.001236945738795264,0.00028744328274629704,0.0028484917684937906,lt3
2929,2930,OADMET-0002219,1.98,train,lt3,2,0.8827602052739597,0.10163964829206507,0.0003929232093479112,0.00034484545793541597,0.014862377766691921,lt3
2930,2931,OADMET-0002218,3.44,train,3to4,2,0.4564776605426169,0.5198571553070128,0.01607796696193901,0.0014405116314500364,0.0061467055569812325,3to4
2931,2932,OADMET-0002217,2.05,train,lt3,1,0.8701601466460872,0.12502434622684983,0.0014993332752613361,0.00031726259627694206,0.0029989112555247085,lt3
2932,2933,OADMET-0002216,2.96,train,lt3,2,0.5262041574025093,0.42657305866682566,0.021182046744523023,0.0037912178429348256,0.022249519343207288,lt3
2933,2934,OADMET-0002215,2.52,train,lt3,2,0.6868619037714939,0.30039109533077274,0.0031904565243285905,0.000706106220403818,0.008850438153000875,lt3
2934,2935,OADMET-0002214,3.93,train,3to4,3,0.7406769502657254,0.24783660832089094,0.003149501559521036,0.0004933531235052669,0.007843586730357299,lt3
2935,2936,OADMET-0002213,2.98,train,lt3,1,0.4706606321483176,0.5037140902546878,0.019428070851729113,0.0021487903090058676,0.004048416436259633,3to4
2936,2937,OADMET-0002212,2.01,train,lt3,2,0.8747552392388332,0.11190490133907115,0.00041036038812170564,0.00035223395363911887,0.012577265080334759,lt3
2937,2938,OADMET-0002211,1.85,train,lt3,2,0.8880053306786277,0.08220145984868328,0.00042654175887612807,0.0004644439107261046,0.0289022238030867,lt3
2938,2939,OADMET-0002210,1.91,train,lt3,2,0.7718915254323206,0.21494292965166387,0.001588467955908467,0.0005399425218982727,0.011037134438208734,lt3
2939,2940,OADMET-0002209,2.72,train,lt3,3,0.8309754918394271,0.1592576092964577,0.0017592106414872316,0.00035563816427337715,0.007652050058354599,lt3
2940,2941,OADMET-0002208,3.05,train,3to4,3,0.63037524882958,0.3573448560228523,0.005583139915014864,0.0006130322413446176,0.006083722991208208,lt3
2941,2942,OADMET-0002207,2.89,train,lt3,3,0.8008724179938479,0.19104624569644413,0.0020158061178527343,0.0003452400700557237,0.005720290121799464,lt3
2942,2943,OADMET-0002206,2.84,train,lt3,4,0.8466825412290045,0.14816991857199768,0.000863246088395802,2.8681300799081073e-05,0.004255612809802947,lt3
2943,2944,OADMET-0002205,2.33,train,lt3,2,0.8788592851720174,0.11045449272742663,0.0003503136991565274,0.0002890909975700465,0.010046817403829426,lt3
2944,2945,OADMET-0002204,3.67,train,3to4,2,0.6517516942940493,0.3340073511713105,0.004704625791437127,0.0008627679744396556,0.008673560768763421,lt3
2945,2946,OADMET-0002203,4.08,train,4to5,3,0.39162528706345034,0.5561436441910957,0.03616970050138508,0.003205389498573071,0.012855978745495796,3to4
2946,2947,OADMET-0002202,2.98,train,lt3,2,0.8058507135235577,0.18432160509222587,0.0009660735008785185,0.00043340898794803727,0.00842819889538978,lt3
2947,2948,OADMET-0002201,2.25,train,lt3,1,0.8850816696037466,0.11158206582162053,0.0008944111989988638,0.00023291225739529762,0.002208941118238749,lt3
2948,2949,OADMET-0002200,2.24,train,lt3,2,0.8981750559653727,0.08867230964163805,0.00026412296433890874,0.0002770645936630078,0.012611446834987298,lt3
2949,2950,OADMET-0002199,1.95,train,lt3,2,0.8958529389302762,0.08653216044726102,0.0003182119083674252,0.0003242293004420599,0.016972459413653357,lt3
2950,2951,OADMET-0002198,2.77,train,lt3,2,0.8792907502740115,0.10195338618333105,0.0004190134014904655,0.00039630487608203346,0.017940545265085008,lt3
2951,2952,OADMET-0002197,1.95,train,lt3,2,0.9022003656705407,0.06825346978755563,0.00030730282272333045,0.0004000160105170962,0.028838845708663158,lt3
2952,2953,OADMET-0002196,3.01,train,3to4,2,0.8091838447191664,0.17880909510924115,0.0010831630107820936,0.0004499721989285914,0.010473924961881773,lt3
2953,2954,OADMET-0002195,2.9,train,lt3,2,0.8806851102540081,0.09416665450226047,0.0004969604551235471,0.0004566851502959875,0.02419458963831192,lt3
2954,2955,OADMET-0002194,2.54,train,lt3,3,0.8937308538073825,0.09779339009903949,0.0012329355468366995,0.00030210852009976527,0.0069407120266415595,lt3
2955,2956,OADMET-0002193,2.65,train,lt3,4,0.5051820660730486,0.479260156167271,0.011285769276235457,0.00024260986968090492,0.004029398613764008,lt3
2956,2957,OADMET-0002192,3.05,train,3to4,3,0.7660884471900983,0.22471419336780304,0.0021874375006913907,0.00036109446594575313,0.006648827475461472,lt3
2957,2958,OADMET-0002191,3.73,train,3to4,2,0.7429159047809051,0.2467152446923893,0.0018069665823832132,0.0004778890520148899,0.008083994892307543,lt3
2958,2959,OADMET-0002190,2.93,train,lt3,3,0.7940831961160602,0.1881064964429033,0.002852114448043096,0.000640407277410806,0.014317785715582676,lt3
2959,2960,OADMET-0002189,1.83,train,lt3,2,0.8006754003068313,0.1820211876098595,0.0016495485492441218,0.0005028432402758374,0.01515102029378925,lt3
2960,2961,OADMET-0002188,2.1,train,lt3,2,0.9028181883895277,0.0732055294610016,0.00028757162626127675,0.0003703736232838896,0.023318336899925577,lt3
2961,2962,OADMET-0002187,2.06,train,lt3,2,0.6113923682731028,0.3652229842202503,0.008158929505441155,0.0015462147736875589,0.013679503227518118,lt3
2962,2963,OADMET-0002186,3.79,train,3to4,2,0.3730000963106237,0.578555077885638,0.03787360149003297,0.003112100140348605,0.007459124173356698,3to4
2963,2964,OADMET-0002185,1.82,train,lt3,2,0.3996118996491148,0.5307785596765384,0.04765756184126632,0.006476598460028959,0.015475380373051463,3to4
2964,2965,OADMET-0002184,3.5,train,3to4,3,0.2535825906385227,0.585000083586199,0.13294720327795737,0.012397383970830605,0.01607273852649033,3to4
2965,2966,OADMET-0002183,1.92,train,lt3,2,0.8941728398441495,0.08326351383419664,0.0003426436360168879,0.0003948962197105552,0.02182610646592638,lt3
2966,2967,OADMET-0002182,2.58,train,lt3,1,0.8248458134315215,0.170388372825674,0.0016618443678742413,0.0003584334110758956,0.0027455359638543335,lt3
2967,2968,OADMET-0002181,2.14,train,lt3,2,0.8759542340854277,0.10821212380001519,0.0004455538107424779,0.0003816687227484481,0.015006419581066147,lt3
2968,2969,OADMET-0002180,1.89,train,lt3,3,0.9061447629872732,0.05523435550044216,0.001275332563056512,0.0007213286787169333,0.0366242202705112,lt3
2969,2970,OADMET-0002179,3.03,train,3to4,2,0.8527471962113674,0.1344489744246453,0.0005614191721796986,0.00039955874404699686,0.011842851447760597,lt3
2970,2971,OADMET-0002178,2.45,train,lt3,3,0.9398180830227821,0.04987180971600769,0.0005760609630485207,0.0002207985523324013,0.009513247745829298,lt3
2971,2972,OADMET-0002177,2.36,train,lt3,1,0.8141239801192415,0.1793514621444004,0.0024027772942051087,0.00045484196295171787,0.0036669384792012817,lt3
2972,2973,OADMET-0002176,2.73,train,lt3,2,0.8840668038062746,0.10603724969161984,0.0004196303993677341,0.00025355547663616807,0.00922276062610172,lt3
2973,2974,OADMET-0002175,3.03,train,3to4,3,0.9078469382145403,0.08343127269744466,0.0008487640371987737,0.00025415899799689356,0.007618866052819306,lt3
2974,2975,OADMET-0002174,1.82,train,lt3,2,0.7664941369053191,0.1954856915995351,0.0027953190071677743,0.0010212382527196166,0.03420361423525842,lt3
2975,2976,OADMET-0002173,2.61,train,lt3,2,0.8786715351635228,0.10876007487560185,0.0004176728881811968,0.0003147701316030456,0.011835946941091054,lt3
2976,2977,OADMET-0002172,2.42,train,lt3,1,0.8673720260593922,0.1254872814369009,0.0015855951751832936,0.0004230950968841681,0.005132002231639435,lt3
2977,2978,OADMET-0002171,3.36,train,3to4,2,0.6032370462862336,0.3758809278568194,0.00914122094226496,0.0012657867240617442,0.010475018190620237,lt3
2978,2979,OADMET-0002170,2.19,train,lt3,1,0.866780965142497,0.12877913846253025,0.0013621629424267043,0.00029535823370496577,0.002782375218841021,lt3
2979,2980,OADMET-0002169,2.86,train,lt3,2,0.6522449250813402,0.33420255758821565,0.004969808735496604,0.000710584397438423,0.00787212419750906,lt3
2980,2981,OADMET-0002168,3.0,train,lt3,2,0.5333800936740828,0.41483143165163433,0.018013618970353244,0.0038657719449408908,0.02990908375898881,lt3
2981,2982,OADMET-0002167,3.11,train,3to4,1,0.6401840060264032,0.3510142976805788,0.004893189920717849,0.000753325783901137,0.0031551805883989884,lt3
2982,2983,OADMET-0002166,2.22,train,lt3,3,0.84484893516578,0.13363214452969083,0.0020474894961005664,0.0005813529334589433,0.01889007787496972,lt3
2983,2984,OADMET-0002165,2.92,train,lt3,3,0.32228769891596737,0.5048007218599104,0.10679288635275107,0.01587596115839597,0.05024273171297515,3to4
2984,2985,OADMET-0002164,2.82,train,lt3,1,0.8629946530821645,0.13257256792664196,0.0013256163280210222,0.00029192805191444366,0.0028152346112580743,lt3
2985,2986,OADMET-0002163,2.99,train,lt3,2,0.864034155579413,0.12621415855087031,0.00045224083107435286,0.00029331846637919073,0.00900612657226319,lt3
2986,2987,OADMET-0002162,1.79,train,lt3,3,0.8999197493602445,0.08922330891484113,0.0011088755729187928,0.0003101878310086618,0.009437878320986817,lt3
2987,2988,OADMET-0002161,2.57,train,lt3,3,0.5489514761952564,0.35359672732743874,0.030079422714444203,0.005485612129425703,0.06188676163343497,lt3
2988,2989,OADMET-0002160,1.82,train,lt3,2,0.9171427422930728,0.042976263604092395,0.00021047366167284645,0.0003720720097434927,0.03929844843141851,lt3
2989,2990,OADMET-0002159,1.99,train,lt3,2,0.8924433303532651,0.08386737585037929,0.0004145283177621133,0.0003974045848954807,0.02287736089369807,lt3
2990,2991,OADMET-0002158,3.27,train,3to4,1,0.4074877003158258,0.5474606288913417,0.03613302944177647,0.003687417689592447,0.005231223661463536,3to4
2991,2992,OADMET-0002157,2.17,train,lt3,2,0.8041730894940609,0.18263032523217113,0.0012849015989650585,0.00045014200641203085,0.011461541668390945,lt3
2992,2993,OADMET-0002156,2.36,train,lt3,2,0.8230547571288399,0.1636573009898822,0.0009859305173914993,0.000434106809415657,0.011867904554470702,lt3
2993,2994,OADMET-0002155,3.02,train,3to4,2,0.6614478275137923,0.3230867705702587,0.004491999310038048,0.0008623965608443833,0.01011100604506656,lt3
2994,2995,OADMET-0002154,3.47,train,3to4,1,0.30925118174354477,0.48149131562674957,0.14224913371868667,0.028016352347633652,0.03899201656338532,3to4
2995,2996,OADMET-0002153,1.8,train,lt3,3,0.9489907117457181,0.021229865762632263,0.0005276212770115906,0.00037118423850843716,0.028880616976129595,lt3
2996,2997,OADMET-0002152,2.85,train,lt3,3,0.9199857943128947,0.054878511914722455,0.0009293601266972008,0.00047694165294750096,0.02372939199273808,lt3
2997,2998,OADMET-0002151,2.77,train,lt3,3,0.760215402003478,0.23071120690121838,0.0025942793593715313,0.0004158669618963576,0.006063244774035758,lt3
2998,2999,OADMET-0002150,1.94,train,lt3,2,0.7927631690579705,0.1943163413645815,0.0013965250611736291,0.000464905749217097,0.01105905876705727,lt3
2999,3000,OADMET-0002149,1.98,train,lt3,2,0.8926830433677586,0.09764187845144641,0.0002683711576481662,0.00023654377355422442,0.00917016324959255,lt3
3000,3001,OADMET-0002148,2.78,train,lt3,3,0.8270006849126225,0.150968467586688,0.002482793835439131,0.0007158164646606497,0.01883223720058976,lt3
3001,3002,OADMET-0002147,3.19,train,3to4,3,0.8167666466386692,0.174238255410053,0.0018672916955986521,0.0003745345871640085,0.006753271668515228,lt3
3002,3003,OADMET-0002146,1.87,train,lt3,2,0.9034440956235755,0.08171515024541703,0.00029063751065983576,0.0002855044099638577,0.014264612210383694,lt3
3003,3004,OADMET-0002145,2.02,train,lt3,2,0.880096575708565,0.07844471373152266,0.0005354648583455201,0.000610261646192347,0.04031298405537443,lt3
3004,3005,OADMET-0002144,3.42,train,3to4,1,0.6002770268525807,0.38849387004548963,0.006663521780295469,0.0009730983236407738,0.003592482997993453,lt3
3005,3006,OADMET-0002143,3.01,train,3to4,3,0.8894988657588995,0.09985471250934462,0.0013713906153913584,0.00035656530741086297,0.008918465808953734,lt3
3006,3007,OADMET-0002142,2.15,train,lt3,2,0.7875044593385193,0.20252201597682948,0.001262815476041308,0.0004274998925888179,0.008283209316021124,lt3
3007,3008,OADMET-0002141,2.83,train,lt3,1,0.3713567614335413,0.5287748831459629,0.07984964781475654,0.008189497920614335,0.011829209685124952,3to4
3008,3009,OADMET-0002140,2.52,train,lt3,4,0.9001860875608091,0.09514889507762224,0.0006255928657030376,2.8754759850258228e-05,0.0040106697360153395,lt3
3009,3010,OADMET-0002139,2.96,train,lt3,3,0.4113599791298815,0.5414787314053761,0.03408869219402432,0.002697517056024416,0.010375080214693725,3to4
3010,3011,OADMET-0002138,1.96,train,lt3,3,0.7192586305358378,0.24022184616722367,0.008595793083704046,0.001672414980234584,0.030251315232999895,lt3
3011,3012,OADMET-0002137,3.22,train,3to4,3,0.6872544205433321,0.2711026274804939,0.010201140136799174,0.0018685441694381662,0.02957326766993671,lt3
3012,3013,OADMET-0002136,1.83,train,lt3,3,0.5349042281113433,0.3926553329437096,0.02961106523918103,0.004623706336282127,0.03820566736948395,lt3
3013,3014,OADMET-0002135,3.41,train,3to4,3,0.5591721175632731,0.39799256819175727,0.015622016704456657,0.0023303149324183626,0.02488298260809454,lt3
3014,3015,OADMET-0002134,2.85,train,lt3,4,0.8911991394975765,0.0975386688803257,0.0010426707656524456,7.654573434928156e-05,0.010142975122096082,lt3
3015,3016,OADMET-0002133,3.95,train,3to4,3,0.2569503019333969,0.5966839494378616,0.12129859491262969,0.010341438984906026,0.014725714731205809,3to4
3016,3017,OADMET-0002132,2.95,train,lt3,3,0.9285352249968244,0.05167411319651847,0.0007661031083747562,0.0003731489182812658,0.018651409780001103,lt3
3017,3018,OADMET-0002131,3.1,train,3to4,3,0.7052424904725872,0.2715021576940042,0.005805761820299787,0.0010765541442079797,0.016373035868900765,lt3
3018,3019,OADMET-0002130,2.81,train,lt3,3,0.5130988888597261,0.37792002662003005,0.03881492415125581,0.006797170177884043,0.06336899019110402,lt3
3019,3020,OADMET-0002129,2.45,train,lt3,3,0.5884709809026858,0.3326918996718383,0.02526059311869953,0.004306381927692219,0.04927014437908416,lt3
3020,3021,OADMET-0002128,2.87,train,lt3,3,0.7198281689779675,0.22428412129707678,0.008263563514087961,0.0021144886861367415,0.04550965752473095,lt3
3021,3022,OADMET-0002127,3.92,train,3to4,3,0.2573583961798247,0.5897428942604823,0.12958544209463912,0.010495346085666313,0.012817921379387507,3to4
3022,3023,OADMET-0002126,3.22,train,3to4,3,0.14688718045340515,0.46228372189619166,0.31479375968140066,0.04803966641352202,0.02799567155548052,3to4
3023,3024,OADMET-0002125,2.16,train,lt3,3,0.8193589920496628,0.16440406191922607,0.0023352827056364166,0.0005671983149345755,0.013334465010540131,lt3
3024,3025,OADMET-0002124,3.59,train,3to4,3,0.292445351107128,0.4215355530499836,0.1404567018266843,0.03285720864043862,0.11270518537576549,3to4
3025,3026,OADMET-0002123,3.56,train,3to4,0,0.5944932182910921,0.3809410002802049,0.01058242005593081,0.0011428838068862307,0.012840477565885956,lt3
3026,3027,OADMET-0002122,4.15,train,4to5,0,0.7458278305622912,0.24444768565192396,0.003076804706454364,0.0004257706618679875,0.006221908417462474,lt3
3027,3028,OADMET-0002121,2.91,train,lt3,3,0.5948513469262353,0.3339273774098895,0.023457764486886353,0.0039456279973672705,0.043817883179621625,lt3
3028,3029,OADMET-0002120,1.95,train,lt3,2,0.7507867944172381,0.226938039910626,0.003091289936033282,0.0007889316859990758,0.018394944050103633,lt3
3029,3030,OADMET-0002119,2.73,train,lt3,2,0.8472320608872219,0.12012645000190977,0.0011202573680469303,0.0006005936583322974,0.030920638084489072,lt3
3030,3031,OADMET-0002118,1.77,train,lt3,3,0.8376634388355796,0.13632475794974674,0.0028787414810927726,0.0008248974012687774,0.022308164332312138,lt3
3031,3032,OADMET-0002117,2.4,train,lt3,2,0.9102646318816158,0.05348983900821141,0.00027159337220862616,0.0003823549573383792,0.03559158078062585,lt3
3032,3033,OADMET-0002116,3.11,train,3to4,3,0.7952566383855533,0.18964379100930068,0.0030599006897926535,0.0005948317880133327,0.011444838127340023,lt3
3033,3034,OADMET-0002115,3.65,train,3to4,3,0.7446411695497989,0.19654024734731257,0.00720967291052192,0.002089934846406275,0.04951897534596039,lt3
3034,3035,OADMET-0002114,2.53,train,lt3,3,0.8546422944393828,0.12219834541423688,0.002288366568425564,0.000661395170373016,0.020209598407581797,lt3
3035,3036,OADMET-0002113,3.0,train,lt3,3,0.7048680288022892,0.265466038244519,0.006630972589161317,0.0013506729350755275,0.02168428742895504,lt3
3036,3037,OADMET-0002112,2.97,train,lt3,3,0.6420346534365862,0.301497759119595,0.015303218822758004,0.0028010532416462147,0.038363315379414606,lt3
3037,3038,OADMET-0002111,2.97,train,lt3,3,0.7233628990052996,0.22764127701902775,0.0087286910912066,0.0018582363237901118,0.03840889656067594,lt3
3038,3039,OADMET-0002110,2.0,train,lt3,3,0.6446289544893681,0.22013501703683394,0.014577234029478513,0.00485910020634591,0.11579969423797354,lt3
3039,3040,OADMET-0002109,2.53,train,lt3,1,0.8811410597297502,0.11242302420128474,0.0017917831289635997,0.00043868721356001917,0.004205445726441436,lt3
3040,3041,OADMET-0002108,2.515,train,lt3,2,0.9114189764155262,0.05626732868480953,0.0002623126789675957,0.00037710138796420375,0.031674280832732486,lt3
3041,3042,OADMET-0002107,2.6,train,lt3,2,0.6397438961141059,0.3252437871302671,0.012227659717263622,0.0018390287621584949,0.02094562827620497,lt3
3042,3043,OADMET-0002106,2.02,train,lt3,2,0.8962751945205888,0.0895579340070451,0.0003642153589853184,0.00026365894363447763,0.013538997169746336,lt3
3043,3044,OADMET-0002105,1.86,train,lt3,3,0.7273198897900166,0.22540611186472678,0.006303939497898566,0.001713252285952032,0.039256806561406066,lt3
3044,3045,OADMET-0002104,2.81,train,lt3,0,0.764986708531105,0.22666727441170176,0.0025025476250209286,0.00037706681901143843,0.005466402613160879,lt3
3045,3046,OADMET-0002103,3.18,train,3to4,3,0.9472271434490338,0.03090550444959957,0.0005932641568748434,0.0003507145312309886,0.02092337341326076,lt3
3046,3047,OADMET-0002102,2.82,train,lt3,3,0.9169475119706549,0.04554434335978029,0.0011213046577215624,0.0006471437295109364,0.035739696282332305,lt3
3047,3048,OADMET-0002101,3.26,train,3to4,3,0.5053650127819238,0.44574782138149577,0.022069329339367658,0.0029860015416410713,0.023831834955571642,lt3
3048,3049,OADMET-0002100,3.01,train,3to4,1,0.5358430441296621,0.4351431482227887,0.019499546680857825,0.0023710768265182637,0.007143184140173122,lt3
3049,3050,OADMET-0002099,1.98,train,lt3,3,0.779355427488475,0.19996110097466366,0.003646913501119423,0.0007420403629117301,0.016294517672830165,lt3
3050,3051,OADMET-0002098,2.05,train,lt3,1,0.9171178363599761,0.0759001376122327,0.001040422010946666,0.00034944640442562943,0.005592157612418913,lt3
3051,3052,OADMET-0002097,2.67,train,lt3,3,0.8254766324653058,0.1449839850966112,0.0033820245422494667,0.0010056828006286325,0.025151675095204926,lt3
3052,3053,OADMET-0002096,2.51,train,lt3,2,0.8339182871130759,0.14940977341372352,0.0011337013169620722,0.00044217977116778524,0.015096058385070672,lt3
3053,3054,OADMET-0002095,2.85,train,lt3,3,0.9521198078317089,0.03789281022671475,0.0005491477674447478,0.0002283435122755189,0.009209890661856093,lt3
3054,3055,OADMET-0002094,1.93,train,lt3,1,0.9368372074744425,0.056381874455948264,0.0007305012636947362,0.0002923021127719916,0.005758114693142438,lt3
3055,3056,OADMET-0002093,2.45,train,lt3,3,0.7477412671009361,0.23490690717367907,0.0037568934910897182,0.0006947411318774413,0.012900191102417573,lt3
3056,3057,OADMET-0002092,1.98,train,lt3,3,0.827069749114694,0.142202494765566,0.003048715609511336,0.0009065976370413964,0.026772442873187228,lt3
3057,3058,OADMET-0002091,2.83,train,lt3,2,0.5716958359150763,0.4100958502047304,0.009851331335164628,0.0011380683300459013,0.007218914214982821,lt3
3058,3059,OADMET-0002090,1.91,train,lt3,1,0.6236431806303968,0.34887684553148895,0.010535096169104509,0.0026116793447803115,0.01433319832422942,lt3
3059,3060,OADMET-0002089,1.95,train,lt3,3,0.894649097443846,0.0878536486582909,0.001397135215991964,0.00045182614579201616,0.01564829253607912,lt3
3060,3061,OADMET-0002088,2.08,train,lt3,2,0.8548611915708526,0.13082760445640912,0.0007329404981553908,0.00038529329676231523,0.013192970177820562,lt3
3061,3062,OADMET-0002087,2.69,train,lt3,1,0.8997651670885388,0.09216554803302512,0.001386685348107238,0.0004407617833735044,0.0062418377469553405,lt3
3062,3063,OADMET-0002086,1.85,train,lt3,3,0.7579469442547212,0.18759120411127514,0.006641751877815345,0.0019056076981925779,0.04591449205799577,lt3
3063,3064,OADMET-0002085,2.71,train,lt3,3,0.6281262469463068,0.2558953396109704,0.01983630977074166,0.004968889391409841,0.09117321428057122,lt3
3064,3065,OADMET-0002084,1.84,train,lt3,3,0.654393598940178,0.3180919815647201,0.00920199023802111,0.0013851370590516711,0.016927292198029086,lt3
3065,3066,OADMET-0002083,4.28,train,4to5,3,0.2190576644873695,0.5089125291987303,0.21229475803186876,0.030134765273236577,0.02960028300879488,3to4
3066,3067,OADMET-0002082,2.64,train,lt3,2,0.8125972834907776,0.16524450936103868,0.001990461597350852,0.0006561458165517019,0.019511599734281113,lt3
3067,3068,OADMET-0002081,3.02,train,3to4,1,0.8885572063696653,0.1059116584902928,0.0014591246320655802,0.0003770049124746593,0.003695005595501638,lt3
3068,3069,OADMET-0002080,3.32,train,3to4,4,0.527494535596635,0.4528995928827957,0.013882525824019429,0.00039167497420205253,0.005331670722347906,lt3
3069,3070,OADMET-0002079,2.07,train,lt3,3,0.858470237661238,0.1074742421970342,0.0024277630064973577,0.0009411988173714929,0.030686558317858968,lt3
3070,3071,OADMET-0002078,1.91,train,lt3,3,0.5281713855795009,0.35062520381238815,0.037600377497839975,0.0071628069181955915,0.07644022619207533,lt3
3071,3072,OADMET-0002077,2.06,train,lt3,3,0.7302302973318904,0.24249513805371822,0.005170957875257113,0.0011466518673338695,0.02095695487180039,lt3
3072,3073,OADMET-0002076,2.9,train,lt3,3,0.8150677216654809,0.14806680213278592,0.0034862263912725775,0.001162698014149137,0.03221655179631142,lt3
3073,3074,OADMET-0002075,2.41,train,lt3,3,0.8852500296808429,0.10614107522006337,0.001154177120724705,0.0003031156949386297,0.007151602283430373,lt3
3074,3075,OADMET-0002074,1.82,train,lt3,3,0.5824888417077093,0.2909583185262922,0.020717479789528318,0.005453683592450098,0.10038167638402,lt3
3075,3076,OADMET-0002073,1.94,train,lt3,3,0.3324436086350422,0.48650056747903164,0.12620700284581246,0.016244526165802627,0.038604294874311114,3to4
3076,3077,OADMET-0002072,2.09,train,lt3,2,0.6130391208030873,0.30243804304431365,0.026670699280897592,0.0053246508900977214,0.052527485981603735,lt3
3077,3078,OADMET-0002071,2.72,train,lt3,2,0.798849393395875,0.17719886964945206,0.001854480219931688,0.0006975690393619569,0.02139968769537927,lt3
3078,3079,OADMET-0002070,2.92,train,lt3,3,0.78553962947287,0.1612250038085683,0.0040275257465735145,0.0014335074196474196,0.04777433355234076,lt3
3079,3080,OADMET-0002069,2.88,train,lt3,3,0.5308459799421587,0.2606843016786761,0.027156350122528147,0.00856397455319857,0.1727493937034386,lt3
3080,3081,OADMET-0002068,1.87,train,lt3,3,0.41607075929641724,0.457127183675766,0.07437406480312347,0.00991842895746231,0.04250956326723099,3to4
3081,3082,OADMET-0002067,2.6,train,lt3,2,0.7900361633085404,0.08766996436949875,0.001551411621757338,0.0016756692557359648,0.11906679144446757,lt3
3082,3083,OADMET-0002066,2.69,train,lt3,3,0.684181714190484,0.28897188126348616,0.007494674792501274,0.001181256882329276,0.01817047287119929,lt3
3083,3084,OADMET-0002065,2.39,train,lt3,3,0.5746495836113032,0.2441197383464449,0.024047716059723903,0.006881055556705377,0.15030190642582256,lt3
3084,3085,OADMET-0002064,2.12,train,lt3,2,0.7944753495066802,0.1883942718618175,0.001806251061005569,0.0005957458430722435,0.014728381727424468,lt3
3085,3086,OADMET-0002063,3.96,train,3to4,1,0.8679157657836515,0.12635522449412614,0.0016984538257749163,0.00038536068571078656,0.0036451952107367054,lt3
3086,3087,OADMET-0002062,2.44,train,lt3,3,0.4640613371345082,0.4075220640934119,0.05426229714843481,0.008293248623576109,0.06586105300006902,lt3
3087,3088,OADMET-0002061,1.98,train,lt3,3,0.7953562630030827,0.1863083963485591,0.002774550542343255,0.0006352033148230541,0.014925586791191893,lt3
3088,3089,OADMET-0002060,2.49,train,lt3,1,0.9116565992413345,0.08439591904018702,0.0008881702484604126,0.00022369580527805552,0.002835615664740036,lt3
3089,3090,OADMET-0002059,4.08,train,4to5,3,0.14529165762554316,0.5286162599347289,0.2797649242202822,0.03106200405750386,0.015265154161941803,3to4
3090,3091,OADMET-0002058,2.13,train,lt3,2,0.7181354193919888,0.26174146042089913,0.004127045644258973,0.0008532723329772586,0.015142802209875858,lt3
3091,3092,OADMET-0002057,1.97,train,lt3,3,0.8803651036664942,0.06877206034549449,0.001883573184680118,0.0010076358109704744,0.04797162699236066,lt3
3092,3093,OADMET-0002056,2.82,train,lt3,1,0.6896923619859767,0.2930838397451714,0.00732642907354913,0.001348365532505197,0.008549003662797537,lt3
3093,3094,OADMET-0002055,1.94,train,lt3,3,0.8619298563639892,0.11004247074187047,0.0020300496440125407,0.0007734008404242209,0.02522422240970353,lt3
3094,3095,OADMET-0002054,1.83,train,lt3,3,0.9052900112798845,0.07340518415081099,0.0011724224361864368,0.0004986027508800729,0.019633779382237964,lt3
3095,3096,OADMET-0002053,2.49,train,lt3,3,0.5948958079723781,0.36885897338653334,0.013995725846611611,0.0018729010063935232,0.020376591788083428,lt3
3096,3097,OADMET-0002052,2.49,train,lt3,3,0.8988370799641598,0.054560522898998126,0.0014690870728318733,0.0008444852920632804,0.04428882477194682,lt3
3097,3098,OADMET-0002051,2.01,train,lt3,2,0.8884192004648108,0.06229019091798583,0.0004018142888574811,0.000558435735711594,0.0483303585926343,lt3
3098,3099,OADMET-0002050,1.88,train,lt3,2,0.5968874897752356,0.37591150919462324,0.013018704097539838,0.0015238013749592735,0.01265849555764196,lt3
3099,3100,OADMET-0002049,2.86,train,lt3,2,0.7386017191534512,0.09421181359611944,0.0017896567563537838,0.002059853565946991,0.16333695692812855,lt3
3100,3101,OADMET-0002048,2.01,train,lt3,1,0.9387440415623728,0.05504715659303814,0.0007432146602325413,0.0002817806882617119,0.005183806496094804,lt3
3101,3102,OADMET-0002047,2.01,train,lt3,2,0.8875918193074346,0.09272210841015,0.00047915681025937235,0.00035878354476181676,0.0188481319273942,lt3
3102,3103,OADMET-0002046,1.92,train,lt3,0,0.9460310103188522,0.04658833323040089,0.00043635112726590075,0.000166265562205126,0.006778039761275923,lt3
3103,3104,OADMET-0002045,4.51,train,4to5,3,0.003980938801586305,0.028094751694950387,0.43963804738680357,0.45565307034260344,0.07263319177405632,5to6
3104,3105,OADMET-0002044,3.73,train,3to4,2,0.16035297109789196,0.5701576924004986,0.23538398150786058,0.025172303729083204,0.008933051264665664,3to4
3105,3106,OADMET-0002043,4.46,train,4to5,2,0.016367624225644452,0.06642270338366156,0.5106175161438051,0.3485656716998166,0.05802648454707231,4to5
3106,3107,OADMET-0002042,5.61,train,5to6,3,0.0001502061248366006,0.0009008907626730342,0.012179674936231864,0.19725567678244096,0.7895135513938175,gte6
3107,3108,OADMET-0002041,5.03,train,5to6,3,0.0010798358167096254,0.008304822290555939,0.15352630674214662,0.47282871785612635,0.36426031729446146,5to6
3108,3109,OADMET-0002040,3.55,train,3to4,3,0.00626939935259942,0.039089391687507524,0.34732740066187406,0.4615984419342602,0.14571536636375879,5to6
3109,3110,OADMET-0002039,3.04,train,3to4,3,0.026944824773291645,0.12094683652313636,0.4998574433882781,0.26977243366270953,0.08247846165258436,4to5
3110,3111,OADMET-0002038,2.0,train,lt3,2,0.3089473056187892,0.5933711757332243,0.08316954455266268,0.006396484630772632,0.008115489464551165,3to4
3111,3112,OADMET-0002037,2.98,train,lt3,3,0.1825176839475667,0.49576327876358856,0.26086546756022294,0.032680290160687166,0.028173279567934594,3to4
3112,3113,OADMET-0002036,4.09,train,4to5,3,0.20077091231080615,0.41572948825661665,0.23314653076440248,0.058560337216850326,0.0917927314513244,3to4
3113,3114,OADMET-0002035,4.95,train,4to5,2,0.0006092931058822231,0.0041665876633498675,0.32822364110187197,0.5860884703776548,0.08091200775124122,5to6
3114,3115,OADMET-0002034,4.17,train,4to5,3,0.14436145420356708,0.5000765505183367,0.3103772740591528,0.03108254003678815,0.014102181182155268,3to4
3115,3116,OADMET-0002033,3.88,train,3to4,4,0.02571308536715985,0.13274990590894192,0.5863890303055713,0.22586178257096745,0.029286195847359493,4to5
3116,3117,OADMET-0002032,3.89,train,3to4,1,0.04722182508560698,0.26804636111544633,0.5531453119344427,0.10833595711720277,0.02325054474730117,4to5
3117,3118,OADMET-0002031,1.96,train,lt3,0,0.6378640291767589,0.3461471690832894,0.007089409906450035,0.0007748154307190776,0.008124576402782673,lt3
3118,3119,OADMET-0002030,4.57,train,4to5,3,0.012000306252383587,0.06488722423798762,0.47389327464667585,0.37006538313673454,0.0791538117262184,4to5
3119,3120,OADMET-0002029,4.37,train,4to5,3,0.0016342263476175354,0.013629698576885774,0.38461489916351216,0.5159572751120178,0.08416390079996669,5to6
3120,3121,OADMET-0002028,3.95,train,3to4,3,0.13535086861010964,0.5664789697769246,0.2711224864092562,0.020672505798460937,0.006375169405248647,3to4
3121,3122,OADMET-0002027,2.83,train,lt3,3,0.39861391980745337,0.5610493701101665,0.03276150836864551,0.0018994245693266527,0.005675777144407926,3to4
3122,3123,OADMET-0002026,1.95,train,lt3,3,0.027402193349157857,0.13128915013388628,0.4983654460455988,0.2676389132628934,0.07530429720846367,4to5
3123,3124,OADMET-0002025,3.75,train,3to4,2,0.010086500660249008,0.04620693833021106,0.4232440143048088,0.4430656276303401,0.07739691907439109,5to6
3124,3125,OADMET-0002024,3.1,train,3to4,4,0.08632449194727336,0.3163073137036005,0.4702959025814304,0.10188104236222877,0.025191249405466992,4to5
3125,3126,OADMET-0002023,2.7,train,lt3,4,0.4370920925349845,0.5314651094198182,0.025846430849783462,0.0008114968020124878,0.004784870393401401,3to4
3126,3127,OADMET-0002022,3.85,train,3to4,3,0.03249152219895352,0.17682997026000316,0.5503279300247763,0.20391166712771477,0.036438910388552265,4to5
3127,3128,OADMET-0002021,4.41,train,4to5,0,0.14103843435922678,0.5808535881905535,0.25037479692109393,0.0203280395400715,0.007405140989054239,3to4
3128,3129,OADMET-0002020,3.82,train,3to4,0,0.04139251823372524,0.30874551751514,0.5449928890025724,0.09428946359100167,0.010579611657560776,4to5
3129,3130,OADMET-0002019,4.49,train,4to5,0,0.016714655485550147,0.0883069294805426,0.5118441176356419,0.3198507845346177,0.06328351286364767,4to5
3130,3131,OADMET-0002018,2.36,train,lt3,4,0.029188978655923715,0.13640880229003124,0.5867653932148302,0.21588338348573563,0.031753442353479204,4to5
3131,3132,OADMET-0002017,4.21,train,4to5,1,0.08340784876269158,0.2559976866245356,0.47632112921654757,0.12733416211853116,0.056939173277694086,4to5
3132,3133,OADMET-0002016,2.99,train,lt3,3,0.4209800527204259,0.5269331915100259,0.03927072941693111,0.003079004924113472,0.009737021428503589,3to4
3133,3134,OADMET-0002015,4.12,train,4to5,4,0.15573086656716514,0.2991770363914911,0.29793487552958825,0.11136452689432866,0.13579269461742685,3to4
3134,3135,OADMET-0002014,5.29,train,5to6,1,0.31247036397808636,0.5701971421777484,0.09696781992016709,0.01091007565228897,0.009454598271709191,3to4
3135,3136,OADMET-0002013,4.28,train,4to5,2,0.0013714928821269676,0.010407817683282767,0.12329979398788155,0.5233998961716412,0.34152099927506757,5to6
3136,3137,OADMET-0002012,4.33,train,4to5,2,0.007833288058483311,0.025757527002838933,0.0941361562294291,0.35581183466670274,0.516461194042546,gte6
3137,3138,OADMET-0002011,4.46,train,4to5,4,0.08414088220946819,0.25414890145565905,0.46660393650309717,0.1451720600767883,0.04993421975498728,4to5
3138,3139,OADMET-0002010,4.87,train,4to5,3,0.05042319835592816,0.19477361842392282,0.449812178510492,0.22509089344604535,0.07990011126361166,4to5
3139,3140,OADMET-0002009,3.11,train,3to4,2,0.04366075618491548,0.23056534937395515,0.5622863883801291,0.14289355543795312,0.020593950623047114,4to5
3140,3141,OADMET-0002008,2.27,train,lt3,2,0.418573204600934,0.5275375892178862,0.03978746421437211,0.0035239672616493634,0.010577774705158312,3to4
3141,3142,OADMET-0002007,4.83,train,4to5,3,0.17643720305943197,0.5277279733358615,0.24651539876718964,0.03052190759454461,0.018797517242972194,3to4
3142,3143,OADMET-0002006,5.19,train,5to6,4,0.06182381280422908,0.20087354626977644,0.4960097783800297,0.18901995610371394,0.05227290644225081,4to5
3143,3144,OADMET-0002005,4.24,train,4to5,0,0.13083549822206522,0.46279646136104,0.34027947644541223,0.04419907009567978,0.021889493875802735,3to4
3144,3145,OADMET-0002004,2.3,train,lt3,1,0.2298841320150144,0.4840393333371064,0.24544305920848314,0.028505938052261735,0.012127537387134294,3to4
3145,3146,OADMET-0002003,2.34,train,lt3,0,0.21407129896899005,0.567925222537786,0.1813673956561789,0.02210130340798969,0.014534779429055393,3to4
3146,3147,OADMET-0002002,2.58,train,lt3,2,0.41578550066324477,0.5373994230881671,0.036376722961614996,0.0031198266186713073,0.007318526668301791,3to4
3147,3148,OADMET-0002001,3.1100000000000003,train,3to4,4,0.20355354856114236,0.19569604682016511,0.09870806630575854,0.04414653909643111,0.45789579921650286,gte6
3148,3149,OADMET-0002000,1.92,train,lt3,4,0.8064860576887622,0.18595249547620477,0.0018649935881075617,6.643379699135179e-05,0.005630019449934088,lt3
3149,3150,OADMET-0001999,3.82,train,3to4,3,0.06611048584188647,0.18796981680663077,0.31923294193450136,0.2527624738726788,0.17392428154430256,4to5
3150,3151,OADMET-0001998,4.87,train,4to5,4,0.03558847601141462,0.15508639465824378,0.553529965426103,0.21583678835995224,0.03995837554428632,4to5
3151,3152,OADMET-0001997,3.61,train,3to4,2,0.25343545138379403,0.331863418287184,0.20852143130355635,0.07266315493003331,0.1335165440954323,3to4
3152,3153,OADMET-0001996,3.0,train,lt3,3,0.16784840736243292,0.5895401805243725,0.21839696057030625,0.016692189414233862,0.007522262128654456,3to4
3153,3154,OADMET-0001995,4.32,train,4to5,3,0.007940271765772436,0.043063152019973724,0.25479319359445507,0.4655488668776265,0.22865451574217227,5to6
3154,3155,OADMET-0001994,3.47,train,3to4,2,0.153737659640978,0.30005120336856833,0.35176791692471754,0.12227112435486542,0.07217209571087076,4to5
3155,3156,OADMET-0001993,2.98,train,lt3,2,0.11019383613066937,0.459810414788583,0.3613020314799626,0.05375724413049877,0.014936473470286279,3to4
3156,3157,OADMET-0001992,2.95,train,lt3,0,0.6545046328285584,0.32938228831734395,0.006694609054194932,0.0007626407616945776,0.008655829038208092,lt3
3157,3158,OADMET-0001991,4.45,train,4to5,0,0.04883875807014312,0.27302444591427844,0.5318506478931899,0.12256961589834725,0.023716532224041197,4to5
3158,3159,OADMET-0001990,5.29,train,5to6,2,0.0024627011775129725,0.007354418759113394,0.02131773721175831,0.1799138042282771,0.7889513386233382,gte6
3159,3160,OADMET-0001989,4.4,train,4to5,0,0.021256135578675797,0.08503348301133623,0.29953425843702386,0.40345295887949917,0.19072316409346496,5to6
3160,3161,OADMET-0001988,1.77,train,lt3,1,0.46798421935483997,0.46158980299004915,0.04408476688513243,0.006959638387582774,0.019381572382395663,lt3
3161,3162,OADMET-0001987,2.45,train,lt3,2,0.21580096835238863,0.618784046140137,0.1398846587844648,0.012470348526874193,0.013059978196135394,3to4
3162,3163,OADMET-0001986,3.85,train,3to4,4,0.533723679347321,0.4540252408055529,0.008744975017487085,0.0001692849806423049,0.003336819848996771,lt3
3163,3164,OADMET-0001985,3.58,train,3to4,3,0.08763147080219186,0.3861324758370781,0.4440240230856536,0.06780540892626785,0.014406621348808546,4to5
3164,3165,OADMET-0001984,3.41,train,3to4,0,0.2640091727672299,0.5595531359398154,0.14330996306035737,0.015043299364982185,0.018084428867615222,3to4
3165,3166,OADMET-0001983,4.91,train,4to5,3,0.00888762708754405,0.032802805029577345,0.16255788368822918,0.34862982934557973,0.4471218548490697,gte6
3166,3167,OADMET-0001982,4.745,train,4to5,2,0.0029125044086246673,0.01624887330697744,0.36705041519037535,0.5069147613979565,0.10687344569606595,5to6
3167,3168,OADMET-0001981,1.81,train,lt3,3,0.3230346203415584,0.5496860248909523,0.09525977252535098,0.010074230098616892,0.02194535214352146,3to4
3168,3169,OADMET-0001980,4.06,train,4to5,0,0.10391750931739807,0.4432099163532257,0.38458433747291565,0.05350572615861893,0.014782510697841644,3to4
3169,3170,OADMET-0001979,3.61,train,3to4,3,0.07059993121475443,0.21794484584403326,0.3909145927560975,0.1826251771775887,0.1379154530075261,4to5
3170,3171,OADMET-0001978,4.03,train,4to5,3,0.003483708008422311,0.02382096801847409,0.4018622895972464,0.47857377039383503,0.09225926398202221,5to6
3171,3172,OADMET-0001977,5.42,train,5to6,3,0.019219146289672567,0.12441969176230296,0.6172346827351892,0.21282305481045666,0.026303424402378664,4to5
3172,3173,OADMET-0001976,4.58,train,4to5,3,0.022291126020323265,0.04002088360515644,0.07556249299820038,0.20568517118654436,0.6564403261897755,gte6
3173,3174,OADMET-0001975,4.78,train,4to5,4,0.1698288660641299,0.47486273604112783,0.29333472962184154,0.03926173692644123,0.022711931346459515,3to4
3174,3175,OADMET-0001974,3.67,train,3to4,2,0.18088117417997532,0.590664522655464,0.19993038513272066,0.01893365990666163,0.009590258125178391,3to4
3175,3176,OADMET-0001973,5.19,train,5to6,4,0.024564397322070518,0.05736081845643575,0.2081970336495946,0.3190707957467674,0.3908069548251317,gte6
3176,3177,OADMET-0001972,1.81,train,lt3,4,0.12309694393218601,0.1938014674439261,0.2301582723028369,0.15482649889748176,0.29811681742356927,gte6
3177,3178,OADMET-0001971,2.84,train,lt3,4,0.6923583137719055,0.29723566718216876,0.0032442477474607006,9.236753960174286e-05,0.007069403758863367,lt3
3178,3179,OADMET-0001970,2.22,train,lt3,3,0.43414776587356013,0.5379838232196608,0.020585037326946987,0.0013937838077014055,0.005889589772130768,3to4
3179,3180,OADMET-0001969,4.27,train,4to5,4,0.03052030931791828,0.0882359928834665,0.33582903496163374,0.3343271767915691,0.2110874860454124,4to5
3180,3181,OADMET-0001968,4.48,train,4to5,0,0.07983328521003254,0.2148584755489003,0.3468065909565477,0.2207897785423663,0.13771186974215313,4to5
3181,3182,OADMET-0001967,2.18,train,lt3,3,0.33506213978978444,0.594682920546271,0.058643298966635365,0.0035594268022400796,0.008052213895069077,3to4
3182,3183,OADMET-0001966,4.59,train,4to5,2,0.33191596768962367,0.5819681091845409,0.06845586473656258,0.00554549639147402,0.012114561997798819,3to4
3183,3184,OADMET-0001965,2.08,train,lt3,3,0.023125057738506413,0.1251321269647686,0.5813587828175882,0.2339065640469157,0.03647746843222104,4to5
3184,3185,OADMET-0001964,4.71,train,4to5,2,0.04132405003474299,0.1183549007447693,0.4079933473770559,0.30619994618818547,0.1261277556552464,4to5
3185,3186,OADMET-0001963,4.39,train,4to5,2,0.16210027683748351,0.17485257071280483,0.11067027021429024,0.11448995171912266,0.43788693051629873,gte6
3186,3187,OADMET-0001962,1.84,train,lt3,2,0.1367226496443686,0.5676561431473156,0.2592563231093981,0.02718440464615932,0.00918047945275839,3to4
3187,3188,OADMET-0001961,3.92,train,3to4,3,0.02546023731833153,0.12162770778895438,0.5136255777873535,0.2655054103336318,0.07378106677172878,4to5
3188,3189,OADMET-0001960,4.84,train,4to5,0,0.006260336693712896,0.034051275934737606,0.327681742277104,0.4559486996133888,0.17605794548105672,5to6
3189,3190,OADMET-0001958,1.91,train,lt3,2,0.5389647717213214,0.4196508244427181,0.018003997112821052,0.00248025923110663,0.020900147492032818,lt3
3190,3191,OADMET-0001957,1.89,train,lt3,2,0.31914682393073157,0.5793391738456204,0.06611209738373212,0.009144931520618599,0.026256973319297286,3to4
3191,3192,OADMET-0001956,1.86,train,lt3,0,0.0065313208775904085,0.04258930245160732,0.5448899185371737,0.3632637802568708,0.04272567787675775,4to5
3192,3193,OADMET-0001955,4.57,train,4to5,3,0.1811325970123321,0.43701671902810457,0.2688298781390506,0.056305061186774655,0.05671574463373803,3to4
3193,3194,OADMET-0001954,2.28,train,lt3,1,0.5283501300763842,0.450668795007032,0.01397243554996839,0.0014828127305649172,0.005525826636050479,lt3
3194,3195,OADMET-0001953,4.07,train,4to5,1,0.4647684045348122,0.46676322296153877,0.04701794258857583,0.006064538776153265,0.015385891138919914,3to4
3195,3196,OADMET-0001951,5.95,train,5to6,1,0.00016389868271887386,0.001844236929663032,0.02366658985157071,0.2670706442765193,0.7072546302595282,gte6
3196,3197,OADMET-0001950,5.66,train,5to6,3,0.0037369809575586357,0.0242245275312631,0.22774833509778747,0.5057768506118572,0.23851330580153363,5to6
3197,3198,OADMET-0001949,3.47,train,3to4,1,0.01062900245113194,0.060448505951113264,0.5462566364867844,0.31880192493899323,0.0638639301719772,4to5
3198,3199,OADMET-0001948,4.48,train,4to5,3,0.05163567789577548,0.19072183611389554,0.505057265887833,0.17015349548024133,0.08243172462225473,4to5
3199,3200,OADMET-0001947,3.6,train,3to4,0,0.39375766598376694,0.45915546414612185,0.07472284785833222,0.014039622436692272,0.058324399575086686,3to4
3200,3201,OADMET-0001946,4.64,train,4to5,3,0.0054694401060372605,0.041217201129813696,0.4966681680564703,0.3927464549178844,0.06389873578979435,4to5
3201,3202,OADMET-0001945,1.81,train,lt3,3,0.36460128469577885,0.5696985858688804,0.05006505145632946,0.0037066919536992405,0.011928386025311993,3to4
3202,3203,OADMET-0001944,3.13,train,3to4,3,0.2668730169419376,0.6089635747132688,0.10786190771338114,0.007060283400475043,0.009241217230937413,3to4
3203,3204,OADMET-0001943,5.52,train,5to6,3,0.00023187174419776554,0.0023697784533749772,0.0850281488200801,0.5060029007977157,0.40636730018463146,5to6
3204,3205,OADMET-0001942,2.82,train,lt3,3,0.2962275114332045,0.5953357749208535,0.09325743362392373,0.0066009666032981135,0.00857831341872014,3to4
3205,3206,OADMET-0001941,3.0,train,lt3,2,0.17583124077571569,0.2268821265268009,0.19441608794903625,0.13017047747715596,0.2727000672712912,gte6
3206,3207,OADMET-0001940,2.27,train,lt3,2,0.5985149258001962,0.37423012366347014,0.009738201459123361,0.0019385104898874065,0.015578238587322954,lt3
3207,3208,OADMET-0001938,2.19,train,lt3,3,0.009090372623690918,0.06075512048174509,0.55734427392266,0.3235482964944068,0.04926193647749725,4to5
3208,3209,OADMET-0001937,5.25,train,5to6,3,0.00014535665703159669,0.0010689456782823255,0.021729877800593312,0.29242868488165297,0.6846271349824398,gte6
3209,3210,OADMET-0001936,2.93,train,lt3,1,0.30940282243964273,0.6066070179239618,0.07357279932358787,0.0053802183653872794,0.005037141947420317,3to4
3210,3211,OADMET-0001935,4.99,train,4to5,1,0.006069866217506199,0.029087437946835135,0.35420082498701516,0.4303405996593672,0.18030127118927627,5to6
3211,3212,OADMET-0001934,5.29,train,5to6,0,0.018938829804864773,0.11845345596581491,0.5866231819994586,0.24627653841583272,0.029707993814028902,4to5
3212,3213,OADMET-0001933,3.63,train,3to4,4,0.10517099941121323,0.43189455811983785,0.39191492260493094,0.057514736630994046,0.013504783233023919,3to4
3213,3214,OADMET-0001932,5.37,train,5to6,3,0.013796890642756451,0.07114404691706763,0.4399988508969139,0.37837530521514046,0.09668490632812161,4to5
3214,3215,OADMET-0001931,1.97,train,lt3,3,0.0502683386286598,0.1627997506499216,0.3294975557773577,0.29096201929336846,0.16647233565069244,4to5
3215,3216,OADMET-0001930,3.63,train,3to4,2,0.27641042043193426,0.35785269289911226,0.20023135768024547,0.056597985607988115,0.10890754338071988,3to4
3216,3217,OADMET-0001928,5.62,train,5to6,4,0.0035742292729172512,0.011913750193074227,0.14138984528744294,0.40033950972938503,0.44278266551718054,gte6
3217,3218,OADMET-0001927,3.89,train,3to4,0,0.502128754421509,0.43519198872988596,0.04591469406315374,0.003916655002083457,0.012847907783367921,lt3
3218,3219,OADMET-0001926,5.23,train,5to6,3,0.004848274942484253,0.03385388530659406,0.4386626251395171,0.43305108616626165,0.08958412844514299,4to5
3219,3220,OADMET-0001925,4.82,train,4to5,4,0.04164010876267743,0.15037318503956554,0.5159207986324728,0.22007477953751461,0.07199112802776962,4to5
3220,3221,OADMET-0001924,3.9,train,3to4,2,0.005576097141596532,0.02990011542578611,0.46482578692388243,0.4497718597404986,0.049926140768236316,4to5
3221,3222,OADMET-0001923,3.4,train,3to4,2,0.06259912624364339,0.11448700788694573,0.2589720035212038,0.2836477587433005,0.2802941036049066,5to6
3222,3223,OADMET-0001922,4.98,train,4to5,4,0.02601959764088258,0.08779191414839572,0.47469222519633236,0.30063537839501564,0.11086088461937368,4to5
3223,3224,OADMET-0001921,1.84,train,lt3,3,0.7264857521170266,0.2398324338617646,0.006300081180614043,0.0015378698395290982,0.025843863001065732,lt3
3224,3225,OADMET-0001920,1.78,train,lt3,3,0.024858269619527956,0.16534087166126962,0.6106812442081869,0.17358550464483405,0.025534109866181494,4to5
3225,3226,OADMET-0001919,1.88,train,lt3,2,0.5475610145293833,0.41911587425560004,0.018755030553117773,0.002079340962288104,0.012488739699610818,lt3
3226,3227,OADMET-0001918,4.73,train,4to5,3,0.0101213825089869,0.061805105087772996,0.5683272332761785,0.3219399070233876,0.03780637210367395,4to5
3227,3228,OADMET-0001917,4.16,train,4to5,4,0.04845199433642618,0.19091150449084499,0.539646871978743,0.1805378076514275,0.04045182154255839,4to5
3228,3229,OADMET-0001916,4.95,train,4to5,3,0.0033517570583437672,0.026702651660763712,0.4463314100413185,0.44854444108713265,0.0750697401524414,5to6
3229,3230,OADMET-0001914,3.88,train,3to4,2,0.7609416987297554,0.2241018606164323,0.0022416660057511637,0.0005787546507346427,0.012136019997326572,lt3
3230,3231,OADMET-0001913,4.875,train,4to5,2,0.012539354001161082,0.05141001877530455,0.40714922054396957,0.42695363839119926,0.10194776828836558,5to6
3231,3232,OADMET-0001912,3.0,train,lt3,3,0.11170960196906775,0.4855279913441688,0.345031618429289,0.04192179806172513,0.015808990195749346,3to4
3232,3233,OADMET-0001911,4.18,train,4to5,3,0.01738035495836354,0.09710656124559522,0.5093258628795405,0.30523935017220555,0.07094787074429518,4to5
3233,3234,OADMET-0001910,2.42,train,lt3,2,0.08780923616601878,0.40444994575455706,0.43196592378565557,0.06311117951737612,0.012663714776392502,4to5
3234,3235,OADMET-0001909,2.415,train,lt3,3,0.05374543368816376,0.199756920337677,0.4351087808609009,0.22931315004825592,0.08207571506500244,4to5
3235,3236,OADMET-0001908,4.05,train,4to5,4,0.17070666829949874,0.5487232489323045,0.25194640258052586,0.02218614446021425,0.006437535727456645,3to4
3236,3237,OADMET-0001906,4.25,train,4to5,4,0.04281143130966597,0.1276893327213029,0.4748621618364912,0.24057549417447666,0.11406157995806321,4to5
3237,3238,OADMET-0001905,2.97,train,lt3,0,0.34104344550512056,0.5441061902502634,0.09238550148686606,0.0075415415425269345,0.014923321215223103,3to4
3238,3239,OADMET-0001904,4.84,train,4to5,1,0.023675668102664197,0.12278443862555777,0.5921752828294305,0.2155933597835392,0.04577125065880825,4to5
3239,3240,OADMET-0001903,5.16,train,5to6,2,0.03808688273054295,0.13304243634903037,0.5182161792087806,0.2578533522599434,0.05280114945170266,4to5
3240,3241,OADMET-0001902,4.7,train,4to5,3,0.01664790033171212,0.10234490133872881,0.5941907983226941,0.24533221062031543,0.04148418938654952,4to5
3241,3242,OADMET-0001901,4.06,train,4to5,2,0.0020209467753730505,0.01259774293630778,0.27400885001973835,0.5390344452888788,0.17233801497970203,5to6
3242,3243,OADMET-0001900,4.81,train,4to5,2,0.13344231508885382,0.4580099374225444,0.3428333468730564,0.051580936725437336,0.01413346389010804,3to4
3243,3244,OADMET-0001899,4.95,train,4to5,3,0.0007930816223928768,0.007095001856219832,0.16440536998684888,0.54148654241869,0.2862200041158484,5to6
3244,3245,OADMET-0001898,5.13,train,5to6,3,0.011949294413662903,0.06811931079420229,0.5026941369664036,0.35035747779101334,0.06687978003471783,4to5
3245,3246,OADMET-0001897,3.48,train,3to4,4,0.12607210945005776,0.44951412332904034,0.3632063587934134,0.04950474602824866,0.011702662399239814,3to4
3246,3247,OADMET-0001895,3.94,train,3to4,0,0.16278709991055132,0.4733336583773101,0.29104910546248525,0.04648616260372623,0.026343973645927093,3to4
3247,3248,OADMET-0001894,5.1,train,5to6,4,0.00030529992265489946,0.0020470201016229025,0.1014254361762619,0.4919563750508644,0.4042658687485959,5to6
3248,3249,OADMET-0001893,1.94,train,lt3,2,0.04346874777378978,0.1269147857306315,0.38562778069407994,0.3208286798092948,0.12316000599220402,4to5
3249,3250,OADMET-0001892,4.45,train,4to5,2,0.0032532677125833346,0.019062725050380248,0.4517438227647988,0.47802234728496734,0.04791783718727028,5to6
3250,3251,OADMET-0001890,3.37,train,3to4,3,0.32950391690331865,0.4727364681659245,0.11329247570369907,0.019563002111030698,0.06490413711602705,3to4
3251,3252,OADMET-0001888,4.13,train,4to5,1,0.14314814815435697,0.4263571028041537,0.3465512550917871,0.058188000172123305,0.02575549377757895,3to4
3252,3253,OADMET-0001887,4.13,train,4to5,4,0.09745384371554346,0.33387340789410924,0.45209435840327006,0.09654624382504985,0.020032146162027364,4to5
3253,3254,OADMET-0001885,3.1,train,3to4,1,0.25085791478198183,0.5816497098347226,0.1426531943929718,0.014010849147832969,0.01082833184249081,3to4
3254,3255,OADMET-0001884,4.2,train,4to5,0,0.09828617130857195,0.3070376721907356,0.41599352908153747,0.125080909577581,0.05360171784157402,4to5
3255,3256,OADMET-0001883,4.75,train,4to5,0,0.010615600826659842,0.07857950441581406,0.6182805622217352,0.2646575112089707,0.027866821326820175,4to5
3256,3257,OADMET-0001882,1.81,train,lt3,2,0.40385863795588334,0.5125169453317602,0.06348825618647026,0.006337867677877039,0.013798292848009198,3to4
3257,3258,OADMET-0001881,4.6,train,4to5,2,0.06585511598811163,0.19664058945113014,0.515197996270873,0.16945013063380945,0.052856167656075724,4to5
3258,3259,OADMET-0001880,3.86,train,3to4,0,0.28459433700249304,0.6087470818679737,0.09458293100724807,0.005525733421377024,0.006549916700908252,3to4
3259,3260,OADMET-0001879,3.53,train,3to4,1,0.10088352001216054,0.3087399269408741,0.4541872092986046,0.09488535566383575,0.041303988084525005,4to5
3260,3261,OADMET-0001878,4.83,train,4to5,0,0.010544950572967083,0.06826720807549766,0.590666564065968,0.2908137898598767,0.03970748742569065,4to5
3261,3262,OADMET-0001877,4.88,train,4to5,4,0.0018885657579331063,0.010970193441901555,0.34614010222867875,0.5269478938993292,0.11405324467215741,5to6
3262,3263,OADMET-0001876,3.1,train,3to4,4,0.2550729419334035,0.585393764895337,0.142412180429994,0.009505509049196162,0.0076156036920693275,3to4
3263,3264,OADMET-0001875,1.9,train,lt3,1,0.6020063840594089,0.3833326750007989,0.007087716464459727,0.0012913134592090487,0.006281911016123544,lt3
3264,3265,OADMET-0001874,4.77,train,4to5,3,0.002093878623421272,0.015909793225810705,0.3719824937168158,0.5067398070064328,0.10327402742751939,5to6
3265,3266,OADMET-0001872,3.92,train,3to4,2,0.060214232116675336,0.2562860367095668,0.5062791346784549,0.14412893824856793,0.03309165824673509,4to5
3266,3267,OADMET-0001871,4.38,train,4to5,3,0.013890469511354848,0.09330594702484231,0.6101027346431434,0.2482397103383573,0.034461138482302166,4to5
3267,3268,OADMET-0001870,4.12,train,4to5,2,0.1325026115029272,0.25628336500277027,0.3470638588945908,0.15345787544674053,0.11069228915297123,4to5
3268,3269,OADMET-0001869,2.54,train,lt3,2,0.6297088593837769,0.3532531147656724,0.006326173296445706,0.0010971739529089457,0.009614678601196037,lt3
3269,3270,OADMET-0001868,2.84,train,lt3,3,0.2360225122953165,0.5910743132135071,0.15042864430669475,0.01193470745253986,0.010539822731941794,3to4
3270,3271,OADMET-0001867,3.55,train,3to4,2,0.055353157222270966,0.1465722769498825,0.45933738350868225,0.24029487371444702,0.09844230860471725,4to5
3271,3272,OADMET-0001866,4.54,train,4to5,0,0.040127657652852367,0.13700777394330332,0.3709960905536718,0.3166492902982927,0.13521918755187978,4to5
3272,3273,OADMET-0001865,2.81,train,lt3,2,0.11352326958522485,0.43406615701022044,0.3494983457253123,0.06488261081803094,0.0380296168612115,3to4
3273,3274,OADMET-0001864,3.49,train,3to4,1,0.31276470481001717,0.5880019675716794,0.08384874478699406,0.007531463182589902,0.00785311964871943,3to4
3274,3275,OADMET-0001863,5.06,train,5to6,1,0.007359983330965198,0.04685698033443671,0.5358257243798512,0.3526758220728876,0.05728148988185926,4to5
3275,3276,OADMET-0001862,3.27,train,3to4,1,0.163291981936493,0.38824985314301075,0.3526777434579012,0.0661906117209648,0.029589809741630252,3to4
3276,3277,OADMET-0001861,2.01,train,lt3,3,0.25298185711223414,0.6175579676756104,0.11358535394825608,0.007351220636862471,0.008523600627036916,3to4
3277,3278,OADMET-0001859,2.82,train,lt3,0,0.3206169193592805,0.610244488047992,0.05974091933015899,0.0033999536744757923,0.0059977195880927,3to4
3278,3279,OADMET-0001858,1.9,train,lt3,4,0.3385873235869782,0.6001601391052122,0.05450942895949347,0.0018300635798596358,0.004913044768456488,3to4
3279,3280,OADMET-0001857,4.0,train,3to4,2,0.011943838392237597,0.048858247014811534,0.3392811072159404,0.44861226647236946,0.15130454090464104,5to6
3280,3281,OADMET-0001828,4.3,train,4to5,0,0.03234756953821181,0.14407461183901893,0.5313693027652765,0.22900179409599555,0.06320672176149718,4to5
3281,3282,OADMET-0001827,3.62,train,3to4,2,0.4431768778749197,0.455782575988977,0.049087227328584705,0.008366561358225773,0.04358675744929282,3to4
3282,3283,OADMET-0001826,3.42,train,3to4,4,0.25771342699978134,0.5930810934776385,0.13564541405336242,0.00839979913757037,0.0051602663316473495,3to4
3283,3284,OADMET-0001825,1.62,train,lt3,2,0.5608809122271672,0.2943739362174286,0.018393595191317686,0.00620183688769583,0.12014971947639075,lt3
3284,3285,OADMET-0001824,2.56,train,lt3,1,0.41673746975302983,0.5424246019013789,0.03215479356512796,0.0033332449655600507,0.005349889814903282,3to4
3285,3286,OADMET-0001823,5.23,train,5to6,0,0.18263583344516113,0.5672462129179833,0.21042474143343792,0.024288831889441666,0.015404380313975986,3to4
3286,3287,OADMET-0001822,4.04,train,4to5,4,0.011459150426289116,0.04778045447027607,0.4549734026052186,0.3652237379518954,0.12056325454632079,4to5
3287,3288,OADMET-0001821,4.17,train,4to5,2,0.28786698711959,0.5218937584766413,0.13609140046715956,0.020321266998549525,0.03382658693805961,3to4
3288,3289,OADMET-0001820,4.45,train,4to5,3,0.28049739529128787,0.6103895757673922,0.0932232417378643,0.006528846298823524,0.009360940904632218,3to4
3289,3290,OADMET-0001819,3.8,train,3to4,1,0.6323793293676703,0.3511651655855357,0.009211703726941653,0.0014723274761922435,0.005771473843660117,lt3
3290,3291,OADMET-0001818,4.05,train,4to5,1,0.11998261243143798,0.3980247885430279,0.40252195889081155,0.06130446729128508,0.018166172843437505,4to5
3291,3292,OADMET-0001817,3.77,train,3to4,4,0.18975054793617394,0.4877688775710267,0.2542460503970224,0.030021357610344343,0.03821316648543254,3to4
3292,3293,OADMET-0001816,3.99,train,3to4,4,0.08172663118556221,0.32274874323423036,0.461110372965551,0.0941547730381465,0.0402594795765099,4to5
3293,3294,OADMET-0001815,2.81,train,lt3,4,0.5482129545875886,0.3870874409742542,0.018677931589882846,0.0010331628317644685,0.04498851001650991,lt3
3294,3295,OADMET-0001814,3.36,train,3to4,4,0.5400602655327473,0.429191874487849,0.01363116834349448,0.0004983639660549929,0.016618327669854212,lt3
3295,3296,OADMET-0001813,4.07,train,4to5,4,0.28104990380476347,0.5803116489722846,0.11572730401115962,0.007058760997127841,0.01585238221466451,3to4
3296,3297,OADMET-0001812,3.33,train,3to4,0,0.19386733779508863,0.5087871475698479,0.2287377383002976,0.033610257750596735,0.03499751858416917,3to4
3297,3298,OADMET-0001811,1.7,train,lt3,0,0.8457055253320963,0.13436232763754924,0.002391727919718644,0.00081783651073058,0.016722582599905268,lt3
3298,3299,OADMET-0001810,4.7,train,4to5,0,0.0023931107287971805,0.016859502118419457,0.2730226898656681,0.49767144063781715,0.2100532566492981,5to6
3299,3300,OADMET-0001809,4.33,train,4to5,1,0.009494888180624932,0.049720013200453834,0.4445971651970718,0.35006968634829366,0.14611824707355572,4to5
3300,3301,OADMET-0001808,4.16,train,4to5,0,0.20217178310069928,0.5309285998881921,0.21155289832756896,0.026631846428695774,0.028714872254843885,3to4
3301,3302,OADMET-0001807,4.63,train,4to5,0,0.14708859999345839,0.507379226276588,0.28588941267297546,0.0362891288654636,0.023353632191514487,3to4
3302,3303,OADMET-0001806,1.68,train,lt3,0,0.8147958273297958,0.1587304723456349,0.0028478371990036497,0.001141993411177268,0.02248386971438833,lt3
3303,3304,OADMET-0001805,4.64,train,4to5,0,0.01662081272090657,0.08562090136232542,0.5204120210504455,0.2996679207353379,0.07767834413098468,4to5
3304,3305,OADMET-0001804,4.22,train,4to5,2,0.06121426482432111,0.2858473674534673,0.505079808673336,0.11964057452775859,0.028217984521116974,4to5
3305,3306,OADMET-0001803,4.17,train,4to5,0,0.16885406325455402,0.4767485888629078,0.27385343571081183,0.041526922498256576,0.039016989673469796,3to4
3306,3307,OADMET-0001802,3.5,train,3to4,0,0.33523696099010736,0.487710467745747,0.11554670140162052,0.01679498115339348,0.04471088870913163,3to4
3307,3308,OADMET-0001801,1.75,train,lt3,0,0.84463416920424,0.13041497672841318,0.0023311050440500826,0.0010039105473269646,0.021615838475969856,lt3
3308,3309,OADMET-0001800,4.53,train,4to5,4,0.09978291914352211,0.35662867821837935,0.40914254466125644,0.07946496279243463,0.05498089518440749,4to5
3309,3310,OADMET-0001799,5.22,train,5to6,2,0.014927273254739954,0.05720437552098766,0.4438541424086246,0.36104961355469195,0.12296459526095588,4to5
3310,3311,OADMET-0001798,5.25,train,5to6,0,0.02309493998421602,0.17064025298862612,0.6081649411849143,0.1728187132589301,0.02528115258331344,4to5
3311,3312,OADMET-0001797,3.59,train,3to4,0,0.3637106522769691,0.5850141812015195,0.04176091522364704,0.002691968654075671,0.006822282643788672,3to4
3312,3313,OADMET-0001796,4.1,train,4to5,4,0.1591878563014391,0.4812961608412892,0.28898314179821205,0.03577177665702583,0.034761064402033845,3to4
3313,3314,OADMET-0001795,3.81,train,3to4,0,0.31136826428085906,0.5802451552088587,0.089659825988294,0.006936616698168697,0.011790137823819543,3to4
3314,3315,OADMET-0001794,5.37,train,5to6,0,0.03888912383052338,0.20930119725164184,0.5448971228332185,0.1695728251465313,0.03733973093808499,4to5
3315,3316,OADMET-0001793,5.21,train,5to6,0,0.0021506188517424266,0.01350909511173466,0.14710537507014496,0.46222398835744755,0.37501092260893043,5to6
3316,3317,OADMET-0001792,2.25,train,lt3,4,0.27337118588643766,0.5884178791935769,0.11519838703277055,0.007249246712435666,0.015763301174779264,3to4
3317,3318,OADMET-0001791,1.91,train,lt3,4,0.5557946911839811,0.4204981889178479,0.009962019204919851,0.0003305474154570059,0.013414553277794212,lt3
3318,3319,OADMET-0001790,2.57,train,lt3,4,0.27051226010019264,0.54938514473176,0.13843670848405717,0.01064965342934271,0.031016233254647377,3to4
3319,3320,OADMET-0001789,1.73,train,lt3,4,0.42693150676544817,0.5325879309316428,0.027143041106521954,0.0009651372327533048,0.012372383963633694,3to4
3320,3321,OADMET-0001788,4.67,train,4to5,4,0.2046565157041434,0.5644584823826777,0.19505037693775976,0.014967362859040765,0.02086726211637837,3to4
3321,3322,OADMET-0001787,3.96,train,3to4,4,0.14297189777156025,0.4600464712114501,0.32444866687087714,0.04186133575999753,0.030671628386114952,3to4
3322,3323,OADMET-0001786,4.06,train,4to5,2,0.3691738898929043,0.5176616388210898,0.07344077636958325,0.009118344770645272,0.030605350145777317,3to4
3323,3324,OADMET-0001785,4.09,train,4to5,4,0.3350864740873619,0.5332796245846383,0.0813885281126547,0.005893090377613935,0.04435228283773114,3to4
3324,3325,OADMET-0001784,3.37,train,3to4,4,0.32489497032856035,0.6125476500697028,0.05383070157866246,0.0019453263092944967,0.006781351713779878,3to4
3325,3326,OADMET-0001783,3.99,train,3to4,4,0.17938140388770452,0.5342169065710626,0.24349424191041993,0.023278311283397333,0.019629136347415605,3to4
3326,3327,OADMET-0001782,2.35,train,lt3,4,0.6801577035720597,0.2988760358467012,0.004643775344717893,0.00016717612323800503,0.01615530911328316,lt3
3327,3328,OADMET-0001781,2.37,train,lt3,4,0.18813528033702148,0.5425912879098058,0.21667048009080514,0.020815376310251776,0.03178757535211576,3to4
3328,3329,OADMET-0001780,2.98,train,lt3,4,0.5552364535103819,0.39797639469207774,0.013694618698662214,0.0006652373641011253,0.03242729573477705,lt3
3329,3330,OADMET-0001779,3.76,train,3to4,3,0.22234297356993538,0.6056065901626865,0.15321786059550593,0.010855732030693496,0.007976843641178717,3to4
3330,3331,OADMET-0001778,2.28,train,lt3,4,0.6680352785290651,0.3211191045400032,0.004314839437220166,0.00011686779350798988,0.006413909700203577,lt3
3331,3332,OADMET-0001777,4.13,train,4to5,0,0.22467607938277653,0.5584937954001897,0.1733918459405163,0.019164275277340524,0.024274003999176955,3to4
3332,3333,OADMET-0001776,3.98,train,3to4,0,0.06921222702842612,0.290354664767464,0.47269772778901864,0.11582816219585892,0.05190721821923229,4to5
3333,3334,OADMET-0001775,3.43,train,3to4,4,0.17843752700602575,0.5618798011121199,0.2229990313276865,0.020558492752347304,0.01612514780182061,3to4
3334,3335,OADMET-0001774,4.45,train,4to5,0,0.468444724995637,0.46855466576062144,0.04109102028929819,0.004018618175369772,0.017890970779073572,3to4
3335,3336,OADMET-0001773,5.81,train,5to6,4,0.0002789671104815009,0.0020754982098849417,0.13660977680229483,0.5347652395926531,0.3262705182846856,5to6
3336,3337,OADMET-0001772,2.82,train,lt3,4,0.25074509314425775,0.5924747006875989,0.13247600392440295,0.008972737992054327,0.015331464251686125,3to4
3337,3338,OADMET-0001771,3.87,train,3to4,0,0.6180371824143696,0.35784141283178206,0.01110062874020765,0.0016681835313851984,0.011352592482255527,lt3
3338,3339,OADMET-0001770,1.94,train,lt3,4,0.4322577463695745,0.505027061208095,0.03339413589630912,0.001626333588646844,0.02769472293737452,3to4
3339,3340,OADMET-0001769,3.52,train,3to4,0,0.3261669077326926,0.5856908138302211,0.07140036885143426,0.005447306832590903,0.011294602753061139,3to4
3340,3341,OADMET-0001768,4.19,train,4to5,0,0.2078802920472883,0.5538335341662348,0.1863242852381723,0.021762535059082662,0.030199353489221946,3to4
3341,3342,OADMET-0001767,5.25,train,5to6,4,0.16314051559148682,0.363212783240891,0.2995916217687243,0.07080331233729982,0.1032517670615981,3to4
3342,3343,OADMET-0001766,4.28,train,4to5,2,0.3212011852110928,0.5751891969352251,0.07827323186741533,0.008223040447622808,0.01711334553864398,3to4
3343,3344,OADMET-0001765,3.9,train,3to4,4,0.11627621775453958,0.4672166933534042,0.3569824940415845,0.047387848833384386,0.012136746017087311,3to4
3344,3345,OADMET-0001764,3.76,train,3to4,0,0.5254575693353812,0.40487352654603304,0.030055001853904716,0.00561696579259673,0.0339969364720843,lt3
3345,3346,OADMET-0001763,1.88,train,lt3,4,0.5057039177266466,0.3866529698827395,0.025663516991280555,0.0020255760420542445,0.07995401935727908,lt3
3346,3347,OADMET-0001762,4.26,train,4to5,2,0.1630485022905138,0.5631636260517282,0.2321847329472668,0.026251019347670074,0.015352119362821109,3to4
3347,3348,OADMET-0001761,4.1,train,4to5,0,0.42677785158467996,0.5137021089075723,0.04176598904000565,0.003959398827312482,0.013794651640429673,3to4
3348,3349,OADMET-0001760,3.47,train,3to4,4,0.18350590765476227,0.5657972097396851,0.21493299305438995,0.018805069848895073,0.016958819702267647,3to4
3349,3350,OADMET-0001759,3.4,train,3to4,0,0.6536371792615177,0.3060999571230296,0.011207813451572946,0.0024228941616387016,0.02663215600224109,lt3
3350,3351,OADMET-0001758,1.71,train,lt3,0,0.6570069833706317,0.29921058285631696,0.012016607369763017,0.003238665831936904,0.028527160571351424,lt3
3351,3352,OADMET-0001757,3.25,train,3to4,0,0.36462214368391416,0.5388371315762015,0.07367084875808981,0.0067895785494407074,0.01608029743235378,3to4
3352,3353,OADMET-0001756,2.94,train,lt3,4,0.5808365790597001,0.39636765883865255,0.008513639460517468,0.0003082117102368379,0.013973910930893013,lt3
3353,3354,OADMET-0001755,6.37,train,gte6,2,0.0018876788377588424,0.012438536427593338,0.23785502837591643,0.5358788287490882,0.21193992760964317,5to6
3354,3355,OADMET-0001754,3.04,train,3to4,0,0.418342433917796,0.516745140945392,0.0472689709643736,0.003925797460051112,0.013717656712387243,3to4
3355,3356,OADMET-0001753,4.63,train,4to5,2,0.2513227969871217,0.5680298008163157,0.14817034673832993,0.016715999101094933,0.015761056357137728,3to4
3356,3357,OADMET-0001752,3.33,train,3to4,0,0.3646148236081896,0.5732599767215004,0.04660644862522058,0.0037996198686055726,0.011719131176483816,3to4
3357,3358,OADMET-0001751,4.62,train,4to5,4,0.0030256004658143986,0.01582780672914179,0.33150696885670033,0.4855538625862486,0.16408576136209488,5to6
3358,3359,OADMET-0001750,3.27,train,3to4,4,0.3772467015908587,0.5340408422497631,0.05116478302853448,0.0027972466208172468,0.03475042651002648,3to4
3359,3360,OADMET-0001749,1.65,train,lt3,4,0.6853437968291488,0.294329313213909,0.004556174355806638,0.0001710514175900239,0.015599664183545586,lt3
3360,3361,OADMET-0001748,4.89,train,4to5,0,0.02594662056177906,0.11702931541544219,0.4181382013320379,0.3184006774604245,0.12048518523031639,4to5
3361,3362,OADMET-0001747,3.91,train,3to4,0,0.6156819287889648,0.21395158159963484,0.0133169913607014,0.007711018682284215,0.14933847956841473,lt3
3362,3363,OADMET-0001746,2.6,train,lt3,2,0.5061767044718187,0.449574823123498,0.024514607811183396,0.002561686531882511,0.017172178061617412,lt3
3363,3364,OADMET-0001745,3.87,train,3to4,0,0.44051922583735853,0.4880584878972592,0.043498857067478025,0.004778948421129229,0.023144480776775,3to4
3364,3365,OADMET-0001744,2.14,train,lt3,2,0.6480901927896275,0.30933401556059364,0.00871211315538783,0.0018211776367168622,0.0320425008576741,lt3
3365,3366,OADMET-0001743,4.11,train,4to5,4,0.19673960704719176,0.5993537690719187,0.18073170737567834,0.013485930382772019,0.009688986122439175,3to4
3366,3367,OADMET-0001742,2.94,train,lt3,4,0.34837481201061843,0.5931019156593266,0.04847915073238748,0.0017419368870736538,0.00830218471059388,3to4
3367,3368,OADMET-0001741,2.45,train,lt3,4,0.5518458818573402,0.4209259845817938,0.013054441038310341,0.0004683985966479842,0.013705293925907712,lt3
3368,3369,OADMET-0001740,2.82,train,lt3,4,0.37782293549323853,0.5527489184046284,0.04445394127525996,0.0022553747980260815,0.022718830028847132,3to4
3369,3370,OADMET-0001739,3.59,train,3to4,4,0.2587569702185126,0.600202452395157,0.12086180077608304,0.007514394028380402,0.012664382581866954,3to4
3370,3371,OADMET-0001738,5.09,train,5to6,4,0.08563744212957142,0.3676389428404052,0.43342989360220807,0.07953490257609708,0.033758818851718164,4to5
3371,3372,OADMET-0001737,3.99,train,3to4,2,0.12786746598240464,0.5209242327966114,0.2969665016360389,0.03941075593733396,0.014831043647611177,3to4
3372,3373,OADMET-0001736,3.05,train,3to4,0,0.7905843318995569,0.18329332802345,0.004290790188082517,0.0013299885845756915,0.020501561304334875,lt3
3373,3374,OADMET-0001735,4.27,train,4to5,4,0.04193206162700103,0.1903395815964012,0.542751912346124,0.17034874983391723,0.05462769459655653,4to5
3374,3375,OADMET-0001734,4.53,train,4to5,0,0.06356038341794532,0.34043741226092283,0.4936320945607341,0.0804045875016309,0.021965522258766843,4to5
3375,3376,OADMET-0001733,3.44,train,3to4,0,0.4089734369560967,0.5053199897445557,0.05748671778654138,0.0069913325467336656,0.021228522966072555,3to4
3376,3377,OADMET-0001732,4.38,train,4to5,2,0.31279983009547596,0.4820943304155166,0.12551289352635858,0.019488287399937472,0.06010465856271142,3to4
3377,3378,OADMET-0001731,2.75,train,lt3,4,0.7194331010225282,0.27103798533771756,0.0024710340867124315,6.822520399523995e-05,0.006989654349046515,lt3
3378,3379,OADMET-0001730,3.26,train,3to4,4,0.180211807222707,0.4840865894010312,0.2753151578274977,0.034061963649598036,0.026324481899166054,3to4
3379,3380,OADMET-0001729,3.67,train,3to4,0,0.37207147340449886,0.5239657740147197,0.0735004392508401,0.00794089023790922,0.022521423092032138,3to4
3380,3381,OADMET-0001727,2.54,train,lt3,4,0.5726112433610095,0.4099198501042755,0.00869787437802568,0.00024199446327943073,0.00852903769340981,lt3
3381,3382,OADMET-0001726,3.35,train,3to4,4,0.2589830140845253,0.5532964426778522,0.14618651459972176,0.012253297401567567,0.029280731236333166,3to4
3382,3383,OADMET-0001725,2.55,train,lt3,4,0.36158014892865314,0.550832667005818,0.06796654044782932,0.0039019103480212487,0.015718733269678275,3to4
3383,3384,OADMET-0001724,4.6,train,4to5,4,0.014431145960063538,0.05788493523571181,0.46695226387404626,0.3365496989930517,0.12418195593712669,4to5
3384,3385,OADMET-0001723,4.07,train,4to5,4,0.02244407269276543,0.08091429470266598,0.4830018489993764,0.2920151298490329,0.12162465375615929,4to5
3385,3386,OADMET-0001722,3.87,train,3to4,0,0.520573106950045,0.4021072138658448,0.028294563403736366,0.005410011988351311,0.04361510379202254,lt3
3386,3387,OADMET-0001721,3.91,train,3to4,4,0.1627332470686458,0.4929143346465075,0.27833590792810625,0.03670626622439646,0.029310244132343958,3to4
3387,3388,OADMET-0001720,3.44,train,3to4,2,0.2627498436535285,0.608341677447866,0.10845531975365777,0.009283859031990253,0.01116930011295741,3to4
3388,3389,OADMET-0001719,1.67,train,lt3,2,0.8362910182635896,0.14349676722100663,0.0009821621970540367,0.000512075961612448,0.018717976356737227,lt3
3389,3390,OADMET-0001718,4.08,train,4to5,2,0.35740341787599267,0.5747352089919583,0.052035129179245625,0.004062801957326144,0.011763441995477214,3to4
3390,3391,OADMET-0001717,3.36,train,3to4,0,0.878748873482426,0.10422113297556243,0.0013755213850697929,0.0006668547713154409,0.014987617385626277,lt3
3391,3392,OADMET-0001716,4.04,train,4to5,4,0.14688397342069556,0.48211605361373505,0.2970608053070722,0.03672851099068813,0.0372106566678091,3to4
3392,3393,OADMET-0001715,3.41,train,3to4,0,0.5748542693557603,0.3866849537179469,0.018098770156226407,0.0028046013455963574,0.01755740542447003,lt3
3393,3394,OADMET-0001714,1.72,train,lt3,0,0.20114653852999498,0.47092126747396734,0.24189344997942186,0.042212351213119524,0.04382639280349628,3to4
3394,3395,OADMET-0001713,3.49,train,3to4,0,0.5216292300754692,0.4233459064352717,0.02311125840164339,0.004085136235474541,0.027828468852141162,lt3
3395,3396,OADMET-0001712,2.66,train,lt3,4,0.3219208806999948,0.6185520487005195,0.05100434688404006,0.0018037374826522963,0.006718986232793384,3to4
3396,3397,OADMET-0001711,1.62,train,lt3,4,0.18555101998180762,0.5693341111838296,0.20776607193131263,0.018699268487889942,0.01864952841516021,3to4
3397,3398,OADMET-0001710,4.45,train,4to5,0,0.3451382864053122,0.6006454909310512,0.04422020601416295,0.003036831548020684,0.006959185101453007,3to4
3398,3399,OADMET-0001709,4.56,train,4to5,4,0.021603526668270267,0.07681521071204102,0.4205472790852968,0.2753560260423796,0.2056779574920123,4to5
3399,3400,OADMET-0001708,2.43,train,lt3,4,0.4810710000351495,0.4265719991913121,0.030482702255312702,0.002282360125300271,0.059591938392925405,lt3
3400,3401,OADMET-0001707,2.81,train,lt3,2,0.6584660369487053,0.3245973268607334,0.005327434245534072,0.0008882626369634897,0.010720939308063742,lt3
3401,3402,OADMET-0001695,4.44,train,4to5,4,0.06196240312620102,0.25285157467107633,0.5156632642609504,0.13294014285154587,0.036582615090226325,4to5
3402,3403,OADMET-0001694,3.67,train,3to4,3,0.05719591613267456,0.2943133380899578,0.5087009015452016,0.1160320626642697,0.023757781567896364,4to5
3403,3404,OADMET-0001693,4.52,train,4to5,1,0.14456122108195346,0.4497556241147243,0.3299560955524626,0.051446592297477015,0.02428046695338265,3to4
3404,3405,OADMET-0001692,1.89,train,lt3,1,0.7068227172408883,0.28343181370182347,0.003872314738041652,0.0008410464081663939,0.005032107911080258,lt3
3405,3406,OADMET-0001691,3.47,train,3to4,3,0.27790927214022626,0.5663680893130877,0.12846089588479764,0.011709995284248258,0.015551747377640165,3to4
3406,3407,OADMET-0001690,3.91,train,3to4,3,0.42220939573777355,0.49150307089870243,0.05430060417733642,0.007273441834178646,0.02471348735200895,3to4
3407,3408,OADMET-0001689,3.28,train,3to4,3,0.4082442663164928,0.509810979369253,0.05148419919090812,0.005424684962771007,0.025035870160575027,3to4
3408,3409,OADMET-0001688,3.48,train,3to4,1,0.5120660204905221,0.450155866383128,0.028084042309259274,0.003063612234634119,0.006630458582456502,lt3
3409,3410,OADMET-0001687,4.18,train,4to5,3,0.2769935623931303,0.6323433878889908,0.07845357513228152,0.0047743318686510675,0.007435142716946352,3to4
3410,3411,OADMET-0001686,4.5,train,4to5,3,0.17219297395430908,0.49848749676547016,0.27003884013698803,0.03695345628686112,0.022327232856371632,3to4
3411,3412,OADMET-0001685,2.27,train,lt3,3,0.35085685930295546,0.42822386458552314,0.07759669922451697,0.01841719576512961,0.12490538112187483,3to4
3412,3413,OADMET-0001684,3.91,train,3to4,1,0.148890863946691,0.3724442027244366,0.37381794073907443,0.07137829624247523,0.03346869634732278,4to5
3413,3414,OADMET-0001683,4.58,train,4to5,1,0.23647681054828174,0.3997516661863898,0.26476785737848174,0.06109571502429034,0.03790795086255633,3to4
3414,3415,OADMET-0001682,4.63,train,4to5,3,0.29629406691698623,0.5923199129292358,0.08846144485287255,0.007610024976479192,0.015314550324426177,3to4
3415,3416,OADMET-0001681,4.09,train,4to5,0,0.04096147243864515,0.15496239816587856,0.4043781059120423,0.26610822774248927,0.13358979574094468,4to5
3416,3417,OADMET-0001680,4.31,train,4to5,3,0.060825244371860564,0.266510324684403,0.49489018904577026,0.14411404030962838,0.03366020158833779,4to5
3417,3418,OADMET-0001679,5.43,train,5to6,2,0.0002043880554957447,0.0019256539045599454,0.1512092715487704,0.5990639594347217,0.24759672705645228,5to6
3418,3419,OADMET-0001678,2.37,train,lt3,3,0.43947196385368303,0.5219661042356738,0.02598261483045219,0.0021850483214591603,0.010394268758731881,3to4
3419,3420,OADMET-0001677,2.97,train,lt3,0,0.4716869734740932,0.4934336379944401,0.021180774316268518,0.002073822940121671,0.011624791275076485,3to4
3420,3421,OADMET-0001676,3.94,train,3to4,3,0.07483345569172765,0.23691067177589703,0.4406229590998316,0.17017004369675853,0.07746286973578514,4to5
3421,3422,OADMET-0001675,3.46,train,3to4,1,0.37696505642209377,0.5669872470346292,0.04564694081378938,0.00464108376273922,0.005759671966748351,3to4
3422,3423,OADMET-0001674,3.81,train,3to4,4,0.10011350922920793,0.4138449363696353,0.4029903935076889,0.06277070545241453,0.02028045544105333,3to4
3423,3424,OADMET-0001673,2.73,train,lt3,2,0.31028263456783517,0.5198768062077973,0.1157037454758,0.013853660601668353,0.040283153146899196,3to4
3424,3425,OADMET-0001672,3.35,train,3to4,4,0.09540027308910881,0.3457536075580596,0.43315338765715516,0.08826833152571073,0.03742440016996562,4to5
3425,3426,OADMET-0001671,3.66,train,3to4,4,0.33807758308472713,0.6005635472351551,0.050829079467008965,0.0019391390880959065,0.008590651125012807,3to4
3426,3427,OADMET-0001670,4.5,train,4to5,2,0.10071960691926521,0.37201543879600996,0.40791111635632016,0.08814685572069024,0.03120698220771445,4to5
3427,3428,OADMET-0001669,3.72,train,3to4,4,0.09459127948906185,0.3533135249223255,0.43645574341846277,0.08201562368823219,0.03362382848191772,4to5
3428,3429,OADMET-0001668,3.49,train,3to4,0,0.1644366082466457,0.5186635842199184,0.2606700057896413,0.033350091365445235,0.022879710378349367,3to4
3429,3430,OADMET-0001667,4.56,train,4to5,0,0.13264195966904505,0.4584785521378736,0.3269390549085043,0.051312682625609556,0.03062775065896755,3to4
3430,3431,OADMET-0001666,1.76,train,lt3,4,0.5506698063522634,0.43069201358832687,0.010155346390890189,0.0003010751446809275,0.008181758523838635,lt3
3431,3432,OADMET-0001665,2.36,train,lt3,2,0.8200171634718784,0.16234943359513107,0.001312888933078593,0.0004955645444909499,0.015824949455421025,lt3
3432,3433,OADMET-0001664,3.43,train,3to4,4,0.20567702044281672,0.5793256840574418,0.18266193823882293,0.014537812413710343,0.017797544847208236,3to4
3433,3434,OADMET-0001663,1.89,train,lt3,4,0.32634733093854906,0.5859577890302021,0.06618196108885582,0.003153394945978732,0.018359523996414183,3to4
3434,3435,OADMET-0001662,3.14,train,3to4,4,0.4059171045464977,0.5526320480735049,0.03388955911014471,0.0010988926777244386,0.006462395592128288,3to4
3435,3436,OADMET-0001661,4.26,train,4to5,0,0.19754031521313245,0.49372801736438293,0.23656833436230199,0.03507619017820273,0.0370871428819799,3to4
3436,3437,OADMET-0001660,3.33,train,3to4,0,0.10570249608063609,0.4926927937875242,0.34325128474038763,0.04202891847091803,0.01632450692053412,3to4
3437,3438,OADMET-0001659,1.7,train,lt3,0,0.7286717599034592,0.24729523559603184,0.006034819166873044,0.0013587913163026091,0.01663939401733329,lt3
3438,3439,OADMET-0001658,2.2,train,lt3,0,0.8736920261161195,0.10064073600390687,0.0015252287223521234,0.0008604162622844966,0.023281592895337013,lt3
3439,3440,OADMET-0001657,1.66,train,lt3,4,0.41344827115142335,0.515321131801476,0.040501050358747,0.0023437065368856064,0.02838584015146805,3to4
3440,3441,OADMET-0001656,2.5,train,lt3,4,0.451462138528065,0.4820076724973893,0.034132575168180836,0.001912064463912387,0.030485549342452498,3to4
3441,3442,OADMET-0001655,4.11,train,4to5,2,0.14863547641233874,0.5500031694304109,0.257806210989674,0.03061783305196697,0.012937310115609384,3to4
3442,3443,OADMET-0001654,3.66,train,3to4,0,0.22447843013411647,0.5462340509059261,0.18615283868637536,0.019891779128768328,0.023242901144813703,3to4
3443,3444,OADMET-0001653,1.88,train,lt3,0,0.1282981586345226,0.43111793580957,0.3445817103765268,0.05866154064753873,0.037340654531841926,3to4
3444,3445,OADMET-0001652,3.09,train,3to4,4,0.1581319032198023,0.562368122053497,0.24832522925346698,0.021141501785467275,0.010033243687766502,3to4
3445,3446,OADMET-0001651,4.37,train,4to5,4,0.01698575339293337,0.08121878578123837,0.515536243882624,0.28043079115049174,0.10582842579271248,4to5
3446,3447,OADMET-0001650,2.86,train,lt3,4,0.3584915374511047,0.5719770153147843,0.05097007343333629,0.0022649816079182905,0.016296392192856463,3to4
3447,3448,OADMET-0001649,3.95,train,3to4,0,0.29512117577304514,0.521764956415806,0.1312362905935099,0.016811000903422052,0.03506657631421695,3to4
3448,3449,OADMET-0001648,2.64,train,lt3,4,0.2402163998609312,0.5635228301743387,0.15492466341376207,0.012878936615224417,0.028457169935743685,3to4
3449,3450,OADMET-0001647,3.33,train,3to4,4,0.3859673680965995,0.5630492484115176,0.03965638518845461,0.0014635193874907584,0.009863478915937559,3to4
3450,3451,OADMET-0001646,4.22,train,4to5,4,0.0019205830322446195,0.01015165983937056,0.31316798214477526,0.5026000028002308,0.17215977218337875,5to6
3451,3452,OADMET-0001645,4.45,train,4to5,4,0.21999622087913706,0.586491007302603,0.1673453801216026,0.011737839690490207,0.014429552006167143,3to4
3452,3453,OADMET-0001644,2.51,train,lt3,4,0.39901386897180097,0.5433090817060027,0.04147849894445118,0.0016152172726343673,0.0145833331051108,3to4
3453,3454,OADMET-0001643,4.1,train,4to5,0,0.08525409628873781,0.41209561016499635,0.4180665949179474,0.06536664129576311,0.019217057332555364,4to5
3454,3455,OADMET-0001642,4.24,train,4to5,4,0.15281850554998236,0.4377131294522622,0.31793711536935315,0.04548929022220642,0.04604195940619586,3to4
3455,3456,OADMET-0001641,3.27,train,3to4,0,0.1551698239456928,0.4434452487734985,0.3009634203849949,0.04775255368081653,0.05266895321499731,3to4
3456,3457,OADMET-0001640,2.23,train,lt3,4,0.27691698914011,0.5969658032542452,0.10471707518071194,0.006506289783844676,0.014893842641088237,3to4
3457,3458,OADMET-0001639,2.58,train,lt3,0,0.19745328764957745,0.5107229881453125,0.23040511903756142,0.03265246706350284,0.028766138104045824,3to4
3458,3459,OADMET-0001638,2.28,train,lt3,4,0.4554840162991224,0.512163799518434,0.02343003554078157,0.0007633729564120445,0.008158775685249954,3to4
3459,3460,OADMET-0001637,3.62,train,3to4,2,0.3777233894923506,0.5697786116450885,0.03761580895904027,0.003808166767892426,0.011074023135628164,3to4
3460,3461,OADMET-0001636,3.15,train,3to4,4,0.5671643567890081,0.39365684660737915,0.011774434610737388,0.0005714668612258803,0.026832895131649503,lt3
3461,3462,OADMET-0001635,3.63,train,3to4,4,0.2667844394755036,0.6065058256308864,0.10653788547680636,0.0057355952832404316,0.01443625413356318,3to4
3462,3463,OADMET-0001634,4.83,train,4to5,4,0.5123422878475841,0.43684045644901515,0.019133996728538216,0.0010167093985744813,0.03066654957628807,lt3
3463,3464,OADMET-0001633,4.18,train,4to5,4,0.022230501224921134,0.11822344080115157,0.5695540531736522,0.24367360233728894,0.046318402462986207,4to5
3464,3465,OADMET-0001632,2.45,train,lt3,4,0.5857043264080376,0.3832473157386349,0.010288879271429165,0.0004235100057702037,0.02033596857612814,lt3
3465,3466,OADMET-0001631,4.35,train,4to5,0,0.16122845374404998,0.5155532062386173,0.2635395970759401,0.03348214731002866,0.026196595631363867,3to4
3466,3467,OADMET-0001630,5.82,train,5to6,4,0.00035417759016824035,0.0023392395292729743,0.11220717738066359,0.46975929834248437,0.4153401071574109,5to6
3467,3468,OADMET-0001629,3.27,train,3to4,4,0.17749791508532745,0.5499764885744635,0.23310244951778836,0.021073882321785475,0.018349264500635284,3to4
3468,3469,OADMET-0001628,3.48,train,3to4,4,0.20083518282651436,0.5836949498737363,0.18775939997632912,0.014927346982022326,0.012783120341397945,3to4
3469,3470,OADMET-0001627,4.67,train,4to5,4,0.02095407700955853,0.06685368380500104,0.34163148473193855,0.3004637507488555,0.2700970037046464,4to5
3470,3471,OADMET-0001626,2.86,train,lt3,2,0.6533253664975014,0.31925230612534494,0.006886219475132673,0.0012400693723313384,0.019296038529689623,lt3
3471,3472,OADMET-0001625,2.97,train,lt3,4,0.42574867075831774,0.537930005048575,0.02539671367064021,0.0008828801691452765,0.010041730353321747,3to4
3472,3473,OADMET-0001624,4.33,train,4to5,3,0.010731564694790257,0.07628851284455584,0.5763720794867639,0.28912174324718826,0.047486099726701717,4to5
3473,3474,OADMET-0001623,4.87,train,4to5,4,0.06971720554145272,0.25615563797834784,0.47762041928156895,0.13049402735759297,0.06601270984103746,4to5
3474,3475,OADMET-0001622,4.2,train,4to5,4,0.06357241753493936,0.22350354168210024,0.44465821320271115,0.13948851061179918,0.1287773169684501,4to5
3475,3476,OADMET-0001621,4.65,train,4to5,4,0.12468328886206018,0.36078389941477923,0.35704409544104193,0.06889682905529694,0.08859188722682167,3to4
3476,3477,OADMET-0001620,3.85,train,3to4,0,0.4210234458868627,0.5121616103830505,0.045430754753207736,0.0045089126036725645,0.016875276373206453,3to4
3477,3478,OADMET-0001619,5.05,train,5to6,4,0.015581048212443757,0.0842658013860836,0.5303982219637368,0.26389275605045787,0.10586217238727803,4to5
3478,3479,OADMET-0001618,4.88,train,4to5,0,0.03952986570314173,0.19050950450407694,0.5267768862794241,0.18349083437811578,0.0596929091352414,4to5
3479,3480,OADMET-0001617,3.92,train,3to4,0,0.4612270039477975,0.4850813194453184,0.031980704806569844,0.0036907254587715244,0.018020246341542714,3to4
3480,3481,OADMET-0001616,4.34,train,4to5,0,0.32878927202519187,0.5375920774703496,0.09664797143823842,0.01212052641384548,0.02485015265237462,3to4
3481,3482,OADMET-0001615,2.79,train,lt3,4,0.40847167310885485,0.5389031759689398,0.03515557194396127,0.0014310419770652025,0.01603853700117895,3to4
3482,3483,OADMET-0001614,3.88,train,3to4,4,0.005406857553791794,0.026343031272135237,0.4214936561560185,0.42065591286043685,0.1261005421576176,4to5
3483,3484,OADMET-0001613,4.08,train,4to5,2,0.09091337533148516,0.28351380681769306,0.44530947835308926,0.12712467875379044,0.053138660743942016,4to5
3484,3485,OADMET-0001612,3.53,train,3to4,4,0.24560174692414016,0.6148056101610134,0.12336518786078375,0.007232146932177854,0.008995308121884794,3to4
3485,3486,OADMET-0001611,4.25,train,4to5,2,0.3003834586719093,0.5475790684231059,0.1074417567512982,0.014526837061127772,0.03006887909255889,3to4
3486,3487,OADMET-0001610,5.01,train,5to6,2,0.0406473136956011,0.16452263559977445,0.5470527598967582,0.2094142877001846,0.03836300310768164,4to5
3487,3488,OADMET-0001609,4.31,train,4to5,0,0.024706995320596115,0.12058284070159818,0.5420574778428875,0.24440730959426027,0.06824537654065796,4to5
3488,3489,OADMET-0001608,3.98,train,3to4,0,0.34985544951767245,0.5649393148260254,0.06739194628417541,0.005618698842649359,0.012194590529477313,3to4
3489,3490,OADMET-0001607,2.28,train,lt3,4,0.6276898413002184,0.3362817503052027,0.007604040031246286,0.0004176331110276187,0.028006735252304973,lt3
3490,3491,OADMET-0001606,3.99,train,3to4,3,0.25323506060890133,0.6329526767942916,0.1020287796941206,0.005700321353483225,0.006083161549203267,3to4
3491,3492,OADMET-0001605,4.21,train,4to5,0,0.296226772444572,0.5621435098549677,0.10401206560444148,0.010225927552449774,0.027391724543568908,3to4
3492,3493,OADMET-0001604,2.68,train,lt3,0,0.6515917808357243,0.31561374811275744,0.011677379774290043,0.0022571273253165526,0.01885996395191161,lt3
3493,3494,OADMET-0001602,1.77,train,lt3,4,0.6747294186454309,0.30471006569228787,0.004521018438954855,0.00018072194095887964,0.01585877528236752,lt3
3494,3495,OADMET-0001601,3.52,train,3to4,2,0.18693937291600043,0.43551352457883385,0.26870274443662634,0.05621299499193953,0.052631363076599824,3to4
3495,3496,OADMET-0001600,1.96,train,lt3,4,0.26005643872601986,0.6023373665527544,0.11688403904971148,0.0063951845004661285,0.014326971171048175,3to4
3496,3497,OADMET-0001599,4.29,train,4to5,0,0.08758155387016466,0.3219142008112997,0.4375415211549628,0.1045380846342159,0.04842463952935695,4to5
3497,3498,OADMET-0001598,3.71,train,3to4,4,0.2189557809577178,0.5557783142518566,0.18913541381926435,0.016293530980245566,0.019836959990915656,3to4
3498,3499,OADMET-0001597,4.5,train,4to5,4,0.025206121388993825,0.10854974692360722,0.49512208891442294,0.25195360887666074,0.1191684338963153,4to5
3499,3500,OADMET-0001596,2.23,train,lt3,4,0.6887616683241986,0.29493287925437384,0.0035095250624795665,0.0001222277526536482,0.01267369960629431,lt3
3500,3501,OADMET-0001595,1.8,train,lt3,4,0.529108877022668,0.41682335346170374,0.015049455547244702,0.0007545389164747772,0.0382637750519088,lt3
3501,3502,OADMET-0001594,1.7,train,lt3,4,0.6281240192810079,0.3486715669758327,0.007464532520024141,0.0002863167122487086,0.015453564510886626,lt3
3502,3503,OADMET-0001593,4.84,train,4to5,4,0.3092154772662818,0.5819927884724176,0.08701484403204848,0.004510194400734334,0.01726669582851769,3to4
3503,3504,OADMET-0001592,2.44,train,lt3,4,0.665767537960988,0.31519069675543593,0.004336071584870392,0.00015179502667208173,0.014553898672033636,lt3
3504,3505,OADMET-0001591,3.5,train,3to4,2,0.18916075002089422,0.5346480031857193,0.2266820826630372,0.02892098772868882,0.020588176401660503,3to4
3505,3506,OADMET-0001590,2.88,train,lt3,4,0.4121674259414551,0.5450517482544185,0.028806460742962517,0.0010895313356966826,0.012884833725467185,3to4
3506,3507,OADMET-0001589,3.04,train,3to4,1,0.11418648744741007,0.4556056830647995,0.3613501108497447,0.04912070477728276,0.019737013860762945,3to4
3507,3508,OADMET-0001588,4.34,train,4to5,0,0.009312745794121554,0.06513773425473257,0.5812319912895713,0.307771612529131,0.03654591613244368,4to5
3508,3509,OADMET-0001587,5.09,train,5to6,4,0.006789501142172816,0.0379221989855434,0.48682325012949634,0.3701784827753954,0.09828656696739203,4to5
3509,3510,OADMET-0001586,2.57,train,lt3,4,0.6828535175118224,0.25202554375587816,0.004587287998436314,0.0003546297363089922,0.060179020997554136,lt3
3510,3511,OADMET-0001585,2.25,train,lt3,4,0.4977402724779889,0.47787303213443844,0.014167672213536368,0.000427742611830662,0.009791280562205613,lt3
3511,3512,OADMET-0001584,5.28,train,5to6,4,0.0009125785578840327,0.005569649481486184,0.19437724655104696,0.483176656154179,0.3159638692554038,5to6
3512,3513,OADMET-0001583,5.28,train,5to6,2,0.03985683694215188,0.194421637699411,0.5627456412230738,0.16174395683675924,0.04123192729860409,4to5
3513,3514,OADMET-0001582,3.01,train,3to4,4,0.23719300052575762,0.5766294765003416,0.15682764673027047,0.010993261933828746,0.018356614309801584,3to4
3514,3515,OADMET-0001581,5.01,train,5to6,4,0.003143702619039907,0.019064687103663165,0.4139912705216963,0.44847532897966297,0.11532501077593765,5to6
3515,3516,OADMET-0001580,5.26,train,5to6,0,0.03671749513880323,0.15646114329590333,0.5026299042234144,0.2388217433628669,0.06536971397901219,4to5
3516,3517,OADMET-0001579,2.77,train,lt3,4,0.40903539324350796,0.5523707580192512,0.028563049071836474,0.0009430634183652288,0.009087736247039109,3to4
3517,3518,OADMET-0001578,3.58,train,3to4,4,0.06983169523076926,0.2841955562571684,0.4838950363605263,0.11603438205824892,0.046043330093287115,4to5
3518,3519,OADMET-0001577,3.83,train,3to4,2,0.536765317244241,0.3870415545179123,0.022468966536667034,0.00421371807675635,0.04951044362442333,lt3
3519,3520,OADMET-0001576,2.7,train,lt3,4,0.409125231785417,0.5201015602240571,0.04103023563589884,0.002349611393967553,0.027393360960659578,3to4
3520,3521,OADMET-0001575,2.48,train,lt3,4,0.7151636794261109,0.2643885209816395,0.003643754725475259,0.0001617898169196516,0.016642255049854667,lt3
3521,3522,OADMET-0001574,4.01,train,4to5,0,0.30132759627680616,0.5377125920333464,0.11784809477863034,0.015044507143648581,0.02806720976756844,3to4
3522,3523,OADMET-0001573,2.61,train,lt3,0,0.6695645656295339,0.29086152999516485,0.009848961962366138,0.002787965885414873,0.0269369765275202,lt3
3523,3524,OADMET-0001572,2.37,train,lt3,2,0.5705287382788153,0.40734645197919384,0.00971430620664172,0.001308932767099289,0.011101570768249878,lt3
3524,3525,OADMET-0001571,4.35,train,4to5,0,0.33359783515038527,0.5237638295766284,0.09680247198638538,0.012000344559546435,0.03383551872705461,3to4
3525,3526,OADMET-0001570,4.63,train,4to5,2,0.18203546647542518,0.4100117767596063,0.2616053385195332,0.05502229642006699,0.09132512182536831,3to4
3526,3527,OADMET-0001569,4.28,train,4to5,4,0.10211511872529251,0.4101975032906561,0.40445143662404814,0.06464438248760894,0.01859155887239432,3to4
3527,3528,OADMET-0001568,2.55,train,lt3,2,0.6955552989578297,0.29074587148734116,0.003893085119790989,0.0006398478010735795,0.009165896633964587,lt3
3528,3529,OADMET-0001567,1.85,train,lt3,4,0.7144157197101548,0.24150991124223364,0.004082652686829939,0.00031079261274001666,0.03968092374804154,lt3
3529,3530,OADMET-0001566,4.66,train,4to5,0,0.04986186578370838,0.2806046626119928,0.5217253050740042,0.1193295226908015,0.028478643839493164,4to5
3530,3531,OADMET-0001565,3.07,train,3to4,4,0.16778551167089872,0.43978950708947706,0.3018316052990526,0.043820713041877096,0.046772662898694445,3to4
3531,3532,OADMET-0001564,2.92,train,lt3,4,0.4259791844789016,0.5191153731038574,0.031517333354115794,0.0014852244202324912,0.02190288464289277,3to4
3532,3533,OADMET-0001563,3.97,train,3to4,1,0.2464729983058153,0.584794816631848,0.14633989265961622,0.013997616181161179,0.008394676221559401,3to4
3533,3534,OADMET-0001562,4.52,train,4to5,4,0.1439695464381711,0.39325307627758155,0.3405594128203567,0.06091271904371026,0.0613052454201804,3to4
3534,3535,OADMET-0001561,3.95,train,3to4,0,0.2058247087288101,0.5284946112472921,0.20209919480884062,0.026077615825765278,0.03750386938929193,3to4
3535,3536,OADMET-0001558,3.69,train,3to4,0,0.47122143711663567,0.46780007097357734,0.038865960320006956,0.004596058648627885,0.017516472941152154,lt3
3536,3537,OADMET-0001557,4.81,train,4to5,4,0.12373997547641341,0.41651297546579635,0.3635790429319227,0.054917049890392644,0.04125095623547486,3to4
3537,3538,OADMET-0001556,3.58,train,3to4,4,0.1302905009897146,0.3939651328717284,0.3590853907678989,0.060527269140224764,0.05613170623043331,3to4
3538,3539,OADMET-0001555,3.25,train,3to4,4,0.5299533642513868,0.4436235555873896,0.013313120689124843,0.0004459118756805969,0.012664047596418166,lt3
3539,3540,OADMET-0001554,2.02,train,lt3,0,0.6669869436112673,0.30533894956935687,0.009117258730692952,0.0017990841333037743,0.016757763955379135,lt3
3540,3541,OADMET-0001553,2.96,train,lt3,4,0.5120676901280911,0.44744279022948474,0.02053421182512956,0.0008660093119015173,0.019089298505393128,lt3
3541,3542,OADMET-0001552,4.64,train,4to5,2,0.06266803060963635,0.1363758542993719,0.31985558867992503,0.2219800717391047,0.259120454671962,4to5
3542,3543,OADMET-0001551,4.07,train,4to5,1,0.3727412793826688,0.5369426570580621,0.07059983114758624,0.007790999898284209,0.011925232513398637,3to4
3543,3544,OADMET-0001550,5.04,train,5to6,3,0.1408808247098419,0.441510026620813,0.3146143590802069,0.05861408328951243,0.04438070629962578,3to4
3544,3545,OADMET-0001549,2.58,train,lt3,3,0.235795410651589,0.5313954066290207,0.17301229198024334,0.022762779779507566,0.03703411095963937,3to4
3545,3546,OADMET-0001548,4.7,train,4to5,2,0.1051560365891886,0.3609037522533954,0.41824270249472884,0.08853799420969961,0.02715951445298758,4to5
3546,3547,OADMET-0001547,3.25,train,3to4,3,0.16829563205988712,0.5660980090465123,0.23522135549167927,0.021639624057873678,0.00874537934404766,3to4
3547,3548,OADMET-0001545,1.69,train,lt3,3,0.47034719936808345,0.48586532835562024,0.02255425432737361,0.0025687013012819088,0.01866451664764074,3to4
3548,3549,OADMET-0001544,2.68,train,lt3,4,0.496332248047792,0.4784155094195777,0.018318421771893214,0.0005982965111142257,0.0063355242496228115,lt3
3549,3550,OADMET-0001543,4.2,train,4to5,1,0.33696867164117134,0.5358938876374258,0.10786150548250524,0.01038887201534263,0.008887063223555003,3to4
3550,3551,OADMET-0001542,1.68,train,lt3,2,0.4679769007859476,0.5037258618664685,0.01929143578228192,0.0017896143337687229,0.007216187231533247,3to4
3551,3552,OADMET-0001540,3.37,train,3to4,3,0.44567620256159973,0.4910908286524099,0.030741540371534894,0.003534598236516883,0.0289568301779386,3to4
3552,3553,OADMET-0001539,3.34,train,3to4,3,0.21608902272482564,0.5466222105925284,0.18567001612108183,0.020095687134984653,0.031523063426579574,3to4
3553,3554,OADMET-0001538,4.12,train,4to5,3,0.337343484398916,0.596847415387291,0.05448374528518208,0.0034272607905514963,0.007898094138059366,3to4
3554,3555,OADMET-0001537,3.49,train,3to4,1,0.2620559095577531,0.5072795285718573,0.1889689839268472,0.027913893819263583,0.013781684124278794,3to4
3555,3556,OADMET-0001536,4.82,train,4to5,1,0.0021057770509398605,0.01590507577137681,0.36833848876018394,0.4837153260874149,0.1299353323300845,5to6
3556,3557,OADMET-0001535,4.87,train,4to5,0,0.06565484355647233,0.28211757330508846,0.4667738641293804,0.14634515236060952,0.03910856664844925,4to5
3557,3558,OADMET-0001533,5.2,train,5to6,1,0.12362827921467603,0.45567985690117097,0.3577099687202279,0.048323779578152606,0.014658115585772461,3to4
3558,3559,OADMET-0001532,4.67,train,4to5,3,0.0558303494085395,0.2529167713170512,0.5245236510167061,0.13809432936393054,0.028634898893772676,4to5
3559,3560,OADMET-0001531,3.29,train,3to4,0,0.8151054120188498,0.1760217341796956,0.0016144074678909892,0.0003150120800102494,0.0069434342535534275,lt3
3560,3561,OADMET-0001530,3.87,train,3to4,3,0.4369268393960508,0.5284863086055999,0.023926665878316083,0.002130185941002733,0.008530000179030465,3to4
3561,3562,OADMET-0001529,5.1,train,5to6,4,0.028142300789122825,0.10580098412221144,0.489105751029843,0.27010401529978184,0.10684694875904091,4to5
3562,3563,OADMET-0001528,4.56,train,4to5,3,0.16654804706759058,0.585411806837598,0.22047558418035726,0.018246837582421356,0.00931772433203284,3to4
3563,3564,OADMET-0001527,3.79,train,3to4,0,0.11079252717630057,0.38419405341509827,0.3853130114323089,0.07678841942527181,0.04291198855102041,4to5
3564,3565,OADMET-0001526,3.53,train,3to4,3,0.0005643187259860667,0.005752577847102651,0.12814433727995483,0.5024117770681691,0.3631269890787874,5to6
3565,3566,OADMET-0001525,4.91,train,4to5,3,0.020918318105635575,0.1137070830627104,0.5563662409849026,0.2615958340154883,0.0474125238312631,4to5
3566,3567,OADMET-0001524,3.01,train,3to4,1,0.4467169406830837,0.5120331120495654,0.03128353177500234,0.004000675454745192,0.005965740037603398,3to4
3567,3568,OADMET-0001522,4.53,train,4to5,0,0.0022418856121886855,0.015504655370424602,0.34552273930208044,0.5151151686111567,0.12161555110414955,5to6
3568,3569,OADMET-0001520,4.55,train,4to5,4,0.12651081477486203,0.3381209398666094,0.37461701314610996,0.08628436987313903,0.07446686233927952,4to5
3569,3570,OADMET-0001519,3.81,train,3to4,4,0.19196536207366843,0.5287314397338453,0.23684884950878082,0.024966635463512462,0.01748771322019297,3to4
3570,3571,OADMET-0001518,3.66,train,3to4,3,0.5835529232252755,0.39674914595626404,0.01052594683502802,0.0010921380556840699,0.008079845927748323,lt3
3571,3572,OADMET-0001517,3.1,train,3to4,1,0.1915893751004763,0.5751622609940834,0.20466101573251383,0.020583999181829436,0.008003348991097052,3to4
3572,3573,OADMET-0001516,4.79,train,4to5,0,0.06124026001423791,0.27750462500381934,0.47088480346564054,0.15269920343681576,0.0376711080794864,4to5
3573,3574,OADMET-0001514,4.53,train,4to5,3,0.012005281131493253,0.07070397289313489,0.4918276163449113,0.3485709282702843,0.07689220136017626,4to5
3574,3575,OADMET-0001513,4.98,train,4to5,3,0.018983955436291635,0.10037028266048448,0.5463800741384884,0.2870341091659757,0.0472315785987597,4to5
3575,3576,OADMET-0001512,1.82,train,lt3,1,0.6500713070255035,0.3340937115531788,0.007277216584396609,0.0016622233263837525,0.0068955415105373,lt3
3576,3577,OADMET-0001511,3.62,train,3to4,3,0.08862842487352453,0.36535623125201117,0.45091124697161844,0.07391013839974793,0.021193958503097913,4to5
3577,3578,OADMET-0001510,1.67,train,lt3,1,0.8166082433439454,0.1776427015776917,0.001963894797905991,0.00042398128072793344,0.003361178999728954,lt3
3578,3579,OADMET-0001509,2.86,train,lt3,3,0.40453886829515845,0.5527259874954461,0.032381204240270654,0.0022739871038967496,0.008079952865227986,3to4
3579,3580,OADMET-0001508,4.58,train,4to5,3,0.01400299758467448,0.07165022274460893,0.45123988894268746,0.377696756769308,0.08541013395872117,4to5
3580,3581,OADMET-0001507,4.61,train,4to5,3,0.2028345435435393,0.5702739869017305,0.19028722956348615,0.020081294401268743,0.016522945589975333,3to4
3581,3582,OADMET-0001506,4.47,train,4to5,1,0.30888186170794246,0.5561842550263807,0.11474386327781713,0.011587450755618357,0.008602569232241293,3to4
3582,3583,OADMET-0001505,3.86,train,3to4,3,0.05055337611696237,0.2668162797840745,0.5375391670723151,0.12455493562401476,0.020536241402633295,4to5
3583,3584,OADMET-0001504,5.16,train,5to6,3,0.06572404930586874,0.27463831167557073,0.4955478666643714,0.12089671354123474,0.04319305881295441,4to5
3584,3585,OADMET-0001503,3.52,train,3to4,2,0.5353078712541567,0.4341763152847214,0.013395054872826277,0.0020191575842927237,0.015101601004002964,lt3
3585,3586,OADMET-0001502,4.57,train,4to5,3,0.07579703629016876,0.2565617561340332,0.4198479950428009,0.17557017505168915,0.07222303748130798,4to5
3586,3587,OADMET-0001501,3.91,train,3to4,3,0.0678130398364818,0.27050432965910925,0.491095162795412,0.1252525318451603,0.04533493586383664,4to5
3587,3588,OADMET-0001500,4.41,train,4to5,2,0.007355982098808203,0.03640834677364157,0.4433812575438556,0.43197173624437035,0.08088267733932429,4to5
3588,3589,OADMET-0001499,3.88,train,3to4,1,0.23862980640609754,0.5839459017243358,0.15466400231930602,0.014858109156953472,0.007902180393307116,3to4
3589,3590,OADMET-0001498,5.51,train,5to6,4,0.0007679069253575172,0.006268606294598168,0.25708939695890787,0.5513635078446976,0.1845105819764389,5to6
3590,3591,OADMET-0001497,4.95,train,4to5,2,0.010742951905725533,0.04761050548421162,0.3723038362167957,0.44715758283593765,0.12218512355732955,5to6
3591,3592,OADMET-0001496,1.85,train,lt3,1,0.6618743438688497,0.3211082469504243,0.007250056026677219,0.001990630028445518,0.007776723125603282,lt3
3592,3593,OADMET-0001495,5.09,train,5to6,4,0.009085868138335092,0.05518546862285192,0.5556170132194669,0.3432804811052049,0.036831168914141205,4to5
3593,3594,OADMET-0001494,2.26,train,lt3,4,0.2232385844687557,0.5498036670524149,0.19425916418467806,0.018442779538967728,0.01425580475518362,3to4
3594,3595,OADMET-0001493,2.33,train,lt3,2,0.7606280021018533,0.21524806607991087,0.0023281053736001977,0.0008424033405778925,0.02095342310405766,lt3
3595,3596,OADMET-0001492,4.19,train,4to5,4,0.07012484915461503,0.17950887844332397,0.4435017671920227,0.19236925101005098,0.11449525419998724,4to5
3596,3597,OADMET-0001491,5.18,train,5to6,1,0.0002536078383233387,0.003775855514569658,0.09378009260298946,0.4857981785904731,0.41639226545364444,5to6
3597,3598,OADMET-0001490,5.3,train,5to6,4,0.15634703111975162,0.401873873111364,0.34271471543449,0.058010065845807667,0.04105431448858667,3to4
3598,3599,OADMET-0001489,4.09,train,4to5,2,0.1535357916444831,0.5147382493962185,0.2729224181376745,0.03943451688142723,0.019369023940196642,3to4
3599,3600,OADMET-0001488,5.22,train,5to6,3,0.0001838237189344073,0.002340644323826677,0.11347363688754565,0.5757691162437011,0.3082327788259922,5to6
3600,3601,OADMET-0001487,3.76,train,3to4,4,0.00043908570637863313,0.0010249790982248077,0.020156050617278782,0.19563213174185534,0.7827477528362624,gte6
3601,3602,OADMET-0001486,5.08,train,5to6,3,0.14562642574310303,0.33043619990348816,0.2850566804409027,0.12364841997623444,0.11523227393627167,3to4
3602,3603,OADMET-0001485,5.78,train,5to6,1,0.002257615007222233,0.014532433257690549,0.10623865161513564,0.3541543644052514,0.5228169357147002,gte6
3603,3604,OADMET-0001484,2.44,train,lt3,3,0.2020703627887978,0.45788533769975087,0.2564991020970381,0.04739137934925484,0.03615381806515835,3to4
3604,3605,OADMET-0001482,5.67,train,5to6,3,0.026258374810931743,0.042703560371231575,0.07661162862076834,0.1793956262775906,0.6750308099194777,gte6
3605,3606,OADMET-0001481,4.41,train,4to5,4,0.016327316032688968,0.054972634026627804,0.37313014477377837,0.3824014089018185,0.17316849626508632,5to6
3606,3607,OADMET-0001480,4.83,train,4to5,2,0.03137954488140951,0.09436129525698025,0.35062612931715625,0.3578809090343592,0.16575212151009477,5to6
3607,3608,OADMET-0001479,4.61,train,4to5,0,0.13594205576224583,0.3719183476871375,0.32942017667427526,0.09799510167542769,0.06472431820091368,3to4
3608,3609,OADMET-0001478,5.04,train,5to6,4,0.004531104159831108,0.017592789769105516,0.21403348645226553,0.4467647415284509,0.31707787809034693,5to6
3609,3610,OADMET-0001477,5.33,train,5to6,0,0.023008148174399026,0.05033848973466684,0.1316888129391635,0.30890341327362675,0.48606113587814387,gte6
3610,3611,OADMET-0001476,4.38,train,4to5,4,0.0017833902140488621,0.011303878603797897,0.3009314594152183,0.5327161651608459,0.15326510660608908,5to6
3611,3612,OADMET-0001474,2.86,train,lt3,4,0.24715824977662226,0.44582209987540766,0.19978499859090892,0.03225805682520695,0.0749765949318542,3to4
3612,3613,OADMET-0001473,2.52,train,lt3,4,0.2983590242194039,0.44693578438351445,0.13520340067432296,0.018515351401012892,0.10098643932174581,3to4
3613,3614,OADMET-0001472,3.57,train,3to4,4,0.12924334984615518,0.2640739499363579,0.2978376283275021,0.1228131557768504,0.18603191611313444,4to5
3614,3615,OADMET-0001471,1.73,train,lt3,4,0.5590716234364005,0.4235221619790122,0.009188284544147324,0.00023892041172698377,0.007979009628712959,lt3
3615,3616,OADMET-0001470,6.43,train,gte6,4,0.0008446859674923754,0.003982100477455264,0.11667251868130812,0.42402262790085193,0.4544780669728923,gte6
3616,3617,OADMET-0001469,4.34,train,4to5,3,0.23827719067059333,0.48233650857077703,0.20585649668799536,0.03257330422098514,0.04095649984964915,3to4
3617,3618,OADMET-0001468,4.01,train,4to5,4,0.02637138095279774,0.07218940730851571,0.3173470871998223,0.29601595522501956,0.28807616931384467,4to5
3618,3619,OADMET-0001467,3.87,train,3to4,4,0.04821411520242691,0.10971590131521225,0.3085538148880005,0.2565343677997589,0.27698180079460144,4to5
3619,3620,OADMET-0001466,3.16,train,3to4,4,0.34367934477506906,0.2706343877520909,0.04415827695187857,0.009254590771940746,0.33227339974902065,lt3
3620,3621,OADMET-0001465,4.41,train,4to5,4,0.13034557810628497,0.25470765476272794,0.2871194076866132,0.11249019531569647,0.2153371641286774,4to5
3621,3622,OADMET-0001464,4.45,train,4to5,3,0.10961176955077567,0.34152164291914605,0.3874807569202611,0.11016751579565892,0.0512183148141582,4to5
3622,3623,OADMET-0001463,3.21,train,3to4,0,0.1107309866169389,0.34359345864038043,0.3998875141110275,0.1027230129457418,0.04306502768591129,4to5
3623,3624,OADMET-0001462,5.16,train,5to6,0,0.007358404485653144,0.042263710884010035,0.3907291420136861,0.44784093923072876,0.11180780338592197,5to6
3624,3625,OADMET-0001461,5.18,train,5to6,0,0.011514248882421562,0.06213877147542592,0.4389519846408447,0.39051451006158455,0.0968804849397233,4to5
3625,3626,OADMET-0001460,2.48,train,lt3,0,0.2045349956234544,0.38715184311795003,0.2500624693939458,0.06400812512648292,0.09424256673816692,3to4
3626,3627,OADMET-0001459,3.69,train,3to4,0,0.1920612077687931,0.4714479849266714,0.2529153720212389,0.04469783420981401,0.038877601073482586,3to4
3627,3628,OADMET-0001458,3.0,train,lt3,0,0.18382509103441444,0.48620511196410293,0.2611466269038584,0.042582265876609765,0.026240904221014473,3to4
3628,3629,OADMET-0001457,2.9,train,lt3,0,0.024571367615033105,0.11326148825092752,0.5045402852816252,0.29789979486501866,0.05972706398739555,4to5
3629,3630,OADMET-0001456,3.16,train,3to4,0,0.35188066402266616,0.5066571155440333,0.09187579754564114,0.011822280286831069,0.03776414260082839,3to4
3630,3631,OADMET-0001454,2.3,train,lt3,3,0.23239315916378148,0.5240435570997546,0.19544659445744048,0.023582475128122744,0.024534214150900686,3to4
3631,3632,OADMET-0001453,5.52,train,5to6,1,0.00010634464432663658,0.0020621452429071337,0.06227401537162096,0.5211763008277763,0.4143811939133689,5to6
3632,3633,OADMET-0001452,5.06,train,5to6,1,0.05481098235178242,0.1869034303395643,0.531194247650693,0.1752533589669087,0.051837980691051604,4to5
3633,3634,OADMET-0001451,5.04,train,5to6,0,0.07546749078433947,0.2963693484122954,0.46566895344360104,0.12201541098975258,0.04047879637001151,4to5
3634,3635,OADMET-0001450,3.66,train,3to4,0,0.0804964214470904,0.30105775033947546,0.4609178516842825,0.12108052296413997,0.03644745356501167,4to5
3635,3636,OADMET-0001449,5.2,train,5to6,2,0.04730001945234726,0.14562836965760012,0.46119985387475115,0.20113076635837,0.14474099065693147,4to5
3636,3637,OADMET-0001448,4.54,train,4to5,0,0.2139076441526413,0.5330800414085388,0.1932900846004486,0.030939945951104164,0.028782283887267113,3to4
3637,3638,OADMET-0001447,4.65,train,4to5,0,0.2280974124088498,0.33596435689873033,0.1742273446057341,0.09378580888786628,0.16792507719881947,3to4
3638,3639,OADMET-0001446,2.51,train,lt3,0,0.3436580985993396,0.5410383484783338,0.08485155028835256,0.009466512375569294,0.02098549025840473,3to4
3639,3640,OADMET-0001445,4.36,train,4to5,2,0.031879239259350885,0.13081051604167396,0.5267962295829688,0.2606442013478905,0.04986981376811585,4to5
3640,3641,OADMET-0001444,4.56,train,4to5,3,0.1870652155792747,0.4520241596234626,0.26696829098314967,0.048496384466322866,0.04544594934779019,3to4
3641,3642,OADMET-0001442,3.69,train,3to4,3,0.27548801308849424,0.5590333818851339,0.13196211770630561,0.012185123488066867,0.021331363831999368,3to4
3642,3643,OADMET-0001441,5.05,train,5to6,0,0.021525403685173056,0.11082887752753569,0.5107396888615534,0.30695694970858234,0.049949080217155446,4to5
3643,3644,OADMET-0001440,4.59,train,4to5,0,0.15312223827946433,0.4189941664564672,0.3188188505788747,0.07132156566343487,0.03774317902175894,3to4
3644,3645,OADMET-0001439,5.33,train,5to6,0,0.09882194769729558,0.22919413959668888,0.2909062569790987,0.20730631516813447,0.17377134055878238,4to5
3645,3646,OADMET-0001438,1.67,train,lt3,0,0.6333579766399097,0.30898241965868245,0.014041895422357549,0.003893687701335431,0.039724020577714896,lt3
3646,3647,OADMET-0001437,4.53,train,4to5,3,0.057243619540658736,0.22973364762763415,0.5051962174862341,0.15504540618542884,0.05278110916004411,4to5
3647,3648,OADMET-0001436,5.35,train,5to6,3,0.000931300424304814,0.008462248487159566,0.28701949338177085,0.5449723673030197,0.15861459040374506,5to6
3648,3649,OADMET-0001435,3.09,train,3to4,2,0.16751223053728503,0.32054291722731665,0.28158374362064553,0.0767751003753349,0.1535860082394179,3to4
3649,3650,OADMET-0001434,2.86,train,lt3,3,0.15584754943847656,0.37287408113479614,0.2921161353588104,0.07971310615539551,0.09944912791252136,3to4
3650,3651,OADMET-0001433,2.36,train,lt3,2,0.5186256177517944,0.4353772407891842,0.022761635514108886,0.0031006881079180468,0.020134817836994518,lt3
3651,3652,OADMET-0001432,4.61,train,4to5,0,0.07761607348030833,0.29094931591655804,0.4621976035170168,0.11941675886294528,0.04982024822317156,4to5
3652,3653,OADMET-0001431,3.64,train,3to4,4,0.02951368799484104,0.10788908257667283,0.46254228288465304,0.2556658482427093,0.14438909830112376,4to5
3653,3654,OADMET-0001430,4.92,train,4to5,0,0.12437383830547333,0.31003981828689575,0.349283367395401,0.10261142253875732,0.1136915534734726,4to5
3654,3655,OADMET-0001429,3.34,train,3to4,3,0.31480280610082184,0.4891412255509562,0.12615800618526674,0.020206958676074378,0.04969100348688082,3to4
3655,3656,OADMET-0001427,4.79,train,4to5,3,0.27933746212094607,0.5667871758946958,0.12537292972652148,0.012103449395440247,0.01639898286239639,3to4
3656,3657,OADMET-0001426,4.87,train,4to5,0,0.040926611465205216,0.2677743936186405,0.5589923660813738,0.11561663784698374,0.016689990987796655,4to5
3657,3658,OADMET-0001425,5.15,train,5to6,3,0.03391369766838442,0.16325586851772814,0.5673813756475444,0.1866340318325829,0.04881502633376018,4to5
3658,3659,OADMET-0001424,4.98,train,4to5,2,0.04581289957345986,0.2666089445371907,0.5515069776640729,0.12280884718418261,0.013262331041093993,4to5
3659,3660,OADMET-0001423,1.88,train,lt3,4,0.5954482538059579,0.34449812669627683,0.012395263613448292,0.0007879753806978249,0.04687038050361915,lt3
3660,3661,OADMET-0001422,4.77,train,4to5,0,0.10717129201824871,0.25569972967430343,0.3584337016590022,0.14884808992254936,0.1298471867258963,4to5
3661,3662,OADMET-0001420,5.19,train,5to6,3,0.2661382188537436,0.49534739752325496,0.16689820152414064,0.026418148782376045,0.04519803331648471,3to4
3662,3663,OADMET-0001419,3.61,train,3to4,3,0.3265753248497239,0.4155695558374752,0.10614693455141132,0.023939226659755758,0.12776895810163386,3to4
3663,3664,OADMET-0001418,4.24,train,4to5,2,0.10169078472839994,0.22050166141603178,0.32224325165011536,0.10983049133066519,0.24573381087478774,4to5
3664,3665,OADMET-0001417,3.38,train,3to4,3,0.4804882731618358,0.4704571385943727,0.029790131524004542,0.003273593017212575,0.01599086370257439,lt3
3665,3666,OADMET-0001416,4.71,train,4to5,0,0.05865112866911676,0.19977009891778524,0.45973287402787427,0.16293904670891304,0.11890685167631065,4to5
3666,3667,OADMET-0001415,3.83,train,3to4,3,0.19407345382698823,0.4422426867749409,0.26092707171838175,0.04956303179570909,0.05319375588398007,3to4
3667,3668,OADMET-0001414,4.86,train,4to5,0,0.03023842073663582,0.17568777388203718,0.5816717212984072,0.18822975228865096,0.024172331794268902,4to5
3668,3669,OADMET-0001413,3.4,train,3to4,3,0.10747633514073858,0.3363928384053128,0.42794980164040547,0.08956021515264385,0.03862080966089931,4to5
3669,3670,OADMET-0001412,4.11,train,4to5,3,0.06874913619832491,0.2683040757729996,0.5140889806436154,0.11731848690929284,0.03153932047576725,4to5
3670,3671,OADMET-0001410,4.8,train,4to5,4,0.10205631338269686,0.2788671060974563,0.42122350712208106,0.11975353657281163,0.07809953682495419,4to5
3671,3672,OADMET-0001409,4.1,train,4to5,1,0.030220410817253268,0.16127429421918707,0.5744920797797418,0.19109199371659774,0.04292122146722014,4to5
3672,3673,OADMET-0001408,5.27,train,5to6,1,0.02157180876872365,0.1074231923049237,0.556680233591063,0.2545028471110117,0.059821918224277994,4to5
3673,3674,OADMET-0001407,3.2,train,3to4,2,0.4348094590906966,0.47435729107098157,0.04748579999041064,0.007343203510447322,0.03600424633746385,3to4
3674,3675,OADMET-0001406,5.86,train,5to6,4,0.0002220133648980977,0.0013765659188810014,0.08573183565780178,0.4794466578538635,0.43322292720455563,5to6
3675,3676,OADMET-0001405,5.8,train,5to6,1,0.025615235265777282,0.11868086959144182,0.5551620608069325,0.2461472699276731,0.05439456440817526,4to5
3676,3677,OADMET-0001404,4.09,train,4to5,3,0.3709111487526651,0.5028061237934578,0.07575088690011184,0.010485458119401516,0.04004638243436378,3to4
3677,3678,OADMET-0001403,4.05,train,4to5,3,0.047831629702289345,0.16840953246603366,0.40190995623640946,0.24667650664794782,0.13517237494731973,4to5
3678,3679,OADMET-0001402,4.39,train,4to5,0,0.019555882202264136,0.07475348039726855,0.27520132884983206,0.37711499265179016,0.25337431589884507,5to6
3679,3680,OADMET-0001401,3.49,train,3to4,3,0.3553608112836005,0.42524481453366303,0.09720760728728187,0.018869847340432514,0.10331691955502212,3to4
3680,3681,OADMET-0001400,4.99,train,4to5,3,0.06176117699687755,0.2829835238095765,0.5097497920025982,0.12129770738975568,0.024207799801192052,4to5
3681,3682,OADMET-0001399,5.01,train,5to6,3,0.002260578417977322,0.011904054781439037,0.10279812316049088,0.4180225593484344,0.4650146842916584,gte6
3682,3683,OADMET-0001398,1.66,train,lt3,3,0.0912936983389091,0.3104546608318638,0.45157744639408876,0.10610449861540462,0.04056969581973374,4to5
3683,3684,OADMET-0001397,4.38,train,4to5,3,0.2723941528996746,0.49713150626960895,0.1654104722064631,0.024088879486919394,0.04097498913733398,3to4
3684,3685,OADMET-0001396,5.48,train,5to6,1,0.2391925549687619,0.35274939940684885,0.25149815712500756,0.08636344031177222,0.07019644818760944,3to4
3685,3686,OADMET-0001395,5.48,train,5to6,2,0.002348227066815843,0.014410021434431932,0.2932292355425823,0.5056939949525137,0.18431852100365634,5to6
3686,3687,OADMET-0001394,4.74,train,4to5,2,0.009179245338617066,0.050170222290969554,0.5374842681927879,0.34715657133025785,0.05600969284736764,4to5
3687,3688,OADMET-0001393,3.04,train,3to4,3,0.08699916303157806,0.2899318337440491,0.44679489731788635,0.1282074749469757,0.0480666309595108,4to5
3688,3689,OADMET-0001392,2.85,train,lt3,4,0.16392287367697247,0.35664250915285184,0.3314915548042721,0.0711216990482554,0.07682136331764812,3to4
3689,3690,OADMET-0001391,4.33,train,4to5,2,0.07775449123612778,0.21922314493690648,0.4618755349796345,0.1607333445658288,0.08041348428150243,4to5
3690,3691,OADMET-0001390,1.75,train,lt3,1,0.4498125587600513,0.5065308184929332,0.030712514944118363,0.004400791575755226,0.008543316227141863,3to4
3691,3692,OADMET-0001388,6.14,train,gte6,0,0.19480017882287104,0.2369425988880709,0.1639754735534905,0.11995415866477432,0.2843275900707933,gte6
3692,3693,OADMET-0001387,1.63,train,lt3,2,0.2872112213049957,0.4520596451038722,0.17661721238042913,0.03268014773533354,0.051431773475369466,3to4
3693,3694,OADMET-0001385,4.75,train,4to5,2,0.03756132660656748,0.16900300518016084,0.5503451784674058,0.20591773694958596,0.03717275279627987,4to5
3694,3695,OADMET-0001384,1.71,train,lt3,3,0.2957720458507538,0.3779663145542145,0.13390275835990906,0.035324931144714355,0.15703395009040833,3to4
3695,3696,OADMET-0001383,3.93,train,3to4,0,0.02012593724161968,0.10027072840144895,0.5011384617834137,0.31317985874510934,0.06528501382840833,4to5
3696,3697,OADMET-0001382,4.76,train,4to5,1,0.0018002083474764367,0.015799317464793145,0.21697723804886293,0.5222007021618987,0.24322253397696875,5to6
3697,3698,OADMET-0001381,4.44,train,4to5,3,0.42752496735911244,0.5096251767599538,0.0442728532130612,0.004599562202690326,0.013977440465182272,3to4
3698,3699,OADMET-0001380,2.42,train,lt3,3,0.6798125860906409,0.28057460984044225,0.008808397376240137,0.002123403287782031,0.028681003404894722,lt3
3699,3700,OADMET-0001379,4.88,train,4to5,3,0.23452235719508957,0.5414124374288408,0.18626320637909283,0.02002069968595265,0.017781299311024183,3to4
3700,3701,OADMET-0001377,3.19,train,3to4,4,0.1077838890745739,0.29509431465616986,0.3778586049802358,0.10398812407361352,0.11527506721540684,4to5
3701,3702,OADMET-0001376,3.92,train,3to4,4,0.19022012748972247,0.3602346369746511,0.2900323721038297,0.06467776337820548,0.09483510005359129,3to4
3702,3703,OADMET-0001375,3.39,train,3to4,0,0.2797925312342161,0.5692292136784162,0.11976401353952729,0.013564286491747186,0.017649955056093278,3to4
3703,3704,OADMET-0001374,5.25,train,5to6,2,0.0012006533107344602,0.009829123870517686,0.1531252474938668,0.5428787157658853,0.2929662595589957,5to6
3704,3705,OADMET-0001373,4.38,train,4to5,2,0.0018077982307152139,0.010238526369172144,0.11962724110780536,0.46542142478210186,0.4029050095102054,5to6
3705,3706,OADMET-0001372,3.41,train,3to4,3,0.08121930002257749,0.24080844044083027,0.4135543077174253,0.1554386604172091,0.10897929140195778,4to5
3706,3707,OADMET-0001371,5.14,train,5to6,2,0.00047359431591339384,0.004202589337744208,0.06588213804698666,0.4511647463492999,0.47827693195005583,gte6
3707,3708,OADMET-0001370,5.26,train,5to6,2,0.00035079691266923826,0.002676667909408973,0.03698103917758137,0.3624629718327273,0.5975285241676132,gte6
3708,3709,OADMET-0001369,4.26,train,4to5,2,0.03805695662371652,0.12566100942495048,0.4587226287894168,0.26110847519930386,0.11645092996261236,4to5
3709,3710,OADMET-0001368,5.6,train,5to6,3,0.0008690963820101909,0.007824082006781261,0.2856514482819098,0.5764951764320816,0.1291601968972172,5to6
3710,3711,OADMET-0001367,5.43,train,5to6,4,0.0037340876758309364,0.013167333225738254,0.16669737268325052,0.42558572885354223,0.39081547756163804,5to6
3711,3712,OADMET-0001366,5.2,train,5to6,3,0.0002588075294399045,0.001777885132314007,0.02662253193324817,0.2959465384224942,0.6753942369825037,gte6
3712,3713,OADMET-0001365,4.8,train,4to5,3,0.004591123944139617,0.023905360091630516,0.19592293294089935,0.48374561473279537,0.2918349682905352,5to6
3713,3714,OADMET-0001364,5.09,train,5to6,3,0.009163644473118664,0.054993029670332406,0.5131268748470937,0.3677872467334671,0.054929204275988124,4to5
3714,3715,OADMET-0001363,3.57,train,3to4,3,0.24486514355835637,0.5833794338773136,0.14855821084794096,0.011990072857819663,0.011207138858569348,3to4
3715,3716,OADMET-0001362,3.53,train,3to4,3,0.5705563109187223,0.4000578300529643,0.014738614783817989,0.0018495363320423254,0.01279770791245314,lt3
3716,3717,OADMET-0001361,3.55,train,3to4,3,0.6044916488062901,0.3762122080616198,0.009240045177787374,0.0010216617918697678,0.009034436162432893,lt3
3717,3718,OADMET-0001360,3.02,train,3to4,3,0.6632727140567525,0.25672050366135324,0.008826343017965043,0.0030598802297699553,0.06812055903415933,lt3
3718,3719,OADMET-0001359,4.38,train,4to5,1,0.013094841563584477,0.06166138156159493,0.50398344036184,0.2964399470781905,0.1248203894347902,4to5
3719,3720,OADMET-0001358,3.43,train,3to4,4,0.049669139087200165,0.15814270079135895,0.49448221921920776,0.22246986627578735,0.07523607462644577,4to5
3720,3721,OADMET-0001357,3.38,train,3to4,1,0.16863843547346538,0.559339216957402,0.2381898427279317,0.023048145353076675,0.010784359488124258,3to4
3721,3722,OADMET-0001356,3.94,train,3to4,1,0.1167207269456136,0.41945915828283187,0.3965370599664227,0.05186846407314114,0.015414590731990653,3to4
3722,3723,OADMET-0001355,3.78,train,3to4,2,0.31297770259148516,0.3097903740025698,0.12023139044728648,0.041492995029289256,0.21550753792936927,lt3
3723,3724,OADMET-0001354,3.62,train,3to4,0,0.343973978077354,0.5584495997040488,0.07594045639504395,0.007460586841442031,0.014175378982111218,3to4
3724,3725,OADMET-0001353,3.24,train,3to4,3,0.41862482760766423,0.5312404532515029,0.03831372767775431,0.0026455642797218815,0.009175427183356672,3to4
3725,3726,OADMET-0001352,2.61,train,lt3,4,0.12818471385183847,0.4665097284965609,0.3397360652895461,0.04534107352840794,0.02022841883364659,3to4
3726,3727,OADMET-0001351,4.55,train,4to5,1,0.03762074363719519,0.18971509242053594,0.5768563446551978,0.15534473145445346,0.04046308783261765,4to5
3727,3728,OADMET-0001350,3.7,train,3to4,0,0.10695703901346067,0.43415044998578595,0.3713217655554391,0.06462439340963569,0.022946352035678564,3to4
3728,3729,OADMET-0001349,3.36,train,3to4,3,0.46649506297106336,0.4358236455149829,0.04696210434412682,0.007847965629183044,0.042871221540643836,lt3
3729,3730,OADMET-0001347,4.64,train,4to5,0,0.010844318814413731,0.07324067291760737,0.6261243639422066,0.2543219850547784,0.035468659270993956,4to5
3730,3731,OADMET-0001346,4.38,train,4to5,3,0.0007219455722710397,0.0067892788909363925,0.2028707182366868,0.582787728168133,0.20683032913197283,5to6
3731,3732,OADMET-0001345,3.28,train,3to4,2,0.4728879273086907,0.4884969232653189,0.026297866967486958,0.0023228623612237703,0.009994420097279669,3to4
3732,3733,OADMET-0001344,4.08,train,4to5,0,0.07633482039210927,0.31407258320749987,0.46819668151316424,0.11500754009870484,0.026388374788521806,4to5
3733,3734,OADMET-0001343,3.71,train,3to4,1,0.03968084724778532,0.18512527962353173,0.5559726601409345,0.15660191080632627,0.0626193021814222,4to5
3734,3735,OADMET-0001342,1.81,train,lt3,0,0.3747085029962605,0.4913462188775487,0.08250056107532897,0.013514668806672264,0.03793004824418952,3to4
3735,3736,OADMET-0001341,3.44,train,3to4,4,0.6521859236523828,0.3299483687517573,0.005713906141743889,0.00019337562732240086,0.011958425826793632,lt3
3736,3737,OADMET-0001340,3.16,train,3to4,1,0.2720708965165227,0.5544929733788584,0.1423453892520418,0.017806599601853105,0.013284141250723946,3to4
3737,3738,OADMET-0001339,2.05,train,lt3,3,0.8021459518769422,0.16349363203310802,0.0033511752009128233,0.0012013047144183882,0.029807936174618563,lt3
3738,3739,OADMET-0001338,4.87,train,4to5,0,0.045259234254560556,0.21125619186978245,0.5389585133595272,0.16504362608944897,0.03948243442668088,4to5
3739,3740,OADMET-0001337,4.99,train,4to5,4,0.00015758498598640304,0.0009839687062273151,0.06685612958972752,0.4710844062742446,0.46091791044381414,5to6
3740,3741,OADMET-0001336,4.96,train,4to5,3,0.04567751780056441,0.15338911516116488,0.42135800029898435,0.24560741230566757,0.13396795443361878,4to5
3741,3742,OADMET-0001335,4.74,train,4to5,0,0.00037108904890464505,0.004773755794301756,0.13577238397802568,0.5690444989745079,0.29003827220426,5to6
3742,3743,OADMET-0001334,3.49,train,3to4,0,0.5230531921985069,0.4324021036380359,0.01867103818338772,0.003335499203767334,0.022538166776302226,lt3
3743,3744,OADMET-0001333,3.73,train,3to4,4,0.35692498076404605,0.5807224025344325,0.05497307614649008,0.002082093909952369,0.005297446645078996,3to4
3744,3745,OADMET-0001332,4.69,train,4to5,2,0.028288402084833415,0.1256051678300674,0.5547535502128832,0.24013322949608013,0.051219650376135864,4to5
3745,3746,OADMET-0001331,3.09,train,3to4,1,0.6687336287984533,0.31586028656672893,0.007095685102549216,0.001351034915456007,0.006959364616812539,lt3
3746,3747,OADMET-0001330,4.56,train,4to5,2,0.03394465761240011,0.10450492048857171,0.4871074306035086,0.27973829699690506,0.09470469429861453,4to5
3747,3748,OADMET-0001329,3.05,train,3to4,3,0.8609094259228691,0.06576322944070666,0.0018201566333576117,0.0013217184821381052,0.0701854695209285,lt3
3748,3749,OADMET-0001328,3.67,train,3to4,3,0.31730042587852225,0.49170164239139086,0.10214680759752212,0.01785488726048261,0.07099623687208219,3to4
3749,3750,OADMET-0001327,1.91,train,lt3,3,0.8883123044282228,0.10138824243334196,0.0010162859767204385,0.00033135513608962603,0.008951812025625096,lt3
3750,3751,OADMET-0001326,4.8,train,4to5,0,0.00040763790772011297,0.004280486100772129,0.23683130501253488,0.6028011380178273,0.15567943296114556,5to6
3751,3752,OADMET-0001325,3.98,train,3to4,1,0.25447058156286106,0.5751340271411942,0.1415669442019679,0.01636281389744775,0.012465633196529066,3to4
3752,3753,OADMET-0001324,3.39,train,3to4,0,0.07069601442241583,0.2747089401060975,0.46944233957276704,0.14045949933174257,0.04469320656697711,4to5
3753,3754,OADMET-0001323,3.58,train,3to4,0,0.140019067040617,0.45412070255492076,0.3335802387321993,0.04852564761379271,0.02375434405847026,3to4
3754,3755,OADMET-0001322,2.55,train,lt3,0,0.6388828309361374,0.3403099259690981,0.006950328756463334,0.0011409233826686915,0.012715990955632432,lt3
3755,3756,OADMET-0001321,2.59,train,lt3,2,0.24677776240681487,0.5715495795106187,0.15027871413474156,0.018022518152270024,0.013371425795554897,3to4
3756,3757,OADMET-0001320,2.51,train,lt3,1,0.7513359415969151,0.23618132205813683,0.003432584990683144,0.0011320099609778026,0.007918141393287146,lt3
3757,3758,OADMET-0001319,3.69,train,3to4,1,0.1807945076857436,0.5435055655040977,0.23727580494646056,0.02782650627840353,0.010597615585294607,3to4
3758,3759,OADMET-0001318,4.66,train,4to5,0,0.0028797080820790718,0.016612818511052483,0.41768506286019014,0.46574208270500067,0.0970803278416777,5to6
3759,3760,OADMET-0001317,3.25,train,3to4,0,0.43407814613395335,0.5132156482632099,0.03406061519764228,0.003465785325775149,0.015179805079419365,3to4
3760,3761,OADMET-0001316,2.36,train,lt3,2,0.706933237743567,0.2656603074017583,0.004448488680518704,0.0012892216504446876,0.021668744523711383,lt3
3761,3762,OADMET-0001315,4.46,train,4to5,0,0.006440468841886756,0.03497573240278093,0.3393136742016245,0.4622099240294032,0.1570602005243046,5to6
3762,3763,OADMET-0001314,3.43,train,3to4,4,0.11536404492128745,0.48519942324735216,0.35191493524060397,0.040098598959718484,0.0074229976310379205,3to4
3763,3764,OADMET-0001313,3.53,train,3to4,0,0.23978341300776734,0.6342810772813304,0.10958811268213567,0.007504572371098314,0.008842824657668266,3to4
3764,3765,OADMET-0001312,3.53,train,3to4,2,0.1686210147599649,0.3611052551618534,0.32323815696154184,0.08060082613078894,0.06643474698585092,3to4
3765,3766,OADMET-0001311,3.81,train,3to4,1,0.12313815160416755,0.47716206134422845,0.3384743618276925,0.041205879147328886,0.020019546076582573,3to4
3766,3767,OADMET-0001308,3.23,train,3to4,0,0.44617694417709836,0.5200431572428891,0.019175846626095224,0.0020245922218250995,0.012579459732092294,3to4
3767,3768,OADMET-0001307,3.03,train,3to4,2,0.5286533943634859,0.41003145986413697,0.021951332537265257,0.004197012713732428,0.03516680052137947,lt3
3768,3769,OADMET-0001306,3.56,train,3to4,3,0.01150990703528136,0.06750769680572229,0.5270904717013729,0.33210517811785306,0.061786746339770396,4to5
3769,3770,OADMET-0001305,3.17,train,3to4,3,0.22333930786398076,0.5452337947385149,0.19606066060534794,0.02031497503198178,0.015051261760174716,3to4
3770,3771,OADMET-0001304,2.56,train,lt3,0,0.344015415804823,0.5850899842177486,0.05546816643660572,0.005199858878380384,0.01022657466244227,3to4
3771,3772,OADMET-0001303,4.15,train,4to5,0,0.30995264093952424,0.5242762975759888,0.11007027444048138,0.017918286384210044,0.03778250065979553,3to4
3772,3773,OADMET-0001302,3.94,train,3to4,3,0.33138909689047114,0.5410451848727078,0.09247545829061077,0.010454459037971056,0.024635800908239178,3to4
3773,3774,OADMET-0001301,4.68,train,4to5,1,0.00632462176040809,0.030905913129831947,0.4297683178945214,0.4042090419091884,0.1287921053060502,4to5
3774,3775,OADMET-0001300,3.18,train,3to4,4,0.30248260878353866,0.5783842874767146,0.09829703096953213,0.005557422130392118,0.015278650639822505,3to4
3775,3776,OADMET-0001299,4.92,train,4to5,2,0.0036965839073318635,0.021318517610441068,0.21263836309362316,0.5183690186694481,0.24397751671915582,5to6
3776,3777,OADMET-0001297,2.6,train,lt3,1,0.6269365065438,0.3621405428007296,0.006516500958653766,0.000943118024761809,0.003463331672054841,lt3
3777,3778,OADMET-0001296,2.71,train,lt3,4,0.3977868668320112,0.5352196052128136,0.050364946541680576,0.002788938403295068,0.013839643010199585,3to4
3778,3779,OADMET-0001295,4.6,train,4to5,1,0.013997126631385212,0.07108529044474085,0.5503699882024897,0.2908524030978308,0.07369519162355348,4to5
3779,3780,OADMET-0001294,2.34,train,lt3,3,0.7875383447693274,0.19549305616399135,0.0029455404546910847,0.000787441264636071,0.013235617347354102,lt3
3780,3781,OADMET-0001293,4.19,train,4to5,4,0.1667301830168027,0.5249092192688694,0.2680418592176336,0.026513572694200797,0.0138051658024936,3to4
3781,3782,OADMET-0001292,3.68,train,3to4,3,0.1617194563150406,0.33574819564819336,0.2816859185695648,0.09438036382198334,0.1264660656452179,3to4
3782,3783,OADMET-0001290,3.41,train,3to4,4,0.38802091370234454,0.5671526512359136,0.037228757557915736,0.0013159708407814903,0.006281706663044543,3to4
3783,3784,OADMET-0001289,4.21,train,4to5,3,0.11416007557928055,0.3463808661890939,0.3903807139886437,0.08592070808048269,0.06315763616249914,4to5
3784,3785,OADMET-0001288,2.76,train,lt3,3,0.7248975324607762,0.2574512762106004,0.0048308532728882575,0.0009490835156453904,0.011871254540089901,lt3
3785,3786,OADMET-0001287,2.5,train,lt3,1,0.6032802960516105,0.37785366316072727,0.010599911156498944,0.0019289567563252454,0.006337172874838063,lt3
3786,3787,OADMET-0001286,2.39,train,lt3,4,0.35479066263247494,0.581218608257337,0.05257704553707635,0.0023121808507523198,0.009101502722359416,3to4
3787,3788,OADMET-0001284,3.35,train,3to4,3,0.25987653375407854,0.5452179583777214,0.1565128173522462,0.016868662946303906,0.02152402756964996,3to4
3788,3789,OADMET-0001283,4.0,train,3to4,2,0.1597798931779055,0.46727990254700985,0.30546775936972087,0.04498317841578303,0.022489266489580786,3to4
3789,3790,OADMET-0001282,2.37,train,lt3,2,0.7180720643356352,0.26747000499233087,0.0026265776527236774,0.0006315051062441445,0.011199847913066186,lt3
3790,3791,OADMET-0001281,2.28,train,lt3,4,0.6739454801968043,0.30868086178264936,0.005147949288657998,0.00019394704862070062,0.01203176168326758,lt3
3791,3792,OADMET-0001280,3.14,train,3to4,0,0.7413893233782509,0.24192877795851292,0.0034380761434475273,0.0006472500357595239,0.012596572484029091,lt3
3792,3793,OADMET-0001279,4.83,train,4to5,3,0.039956865610941805,0.13982073233466502,0.4584285377785581,0.26877243905211184,0.09302142522372323,4to5
3793,3794,OADMET-0001278,2.56,train,lt3,0,0.6293475358281408,0.33241726524085347,0.009198621452658822,0.00231865504136483,0.02671792243698199,lt3
3794,3795,OADMET-0001277,1.61,train,lt3,1,0.4264454475080744,0.5382283243495611,0.028173500219366626,0.0027580793969548593,0.004394648526042991,3to4
3795,3796,OADMET-0001276,4.6,train,4to5,0,0.14726939577952927,0.34845116215272004,0.31437956818372653,0.08625257631759976,0.10364729756642435,3to4
3796,3797,OADMET-0001275,3.8,train,3to4,4,0.2501364671637906,0.5628706865279999,0.16063963026404038,0.013249138493548506,0.013104077550620563,3to4
3797,3798,OADMET-0001274,3.68,train,3to4,2,0.4813302787776859,0.4954076433992918,0.01527579975771612,0.0013223566782198538,0.006663921387086304,3to4
3798,3799,OADMET-0001273,3.39,train,3to4,0,0.8470049555683832,0.13784559160929094,0.0015006973505996926,0.0004768972316182038,0.013171858240108013,lt3
3799,3800,OADMET-0001272,2.95,train,lt3,2,0.3217784930045116,0.6055983655680633,0.06144951034984207,0.004208875649528493,0.006964755428054499,3to4
3800,3801,OADMET-0001270,4.39,train,4to5,0,0.015476459141662851,0.07581937359076181,0.4540546117803021,0.3570347099132498,0.09761484557402347,4to5
3801,3802,OADMET-0001268,2.43,train,lt3,3,0.38603273479704947,0.5607630242278863,0.04202193118394711,0.0029050263531465474,0.008277283437970576,3to4
3802,3803,OADMET-0001267,3.29,train,3to4,0,0.45911902277923755,0.5139465604390613,0.01953336659730979,0.001462306851624976,0.005938743332766445,3to4
3803,3804,OADMET-0001266,2.79,train,lt3,2,0.6685925140864283,0.2998618192152789,0.00647903281765776,0.0015655002824199044,0.023501133598215127,lt3
3804,3805,OADMET-0001264,2.91,train,lt3,3,0.05728945700677154,0.2723418267483877,0.512393730176775,0.13229687955480782,0.025678106513257914,4to5
3805,3806,OADMET-0001263,4.5,train,4to5,4,0.024674904061013907,0.08936973082590347,0.4826419443384175,0.3202951908166556,0.08301822995800953,4to5
3806,3807,OADMET-0001262,3.18,train,3to4,3,0.4164379794405785,0.502061123706734,0.051603398712504946,0.005684979670036317,0.02421251847014628,3to4
3807,3808,OADMET-0001261,3.15,train,3to4,2,0.6496164839574241,0.3022953588892647,0.00920633325552824,0.002254467704536074,0.03662735619324693,lt3
3808,3809,OADMET-0001260,3.37,train,3to4,4,0.4793600291559109,0.45378340706391646,0.02754227902988563,0.0014251680558017732,0.03788911669448522,lt3
3809,3810,OADMET-0001259,2.88,train,lt3,3,0.643119124765942,0.27805630986814356,0.011723783222558381,0.0034737210411217205,0.06362706110223432,lt3
3810,3811,OADMET-0001258,1.64,train,lt3,4,0.7317529506105622,0.24685882657331557,0.003691578610262344,0.00017544864830351575,0.01752119555755637,lt3
3811,3812,OADMET-0001257,3.77,train,3to4,3,0.3421001087046118,0.5412525581228278,0.08232565133506806,0.008773986290800846,0.02554769554669148,3to4
3812,3813,OADMET-0001256,3.21,train,3to4,0,0.5118941452547074,0.45679916038404905,0.017318139997630166,0.0020632850082440463,0.01192526935536928,lt3
3813,3814,OADMET-0001255,3.39,train,3to4,2,0.1952784388673371,0.5015078048666612,0.24423990392639355,0.036311070954878774,0.022662781384729384,3to4
3814,3815,OADMET-0001254,5.05,train,5to6,4,0.0005550544887729696,0.003256050934353073,0.11105173997267004,0.46377546178220014,0.4213616928220038,5to6
3815,3816,OADMET-0001253,4.36,train,4to5,1,0.043340506441650696,0.12453610777547594,0.42493315106481927,0.27983545318797576,0.12735478153007837,4to5
3816,3817,OADMET-0001252,3.73,train,3to4,3,0.7219070410036181,0.2623147744172148,0.004321027675143157,0.0008453477308085418,0.010611809173215348,lt3
3817,3818,OADMET-0001251,4.47,train,4to5,0,0.06283611523347578,0.2894591261688265,0.48154742353197527,0.13116956660883575,0.03498776845688663,4to5
3818,3819,OADMET-0001250,3.09,train,3to4,4,0.2599573515949731,0.5873967518300648,0.1328916737554977,0.008440194883218646,0.011314027936245794,3to4
3819,3820,OADMET-0001248,3.28,train,3to4,4,0.4624043417437118,0.5046062482993519,0.0244376287518611,0.0008812082256502227,0.007670572979424984,3to4
3820,3821,OADMET-0001247,3.55,train,3to4,3,0.4913681476679369,0.4835145204164135,0.017655300081290806,0.0013498856067708886,0.006112146227587882,lt3
3821,3822,OADMET-0001246,2.77,train,lt3,4,0.46467389402285775,0.4946709478231758,0.026036965503841637,0.0011383615190133595,0.01347983113111149,3to4
3822,3823,OADMET-0001245,2.84,train,lt3,3,0.18161469156698312,0.44403259622953545,0.255405060785858,0.05143564041150688,0.06751201100611653,3to4
3823,3824,OADMET-0001244,2.8,train,lt3,2,0.5749194047785307,0.3777321199776885,0.016015844682511556,0.002457932556408209,0.028874698004861026,lt3
3824,3825,OADMET-0001243,3.03,train,3to4,2,0.5053772578035323,0.43936455202011687,0.025856558314165737,0.003472873701720821,0.025928758160464367,lt3
3825,3826,OADMET-0001242,2.62,train,lt3,4,0.684591412668777,0.30539351707291523,0.0040289084434387236,0.00010990892044172305,0.005876252894427354,lt3
3826,3827,OADMET-0001241,1.66,train,lt3,4,0.6176461161004487,0.37227038019440556,0.005628224548482622,0.00012608699640024782,0.004329192160262795,lt3
3827,3828,OADMET-0001240,3.38,train,3to4,3,0.4396442803713998,0.47192642444317356,0.03824726520662952,0.005743242843026242,0.04443878713577082,3to4
3828,3829,OADMET-0001239,7.54855421686747,train,gte6,1,0.018205483731060866,0.03940789262065671,0.09750438881556804,0.21703136689291155,0.6278508679398028,gte6
3829,3830,OADMET-0001238,3.33,train,3to4,1,0.3091104535972892,0.5828309484206374,0.09079344304279102,0.007381308141619706,0.009883846797662625,3to4
3830,3831,OADMET-0001237,3.94,train,3to4,3,0.33261263680283576,0.49651656017188506,0.11488670962757161,0.017759023399641954,0.03822506999806566,3to4
3831,3832,OADMET-0001236,2.57,train,lt3,0,0.4284971483813104,0.5282535938705866,0.03121944951393505,0.002374525785901605,0.00965528244826633,3to4
3832,3833,OADMET-0001235,3.35,train,3to4,3,0.06605496473542698,0.31916559166438796,0.5116850323929333,0.08270323359176694,0.0203911776154849,4to5
3833,3834,OADMET-0001234,4.11,train,4to5,3,0.5576253465525982,0.42683007793923106,0.008232264679359311,0.0007323492811375181,0.0065799615476739145,lt3
3834,3835,OADMET-0001233,3.4,train,3to4,2,0.31396666578532506,0.5850743727675092,0.07927016272189308,0.008568396903534939,0.01312040182173776,3to4
3835,3836,OADMET-0001232,3.35,train,3to4,3,0.8961736342864908,0.08627733379303415,0.0011779506172736025,0.0004949095771949282,0.015876171726006583,lt3
3836,3837,OADMET-0001231,3.95,train,3to4,3,0.022258994973391743,0.10333920836396143,0.5151266591137654,0.28149161206260814,0.07778352548627328,4to5
3837,3838,OADMET-0001230,4.19,train,4to5,1,0.3996376679952085,0.5373423482353703,0.049842376087737984,0.004814655397386418,0.008362952284296834,3to4
3838,3839,OADMET-0001229,3.49,train,3to4,1,0.42600038687326053,0.5420203213971297,0.024802483641358543,0.0021336609517537625,0.005043147136497448,3to4
3839,3840,OADMET-0001228,2.71,train,lt3,0,0.8246122374493912,0.14569419226381067,0.0030611757288239276,0.000873979797578151,0.025758414760396135,lt3
3840,3841,OADMET-0001227,2.79,train,lt3,1,0.7309320356755457,0.2525238229297386,0.006305803875894932,0.0015247927149386977,0.0087135448038821,lt3
3841,3842,OADMET-0001226,3.19,train,3to4,0,0.5762781208314397,0.3791889355836464,0.018276327293310465,0.0031545966193773636,0.023102019672226092,lt3
3842,3843,OADMET-0001225,3.52,train,3to4,4,0.4537813410758681,0.5248813681547271,0.017540322791794627,0.0004082215350359907,0.0033887464425741936,3to4
3843,3844,OADMET-0001224,3.76,train,3to4,0,0.12173832703545392,0.44926439795287626,0.35649218424891305,0.050372886370677966,0.022132204392078803,3to4
3844,3845,OADMET-0001223,2.9,train,lt3,4,0.5583031041356152,0.4171275692772789,0.013491045354589122,0.000508782616049289,0.010569498616467467,lt3
3845,3846,OADMET-0001222,3.19,train,3to4,2,0.03467491938741187,0.12044484455224658,0.4952437407918499,0.2601212187960298,0.08951527647246181,4to5
3846,3847,OADMET-0001221,2.97,train,lt3,1,0.44325953515591315,0.48072352781554906,0.056640837077792563,0.007165987011203603,0.012210112939541634,3to4
3847,3848,OADMET-0001220,3.16,train,3to4,1,0.355421033171741,0.5872971956869848,0.049687627240199345,0.0033126058679762683,0.004281538033098559,3to4
3848,3849,OADMET-0001219,2.74,train,lt3,2,0.3657333552837372,0.5657678842544556,0.050559163093566895,0.004474189132452011,0.013465408235788345,3to4
3849,3850,OADMET-0001218,3.82,train,3to4,1,0.09151406313437035,0.3404298919311198,0.4446082876739416,0.08251093082097379,0.04093682643959443,4to5
3850,3851,OADMET-0001217,4.01,train,4to5,0,0.11429716965939217,0.4265984137878413,0.3617769941025602,0.06303327295805242,0.03429414949215392,3to4
3851,3852,OADMET-0001216,3.11,train,3to4,4,0.7635399163079131,0.22760847102810258,0.0019655144790289526,5.8190561965107786e-05,0.006827907622990297,lt3
3852,3853,OADMET-0001215,2.24,train,lt3,3,0.6359605318258202,0.344848013748335,0.0077584801836851,0.0010289972617640785,0.010403976980395628,lt3
3853,3854,OADMET-0001214,4.57,train,4to5,0,0.03104141197205905,0.07189335741003376,0.14367526903446082,0.2804319288621836,0.47295803272126274,gte6
3854,3855,OADMET-0001213,4.36,train,4to5,4,0.020763730591603125,0.1005501149212008,0.5528932203484825,0.2682657832870897,0.057527150851623805,4to5
3855,3856,OADMET-0001212,4.28,train,4to5,3,0.04626469027744029,0.15962279140246644,0.36719945757090033,0.29294252941277865,0.1339705313364143,4to5
3856,3857,OADMET-0001211,2.67,train,lt3,4,0.42188129942923625,0.5055521502963014,0.048963771829587256,0.0030052823547731043,0.02059749609010195,3to4
3857,3858,OADMET-0001210,3.23,train,3to4,2,0.19713426664426822,0.4359368015196741,0.28091128145440647,0.05283078081768353,0.03318686956396764,3to4
3858,3859,OADMET-0001209,4.0,train,3to4,3,0.3934189896943691,0.5756724362215043,0.025040421136432324,0.0013126752776480893,0.004555477670046188,3to4
3859,3860,OADMET-0001208,4.11,train,4to5,1,0.027531413993325204,0.14964253531504265,0.602787884945219,0.18074854400387955,0.03928962174253366,4to5
3860,3861,OADMET-0001207,2.75,train,lt3,0,0.5960990407655392,0.36936337388209045,0.012411495813089805,0.0020194324778148283,0.020106657061465694,lt3
3861,3862,OADMET-0001206,2.77,train,lt3,4,0.1855898572449072,0.42545853301866404,0.29593251923003155,0.04992199857107556,0.043097091935321644,3to4
3862,3863,OADMET-0001204,5.33,train,5to6,3,0.06801724433898926,0.2994958758354187,0.5101338028907776,0.09368228167295456,0.028670795261859894,4to5
3863,3864,OADMET-0001203,3.05,train,3to4,2,0.4966121449789674,0.43676115618551054,0.030053413410767747,0.006217369138527099,0.030355916286227268,lt3
3864,3865,OADMET-0001202,2.49,train,lt3,3,0.4715614114630915,0.4711688850919221,0.034826042485040634,0.0043741020342374735,0.0180695589257083,lt3
3865,3866,OADMET-0001201,3.95,train,3to4,4,0.3423169255256653,0.5506011843681335,0.0815049409866333,0.0051486678421497345,0.020428281277418137,3to4
3866,3867,OADMET-0001200,4.17,train,4to5,2,0.27354098919937814,0.5010945535625377,0.1666718783475224,0.026101021597481136,0.03259155729308053,3to4
3867,3868,OADMET-0001199,2.53,train,lt3,0,0.4954664897922465,0.4746533529500566,0.018515685172295494,0.0015400622172221108,0.009824409868179328,lt3
3868,3869,OADMET-0001198,2.79,train,lt3,3,0.6284530234509609,0.3577941994955567,0.005854489814226982,0.0007929608781950275,0.007105326361060374,lt3
3869,3870,OADMET-0001197,2.68,train,lt3,3,0.7316144391388966,0.19870587332130393,0.005932085893232421,0.00214058617272697,0.06160701547384009,lt3
3870,3871,OADMET-0001196,4.98,train,4to5,0,0.0012964741928054866,0.011095210428057065,0.3629142484433233,0.5396773580811388,0.08501670885467524,5to6
3871,3872,OADMET-0001195,3.78,train,3to4,3,0.13197579439083584,0.37256105207587936,0.36509992176257394,0.07914628509205157,0.05121694667865927,3to4
3872,3873,OADMET-0001194,3.32,train,3to4,3,0.2772183232384554,0.577725848559047,0.12376193617390524,0.010149233293957265,0.01114465873463505,3to4
3873,3874,OADMET-0001193,2.48,train,lt3,3,0.7093356353699871,0.2760197857963438,0.004748923306643501,0.000852608192397411,0.00904304733462822,lt3
3874,3875,OADMET-0001192,3.06,train,3to4,0,0.1747463854405681,0.5130415740381739,0.26740024440103144,0.0294018696223116,0.01540992649791502,3to4
3875,3876,OADMET-0001191,3.66,train,3to4,3,0.3167220745019106,0.588476853945312,0.0800291546815246,0.005839199464707434,0.00893271740654539,3to4
3876,3877,OADMET-0001190,3.48,train,3to4,3,0.1823876140956263,0.5501262361141439,0.23726811209539694,0.020891865014930126,0.009326172679902784,3to4
3877,3878,OADMET-0001189,3.05,train,3to4,0,0.6437066648063374,0.3345665856141227,0.006754533700833617,0.0010802519729397164,0.01389196390576649,lt3
3878,3879,OADMET-0001188,3.19,train,3to4,0,0.4401524824063089,0.5329080779903612,0.018783433459461246,0.001341926073930897,0.006814080069937713,3to4
3879,3880,OADMET-0001187,4.19,train,4to5,2,0.008295385673412856,0.03814419163583727,0.4633748293988261,0.4228055856616169,0.06738000763030684,4to5
3880,3881,OADMET-0001186,3.7,train,3to4,1,0.49477792085712446,0.4787019222151139,0.019044039886245746,0.002215989878777353,0.005260127162738541,lt3
3881,3882,OADMET-0001185,5.54,train,5to6,4,0.0006544600701132833,0.004515834839301985,0.2162855299328321,0.5645810059722911,0.21396316918546157,5to6
3882,3883,OADMET-0001184,3.34,train,3to4,3,0.3969387504490733,0.5056721089797119,0.0659433767651994,0.006869173768655717,0.024576590037359625,3to4
3883,3884,OADMET-0001183,3.85,train,3to4,0,0.0032461827451234996,0.022798299115807517,0.44242357534889154,0.454793953773064,0.07673798901711347,5to6
3884,3885,OADMET-0001182,2.69,train,lt3,3,0.7178936585223963,0.26538607420986027,0.004100141106656216,0.000810324503691983,0.011809801657395282,lt3
3885,3886,OADMET-0001181,4.56,train,4to5,1,0.17494437708799135,0.5220951175381091,0.2530779115239091,0.032633239624840264,0.01724935422515019,3to4
3886,3887,OADMET-0001180,4.77,train,4to5,0,0.014457506655040012,0.07530960975281122,0.47383316027466693,0.3595566649113782,0.07684305840610363,4to5
3887,3888,OADMET-0001179,2.66,train,lt3,3,0.6798407260509207,0.29397135216653475,0.007498607312190321,0.001572947093795367,0.01711636737655881,lt3
3888,3889,OADMET-0001178,2.53,train,lt3,0,0.7363135544349382,0.2152192091782693,0.005285741063833889,0.001966010400453111,0.04121548492250548,lt3
3889,3890,OADMET-0001177,4.84,train,4to5,4,0.013259553585137723,0.049389352033285136,0.40271858093482726,0.4015517603880572,0.13308075305869274,4to5
3890,3891,OADMET-0001176,4.47,train,4to5,2,0.13428996103137847,0.23273675940225244,0.3040507345184465,0.11693675467560426,0.21198579037231832,4to5
3891,3892,OADMET-0001175,3.9,train,3to4,3,0.4313299842965875,0.5398381809582656,0.021505722222760714,0.0013744543185743498,0.005951658203811797,3to4
3892,3893,OADMET-0001174,3.81,train,3to4,0,0.11755227736061089,0.37861811127391914,0.37715818494518366,0.07743622160682995,0.04923520481345641,3to4
3893,3894,OADMET-0001173,3.3,train,3to4,1,0.4105032640364618,0.5447583738785776,0.03459196129766146,0.004327685527871791,0.005818715259427328,3to4
3894,3895,OADMET-0001172,2.43,train,lt3,2,0.5166379345049741,0.45911146380768747,0.014057400994767762,0.001586131442729708,0.008607069249840938,lt3
3895,3896,OADMET-0001171,3.55,train,3to4,0,0.15754405684637854,0.561887843552594,0.2455349193353975,0.024956899882647397,0.01007628038298248,3to4
3896,3897,OADMET-0001170,3.24,train,3to4,4,0.28101008155604307,0.6303629656499061,0.08035409916826505,0.0033320254887287044,0.004940828137057043,3to4
3897,3898,OADMET-0001169,3.01,train,3to4,4,0.4302761364656976,0.5398860487129589,0.02396616938344439,0.0007006938182646805,0.005170951619634438,3to4
3898,3899,OADMET-0001168,4.55,train,4to5,1,0.0671340823173523,0.29926949739456177,0.5018953680992126,0.09892791509628296,0.03277313709259033,4to5
3899,3900,OADMET-0001167,2.28,train,lt3,0,0.6785673577313042,0.2910107407730612,0.005141483213404058,0.0013646410236949405,0.02391577725853561,lt3
3900,3901,OADMET-0001166,2.4,train,lt3,3,0.754320935386719,0.22381966008546406,0.004201136751546745,0.0009134706977162967,0.016744797078553943,lt3
3901,3902,OADMET-0001165,2.49,train,lt3,2,0.5883606386519235,0.3840124213553065,0.010290117545684712,0.0015545733860020693,0.015782249061083286,lt3
3902,3903,OADMET-0001164,2.51,train,lt3,3,0.47889628211587465,0.4592378349068145,0.02673672634186185,0.004157754782335818,0.03097140185311315,lt3
3903,3904,OADMET-0001163,3.93,train,3to4,4,0.00236993710457977,0.01318909796554466,0.3107383651169723,0.5171565683210665,0.15654603149183688,5to6
3904,3905,OADMET-0001162,3.5,train,3to4,1,0.3061267451231341,0.5946616560878596,0.08455312295355105,0.006619586177549999,0.008038889657905226,3to4
3905,3906,OADMET-0001161,3.62,train,3to4,3,0.38672074612425356,0.5719770935065445,0.03428248418786571,0.0021323136238562863,0.004887362557479985,3to4
3906,3907,OADMET-0001160,3.31,train,3to4,4,0.2903821647383131,0.567772126773397,0.12036416931448184,0.008380450896229744,0.013101088277578462,3to4
3907,3908,OADMET-0001159,3.41,train,3to4,4,0.30524899944397293,0.6126179572462234,0.07458153962762737,0.002983605429392758,0.004567898252783518,3to4
3908,3909,OADMET-0001158,3.2,train,3to4,0,0.3110707211022567,0.6105958444072626,0.06461017926757054,0.00512416815553317,0.008599087067377059,3to4
3909,3910,OADMET-0001157,3.15,train,3to4,4,0.7435224797923184,0.2345251039903202,0.003186998485612275,0.00016781824853217932,0.018597599483216893,lt3
3910,3911,OADMET-0001156,4.16,train,4to5,3,0.15109286218820422,0.5645258615938304,0.2497274363322069,0.022994163285745193,0.011659676600013262,3to4
3911,3912,OADMET-0001155,1.72,train,lt3,4,0.32078941969372643,0.5885412566955677,0.0787792412453121,0.004280859512780077,0.00760922285261366,3to4
3912,3913,OADMET-0001154,2.74,train,lt3,0,0.6515071307112464,0.2698263490781478,0.013414683576854346,0.0045425285924268885,0.060709308041324545,lt3
3913,3914,OADMET-0001153,3.48,train,3to4,4,0.47788522281671353,0.4930906361216135,0.01911429527437194,0.0006186941255036661,0.009291151661797344,3to4
3914,3915,OADMET-0001152,3.86,train,3to4,0,0.2280728623368497,0.613666820445095,0.1404518010565193,0.008871135128388332,0.008937381033147684,3to4
3915,3916,OADMET-0001151,2.87,train,lt3,3,0.539732439493664,0.41899205936911893,0.02046526905105431,0.0028679959053538144,0.017942236180808997,lt3
3916,3917,OADMET-0001150,3.69,train,3to4,3,0.671498657210961,0.31167480393081176,0.006574437497054838,0.0008060904231007543,0.009446010938071661,lt3
3917,3918,OADMET-0001149,4.71,train,4to5,0,0.02461224812725371,0.1114584290344896,0.522162679747959,0.24823112970762795,0.09353551338266963,4to5
3918,3919,OADMET-0001148,2.59,train,lt3,4,0.8713235901572639,0.12231890922455757,0.0006501941277863247,3.1052761352924235e-05,0.005676253729039265,lt3
3919,3920,OADMET-0001147,3.72,train,3to4,0,0.10068491846323013,0.3350953161716461,0.4186035394668579,0.09471122175455093,0.050905004143714905,4to5
3920,3921,OADMET-0001146,4.13,train,4to5,3,0.32352228358576546,0.5028689123056549,0.12478396086028051,0.016140675863689828,0.0326841673846093,3to4
3921,3922,OADMET-0001145,3.48,train,3to4,0,0.2263671033922938,0.6010290445865314,0.15086317216930437,0.012710253838275365,0.009030426013595133,3to4
3922,3923,OADMET-0001144,3.74,train,3to4,3,0.381012147736928,0.49269617383911735,0.0713087629640931,0.011082592595744947,0.043900322864116624,3to4
3923,3924,OADMET-0001143,3.04,train,3to4,4,0.3468387041284189,0.5646547424849582,0.07375646089155907,0.0038743489466034277,0.010875743548460434,3to4
3924,3925,OADMET-0001142,4.24,train,4to5,3,0.025637231862683713,0.16395068229716525,0.6093836449436234,0.17707042462032446,0.023958016276203156,4to5
3925,3926,OADMET-0001141,4.41,train,4to5,2,0.0038711802336894325,0.01983176857272672,0.3420516149781974,0.5141699755732141,0.1200754606421724,5to6
3926,3927,OADMET-0001140,2.77,train,lt3,4,0.16516378166186269,0.5593069762766015,0.2459194832385164,0.021057795242466565,0.008551963580552834,3to4
3927,3928,OADMET-0001139,3.79,train,3to4,2,0.2918582856655121,0.3131621181964874,0.14224213361740112,0.04306572675704956,0.2096717357635498,3to4
3928,3929,OADMET-0001138,2.9,train,lt3,3,0.2722438639759463,0.5466839803511123,0.1420332525790339,0.015884723898957318,0.02315417919495018,3to4
3929,3930,OADMET-0001137,2.75,train,lt3,1,0.47417942087606124,0.4743084947435184,0.03231324858215034,0.0058879795953914885,0.013310856202878522,3to4
3930,3931,OADMET-0001136,4.16,train,4to5,1,0.06165836843339158,0.2711273174155849,0.5233898836879415,0.11139986084997447,0.032424569613107586,4to5
3931,3932,OADMET-0001135,2.22,train,lt3,0,0.8005885908748916,0.16774079090505964,0.0036359025415643132,0.0012089679957643705,0.026825747682720093,lt3
3932,3933,OADMET-0001134,3.34,train,3to4,3,0.17974614678300302,0.5979568122599609,0.1969937948580858,0.016242734193368805,0.00906051190558147,3to4
3933,3934,OADMET-0001133,4.61,train,4to5,1,0.0027102691482392277,0.01905517151957086,0.2942241222000122,0.4378173484825698,0.24619308864960787,5to6
3934,3935,OADMET-0001132,2.67,train,lt3,3,0.2182377534784853,0.5770111770936748,0.17948104360027417,0.0150774620312439,0.010192563796321864,3to4
3935,3936,OADMET-0001131,3.75,train,3to4,4,0.2758590997808819,0.6173815330496749,0.09809261675142632,0.004342876561304105,0.004323873856712788,3to4
3936,3937,OADMET-0001130,3.85,train,3to4,1,0.34234575042926635,0.5517960288414029,0.08897101291497168,0.008987268592005692,0.007899939222353367,3to4
3937,3938,OADMET-0001129,2.76,train,lt3,2,0.6325255961885832,0.28057982335217574,0.01259907747608772,0.0028846935550380652,0.07141080942811526,lt3
3938,3939,OADMET-0001128,4.28,train,4to5,2,0.0452175056610395,0.23693353942359066,0.5529276019293747,0.14405293467532418,0.020868418310670926,4to5
3939,3940,OADMET-0001127,3.29,train,3to4,3,0.3540915981609988,0.5920571411896232,0.045364198977567396,0.0027434675620853486,0.0057435941097252925,3to4
3940,3941,OADMET-0001126,2.5,train,lt3,0,0.45839512751234124,0.48223966939141394,0.033655917893379454,0.0038463855672870354,0.021862899635578317,3to4
3941,3942,OADMET-0001125,3.63,train,3to4,1,0.29033047366417675,0.5505977945951437,0.13028443041654905,0.01488195753025763,0.01390534379387289,3to4
3942,3943,OADMET-0001124,4.12,train,4to5,1,0.07072314072558118,0.32818047129121997,0.49857105217606906,0.08517863094374438,0.017346704863385434,4to5
3943,3944,OADMET-0001123,4.26,train,4to5,0,0.00020800850245044153,0.002604333815567041,0.0887896011570315,0.5390628963036607,0.3693351602212903,5to6
3944,3945,OADMET-0001122,2.2,train,lt3,0,0.7497525141831475,0.2113044837315594,0.005219098595156767,0.0017337109724022773,0.03199019251773411,lt3
3945,3946,OADMET-0001121,2.84,train,lt3,0,0.504349486578472,0.4519871322620191,0.025908679614592145,0.0030569407222726616,0.014697760822644112,lt3
3946,3947,OADMET-0001120,2.95,train,lt3,0,0.6501003107552512,0.3082098459554137,0.008282334798310928,0.0021568220771617523,0.031250686413862416,lt3
3947,3948,OADMET-0001119,3.52,train,3to4,0,0.3592771871049088,0.5037343478587719,0.09274458096947251,0.012469054141691634,0.03177482992515513,3to4
3948,3949,OADMET-0001118,3.14,train,3to4,1,0.6112082071431879,0.37344700506702283,0.008864012643836577,0.0011958822273198666,0.005284892918632824,lt3
3949,3950,OADMET-0001117,3.42,train,3to4,1,0.4804284070995706,0.49072761244316926,0.019334851876147315,0.002563325579621537,0.006945803001491319,3to4
3950,3951,OADMET-0001116,3.21,train,3to4,3,0.6214679764651674,0.34885542204708747,0.012155039793472466,0.0018725850081302334,0.015648976686142478,lt3
3951,3952,OADMET-0001115,2.53,train,lt3,0,0.6090087765844603,0.3295848302069434,0.014797214115468124,0.0035154911900490463,0.04309368790307908,lt3
3952,3953,OADMET-0001114,2.55,train,lt3,4,0.41630056607055155,0.542430640656207,0.03200993695112628,0.0011923082669068573,0.008066548055208294,3to4
3953,3954,OADMET-0001113,3.2,train,3to4,0,0.43419821208516435,0.5256740463090781,0.02820261627141201,0.001963398434095771,0.009961726900249782,3to4
3954,3955,OADMET-0001112,3.08,train,3to4,3,0.5625577635808023,0.3880456136051394,0.0174377041145514,0.0031945102761779037,0.028764408423328964,lt3
3955,3956,OADMET-0001111,4.24,train,4to5,1,0.009186444513183912,0.04647782670311061,0.5077037054468636,0.34732173773558894,0.08931028560125295,4to5
3956,3957,OADMET-0001110,2.74,train,lt3,1,0.770586133221162,0.21808388638641538,0.0031510218877838355,0.0009824255655559565,0.007196532939082849,lt3
3957,3958,OADMET-0001109,2.47,train,lt3,0,0.6998551287496972,0.26016002148397205,0.00791163906149296,0.0018581009403461554,0.030215109764491557,lt3
3958,3959,OADMET-0001108,3.16,train,3to4,0,0.4104743375458112,0.5458713271729863,0.03231048641910484,0.0025126745909163596,0.008831174271181323,3to4
3959,3960,OADMET-0001107,2.23,train,lt3,0,0.7447349973157863,0.19056759641574977,0.0064451572966401655,0.0025394488879983625,0.05571280008382536,lt3
3960,3961,OADMET-0001106,2.45,train,lt3,3,0.8329265032800532,0.14277034852509324,0.002101315629684236,0.0006538000240447579,0.02154803254112452,lt3
3961,3962,OADMET-0001105,2.88,train,lt3,1,0.3864415278973954,0.5581157194494369,0.045324891700118566,0.0044529195771251815,0.005664941375923945,3to4
3962,3963,OADMET-0001104,3.73,train,3to4,0,0.3327979451656303,0.5842262517367047,0.06500659895130731,0.005354858944853505,0.012614345201504128,3to4
3963,3964,OADMET-0001103,3.94,train,3to4,0,0.11555864005435533,0.5270705519697595,0.3110618712615463,0.034716552013801714,0.011592384700537224,3to4
3964,3965,OADMET-0001102,3.53,train,3to4,1,0.2229199106841596,0.5888859819829811,0.1662903462485544,0.015452037431811196,0.006451723652493627,3to4
3965,3966,OADMET-0001101,4.26,train,4to5,0,0.1314749666657274,0.4175617111892783,0.3573381869001826,0.06770807264060323,0.025917062604208483,3to4
3966,3967,OADMET-0001100,3.43,train,3to4,3,0.51923567455606,0.4535262619532567,0.015969792503631477,0.00132789533674264,0.009940375650309119,lt3
3967,3968,OADMET-0001099,3.92,train,3to4,1,0.4212198872988932,0.46385374578310556,0.08911573297603331,0.011176489485864758,0.014634144456103206,3to4
3968,3969,OADMET-0001098,3.49,train,3to4,0,0.2250035548114562,0.5295189850177571,0.1965132071245673,0.025952341109073497,0.023011911937146,3to4
3969,3970,OADMET-0001097,4.31,train,4to5,2,0.10770547690909757,0.4984098514097701,0.34034074303714773,0.04282592356649945,0.010718005077485137,3to4
3970,3971,OADMET-0001096,2.3,train,lt3,3,0.572114931204022,0.40201034210621633,0.013023371506523,0.001648308554662694,0.011203046628575972,lt3
3971,3972,OADMET-0001095,3.87,train,3to4,2,0.22992491122531006,0.4731602843399272,0.20815115624272043,0.03504284752421106,0.05372080066783128,3to4
3972,3973,OADMET-0001094,3.09,train,3to4,3,0.6349508784802302,0.3481095416782186,0.008022567463862668,0.000985347576831733,0.007931664800856742,lt3
3973,3974,OADMET-0001093,4.08,train,4to5,4,0.02806585463124168,0.07363421456211393,0.27525374242057327,0.3295447522224025,0.29350143616366864,5to6
3974,3975,OADMET-0001092,4.82,train,4to5,4,0.007217804913221084,0.037862209085655296,0.495048849456201,0.39688665159992037,0.06298448494500226,4to5
3975,3976,OADMET-0001091,4.1,train,4to5,4,0.1217918035587769,0.44700882529329006,0.366530429423625,0.05280071599032787,0.011868225733980149,3to4
3976,3977,OADMET-0001090,4.32,train,4to5,1,0.023141311955739617,0.09049400872631762,0.4755445518176818,0.3205263382304268,0.09029378926983417,4to5
3977,3978,OADMET-0001089,2.55,train,lt3,3,0.3642471658274872,0.5565458284786879,0.06014117598476652,0.0048383426123762355,0.01422748709668209,3to4
3978,3979,OADMET-0001088,5.11,train,5to6,0,0.0009323394747164986,0.007843045620976966,0.2254643916941104,0.559702940197479,0.20605728301271714,5to6
3979,3980,OADMET-0001087,4.88,train,4to5,4,0.016223145437311348,0.08282846104391063,0.5727156326006922,0.28900396447064775,0.03922879644743805,4to5
3980,3981,OADMET-0001086,3.39,train,3to4,1,0.5090465279573236,0.4669268781260857,0.017446120289002078,0.0014966535763818007,0.005083820051206834,lt3
3981,3982,OADMET-0001085,3.53,train,3to4,3,0.41242116507235865,0.5503614520521677,0.028624882794946252,0.0018165393186467124,0.006775960761880676,3to4
3982,3983,OADMET-0001084,3.46,train,3to4,1,0.3437278629257536,0.5901591201292551,0.05492857299000041,0.0045354119576198415,0.006649031997371077,3to4
3983,3984,OADMET-0001083,3.46,train,3to4,2,0.6029497163806982,0.34410612934183715,0.013876059955197388,0.0028160143997231135,0.03625207992254415,lt3
3984,3985,OADMET-0001082,2.11,train,lt3,4,0.6076579321066835,0.3442181437847016,0.01198513826236017,0.0008554944132756981,0.035283291432978994,lt3
3985,3986,OADMET-0001081,3.64,train,3to4,3,0.1963098048256673,0.5739398160362011,0.19285638647691936,0.018846625885531938,0.018047366775680262,3to4
3986,3987,OADMET-0001080,5.22,train,5to6,4,0.00014152750666982726,0.0009103023519843083,0.06715192785330805,0.4470297787099629,0.4847664635780749,gte6
3987,3988,OADMET-0001079,3.43,train,3to4,3,0.08260382373391814,0.3650423138757592,0.46094055075069496,0.07440519773044744,0.017008113909180264,4to5
3988,3989,OADMET-0001078,2.93,train,lt3,3,0.40492728135703887,0.5396206946085962,0.042887445309569304,0.0032332937525665025,0.009331284972229145,3to4
3989,3990,OADMET-0001077,3.91,train,3to4,0,0.02616261509463678,0.13721500362682157,0.5853675614769898,0.21066817680498245,0.04058664299656943,4to5
3990,3991,OADMET-0001076,4.87,train,4to5,1,0.0012592670716678627,0.009688023244599624,0.2874736396998846,0.5045051938258944,0.19707387615795355,5to6
3991,3992,OADMET-0001075,2.27,train,lt3,4,0.5008309250747847,0.4799210504153185,0.013631666376902395,0.0003661447092677379,0.0052502134237266485,lt3
3992,3993,OADMET-0001074,3.04,train,3to4,3,0.5312046764759097,0.4429587819767176,0.015894486782250358,0.001656539197692507,0.008285515567429824,lt3
3993,3994,OADMET-0001073,3.98,train,3to4,3,0.21339471677521774,0.5875256854208418,0.17460492556341034,0.0141467498310723,0.010327922409457773,3to4
3994,3995,OADMET-0001072,3.62,train,3to4,4,0.2721794033254686,0.5569808058257835,0.1352039617129888,0.0113086489710821,0.02432718016467704,3to4
3995,3996,OADMET-0001071,2.86,train,lt3,3,0.48156648961730436,0.4833987660899568,0.023649739543527178,0.002204744478495774,0.00918026027071589,3to4
3996,3997,OADMET-0001070,3.61,train,3to4,0,0.06287095044360981,0.17538020276099744,0.3138869451565585,0.2799597722285952,0.167902129410239,4to5
3997,3998,OADMET-0001069,2.67,train,lt3,3,0.6505830489395991,0.3277461630269512,0.007803187481552347,0.0011054242837758338,0.012762176268121563,lt3
3998,3999,OADMET-0001068,3.97,train,3to4,2,0.5027300628828759,0.4289654419423447,0.03184572552410334,0.005458759515558322,0.031000010135117745,lt3
3999,4000,OADMET-0001067,3.11,train,3to4,4,0.24507898418323304,0.6215667429381014,0.12117881497357082,0.006851252308661241,0.0053242055964335,3to4
4000,4001,OADMET-0001066,2.42,train,lt3,0,0.2763172680953196,0.5710311521384285,0.12181911594826893,0.013509096552600904,0.017323367265382097,3to4
4001,4002,OADMET-0001065,3.31,train,3to4,3,0.5448674337584989,0.40756864675215604,0.021714438730844582,0.002779548641661878,0.02306993211683861,lt3
4002,4003,OADMET-0001064,3.14,train,3to4,4,0.36567995105736334,0.5524711181827795,0.05153036091754217,0.0026507329009372456,0.027667836941377758,3to4
4003,4004,OADMET-0001063,2.44,train,lt3,1,0.5094236277814106,0.46455807791719433,0.01866749726238187,0.0025030491641643226,0.004847747874848951,lt3
4004,4005,OADMET-0001062,3.3,train,3to4,3,0.4131426534357337,0.4967241312675017,0.06232373448347723,0.007638775317010716,0.020170705496276618,3to4
4005,4006,OADMET-0001061,4.08,train,4to5,3,0.4277162729141993,0.47059716744494995,0.058351414833812,0.006960008116178551,0.036375136690860226,3to4
4006,4007,OADMET-0001060,3.97,train,3to4,2,0.18523168535866932,0.3059172081568145,0.2712279335893149,0.0905178338609921,0.1471053390342092,3to4
4007,4008,OADMET-0001059,3.61,train,3to4,0,0.018208679928274903,0.12079246592254518,0.6368497349122648,0.1935607413606042,0.030588377876310958,4to5
4008,4009,OADMET-0001058,4.1,train,4to5,4,0.0006761359302905869,0.004852566798300016,0.2349415536719279,0.5559557000337484,0.20357404356573308,5to6
4009,4010,OADMET-0001057,3.65,train,3to4,3,0.32969383756306847,0.5620159737101783,0.08796761545406197,0.008114985522869381,0.012207587749821936,3to4
4010,4011,OADMET-0001056,3.92,train,3to4,4,0.011451276961202992,0.05043841530609729,0.4853906934013504,0.36432161961153303,0.08839799471981637,4to5
4011,4012,OADMET-0001055,2.8,train,lt3,3,0.20573468865980707,0.567702023783308,0.19595896120967463,0.0176013232781756,0.013003003069034609,3to4
4012,4013,OADMET-0001054,2.56,train,lt3,3,0.49808893732395254,0.47087345753336485,0.01856611599899396,0.0019122966784128293,0.010559192465275806,lt3
4013,4014,OADMET-0001053,4.64,train,4to5,4,0.05193373265763719,0.2776204687002371,0.5301858265725646,0.1214025038689748,0.01885746820058626,4to5
4014,4015,OADMET-0001052,2.85,train,lt3,2,0.611430233450888,0.3682632778609477,0.007274598416635752,0.0012502898578559036,0.01178160041367263,lt3
4015,4016,OADMET-0001051,2.49,train,lt3,0,0.40567717877271936,0.5452720842162813,0.03453962702079707,0.003441985987510312,0.01106912400269205,3to4
4016,4017,OADMET-0001050,2.16,train,lt3,0,0.5649491453831227,0.33777558237317906,0.01655935468332061,0.004223512414821215,0.0764924051455564,lt3
4017,4018,OADMET-0001049,4.01,train,4to5,3,0.042936958372592926,0.2012065201997757,0.5501906871795654,0.16508957743644714,0.040576256811618805,4to5
4018,4019,OADMET-0001048,2.97,train,lt3,4,0.24390476169738742,0.6178827090114243,0.12693936720868715,0.007006778159895486,0.004266383922605726,3to4
4019,4020,OADMET-0001047,3.79,train,3to4,3,0.30377143960935743,0.49367869452028007,0.1330615594952728,0.019214999145437024,0.05027330722965271,3to4
4020,4021,OADMET-0001046,4.23,train,4to5,3,0.0065509709082702105,0.034897664941790404,0.2585547732564428,0.4599944946725109,0.24000209622098564,5to6
4021,4022,OADMET-0001045,4.29,train,4to5,3,0.027902925707256197,0.14378517500865712,0.5212787797557353,0.24901643853390668,0.058016680994444715,4to5
4022,4023,OADMET-0001044,3.2,train,3to4,1,0.7395419581298791,0.25010079493362514,0.004253955151460557,0.0008684588367795608,0.005234832948255648,lt3
4023,4024,OADMET-0001043,3.76,train,3to4,1,0.17586753345226694,0.49148843109295504,0.2730474329640565,0.04217272404425541,0.01742387844646611,3to4
4024,4025,OADMET-0001042,3.87,train,3to4,4,0.07747380449897387,0.34538823430498733,0.46639117685405757,0.09094589965594169,0.019800884686039546,4to5
4025,4026,OADMET-0001041,3.76,train,3to4,4,0.6997293323171125,0.2766184246079408,0.00438404787338819,0.0001940809185938119,0.019074114282964703,lt3
4026,4027,OADMET-0001040,3.08,train,3to4,3,0.2204060546293629,0.5519677976073034,0.1940219842120186,0.019357431607852013,0.014246731943463042,3to4
4027,4028,OADMET-0001039,3.33,train,3to4,4,0.26512956866183846,0.5655685715895944,0.14078425002083414,0.011406548427478862,0.017111061300254065,3to4
4028,4029,OADMET-0001038,3.97,train,3to4,1,0.12287001576224281,0.4578571438509971,0.3646600699837106,0.04243609143205374,0.01217667897099581,3to4
4029,4030,OADMET-0001037,2.68,train,lt3,3,0.5326947885591019,0.44136915268622606,0.016251592973046933,0.0015614288037449798,0.008123036977880086,lt3
4030,4031,OADMET-0001036,2.5,train,lt3,4,0.5327336910093544,0.43822600517610777,0.016072573572457477,0.0006700451471552351,0.012297685094925079,lt3
4031,4032,OADMET-0001035,3.12,train,3to4,0,0.2196107086011744,0.5849048764498042,0.1679003442879574,0.01499256594148096,0.012591504719583054,3to4
4032,4033,OADMET-0001034,3.56,train,3to4,0,0.42626869457370997,0.5005096521092772,0.04659818041936824,0.005976800728019002,0.020646672169625496,3to4
4033,4034,OADMET-0001033,2.04,train,lt3,0,0.7744089822081562,0.20246849659033211,0.0031312831663015024,0.001031766822923182,0.018959471212286957,lt3
4034,4035,OADMET-0001032,2.5,train,lt3,3,0.7374381158327582,0.19204484789274998,0.005586914969206459,0.00232832120949542,0.06260180009578993,lt3
4035,4036,OADMET-0001031,3.73,train,3to4,0,0.2162582475571778,0.5532215576050078,0.18708898745994143,0.020517147122083832,0.022914060255789185,3to4
4036,4037,OADMET-0001030,3.39,train,3to4,3,0.42204531339388995,0.5118213808565641,0.047264910464048446,0.004841892435463967,0.01402650285003353,3to4
4037,4038,OADMET-0001029,2.7,train,lt3,4,0.2771082759150394,0.5863392823507977,0.12015932540999308,0.007241214470427546,0.009151901853742317,3to4
4038,4039,OADMET-0001028,3.44,train,3to4,1,0.02169531932068632,0.11958805338008642,0.5626833375988528,0.2233406727387681,0.07269261696160641,4to5
4039,4040,OADMET-0001027,3.67,train,3to4,0,0.5270066006068669,0.3977163837465905,0.026778827055823982,0.005627542461611137,0.04287064612910747,lt3
4040,4041,OADMET-0001026,2.94,train,lt3,4,0.6817861798798656,0.29308387651639134,0.0047402218938975066,0.00024005302123495206,0.02014966868861067,lt3
4041,4042,OADMET-0001025,2.39,train,lt3,4,0.5086920016214148,0.4238654766836777,0.026642269102169734,0.001859970068323006,0.03894028252441471,lt3
4042,4043,OADMET-0001024,4.24,train,4to5,3,0.20897998090909778,0.5716237473717087,0.19180840414601902,0.015915636106618423,0.011672231466556045,3to4
4043,4044,OADMET-0001023,5.58,train,5to6,0,0.00010465669161142359,0.001060900407263349,0.03426808159062554,0.3873943731978544,0.5771719881126453,gte6
4044,4045,OADMET-0001022,2.31,train,lt3,1,0.7239273993021591,0.25925109529827234,0.006185035863348025,0.0012923543477229326,0.00934411518849761,lt3
4045,4046,OADMET-0001021,1.62,train,lt3,4,0.1345779698027648,0.44810268641283263,0.35279643183920023,0.04721264520381728,0.01731026674138507,3to4
4046,4047,OADMET-0001020,2.74,train,lt3,1,0.7276568274702804,0.26063549024011184,0.005205057462627957,0.001107127268279234,0.0053954975587006074,lt3
4047,4048,OADMET-0001019,2.31,train,lt3,2,0.7120518761063924,0.2744812398903904,0.0032548739459686725,0.0007045308087450801,0.009507479248503436,lt3
4048,4049,OADMET-0001018,3.34,train,3to4,3,0.42563052796190554,0.5315368625518517,0.02727660648090775,0.002533156820826115,0.01302284618450891,3to4
4049,4050,OADMET-0001017,4.26,train,4to5,3,0.2846047627952748,0.4987389528912503,0.1495820756000256,0.02212183028291254,0.044952378430536774,3to4
4050,4051,OADMET-0001016,3.28,train,3to4,3,0.42028461037348225,0.5256248481238502,0.04092995642317418,0.0030716323339057827,0.010088952745587548,3to4
4051,4052,OADMET-0001015,4.0,train,3to4,2,0.05942361713314627,0.14990873411433794,0.43601580804562856,0.24049906074257105,0.11415277996431619,4to5
4052,4053,OADMET-0001014,4.11,train,4to5,1,0.036508936026965054,0.16009950458892244,0.5635462936362666,0.18831762461009297,0.05152764113775297,4to5
4053,4054,OADMET-0001013,2.37,train,lt3,3,0.6175748422596967,0.33105324180389556,0.014956965356477961,0.003416524344809517,0.03299842623512029,lt3
4054,4055,OADMET-0001012,3.47,train,3to4,3,0.7336352505969799,0.23828998332878681,0.005077094331903994,0.001341560746120549,0.021656110996208736,lt3
4055,4056,OADMET-0001011,3.14,train,3to4,3,0.18500813686747733,0.5837838004771115,0.20304758676567275,0.017362570244573865,0.01079790564516452,3to4
4056,4057,OADMET-0001010,5.6,train,5to6,3,0.011672564858298706,0.0590319190297494,0.456077161424365,0.35692492360107086,0.11629343108651602,4to5
4057,4058,OADMET-0001009,3.21,train,3to4,0,0.3161084089756447,0.6254650421373993,0.04977227428218457,0.0025751567721500087,0.006079117832621424,3to4
4058,4059,OADMET-0001008,2.78,train,lt3,0,0.6703124124360319,0.29633403169380074,0.01085100708123072,0.0016658227153334617,0.020836726073603217,lt3
4059,4060,OADMET-0001007,1.63,train,lt3,0,0.5009816041663055,0.4033303657765413,0.034751096887692685,0.008144252531560712,0.05279268063789972,lt3
4060,4061,OADMET-0001006,4.26,train,4to5,0,0.007212701389134652,0.044751413171413804,0.38325983500271593,0.44429067500309594,0.12048537543363971,5to6
4061,4062,OADMET-0001005,2.67,train,lt3,3,0.7762607964623474,0.19244581541605868,0.004349760263761432,0.0012549907021666487,0.025688637155665894,lt3
4062,4063,OADMET-0001004,2.79,train,lt3,1,0.784615772486142,0.2081868536558088,0.002460660047733115,0.0005621015723223185,0.004174612237993761,lt3
4063,4064,OADMET-0001003,3.49,train,3to4,0,0.4706299486833684,0.4683029536064451,0.03485358047893282,0.005725868370630302,0.020487648860623413,lt3
4064,4065,OADMET-0001002,3.6,train,3to4,3,0.6141389798336965,0.3473053642933435,0.014989505462111079,0.0026088718462456938,0.020957278564603273,lt3
4065,4066,OADMET-0001001,2.92,train,lt3,0,0.5571233947987276,0.4269385124607219,0.008301361980698503,0.0008001304996134731,0.006836600260238453,lt3
4066,4067,OADMET-0001000,2.65,train,lt3,1,0.5624397707609763,0.4183426585051465,0.013604249114700056,0.0013291201810938773,0.004284201438083333,lt3
4067,4068,OADMET-0000999,4.84,train,4to5,3,0.0013114746634039513,0.010494953559318669,0.31812252401892877,0.5468966755898751,0.12317437216847345,5to6
4068,4069,OADMET-0000998,2.57,train,lt3,0,0.583931303426094,0.2553113261034742,0.013663110238124459,0.006744595196578261,0.14034966503572904,lt3
4069,4070,OADMET-0000997,3.07,train,3to4,4,0.518594631396178,0.4569334763199814,0.015624239374106614,0.0005329687355024451,0.00831468417423155,lt3
4070,4071,OADMET-0000996,4.55,train,4to5,3,0.0040408975566702645,0.02714750549991346,0.30738938802420485,0.49733125855166527,0.1640909503675462,5to6
4071,4072,OADMET-0000995,2.93,train,lt3,1,0.35716285993926555,0.5862171003385371,0.04881005692156681,0.00348551824480198,0.004324464555828555,3to4
4072,4073,OADMET-0000994,3.14,train,3to4,2,0.4187842745956422,0.5162366799324771,0.04585246893368908,0.0037283400374986896,0.015398236500692922,3to4
4073,4074,OADMET-0000993,2.75,train,lt3,4,0.41897269615188953,0.5295517385428578,0.03888745562485469,0.0016209715796153443,0.010967138100782729,3to4
4074,4075,OADMET-0000992,3.26,train,3to4,1,0.36929687467301847,0.5721333696794974,0.04968202033188381,0.003708014391935048,0.005179720923665305,3to4
4075,4076,OADMET-0000991,3.17,train,3to4,3,0.9146168023488154,0.06402287158466936,0.0010468458501915318,0.0005231428880272446,0.01979033732829648,lt3
4076,4077,OADMET-0000990,4.39,train,4to5,4,0.02875410914182893,0.11507329939769004,0.5608473943063398,0.2477259752637114,0.047599221890429866,4to5
4077,4078,OADMET-0000989,3.63,train,3to4,0,0.35322818966032066,0.5403611783300051,0.08296588997604726,0.00700174800263981,0.016442994030987243,3to4
4078,4079,OADMET-0000988,3.79,train,3to4,0,0.1278091837139306,0.33397827050057455,0.35169500636599965,0.0943220644343207,0.09219547498517446,4to5
4079,4080,OADMET-0000987,4.19,train,4to5,3,0.1795863596306226,0.5881017243864352,0.20740262449356064,0.015226289105254507,0.009683002384127035,3to4
4080,4081,OADMET-0000986,3.86,train,3to4,1,0.09574490268416297,0.4165791346117949,0.40777329387995315,0.05921721511092179,0.020685453713167164,3to4
4081,4082,OADMET-0000985,4.55,train,4to5,4,0.06390245688443053,0.30187506973801304,0.5127942905033963,0.10693758198275059,0.014490600891409584,4to5
4082,4083,OADMET-0000984,3.92,train,3to4,3,0.2494238780308209,0.5563794410737753,0.1623966257430393,0.01628116342608644,0.015518891726277994,3to4
4083,4084,OADMET-0000983,2.32,train,lt3,4,0.6126389998785152,0.3647252559292314,0.007309932141503329,0.0002728753270879807,0.015052936723662154,lt3
4084,4085,OADMET-0000982,3.01,train,3to4,1,0.44206980823358705,0.5185634255975031,0.028537678154669097,0.003535243753240672,0.007293844261000091,3to4
4085,4086,OADMET-0000981,3.99,train,3to4,3,0.0679839633552428,0.30571201785331986,0.5081659612227153,0.09667926389738095,0.02145879367134117,4to5
4086,4087,OADMET-0000980,2.74,train,lt3,3,0.3576395974442513,0.5666032818480103,0.06220403081908707,0.004533362405994445,0.009019727482656855,3to4
4087,4088,OADMET-0000979,3.6,train,3to4,2,0.15056723626391072,0.5341564580131212,0.274031378477132,0.032218777758037984,0.009026149487798098,3to4
4088,4089,OADMET-0000978,4.25,train,4to5,3,0.0256912788530725,0.1236714301333896,0.537613582706755,0.25921461565527204,0.05380909265151082,4to5
4089,4090,OADMET-0000977,2.68,train,lt3,1,0.47346603727083225,0.49559163897235614,0.02337744266169454,0.0029253924642619437,0.004639488630855141,3to4
4090,4091,OADMET-0000976,3.81,train,3to4,1,0.08502111092272731,0.31101343962590217,0.4693323811689729,0.10205776548557775,0.03257530279681989,4to5
4091,4092,OADMET-0000975,3.28,train,3to4,0,0.6704864817294919,0.29438809944931327,0.006933541828900447,0.0015012436321124466,0.02669063336018192,lt3
4092,4093,OADMET-0000974,3.64,train,3to4,3,0.3650775879238458,0.5559904166280824,0.06451991470803203,0.005336866321403124,0.009075214418636691,3to4
4093,4094,OADMET-0000973,4.06,train,4to5,0,0.022274573767008473,0.14055104239543434,0.6052075489191514,0.20211775149141809,0.02984908342698775,4to5
4094,4095,OADMET-0000972,4.36,train,4to5,1,0.005471112257531959,0.034260545245004305,0.47846559135676914,0.3894656932863006,0.09233705785439404,4to5
4095,4096,OADMET-0000971,3.09,train,3to4,0,0.4019304872280118,0.5412293948530531,0.04035961389277551,0.004036195803155719,0.01244430822300392,3to4
4096,4097,OADMET-0000970,4.25,train,4to5,4,0.005348175843777892,0.036863357377996404,0.48898572458305545,0.37954405515706624,0.08925868703810404,4to5
4097,4098,OADMET-0000969,3.92,train,3to4,2,0.02307332112240299,0.12715834331825993,0.6161469198161851,0.2047574363471663,0.02886397939598568,4to5
4098,4099,OADMET-0000968,3.94,train,3to4,0,0.35062213311711066,0.5774313573555424,0.059139640468569135,0.003776356890544738,0.009030512168233022,3to4
4099,4100,OADMET-0000967,3.13,train,3to4,2,0.544947369927908,0.4272354120843982,0.013965070772535669,0.001738209459633524,0.012113937755524596,lt3
4100,4101,OADMET-0000966,3.9,train,3to4,3,0.22557103801944134,0.5413289706507993,0.19434993113838084,0.0209761244876394,0.017773935703739044,3to4
4101,4102,OADMET-0000965,2.96,train,lt3,0,0.7250972699968491,0.24148341554966912,0.004831090775901721,0.0015374256256310275,0.027050798051948995,lt3
4102,4103,OADMET-0000964,3.15,train,3to4,4,0.3413882308761647,0.5877005632473683,0.06030131444036848,0.002726434534475711,0.007883456901622767,3to4
4103,4104,OADMET-0000963,3.93,train,3to4,3,0.3566051796298628,0.5654435872309661,0.0632134465708421,0.0052494114433524735,0.00948837512497645,3to4
4104,4105,OADMET-0000962,4.39,train,4to5,4,0.03945918293015995,0.1636904292473846,0.5209229472073253,0.2060834272336194,0.06984401338151068,4to5
4105,4106,OADMET-0000961,2.44,train,lt3,1,0.505301382860707,0.4626332814805321,0.021650445162371013,0.0024737157637453335,0.007941174732644553,lt3
4106,4107,OADMET-0000960,3.63,train,3to4,3,0.3107196943268223,0.5541284006909225,0.09643693133578266,0.011209121748677617,0.02750585189779496,3to4
4107,4108,OADMET-0000959,2.7,train,lt3,4,0.4780609929929084,0.4886209691473064,0.02362007100920578,0.0009484259110475573,0.008749540939531874,3to4
4108,4109,OADMET-0000958,2.56,train,lt3,2,0.7294228997296505,0.2541648948876226,0.0030921873415936775,0.0006927428509018253,0.012627275190231383,lt3
4109,4110,OADMET-0000957,3.56,train,3to4,2,0.31924994226917364,0.4706459851851755,0.12889610807133203,0.02299541337767601,0.05821255109664281,3to4
4110,4111,OADMET-0000956,2.94,train,lt3,3,0.7498748949819787,0.15067145623976963,0.005808959758748429,0.002602281325517275,0.09104240769398604,lt3
4111,4112,OADMET-0000955,3.66,train,3to4,0,0.21907107961206126,0.41619611751083463,0.21413459336850899,0.05541846260264511,0.09517974690595005,3to4
4112,4113,OADMET-0000954,2.48,train,lt3,4,0.5447146114901817,0.4404643627188655,0.009661900488784682,0.00023817530679429724,0.004920949995373718,lt3
4113,4114,OADMET-0000953,2.73,train,lt3,0,0.4845531073837934,0.4849104670159851,0.01919821379937558,0.001992718928344911,0.009345492872500987,3to4
4114,4115,OADMET-0000952,3.99,train,3to4,1,0.12492939248078538,0.36420701238294073,0.4043812563465323,0.08383818325408812,0.02264415553565344,4to5
4115,4116,OADMET-0000951,3.33,train,3to4,0,0.7926185737232684,0.1821285500596709,0.003480970136540006,0.0010292826158001017,0.02074262346472057,lt3
4116,4117,OADMET-0000950,3.79,train,3to4,1,0.10529557007750308,0.41057774959885374,0.4030266754723838,0.055983171596903726,0.025116833254355625,3to4
4117,4118,OADMET-0000949,3.08,train,3to4,3,0.46406343622511576,0.4667544071252965,0.040986854621196965,0.005014601168236324,0.023180700860154536,3to4
4118,4119,OADMET-0000948,3.13,train,3to4,3,0.7691558358905449,0.1818301612728478,0.0049245723005215646,0.0019388715468500746,0.042150558989235656,lt3
4119,4120,OADMET-0000947,2.15,train,lt3,1,0.3653980466321256,0.5491657812210486,0.06454776924440436,0.009416586649294297,0.011471816253127036,3to4
4120,4121,OADMET-0000946,2.52,train,lt3,0,0.1716010306064241,0.560275923242601,0.23218480206642378,0.023773923981238534,0.012164320103312583,3to4
4121,4122,OADMET-0000945,3.26,train,3to4,4,0.6051258802549181,0.3688708398525415,0.009000355023381989,0.00038368652111594965,0.016619238348042433,lt3
4122,4123,OADMET-0000944,2.54,train,lt3,1,0.7755906811668338,0.21559303147583578,0.0027628241459767737,0.0007781767866162109,0.00527528642473747,lt3
4123,4124,OADMET-0000943,2.61,train,lt3,3,0.7193736214986767,0.2699464179353104,0.00331207960074432,0.0005171053769040089,0.006850775588364595,lt3
4124,4125,OADMET-0000942,2.26,train,lt3,4,0.3242993058284276,0.5947807433990672,0.07070123407556733,0.003424037715151924,0.006794678981785979,3to4
4125,4126,OADMET-0000941,3.86,train,3to4,0,0.3655297345831234,0.5253159242352233,0.07460960516508951,0.01036087484852516,0.024183861168038643,3to4
4126,4127,OADMET-0000940,3.09,train,3to4,3,0.6133965043888226,0.31607975474006406,0.01396144040573115,0.0032464131998776596,0.05331588726550447,lt3
4127,4128,OADMET-0000939,4.76,train,4to5,1,0.02141359733212899,0.08596667295085861,0.47977141560060693,0.31085355796147457,0.1019947561549309,4to5
4128,4129,OADMET-0000938,2.34,train,lt3,4,0.7252288097164529,0.25900526536463964,0.003064901880009173,0.00012150343655114791,0.01257951960234721,lt3
4129,4130,OADMET-0000937,2.83,train,lt3,0,0.46924328935121173,0.4898638142920951,0.026387326493078823,0.0027676653194269128,0.011737904544187444,3to4
4130,4131,OADMET-0000936,3.96,train,3to4,3,0.3088383212650341,0.5608035624345736,0.10427753818796978,0.009285171023332749,0.016795407089089786,3to4
4131,4132,OADMET-0000935,2.59,train,lt3,0,0.426930311007431,0.5272674821447528,0.03262820259958987,0.0029851105495041284,0.010188893698722128,3to4
4132,4133,OADMET-0000934,2.14,train,lt3,4,0.5292416448095664,0.4102967696188952,0.018270789324131922,0.0011830455976522228,0.041007750649754295,lt3
4133,4134,OADMET-0000933,4.05,train,4to5,4,0.014779492992468283,0.06493462525405548,0.506537429890969,0.3439020463242822,0.06984640553822509,4to5
4134,4135,OADMET-0000932,2.64,train,lt3,3,0.8427609205000696,0.14557319879108185,0.0016408357768773324,0.00045004210549959555,0.009575002826471609,lt3
4135,4136,OADMET-0000931,4.35,train,4to5,1,0.007166529718636742,0.04426073850764729,0.5221645622951201,0.3391737206052337,0.08723444887336222,4to5
4136,4137,OADMET-0000930,2.76,train,lt3,4,0.5510424351959012,0.4289190154798825,0.0117682860660734,0.00036170854427702853,0.007908554713865814,lt3
4137,4138,OADMET-0000929,2.13,train,lt3,4,0.8102646889488605,0.16956184434815597,0.0016835954371777777,8.654457444727053e-05,0.018403326691358475,lt3
4138,4139,OADMET-0000928,1.88,train,lt3,0,0.7412555288503591,0.22749841430397588,0.0052027553816589,0.0014179384005571422,0.024625363063449014,lt3
4139,4140,OADMET-0000927,2.32,train,lt3,3,0.8709981903192517,0.09646113068085399,0.001896602188784188,0.000925793705663217,0.029718283105446896,lt3
4140,4141,OADMET-0006617,3.515,as1,3to4,0,0.15306402507204023,0.464831002899565,0.29207741627731604,0.046643477030681425,0.04338407872039725,3to4
4141,4143,OADMET-0006615,5.335,as1,5to6,0,0.01873048043322355,0.08394175861710786,0.3446193375954703,0.39390135251620434,0.15880707083799397,5to6
4142,4146,OADMET-0006612,4.28,as1,4to5,4,0.028282302554037516,0.1332109471116568,0.591128252116153,0.22364121018503644,0.02373728803311616,4to5
4143,4148,OADMET-0006610,4.949999999999999,as1,4to5,0,0.0016281348736535215,0.01455332905058126,0.31334149997996,0.5398357538218579,0.1306412822739473,5to6
4144,4149,OADMET-0006609,2.015,as1,lt3,4,0.5007225182064294,0.4669803890302577,0.019032913838076666,0.0007384921636211802,0.012525686761614979,lt3
4145,4152,OADMET-0006606,5.49,as1,5to6,1,0.0005298125931827131,0.004772850334795709,0.15089505982017726,0.5370335604238625,0.30676871682798174,5to6
4146,4154,OADMET-0006604,4.715,as1,4to5,4,0.06950726334189153,0.2371009132374044,0.49439370447995623,0.1468158209815032,0.05218229795924463,4to5
4147,4155,OADMET-0006603,2.275,as1,lt3,1,0.4489402937194115,0.5205500914639478,0.022061801400926527,0.002809023821408578,0.0056387895943055735,3to4
4148,4158,OADMET-0006600,3.99,as1,3to4,0,0.12063811981357712,0.5638329160913682,0.2832686191605864,0.02419997282270451,0.008060372111763804,3to4
4149,4159,OADMET-0006599,2.3600000000000003,as1,lt3,3,0.35856944422769205,0.5912219302483516,0.04159629356562056,0.0023051933449838124,0.006307138613352008,3to4
4150,4161,OADMET-0006597,5.215,as1,5to6,0,0.035461891046219794,0.14331023234899828,0.43035193796807597,0.29330360561642493,0.09757233302028105,4to5
4151,4162,OADMET-0006596,4.89,as1,4to5,4,0.1956289486725275,0.4358053939116972,0.2704933482969795,0.04413044660797542,0.053941862510820386,3to4
4152,4165,OADMET-0006593,4.46,as1,4to5,4,0.12084336513586129,0.3463856345603562,0.3936078880543188,0.08529193127432927,0.05387118097513446,4to5
4153,4169,OADMET-0006589,3.42,as1,3to4,3,0.14513063008461127,0.5325818453672955,0.2805803028548545,0.029142134173054807,0.012565087520183916,3to4
4154,4171,OADMET-0006587,5.31,as1,5to6,3,0.0035326209367227738,0.028881384765822863,0.4303053743176804,0.4540242370934764,0.08325638288629757,5to6
4155,4173,OADMET-0006585,4.215,as1,4to5,2,0.26553630433177494,0.5038969441667654,0.16081440209128853,0.02397968211800334,0.04577266729216773,3to4
4156,4176,OADMET-0006582,4.67,as1,4to5,3,0.025688478340380218,0.1654721622843718,0.6185657885884376,0.17002756640273978,0.02024600438407057,4to5
4157,4177,OADMET-0006581,5.395,as1,5to6,2,0.0028869619160971625,0.010638560180830025,0.0671257600969702,0.32399958409834606,0.5953491337077566,gte6
4158,4178,OADMET-0006580,5.265,as1,5to6,2,0.00015365596773875387,0.0017689797758137784,0.1290229820356062,0.6030680366095814,0.26598634561125983,5to6
4159,4179,OADMET-0006579,5.15,as1,5to6,3,0.001637070227478826,0.013023412955135955,0.35894978924750537,0.527852563943034,0.09853716362684578,5to6
4160,4180,OADMET-0006578,4.890000000000001,as1,4to5,3,0.0011498617883252333,0.01079158622204342,0.34740792127685977,0.53345642052032,0.10719421019245148,5to6
4161,4184,OADMET-0006574,5.405,as1,5to6,0,0.01050210059939947,0.02269637887461064,0.05744869457948308,0.20614744089276946,0.7032053850537373,gte6
4162,4185,OADMET-0006573,4.775,as1,4to5,0,0.24533407207329516,0.5150484404336777,0.17857812211976853,0.029565438407917033,0.031473926965341514,3to4
4163,4188,OADMET-0006570,4.84,as1,4to5,4,6.697450374953361e-05,0.0004898618051062618,0.05954419630441476,0.49851195404744275,0.4413870133392867,5to6
4164,4189,OADMET-0006568,5.105,as1,5to6,0,0.007942180784710467,0.04858565522038731,0.4471637440039313,0.41137056010326145,0.08493785988770947,4to5
4165,4190,OADMET-0006567,4.835,as1,4to5,2,0.0073241202344406465,0.03605203058715995,0.45709930147321803,0.41578839390878736,0.083736153796394,4to5
4166,4191,OADMET-0006566,1.945,as1,lt3,3,0.3074818343925914,0.6010974239748313,0.07230232912868367,0.0054727961339264,0.013645616369967174,3to4
4167,4192,OADMET-0006565,4.975,as1,4to5,0,0.025139511464034668,0.16031760810504225,0.6070936073436227,0.17831962569983348,0.029129647387466873,4to5
4168,4193,OADMET-0006564,5.13,as1,5to6,3,0.0004105217168485147,0.004045015139402155,0.23265611771263794,0.5881246238833648,0.1747637215477465,5to6
4169,4195,OADMET-0006561,5.305,as1,5to6,4,0.00010658791631254831,0.0006403056615777571,0.048579274107100875,0.4308024544082571,0.5198713779067518,gte6
4170,4197,OADMET-0006559,4.245,as1,4to5,0,0.035436615244813854,0.26418486363678784,0.5729497648196549,0.11439945802992477,0.01302929826881867,4to5
4171,4199,OADMET-0006557,4.63,as1,4to5,4,0.0013834597439105754,0.004040084215302765,0.05657544221912191,0.29046266564322903,0.6475383481784357,gte6
4172,4201,OADMET-0006555,5.335,as1,5to6,3,0.0002566840710980237,0.0027779164628581555,0.1964916630321063,0.605694321039141,0.1947794153947965,5to6
4173,4204,OADMET-0006552,5.41,as1,5to6,4,0.015231829647296916,0.07579671845648611,0.5423830929452472,0.31284834003312534,0.053740018917844336,4to5
4174,4208,OADMET-0006548,4.065,as1,4to5,2,0.23096351492753608,0.6194712164835261,0.132899977105345,0.009768056123763833,0.0068972353598289425,3to4
4175,4209,OADMET-0006547,4.925000000000001,as1,4to5,1,0.04491956753925939,0.24642112024951696,0.5645233203444262,0.12113526057370996,0.02300073129308752,4to5
4176,4210,OADMET-0006546,6.72,as1,gte6,1,0.000443372347273213,0.0021544443233990924,0.01690972021175995,0.15773218716836562,0.8227602759492021,gte6
4177,4211,OADMET-0006545,4.96,as1,4to5,3,0.0007233019470860393,0.006856455374651466,0.22538320414522392,0.5680993718347074,0.19893766669833124,5to6
4178,4212,OADMET-0006544,4.87,as1,4to5,4,0.08353037999941366,0.370198541978956,0.4535532521918367,0.07826927925406234,0.014448546575731327,4to5
4179,4214,OADMET-0006542,5.565,as1,5to6,1,0.0008355167734450583,0.006809600101020931,0.1138648305858498,0.41232481222046796,0.46616524031921625,gte6
4180,4216,OADMET-0006540,5.805,as1,5to6,1,0.0006645596830546505,0.005100772456907763,0.0647367578631273,0.3147845108290856,0.6147133991678246,gte6
4181,4217,OADMET-0006539,5.390000000000001,as1,5to6,3,0.0008389378643234135,0.008378549340930217,0.2796616508192239,0.5659480001682367,0.1451728618072858,5to6
4182,4219,OADMET-0006536,4.605,as1,4to5,4,0.0038203720168780582,0.02173442695183897,0.364358235866222,0.4744467391105966,0.13564022605446435,5to6
4183,4221,OADMET-0006534,2.8200000000000003,as1,lt3,2,0.014456077651491732,0.10020238181259046,0.5987560014221743,0.2545821861138002,0.03200335299994326,4to5
4184,4222,OADMET-0006533,4.655,as1,4to5,3,0.22707023285372027,0.6383856450252642,0.12009223014995422,0.0070089271268601,0.0074429648442012495,3to4
4185,4223,OADMET-0006532,5.25,as1,5to6,0,0.007788166200678187,0.049610937583161284,0.42675422509282984,0.42133231852454606,0.09451435259878462,4to5
4186,4224,OADMET-0006531,5.955,as1,5to6,2,0.09501286916377236,0.1485561811079302,0.23019776209304801,0.18154398285400944,0.34468920478124,gte6
4187,4225,OADMET-0006530,5.445,as1,5to6,4,0.003659059511915778,0.015365942320502125,0.24407562516879158,0.4346564096889554,0.3022429633098351,5to6
4188,4226,OADMET-0006529,5.375,as1,5to6,4,0.1196223949859026,0.41957337221731517,0.3845082895462271,0.06065377242813456,0.01564217082242054,3to4
4189,4229,OADMET-0006525,4.415,as1,4to5,1,0.35231057596900855,0.5834291111699293,0.054451045865961445,0.0043262649363189545,0.005483002058781729,3to4
4190,4231,OADMET-0006523,4.76,as1,4to5,2,0.0045021174241734,0.026247613772395356,0.3885163781923997,0.49909145296125423,0.08164243764977727,5to6
4191,4232,OADMET-0006522,5.625,as1,5to6,2,0.009601998680748099,0.037468320086033936,0.2454112220573297,0.45343799521096817,0.2540804639649201,5to6
4192,4234,OADMET-0006520,4.845000000000001,as1,4to5,4,0.044314893917247966,0.20587431962673083,0.5572868471403507,0.16516239602717317,0.027361543288497298,4to5
4193,4237,OADMET-0006517,4.244999999999999,as1,4to5,1,0.059729269912148275,0.24954105544529442,0.5315007767453211,0.12086708688236125,0.03836181101487495,4to5
4194,4239,OADMET-0006515,5.23,as1,5to6,0,0.06424874019437476,0.33708607899333476,0.4912326597330521,0.0886345871639655,0.018797933915272846,4to5
4195,4240,OADMET-0006514,2.725,as1,lt3,3,0.14796805989932657,0.5299687665719529,0.2804753017142235,0.025910269787295475,0.01567760202720153,3to4
4196,4243,OADMET-0006511,3.655,as1,3to4,2,0.21365920206669722,0.5884213584573325,0.17204575641187272,0.015284696949755237,0.010588986114342374,3to4
4197,4247,OADMET-0006507,4.465,as1,4to5,2,0.0873449353995745,0.3424309726351691,0.4449531353087512,0.09842222000617123,0.02684873665033399,4to5
4198,4248,OADMET-0006506,2.2,as1,lt3,4,0.23902767562734417,0.6109552298073392,0.13193076664678613,0.008902714463378567,0.009183613455151951,3to4
4199,4250,OADMET-0006504,5.15,as1,5to6,0,0.004058008451499775,0.02926706080668601,0.3537126695554023,0.4898511055007547,0.1231111556856572,5to6
4200,4253,OADMET-0006501,4.27,as1,4to5,3,0.16100989542639682,0.46700548539455067,0.30087096181566003,0.04273767815484702,0.028375979208545486,3to4
4201,4255,OADMET-0006499,5.065,as1,5to6,0,0.040290857170659514,0.2576963214273935,0.562188188207195,0.12123211789241016,0.018592515302341822,4to5
4202,4260,OADMET-0006494,4.295,as1,4to5,3,0.009531864381536716,0.06483029969021922,0.5647361569528495,0.3108237515876278,0.05007792738776674,4to5
4203,4264,OADMET-0006490,3.245,as1,3to4,1,0.40196785896371406,0.5118809034895913,0.0703472601832838,0.006622161784088765,0.009181815579322069,3to4
4204,4270,OADMET-0006484,5.51,as1,5to6,4,0.009298121366129564,0.0387493364024112,0.38375969934955856,0.39693301102842554,0.17125983185347515,5to6
4205,4272,OADMET-0006482,6.035,as1,gte6,0,0.00023765610924604972,0.0026359943749703894,0.03413687163182549,0.3458976037413251,0.6170918741426329,gte6
4206,4276,OADMET-0006477,5.35,as1,5to6,0,0.00268336680129671,0.01961025707072176,0.48698016787487103,0.435952986211639,0.054773222041471434,4to5
4207,4280,OADMET-0006472,1.755,as1,lt3,4,0.3987917188903845,0.524946078403547,0.05584329205458793,0.0035343420602710882,0.016884568591209476,3to4
4208,4283,OADMET-0006469,4.58,as1,4to5,2,0.06796494567550962,0.26947848784274664,0.49685645862565375,0.13295366765765843,0.0327464401984316,4to5
4209,4284,OADMET-0006468,5.87,as1,5to6,2,0.004117550274687164,0.024703245287905042,0.4425769688598089,0.45542486908291635,0.0731773664946825,5to6
4210,4289,OADMET-0006463,5.54,as1,5to6,0,0.030710737809046307,0.1812731156355912,0.592002742826908,0.17010144699251525,0.02591195673593927,4to5
4211,4290,OADMET-0006462,5.550000000000001,as1,5to6,1,0.0004213512971810471,0.0034366052875115017,0.048206058901076806,0.299251512789818,0.6486844717244127,gte6
4212,4291,OADMET-0006461,5.34,as1,5to6,3,0.015085456808551456,0.08495603454323838,0.48300918666827014,0.3193124514856611,0.09763687049427887,4to5
4213,4292,OADMET-0006460,1.98,as1,lt3,2,0.39497237496373877,0.5612273684236495,0.032882656151777996,0.0022448258893580787,0.008672774571475594,3to4
4214,4294,OADMET-0006458,1.945,as1,lt3,0,0.10205305580518104,0.4592038451550386,0.3780034285334945,0.048140944264928924,0.012598726241357001,3to4
4215,4297,OADMET-0006455,6.225,as1,gte6,0,0.005559862337602996,0.03741988368930826,0.4467759822569572,0.4350270728428601,0.07521719887327147,4to5
4216,4299,OADMET-0006453,5.135,as1,5to6,2,0.002125649545973025,0.013059348272367688,0.16336766391245167,0.5233789248413865,0.29806841342782114,5to6
4217,4300,OADMET-0006452,4.72,as1,4to5,2,0.04001337751776079,0.28965059570187174,0.5373387456835526,0.12167205188435432,0.011325229212460574,4to5
4218,4301,OADMET-0006451,5.11,as1,5to6,4,0.05083143711090088,0.12460292875766754,0.3386967182159424,0.2429926097393036,0.2428763061761856,4to5
4219,4303,OADMET-0006449,4.465,as1,4to5,2,0.0027287488089825017,0.016703134250961656,0.19412286403337686,0.5293502163503648,0.2570950365563141,5to6
4220,4307,OADMET-0006445,5.029999999999999,as1,5to6,0,0.0014586521944860654,0.011056770520376269,0.12020323370956744,0.44715732133026054,0.4201240222453097,5to6
4221,4308,OADMET-0006443,4.6850000000000005,as1,4to5,2,0.026367778937108777,0.17714441718794496,0.6170214207724005,0.16555657427754564,0.01390980882500008,4to5
4222,4309,OADMET-0006442,4.75,as1,4to5,0,0.017127390408579937,0.14989082040610918,0.6459944639691974,0.17025149819576094,0.016735827020352596,4to5
4223,4310,OADMET-0006441,4.734999999999999,as1,4to5,2,0.0022561671359400915,0.013029497201746777,0.18484851838456431,0.47684929085704036,0.32301652642070844,5to6
4224,4311,OADMET-0006440,5.165,as1,5to6,0,0.0032082385687408877,0.011683677094655839,0.04783951770083059,0.25357242922762313,0.6836961374081495,gte6
4225,4312,OADMET-0006439,1.745,as1,lt3,3,0.04559240126161352,0.22715784651629226,0.5475149164861346,0.15221387176255485,0.027520963973404772,4to5
4226,4316,OADMET-0006435,2.475,as1,lt3,1,0.18871233074367033,0.546974204546663,0.23218746394879664,0.022825740588569024,0.009300260172300978,3to4
4227,4318,OADMET-0006433,1.845,as1,lt3,4,0.3939200892862735,0.532611046685057,0.056630499574825605,0.003352320968462291,0.01348604348538164,3to4
4228,4320,OADMET-0006431,4.005,as1,4to5,2,0.05094858928101377,0.24706419934236706,0.5274294536198757,0.14676843364881823,0.027789324107925235,4to5
4229,4321,OADMET-0006430,5.285,as1,5to6,0,0.0006071414757357639,0.0036244704837452278,0.030451245983487193,0.25750536045808353,0.7078117815989483,gte6
4230,4322,OADMET-0006429,5.37,as1,5to6,4,0.0003303191120411074,0.0007018519229021123,0.014806232391116872,0.17881372907344376,0.8053478675004961,gte6
4231,4324,OADMET-0006427,3.38,as1,3to4,0,0.026574281530140836,0.22622118511052677,0.6093973415259718,0.12392793388040475,0.013879257952955883,4to5
4232,4327,OADMET-0006424,5.38,as1,5to6,2,0.0005968417028598364,0.0016564233389021424,0.005493193531966857,0.09309744270783629,0.8991560987184348,gte6
4233,4331,OADMET-0006420,6.140000000000001,as1,gte6,2,0.0032711703301948817,0.008643842048681318,0.028161718615243084,0.1903940085345774,0.7695292604713033,gte6
4234,4333,OADMET-0006418,3.84,as1,3to4,4,0.19154641166559674,0.556502720067085,0.223031192132858,0.02073939556610392,0.008180280568356325,3to4
4235,4335,OADMET-0006416,6.015,as1,gte6,2,0.0028186747988040778,0.01040825627079028,0.054448057321027296,0.29530608846539874,0.6370189231439796,gte6
4236,4336,OADMET-0006415,5.505000000000001,as1,5to6,0,0.001864456625326075,0.014202008477367875,0.13655027287744115,0.4783344703914293,0.3690487916284356,5to6
4237,4337,OADMET-0006414,3.74,as1,3to4,2,0.04735804571753968,0.2617315865132269,0.5600728215254136,0.11336496858446958,0.017472577659350223,4to5
4238,4338,OADMET-0006413,5.995,as1,5to6,2,0.001273880614217286,0.00922201875091758,0.4086164516255581,0.525610704323567,0.055276944685740015,5to6
4239,4339,OADMET-0006412,5.735,as1,5to6,2,0.0012099054814286138,0.0034659888887501413,0.010253047519260896,0.12660133775278723,0.8584697203577731,gte6
4240,4341,OADMET-0006410,2.535,as1,lt3,1,0.23970527506074676,0.5489798428509874,0.1833671709692637,0.018557793341778487,0.009389917777223639,3to4
4241,4342,OADMET-0006409,6.005,as1,gte6,2,0.0011174771341530638,0.006284462885731473,0.06138294236843687,0.3741413752305709,0.5570737423811077,gte6
4242,4343,OADMET-0006408,5.805,as1,5to6,2,0.0007121864959763433,0.004326814727421489,0.043462711733306854,0.33143314273556135,0.620065144307734,gte6
4243,4347,OADMET-0006404,5.465,as1,5to6,3,0.0003281749777223194,0.003008698445741868,0.11228374018621678,0.5124786069849696,0.3719007794053494,5to6
4244,4348,OADMET-0006401,4.74,as1,4to5,1,0.046914882433620665,0.24794810733257114,0.555991226181486,0.12000150099395028,0.029144283058371957,4to5
4245,4349,OADMET-0006400,4.835,as1,4to5,3,0.0020366597668383477,0.016087306831946785,0.35782328622929005,0.5112261825718867,0.1128265646000382,5to6
4246,4350,OADMET-0006399,5.17,as1,5to6,3,0.002501739672164477,0.017673129339281907,0.32269174085947505,0.5089454090381884,0.14818798109089013,5to6
4247,4353,OADMET-0006396,5.779999999999999,as1,5to6,2,0.0008090744256081451,0.006653665465419645,0.35502719348052114,0.5629101311399192,0.07459993548853186,5to6
4248,4354,OADMET-0006395,5.07,as1,5to6,0,0.011766123377199896,0.08967439671623191,0.62256490082598,0.25275617390650573,0.023238405174082426,4to5
4249,4356,OADMET-0006393,5.3100000000000005,as1,5to6,1,0.003650012517860474,0.01948267456705888,0.18578041066981021,0.36218897418966733,0.4288979280556031,gte6
4250,4362,OADMET-0006386,6.26,as1,gte6,2,0.0013461018098281032,0.005457945397950506,0.04078103425798894,0.29978980319318166,0.6526251153410508,gte6
4251,4363,OADMET-0006385,4.125,as1,4to5,1,0.1615327601100705,0.5596064860744975,0.24405624800709755,0.025145920519608903,0.009658585288725513,3to4
4252,4369,OADMET-0006379,2.97,as1,lt3,1,0.3320808186420618,0.5907840329857148,0.06359079050800548,0.006802330265595629,0.0067420275986222545,3to4
4253,4370,OADMET-0006378,4.859999999999999,as1,4to5,3,0.01825134340572045,0.11385405832708258,0.5453393710003447,0.27704499397514426,0.04551023329170806,4to5
4254,4372,OADMET-0006375,4.970000000000001,as1,4to5,2,0.0025975462049245834,0.019741730764508247,0.49815088510513306,0.442229300737381,0.03728053718805313,4to5
4255,4373,OADMET-0006374,5.6,as1,5to6,0,0.0007341408740688566,0.006769309847831703,0.21421037918581468,0.5562973101470005,0.2219888599452843,5to6
4256,4375,OADMET-0006372,4.855,as1,4to5,4,0.0015188301168338788,0.010001856178329317,0.35192997234494,0.5304427889309522,0.10610655242894461,5to6
4257,4376,OADMET-0006371,4.895,as1,4to5,3,0.0039035174123156647,0.027904176460858215,0.4940133580413455,0.4180833901893335,0.05609555789614712,4to5
4258,4378,OADMET-0006369,3.47,as1,3to4,4,0.4648284864489796,0.4777292858296799,0.02697677510162394,0.0014228904474044267,0.029042562172312117,3to4
4259,4379,OADMET-0006368,5.79,as1,5to6,0,0.0005326861728769012,0.003312718038547131,0.02139690463703352,0.22966257640964635,0.745095114741896,gte6
4260,4381,OADMET-0006366,5.915,as1,5to6,1,0.0004561234102492086,0.0035337270326980578,0.04403191070976831,0.27081504532720746,0.6811631935200769,gte6
4261,4384,OADMET-0006363,3.445,as1,3to4,3,0.3310510603764701,0.6090311616972305,0.05093466911810342,0.0027134554132881277,0.006269653394907858,3to4
4262,4387,OADMET-0006360,5.475,as1,5to6,2,0.0043444884738675854,0.025543505206967215,0.3833400589258407,0.5031294799264079,0.08364246746691657,5to6
4263,4396,OADMET-0006351,5.58,as1,5to6,2,0.00020458931888637236,0.002001815001268763,0.1742443285853067,0.615968224742237,0.20758104235230118,5to6
4264,4397,OADMET-0006350,4.87,as1,4to5,3,0.0001556568360866619,0.001827701981977783,0.11974029608210054,0.581742721658269,0.2965336234415659,5to6
4265,4400,OADMET-0006347,5.58,as1,5to6,4,0.047872107654333515,0.16502831937755763,0.5012170691088478,0.19045995246790332,0.09542255139135775,4to5
4266,4403,OADMET-0006344,4.195,as1,4to5,3,0.1862223633536063,0.5710296747858197,0.21606086637204425,0.0174961298563656,0.009190965632164146,3to4
4267,4406,OADMET-0006341,4.65,as1,4to5,1,0.017258534304379677,0.07834543331532981,0.49263528264668927,0.26658064275931925,0.14518010697428196,4to5
4268,4407,OADMET-0006340,5.2,as1,5to6,4,0.0009096069910749844,0.004961800798200345,0.18211025134241218,0.4665691291013662,0.34544921176694626,5to6
4269,4411,OADMET-0006336,1.805,as1,lt3,2,0.27453295459042154,0.551198622826583,0.13238825469359838,0.015031268701567173,0.02684889918782987,3to4
4270,4412,OADMET-0006335,3.665,as1,3to4,1,0.17364973153266555,0.44515956277324936,0.3203623950548916,0.04251221274048486,0.018316097898708618,3to4
4271,4413,OADMET-0006334,4.91,as1,4to5,0,0.019802843819883478,0.15716121827354476,0.6415743720267539,0.1584772739069621,0.0229842919728558,4to5
4272,4416,OADMET-0006331,4.88,as1,4to5,4,0.011401728079183574,0.04957818330799306,0.42363194204722676,0.34166644062692964,0.173721705938667,4to5
4273,4419,OADMET-0006328,4.869999999999999,as1,4to5,3,0.052348701195839745,0.22601637892364043,0.533737401152499,0.15318658377280148,0.03471093495521937,4to5
4274,4421,OADMET-0006326,5.24,as1,5to6,0,0.05609443373050891,0.24568334196110617,0.5123802132833131,0.14110777623103715,0.04473423479403465,4to5
4275,4423,OADMET-0006324,4.215,as1,4to5,2,0.017062190602306453,0.13293011238928676,0.6101270204386298,0.22335931242705673,0.016521364142720325,4to5
4276,4429,OADMET-0006318,5.745,as1,5to6,1,0.0028449160015103464,0.02097241999625412,0.4609849742050975,0.444114774694474,0.07108291510266398,4to5
4277,4434,OADMET-0006313,5.07,as1,5to6,3,0.0006637826883858558,0.005882251880352985,0.2846047816639196,0.5868410341031346,0.12200814966420691,5to6
4278,4436,OADMET-0006311,4.725,as1,4to5,3,0.004442543569404669,0.03451336790412597,0.5319304244227214,0.3845846327358296,0.04452903136791835,4to5
4279,4439,OADMET-0006308,4.795,as1,4to5,2,0.0005613131751150485,0.005645222449252218,0.16575990479301742,0.6076833555184584,0.2203502040641569,5to6
4280,4441,OADMET-0006306,5.24,as1,5to6,1,0.00926779271763905,0.060897247629986925,0.5860940016010049,0.28503878922533693,0.0587021688260322,4to5
4281,4442,OADMET-0006305,3.565,as1,3to4,3,0.13090482427312894,0.4419959212206076,0.3585957308780163,0.04886603755242771,0.01963748607581939,3to4
4282,4443,OADMET-0006304,5.025,as1,5to6,2,0.06532662045491462,0.22856802131464973,0.5158827055004419,0.14844127770611418,0.041781375023879574,4to5
4283,4444,OADMET-0006303,5.875,as1,5to6,1,0.0014053865024012434,0.008478617388404677,0.09484277769401915,0.3379866517813347,0.5572865666338402,gte6
4284,4445,OADMET-0006302,5.495,as1,5to6,0,0.001006484959250372,0.009769855962060928,0.41771387898283496,0.5166629533593992,0.054846826736454565,5to6
4285,4446,OADMET-0006301,5.58,as1,5to6,3,0.0003048563026206181,0.0031851191856044456,0.2053148110826814,0.6122802973858245,0.17891491604326906,5to6
4286,4448,OADMET-0006299,4.725,as1,4to5,2,0.07839573949316286,0.3277640937633056,0.46023638816255513,0.11009326317427699,0.023510515406699375,4to5
4287,4449,OADMET-0006298,4.26,as1,4to5,3,0.019368247591355407,0.11490151007898221,0.590644822123679,0.24105111670929097,0.03403430349669243,4to5
4288,4451,OADMET-0006296,5.890000000000001,as1,5to6,2,0.06793352961540222,0.13779497146606445,0.28805387020111084,0.2225794792175293,0.2836381494998932,4to5
4289,4453,OADMET-0006294,5.185,as1,5to6,0,0.0017527234386456206,0.015558506149883258,0.2708215540643033,0.5465411200393951,0.1653260963077727,5to6
4290,4455,OADMET-0006292,4.34,as1,4to5,1,0.11035327469469434,0.42519878786729365,0.3867475041984906,0.058706949630847854,0.01899348360867354,3to4
4291,4457,OADMET-0006290,3.2750000000000004,as1,3to4,1,0.5998787983299771,0.38444847530899273,0.009119189501465303,0.001528856370862427,0.005024680488702458,lt3
4292,4459,OADMET-0006288,4.98,as1,4to5,1,0.041424059149325995,0.19306192161630692,0.5694195138182401,0.15631421201516338,0.039780293400963646,4to5
4293,4460,OADMET-0006287,4.055,as1,4to5,3,0.006146005291858634,0.046277749809385045,0.5125970787940846,0.37641039105084323,0.058568775053828466,4to5
4294,4462,OADMET-0006285,3.57,as1,3to4,0,0.16443890761983526,0.49278341028647077,0.2677501211846279,0.03790899092466733,0.03711856998439875,3to4
4295,4463,OADMET-0006284,6.08,as1,gte6,4,0.007880667107095314,0.03090285277511399,0.31138309372390666,0.4088103412269005,0.24102304516698353,5to6
4296,4464,OADMET-0006283,5.16,as1,5to6,4,0.0015239214915776739,0.010076309505011304,0.3021133229265968,0.5489468547683479,0.1373395913084663,5to6
4297,4467,OADMET-0006280,5.275,as1,5to6,4,0.00034320743298309994,0.0008314120652761675,0.021358293693914676,0.21882074335133717,0.7586463434564888,gte6
4298,4470,OADMET-0006277,2.505,as1,lt3,1,0.5739390115044878,0.4022253058311921,0.01446785742774206,0.0020320051788984476,0.0073358200576796,lt3
4299,4472,OADMET-0006275,3.415,as1,3to4,1,0.23243693834217682,0.6153768255160985,0.13285599549967053,0.011899040923274748,0.007431199718779327,3to4
4300,4473,OADMET-0006274,4.5600000000000005,as1,4to5,3,0.052370671475514795,0.26662844568469624,0.5337286025307808,0.12050867893086008,0.026763601378148056,4to5
4301,4474,OADMET-0006273,5.55,as1,5to6,4,0.00016200215063212506,0.0006598396588780259,0.030362919031733594,0.31496134461325503,0.6538538945455012,gte6
4302,4475,OADMET-0006272,4.824999999999999,as1,4to5,2,0.001113499159540665,0.008842583691454645,0.43664561072621266,0.5139690551326651,0.03942925129012695,5to6
4303,4476,OADMET-0006271,5.4,as1,5to6,3,0.00029972962131051106,0.0031521108865260232,0.18528670428078547,0.6091798766948497,0.20208157851652822,5to6
4304,4477,OADMET-0006270,2.765,as1,lt3,1,0.23913828627719622,0.5476790574768343,0.16890802696315155,0.023207215203223868,0.021067414079594005,3to4
4305,4479,OADMET-0006268,5.335,as1,5to6,4,0.00870257314837206,0.04195915133916337,0.46165508835171143,0.39430088056109613,0.09338230659965703,4to5
4306,4481,OADMET-0006266,2.815,as1,lt3,1,0.5331925654808918,0.446416429674519,0.012592361084344885,0.0019336180649879896,0.005865025695256315,lt3
4307,4483,OADMET-0006264,4.275,as1,4to5,2,0.01743821480317636,0.07979804413072801,0.5513739164800745,0.2958594334679902,0.05553039111803093,4to5
4308,4485,OADMET-0006262,4.96,as1,4to5,3,0.005289358929536808,0.036864030488252125,0.44353228063920414,0.4196200002421066,0.0946943297009003,4to5
4309,4486,OADMET-0006260,3.1100000000000003,as1,3to4,3,0.5653182558822829,0.4106138722825753,0.012918202440016213,0.0014524729137835755,0.009697196481342058,lt3
4310,4487,OADMET-0006259,5.59,as1,5to6,3,8.914027800948816e-05,0.0010951689212460687,0.06643545165507482,0.4931193502177533,0.43926088892791626,5to6
4311,4489,OADMET-0006257,3.58,as1,3to4,0,0.27510750421838603,0.5857606557466121,0.11855176146399118,0.010579815183672193,0.010000263387338554,3to4
4312,4490,OADMET-0006256,3.735,as1,3to4,1,0.17185991586338933,0.5398179758011667,0.24712809321905446,0.028218268664856456,0.012975746451533019,3to4
4313,4491,OADMET-0006255,5.775,as1,5to6,4,0.0014443812416768047,0.008530340670692568,0.22011071854892506,0.5081299294341938,0.2617846301045118,5to6
4314,4493,OADMET-0006252,4.69,as1,4to5,3,0.10668193787370484,0.3581898292494527,0.4101919623507253,0.08825710613110153,0.03667916439501564,4to5
4315,4494,OADMET-0006251,5.445,as1,5to6,4,0.002334034352655785,0.012844103660623876,0.321710205933924,0.4876335664593276,0.17547808959346872,5to6
4316,4496,OADMET-0006249,1.96,as1,lt3,3,0.421771800842461,0.49827984717905294,0.052015085548387255,0.006396696066807152,0.021536570363291655,3to4
4317,4499,OADMET-0006246,3.5700000000000003,as1,3to4,1,0.3806006053337889,0.5440570171779275,0.05906175137467614,0.008105138399784008,0.008175487713823435,3to4
4318,4500,OADMET-0006245,5.87,as1,5to6,4,0.0032283200318999213,0.014864717565187875,0.2674449078094252,0.489832817025523,0.224629237567964,5to6
4319,4501,OADMET-0006244,3.875,as1,3to4,1,0.6844878422224497,0.30154157678320376,0.005417262848127329,0.0014848803892057796,0.0070684377570133525,lt3
4320,4508,OADMET-0006237,3.125,as1,3to4,1,0.18993936832881286,0.46011514328634634,0.2841801100257805,0.040428300209870566,0.025337078149189767,3to4
4321,4511,OADMET-0006234,5.365,as1,5to6,2,0.0004140086691389633,0.0030313722303888274,0.11302668246665376,0.5317036342697533,0.35182430236406514,5to6
4322,4512,OADMET-0006233,4.515000000000001,as1,4to5,3,0.18758616546618703,0.6393615332516378,0.1588522724548556,0.0089687971322981,0.005231231695021463,3to4
4323,4513,OADMET-0006232,4.815,as1,4to5,4,0.008325073961076223,0.04092738823138984,0.5065780934681531,0.3839877886770791,0.060181655662301804,4to5
4324,4515,OADMET-0006230,3.035,as1,3to4,3,0.23180112350106533,0.5483284970524802,0.17993813503107242,0.019037037537191787,0.020895206878190218,3to4
4325,4517,OADMET-0006228,5.470000000000001,as1,5to6,1,0.0093225113818345,0.05802698071318892,0.5479454652291292,0.32347900637137383,0.06122603630447347,4to5
4326,4518,OADMET-0006227,3.795,as1,3to4,1,0.30304188326482917,0.5097876324076706,0.1559201519617478,0.018887455136374333,0.012362877229378151,3to4
4327,4519,OADMET-0006226,4.955,as1,4to5,3,0.07261587462973969,0.33687167355800646,0.4622409205960953,0.07519035562305583,0.05308117559310271,4to5
4328,4520,OADMET-0006225,5.055,as1,5to6,4,0.03106211401141512,0.1421840508151455,0.5577573863228561,0.22148002152792912,0.04751642732265417,4to5
4329,4521,OADMET-0006224,2.6100000000000003,as1,lt3,3,0.30655837241306855,0.6032402560882781,0.07231434519700163,0.005292494298271424,0.01259453200338023,3to4
4330,4522,OADMET-0006222,3.665,as1,3to4,2,0.4669766663222822,0.4710473952864636,0.0326589602444084,0.004498507768866505,0.024818470377979254,3to4
4331,4524,OADMET-0006219,4.949999999999999,as1,4to5,2,0.053011998435460034,0.3000324362888328,0.516471683017031,0.1154320684905498,0.015051813768126417,4to5
4332,4525,OADMET-0006218,5.165,as1,5to6,2,0.02109762598692111,0.08983558182102042,0.5339603880877691,0.3064972380344545,0.04860916606983482,4to5
4333,4530,OADMET-0006213,3.475,as1,3to4,4,0.6299918431100057,0.3411318137999216,0.0073708097192390605,0.00032432203421464895,0.021181211336619047,lt3
4334,4533,OADMET-0006210,4.8100000000000005,as1,4to5,3,0.05886534392859186,0.2764275695184969,0.5301351023890816,0.10400361286068059,0.030568371303149166,4to5
4335,4534,OADMET-0006209,3.41,as1,3to4,4,0.8683397616969118,0.12247741751694537,0.0008800937639119584,4.37762711518564e-05,0.008258950751078957,lt3
4336,4535,OADMET-0006208,5.105,as1,5to6,1,0.006429170188111503,0.0389433954978046,0.5252408543517287,0.35963821393659323,0.06974836602576193,4to5
4337,4537,OADMET-0006206,4.02,as1,4to5,3,0.21695660999247016,0.6145396078074635,0.14997265855850486,0.010301487261298899,0.008229636380262502,3to4
4338,4539,OADMET-0006204,4.67,as1,4to5,2,0.004680274395842273,0.01023871424439982,0.023957585280024278,0.1517445255772034,0.8093789005025303,gte6
4339,4540,OADMET-0006203,4.895,as1,4to5,0,0.16149840166057933,0.42701169965337743,0.3017018235078721,0.07186612004939406,0.03792195512877706,3to4
4340,4541,OADMET-0006202,6.0600000000000005,as1,gte6,1,4.738644694908399e-05,0.0009754988979894233,0.033718430424477724,0.4004125108138007,0.5648461734167831,gte6
4341,4542,OADMET-0006201,3.995,as1,3to4,2,0.13355902732932007,0.42638310668951246,0.3442007236019262,0.05831314641846953,0.037543995960771764,3to4
4342,4543,OADMET-0006200,5.41,as1,5to6,2,0.0013869229456153767,0.00878013066472279,0.17550786426588008,0.5235905377861324,0.2907345443376493,5to6
4343,4547,OADMET-0006196,4.710000000000001,as1,4to5,0,0.0933342338850688,0.4852489549363282,0.3692825677336936,0.0404398393172666,0.011694404127642782,3to4
4344,4551,OADMET-0006192,4.44,as1,4to5,0,0.01565485988943063,0.1316069647862729,0.640001528263075,0.19387592158605246,0.018860725475169062,4to5
4345,4552,OADMET-0006191,4.21,as1,4to5,3,0.10925506617260054,0.4369952009376943,0.37822499237204915,0.05190802278523854,0.023616717732417473,3to4
4346,4557,OADMET-0006186,4.84,as1,4to5,1,0.000405877637413783,0.005654971815870653,0.1897813749361816,0.5725801353471659,0.23157764026336802,5to6
4347,4558,OADMET-0006185,5.92,as1,5to6,4,0.00012693644575850754,0.0005103935331535019,0.028211988933198102,0.30182418681340945,0.6693264942744804,gte6
4348,4560,OADMET-0006183,3.3200000000000003,as1,3to4,1,0.15193760140344797,0.4961655950816528,0.28948693982254253,0.04289140480380013,0.019518458888556568,3to4
4349,4561,OADMET-0006182,5.505,as1,5to6,4,0.006028978888863454,0.024718585549713585,0.2808782366749474,0.4332748510272989,0.25509934785917665,5to6
4350,4563,OADMET-0006180,5.86,as1,5to6,4,0.00040973960715608225,0.0007830515803179106,0.015191667390465818,0.16814915478611123,0.815466386635949,gte6
4351,4567,OADMET-0006176,4.185,as1,4to5,1,0.4841052893662172,0.4804868704157245,0.025207177135377835,0.003440106311378128,0.006760556771302289,lt3
4352,4573,OADMET-0006170,4.74,as1,4to5,0,0.034742856772456865,0.2516942512449477,0.5835048306349458,0.11460048214381358,0.01545757920383602,4to5
4353,4582,OADMET-0006161,4.34,as1,4to5,2,0.20483732412167316,0.4342602847282822,0.24817456848859976,0.04531672968330999,0.06741109297813493,3to4
4354,4583,OADMET-0006160,5.405,as1,5to6,3,6.322954108221244e-05,0.000734881843347789,0.03336825949500099,0.38648173012226505,0.579351898998304,gte6
4355,4584,OADMET-0006158,3.9,as1,3to4,3,0.3324128603794172,0.5160026420540443,0.10633157671340501,0.013279958294184064,0.031972962558949374,3to4
4356,4587,OADMET-0006155,5.25,as1,5to6,4,0.006489002744118936,0.03150569565507012,0.41787678875941975,0.42608917707840777,0.11803933576298341,5to6
4357,4590,OADMET-0006151,5.145,as1,5to6,4,0.0016609950985447795,0.00786403301209177,0.16665409802203962,0.44014192411463177,0.38367894975269207,5to6
4358,4591,OADMET-0006150,4.68,as1,4to5,0,0.004391803271202829,0.03086549880117042,0.4166919759001255,0.4597885467363316,0.08826217529116964,5to6
4359,4592,OADMET-0006149,4.66,as1,4to5,1,0.008765299633078935,0.039739190754924894,0.35789772168188155,0.36803110714195925,0.22556668078815537,5to6
4360,4593,OADMET-0006148,5.164999999999999,as1,5to6,4,0.0013728149526207926,0.0033618052423395758,0.03587707770654759,0.21139080194935034,0.7479975001491417,gte6
4361,4595,OADMET-0006146,6.345000000000001,as1,gte6,0,0.0006059269841972861,0.003839838903541326,0.02449801081569969,0.23667094847084294,0.7343852748257188,gte6
4362,4599,OADMET-0006141,5.390000000000001,as1,5to6,0,0.0012425090712608606,0.010811817479865987,0.1987645561278244,0.534855944365302,0.2543251729557467,5to6
4363,4600,OADMET-0006140,5.13,as1,5to6,0,0.002289933864317915,0.01633248860209999,0.362723769868746,0.4856438963071204,0.13300991135771567,5to6
4364,4601,OADMET-0006139,4.49,as1,4to5,1,0.1340236966834355,0.34105637796616695,0.40623116644558,0.0800907540324731,0.03859800487234445,4to5
4365,4605,OADMET-0006135,5.4350000000000005,as1,5to6,0,0.0008176001685865216,0.008811415136185132,0.23537513515056288,0.5781781053153784,0.17681774422928706,5to6
4366,4606,OADMET-0006134,5.59,as1,5to6,0,0.0012062149256027881,0.009579185687490676,0.12891093288149608,0.4683555506915784,0.39194811581383204,5to6
4367,4608,OADMET-0006132,5.465,as1,5to6,4,0.00016784996533785807,0.0005422943987014073,0.021566424122766662,0.25744613532301414,0.72027729619018,gte6
4368,4609,OADMET-0006131,5.495,as1,5to6,1,0.007832048066956367,0.03923717688880157,0.3935870628303835,0.39641971382623115,0.1629239983876274,5to6
4369,4611,OADMET-0006129,5.44,as1,5to6,1,8.513506014473348e-05,0.0015153012380158817,0.06394861403575851,0.48462228186441264,0.44982866780166825,5to6
4370,4612,OADMET-0006128,5.335,as1,5to6,4,0.000246457460524885,0.001981014120817246,0.14604866267487077,0.5535422473657942,0.2981816183779929,5to6
4371,4615,OADMET-0006125,5.470000000000001,as1,5to6,1,0.0026276651867764636,0.015727462305603408,0.2244867094773304,0.4451951699152409,0.3119629931150488,5to6
4372,4617,OADMET-0006123,2.56,as1,lt3,3,0.3254405976847979,0.5962657603607076,0.06131639742570999,0.0045240179033437305,0.012453226625440869,3to4
4373,4619,OADMET-0006121,5.195,as1,5to6,1,0.020142193508479865,0.0863619803197313,0.40059288590042136,0.3617656759588853,0.13113726431248218,4to5
4374,4620,OADMET-0006120,4.725,as1,4to5,3,0.07571997324258149,0.3945658118747366,0.45548706228687474,0.05765354876994605,0.01657360382586113,4to5
4375,4621,OADMET-0006119,3.955,as1,3to4,2,0.07459288284983553,0.4268503896443275,0.42640287795968407,0.061863964174120684,0.010289885372032216,3to4
4376,4623,OADMET-0006117,4.92,as1,4to5,0,0.00020426928102088875,0.0028479132082986675,0.06719948401646303,0.4653764401912266,0.46437189330299083,5to6
4377,4624,OADMET-0006116,4.485,as1,4to5,2,0.1986828215960002,0.5228637838680237,0.23011412273624782,0.027820023499353756,0.020519248300374555,3to4
4378,4625,OADMET-0006115,5.27,as1,5to6,4,0.006086547649277129,0.03609304750762623,0.48875410660737945,0.397667066460772,0.07139923177494521,4to5
4379,4627,OADMET-0006113,4.800000000000001,as1,4to5,1,0.4227153826182743,0.5313865156694566,0.034394787123220465,0.0045849086668888275,0.006918405922159787,3to4
4380,4629,OADMET-0006111,5.31,as1,5to6,0,0.01270496173204449,0.09923606953861827,0.6224263807933326,0.24287125083728575,0.022761337098718873,4to5
4381,4632,OADMET-0006108,2.56,as1,lt3,1,0.5231844933038753,0.4295923343787914,0.022503284682472657,0.005123014590930348,0.019596873043930266,lt3
4382,4635,OADMET-0006105,5.905,as1,5to6,4,0.0027152860895358344,0.01461935782606502,0.33325987922367223,0.4890942852211644,0.16031119163956253,5to6
4383,4637,OADMET-0006103,3.765,as1,3to4,1,0.07374648004770279,0.27032315731048584,0.5133286118507385,0.10911823809146881,0.033483512699604034,4to5
4384,4638,OADMET-0006102,4.955,as1,4to5,2,0.0018616032993206814,0.01497460396503621,0.4694255466387143,0.4750653677806446,0.03867287831628423,5to6
4385,4640,OADMET-0006100,5.234999999999999,as1,5to6,3,0.010136459998016023,0.07425318753365462,0.5984523368491608,0.28399903076150557,0.03315898485766298,4to5
4386,4644,OADMET-0006096,2.49,as1,lt3,3,0.3990492836313829,0.48624994889367734,0.06439205548372472,0.008766494070874946,0.041542217920340074,3to4
4387,4646,OADMET-0006094,5.165,as1,5to6,3,0.0013796150215431805,0.01172463203273703,0.38103624526267776,0.5186636955193752,0.08719581216366677,5to6
4388,4648,OADMET-0006092,5.795,as1,5to6,4,0.06832611764449231,0.13598353075932057,0.2797971153198813,0.19545397744935683,0.32043925882694896,gte6
4389,4649,OADMET-0006091,4.94,as1,4to5,0,0.12055104764779125,0.40372498648129346,0.3713060485410414,0.07083788830807305,0.033580029021800864,3to4
4390,4651,OADMET-0004676,5.085,as1,5to6,0,0.00026925386250749224,0.003305058557257254,0.1599572347650847,0.5833055547449848,0.25316289807016584,5to6
4391,4652,OADMET-0004675,4.895,as1,4to5,4,0.0323795957367333,0.14003207549285496,0.5657062235478791,0.21833186203000668,0.043550243192525935,4to5
4392,4653,OADMET-0004674,4.995,as1,4to5,0,0.03942005218803727,0.16109226163946802,0.5149884070459483,0.20175265664599368,0.08274662248055271,4to5
