molecule_name,pec50,raw,corrected_oof,raw_residual,corrected_residual,nn_potent46_tanimoto,no_aux,potent_shift,noaux_shift
OADMET-0006089,5.27,4.8786804939936665,4.8786804939936665,0.39131950600633303,0.39131950600633303,0.20689655172413793,False,0.0,0.0
OADMET-0006088,5.08,4.499548512986562,4.499548512986562,0.5804514870134376,0.5804514870134376,0.24705882352941178,False,0.0,0.0
OADMET-0006087,5.12,5.102359206005207,5.102359206005207,0.01764079399479268,0.01764079399479268,0.189873417721519,False,0.0,0.0
OADMET-0006086,5.23,4.542726265342489,4.542726265342489,0.6872737346575111,0.6872737346575111,0.24742268041237114,False,0.0,0.0
OADMET-0006085,5.28,4.982235862213431,4.982235862213431,0.2977641377865696,0.2977641377865696,0.2235294117647059,False,0.0,0.0
OADMET-0006084,4.5,4.371018732404246,4.371018732404246,0.128981267595754,0.128981267595754,0.2625,False,0.0,0.0
OADMET-0006083,4.66,5.188708260452863,5.188708260452863,-0.5287082604528628,-0.5287082604528628,0.25287356321839083,False,0.0,0.0
OADMET-0006082,5.18,4.170579633782211,4.170579633782211,1.009420366217789,1.009420366217789,0.18181818181818182,False,0.0,0.0
OADMET-0006081,4.31,4.449026929753498,4.449026929753498,-0.1390269297534985,-0.1390269297534985,0.2602739726027397,False,0.0,0.0
OADMET-0006080,4.24,4.9737269038135565,4.9737269038135565,-0.7337269038135563,-0.7337269038135563,0.18518518518518517,False,0.0,0.0
OADMET-0006079,5.3,4.297145193525888,4.297145193525888,1.0028548064741116,1.0028548064741116,0.1686746987951807,False,0.0,0.0
OADMET-0006078,4.19,4.696259829141561,4.696259829141561,-0.5062598291415608,-0.5062598291415608,0.2077922077922078,False,0.0,0.0
OADMET-0006077,5.07,4.932847224624412,4.932847224624412,0.13715277537558812,0.13715277537558812,0.18823529411764706,False,0.0,0.0
OADMET-0006076,5.12,4.951163871542921,4.951163871542921,0.1688361284570794,0.1688361284570794,0.19047619047619047,False,0.0,0.0
OADMET-0006075,5.03,5.096988696496464,5.096988696496464,-0.06698869649646344,-0.06698869649646344,0.2247191011235955,False,0.0,0.0
OADMET-0006074,5.14,4.812422119298027,4.823123531179759,0.32757788070197247,0.316876468820241,0.3246753246753247,False,0.035671372939105626,0.0
OADMET-0006073,5.07,4.96761873347088,4.96761873347088,0.10238126652911994,0.10238126652911994,0.24050632911392406,False,0.0,0.0
OADMET-0006072,5.44,4.589268830447521,4.589268830447521,0.8507311695524793,0.8507311695524793,0.2077922077922078,False,0.0,0.0
OADMET-0006071,3.96,4.430676397536565,4.430676397536565,-0.47067639753656465,-0.47067639753656465,0.20454545454545456,False,0.0,0.0
OADMET-0006070,4.36,4.768671358210369,4.768671358210369,-0.40867135821036893,-0.40867135821036893,0.1951219512195122,False,0.0,0.0
OADMET-0006069,5.19,4.994396677526455,4.994396677526455,0.19560332247354495,0.19560332247354495,0.23076923076923078,False,0.0,0.0
OADMET-0006068,4.76,4.674756105663707,4.674756105663707,0.0852438943362932,0.0852438943362932,0.2,False,0.0,0.0
OADMET-0006067,4.74,4.493426974768777,4.493426974768777,0.24657302523122304,0.24657302523122304,0.2804878048780488,False,0.0,0.0
OADMET-0006066,5.02,4.9797784309942745,4.9797784309942745,0.040221569005725044,0.040221569005725044,0.17647058823529413,False,0.0,0.0
OADMET-0006065,5.2,5.211284876101225,5.211284876101225,-0.011284876101225194,-0.011284876101225194,0.19318181818181818,False,0.0,0.0
OADMET-0006064,4.61,4.789859714785826,4.789859714785826,-0.17985971478582563,-0.17985971478582563,0.2948717948717949,False,0.0,0.0
OADMET-0006063,5.44,5.057923543568954,5.057923543568954,0.3820764564310464,0.3820764564310464,0.21794871794871795,False,0.0,0.0
OADMET-0006062,4.81,4.79543050840063,4.79543050840063,0.014569491599369933,0.014569491599369933,0.21505376344086022,False,0.0,0.0
OADMET-0006061,4.69,4.790149437339561,4.790149437339561,-0.10014943733956017,-0.10014943733956017,0.20224719101123595,False,0.0,0.0
OADMET-0006060,4.87,4.8475629003302565,4.855070527379768,0.02243709966974361,0.014929472620232254,0.32098765432098764,False,0.025025423498370246,0.0
OADMET-0006059,4.45,4.859142474294866,4.859142474294866,-0.4091424742948657,-0.4091424742948657,0.19387755102040816,False,0.0,0.0
OADMET-0006058,5.26,5.12325631507392,5.1491452106507145,0.13674368492607947,0.11085478934928528,0.34782608695652173,False,0.0862963185893144,0.0
OADMET-0006057,4.48,4.772500274482283,4.772500274482283,-0.29250027448228266,-0.29250027448228266,0.25,False,0.0,0.0
OADMET-0006056,4.58,4.811264667233217,4.811264667233217,-0.2312646672332166,-0.2312646672332166,0.2261904761904762,False,0.0,0.0
OADMET-0006055,4.95,5.125905631815345,5.125905631815345,-0.17590563181534513,-0.17590563181534513,0.27906976744186046,False,0.0,0.0
OADMET-0006054,4.68,4.363397573383109,4.363397573383109,0.31660242661689075,0.31660242661689075,0.2682926829268293,False,0.0,0.0
OADMET-0006053,5.31,5.205760915302536,5.205760915302536,0.1042390846974639,0.1042390846974639,0.2987012987012987,False,0.0,0.0
OADMET-0006052,4.6,4.612573633610624,4.612573633610624,-0.012573633610624135,-0.012573633610624135,0.21686746987951808,False,0.0,0.0
OADMET-0006051,5.11,5.048821600895483,5.048821600895483,0.06117839910451739,0.06117839910451739,0.1702127659574468,False,0.0,0.0
OADMET-0006050,5.18,4.747732037247963,4.747732037247963,0.4322679627520367,0.4322679627520367,0.2857142857142857,False,0.0,0.0
OADMET-0006049,4.85,4.60705804871124,4.60705804871124,0.24294195128875984,0.24294195128875984,0.18604651162790697,False,0.0,0.0
OADMET-0006048,4.99,4.555954862566828,4.555954862566828,0.43404513743317263,0.43404513743317263,0.22784810126582278,False,0.0,0.0
OADMET-0006047,4.93,4.961270193451817,4.961270193451817,-0.03127019345181736,-0.03127019345181736,0.22093023255813954,False,0.0,0.0
OADMET-0006046,5.13,4.872089025349293,4.872089025349293,0.25791097465070667,0.25791097465070667,0.17582417582417584,False,0.0,0.0
OADMET-0006045,5.42,5.062248652652629,5.062248652652629,0.3577513473473708,0.3577513473473708,0.23404255319148937,False,0.0,0.0
OADMET-0006044,4.93,4.952896701479421,4.952896701479421,-0.022896701479421466,-0.022896701479421466,0.18181818181818182,False,0.0,0.0
OADMET-0006043,4.72,4.84914889636549,4.84914889636549,-0.1291488963654901,-0.1291488963654901,0.1951219512195122,False,0.0,0.0
OADMET-0006042,5.24,5.256052416968114,5.256052416968114,-0.016052416968113548,-0.016052416968113548,0.21348314606741572,False,0.0,0.0
OADMET-0006041,5.09,4.984363909138059,4.984363909138059,0.1056360908619407,0.1056360908619407,0.2345679012345679,False,0.0,0.0
OADMET-0006040,5.3,4.533328990681658,4.533328990681658,0.7666710093183422,0.7666710093183422,0.15789473684210525,False,0.0,0.0
OADMET-0006039,4.18,4.74592789237939,4.74592789237939,-0.5659278923793902,-0.5659278923793902,0.28865979381443296,False,0.0,0.0
OADMET-0006038,4.94,5.0462734097415956,5.0462734097415956,-0.10627340974159516,-0.10627340974159516,0.27956989247311825,False,0.0,0.0
OADMET-0006037,4.74,4.276618848726587,4.276618848726587,0.4633811512734134,0.4633811512734134,0.20454545454545456,False,0.0,0.0
OADMET-0006036,5.2,4.8800314812984285,4.8800314812984285,0.3199685187015717,0.3199685187015717,0.19753086419753085,False,0.0,0.0
OADMET-0006035,5.53,4.7033801199163054,4.7033801199163054,0.8266198800836948,0.8266198800836948,0.27848101265822783,False,0.0,0.0
OADMET-0006034,4.93,5.083340699695846,5.083340699695846,-0.15334069969584618,-0.15334069969584618,0.23529411764705882,False,0.0,0.0
OADMET-0006033,5.14,4.972481081555191,4.972481081555191,0.16751891844480848,0.16751891844480848,0.20454545454545456,False,0.0,0.0
OADMET-0006032,4.76,4.722535856487681,4.722535856487681,0.037464143512318415,0.037464143512318415,0.21739130434782608,False,0.0,0.0
OADMET-0006031,4.42,3.6924029930124003,3.6924029930124003,0.7275970069875997,0.7275970069875997,0.2247191011235955,False,0.0,0.0
OADMET-0006030,5.06,4.698062503685072,4.698062503685072,0.361937496314928,0.361937496314928,0.2159090909090909,False,0.0,0.0
OADMET-0006029,4.74,5.064838395303893,5.064838395303893,-0.32483839530389247,-0.32483839530389247,0.23333333333333334,False,0.0,0.0
OADMET-0006028,5.23,5.0838938176053245,5.0838938176053245,0.14610618239467588,0.14610618239467588,0.2222222222222222,False,0.0,0.0
OADMET-0006027,5.23,4.92826790578157,4.92826790578157,0.3017320942184307,0.3017320942184307,0.2564102564102564,False,0.0,0.0
OADMET-0006026,4.64,4.5263029679511355,4.566317900354479,0.11369703204886417,0.07368209964552097,0.38571428571428573,False,0.13338310801114397,0.0
OADMET-0006025,5.22,4.900325112435424,4.900325112435424,0.3196748875645756,0.3196748875645756,0.19696969696969696,False,0.0,0.0
OADMET-0006024,4.61,4.181843735176383,4.181843735176383,0.4281562648236177,0.4281562648236177,0.1728395061728395,False,0.0,0.0
OADMET-0006023,4.98,5.123375600750006,5.123375600750006,-0.143375600750006,-0.143375600750006,0.20454545454545456,False,0.0,0.0
OADMET-0006022,4.97,4.745962150814464,4.745962150814464,0.22403784918553615,0.22403784918553615,0.21052631578947367,False,0.0,0.0
OADMET-0006021,4.93,4.8642811305314595,4.8642811305314595,0.06571886946854022,0.06571886946854022,0.2328767123287671,False,0.0,0.0
OADMET-0006020,5.07,4.5088370955106125,4.5088370955106125,0.5611629044893878,0.5611629044893878,0.19148936170212766,False,0.0,0.0
OADMET-0006019,4.73,4.858718803090957,4.858718803090957,-0.1287188030909565,-0.1287188030909565,0.20224719101123595,False,0.0,0.0
OADMET-0006018,4.63,4.279286446270433,4.279286446270433,0.3507135537295669,0.3507135537295669,0.23684210526315788,False,0.0,0.0
OADMET-0006017,5.16,4.515636023502905,4.515636023502905,0.644363976497095,0.644363976497095,0.2872340425531915,False,0.0,0.0
OADMET-0006016,4.26,4.826598980357346,4.826598980357346,-0.5665989803573463,-0.5665989803573463,0.20430107526881722,False,0.0,0.0
OADMET-0006015,4.51,4.726921355145649,4.726921355145649,-0.21692135514564903,-0.21692135514564903,0.23958333333333334,False,0.0,0.0
OADMET-0006014,5.39,4.850272427021878,4.850272427021878,0.5397275729781219,0.5397275729781219,0.2,False,0.0,0.0
OADMET-0006013,4.34,4.298988177243945,4.298988177243945,0.04101182275605453,0.04101182275605453,0.20270270270270271,False,0.0,0.0
OADMET-0006012,4.93,4.669476436411292,4.669476436411292,0.2605235635887073,0.2605235635887073,0.2236842105263158,False,0.0,0.0
OADMET-0006011,5.11,4.715937453566244,4.715937453566244,0.39406254643375593,0.39406254643375593,0.16326530612244897,False,0.0,0.0
OADMET-0006010,5.28,4.969226003156125,4.969226003156125,0.3107739968438752,0.3107739968438752,0.16,False,0.0,0.0
OADMET-0006009,4.11,4.569225343222756,4.569225343222756,-0.459225343222756,-0.459225343222756,0.18604651162790697,False,0.0,0.0
OADMET-0006008,4.81,4.650829216577474,4.747788475862498,0.15917078342252555,0.06221152413750186,0.5076923076923077,False,0.3231975309500795,0.0
OADMET-0006007,4.99,4.080490280586539,4.096517910052428,0.9095097194134611,0.8934820899475726,0.33695652173913043,False,0.05342543155296254,0.0
OADMET-0006006,4.81,4.71843394955385,4.71843394955385,0.09156605044614974,0.09156605044614974,0.21348314606741572,False,0.0,0.0
OADMET-0006005,4.4,4.562460303538054,4.562460303538054,-0.16246030353805363,-0.16246030353805363,0.1875,False,0.0,0.0
OADMET-0006004,4.69,4.807372966090452,4.807372966090452,-0.11737296609045167,-0.11737296609045167,0.2111111111111111,False,0.0,0.0
OADMET-0006003,4.38,4.577137224882551,4.577137224882551,-0.19713722488255137,-0.19713722488255137,0.2222222222222222,False,0.0,0.0
OADMET-0006002,4.61,4.76533986711965,4.76533986711965,-0.15533986711964953,-0.15533986711964953,0.18292682926829268,False,0.0,0.0
OADMET-0006001,5.16,5.039577840138407,5.039577840138407,0.12042215986159288,0.12042215986159288,0.2441860465116279,False,0.0,0.0
OADMET-0006000,5.22,5.081817388997495,5.081817388997495,0.13818261100250506,0.13818261100250506,0.24050632911392406,False,0.0,0.0
OADMET-0005999,4.98,5.238530869391358,5.238530869391358,-0.2585308693913575,-0.2585308693913575,0.21428571428571427,False,0.0,0.0
OADMET-0005998,4.83,4.646789950305976,4.646789950305976,0.18321004969402388,0.18321004969402388,0.23809523809523808,False,0.0,0.0
OADMET-0005997,5.11,4.768837132268739,4.768837132268739,0.3411628677312617,0.3411628677312617,0.21176470588235294,False,0.0,0.0
OADMET-0005996,4.85,4.713189081080909,4.713189081080909,0.1368109189190907,0.1368109189190907,0.23943661971830985,False,0.0,0.0
OADMET-0005995,5.1,5.182382719725081,5.182382719725081,-0.08238271972508127,-0.08238271972508127,0.2111111111111111,False,0.0,0.0
OADMET-0005994,5.16,5.076565136029882,5.076565136029882,0.08343486397011812,0.08343486397011812,0.265625,False,0.0,0.0
OADMET-0005993,5.08,4.652865556142863,4.652865556142863,0.4271344438571374,0.4271344438571374,0.19047619047619047,False,0.0,0.0
OADMET-0005992,4.56,4.506573207633009,4.506573207633009,0.05342679236699066,0.05342679236699066,0.2375,False,0.0,0.0
OADMET-0005991,4.65,5.037355945179763,5.037355945179763,-0.38735594517976235,-0.38735594517976235,0.27906976744186046,False,0.0,0.0
OADMET-0005990,4.84,4.485795809805972,4.485795809805972,0.3542041901940278,0.3542041901940278,0.21649484536082475,False,0.0,0.0
OADMET-0005989,4.7,4.852260800241266,4.852260800241266,-0.1522608002412662,-0.1522608002412662,0.2727272727272727,False,0.0,0.0
OADMET-0005988,4.52,4.871779193924469,4.871779193924469,-0.351779193924469,-0.351779193924469,0.1927710843373494,False,0.0,0.0
OADMET-0005987,4.83,4.799869725079212,4.799869725079212,0.030130274920788125,0.030130274920788125,0.2911392405063291,False,0.0,0.0
OADMET-0005986,4.63,4.774702560785904,4.774702560785904,-0.1447025607859045,-0.1447025607859045,0.20430107526881722,False,0.0,0.0
OADMET-0005985,4.82,4.6616163943577735,4.6616163943577735,0.15838360564222675,0.15838360564222675,0.22093023255813954,False,0.0,0.0
OADMET-0005984,5.35,3.9085673495403768,3.9085673495403768,1.4414326504596229,1.4414326504596229,0.2087912087912088,False,0.0,0.0
OADMET-0005983,4.56,4.694961617988291,4.694961617988291,-0.13496161798829132,-0.13496161798829132,0.19444444444444445,False,0.0,0.0
OADMET-0005982,4.42,4.852434597432034,4.791370581482944,-0.4324345974320343,-0.3713705814829442,0.16049382716049382,True,0.0,-0.20354671983030048
OADMET-0005981,4.5,4.593334359567143,4.611378135272181,-0.09333435956714276,-0.11137813527218121,0.3333333333333333,False,0.06014591901679487,0.0
OADMET-0005980,4.42,4.735521751005672,4.735521751005672,-0.31552175100567226,-0.31552175100567226,0.19318181818181818,False,0.0,0.0
OADMET-0005979,5.2,5.249377252986131,5.249377252986131,-0.04937725298613049,-0.04937725298613049,0.2714285714285714,False,0.0,0.0
OADMET-0005978,4.26,4.627179274975674,4.627179274975674,-0.3671792749756744,-0.3671792749756744,0.19047619047619047,False,0.0,0.0
OADMET-0005977,5.36,4.898640580316192,4.898640580316192,0.46135941968380845,0.46135941968380845,0.20930232558139536,False,0.0,0.0
OADMET-0005976,5.0,4.016565173459284,4.020036854329199,0.9834348265407158,0.9799631456708013,0.3076923076923077,False,0.011572269566380286,0.0
OADMET-0005975,4.71,4.276676798561244,4.276676798561244,0.433323201438756,0.433323201438756,0.2345679012345679,False,0.0,0.0
OADMET-0005974,4.06,3.9187764582124727,3.9187764582124727,0.14122354178752694,0.14122354178752694,0.1728395061728395,False,0.0,0.0
OADMET-0005973,4.68,4.567231323881057,4.567231323881057,0.11276867611894303,0.11276867611894303,0.225,False,0.0,0.0
OADMET-0005972,5.11,4.788962826219578,4.788962826219578,0.3210371737804225,0.3210371737804225,0.2111111111111111,False,0.0,0.0
OADMET-0005971,4.68,4.167465474999067,4.181161352943855,0.512534525000933,0.4988386470561448,0.3253012048192771,False,0.04565292648262745,0.0
OADMET-0005970,4.46,4.646653263545731,4.646653263545731,-0.18665326354573075,-0.18665326354573075,0.2692307692307692,False,0.0,0.0
OADMET-0005969,4.57,4.5590284294295085,4.5590284294295085,0.010971570570491807,0.010971570570491807,0.22727272727272727,False,0.0,0.0
OADMET-0005968,3.85,4.60455172108215,4.60455172108215,-0.7545517210821502,-0.7545517210821502,0.22077922077922077,False,0.0,0.0
OADMET-0005967,5.2,4.743552579463107,4.743552579463107,0.45644742053689313,0.45644742053689313,0.19101123595505617,False,0.0,0.0
OADMET-0005966,4.34,4.511586418892573,4.511586418892573,-0.17158641889257353,-0.17158641889257353,0.2236842105263158,False,0.0,0.0
OADMET-0005965,5.07,4.671913875422431,4.671913875422431,0.39808612457756887,0.39808612457756887,0.2857142857142857,False,0.0,0.0
OADMET-0005964,5.22,4.795718813752664,4.795718813752664,0.42428118624733546,0.42428118624733546,0.24358974358974358,False,0.0,0.0
OADMET-0005963,5.0,4.917973221852941,4.917973221852941,0.08202677814705872,0.08202677814705872,0.25,False,0.0,0.0
OADMET-0005962,4.51,4.629505621576772,4.629505621576772,-0.11950562157677247,-0.11950562157677247,0.16304347826086957,False,0.0,0.0
OADMET-0005961,4.61,4.916668863898343,4.916668863898343,-0.30666886389834236,-0.30666886389834236,0.19767441860465115,False,0.0,0.0
OADMET-0005960,4.42,4.941916777323751,4.941916777323751,-0.5219167773237512,-0.5219167773237512,0.2159090909090909,False,0.0,0.0
OADMET-0005959,4.53,4.986302698931647,4.986302698931647,-0.45630269893164677,-0.45630269893164677,0.26804123711340205,False,0.0,0.0
OADMET-0005958,5.09,5.073247489882904,5.073247489882904,0.016752510117095554,0.016752510117095554,0.27380952380952384,False,0.0,0.0
OADMET-0005957,5.31,5.222675881339509,5.222675881339509,0.08732411866049095,0.08732411866049095,0.20253164556962025,False,0.0,0.0
OADMET-0005956,4.45,4.12937557373232,4.12937557373232,0.3206244262676803,0.3206244262676803,0.19767441860465115,False,0.0,0.0
OADMET-0005955,4.87,4.481561534960292,4.481561534960292,0.3884384650397079,0.3884384650397079,0.27631578947368424,False,0.0,0.0
OADMET-0005954,4.91,4.614816831153573,4.672251293500334,0.29518316884642726,0.23774870649966573,0.43243243243243246,False,0.19144820782253985,0.0
OADMET-0005953,5.52,4.681968174165892,4.681968174165892,0.8380318258341077,0.8380318258341077,0.26582278481012656,False,0.0,0.0
OADMET-0005952,5.03,5.042251788759694,5.042251788759694,-0.012251788759694016,-0.012251788759694016,0.25,False,0.0,0.0
OADMET-0005951,4.8,4.911012897908108,4.911012897908108,-0.11101289790810842,-0.11101289790810842,0.23333333333333334,False,0.0,0.0
OADMET-0005950,4.83,4.9847433812409925,4.9847433812409925,-0.1547433812409924,-0.1547433812409924,0.2564102564102564,False,0.0,0.0
OADMET-0005949,5.28,5.290309673837088,5.290309673837088,-0.010309673837087807,-0.010309673837087807,0.25,False,0.0,0.0
OADMET-0005948,5.04,5.26434330431003,5.26434330431003,-0.2243433043100298,-0.2243433043100298,0.27631578947368424,False,0.0,0.0
OADMET-0005947,5.18,4.9186174385755965,4.9186174385755965,0.2613825614244032,0.2613825614244032,0.1744186046511628,False,0.0,0.0
OADMET-0005946,5.06,5.085992673994268,5.085992673994268,-0.025992673994267967,-0.025992673994267967,0.1951219512195122,False,0.0,0.0
OADMET-0005945,5.26,5.1376590180165564,5.1376590180165564,0.12234098198344334,0.12234098198344334,0.23076923076923078,False,0.0,0.0
OADMET-0005944,5.24,4.469722439015953,4.469722439015953,0.7702775609840469,0.7702775609840469,0.24358974358974358,False,0.0,0.0
OADMET-0005943,5.0,5.254827354255232,5.254827354255232,-0.25482735425523195,-0.25482735425523195,0.2261904761904762,False,0.0,0.0
OADMET-0005942,4.41,4.553554050667772,4.553554050667772,-0.14355405066777216,-0.14355405066777216,0.22784810126582278,False,0.0,0.0
OADMET-0005941,5.07,4.744737543643099,4.744737543643099,0.3252624563569011,0.3252624563569011,0.19230769230769232,False,0.0,0.0
OADMET-0005940,5.22,5.10552825163869,5.10552825163869,0.1144717483613098,0.1144717483613098,0.24675324675324675,False,0.0,0.0
OADMET-0005939,4.44,4.7460505835060935,4.7460505835060935,-0.30605058350609315,-0.30605058350609315,0.22093023255813954,False,0.0,0.0
OADMET-0005938,4.82,4.817554970620905,4.817554970620905,0.002445029379095409,0.002445029379095409,0.2948717948717949,False,0.0,0.0
OADMET-0005937,4.89,4.834261525487436,4.834261525487436,0.05573847451256331,0.05573847451256331,0.2823529411764706,False,0.0,0.0
OADMET-0005936,4.97,4.934557297854748,4.934557297854748,0.035442702145251914,0.035442702145251914,0.2857142857142857,False,0.0,0.0
OADMET-0005935,4.49,5.224683394015415,5.224683394015415,-0.7346833940154145,-0.7346833940154145,0.23529411764705882,False,0.0,0.0
OADMET-0005934,5.25,5.05689443523444,5.05689443523444,0.19310556476555973,0.19310556476555973,0.2,False,0.0,0.0
OADMET-0005933,5.18,4.975602158296455,4.975602158296455,0.20439784170354436,0.20439784170354436,0.24096385542168675,False,0.0,0.0
OADMET-0005932,4.94,4.963051350139877,4.963051350139877,-0.023051350139876803,-0.023051350139876803,0.1927710843373494,False,0.0,0.0
OADMET-0005931,5.21,5.09546036673981,5.09546036673981,0.11453963326018979,0.11453963326018979,0.2125,False,0.0,0.0
OADMET-0005930,5.19,5.169306058791077,5.169306058791077,0.02069394120892376,0.02069394120892376,0.22784810126582278,False,0.0,0.0
OADMET-0005929,5.38,5.121053561192115,5.121053561192115,0.25894643880788504,0.25894643880788504,0.22988505747126436,False,0.0,0.0
OADMET-0005928,4.44,4.346234121947613,4.346234121947613,0.09376587805238756,0.09376587805238756,0.24,False,0.0,0.0
OADMET-0005927,4.63,4.941733808424866,4.941733808424866,-0.311733808424866,-0.311733808424866,0.2597402597402597,False,0.0,0.0
OADMET-0005926,5.25,4.88579964730346,4.88579964730346,0.36420035269653983,0.36420035269653983,0.21686746987951808,False,0.0,0.0
OADMET-0005925,4.02,4.735351537037822,4.735351537037822,-0.7153515370378223,-0.7153515370378223,0.2926829268292683,False,0.0,0.0
OADMET-0005924,4.48,4.795365028936885,4.795365028936885,-0.3153650289368848,-0.3153650289368848,0.19767441860465115,False,0.0,0.0
OADMET-0005923,5.53,4.837549219548123,4.837549219548123,0.6924507804518774,0.6924507804518774,0.2839506172839506,False,0.0,0.0
OADMET-0005922,4.26,4.486275787955349,4.486275787955349,-0.2262757879553492,-0.2262757879553492,0.19767441860465115,False,0.0,0.0
OADMET-0005921,4.6,4.655145510886479,4.655145510886479,-0.05514551088647934,-0.05514551088647934,0.19753086419753085,False,0.0,0.0
OADMET-0005920,5.41,5.018480540016323,5.018480540016323,0.39151945998367754,0.39151945998367754,0.25,False,0.0,0.0
OADMET-0005919,4.54,4.034330568151566,4.034330568151566,0.5056694318484336,0.5056694318484336,0.18085106382978725,False,0.0,0.0
OADMET-0005918,4.77,4.825181954578288,4.825181954578288,-0.05518195457828856,-0.05518195457828856,0.27956989247311825,False,0.0,0.0
OADMET-0005917,4.67,4.735434770352632,4.735434770352632,-0.06543477035263212,-0.06543477035263212,0.25316455696202533,False,0.0,0.0
OADMET-0005916,4.64,4.898407583560759,4.898407583560759,-0.2584075835607589,-0.2584075835607589,0.20454545454545456,False,0.0,0.0
OADMET-0005915,4.67,4.965270076214688,4.965270076214688,-0.29527007621468826,-0.29527007621468826,0.2125,False,0.0,0.0
OADMET-0005914,3.92,4.424132010080282,4.424132010080282,-0.5041320100802817,-0.5041320100802817,0.19117647058823528,False,0.0,0.0
OADMET-0005913,4.48,4.7230265288677025,4.7230265288677025,-0.24302652886770204,-0.24302652886770204,0.24705882352941178,False,0.0,0.0
OADMET-0005912,5.1,4.71685487182395,4.71685487182395,0.38314512817605006,0.38314512817605006,0.2857142857142857,False,0.0,0.0
OADMET-0005911,5.23,5.191292467858028,5.191292467858028,0.038707532141972756,0.038707532141972756,0.25757575757575757,False,0.0,0.0
OADMET-0005910,4.57,4.69868785779453,4.69868785779453,-0.12868785779452985,-0.12868785779452985,0.2375,False,0.0,0.0
OADMET-0005909,4.77,4.507711574406299,4.507711574406299,0.2622884255937006,0.2622884255937006,0.2261904761904762,False,0.0,0.0
OADMET-0005908,4.87,4.7324863063478935,4.7324863063478935,0.13751369365210664,0.13751369365210664,0.1875,False,0.0,0.0
OADMET-0005907,4.83,4.941939974988548,4.941939974988548,-0.11193997498854813,-0.11193997498854813,0.23529411764705882,False,0.0,0.0
OADMET-0005906,4.89,5.209301056445224,5.209301056445224,-0.3193010564452239,-0.3193010564452239,0.21686746987951808,False,0.0,0.0
OADMET-0005905,4.67,4.68703343891403,4.68703343891403,-0.017033438914030086,-0.017033438914030086,0.24,False,0.0,0.0
OADMET-0005904,4.39,4.647897911997674,4.647897911997674,-0.25789791199767453,-0.25789791199767453,0.20833333333333334,False,0.0,0.0
OADMET-0005903,4.38,4.605025578702538,4.609060006043616,-0.22502557870253792,-0.22906000604361587,0.30864197530864196,False,0.013448091136926025,0.0
OADMET-0005902,4.73,4.635586775853795,4.635586775853795,0.09441322414620501,0.09441322414620501,0.2,False,0.0,0.0
OADMET-0005901,4.26,5.005328340900754,5.005328340900754,-0.7453283409007545,-0.7453283409007545,0.1875,False,0.0,0.0
OADMET-0005900,4.45,3.8819500005360945,3.8819500005360945,0.5680499994639057,0.5680499994639057,0.20481927710843373,False,0.0,0.0
OADMET-0005899,4.59,4.961118773117806,4.961118773117806,-0.3711187731178063,-0.3711187731178063,0.23376623376623376,False,0.0,0.0
OADMET-0005898,4.15,4.6020218851496875,4.6020218851496875,-0.4520218851496871,-0.4520218851496871,0.2261904761904762,False,0.0,0.0
OADMET-0005897,4.75,4.989266860369339,4.989266860369339,-0.23926686036933908,-0.23926686036933908,0.23684210526315788,False,0.0,0.0
OADMET-0005896,4.86,5.03923942880723,5.03923942880723,-0.17923942880722965,-0.17923942880722965,0.25,False,0.0,0.0
OADMET-0005895,5.25,5.212786043268963,5.212786043268963,0.037213956731037,0.037213956731037,0.2222222222222222,False,0.0,0.0
OADMET-0005894,4.71,4.522936913573626,4.522936913573626,0.18706308642637381,0.18706308642637381,0.24691358024691357,False,0.0,0.0
OADMET-0005893,5.01,4.778317451477051,4.779403127937607,0.231682548522949,0.2305968720623932,0.3023255813953488,False,0.003618921535186065,0.0
OADMET-0005892,5.1,5.0673470707773,5.0673470707773,0.032652929222699356,0.032652929222699356,0.189873417721519,False,0.0,0.0
OADMET-0005891,5.11,5.034510806926246,5.034510806926246,0.07548919307375446,0.07548919307375446,0.21951219512195122,False,0.0,0.0
OADMET-0005890,4.09,4.650167005501904,4.650167005501904,-0.5601670055019046,-0.5601670055019046,0.20224719101123595,False,0.0,0.0
OADMET-0005889,4.76,4.647264211386153,4.647264211386153,0.11273578861384692,0.11273578861384692,0.2,False,0.0,0.0
OADMET-0005888,4.98,5.356640149320214,5.356640149320214,-0.37664014932021317,-0.37664014932021317,0.21951219512195122,False,0.0,0.0
OADMET-0005887,5.02,4.715472435488284,4.715472435488284,0.3045275645117158,0.3045275645117158,0.1744186046511628,False,0.0,0.0
OADMET-0005886,4.58,4.900020219284354,4.900020219284354,-0.32002021928435376,-0.32002021928435376,0.2972972972972973,False,0.0,0.0
OADMET-0005885,5.17,5.1983309102289885,5.1983309102289885,-0.028330910228988593,-0.028330910228988593,0.23595505617977527,False,0.0,0.0
OADMET-0005884,5.04,5.189735667913863,5.189735667913863,-0.1497356679138626,-0.1497356679138626,0.2125,False,0.0,0.0
OADMET-0005883,4.56,4.737001045699258,4.737001045699258,-0.17700104569925834,-0.17700104569925834,0.25301204819277107,False,0.0,0.0
OADMET-0005882,4.07,4.820181524174885,4.820181524174885,-0.7501815241748844,-0.7501815241748844,0.21176470588235294,False,0.0,0.0
OADMET-0005881,4.68,4.801825777766774,4.801825777766774,-0.12182577776677395,-0.12182577776677395,0.22666666666666666,False,0.0,0.0
OADMET-0005880,5.19,4.967736105548525,4.967736105548525,0.22226389445147543,0.22226389445147543,0.21428571428571427,False,0.0,0.0
OADMET-0005879,4.22,4.56278933159356,4.56278933159356,-0.3427893315935604,-0.3427893315935604,0.18181818181818182,False,0.0,0.0
OADMET-0005878,4.99,4.932217142188433,4.933864061671898,0.05778285781156711,0.0561359383281026,0.3037974683544304,False,0.005489731611547929,0.0
OADMET-0005877,4.44,4.55912145434074,4.55912145434074,-0.11912145434073995,-0.11912145434073995,0.23376623376623376,False,0.0,0.0
OADMET-0005876,4.72,5.022507948088414,5.022507948088414,-0.3025079480884143,-0.3025079480884143,0.2465753424657534,False,0.0,0.0
OADMET-0005875,4.95,4.741921281814575,4.741921281814575,0.20807871818542534,0.20807871818542534,0.23376623376623376,False,0.0,0.0
OADMET-0005874,5.65,4.9740461428188585,4.9740461428188585,0.6759538571811419,0.6759538571811419,0.2625,False,0.0,0.0
OADMET-0005873,4.38,4.770051894373106,4.770051894373106,-0.39005189437310595,-0.39005189437310595,0.22093023255813954,False,0.0,0.0
OADMET-0005872,5.48,4.912509301333751,4.912509301333751,0.5674906986662496,0.5674906986662496,0.22077922077922077,False,0.0,0.0
OADMET-0005871,5.37,5.12103758321225,5.12103758321225,0.24896241678774977,0.24896241678774977,0.19753086419753085,False,0.0,0.0
OADMET-0005870,4.88,4.7050291512776345,4.7050291512776345,0.17497084872236535,0.17497084872236535,0.2077922077922078,False,0.0,0.0
OADMET-0005869,4.47,4.857764433425607,4.857764433425607,-0.3877644334256072,-0.3877644334256072,0.225,False,0.0,0.0
OADMET-0005868,4.43,4.8237893514262815,4.8237893514262815,-0.3937893514262818,-0.3937893514262818,0.25,False,0.0,0.0
OADMET-0005867,4.47,4.2142163842627145,4.2142163842627145,0.25578361573728525,0.25578361573728525,0.2,False,0.0,0.0
OADMET-0005866,4.48,4.832704792439358,4.832704792439358,-0.3527047924393578,-0.3527047924393578,0.2,False,0.0,0.0
OADMET-0005865,5.2,5.09534572721685,5.09534572721685,0.10465427278314987,0.10465427278314987,0.23529411764705882,False,0.0,0.0
OADMET-0005864,4.77,4.71882737168988,4.71882737168988,0.051172628310119705,0.051172628310119705,0.2261904761904762,False,0.0,0.0
OADMET-0005863,4.69,4.481484242203166,4.481484242203166,0.2085157577968344,0.2085157577968344,0.2876712328767123,False,0.0,0.0
OADMET-0005862,4.89,4.843120287228556,4.843120287228556,0.046879712771443316,0.046879712771443316,0.2564102564102564,False,0.0,0.0
OADMET-0005861,4.63,4.888773853107564,4.888773853107564,-0.25877385310756384,-0.25877385310756384,0.23809523809523808,False,0.0,0.0
OADMET-0005860,4.36,4.412509461976949,4.412509461976949,-0.052509461976948835,-0.052509461976948835,0.20987654320987653,False,0.0,0.0
OADMET-0005859,4.4,4.380081436703506,4.380081436703506,0.01991856329649444,0.01991856329649444,0.22972972972972974,False,0.0,0.0
OADMET-0005858,5.29,5.328227629013432,5.328227629013432,-0.038227629013431574,-0.038227629013431574,0.2692307692307692,False,0.0,0.0
OADMET-0005857,5.06,4.806265720348914,4.806265720348914,0.25373427965108597,0.25373427965108597,0.2948717948717949,False,0.0,0.0
OADMET-0005856,5.04,4.877366494206549,4.877366494206549,0.16263350579345115,0.16263350579345115,0.2891566265060241,False,0.0,0.0
OADMET-0005855,4.48,4.585526149018296,4.585526149018296,-0.10552614901829571,-0.10552614901829571,0.21686746987951808,False,0.0,0.0
OADMET-0005854,3.96,4.585132401892283,4.585132401892283,-0.6251324018922828,-0.6251324018922828,0.275,False,0.0,0.0
OADMET-0005853,4.06,3.8578733487036625,3.8578733487036625,0.2021266512963371,0.2021266512963371,0.25,False,0.0,0.0
OADMET-0005852,4.73,4.925955594627602,4.925955594627602,-0.19595559462760193,-0.19595559462760193,0.2236842105263158,False,0.0,0.0
OADMET-0005851,4.34,4.566796423162071,4.566796423162071,-0.22679642316207094,-0.22679642316207094,0.25609756097560976,False,0.0,0.0
OADMET-0005850,4.07,4.746580043116819,4.746580043116819,-0.676580043116819,-0.676580043116819,0.26506024096385544,False,0.0,0.0
OADMET-0005849,4.42,4.1814235176854915,4.1814235176854915,0.23857648231450845,0.23857648231450845,0.22972972972972974,False,0.0,0.0
OADMET-0005848,4.41,4.306628772471715,4.306628772471715,0.1033712275282852,0.1033712275282852,0.22077922077922077,False,0.0,0.0
OADMET-0005847,5.21,4.4712561267093545,4.4712561267093545,0.7387438732906455,0.7387438732906455,0.25301204819277107,False,0.0,0.0
OADMET-0005846,4.61,4.758741420912511,4.758741420912511,-0.1487414209125104,-0.1487414209125104,0.20481927710843373,False,0.0,0.0
OADMET-0005845,4.84,4.637600871660177,4.637600871660177,0.202399128339823,0.202399128339823,0.24390243902439024,False,0.0,0.0
OADMET-0005844,4.25,4.577358850923556,4.577358850923556,-0.3273588509235559,-0.3273588509235559,0.2235294117647059,False,0.0,0.0
OADMET-0005843,4.74,4.629479732328248,4.629479732328248,0.11052026767175249,0.11052026767175249,0.15492957746478872,False,0.0,0.0
OADMET-0005842,5.12,4.714022320451088,4.714022320451088,0.4059776795489123,0.4059776795489123,0.21839080459770116,False,0.0,0.0
OADMET-0005841,4.87,4.869400025802909,4.869400025802909,0.0005999741970912353,0.0005999741970912353,0.1951219512195122,False,0.0,0.0
OADMET-0005840,4.81,4.97457042782052,4.97457042782052,-0.16457042782052067,-0.16457042782052067,0.21428571428571427,False,0.0,0.0
OADMET-0005839,5.06,4.8607811624564015,4.8607811624564015,0.19921883754359815,0.19921883754359815,0.20930232558139536,False,0.0,0.0
OADMET-0005838,5.23,5.015115441396398,5.015115441396398,0.21488455860360212,0.21488455860360212,0.21052631578947367,False,0.0,0.0
OADMET-0005837,4.5,4.061855872857918,4.061855872857918,0.43814412714208206,0.43814412714208206,0.2,False,0.0,0.0
OADMET-0005836,4.83,5.084042006788902,5.084042006788902,-0.254042006788902,-0.254042006788902,0.2597402597402597,False,0.0,0.0
OADMET-0005835,3.63,4.773574007599099,4.773574007599099,-1.1435740075990992,-1.1435740075990992,0.17777777777777778,False,0.0,0.0
OADMET-0005834,4.52,4.886497666997816,4.886497666997816,-0.36649766699781683,-0.36649766699781683,0.2235294117647059,False,0.0,0.0
OADMET-0005833,4.66,4.9947085424534325,4.9947085424534325,-0.3347085424534324,-0.3347085424534324,0.25675675675675674,False,0.0,0.0
OADMET-0005832,5.07,5.045868187043273,5.067654094685093,0.024131812956727394,0.002345905314907526,0.3466666666666667,False,0.07261969213940063,0.0
OADMET-0005831,3.9,4.920089200862403,4.920089200862403,-1.0200892008624032,-1.0200892008624032,0.24444444444444444,False,0.0,0.0
OADMET-0005830,3.93,4.620351292786089,4.620351292786089,-0.6903512927860889,-0.6903512927860889,0.21518987341772153,False,0.0,0.0
OADMET-0005829,5.38,5.257127606753006,5.257127606753006,0.12287239324699417,0.12287239324699417,0.2727272727272727,False,0.0,0.0
OADMET-0005828,4.67,5.038981811282704,5.038981811282704,-0.3689818112827039,-0.3689818112827039,0.2,False,0.0,0.0
OADMET-0005827,4.69,4.16098946518111,4.16098946518111,0.52901053481889,0.52901053481889,0.23863636363636365,False,0.0,0.0
OADMET-0005826,5.19,4.211649424127005,4.211649424127005,0.9783505758729953,0.9783505758729953,0.21428571428571427,False,0.0,0.0
OADMET-0005825,4.41,4.683548175709919,4.683548175709919,-0.2735481757099185,-0.2735481757099185,0.2,False,0.0,0.0
OADMET-0005824,4.44,4.486103174292925,4.486103174292925,-0.04610317429292454,-0.04610317429292454,0.1935483870967742,False,0.0,0.0
OADMET-0005823,5.63,5.235062304978232,5.235062304978232,0.3949376950217678,0.3949376950217678,0.20930232558139536,False,0.0,0.0
OADMET-0005822,4.65,4.732005260523083,4.732005260523083,-0.08200526052308277,-0.08200526052308277,0.20987654320987653,False,0.0,0.0
OADMET-0005821,5.23,4.914020334632651,4.914020334632651,0.3159796653673492,0.3159796653673492,0.21518987341772153,False,0.0,0.0
OADMET-0005820,4.47,4.389301972944759,4.389301972944759,0.08069802705524065,0.08069802705524065,0.18292682926829268,False,0.0,0.0
OADMET-0005819,4.99,4.6965402309177,4.6965402309177,0.2934597690823004,0.2934597690823004,0.19480519480519481,False,0.0,0.0
OADMET-0005818,4.92,5.085819061520031,5.085819061520031,-0.16581906152003079,-0.16581906152003079,0.22784810126582278,False,0.0,0.0
OADMET-0005817,4.66,4.153766885197278,4.153766885197278,0.5062331148027219,0.5062331148027219,0.16483516483516483,False,0.0,0.0
OADMET-0005816,4.4,4.3731230944105715,4.3731230944105715,0.0268769055894289,0.0268769055894289,0.20253164556962025,False,0.0,0.0
OADMET-0005815,4.9,4.717159541139324,4.717159541139324,0.18284045886067624,0.18284045886067624,0.19736842105263158,False,0.0,0.0
OADMET-0005814,4.58,4.956978337741592,4.956978337741592,-0.3769783377415923,-0.3769783377415923,0.16470588235294117,False,0.0,0.0
OADMET-0005813,4.13,4.759040819094018,4.759040819094018,-0.6290408190940182,-0.6290408190940182,0.1951219512195122,False,0.0,0.0
OADMET-0005812,4.69,5.0818371080657805,5.0818371080657805,-0.3918371080657801,-0.3918371080657801,0.22727272727272727,False,0.0,0.0
OADMET-0005811,5.22,5.053508396519041,5.053508396519041,0.16649160348095915,0.16649160348095915,0.15584415584415584,False,0.0,0.0
OADMET-0005810,4.75,4.756840551246717,4.756840551246717,-0.006840551246717119,-0.006840551246717119,0.20238095238095238,False,0.0,0.0
OADMET-0005809,5.62,4.084185495075671,4.084185495075671,1.5358145049243292,1.5358145049243292,0.18888888888888888,False,0.0,0.0
OADMET-0005808,5.32,5.3423199674458175,5.3423199674458175,-0.022319967445817213,-0.022319967445817213,0.25287356321839083,False,0.0,0.0
OADMET-0005807,5.56,4.9777698771467485,4.9777698771467485,0.5822301228532512,0.5822301228532512,0.2857142857142857,False,0.0,0.0
OADMET-0005806,5.22,5.033335061675137,5.033335061675137,0.18666493832486264,0.18666493832486264,0.23809523809523808,False,0.0,0.0
OADMET-0005805,4.91,5.094014719389016,5.094014719389016,-0.18401471938901626,-0.18401471938901626,0.2111111111111111,False,0.0,0.0
OADMET-0005804,5.57,5.173782506498318,5.175668109964893,0.3962174935016822,0.39433189003510716,0.30434782608695654,False,0.0062853448885838705,0.0
OADMET-0005803,5.15,4.357534171771077,4.357534171771077,0.7924658282289236,0.7924658282289236,0.2,False,0.0,0.0
OADMET-0005802,4.53,4.9132104869027735,4.922881597897534,-0.38321048690277326,-0.3928815978975342,0.32142857142857145,False,0.03223703664920216,0.0
OADMET-0005801,4.5,4.6336617675799765,4.6336617675799765,-0.1336617675799765,-0.1336617675799765,0.19718309859154928,False,0.0,0.0
OADMET-0005800,5.05,5.41553496457998,5.41553496457998,-0.3655349645799806,-0.3655349645799806,0.20987654320987653,False,0.0,0.0
OADMET-0005799,3.56,4.626852066771498,4.626852066771498,-1.066852066771498,-1.066852066771498,0.20454545454545456,False,0.0,0.0
OADMET-0005798,4.82,5.067752780034704,5.067752780034704,-0.2477527800347037,-0.2477527800347037,0.2727272727272727,False,0.0,0.0
OADMET-0005797,4.85,4.618170718776369,4.618170718776369,0.23182928122363045,0.23182928122363045,0.25,False,0.0,0.0
OADMET-0005796,4.63,4.636632529277247,4.636632529277247,-0.006632529277246668,-0.006632529277246668,0.18518518518518517,False,0.0,0.0
OADMET-0005795,4.68,4.958885946320098,4.958885946320098,-0.27888594632009855,-0.27888594632009855,0.20253164556962025,False,0.0,0.0
OADMET-0005794,4.71,4.7564011842301746,4.7564011842301746,-0.046401184230174586,-0.046401184230174586,0.21794871794871795,False,0.0,0.0
OADMET-0005793,4.25,4.5949114984679,4.5949114984679,-0.3449114984678996,-0.3449114984678996,0.2077922077922078,False,0.0,0.0
OADMET-0005792,4.58,4.4495337943428925,4.4495337943428925,0.13046620565710754,0.13046620565710754,0.2289156626506024,False,0.0,0.0
OADMET-0005791,4.63,4.922093214340579,4.922093214340579,-0.29209321434057944,-0.29209321434057944,0.2638888888888889,False,0.0,0.0
OADMET-0005790,4.57,4.785174889471925,4.785174889471925,-0.21517488947192476,-0.21517488947192476,0.19318181818181818,False,0.0,0.0
OADMET-0005789,4.36,4.731071438141239,4.731071438141239,-0.37107143814123855,-0.37107143814123855,0.2361111111111111,False,0.0,0.0
OADMET-0005788,6.23,4.794343618281836,5.044745061639058,1.4356563817181645,1.1852549383609423,1.0,False,0.8346714778574078,0.0
OADMET-0005787,4.67,4.5761316040187205,4.5761316040187205,0.09386839598127938,0.09386839598127938,0.2289156626506024,False,0.0,0.0
OADMET-0005786,5.05,4.872622312156899,4.8784743475206955,0.1773776878431006,0.1715256524793043,0.3108108108108108,False,0.019506784545987532,0.0
OADMET-0005785,4.57,4.568553264395705,4.568553264395705,0.0014467356042953128,0.0014467356042953128,0.22826086956521738,False,0.0,0.0
OADMET-0005784,4.84,4.971375013323663,4.971375013323663,-0.1313750133236633,-0.1313750133236633,0.2638888888888889,False,0.0,0.0
OADMET-0005783,5.22,4.93904057706444,4.93904057706444,0.28095942293555964,0.28095942293555964,0.22535211267605634,False,0.0,0.0
OADMET-0005782,4.83,4.578920822467619,4.578920822467619,0.2510791775323815,0.2510791775323815,0.18823529411764706,False,0.0,0.0
OADMET-0005781,4.85,5.040506104126717,5.040506104126717,-0.1905061041267171,-0.1905061041267171,0.23170731707317074,False,0.0,0.0
OADMET-0005780,4.03,4.655698083210917,4.655698083210917,-0.6256980832109171,-0.6256980832109171,0.2077922077922078,False,0.0,0.0
OADMET-0005779,5.11,5.017072744739866,5.022908255715354,0.09292725526013434,0.08709174428464639,0.3125,False,0.019451703251625176,0.0
OADMET-0005778,4.53,4.957856810440138,4.957856810440138,-0.42785681044013746,-0.42785681044013746,0.1875,False,0.0,0.0
OADMET-0005777,4.72,4.931397219074582,4.931397219074582,-0.2113972190745823,-0.2113972190745823,0.23880597014925373,False,0.0,0.0
OADMET-0005776,4.99,4.563431237970741,4.563431237970741,0.42656876202925886,0.42656876202925886,0.22727272727272727,False,0.0,0.0
OADMET-0005775,4.78,4.253509949596182,4.253509949596182,0.5264900504038179,0.5264900504038179,0.22105263157894736,False,0.0,0.0
OADMET-0005774,5.05,4.899016983069262,4.899016983069262,0.1509830169307378,0.1509830169307378,0.29333333333333333,False,0.0,0.0
OADMET-0005773,4.38,4.520034539120869,4.520034539120869,-0.14003453912086883,-0.14003453912086883,0.21176470588235294,False,0.0,0.0
OADMET-0005772,4.78,4.824200356816782,4.824200356816782,-0.04420035681678147,-0.04420035681678147,0.23170731707317074,False,0.0,0.0
OADMET-0005771,5.46,5.235483078123296,5.237760350699096,0.22451692187670425,0.22223964930090379,0.3048780487804878,False,0.007590908586000068,0.0
OADMET-0005770,4.85,4.592291477814461,4.592291477814461,0.2577085221855384,0.2577085221855384,0.2413793103448276,False,0.0,0.0
OADMET-0005769,4.78,4.780714102856164,4.780714102856164,-0.0007141028561639118,-0.0007141028561639118,0.20270270270270271,False,0.0,0.0
OADMET-0005768,4.86,4.794470441225663,4.794470441225663,0.06552955877433764,0.06552955877433764,0.22077922077922077,False,0.0,0.0
OADMET-0005767,4.28,4.666409757530805,4.666409757530805,-0.38640975753080475,-0.38640975753080475,0.23809523809523808,False,0.0,0.0
OADMET-0005766,4.75,4.097774477028152,4.097774477028152,0.6522255229718477,0.6522255229718477,0.1875,False,0.0,0.0
OADMET-0005765,4.16,4.677446808166874,4.677446808166874,-0.5174468081668735,-0.5174468081668735,0.21333333333333335,False,0.0,0.0
OADMET-0005764,4.65,4.884020653743188,4.884020653743188,-0.2340206537431877,-0.2340206537431877,0.2054794520547945,False,0.0,0.0
OADMET-0005763,4.21,4.411226717360968,4.411226717360968,-0.2012267173609681,-0.2012267173609681,0.2345679012345679,False,0.0,0.0
OADMET-0005762,4.79,4.788271812790805,4.788271812790805,0.0017281872091947648,0.0017281872091947648,0.19047619047619047,False,0.0,0.0
OADMET-0005761,4.4,4.787365038649549,4.787365038649549,-0.3873650386495484,-0.3873650386495484,0.2608695652173913,False,0.0,0.0
OADMET-0005760,5.24,4.854490203070409,4.854490203070409,0.38550979692959153,0.38550979692959153,0.2375,False,0.0,0.0
OADMET-0005759,4.14,4.8738767269745615,4.8738767269745615,-0.7338767269745619,-0.7338767269745619,0.2222222222222222,False,0.0,0.0
OADMET-0005758,4.29,4.59491762628833,4.59491762628833,-0.3049176262883302,-0.3049176262883302,0.18823529411764706,False,0.0,0.0
OADMET-0005757,4.52,4.482619355951698,4.482619355951698,0.03738064404830155,0.03738064404830155,0.24705882352941178,False,0.0,0.0
OADMET-0005756,4.54,4.9197534165336085,4.9197534165336085,-0.3797534165336085,-0.3797534165336085,0.273972602739726,False,0.0,0.0
OADMET-0005755,4.69,4.720189146393711,4.720189146393711,-0.03018914639371051,-0.03018914639371051,0.23655913978494625,False,0.0,0.0
OADMET-0005754,4.6,4.2999375521558,4.2999375521558,0.30006244784419955,0.30006244784419955,0.25274725274725274,False,0.0,0.0
OADMET-0005753,4.29,4.7595217183955665,4.7595217183955665,-0.46952171839556645,-0.46952171839556645,0.19318181818181818,False,0.0,0.0
OADMET-0005752,4.62,5.0131292178792854,5.0131292178792854,-0.39312921787928534,-0.39312921787928534,0.21839080459770116,False,0.0,0.0
OADMET-0005751,4.28,4.795997436764171,4.795997436764171,-0.5159974367641711,-0.5159974367641711,0.24,False,0.0,0.0
OADMET-0005750,4.44,4.835858041337393,4.851419403938693,-0.39585804133739266,-0.4114194039386927,0.3333333333333333,False,0.05187120867100041,0.0
OADMET-0005749,4.3,4.822208746891577,4.822208746891577,-0.522208746891577,-0.522208746891577,0.22666666666666666,False,0.0,0.0
OADMET-0005748,4.74,4.851562164593669,4.851562164593669,-0.11156216459366863,-0.11156216459366863,0.1839080459770115,False,0.0,0.0
OADMET-0005747,5.58,4.972165499613123,4.972165499613123,0.6078345003868773,0.6078345003868773,0.2926829268292683,False,0.0,0.0
OADMET-0005746,5.46,5.016903906655543,5.016903906655543,0.4430960933444572,0.4430960933444572,0.1956521739130435,False,0.0,0.0
OADMET-0005745,4.82,4.972545752941984,4.972545752941984,-0.15254575294198336,-0.15254575294198336,0.275,False,0.0,0.0
OADMET-0005744,4.78,4.546809161288067,4.546809161288067,0.23319083871193325,0.23319083871193325,0.19230769230769232,False,0.0,0.0
OADMET-0005743,4.61,4.824138103873984,4.824138103873984,-0.21413810387398335,-0.21413810387398335,0.2413793103448276,False,0.0,0.0
OADMET-0005742,4.06,3.0818078232043,3.0818078232043,0.9781921767956998,0.9781921767956998,0.21428571428571427,False,0.0,0.0
OADMET-0005741,4.59,4.6798830356412715,4.6798830356412715,-0.08988303564127165,-0.08988303564127165,0.18181818181818182,False,0.0,0.0
OADMET-0005740,4.81,4.990608380373242,4.990608380373242,-0.18060838037324256,-0.18060838037324256,0.21839080459770116,False,0.0,0.0
OADMET-0005739,4.46,4.848564784735151,4.848564784735151,-0.3885647847351512,-0.3885647847351512,0.22727272727272727,False,0.0,0.0
OADMET-0005738,4.3,5.0588955226453765,5.105293803029761,-0.7588955226453766,-0.8052938030297616,0.38571428571428573,False,0.15466093461461547,0.0
OADMET-0005737,4.67,4.547713153802075,4.494262938852083,0.12228684619792496,0.17573706114791676,0.23809523809523808,True,0.0,-0.17816738316663994
OADMET-0005736,5.46,4.902011063955363,4.902011063955363,0.5579889360446373,0.5579889360446373,0.288135593220339,False,0.0,0.0
OADMET-0005735,5.09,4.808877868096805,4.808877868096805,0.2811221319031949,0.2811221319031949,0.20202020202020202,False,0.0,0.0
OADMET-0005734,4.85,4.962823128005834,4.962823128005834,-0.11282312800583405,-0.11282312800583405,0.1927710843373494,False,0.0,0.0
OADMET-0005733,5.22,4.187175797605978,4.187175797605978,1.0328242023940222,1.0328242023940222,0.16304347826086957,False,0.0,0.0
OADMET-0005732,5.12,4.947983291079698,4.947983291079698,0.17201670892030219,0.17201670892030219,0.2441860465116279,False,0.0,0.0
OADMET-0005731,5.11,4.735189527446783,4.735189527446783,0.3748104725532171,0.3748104725532171,0.2625,False,0.0,0.0
OADMET-0005730,4.59,4.624698496327817,4.624698496327817,-0.03469849632781674,-0.03469849632781674,0.23863636363636365,False,0.0,0.0
OADMET-0005729,4.23,4.680601958858157,4.680601958858157,-0.45060195885815624,-0.45060195885815624,0.2077922077922078,False,0.0,0.0
OADMET-0005728,4.9,5.288368229495669,5.288368229495669,-0.3883682294956685,-0.3883682294956685,0.2235294117647059,False,0.0,0.0
OADMET-0005727,5.12,4.758605556580626,4.758605556580626,0.3613944434193739,0.3613944434193739,0.24,False,0.0,0.0
OADMET-0005726,4.83,4.951431686901351,4.951431686901351,-0.1214316869013512,-0.1214316869013512,0.24285714285714285,False,0.0,0.0
OADMET-0005725,4.8,5.088300343624596,5.088300343624596,-0.2883003436245959,-0.2883003436245959,0.2,False,0.0,0.0
OADMET-0005724,4.84,4.807998735464892,4.807998735464892,0.032001264535107765,0.032001264535107765,0.22058823529411764,False,0.0,0.0
OADMET-0005723,4.17,4.54142626952199,4.54142626952199,-0.3714262695219901,-0.3714262695219901,0.25274725274725274,False,0.0,0.0
OADMET-0005722,4.2,4.655279773878819,4.655279773878819,-0.4552797738788188,-0.4552797738788188,0.2328767123287671,False,0.0,0.0
OADMET-0005721,5.02,5.275075585633806,5.275075585633806,-0.25507558563380606,-0.25507558563380606,0.23529411764705882,False,0.0,0.0
OADMET-0005720,5.0,5.150470232269139,5.150470232269139,-0.15047023226913936,-0.15047023226913936,0.17708333333333334,False,0.0,0.0
OADMET-0005719,4.86,4.772151657910023,4.772151657910023,0.08784834208997694,0.08784834208997694,0.18181818181818182,False,0.0,0.0
OADMET-0005718,4.73,4.923130423351399,4.923130423351399,-0.1931304233513984,-0.1931304233513984,0.17857142857142858,False,0.0,0.0
OADMET-0005717,4.33,3.8411318187574737,3.8411318187574737,0.4888681812425264,0.4888681812425264,0.19047619047619047,False,0.0,0.0
OADMET-0005716,4.51,4.767251653578675,4.767251653578675,-0.25725165357867485,-0.25725165357867485,0.22580645161290322,False,0.0,0.0
OADMET-0005715,4.82,4.7295473344117696,4.7295473344117696,0.09045266558823073,0.09045266558823073,0.275,False,0.0,0.0
OADMET-0005714,4.96,4.8068237070898405,4.8068237070898405,0.15317629291015944,0.15317629291015944,0.2191780821917808,False,0.0,0.0
OADMET-0005713,4.39,4.884310552680376,4.884310552680376,-0.4943105526803766,-0.4943105526803766,0.20588235294117646,False,0.0,0.0
OADMET-0005712,4.49,5.068455701892816,5.098370382666959,-0.5784557018928158,-0.6083703826669584,0.35526315789473684,False,0.09971560258047574,0.0
OADMET-0005711,4.34,4.6772737183617155,4.6772737183617155,-0.3372737183617156,-0.3372737183617156,0.1935483870967742,False,0.0,0.0
OADMET-0005710,4.16,4.331555272306053,4.331555272306053,-0.17155527230605294,-0.17155527230605294,0.2727272727272727,False,0.0,0.0
OADMET-0005709,4.95,4.964415517825524,4.964415517825524,-0.014415517825523416,-0.014415517825523416,0.273972602739726,False,0.0,0.0
OADMET-0005708,4.83,4.489074562591257,4.489074562591257,0.34092543740874337,0.34092543740874337,0.19753086419753085,False,0.0,0.0
OADMET-0005707,4.3,4.345878576653675,4.345878576653675,-0.04587857665367512,-0.04587857665367512,0.24358974358974358,False,0.0,0.0
OADMET-0005706,4.86,5.1714424755966775,5.1714424755966775,-0.31144247559667715,-0.31144247559667715,0.25,False,0.0,0.0
OADMET-0005705,4.52,4.996459683168281,4.996459683168281,-0.47645968316828125,-0.47645968316828125,0.24096385542168675,False,0.0,0.0
OADMET-0005704,4.68,4.655673585586177,4.655673585586177,0.02432641441382266,0.02432641441382266,0.28125,False,0.0,0.0
OADMET-0005703,4.97,4.7687588474125535,4.7687588474125535,0.20124115258744624,0.20124115258744624,0.2716049382716049,False,0.0,0.0
OADMET-0005702,5.22,4.9608854974357826,4.9608854974357826,0.2591145025642172,0.2591145025642172,0.2345679012345679,False,0.0,0.0
OADMET-0005701,4.97,4.813211744965859,4.813211744965859,0.15678825503414107,0.15678825503414107,0.25287356321839083,False,0.0,0.0
OADMET-0005700,4.04,4.642065326218466,4.642065326218466,-0.6020653262184661,-0.6020653262184661,0.25316455696202533,False,0.0,0.0
OADMET-0005699,4.95,4.944999769358959,4.944999769358959,0.00500023064104127,0.00500023064104127,0.19230769230769232,False,0.0,0.0
OADMET-0005698,4.41,4.686664393341657,4.686664393341657,-0.27666439334165727,-0.27666439334165727,0.26582278481012656,False,0.0,0.0
OADMET-0005697,4.9,5.0683388388272625,5.0683388388272625,-0.1683388388272622,-0.1683388388272622,0.24358974358974358,False,0.0,0.0
OADMET-0005696,4.22,4.611845910433427,4.611845910433427,-0.3918459104334273,-0.3918459104334273,0.23529411764705882,False,0.0,0.0
OADMET-0005695,3.94,4.4215809910042765,4.4215809910042765,-0.48158099100427654,-0.48158099100427654,0.21428571428571427,False,0.0,0.0
OADMET-0005694,4.96,5.080195201947851,5.080195201947851,-0.12019520194785116,-0.12019520194785116,0.22727272727272727,False,0.0,0.0
OADMET-0005693,4.82,4.700807094111026,4.700807094111026,0.11919290588897447,0.11919290588897447,0.20253164556962025,False,0.0,0.0
OADMET-0005692,4.9,4.746064046054211,4.746064046054211,0.15393595394578963,0.15393595394578963,0.22784810126582278,False,0.0,0.0
OADMET-0005691,4.25,4.721747343054095,4.721747343054095,-0.47174734305409505,-0.47174734305409505,0.21739130434782608,False,0.0,0.0
OADMET-0005690,4.7,5.016319025141521,5.016319025141521,-0.3163190251415209,-0.3163190251415209,0.21428571428571427,False,0.0,0.0
OADMET-0005689,5.05,5.019723067237335,5.019723067237335,0.030276932762665076,0.030276932762665076,0.21348314606741572,False,0.0,0.0
OADMET-0005688,4.59,4.803814329221411,4.803814329221411,-0.2138143292214112,-0.2138143292214112,0.2235294117647059,False,0.0,0.0
OADMET-0005687,5.04,5.053203308698043,5.053203308698043,-0.013203308698042981,-0.013203308698042981,0.21978021978021978,False,0.0,0.0
OADMET-0005686,5.1,5.102035891662524,5.102035891662524,-0.0020358916625244916,-0.0020358916625244916,0.1951219512195122,False,0.0,0.0
OADMET-0005685,4.22,5.301517877763915,5.301517877763915,-1.0815178777639156,-1.0815178777639156,0.1875,False,0.0,0.0
OADMET-0005684,4.67,4.724230820229909,4.724230820229909,-0.05423082022990933,-0.05423082022990933,0.24358974358974358,False,0.0,0.0
OADMET-0005683,4.77,5.062032232932674,5.062032232932674,-0.2920322329326748,-0.2920322329326748,0.23684210526315788,False,0.0,0.0
OADMET-0005682,4.9,4.846928521267419,4.846928521267419,0.05307147873258167,0.05307147873258167,0.24358974358974358,False,0.0,0.0
OADMET-0005681,5.17,4.986803735112681,4.986803735112681,0.18319626488731888,0.18319626488731888,0.19444444444444445,False,0.0,0.0
OADMET-0005680,4.27,4.625560576012991,4.625560576012991,-0.3555605760129916,-0.3555605760129916,0.23595505617977527,False,0.0,0.0
OADMET-0005679,4.4,4.624252054529283,4.624252054529283,-0.22425205452928232,-0.22425205452928232,0.2236842105263158,False,0.0,0.0
OADMET-0005678,5.14,4.390000473411337,4.390000473411337,0.7499995265886623,0.7499995265886623,0.21428571428571427,False,0.0,0.0
OADMET-0005677,5.13,5.094707119349137,5.094707119349137,0.03529288065086256,0.03529288065086256,0.24358974358974358,False,0.0,0.0
OADMET-0005676,5.66,5.102481892502423,5.12006421128571,0.557518107497577,0.5399357887142902,0.33766233766233766,False,0.05860772927762387,0.0
OADMET-0005675,4.41,4.5766158106257615,4.5766158106257615,-0.16661581062576136,-0.16661581062576136,0.26582278481012656,False,0.0,0.0
OADMET-0005674,5.2,4.472936215678464,4.472936215678464,0.727063784321536,0.727063784321536,0.24,False,0.0,0.0
OADMET-0005673,4.39,4.885648551496487,4.885648551496487,-0.4956485514964877,-0.4956485514964877,0.23076923076923078,False,0.0,0.0
OADMET-0005672,4.92,5.053174942673988,5.053174942673988,-0.1331749426739881,-0.1331749426739881,0.25,False,0.0,0.0
OADMET-0005671,4.94,4.835010351486576,4.835010351486576,0.10498964851342407,0.10498964851342407,0.18292682926829268,False,0.0,0.0
OADMET-0005670,4.6,4.965191830940617,4.965191830940617,-0.365191830940617,-0.365191830940617,0.22077922077922077,False,0.0,0.0
OADMET-0005669,4.68,4.879024630148434,4.879024630148434,-0.1990246301484344,-0.1990246301484344,0.23076923076923078,False,0.0,0.0
OADMET-0005668,5.27,5.1391569424601435,5.1391569424601435,0.13084305753985603,0.13084305753985603,0.2597402597402597,False,0.0,0.0
OADMET-0005667,5.14,4.735968511544385,4.735968511544385,0.40403148845561443,0.40403148845561443,0.25,False,0.0,0.0
OADMET-0005666,5.25,5.099870283163867,5.099870283163867,0.1501297168361333,0.1501297168361333,0.20454545454545456,False,0.0,0.0
OADMET-0005665,4.39,4.511138315571165,4.5354666430182675,-0.12113831557116495,-0.14546664301826784,0.352112676056338,False,0.0810944248236767,0.0
OADMET-0005664,5.28,4.744851488974487,4.744851488974487,0.535148511025513,0.535148511025513,0.12903225806451613,False,0.0,0.0
OADMET-0005663,4.85,4.908146192958054,4.908146192958054,-0.05814619295805468,-0.05814619295805468,0.2261904761904762,False,0.0,0.0
OADMET-0005662,4.28,4.649921664682407,4.649921664682407,-0.3699216646824066,-0.3699216646824066,0.18888888888888888,False,0.0,0.0
OADMET-0005661,5.08,4.879612175006311,4.879612175006311,0.20038782499368946,0.20038782499368946,0.16666666666666666,False,0.0,0.0
OADMET-0005660,4.75,5.106983456102389,5.106983456102389,-0.35698345610238924,-0.35698345610238924,0.2235294117647059,False,0.0,0.0
OADMET-0005659,5.12,5.297421958840009,5.297421958840009,-0.177421958840009,-0.177421958840009,0.24675324675324675,False,0.0,0.0
OADMET-0005658,4.51,4.515562820203096,4.515562820203096,-0.005562820203095953,-0.005562820203095953,0.19318181818181818,False,0.0,0.0
OADMET-0005657,4.63,4.668951202596276,4.668951202596276,-0.038951202596275714,-0.038951202596275714,0.2808988764044944,False,0.0,0.0
OADMET-0005656,4.89,4.90747685432434,4.90747685432434,-0.01747685432434043,-0.01747685432434043,0.22077922077922077,False,0.0,0.0
OADMET-0005655,5.2,4.865269370680873,4.865269370680873,0.334730629319127,0.334730629319127,0.1956521739130435,False,0.0,0.0
OADMET-0005654,5.16,4.70828198923648,4.70828198923648,0.45171801076352036,0.45171801076352036,0.20454545454545456,False,0.0,0.0
OADMET-0005653,5.41,5.171069567411848,5.171069567411848,0.23893043258815183,0.23893043258815183,0.24444444444444444,False,0.0,0.0
OADMET-0005652,4.45,4.7619523511349575,4.7619523511349575,-0.31195235113495734,-0.31195235113495734,0.2345679012345679,False,0.0,0.0
OADMET-0005651,4.09,4.407292353991166,4.407292353991166,-0.3172923539911663,-0.3172923539911663,0.20833333333333334,False,0.0,0.0
OADMET-0005650,4.27,5.113107571092624,5.113107571092624,-0.8431075710926246,-0.8431075710926246,0.25609756097560976,False,0.0,0.0
OADMET-0005649,4.79,4.591655765922324,4.591655765922324,0.19834423407767598,0.19834423407767598,0.1935483870967742,False,0.0,0.0
OADMET-0005648,4.53,4.666029516007137,4.666029516007137,-0.1360295160071363,-0.1360295160071363,0.23376623376623376,False,0.0,0.0
OADMET-0005647,4.53,4.605427033692887,4.605427033692887,-0.07542703369288706,-0.07542703369288706,0.14666666666666667,False,0.0,0.0
OADMET-0005646,4.64,4.24509825336123,4.24509825336123,0.3949017466387694,0.3949017466387694,0.17647058823529413,False,0.0,0.0
OADMET-0005645,4.65,4.826057243347168,4.826057243347168,-0.17605724334716744,-0.17605724334716744,0.21951219512195122,False,0.0,0.0
OADMET-0005644,5.1,4.971101915489123,4.971101915489123,0.12889808451087692,0.12889808451087692,0.28169014084507044,False,0.0,0.0
OADMET-0005643,4.29,4.209233394872795,4.209233394872795,0.0807666051272049,0.0807666051272049,0.2318840579710145,False,0.0,0.0
OADMET-0005642,5.14,4.794058187031052,4.794058187031052,0.345941812968948,0.345941812968948,0.2111111111111111,False,0.0,0.0
OADMET-0005641,5.1,4.99318875016518,4.99318875016518,0.10681124983481993,0.10681124983481993,0.25316455696202533,False,0.0,0.0
OADMET-0005640,4.67,4.822354802113135,4.822354802113135,-0.1523548021131349,-0.1523548021131349,0.2125,False,0.0,0.0
OADMET-0005639,4.8,5.248120124131731,5.248120124131731,-0.44812012413173097,-0.44812012413173097,0.25,False,0.0,0.0
OADMET-0005638,4.84,4.417405793041858,4.417405793041858,0.4225942069581414,0.4225942069581414,0.25,False,0.0,0.0
OADMET-0005637,4.09,4.220034259499855,4.220034259499855,-0.1300342594998547,-0.1300342594998547,0.16129032258064516,False,0.0,0.0
OADMET-0005636,5.12,4.804479112439942,4.804479112439942,0.3155208875600577,0.3155208875600577,0.2375,False,0.0,0.0
OADMET-0005635,4.89,5.269528968820294,5.269528968820294,-0.37952896882029474,-0.37952896882029474,0.20481927710843373,False,0.0,0.0
OADMET-0005634,4.09,4.708542716155932,4.708542716155932,-0.6185427161559325,-0.6185427161559325,0.24358974358974358,False,0.0,0.0
OADMET-0005633,4.43,4.663272746095379,4.663272746095379,-0.23327274609537962,-0.23327274609537962,0.2765957446808511,False,0.0,0.0
OADMET-0005632,5.1,4.398219400933645,4.398219400933645,0.701780599066355,0.701780599066355,0.1891891891891892,False,0.0,0.0
OADMET-0005631,4.35,4.732274110803326,4.732274110803326,-0.3822741108033263,-0.3822741108033263,0.15,False,0.0,0.0
OADMET-0005630,4.63,4.630372446486093,4.630372446486093,-0.00037244648609302544,-0.00037244648609302544,0.19318181818181818,False,0.0,0.0
OADMET-0005629,4.73,4.863763602266034,4.863763602266034,-0.13376360226603357,-0.13376360226603357,0.19318181818181818,False,0.0,0.0
OADMET-0005628,5.27,5.039619560380584,5.039619560380584,0.2303804396194158,0.2303804396194158,0.27631578947368424,False,0.0,0.0
OADMET-0005627,4.68,4.349194650048191,4.349194650048191,0.33080534995180866,0.33080534995180866,0.2127659574468085,False,0.0,0.0
OADMET-0005626,3.51,4.611847160626384,4.611847160626384,-1.1018471606263844,-1.1018471606263844,0.21621621621621623,False,0.0,0.0
OADMET-0005625,4.57,4.931413856524866,4.931413856524866,-0.3614138565248659,-0.3614138565248659,0.273972602739726,False,0.0,0.0
OADMET-0005624,4.16,4.342161361222129,4.342161361222129,-0.18216136122212845,-0.18216136122212845,0.1794871794871795,False,0.0,0.0
OADMET-0005623,4.87,4.785249258245079,4.785249258245079,0.08475074175492114,0.08475074175492114,0.22093023255813954,False,0.0,0.0
OADMET-0005622,5.15,4.8943938965936304,4.8943938965936304,0.2556061034063699,0.2556061034063699,0.175,False,0.0,0.0
OADMET-0005621,4.95,5.0672700511599045,5.0672700511599045,-0.1172700511599043,-0.1172700511599043,0.2289156626506024,False,0.0,0.0
OADMET-0005620,4.67,4.64350341454293,4.64350341454293,0.026496585457070232,0.026496585457070232,0.21839080459770116,False,0.0,0.0
OADMET-0005619,5.05,5.294594886002031,5.301187178889845,-0.24459488600203105,-0.251187178889845,0.3146067415730337,False,0.021974309626047885,0.0
OADMET-0005618,4.96,4.984117864636541,4.984117864636541,-0.02411786463654142,-0.02411786463654142,0.21794871794871795,False,0.0,0.0
OADMET-0005617,4.87,4.718350503514114,4.718350503514114,0.1516494964858861,0.1516494964858861,0.20238095238095238,False,0.0,0.0
OADMET-0005616,4.54,4.582375473189122,4.582375473189122,-0.04237547318912238,-0.04237547318912238,0.26373626373626374,False,0.0,0.0
OADMET-0005615,4.93,4.2659595480242976,4.2659595480242976,0.6640404519757022,0.6640404519757022,0.26506024096385544,False,0.0,0.0
OADMET-0005614,5.32,5.129831736296126,5.129831736296126,0.19016826370387463,0.19016826370387463,0.2261904761904762,False,0.0,0.0
OADMET-0005613,5.04,4.7047619664553295,4.7047619664553295,0.3352380335446705,0.3352380335446705,0.22,False,0.0,0.0
OADMET-0005612,4.53,4.294387623870257,4.294387623870257,0.23561237612974306,0.23561237612974306,0.189873417721519,False,0.0,0.0
OADMET-0005611,4.85,4.642279082131617,4.642279082131617,0.20772091786838232,0.20772091786838232,0.21176470588235294,False,0.0,0.0
OADMET-0005610,4.85,4.488939131810827,4.488939131810827,0.36106086818917227,0.36106086818917227,0.26436781609195403,False,0.0,0.0
OADMET-0005609,4.15,4.639996081648521,4.639996081648521,-0.4899960816485205,-0.4899960816485205,0.2345679012345679,False,0.0,0.0
OADMET-0005608,4.53,4.620643915481938,4.620643915481938,-0.0906439154819374,-0.0906439154819374,0.21176470588235294,False,0.0,0.0
OADMET-0005607,4.73,4.60706021785736,4.60706021785736,0.12293978214264012,0.12293978214264012,0.24050632911392406,False,0.0,0.0
OADMET-0005606,4.59,4.44723319567523,4.44723319567523,0.1427668043247703,0.1427668043247703,0.1978021978021978,False,0.0,0.0
OADMET-0005605,4.91,4.777776744296249,4.777776744296249,0.13222325570375126,0.13222325570375126,0.2631578947368421,False,0.0,0.0
OADMET-0005604,3.91,5.062075021428969,5.062075021428969,-1.1520750214289688,-1.1520750214289688,0.14864864864864866,False,0.0,0.0
OADMET-0005603,4.29,4.760816932187497,4.760816932187497,-0.4708169321874971,-0.4708169321874971,0.20689655172413793,False,0.0,0.0
OADMET-0005602,4.47,4.832541124334613,4.832541124334613,-0.36254112433461305,-0.36254112433461305,0.20930232558139536,False,0.0,0.0
OADMET-0005601,4.87,5.106975714674274,5.106975714674274,-0.2369757146742737,-0.2369757146742737,0.18823529411764706,False,0.0,0.0
OADMET-0005600,4.73,4.375879884923546,4.375879884923546,0.35412011507645413,0.35412011507645413,0.20481927710843373,False,0.0,0.0
OADMET-0005599,4.43,4.772028774196661,4.772028774196661,-0.34202877419666144,-0.34202877419666144,0.20481927710843373,False,0.0,0.0
OADMET-0005598,4.92,4.690097859299298,4.690097859299298,0.2299021407007018,0.2299021407007018,0.2261904761904762,False,0.0,0.0
OADMET-0005597,4.77,4.542883508876689,4.542883508876689,0.22711649112331056,0.22711649112331056,0.22077922077922077,False,0.0,0.0
OADMET-0005596,4.79,5.41866217516001,5.41866217516001,-0.6286621751600103,-0.6286621751600103,0.24675324675324675,False,0.0,0.0
OADMET-0005595,4.93,3.673598723619887,3.673598723619887,1.256401276380113,1.256401276380113,0.25,False,0.0,0.0
OADMET-0005594,4.24,4.392675689817632,4.392675689817632,-0.1526756898176318,-0.1526756898176318,0.20212765957446807,False,0.0,0.0
OADMET-0005593,4.74,4.484903155021296,4.484903155021296,0.2550968449787039,0.2550968449787039,0.25301204819277107,False,0.0,0.0
OADMET-0005592,4.65,4.696823005537384,4.696823005537384,-0.04682300553738372,-0.04682300553738372,0.22340425531914893,False,0.0,0.0
OADMET-0005591,4.9,4.6088042280048995,4.6088042280048995,0.2911957719951008,0.2911957719951008,0.2125,False,0.0,0.0
OADMET-0005590,4.63,4.697799643035074,4.697799643035074,-0.06779964303507402,-0.06779964303507402,0.25,False,0.0,0.0
OADMET-0005589,5.16,4.874896082137394,4.874896082137394,0.2851039178626058,0.2851039178626058,0.1827956989247312,False,0.0,0.0
OADMET-0005588,4.45,4.424581084668057,4.424581084668057,0.02541891533194285,0.02541891533194285,0.24731182795698925,False,0.0,0.0
OADMET-0005587,4.26,4.746634609953871,4.746634609953871,-0.486634609953871,-0.486634609953871,0.19047619047619047,False,0.0,0.0
OADMET-0005586,4.68,4.507417639945317,4.507417639945317,0.1725823600546823,0.1725823600546823,0.20270270270270271,False,0.0,0.0
OADMET-0005585,5.04,4.950118501903941,4.950118501903941,0.08988149809605872,0.08988149809605872,0.21794871794871795,False,0.0,0.0
OADMET-0005584,4.05,4.930199382143113,4.930199382143113,-0.8801993821431129,-0.8801993821431129,0.25,False,0.0,0.0
OADMET-0005583,4.27,4.780183878917138,4.780183878917138,-0.5101838789171387,-0.5101838789171387,0.22077922077922077,False,0.0,0.0
OADMET-0005582,4.85,5.060431041763824,5.060431041763824,-0.2104310417638242,-0.2104310417638242,0.20689655172413793,False,0.0,0.0
OADMET-0005581,4.66,4.511965212081242,4.511965212081242,0.1480347879187578,0.1480347879187578,0.19767441860465115,False,0.0,0.0
OADMET-0005580,4.11,4.187760811176115,4.187760811176115,-0.07776081117611433,-0.07776081117611433,0.23684210526315788,False,0.0,0.0
OADMET-0005579,4.85,4.880091548891901,4.880091548891901,-0.030091548891901354,-0.030091548891901354,0.20833333333333334,False,0.0,0.0
OADMET-0005578,4.77,4.787611706048539,4.787611706048539,-0.017611706048539233,-0.017611706048539233,0.24691358024691357,False,0.0,0.0
OADMET-0005577,4.9,4.969726641201278,4.969726641201278,-0.06972664120127803,-0.06972664120127803,0.2891566265060241,False,0.0,0.0
OADMET-0005576,4.12,4.747954394053487,4.747954394053487,-0.6279543940534866,-0.6279543940534866,0.2894736842105263,False,0.0,0.0
OADMET-0005575,4.82,4.5884138801722845,4.5884138801722845,0.23158611982771582,0.23158611982771582,0.3,False,0.0,0.0
OADMET-0005574,5.28,5.0053399634592735,5.0053399634592735,0.2746600365407268,0.2746600365407268,0.27058823529411763,False,0.0,0.0
OADMET-0005573,4.73,4.934559031597619,4.934559031597619,-0.20455903159761846,-0.20455903159761846,0.20512820512820512,False,0.0,0.0
OADMET-0005572,4.77,4.862477724297532,4.862477724297532,-0.09247772429753276,-0.09247772429753276,0.22666666666666666,False,0.0,0.0
OADMET-0005571,4.75,4.9094950877347046,4.9094950877347046,-0.15949508773470455,-0.15949508773470455,0.1728395061728395,False,0.0,0.0
OADMET-0005570,5.08,4.961949666495462,4.961949666495462,0.11805033350453797,0.11805033350453797,0.24096385542168675,False,0.0,0.0
OADMET-0005569,4.68,4.88357598318637,4.88357598318637,-0.20357598318637038,-0.20357598318637038,0.20512820512820512,False,0.0,0.0
OADMET-0005568,4.35,3.4836776753073755,3.4836776753073755,0.8663223246926242,0.8663223246926242,0.2619047619047619,False,0.0,0.0
OADMET-0005567,5.12,4.9801124431554555,4.9801124431554555,0.13988755684454457,0.13988755684454457,0.24096385542168675,False,0.0,0.0
OADMET-0005566,5.31,4.9418639972371965,4.9418639972371965,0.3681360027628031,0.3681360027628031,0.1951219512195122,False,0.0,0.0
OADMET-0005565,5.28,5.243476825315975,5.243476825315975,0.03652317468402533,0.03652317468402533,0.25,False,0.0,0.0
OADMET-0005564,4.88,5.008911782560997,5.008911782560997,-0.1289117825609969,-0.1289117825609969,0.14942528735632185,False,0.0,0.0
OADMET-0005563,5.18,4.7670569665223645,4.7670569665223645,0.41294303347763517,0.41294303347763517,0.19230769230769232,False,0.0,0.0
OADMET-0005562,5.03,4.491516219527975,4.491516219527975,0.538483780472025,0.538483780472025,0.23684210526315788,False,0.0,0.0
OADMET-0005561,4.59,4.63054696008997,4.63054696008997,-0.04054696008997016,-0.04054696008997016,0.25301204819277107,False,0.0,0.0
OADMET-0005560,4.8,4.592648496674102,4.59317101329737,0.20735150332589747,0.2068289867026296,0.30120481927710846,False,0.0017417220775594274,0.0
OADMET-0005559,4.96,4.420168906045191,4.420168906045191,0.5398310939548088,0.5398310939548088,0.2073170731707317,False,0.0,0.0
OADMET-0005558,4.61,4.724480618550939,4.724480618550939,-0.11448061855093883,-0.11448061855093883,0.25287356321839083,False,0.0,0.0
OADMET-0005557,5.13,4.739175483092521,4.739175483092521,0.3908245169074789,0.3908245169074789,0.2289156626506024,False,0.0,0.0
OADMET-0005556,5.22,5.103105098066978,5.103105098066978,0.11689490193302188,0.11689490193302188,0.2111111111111111,False,0.0,0.0
OADMET-0005555,4.53,4.339924135485899,4.339924135485899,0.1900758645141014,0.1900758645141014,0.14285714285714285,False,0.0,0.0
OADMET-0005554,4.58,4.285915658543411,4.285915658543411,0.294084341456589,0.294084341456589,0.25301204819277107,False,0.0,0.0
OADMET-0005553,4.79,4.771950963168468,4.771950963168468,0.018049036831532028,0.018049036831532028,0.25333333333333335,False,0.0,0.0
OADMET-0005552,5.14,5.034531703041595,5.034531703041595,0.10546829695840465,0.10546829695840465,0.1590909090909091,False,0.0,0.0
OADMET-0005551,5.3,5.0174174931442845,5.0174174931442845,0.2825825068557153,0.2825825068557153,0.1935483870967742,False,0.0,0.0
OADMET-0005550,5.0,4.744429288095641,4.744429288095641,0.2555707119043591,0.2555707119043591,0.2236842105263158,False,0.0,0.0
OADMET-0005549,5.09,4.785813268642981,4.785813268642981,0.304186731357019,0.304186731357019,0.23529411764705882,False,0.0,0.0
OADMET-0005548,4.83,4.677916442537771,4.677916442537771,0.15208355746222946,0.15208355746222946,0.17647058823529413,False,0.0,0.0
OADMET-0005547,5.37,4.95291941536283,4.95291941536283,0.4170805846371701,0.4170805846371701,0.225,False,0.0,0.0
OADMET-0005546,4.93,4.821319464572425,4.821319464572425,0.10868053542757483,0.10868053542757483,0.17857142857142858,False,0.0,0.0
OADMET-0005545,5.43,5.085278125874048,5.085278125874048,0.3447218741259519,0.3447218741259519,0.20253164556962025,False,0.0,0.0
OADMET-0005544,4.8,4.961322747387932,4.961322747387932,-0.16132274738793217,-0.16132274738793217,0.19767441860465115,False,0.0,0.0
OADMET-0005543,5.1,4.9559182991101896,4.9559182991101896,0.1440817008898101,0.1440817008898101,0.17857142857142858,False,0.0,0.0
OADMET-0005542,5.28,5.125604502668658,5.125604502668658,0.1543954973313424,0.1543954973313424,0.20481927710843373,False,0.0,0.0
OADMET-0005541,4.68,4.709700991806474,4.709700991806474,-0.02970099180647434,-0.02970099180647434,0.17,False,0.0,0.0
OADMET-0005540,4.63,4.700310896669777,4.700310896669777,-0.07031089666977675,-0.07031089666977675,0.17857142857142858,False,0.0,0.0
OADMET-0005539,4.82,4.5306018695090575,4.5306018695090575,0.28939813049094276,0.28939813049094276,0.2261904761904762,False,0.0,0.0
OADMET-0005538,4.43,4.644656503316268,4.644656503316268,-0.2146565033162684,-0.2146565033162684,0.22988505747126436,False,0.0,0.0
OADMET-0005537,5.19,5.150381410237655,5.150381410237655,0.03961858976234556,0.03961858976234556,0.225,False,0.0,0.0
OADMET-0005536,4.49,4.695446473649405,4.695446473649405,-0.20544647364940438,-0.20544647364940438,0.22077922077922077,False,0.0,0.0
OADMET-0005535,5.23,4.765511058603676,4.765511058603676,0.4644889413963247,0.4644889413963247,0.16842105263157894,False,0.0,0.0
OADMET-0005534,5.49,5.097446858998641,5.097446858998641,0.3925531410013594,0.3925531410013594,0.21428571428571427,False,0.0,0.0
OADMET-0005533,4.21,4.421117711298674,4.421117711298674,-0.21111771129867396,-0.21111771129867396,0.2441860465116279,False,0.0,0.0
OADMET-0005532,5.22,4.743121395527737,4.743121395527737,0.4768786044722626,0.4768786044722626,0.21794871794871795,False,0.0,0.0
OADMET-0005531,4.4,4.966832433395015,4.966832433395015,-0.5668324333950148,-0.5668324333950148,0.20512820512820512,False,0.0,0.0
OADMET-0005530,4.88,4.826395936614102,4.826395936614102,0.05360406338589829,0.05360406338589829,0.2159090909090909,False,0.0,0.0
OADMET-0005529,5.3,5.003132536341843,5.012603900880847,0.29686746365815697,0.2873960991191531,0.3218390804597701,False,0.03157121513001303,0.0
OADMET-0005528,3.86,5.058421200224497,5.058421200224497,-1.1984212002244967,-1.1984212002244967,0.16049382716049382,False,0.0,0.0
OADMET-0005527,4.09,4.166650726841491,4.166650726841491,-0.07665072684149088,-0.07665072684149088,0.20833333333333334,False,0.0,0.0
OADMET-0005526,5.07,4.963649204865243,4.963649204865243,0.10635079513475709,0.10635079513475709,0.2,False,0.0,0.0
OADMET-0005525,5.54,4.8210764209043635,4.8210764209043635,0.7189235790956365,0.7189235790956365,0.18085106382978725,False,0.0,0.0
OADMET-0005524,5.3,5.10336753419302,5.10336753419302,0.1966324658069798,0.1966324658069798,0.1686746987951807,False,0.0,0.0
OADMET-0005523,4.43,4.679531393699275,4.679531393699275,-0.24953139369927513,-0.24953139369927513,0.2535211267605634,False,0.0,0.0
OADMET-0005522,5.37,5.13348744772013,5.13348744772013,0.23651255227987011,0.23651255227987011,0.22826086956521738,False,0.0,0.0
OADMET-0005521,4.49,4.233078949196824,4.233078949196824,0.25692105080317607,0.25692105080317607,0.26506024096385544,False,0.0,0.0
OADMET-0005520,4.29,4.923487590817572,4.923487590817572,-0.6334875908175723,-0.6334875908175723,0.24096385542168675,False,0.0,0.0
OADMET-0005519,4.81,4.619350545614669,4.619350545614669,0.19064945438533076,0.19064945438533076,0.17073170731707318,False,0.0,0.0
OADMET-0005518,5.39,4.857552118903224,4.857552118903224,0.5324478810967754,0.5324478810967754,0.23469387755102042,False,0.0,0.0
OADMET-0005517,4.92,4.76670727174259,4.76670727174259,0.15329272825741036,0.15329272825741036,0.21428571428571427,False,0.0,0.0
OADMET-0005516,4.46,4.11899405949324,4.11899405949324,0.3410059405067596,0.3410059405067596,0.17721518987341772,False,0.0,0.0
OADMET-0005515,5.1,4.501520176072722,4.501520176072722,0.5984798239272777,0.5984798239272777,0.21794871794871795,False,0.0,0.0
OADMET-0005514,4.7,4.622769593729556,4.622769593729556,0.07723040627044409,0.07723040627044409,0.20833333333333334,False,0.0,0.0
OADMET-0005513,5.2,4.8063233271385855,4.808732709345876,0.3936766728614147,0.3912672906541239,0.3055555555555556,False,0.008031274024301607,0.0
OADMET-0005512,5.01,4.9859035825266425,4.9859035825266425,0.024096417473357334,0.024096417473357334,0.1728395061728395,False,0.0,0.0
OADMET-0005511,4.73,4.697112832717526,4.697112832717526,0.03288716728247465,0.03288716728247465,0.27380952380952384,False,0.0,0.0
OADMET-0005510,4.99,4.933468652928918,4.933468652928918,0.05653134707108265,0.05653134707108265,0.2876712328767123,False,0.0,0.0
OADMET-0005509,5.68,5.341974026022605,5.341974026022605,0.33802597397739476,0.33802597397739476,0.2235294117647059,False,0.0,0.0
OADMET-0005508,5.34,5.018589400087745,5.018589400087745,0.3214105999122552,0.3214105999122552,0.2111111111111111,False,0.0,0.0
OADMET-0005507,5.31,4.9571534457715964,4.968572347909989,0.35284655422840316,0.3414276520900108,0.3253012048192771,False,0.03806300712797358,0.0
OADMET-0005506,5.18,4.96962738546353,4.96962738546353,0.21037261453647016,0.21037261453647016,0.2558139534883721,False,0.0,0.0
OADMET-0005505,4.48,4.718601186993052,4.718601186993052,-0.23860118699305133,-0.23860118699305133,0.23376623376623376,False,0.0,0.0
OADMET-0005504,4.77,4.691312210768172,4.691312210768172,0.07868778923182784,0.07868778923182784,0.22784810126582278,False,0.0,0.0
OADMET-0005503,4.95,4.542220927673636,4.542220927673636,0.4077790723263641,0.4077790723263641,0.2647058823529412,False,0.0,0.0
OADMET-0005502,4.87,4.3292923459728945,4.3292923459728945,0.5407076540271056,0.5407076540271056,0.20224719101123595,False,0.0,0.0
OADMET-0005501,5.29,4.986519127679102,4.986519127679102,0.3034808723208977,0.3034808723208977,0.2073170731707317,False,0.0,0.0
OADMET-0005500,4.64,4.9119612584993675,4.9119612584993675,-0.2719612584993678,-0.2719612584993678,0.2823529411764706,False,0.0,0.0
OADMET-0005499,5.17,5.093817634026981,5.093817634026981,0.0761823659730192,0.0761823659730192,0.2261904761904762,False,0.0,0.0
OADMET-0005498,3.8,4.95655724423603,4.95655724423603,-1.15655724423603,-1.15655724423603,0.24210526315789474,False,0.0,0.0
OADMET-0005497,4.9,4.7976977079817384,4.7976977079817384,0.10230229201826191,0.10230229201826191,0.25675675675675674,False,0.0,0.0
OADMET-0005496,5.08,5.024248872451412,5.024248872451412,0.055751127548588464,0.055751127548588464,0.2647058823529412,False,0.0,0.0
OADMET-0005495,5.03,4.950672350809413,4.950672350809413,0.07932764919058766,0.07932764919058766,0.225,False,0.0,0.0
OADMET-0005494,5.36,5.051365953510247,5.051365953510247,0.308634046489753,0.308634046489753,0.21621621621621623,False,0.0,0.0
OADMET-0005493,5.13,4.691650097578474,4.691650097578474,0.4383499024215256,0.4383499024215256,0.21951219512195122,False,0.0,0.0
OADMET-0005492,5.35,4.921591307353047,4.921591307353047,0.42840869264695236,0.42840869264695236,0.19767441860465115,False,0.0,0.0
OADMET-0005491,4.84,4.845295444738517,4.845295444738517,-0.005295444738517396,-0.005295444738517396,0.21794871794871795,False,0.0,0.0
OADMET-0005490,4.96,4.677406839028146,4.677406839028146,0.28259316097185394,0.28259316097185394,0.19318181818181818,False,0.0,0.0
OADMET-0005489,4.94,4.776537175317412,4.776537175317412,0.163462824682588,0.163462824682588,0.2564102564102564,False,0.0,0.0
OADMET-0005488,5.04,4.709515153088615,4.709515153088615,0.3304848469113848,0.3304848469113848,0.19230769230769232,False,0.0,0.0
OADMET-0005487,4.78,4.381220104856398,4.381220104856398,0.3987798951436021,0.3987798951436021,0.19480519480519481,False,0.0,0.0
OADMET-0005486,4.93,4.742616115033048,4.742616115033048,0.1873838849669518,0.1873838849669518,0.17777777777777778,False,0.0,0.0
OADMET-0005485,4.61,4.436682302049062,4.436682302049062,0.17331769795093788,0.17331769795093788,0.25,False,0.0,0.0
OADMET-0005484,4.93,4.9653557376954165,4.9653557376954165,-0.03535573769541678,-0.03535573769541678,0.2235294117647059,False,0.0,0.0
OADMET-0005483,5.17,4.73197177336054,4.73197177336054,0.43802822663946017,0.43802822663946017,0.2,False,0.0,0.0
OADMET-0005482,4.99,4.712035927957701,4.712035927957701,0.2779640720422991,0.2779640720422991,0.20618556701030927,False,0.0,0.0
OADMET-0005481,4.96,5.187905730784518,5.187905730784518,-0.22790573078451803,-0.22790573078451803,0.23529411764705882,False,0.0,0.0
OADMET-0005480,5.11,5.128622679571503,5.128622679571503,-0.018622679571502765,-0.018622679571502765,0.16666666666666666,False,0.0,0.0
OADMET-0005479,4.7,4.761677999172396,4.761677999172396,-0.061677999172395914,-0.061677999172395914,0.19736842105263158,False,0.0,0.0
OADMET-0005478,5.06,4.5732824631107665,4.5732824631107665,0.48671753688923314,0.48671753688923314,0.19117647058823528,False,0.0,0.0
OADMET-0005477,4.5,4.38145965719686,4.38145965719686,0.11854034280313996,0.11854034280313996,0.27058823529411763,False,0.0,0.0
OADMET-0005476,5.3,4.905728367462898,4.905728367462898,0.3942716325371016,0.3942716325371016,0.24358974358974358,False,0.0,0.0
OADMET-0005475,4.85,4.538833692698802,4.538833692698802,0.3111663073011979,0.3111663073011979,0.21951219512195122,False,0.0,0.0
OADMET-0005474,5.27,5.074357797104177,5.074357797104177,0.19564220289582224,0.19564220289582224,0.20833333333333334,False,0.0,0.0
OADMET-0005473,4.33,4.779059766797186,4.779059766797186,-0.44905976679718584,-0.44905976679718584,0.24193548387096775,False,0.0,0.0
OADMET-0005472,4.92,4.879674580490704,4.885064826825204,0.04032541950929591,0.03493517317479622,0.3150684931506849,False,0.017967487781666305,0.0
OADMET-0005471,5.32,4.862040142874116,4.862040142874116,0.4579598571258847,0.4579598571258847,0.19101123595505617,False,0.0,0.0
OADMET-0005470,4.23,4.621680056701585,4.621680056701585,-0.3916800567015848,-0.3916800567015848,0.17894736842105263,False,0.0,0.0
OADMET-0005469,4.87,4.617450847440553,4.617450847440553,0.252549152559447,0.252549152559447,0.23809523809523808,False,0.0,0.0
OADMET-0005468,4.38,4.722162953395288,4.722162953395288,-0.3421629533952881,-0.3421629533952881,0.25,False,0.0,0.0
OADMET-0005467,5.22,4.670458681375077,4.670458681375077,0.5495413186249225,0.5495413186249225,0.16666666666666666,False,0.0,0.0
OADMET-0005466,4.43,4.049047852256923,4.049047852256923,0.38095214774307706,0.38095214774307706,0.22784810126582278,False,0.0,0.0
OADMET-0005465,5.19,4.9280866701626085,4.9280866701626085,0.2619133298373919,0.2619133298373919,0.275,False,0.0,0.0
OADMET-0005464,4.81,4.7874494751680245,4.7874494751680245,0.02255052483197506,0.02255052483197506,0.25316455696202533,False,0.0,0.0
OADMET-0005463,5.34,4.543414145303004,4.543414145303004,0.7965858546969962,0.7965858546969962,0.22784810126582278,False,0.0,0.0
OADMET-0005462,4.86,4.784211833268693,4.784211833268693,0.07578816673130717,0.07578816673130717,0.2,False,0.0,0.0
OADMET-0005461,5.23,4.97923908789181,4.97923908789181,0.2507609121081904,0.2507609121081904,0.20987654320987653,False,0.0,0.0
OADMET-0005460,5.15,4.754343944614373,4.754343944614373,0.3956560553856274,0.3956560553856274,0.2597402597402597,False,0.0,0.0
OADMET-0005459,4.72,4.6849742289885725,4.6849742289885725,0.03502577101142723,0.03502577101142723,0.25,False,0.0,0.0
OADMET-0005458,4.75,4.822075685945529,4.822075685945529,-0.07207568594552871,-0.07207568594552871,0.23333333333333334,False,0.0,0.0
OADMET-0005457,4.59,3.9433842485390818,3.9433842485390818,0.6466157514609181,0.6466157514609181,0.1927710843373494,False,0.0,0.0
OADMET-0005456,5.22,4.9941474268737345,4.9941474268737345,0.22585257312626528,0.22585257312626528,0.18181818181818182,False,0.0,0.0
OADMET-0005455,5.09,3.920891512597649,3.920891512597649,1.169108487402351,1.169108487402351,0.15217391304347827,False,0.0,0.0
OADMET-0005454,4.69,4.634564707811596,4.634564707811596,0.05543529218840426,0.05543529218840426,0.20270270270270271,False,0.0,0.0
OADMET-0005453,4.93,5.089178398280469,5.089178398280469,-0.15917839828046887,-0.15917839828046887,0.21839080459770116,False,0.0,0.0
OADMET-0005452,4.61,4.876741715773795,4.876741715773795,-0.2667417157737946,-0.2667417157737946,0.2682926829268293,False,0.0,0.0
OADMET-0005451,4.3,4.8220125913619984,4.8220125913619984,-0.5220125913619986,-0.5220125913619986,0.17567567567567569,False,0.0,0.0
OADMET-0005450,5.43,5.1696020147175465,5.1696020147175465,0.26039798528245317,0.26039798528245317,0.2,False,0.0,0.0
OADMET-0005449,5.32,5.045619594240652,5.045619594240652,0.27438040575934863,0.27438040575934863,0.25,False,0.0,0.0
OADMET-0005448,5.31,4.907427099376049,4.907427099376049,0.4025729006239507,0.4025729006239507,0.18681318681318682,False,0.0,0.0
OADMET-0005447,5.07,4.580965786072815,4.580965786072815,0.4890342139271855,0.4890342139271855,0.21428571428571427,False,0.0,0.0
OADMET-0005446,5.24,4.696586961422152,4.696586961422152,0.5434130385778486,0.5434130385778486,0.23684210526315788,False,0.0,0.0
OADMET-0005445,4.5,4.681653684319802,4.681653684319802,-0.18165368431980156,-0.18165368431980156,0.21052631578947367,False,0.0,0.0
OADMET-0005444,4.57,5.159917250420284,5.159917250420284,-0.5899172504202834,-0.5899172504202834,0.25,False,0.0,0.0
OADMET-0005443,5.61,5.325088216726062,5.325088216726062,0.2849117832739383,0.2849117832739383,0.21052631578947367,False,0.0,0.0
OADMET-0005442,5.03,4.567236437612367,4.567236437612367,0.46276356238763316,0.46276356238763316,0.2638888888888889,False,0.0,0.0
OADMET-0005441,4.56,5.240757030422247,5.240757030422247,-0.6807570304222477,-0.6807570304222477,0.2833333333333333,False,0.0,0.0
OADMET-0005440,5.01,4.953971004486084,4.953971004486084,0.05602899551391616,0.05602899551391616,0.17333333333333334,False,0.0,0.0
OADMET-0005439,4.46,4.668320286621167,4.668320286621167,-0.2083202866211673,-0.2083202866211673,0.25,False,0.0,0.0
OADMET-0005438,4.63,4.9957981873484485,4.9957981873484485,-0.3657981873484486,-0.3657981873484486,0.2608695652173913,False,0.0,0.0
OADMET-0005437,5.16,4.833502808126431,4.833502808126431,0.3264971918735693,0.3264971918735693,0.2054794520547945,False,0.0,0.0
OADMET-0005436,4.58,5.094728628177087,5.094728628177087,-0.5147286281770871,-0.5147286281770871,0.2753623188405797,False,0.0,0.0
OADMET-0005435,5.18,5.119150634645258,5.119150634645258,0.06084936535474128,0.06084936535474128,0.2077922077922078,False,0.0,0.0
OADMET-0005434,5.01,4.971568010617228,4.971568010617228,0.03843198938277137,0.03843198938277137,0.20930232558139536,False,0.0,0.0
OADMET-0005433,4.78,4.805510670236014,4.805510670236014,-0.025510670236013944,-0.025510670236013944,0.23076923076923078,False,0.0,0.0
OADMET-0005432,5.48,5.11432334126778,5.11432334126778,0.36567665873222044,0.36567665873222044,0.22077922077922077,False,0.0,0.0
OADMET-0005431,5.04,4.622187667911492,4.622187667911492,0.4178123320885083,0.4178123320885083,0.25,False,0.0,0.0
OADMET-0005430,4.75,4.890538200591374,4.890538200591374,-0.140538200591374,-0.140538200591374,0.189873417721519,False,0.0,0.0
OADMET-0005429,4.97,4.896896989600172,4.896896989600172,0.07310301039982736,0.07310301039982736,0.2077922077922078,False,0.0,0.0
OADMET-0005428,5.0,5.021304895576922,5.021304895576922,-0.021304895576921723,-0.021304895576921723,0.23809523809523808,False,0.0,0.0
OADMET-0005427,4.7,4.645910872996432,4.645910872996432,0.05408912700356794,0.05408912700356794,0.21686746987951808,False,0.0,0.0
OADMET-0005426,5.16,4.895923488811382,4.895923488811382,0.26407651118861786,0.26407651118861786,0.22093023255813954,False,0.0,0.0
OADMET-0005425,5.88,5.323515389497998,5.323515389497998,0.556484610502002,0.556484610502002,0.24390243902439024,False,0.0,0.0
OADMET-0005424,3.9,4.369188826986887,4.369188826986887,-0.46918882698688735,-0.46918882698688735,0.16483516483516483,False,0.0,0.0
OADMET-0005423,5.19,4.579727225627714,4.579727225627714,0.6102727743722864,0.6102727743722864,0.21333333333333335,False,0.0,0.0
OADMET-0005422,4.86,4.850978370777611,4.850978370777611,0.009021629222389471,0.009021629222389471,0.2375,False,0.0,0.0
OADMET-0005421,4.68,4.709110357923414,4.709110357923414,-0.029110357923414654,-0.029110357923414654,0.19101123595505617,False,0.0,0.0
OADMET-0005420,5.25,5.320970601479984,5.320970601479984,-0.07097060147998402,-0.07097060147998402,0.23076923076923078,False,0.0,0.0
OADMET-0005419,5.38,5.063562501055523,5.063562501055523,0.3164374989444765,0.3164374989444765,0.2247191011235955,False,0.0,0.0
OADMET-0005418,4.84,5.083145608253849,5.083145608253849,-0.24314560825384923,-0.24314560825384923,0.1839080459770115,False,0.0,0.0
OADMET-0005417,4.88,4.78843550473741,4.78843550473741,0.09156449526259003,0.09156449526259003,0.2,False,0.0,0.0
OADMET-0005416,5.28,4.970133535838821,4.970133535838821,0.30986646416117924,0.30986646416117924,0.21875,False,0.0,0.0
OADMET-0005415,4.79,4.699103559336615,4.699103559336615,0.09089644066338476,0.09089644066338476,0.2222222222222222,False,0.0,0.0
OADMET-0005414,4.42,4.23668426124795,4.23668426124795,0.1833157387520501,0.1833157387520501,0.21518987341772153,False,0.0,0.0
OADMET-0005413,4.22,4.733051421341386,4.733051421341386,-0.5130514213413866,-0.5130514213413866,0.25287356321839083,False,0.0,0.0
OADMET-0005412,4.89,5.01892835955018,5.01892835955018,-0.12892835955018,-0.12892835955018,0.21176470588235294,False,0.0,0.0
OADMET-0005411,4.91,5.116873588608307,5.116873588608307,-0.20687358860830685,-0.20687358860830685,0.24,False,0.0,0.0
OADMET-0005410,5.15,4.633157924309518,4.633157924309518,0.5168420756904828,0.5168420756904828,0.23863636363636365,False,0.0,0.0
OADMET-0005409,4.89,4.867823339897452,4.867823339897452,0.022176660102547707,0.022176660102547707,0.1839080459770115,False,0.0,0.0
OADMET-0005408,5.82,5.178743945510642,5.178743945510642,0.6412560544893582,0.6412560544893582,0.24390243902439024,False,0.0,0.0
OADMET-0005407,5.17,5.04938025567138,5.04938025567138,0.12061974432861966,0.12061974432861966,0.22727272727272727,False,0.0,0.0
OADMET-0005406,4.69,4.887557962334272,4.887557962334272,-0.1975579623342716,-0.1975579623342716,0.25333333333333335,False,0.0,0.0
OADMET-0005405,4.56,4.648029802146468,4.648029802146468,-0.08802980214646805,-0.08802980214646805,0.189873417721519,False,0.0,0.0
OADMET-0005404,5.31,5.185286119609203,5.185286119609203,0.12471388039079656,0.12471388039079656,0.20930232558139536,False,0.0,0.0
OADMET-0005403,4.98,4.764627585596251,4.764627585596251,0.215372414403749,0.215372414403749,0.17105263157894737,False,0.0,0.0
OADMET-0005402,5.1,4.732256794670253,4.732256794670253,0.3677432053297469,0.3677432053297469,0.23684210526315788,False,0.0,0.0
OADMET-0005401,4.15,4.7572579180152665,4.7572579180152665,-0.6072579180152662,-0.6072579180152662,0.20253164556962025,False,0.0,0.0
OADMET-0005400,4.83,5.115495513480843,5.115495513480843,-0.2854955134808428,-0.2854955134808428,0.21052631578947367,False,0.0,0.0
OADMET-0005399,4.98,5.293430716783098,5.293430716783098,-0.3134307167830972,-0.3134307167830972,0.2714285714285714,False,0.0,0.0
OADMET-0005398,4.93,4.736211548962639,4.736211548962639,0.19378845103736086,0.19378845103736086,0.1951219512195122,False,0.0,0.0
OADMET-0005397,4.53,4.666239150519511,4.666239150519511,-0.1362391505195104,-0.1362391505195104,0.25,False,0.0,0.0
OADMET-0005396,4.29,4.580796508187229,4.580796508187229,-0.2907965081872286,-0.2907965081872286,0.20930232558139536,False,0.0,0.0
OADMET-0005395,4.2,4.908648298087629,4.908648298087629,-0.7086482980876285,-0.7086482980876285,0.18840579710144928,False,0.0,0.0
OADMET-0005394,5.26,5.0278264719305685,5.0278264719305685,0.23217352806943126,0.23217352806943126,0.2222222222222222,False,0.0,0.0
OADMET-0005393,4.4,4.476471678030143,4.476471678030143,-0.07647167803014288,-0.07647167803014288,0.23684210526315788,False,0.0,0.0
OADMET-0005392,4.43,4.572791433565825,4.572791433565825,-0.1427914335658249,-0.1427914335658249,0.19607843137254902,False,0.0,0.0
OADMET-0005391,4.54,4.553872352664911,4.553872352664911,-0.013872352664910714,-0.013872352664910714,0.20481927710843373,False,0.0,0.0
OADMET-0005390,3.34,4.438021441570763,4.438021441570763,-1.0980214415707632,-1.0980214415707632,0.2159090909090909,False,0.0,0.0
OADMET-0005389,4.87,4.871598642080732,4.871598642080732,-0.0015986420807321267,-0.0015986420807321267,0.27848101265822783,False,0.0,0.0
OADMET-0005388,6.06,4.75183782276598,4.75183782276598,1.3081621772340197,1.3081621772340197,0.18811881188118812,False,0.0,0.0
OADMET-0005387,4.79,4.9577433889352,4.9577433889352,-0.16774338893520024,-0.16774338893520024,0.2159090909090909,False,0.0,0.0
OADMET-0005386,4.88,4.7299154867246305,4.7299154867246305,0.15008451327536942,0.15008451327536942,0.2328767123287671,False,0.0,0.0
OADMET-0005385,4.57,4.014716528688819,4.014716528688819,0.5552834713111814,0.5552834713111814,0.21839080459770116,False,0.0,0.0
OADMET-0005384,4.62,4.7653840275644095,4.7653840275644095,-0.14538402756440938,-0.14538402756440938,0.19791666666666666,False,0.0,0.0
OADMET-0005383,4.18,4.716524408396008,4.716524408396008,-0.5365244083960086,-0.5365244083960086,0.2753623188405797,False,0.0,0.0
OADMET-0005382,4.74,4.374983289172349,4.374983289172349,0.36501671082765164,0.36501671082765164,0.1797752808988764,False,0.0,0.0
OADMET-0005381,4.59,4.743895882773168,4.743895882773168,-0.1538958827731678,-0.1538958827731678,0.25882352941176473,False,0.0,0.0
OADMET-0005380,4.16,4.667410560256069,4.667410560256069,-0.5074105602560692,-0.5074105602560692,0.18666666666666668,False,0.0,0.0
OADMET-0005379,4.34,4.685084983446066,4.685084983446066,-0.34508498344606586,-0.34508498344606586,0.2159090909090909,False,0.0,0.0
OADMET-0005378,4.89,4.711751743196284,4.711751743196284,0.17824825680371603,0.17824825680371603,0.2,False,0.0,0.0
OADMET-0005377,4.91,4.758085583714605,4.758085583714605,0.15191441628539515,0.15191441628539515,0.22727272727272727,False,0.0,0.0
OADMET-0005376,4.8,4.876838906760355,4.876838906760355,-0.07683890676035521,-0.07683890676035521,0.2289156626506024,False,0.0,0.0
OADMET-0005375,4.53,4.62730808489531,4.62730808489531,-0.0973080848953094,-0.0973080848953094,0.22448979591836735,False,0.0,0.0
OADMET-0005374,4.68,4.8140519899072,4.8140519899072,-0.13405198990720013,-0.13405198990720013,0.225,False,0.0,0.0
OADMET-0005373,5.19,4.853353467728327,4.853353467728327,0.33664653227167296,0.33664653227167296,0.24675324675324675,False,0.0,0.0
OADMET-0005372,5.23,4.876781203445878,4.902343219028016,0.35321879655412225,0.32765678097198414,0.3472222222222222,False,0.08520671860712609,0.0
OADMET-0005371,4.69,4.829073516373495,4.829073516373495,-0.13907351637349485,-0.13907351637349485,0.22,False,0.0,0.0
OADMET-0005370,4.5,4.368659837037614,4.368659837037614,0.1313401629623856,0.1313401629623856,0.25,False,0.0,0.0
OADMET-0005369,4.15,4.094895629165242,4.094895629165242,0.0551043708347585,0.0551043708347585,0.25316455696202533,False,0.0,0.0
OADMET-0005368,3.98,4.9257880143748904,4.9257880143748904,-0.9457880143748905,-0.9457880143748905,0.2236842105263158,False,0.0,0.0
OADMET-0005367,4.75,4.42739264895615,4.42739264895615,0.32260735104384963,0.32260735104384963,0.1927710843373494,False,0.0,0.0
OADMET-0005366,4.83,4.636424527584928,4.636424527584928,0.19357547241507245,0.19357547241507245,0.2465753424657534,False,0.0,0.0
OADMET-0005365,4.9,4.804960816346325,4.804960816346325,0.09503918365367525,0.09503918365367525,0.17105263157894737,False,0.0,0.0
OADMET-0005364,4.62,4.596920929603206,4.596920929603206,0.023079070396794243,0.023079070396794243,0.24691358024691357,False,0.0,0.0
OADMET-0005363,4.84,4.384541653545157,4.384541653545157,0.45545834645484273,0.45545834645484273,0.25609756097560976,False,0.0,0.0
OADMET-0005362,4.58,4.5958158109951945,4.5958158109951945,-0.015815810995194468,-0.015815810995194468,0.2391304347826087,False,0.0,0.0
OADMET-0005361,5.11,4.613943611765371,4.613943611765371,0.4960563882346296,0.4960563882346296,0.2647058823529412,False,0.0,0.0
OADMET-0005360,3.98,4.771581863894046,4.771581863894046,-0.7915818638940464,-0.7915818638940464,0.21505376344086022,False,0.0,0.0
OADMET-0005359,4.47,4.365585041046142,4.365585041046142,0.10441495895385788,0.10441495895385788,0.22727272727272727,False,0.0,0.0
OADMET-0005358,4.43,4.721422066040409,4.721422066040409,-0.29142206604040943,-0.29142206604040943,0.20481927710843373,False,0.0,0.0
OADMET-0005357,4.78,4.353685380880115,4.353685380880115,0.42631461911988566,0.42631461911988566,0.18072289156626506,False,0.0,0.0
OADMET-0005356,4.72,4.165844971809572,4.165844971809572,0.5541550281904275,0.5541550281904275,0.23255813953488372,False,0.0,0.0
OADMET-0005355,4.41,4.851560053316135,4.851560053316135,-0.44156005331613457,-0.44156005331613457,0.20253164556962025,False,0.0,0.0
OADMET-0005354,4.45,4.604903779677974,4.604903779677974,-0.15490377967797375,-0.15490377967797375,0.25925925925925924,False,0.0,0.0
OADMET-0005353,4.26,4.782357598508446,4.782357598508446,-0.5223575985084459,-0.5223575985084459,0.24096385542168675,False,0.0,0.0
OADMET-0005352,5.17,4.880757237869559,4.880757237869559,0.2892427621304412,0.2892427621304412,0.23595505617977527,False,0.0,0.0
OADMET-0005351,4.41,4.599233632643246,4.599233632643246,-0.189233632643246,-0.189233632643246,0.19318181818181818,False,0.0,0.0
OADMET-0005350,4.71,4.80601329178486,4.80601329178486,-0.0960132917848604,-0.0960132917848604,0.19753086419753085,False,0.0,0.0
OADMET-0005349,4.8,4.431672488369989,4.431672488369989,0.3683275116300111,0.3683275116300111,0.27586206896551724,False,0.0,0.0
OADMET-0005348,4.5,4.38884107279546,4.38884107279546,0.11115892720454035,0.11115892720454035,0.20224719101123595,False,0.0,0.0
OADMET-0005347,4.51,4.8341783148571125,4.8341783148571125,-0.3241783148571127,-0.3241783148571127,0.25287356321839083,False,0.0,0.0
OADMET-0005346,4.51,4.611855222183523,4.632094032724764,-0.10185522218352361,-0.12209403272476393,0.3466666666666667,False,0.06746270180413311,0.0
OADMET-0005345,4.87,4.679489061207447,4.679489061207447,0.19051093879255276,0.19051093879255276,0.2638888888888889,False,0.0,0.0
OADMET-0005344,5.04,4.8330448618212944,4.8330448618212944,0.2069551381787056,0.2069551381787056,0.24675324675324675,False,0.0,0.0
OADMET-0005343,3.98,5.102087733352068,5.102087733352068,-1.122087733352068,-1.122087733352068,0.19318181818181818,False,0.0,0.0
OADMET-0005342,5.2,5.1538201945499305,5.1538201945499305,0.04617980545006972,0.04617980545006972,0.23809523809523808,False,0.0,0.0
OADMET-0005341,4.33,4.620766976736125,4.620766976736125,-0.2907669767361245,-0.2907669767361245,0.24,False,0.0,0.0
OADMET-0005340,4.22,3.812033695966295,3.812033695966295,0.40796630403370493,0.40796630403370493,0.2077922077922078,False,0.0,0.0
OADMET-0005339,4.44,4.704912496538995,4.704912496538995,-0.2649124965389946,-0.2649124965389946,0.15294117647058825,False,0.0,0.0
OADMET-0005338,5.06,4.722937665865259,4.722937665865259,0.33706233413474074,0.33706233413474074,0.2127659574468085,False,0.0,0.0
OADMET-0005337,4.87,4.9807535615939535,4.9807535615939535,-0.11075356159395344,-0.11075356159395344,0.2159090909090909,False,0.0,0.0
OADMET-0005336,4.75,5.051603587391307,5.051603587391307,-0.3016035873913072,-0.3016035873913072,0.17391304347826086,False,0.0,0.0
OADMET-0005335,4.35,4.476222293816724,4.476222293816724,-0.12622229381672412,-0.12622229381672412,0.2328767123287671,False,0.0,0.0
OADMET-0005334,4.47,5.065201958406318,5.065201958406318,-0.5952019584063182,-0.5952019584063182,0.21978021978021978,False,0.0,0.0
OADMET-0005333,5.27,4.8782998105854665,4.8782998105854665,0.3917001894145331,0.3917001894145331,0.2125,False,0.0,0.0
OADMET-0005332,4.98,4.472825416083475,4.472825416083475,0.5071745839165258,0.5071745839165258,0.1827956989247312,False,0.0,0.0
OADMET-0005331,4.46,3.965929839680496,3.965929839680496,0.4940701603195041,0.4940701603195041,0.22093023255813954,False,0.0,0.0
OADMET-0005330,4.21,4.520244320387979,4.520244320387979,-0.3102443203879792,-0.3102443203879792,0.24050632911392406,False,0.0,0.0
OADMET-0005329,4.62,4.828669371651214,4.828669371651214,-0.20866937165121424,-0.20866937165121424,0.21348314606741572,False,0.0,0.0
OADMET-0005328,4.74,4.6179233648244615,4.6179233648244615,0.12207663517553868,0.12207663517553868,0.2247191011235955,False,0.0,0.0
OADMET-0005327,4.4,3.8146021537410397,3.8146021537410397,0.5853978462589606,0.5853978462589606,0.1951219512195122,False,0.0,0.0
OADMET-0005326,4.4,4.680954266751854,4.680954266751854,-0.28095426675185387,-0.28095426675185387,0.18181818181818182,False,0.0,0.0
OADMET-0005325,5.14,4.647507842304638,4.647507842304638,0.49249215769536203,0.49249215769536203,0.21739130434782608,False,0.0,0.0
OADMET-0005324,4.08,4.595558228076083,4.595558228076083,-0.5155582280760829,-0.5155582280760829,0.2564102564102564,False,0.0,0.0
OADMET-0005323,5.02,4.889748383262782,4.889748383262782,0.1302516167372172,0.1302516167372172,0.24324324324324326,False,0.0,0.0
OADMET-0005322,4.88,5.051203048344955,5.051203048344955,-0.17120304834495492,-0.17120304834495492,0.21348314606741572,False,0.0,0.0
OADMET-0005321,4.29,3.9713528726864786,3.9713528726864786,0.3186471273135214,0.3186471273135214,0.20238095238095238,False,0.0,0.0
OADMET-0005320,4.54,4.901643824114383,4.901643824114383,-0.3616438241143829,-0.3616438241143829,0.18604651162790697,False,0.0,0.0
OADMET-0005319,5.04,4.588964021784587,4.588964021784587,0.45103597821541275,0.45103597821541275,0.23333333333333334,False,0.0,0.0
OADMET-0005318,4.42,4.6336117830091315,4.6336117830091315,-0.21361178300913153,-0.21361178300913153,0.23863636363636365,False,0.0,0.0
OADMET-0005317,5.34,4.727281645895207,4.727281645895207,0.6127183541047927,0.6127183541047927,0.20408163265306123,False,0.0,0.0
OADMET-0005316,5.07,5.192486666012736,5.192486666012736,-0.12248666601273595,-0.12248666601273595,0.16161616161616163,False,0.0,0.0
OADMET-0005315,4.77,4.792590272542342,4.792590272542342,-0.022590272542342582,-0.022590272542342582,0.23595505617977527,False,0.0,0.0
OADMET-0005314,4.34,4.698231879947254,4.698231879947254,-0.3582318799472546,-0.3582318799472546,0.1951219512195122,False,0.0,0.0
OADMET-0005313,5.06,4.81033647477048,4.81033647477048,0.2496635252295194,0.2496635252295194,0.19736842105263158,False,0.0,0.0
OADMET-0005312,4.57,4.56817659637303,4.56817659637303,0.0018234036269699772,0.0018234036269699772,0.17857142857142858,False,0.0,0.0
OADMET-0005311,4.7,4.6323280702516865,4.6323280702516865,0.06767192974831371,0.06767192974831371,0.17857142857142858,False,0.0,0.0
OADMET-0005310,5.14,5.047716853225115,5.047716853225115,0.0922831467748848,0.0922831467748848,0.2289156626506024,False,0.0,0.0
OADMET-0005309,4.64,4.786227273478092,4.786227273478092,-0.14622727347809228,-0.14622727347809228,0.22972972972972974,False,0.0,0.0
OADMET-0005308,4.49,4.835614126399882,4.835614126399882,-0.345614126399882,-0.345614126399882,0.1978021978021978,False,0.0,0.0
OADMET-0005307,4.55,4.796330177668229,4.796330177668229,-0.24633017766822896,-0.24633017766822896,0.22077922077922077,False,0.0,0.0
OADMET-0005306,5.16,5.018112397656857,5.018112397656857,0.14188760234314302,0.14188760234314302,0.19767441860465115,False,0.0,0.0
OADMET-0005305,4.64,5.0246107281990415,5.0246107281990415,-0.38461072819904185,-0.38461072819904185,0.18947368421052632,False,0.0,0.0
OADMET-0005304,4.6,4.267261856736489,4.267261856736489,0.33273814326351037,0.33273814326351037,0.19696969696969696,False,0.0,0.0
OADMET-0005303,4.98,4.739545389980945,4.757500808367061,0.24045461001905544,0.22249919163293974,0.3384615384615385,False,0.05985139462038515,0.0
OADMET-0005302,4.96,4.782403344552494,4.782403344552494,0.17759665544750636,0.17759665544750636,0.21428571428571427,False,0.0,0.0
OADMET-0005301,4.68,4.675086283915251,4.675086283915251,0.004913716084748998,0.004913716084748998,0.24175824175824176,False,0.0,0.0
OADMET-0005300,4.38,4.683563996055751,4.683563996055751,-0.30356399605575124,-0.30356399605575124,0.25925925925925924,False,0.0,0.0
OADMET-0005299,4.56,5.137541568395003,5.137541568395003,-0.5775415683950031,-0.5775415683950031,0.19318181818181818,False,0.0,0.0
OADMET-0005298,4.26,3.833259124431795,3.833259124431795,0.4267408755682047,0.4267408755682047,0.20253164556962025,False,0.0,0.0
OADMET-0005297,5.23,4.842809974337087,4.842809974337087,0.38719002566291305,0.38719002566291305,0.19230769230769232,False,0.0,0.0
OADMET-0005296,4.43,4.879068760733002,4.879068760733002,-0.4490687607330024,-0.4490687607330024,0.2159090909090909,False,0.0,0.0
OADMET-0005295,5.27,4.607044086641478,4.607044086641478,0.6629559133585214,0.6629559133585214,0.23170731707317074,False,0.0,0.0
OADMET-0005294,4.97,4.827324384624518,4.827324384624518,0.1426756153754818,0.1426756153754818,0.20512820512820512,False,0.0,0.0
OADMET-0005293,4.6,4.765971440481907,4.765971440481907,-0.1659714404819077,-0.1659714404819077,0.16455696202531644,False,0.0,0.0
OADMET-0005292,4.39,4.682855845886527,4.682855845886527,-0.29285584588652736,-0.29285584588652736,0.19230769230769232,False,0.0,0.0
OADMET-0005291,4.65,4.79432582878372,4.79432582878372,-0.14432582878371925,-0.14432582878371925,0.18681318681318682,False,0.0,0.0
OADMET-0005290,5.16,4.376483425584811,4.376483425584811,0.7835165744151888,0.7835165744151888,0.24050632911392406,False,0.0,0.0
OADMET-0005289,5.12,5.196558528039061,5.196558528039061,-0.07655852803906082,-0.07655852803906082,0.1744186046511628,False,0.0,0.0
OADMET-0005288,4.53,4.790836877035863,4.790836877035863,-0.2608368770358629,-0.2608368770358629,0.22784810126582278,False,0.0,0.0
OADMET-0005287,4.73,4.75979676084611,4.75979676084611,-0.029796760846109827,-0.029796760846109827,0.24,False,0.0,0.0
OADMET-0005286,3.26,4.560654043456883,4.560654043456883,-1.3006540434568832,-1.3006540434568832,0.18681318681318682,False,0.0,0.0
OADMET-0005285,4.79,4.80833712341716,4.80833712341716,-0.018337123417159873,-0.018337123417159873,0.2345679012345679,False,0.0,0.0
OADMET-0005284,4.93,4.932552942951906,4.932552942951906,-0.002552942951906445,-0.002552942951906445,0.25609756097560976,False,0.0,0.0
OADMET-0005283,4.46,4.677210820068433,4.677210820068433,-0.21721082006843329,-0.21721082006843329,0.22666666666666666,False,0.0,0.0
OADMET-0005282,4.54,4.895699061236336,4.895699061236336,-0.35569906123633555,-0.35569906123633555,0.22093023255813954,False,0.0,0.0
OADMET-0005281,4.42,4.741014981269836,4.741014981269836,-0.32101498126983596,-0.32101498126983596,0.23809523809523808,False,0.0,0.0
OADMET-0005280,5.02,5.382594777310937,5.382594777310937,-0.36259477731093703,-0.36259477731093703,0.2261904761904762,False,0.0,0.0
OADMET-0005279,5.39,4.4764241915304686,4.4764241915304686,0.9135758084695311,0.9135758084695311,0.2716049382716049,False,0.0,0.0
OADMET-0005278,4.78,4.957098397236426,4.957098397236426,-0.17709839723642595,-0.17709839723642595,0.2236842105263158,False,0.0,0.0
OADMET-0005277,4.38,4.497295204181115,4.497295204181115,-0.11729520418111505,-0.11729520418111505,0.23170731707317074,False,0.0,0.0
OADMET-0005276,4.92,4.997103071444243,4.997103071444243,-0.07710307144424267,-0.07710307144424267,0.19767441860465115,False,0.0,0.0
OADMET-0005275,4.43,5.124331390973433,5.124331390973433,-0.6943313909734332,-0.6943313909734332,0.24,False,0.0,0.0
OADMET-0005274,4.26,4.384742210906686,4.384742210906686,-0.12474221090668625,-0.12474221090668625,0.2564102564102564,False,0.0,0.0
OADMET-0005273,4.13,4.621428983419844,4.621428983419844,-0.4914289834198442,-0.4914289834198442,0.2876712328767123,False,0.0,0.0
OADMET-0005272,4.3,4.834848834241479,4.834848834241479,-0.5348488342414788,-0.5348488342414788,0.21176470588235294,False,0.0,0.0
OADMET-0005271,4.45,4.680399485930655,4.680399485930655,-0.23039948593065507,-0.23039948593065507,0.26666666666666666,False,0.0,0.0
OADMET-0005270,4.28,4.2333407084918715,4.2333407084918715,0.04665929150812875,0.04665929150812875,0.2777777777777778,False,0.0,0.0
OADMET-0005269,4.58,3.6999920883225004,3.6999920883225004,0.8800079116774997,0.8800079116774997,0.27848101265822783,False,0.0,0.0
OADMET-0005268,4.73,4.817961618969741,4.817961618969741,-0.08796161896974031,-0.08796161896974031,0.23255813953488372,False,0.0,0.0
OADMET-0005267,4.24,4.382322693334042,4.382322693334042,-0.1423226933340418,-0.1423226933340418,0.24719101123595505,False,0.0,0.0
OADMET-0005266,5.09,4.895593030012927,4.895593030012927,0.19440696998707274,0.19440696998707274,0.26666666666666666,False,0.0,0.0
OADMET-0005265,5.0,4.668649565131918,4.668649565131918,0.3313504348680816,0.3313504348680816,0.18823529411764706,False,0.0,0.0
OADMET-0005264,4.75,4.760742918033044,4.760742918033044,-0.010742918033043836,-0.010742918033043836,0.21176470588235294,False,0.0,0.0
OADMET-0005263,5.08,4.648567305259334,4.648567305259334,0.4314326947406659,0.4314326947406659,0.28205128205128205,False,0.0,0.0
OADMET-0005262,4.24,4.436582801179979,4.436582801179979,-0.19658280117997862,-0.19658280117997862,0.20512820512820512,False,0.0,0.0
OADMET-0005261,5.05,4.91944038636476,4.91944038636476,0.13055961363523938,0.13055961363523938,0.19047619047619047,False,0.0,0.0
OADMET-0005260,4.55,5.059654764064307,5.059654764064307,-0.5096547640643072,-0.5096547640643072,0.17777777777777778,False,0.0,0.0
OADMET-0005259,4.38,4.83719342750253,4.83719342750253,-0.45719342750253045,-0.45719342750253045,0.19318181818181818,False,0.0,0.0
OADMET-0005258,4.36,4.702447996093231,4.702447996093231,-0.34244799609323096,-0.34244799609323096,0.21686746987951808,False,0.0,0.0
OADMET-0005257,5.46,5.06335023491128,5.06335023491128,0.3966497650887204,0.3966497650887204,0.20270270270270271,False,0.0,0.0
OADMET-0005256,4.93,4.752695156764058,4.756443084642065,0.17730484323594187,0.17355691535793483,0.30864197530864196,False,0.0124930929266913,0.0
OADMET-0005255,5.3,4.748301185450508,4.748301185450508,0.5516988145494919,0.5516988145494919,0.24691358024691357,False,0.0,0.0
OADMET-0005254,4.04,4.10365576396868,4.10365576396868,-0.06365576396868011,-0.06365576396868011,0.19480519480519481,False,0.0,0.0
OADMET-0005253,4.51,4.7632751923162955,4.7632751923162955,-0.2532751923162957,-0.2532751923162957,0.2073170731707317,False,0.0,0.0
OADMET-0005252,4.86,4.788879685957455,4.788879685957455,0.07112031404254537,0.07112031404254537,0.27848101265822783,False,0.0,0.0
OADMET-0005251,4.53,4.890777996674324,4.890777996674324,-0.3607779966743241,-0.3607779966743241,0.19767441860465115,False,0.0,0.0
OADMET-0005250,4.35,4.580422379901108,4.580422379901108,-0.2304223799011087,-0.2304223799011087,0.22093023255813954,False,0.0,0.0
OADMET-0005249,4.7,4.623423547420687,4.623423547420687,0.07657645257931289,0.07657645257931289,0.22340425531914893,False,0.0,0.0
OADMET-0005248,4.53,4.856115601595166,4.856115601595166,-0.3261156015951654,-0.3261156015951654,0.2558139534883721,False,0.0,0.0
OADMET-0005247,4.72,4.521769915738153,4.521769915738153,0.19823008426184696,0.19823008426184696,0.22727272727272727,False,0.0,0.0
OADMET-0005246,4.81,4.780176849735593,4.780176849735593,0.029823150264406628,0.029823150264406628,0.21978021978021978,False,0.0,0.0
OADMET-0005245,5.01,4.789252912188039,4.789252912188039,0.22074708781196062,0.22074708781196062,0.225,False,0.0,0.0
OADMET-0005244,4.81,5.06491763892683,5.06491763892683,-0.2549176389268304,-0.2549176389268304,0.2597402597402597,False,0.0,0.0
OADMET-0005243,3.98,4.359361608745982,4.371285487001088,-0.37936160874598235,-0.3912854870010878,0.3333333333333333,False,0.039746260850352745,0.0
OADMET-0005242,4.46,4.462567140523669,4.462567140523669,-0.0025671405236691314,-0.0025671405236691314,0.29411764705882354,False,0.0,0.0
OADMET-0005241,4.3,4.7467488251843495,4.7467488251843495,-0.44674882518434966,-0.44674882518434966,0.2413793103448276,False,0.0,0.0
OADMET-0005240,4.24,4.806303244655572,4.806303244655572,-0.5663032446555718,-0.5663032446555718,0.20212765957446807,False,0.0,0.0
OADMET-0005239,5.15,4.572029778795335,4.572029778795335,0.5779702212046658,0.5779702212046658,0.19540229885057472,False,0.0,0.0
OADMET-0005238,4.73,4.84181434691531,4.84181434691531,-0.11181434691530967,-0.11181434691530967,0.20930232558139536,False,0.0,0.0
OADMET-0005237,4.47,4.831618933538788,4.831618933538788,-0.3616189335387885,-0.3616189335387885,0.25757575757575757,False,0.0,0.0
OADMET-0005236,5.19,4.5882832156801685,4.5882832156801685,0.6017167843198319,0.6017167843198319,0.27058823529411763,False,0.0,0.0
OADMET-0005235,4.54,4.966755540394089,4.966755540394089,-0.4267555403940886,-0.4267555403940886,0.24358974358974358,False,0.0,0.0
OADMET-0005234,4.87,4.884122928600867,4.884122928600867,-0.014122928600866835,-0.014122928600866835,0.25842696629213485,False,0.0,0.0
OADMET-0005233,4.88,4.558479770873356,4.558479770873356,0.32152022912664346,0.32152022912664346,0.18421052631578946,False,0.0,0.0
OADMET-0005232,5.45,5.076521417701128,5.076521417701128,0.37347858229887176,0.37347858229887176,0.2413793103448276,False,0.0,0.0
OADMET-0005231,4.81,4.676238478271706,4.676238478271706,0.13376152172829325,0.13376152172829325,0.20930232558139536,False,0.0,0.0
OADMET-0005230,5.21,4.709289816050854,4.709289816050854,0.5007101839491463,0.5007101839491463,0.2127659574468085,False,0.0,0.0
OADMET-0005229,4.6,4.703768262122441,4.703768262122441,-0.10376826212244161,-0.10376826212244161,0.20481927710843373,False,0.0,0.0
OADMET-0005228,4.89,4.851207912083968,4.851207912083968,0.038792087916031726,0.038792087916031726,0.1941747572815534,False,0.0,0.0
OADMET-0005227,4.63,4.786205265128497,4.786205265128497,-0.15620526512849686,-0.15620526512849686,0.22784810126582278,False,0.0,0.0
OADMET-0005226,4.2,4.793862656019266,4.793862656019266,-0.5938626560192661,-0.5938626560192661,0.23880597014925373,False,0.0,0.0
OADMET-0005225,4.62,5.115280294418334,5.115280294418334,-0.4952802944183343,-0.4952802944183343,0.23170731707317074,False,0.0,0.0
OADMET-0005224,4.91,4.977675179833347,4.977675179833347,-0.06767517983334681,-0.06767517983334681,0.21875,False,0.0,0.0
OADMET-0005223,5.2,5.336686250769976,5.336686250769976,-0.13668625076997554,-0.13668625076997554,0.2962962962962963,False,0.0,0.0
OADMET-0005222,5.48,5.015833098217122,5.015833098217122,0.4641669017828782,0.4641669017828782,0.24096385542168675,False,0.0,0.0
OADMET-0005221,5.04,4.938097164237384,4.938097164237384,0.10190283576261638,0.10190283576261638,0.2558139534883721,False,0.0,0.0
OADMET-0005220,5.16,5.0606071745307695,5.0606071745307695,0.09939282546923067,0.09939282546923067,0.1836734693877551,False,0.0,0.0
OADMET-0005219,4.16,4.593749108823758,4.593749108823758,-0.4337491088237577,-0.4337491088237577,0.1411764705882353,False,0.0,0.0
OADMET-0005218,5.57,5.177918199659551,5.177918199659551,0.39208180034044915,0.39208180034044915,0.2125,False,0.0,0.0
OADMET-0005217,4.47,4.740082123904552,4.740082123904552,-0.2700821239045519,-0.2700821239045519,0.23170731707317074,False,0.0,0.0
OADMET-0005216,4.14,4.619081351132069,4.619081351132069,-0.47908135113206907,-0.47908135113206907,0.2878787878787879,False,0.0,0.0
OADMET-0005215,4.65,4.608135166445981,4.608135166445981,0.04186483355401904,0.04186483355401904,0.21686746987951808,False,0.0,0.0
OADMET-0005214,5.12,4.957293155123886,4.957293155123886,0.16270684487611398,0.16270684487611398,0.1797752808988764,False,0.0,0.0
OADMET-0005213,5.15,4.680094974249312,4.680094974249312,0.4699050257506885,0.4699050257506885,0.21951219512195122,False,0.0,0.0
OADMET-0005212,4.87,4.685427791863969,4.685427791863969,0.18457220813603126,0.18457220813603126,0.19318181818181818,False,0.0,0.0
OADMET-0005211,4.46,5.1687699692920575,5.1687699692920575,-0.7087699692920575,-0.7087699692920575,0.20689655172413793,False,0.0,0.0
OADMET-0005210,4.52,4.622471826284834,4.622471826284834,-0.10247182628483475,-0.10247182628483475,0.22784810126582278,False,0.0,0.0
OADMET-0005209,4.57,4.905639553301542,4.905639553301542,-0.33563955330154194,-0.33563955330154194,0.3,False,0.0,0.0
OADMET-0005208,4.93,4.9042482607572975,4.9042482607572975,0.025751739242702243,0.025751739242702243,0.2235294117647059,False,0.0,0.0
OADMET-0005207,4.3,4.660150005747971,4.660150005747971,-0.36015000574797096,-0.36015000574797096,0.25,False,0.0,0.0
OADMET-0005206,5.13,4.603959451369869,4.603959451369869,0.5260405486301307,0.5260405486301307,0.24358974358974358,False,0.0,0.0
OADMET-0005205,4.34,4.497458190825379,4.497458190825379,-0.1574581908253787,-0.1574581908253787,0.2840909090909091,False,0.0,0.0
OADMET-0005204,4.61,5.036701400766095,5.036701400766095,-0.42670140076609453,-0.42670140076609453,0.29508196721311475,False,0.0,0.0
OADMET-0005203,4.57,4.234939390710256,4.234939390710256,0.33506060928974435,0.33506060928974435,0.19540229885057472,False,0.0,0.0
OADMET-0005202,4.47,4.761099688289234,4.761099688289234,-0.2910996882892345,-0.2910996882892345,0.23863636363636365,False,0.0,0.0
OADMET-0005201,4.31,4.347633545607039,4.347633545607039,-0.03763354560703913,-0.03763354560703913,0.21052631578947367,False,0.0,0.0
OADMET-0005200,5.33,5.115527163431483,5.115527163431483,0.21447283656851734,0.21447283656851734,0.2692307692307692,False,0.0,0.0
OADMET-0005199,4.58,4.610239977744019,4.610239977744019,-0.030239977744018987,-0.030239977744018987,0.19753086419753085,False,0.0,0.0
OADMET-0005198,4.8,4.962289656944645,4.962289656944645,-0.1622896569446448,-0.1622896569446448,0.19047619047619047,False,0.0,0.0
OADMET-0005197,4.44,4.734993536032519,4.734993536032519,-0.29499353603251866,-0.29499353603251866,0.22666666666666666,False,0.0,0.0
OADMET-0005196,5.07,5.1090119641961405,5.1090119641961405,-0.03901196419614017,-0.03901196419614017,0.2235294117647059,False,0.0,0.0
OADMET-0005195,4.26,4.098858616768735,4.098858616768735,0.16114138323126515,0.16114138323126515,0.18072289156626506,False,0.0,0.0
OADMET-0005194,4.92,4.780971606726785,4.780971606726785,0.1390283932732146,0.1390283932732146,0.16883116883116883,False,0.0,0.0
OADMET-0005193,4.81,4.7640557490506215,4.7640557490506215,0.04594425094937815,0.04594425094937815,0.2891566265060241,False,0.0,0.0
OADMET-0005192,4.39,4.956845737429498,4.956845737429498,-0.5668457374294986,-0.5668457374294986,0.1951219512195122,False,0.0,0.0
OADMET-0005191,5.21,5.020930299249668,5.020930299249668,0.18906970075033236,0.18906970075033236,0.23255813953488372,False,0.0,0.0
OADMET-0005190,5.57,4.3503478814097285,4.3503478814097285,1.2196521185902718,1.2196521185902718,0.19230769230769232,False,0.0,0.0
OADMET-0005189,4.37,4.323474899079036,4.323474899079036,0.04652510092096396,0.04652510092096396,0.18072289156626506,False,0.0,0.0
OADMET-0005188,4.78,4.110485946553425,4.110485946553425,0.6695140534465756,0.6695140534465756,0.25757575757575757,False,0.0,0.0
OADMET-0005187,5.2,4.970002049381293,4.970002049381293,0.22999795061870731,0.22999795061870731,0.2857142857142857,False,0.0,0.0
OADMET-0005186,4.4,4.944371169747658,5.044812691992413,-0.5443711697476576,-0.6448126919924126,0.5151515151515151,False,0.33480507414918453,0.0
OADMET-0005185,4.5,4.671713393174329,4.671713393174329,-0.1717133931743291,-0.1717133931743291,0.2702702702702703,False,0.0,0.0
OADMET-0005184,4.82,4.66405247854955,4.66405247854955,0.1559475214504502,0.1559475214504502,0.19230769230769232,False,0.0,0.0
OADMET-0005183,4.46,4.216388416868969,4.216388416868969,0.24361158313103104,0.24361158313103104,0.18085106382978725,False,0.0,0.0
OADMET-0005182,4.87,4.640353334297254,4.640353334297254,0.22964666570274606,0.22964666570274606,0.21348314606741572,False,0.0,0.0
OADMET-0005181,5.33,4.923105376206555,4.923105376206555,0.40689462379344477,0.40689462379344477,0.2375,False,0.0,0.0
OADMET-0005180,4.86,4.799218054882531,4.799218054882531,0.06078194511746915,0.06078194511746915,0.19318181818181818,False,0.0,0.0
OADMET-0005179,5.21,4.718902133737953,4.723021317955944,0.4910978662620469,0.4869786820440556,0.3088235294117647,False,0.013730614059970737,0.0
OADMET-0005178,5.0,5.084400292739128,5.084400292739128,-0.08440029273912764,-0.08440029273912764,0.225,False,0.0,0.0
OADMET-0005177,5.21,5.038533316769646,5.038533316769646,0.17146668323035374,0.17146668323035374,0.18840579710144928,False,0.0,0.0
OADMET-0005176,4.86,5.197752462313013,5.197752462313013,-0.3377524623130128,-0.3377524623130128,0.1780821917808219,False,0.0,0.0
OADMET-0005175,4.2,4.812576669396706,4.812576669396706,-0.6125766693967059,-0.6125766693967059,0.2328767123287671,False,0.0,0.0
OADMET-0005174,4.62,4.91817796438643,4.91817796438643,-0.2981779643864302,-0.2981779643864302,0.225,False,0.0,0.0
OADMET-0005173,4.82,4.7552683591842655,4.7552683591842655,0.06473164081573479,0.06473164081573479,0.2564102564102564,False,0.0,0.0
OADMET-0005172,5.2,4.956381946860007,4.956381946860007,0.2436180531399934,0.2436180531399934,0.2125,False,0.0,0.0
OADMET-0005171,4.72,4.68306214346469,4.68306214346469,0.036937856535309344,0.036937856535309344,0.17647058823529413,False,0.0,0.0
OADMET-0005170,5.14,5.120755505098879,5.120755505098879,0.019244494901120568,0.019244494901120568,0.2222222222222222,False,0.0,0.0
OADMET-0005169,4.87,5.2121412071209505,5.2121412071209505,-0.3421412071209504,-0.3421412071209504,0.22580645161290322,False,0.0,0.0
OADMET-0005168,4.95,4.977990350445498,4.977990350445498,-0.02799035044549747,-0.02799035044549747,0.25287356321839083,False,0.0,0.0
OADMET-0005167,5.28,3.7719422340393067,3.7719422340393067,1.5080577659606935,1.5080577659606935,0.19480519480519481,False,0.0,0.0
OADMET-0005166,5.37,4.881897312460593,4.881897312460593,0.4881026875394072,0.4881026875394072,0.26666666666666666,False,0.0,0.0
OADMET-0005165,5.25,4.80738118134656,4.80738118134656,0.44261881865343966,0.44261881865343966,0.19753086419753085,False,0.0,0.0
OADMET-0005164,4.84,5.064935511061289,5.064935511061289,-0.22493551106128873,-0.22493551106128873,0.2894736842105263,False,0.0,0.0
OADMET-0005163,4.54,4.251918124226691,4.251918124226691,0.288081875773309,0.288081875773309,0.20930232558139536,False,0.0,0.0
OADMET-0005162,4.9,5.121906853416592,5.121906853416592,-0.22190685341659133,-0.22190685341659133,0.2222222222222222,False,0.0,0.0
OADMET-0005161,5.07,4.81892865977241,4.81892865977241,0.2510713402275906,0.2510713402275906,0.2535211267605634,False,0.0,0.0
OADMET-0005160,4.49,4.389445597222708,4.389445597222708,0.10055440277729222,0.10055440277729222,0.2,False,0.0,0.0
OADMET-0005159,4.4,3.664877329173597,3.664877329173597,0.7351226708264034,0.7351226708264034,0.18478260869565216,False,0.0,0.0
OADMET-0005158,4.61,4.364698758866023,4.364698758866023,0.24530124113397722,0.24530124113397722,0.19230769230769232,False,0.0,0.0
OADMET-0005157,4.8,4.253736006171958,4.253736006171958,0.5462639938280418,0.5462639938280418,0.21686746987951808,False,0.0,0.0
OADMET-0005156,4.31,4.619477371799135,4.619477371799135,-0.3094773717991357,-0.3094773717991357,0.19047619047619047,False,0.0,0.0
OADMET-0005155,4.83,4.6507685827977445,4.6507685827977445,0.17923141720225555,0.17923141720225555,0.1927710843373494,False,0.0,0.0
OADMET-0005154,4.89,4.920369377182525,4.920369377182525,-0.030369377182525525,-0.030369377182525525,0.225,False,0.0,0.0
OADMET-0005153,4.53,4.644803792759053,4.644803792759053,-0.11480379275905239,-0.11480379275905239,0.15217391304347827,False,0.0,0.0
OADMET-0005152,5.06,4.929405827892637,4.929405827892637,0.13059417210736246,0.13059417210736246,0.21052631578947367,False,0.0,0.0
OADMET-0005151,4.83,4.7027307505746485,4.7027307505746485,0.12726924942535156,0.12726924942535156,0.2361111111111111,False,0.0,0.0
OADMET-0005150,5.02,4.967823682248014,4.967823682248014,0.052176317751985835,0.052176317751985835,0.26506024096385544,False,0.0,0.0
OADMET-0005149,4.64,4.605820482679941,4.605820482679941,0.03417951732005875,0.03417951732005875,0.25301204819277107,False,0.0,0.0
OADMET-0005148,4.92,4.975577156057636,4.975577156057636,-0.05557715605763569,-0.05557715605763569,0.189873417721519,False,0.0,0.0
OADMET-0005147,4.62,4.804667111739372,4.804667111739372,-0.18466711173937167,-0.18466711173937167,0.2159090909090909,False,0.0,0.0
OADMET-0005146,4.45,4.6736175847284995,4.6736175847284995,-0.22361758472849935,-0.22361758472849935,0.24358974358974358,False,0.0,0.0
OADMET-0005145,4.99,5.017853810717758,5.017853810717758,-0.027853810717758165,-0.027853810717758165,0.25274725274725274,False,0.0,0.0
OADMET-0005144,4.6,4.805478850614677,4.805478850614677,-0.20547885061467763,-0.20547885061467763,0.17721518987341772,False,0.0,0.0
OADMET-0005143,4.63,4.615022170196459,4.615022170196459,0.014977829803540565,0.014977829803540565,0.2073170731707317,False,0.0,0.0
OADMET-0005142,4.49,4.337946727669355,4.337946727669355,0.15205327233064558,0.15205327233064558,0.2,False,0.0,0.0
OADMET-0005141,4.8,4.813931517230654,4.813931517230654,-0.013931517230654222,-0.013931517230654222,0.22727272727272727,False,0.0,0.0
OADMET-0005140,4.87,5.170748837480267,5.170748837480267,-0.30074883748026693,-0.30074883748026693,0.2125,False,0.0,0.0
OADMET-0005139,5.12,4.887739585672767,4.887739585672767,0.2322604143272331,0.2322604143272331,0.2125,False,0.0,0.0
OADMET-0005138,4.84,4.395923069148388,4.395923069148388,0.4440769308516117,0.4440769308516117,0.21951219512195122,False,0.0,0.0
OADMET-0005137,5.44,5.069358428705086,5.069358428705086,0.3706415712949145,0.3706415712949145,0.2727272727272727,False,0.0,0.0
OADMET-0005136,5.05,4.912559965050336,4.912559965050336,0.1374400349496634,0.1374400349496634,0.22988505747126436,False,0.0,0.0
OADMET-0005135,4.34,4.581596129148909,4.581596129148909,-0.24159612914890882,-0.24159612914890882,0.2,False,0.0,0.0
OADMET-0005134,4.42,4.58942080215343,4.58942080215343,-0.16942080215343047,-0.16942080215343047,0.21212121212121213,False,0.0,0.0
OADMET-0005133,5.03,4.923746627974279,4.923746627974279,0.10625337202572105,0.10625337202572105,0.22727272727272727,False,0.0,0.0
OADMET-0005132,5.33,4.963157000819456,4.963157000819456,0.36684299918054375,0.36684299918054375,0.2222222222222222,False,0.0,0.0
OADMET-0005131,4.46,4.433315754515453,4.433315754515453,0.026684245484546842,0.026684245484546842,0.20512820512820512,False,0.0,0.0
OADMET-0005130,5.1,4.997850815763751,4.997850815763751,0.1021491842362483,0.1021491842362483,0.23684210526315788,False,0.0,0.0
OADMET-0005129,5.01,5.0158626081874065,5.0158626081874065,-0.005862608187406693,-0.005862608187406693,0.22916666666666666,False,0.0,0.0
OADMET-0005128,5.46,4.9279055488919745,4.9279055488919745,0.5320944511080254,0.5320944511080254,0.2077922077922078,False,0.0,0.0
OADMET-0005127,5.25,4.980662143114701,4.980662143114701,0.2693378568852989,0.2693378568852989,0.22727272727272727,False,0.0,0.0
OADMET-0005126,4.15,4.641256949971023,4.641256949971023,-0.49125694997102265,-0.49125694997102265,0.17045454545454544,False,0.0,0.0
OADMET-0005125,4.67,4.673178244562982,4.673178244562982,-0.003178244562982435,-0.003178244562982435,0.15294117647058825,False,0.0,0.0
OADMET-0005124,4.5,4.834765192605916,4.834765192605916,-0.3347651926059161,-0.3347651926059161,0.26373626373626374,False,0.0,0.0
OADMET-0005123,4.6,4.435699590664465,4.435699590664465,0.16430040933553425,0.16430040933553425,0.19101123595505617,False,0.0,0.0
OADMET-0005122,4.52,4.696043849454343,4.696043849454343,-0.17604384945434326,-0.17604384945434326,0.2727272727272727,False,0.0,0.0
OADMET-0005121,4.94,4.896494160346615,4.896494160346615,0.043505839653385614,0.043505839653385614,0.23529411764705882,False,0.0,0.0
OADMET-0005120,4.19,4.083801597298927,4.083801597298927,0.10619840270107339,0.10619840270107339,0.27848101265822783,False,0.0,0.0
OADMET-0005119,4.97,4.988954051721443,4.988954051721443,-0.018954051721443044,-0.018954051721443044,0.18478260869565216,False,0.0,0.0
OADMET-0005118,4.36,4.751033204041638,4.751033204041638,-0.391033204041638,-0.391033204041638,0.20270270270270271,False,0.0,0.0
OADMET-0005117,4.46,4.689790634970063,4.689790634970063,-0.2297906349700627,-0.2297906349700627,0.23684210526315788,False,0.0,0.0
OADMET-0005116,5.3,4.7697121210468625,4.7697121210468625,0.5302878789531373,0.5302878789531373,0.23404255319148937,False,0.0,0.0
OADMET-0005115,5.12,4.535550287857797,4.535550287857797,0.5844497121422032,0.5844497121422032,0.1702127659574468,False,0.0,0.0
OADMET-0005114,4.01,4.438247938757961,4.438247938757961,-0.42824793875796097,-0.42824793875796097,0.17105263157894737,False,0.0,0.0
OADMET-0005113,4.23,4.743688673186071,4.743688673186071,-0.5136886731860706,-0.5136886731860706,0.29508196721311475,False,0.0,0.0
OADMET-0005112,4.26,4.750255778460826,4.750255778460826,-0.4902557784608259,-0.4902557784608259,0.28,False,0.0,0.0
OADMET-0005111,5.19,4.702176400295739,4.702176400295739,0.48782359970426104,0.48782359970426104,0.24705882352941178,False,0.0,0.0
OADMET-0005110,4.93,4.933179880345909,4.933179880345909,-0.003179880345909325,-0.003179880345909325,0.2702702702702703,False,0.0,0.0
OADMET-0005109,5.3,4.73384594523791,4.73384594523791,0.56615405476209,0.56615405476209,0.20833333333333334,False,0.0,0.0
OADMET-0005108,5.1,4.619558267917448,4.619558267917448,0.4804417320825518,0.4804417320825518,0.23376623376623376,False,0.0,0.0
OADMET-0005107,5.03,4.778805836659033,4.778805836659033,0.25119416334096734,0.25119416334096734,0.21978021978021978,False,0.0,0.0
OADMET-0005106,4.73,4.7589190226156735,4.7589190226156735,-0.02891902261567303,-0.02891902261567303,0.20253164556962025,False,0.0,0.0
OADMET-0005105,5.15,5.149758887985378,5.149758887985378,0.00024111201462240217,0.00024111201462240217,0.225,False,0.0,0.0
OADMET-0005104,5.26,4.729760103549772,4.729760103549772,0.5302398964502277,0.5302398964502277,0.21052631578947367,False,0.0,0.0
OADMET-0005103,5.06,4.822665008526403,4.822665008526403,0.23733499147359627,0.23733499147359627,0.17647058823529413,False,0.0,0.0
OADMET-0005102,5.09,4.756851940016144,4.816874338621159,0.33314805998385566,0.27312566137884087,0.42857142857142855,False,0.2000746620167159,0.0
OADMET-0005101,4.57,4.6511543551695,4.6511543551695,-0.08115435516949976,-0.08115435516949976,0.18072289156626506,False,0.0,0.0
OADMET-0005100,4.44,4.646697582087471,4.646697582087471,-0.2066975820874708,-0.2066975820874708,0.19318181818181818,False,0.0,0.0
OADMET-0005099,4.84,4.677754371374556,4.677754371374556,0.16224562862544367,0.16224562862544367,0.27380952380952384,False,0.0,0.0
OADMET-0005098,5.09,5.199081033410377,5.199081033410377,-0.10908103341037734,-0.10908103341037734,0.2857142857142857,False,0.0,0.0
OADMET-0005097,4.73,4.747484812921691,4.772199918229638,-0.017484812921690462,-0.04219991822963731,0.35294117647058826,False,0.08238368435982425,0.0
OADMET-0005096,5.23,4.969573893593353,4.969573893593353,0.26042610640664776,0.26042610640664776,0.2,False,0.0,0.0
OADMET-0005095,5.47,5.216839631552835,5.216839631552835,0.2531603684471646,0.2531603684471646,0.22988505747126436,False,0.0,0.0
OADMET-0005094,5.24,4.846619907397668,4.846619907397668,0.39338009260233253,0.39338009260233253,0.22972972972972974,False,0.0,0.0
OADMET-0005093,5.31,4.954701017639012,4.954701017639012,0.35529898236098756,0.35529898236098756,0.2558139534883721,False,0.0,0.0
OADMET-0005092,4.73,5.079538945781374,5.236133142078673,-0.349538945781374,-0.5061331420786725,0.5892857142857143,False,0.521980654324327,0.0
OADMET-0005091,5.31,4.743640901278523,4.743640901278523,0.5663590987214766,0.5663590987214766,0.24242424242424243,False,0.0,0.0
OADMET-0005090,5.44,5.100580249712305,5.100580249712305,0.33941975028769544,0.33941975028769544,0.28205128205128205,False,0.0,0.0
OADMET-0005089,5.06,5.2261671182021345,5.2261671182021345,-0.16616711820213492,-0.16616711820213492,0.21176470588235294,False,0.0,0.0
OADMET-0005088,4.57,4.553520066761276,4.553520066761276,0.016479933238723987,0.016479933238723987,0.24050632911392406,False,0.0,0.0
OADMET-0005087,5.0,4.654173789672481,4.654173789672481,0.3458262103275187,0.3458262103275187,0.225,False,0.0,0.0
OADMET-0005086,3.99,4.4403930865445185,4.4403930865445185,-0.45039308654451826,-0.45039308654451826,0.1827956989247312,False,0.0,0.0
OADMET-0005085,5.25,4.739596214803677,4.739596214803677,0.5104037851963232,0.5104037851963232,0.22093023255813954,False,0.0,0.0
OADMET-0005084,4.58,4.769252344474052,4.769252344474052,-0.1892523444740517,-0.1892523444740517,0.24705882352941178,False,0.0,0.0
OADMET-0005083,4.27,4.665975670907104,4.665975670907104,-0.39597567090710406,-0.39597567090710406,0.2125,False,0.0,0.0
OADMET-0005082,5.32,5.104832914732035,5.104832914732035,0.21516708526796524,0.21516708526796524,0.2,False,0.0,0.0
OADMET-0005081,4.91,3.4081694817080077,3.4081694817080077,1.5018305182919924,1.5018305182919924,0.2702702702702703,False,0.0,0.0
OADMET-0005080,4.43,4.638179925807472,4.638179925807472,-0.2081799258074719,-0.2081799258074719,0.21518987341772153,False,0.0,0.0
OADMET-0005079,4.94,5.189959179544912,5.193050555388829,-0.24995917954491187,-0.25305055538882826,0.30864197530864196,False,0.010304586146387743,0.0
OADMET-0005078,5.24,5.089484121035603,5.089484121035603,0.15051587896439678,0.15051587896439678,0.23170731707317074,False,0.0,0.0
OADMET-0005077,5.07,4.579494965655132,4.579494965655132,0.49050503434486803,0.49050503434486803,0.24096385542168675,False,0.0,0.0
OADMET-0005076,4.35,4.605253198077378,4.605253198077378,-0.25525319807737823,-0.25525319807737823,0.1794871794871795,False,0.0,0.0
OADMET-0005075,5.18,4.875829894334367,4.875829894334367,0.30417010566563274,0.30417010566563274,0.23376623376623376,False,0.0,0.0
OADMET-0005074,5.08,5.1846786718924065,5.1846786718924065,-0.10467867189240643,-0.10467867189240643,0.23157894736842105,False,0.0,0.0
OADMET-0005073,4.85,4.771276170999101,4.771276170999101,0.07872382900089825,0.07872382900089825,0.25263157894736843,False,0.0,0.0
OADMET-0005072,5.06,5.133494427597638,5.1740929229339745,-0.07349442759763836,-0.11409292293397488,0.375,False,0.1353283177877885,0.0
OADMET-0005071,4.41,4.758566208719049,4.758566208719049,-0.3485662087190491,-0.3485662087190491,0.2191780821917808,False,0.0,0.0
OADMET-0005070,5.3,4.684705461807621,4.684705461807621,0.6152945381923791,0.6152945381923791,0.18681318681318682,False,0.0,0.0
OADMET-0005069,5.02,4.674165162993866,4.674165162993866,0.3458348370061337,0.3458348370061337,0.17857142857142858,False,0.0,0.0
OADMET-0005068,5.43,4.778307379565193,4.778307379565193,0.6516926204348064,0.6516926204348064,0.20238095238095238,False,0.0,0.0
OADMET-0005067,4.73,4.733165921979737,4.733165921979737,-0.003165921979736197,-0.003165921979736197,0.25316455696202533,False,0.0,0.0
OADMET-0005066,4.72,4.778760041773897,4.793803992210192,-0.0587600417738976,-0.07380399221019207,0.3333333333333333,False,0.05014650145431438,0.0
OADMET-0005065,5.19,4.932221474230868,4.932221474230868,0.2577785257691323,0.2577785257691323,0.2222222222222222,False,0.0,0.0
OADMET-0005064,4.99,4.680420043630507,4.680420043630507,0.3095799563694932,0.3095799563694932,0.23255813953488372,False,0.0,0.0
OADMET-0005063,4.33,4.7465316983102595,4.7465316983102595,-0.4165316983102594,-0.4165316983102594,0.2222222222222222,False,0.0,0.0
OADMET-0005062,4.99,5.0709695860020165,5.0709695860020165,-0.08096958600201631,-0.08096958600201631,0.25882352941176473,False,0.0,0.0
OADMET-0005061,5.39,5.325254928718493,5.325254928718493,0.0647450712815063,0.0647450712815063,0.2,False,0.0,0.0
OADMET-0005060,5.25,5.172170394138225,5.172170394138225,0.07782960586177534,0.07782960586177534,0.2247191011235955,False,0.0,0.0
OADMET-0005059,4.92,4.796320258297967,4.796320258297967,0.12367974170203322,0.12367974170203322,0.19230769230769232,False,0.0,0.0
OADMET-0005058,4.96,4.657365706360456,4.657365706360456,0.3026342936395441,0.3026342936395441,0.20833333333333334,False,0.0,0.0
OADMET-0005057,4.26,4.225196666624939,4.225196666624939,0.03480333337506103,0.03480333337506103,0.2125,False,0.0,0.0
OADMET-0005056,4.83,4.759632777704776,4.759632777704776,0.07036722229522407,0.07036722229522407,0.2261904761904762,False,0.0,0.0
OADMET-0005055,4.83,4.703808504169427,4.741391360948178,0.12619149583057343,0.08860863905182192,0.4050632911392405,False,0.12527618926250425,0.0
OADMET-0005054,4.79,5.04641095874379,5.053177374633179,-0.25641095874378994,-0.26317737463317936,0.3125,False,0.0225547196312981,0.0
OADMET-0005053,4.95,5.122411754756298,5.122411754756298,-0.17241175475629777,-0.17241175475629777,0.2345679012345679,False,0.0,0.0
OADMET-0005052,4.82,5.056270848431634,5.056270848431634,-0.2362708484316336,-0.2362708484316336,0.1875,False,0.0,0.0
OADMET-0005051,4.84,4.93919999877226,4.93919999877226,-0.09919999877226005,-0.09919999877226005,0.29577464788732394,False,0.0,0.0
OADMET-0005050,5.22,5.141696044542257,5.141696044542257,0.07830395545774316,0.07830395545774316,0.2564102564102564,False,0.0,0.0
OADMET-0005049,4.21,4.624494269982125,4.624494269982125,-0.414494269982125,-0.414494269982125,0.17721518987341772,False,0.0,0.0
OADMET-0005048,5.05,4.54943853142192,4.54943853142192,0.5005614685780797,0.5005614685780797,0.1566265060240964,False,0.0,0.0
OADMET-0005047,4.88,4.6700241866621,4.6700241866621,0.20997581333790016,0.20997581333790016,0.1686746987951807,False,0.0,0.0
OADMET-0005046,5.1,4.650647087699001,4.650647087699001,0.4493529123009985,0.4493529123009985,0.23943661971830985,False,0.0,0.0
OADMET-0005045,5.05,4.6600205067292,4.6600205067292,0.3899794932707996,0.3899794932707996,0.22988505747126436,False,0.0,0.0
OADMET-0005044,4.84,4.832885028320609,4.832885028320609,0.007114971679390791,0.007114971679390791,0.2328767123287671,False,0.0,0.0
OADMET-0005043,4.94,4.66557309257174,4.66557309257174,0.2744269074282606,0.2744269074282606,0.21428571428571427,False,0.0,0.0
OADMET-0005042,4.69,4.332454536493541,4.332454536493541,0.357545463506459,0.357545463506459,0.26744186046511625,False,0.0,0.0
OADMET-0005041,4.63,4.312551999323576,4.312551999323576,0.317448000676424,0.317448000676424,0.25316455696202533,False,0.0,0.0
OADMET-0005040,4.68,4.778554615002234,4.778554615002234,-0.09855461500223406,-0.09855461500223406,0.23076923076923078,False,0.0,0.0
OADMET-0005039,4.57,4.049080219430831,4.049080219430831,0.5209197805691694,0.5209197805691694,0.2289156626506024,False,0.0,0.0
OADMET-0005038,4.86,3.991503372933101,3.991503372933101,0.8684966270668992,0.8684966270668992,0.2328767123287671,False,0.0,0.0
OADMET-0005037,4.09,4.726415563092648,4.726415563092648,-0.6364155630926485,-0.6364155630926485,0.2948717948717949,False,0.0,0.0
OADMET-0005036,4.93,5.044475598011202,5.044475598011202,-0.114475598011202,-0.114475598011202,0.23376623376623376,False,0.0,0.0
OADMET-0005035,4.54,4.95382527842105,4.95382527842105,-0.4138252784210499,-0.4138252784210499,0.2361111111111111,False,0.0,0.0
OADMET-0005034,4.88,4.799643115626956,4.814973816240663,0.08035688437304422,0.06502618375933711,0.34285714285714286,False,0.05110233537902499,0.0
OADMET-0005033,4.83,4.875080462335383,4.875080462335383,-0.045080462335382876,-0.045080462335382876,0.23170731707317074,False,0.0,0.0
OADMET-0005032,4.82,5.002528246629585,5.002528246629585,-0.18252824662958478,-0.18252824662958478,0.2222222222222222,False,0.0,0.0
OADMET-0005031,4.53,4.742916867570969,4.742916867570969,-0.21291686757096873,-0.21291686757096873,0.18518518518518517,False,0.0,0.0
OADMET-0005030,5.07,5.280575257366143,5.280575257366143,-0.21057525736614302,-0.21057525736614302,0.26373626373626374,False,0.0,0.0
OADMET-0005029,4.73,4.7566286841642516,4.7566286841642516,-0.026628684164251126,-0.026628684164251126,0.17567567567567569,False,0.0,0.0
OADMET-0005028,5.3,5.172698966970721,5.172698966970721,0.12730103302927898,0.12730103302927898,0.225,False,0.0,0.0
OADMET-0005027,5.69,5.047079406664209,5.047079406664209,0.6429205933357913,0.6429205933357913,0.2535211267605634,False,0.0,0.0
OADMET-0005026,5.0,4.901937071559499,4.901937071559499,0.09806292844050102,0.09806292844050102,0.23255813953488372,False,0.0,0.0
OADMET-0005025,4.71,4.649602964086441,4.649602964086441,0.06039703591355927,0.06039703591355927,0.2,False,0.0,0.0
OADMET-0005024,5.02,5.0195627830560925,5.0195627830560925,0.00043721694390708166,0.00043721694390708166,0.20224719101123595,False,0.0,0.0
OADMET-0005023,5.23,4.8319651916189095,4.8319651916189095,0.39803480838109095,0.39803480838109095,0.2911392405063291,False,0.0,0.0
OADMET-0005022,4.74,4.864525222778321,4.864525222778321,-0.12452522277832045,-0.12452522277832045,0.1891891891891892,False,0.0,0.0
OADMET-0005021,5.0,5.060168186206262,5.060168186206262,-0.060168186206261964,-0.060168186206261964,0.23809523809523808,False,0.0,0.0
OADMET-0005020,5.24,4.890370147205093,4.890370147205093,0.3496298527949069,0.3496298527949069,0.2191780821917808,False,0.0,0.0
OADMET-0005019,5.38,5.127698552955701,5.127698552955701,0.2523014470442986,0.2523014470442986,0.18309859154929578,False,0.0,0.0
OADMET-0005018,4.7,4.681759698877057,4.681759698877057,0.01824030112294306,0.01824030112294306,0.18604651162790697,False,0.0,0.0
OADMET-0005017,5.14,5.265300816934086,5.265300816934086,-0.1253008169340859,-0.1253008169340859,0.1686746987951807,False,0.0,0.0
OADMET-0005016,5.13,4.8000529659604565,4.8000529659604565,0.3299470340395434,0.3299470340395434,0.23255813953488372,False,0.0,0.0
OADMET-0005015,4.8,4.642293063876698,4.642293063876698,0.15770693612330167,0.15770693612330167,0.23529411764705882,False,0.0,0.0
OADMET-0005014,4.66,4.733767199747771,4.733767199747771,-0.07376719974777046,-0.07376719974777046,0.23255813953488372,False,0.0,0.0
OADMET-0005013,4.7,4.09684964754049,4.09684964754049,0.6031503524595099,0.6031503524595099,0.24,False,0.0,0.0
OADMET-0005012,5.33,4.78203548598058,4.809754163114146,0.5479645140194203,0.520245836885854,0.359375,False,0.09239559044521951,0.0
OADMET-0005011,4.51,4.882946353745692,4.882946353745692,-0.37294635374569207,-0.37294635374569207,0.25,False,0.0,0.0
OADMET-0005010,4.61,3.4848887453958826,3.4848887453958826,1.1251112546041178,1.1251112546041178,0.21505376344086022,False,0.0,0.0
OADMET-0005009,5.09,4.811838057434675,4.811838057434675,0.2781619425653252,0.2781619425653252,0.2972972972972973,False,0.0,0.0
OADMET-0005008,4.57,4.291629764293004,4.291629764293004,0.2783702357069959,0.2783702357069959,0.1744186046511628,False,0.0,0.0
OADMET-0005007,4.82,4.605228618742193,4.605228618742193,0.21477138125780737,0.21477138125780737,0.275,False,0.0,0.0
OADMET-0005006,5.05,5.24907516183205,5.24907516183205,-0.19907516183205054,-0.19907516183205054,0.2878787878787879,False,0.0,0.0
OADMET-0005005,5.0,5.000896923518875,5.000896923518875,-0.0008969235188747149,-0.0008969235188747149,0.1951219512195122,False,0.0,0.0
OADMET-0005004,4.35,4.669150841351851,4.759951777157852,-0.3191508413518518,-0.40995177715785225,0.46774193548387094,False,0.30266978602000005,0.0
OADMET-0005003,4.81,4.863501999216171,4.863501999216171,-0.053501999216171825,-0.053501999216171825,0.19101123595505617,False,0.0,0.0
OADMET-0005002,4.87,4.644816321539647,4.644816321539647,0.22518367846035314,0.22518367846035314,0.2125,False,0.0,0.0
OADMET-0005001,4.63,5.24401473767549,5.24401473767549,-0.6140147376754905,-0.6140147376754905,0.23076923076923078,False,0.0,0.0
OADMET-0005000,4.57,4.729006824910062,4.729006824910062,-0.1590068249100618,-0.1590068249100618,0.20930232558139536,False,0.0,0.0
OADMET-0004999,4.99,4.64911120377698,4.64911120377698,0.3408887962230205,0.3408887962230205,0.22972972972972974,False,0.0,0.0
OADMET-0004998,5.08,4.923820764578662,4.923820764578662,0.15617923542133827,0.15617923542133827,0.23684210526315788,False,0.0,0.0
OADMET-0004997,5.02,5.0860863919397,5.0860863919397,-0.06608639193970056,-0.06608639193970056,0.25301204819277107,False,0.0,0.0
OADMET-0004996,5.03,4.82581878773217,4.82581878773217,0.20418121226783015,0.20418121226783015,0.22857142857142856,False,0.0,0.0
OADMET-0004995,5.34,5.019681508101305,5.019681508101305,0.32031849189869455,0.32031849189869455,0.25,False,0.0,0.0
OADMET-0004994,5.16,5.174043160271875,5.174043160271875,-0.01404316027187491,-0.01404316027187491,0.20481927710843373,False,0.0,0.0
OADMET-0004993,4.65,4.479934420400452,4.479934420400452,0.17006557959954804,0.17006557959954804,0.1686746987951807,False,0.0,0.0
OADMET-0004992,4.78,4.357683060933086,4.357683060933086,0.42231693906691437,0.42231693906691437,0.1782178217821782,False,0.0,0.0
OADMET-0004991,5.41,4.881993902771217,4.881993902771217,0.5280060972287828,0.5280060972287828,0.1746031746031746,False,0.0,0.0
OADMET-0004990,5.51,4.959787265999804,4.959787265999804,0.5502127340001959,0.5502127340001959,0.1625,False,0.0,0.0
OADMET-0004989,5.56,5.106318768251289,5.106318768251289,0.45368123174871045,0.45368123174871045,0.2753623188405797,False,0.0,0.0
OADMET-0004988,4.87,4.178903250439653,4.178903250439653,0.6910967495603471,0.6910967495603471,0.18333333333333332,False,0.0,0.0
OADMET-0004987,5.23,4.932019627210005,4.932019627210005,0.29798037278999523,0.29798037278999523,0.23255813953488372,False,0.0,0.0
OADMET-0004986,4.87,4.969263397142726,4.969263397142726,-0.09926339714272547,-0.09926339714272547,0.2564102564102564,False,0.0,0.0
OADMET-0004985,4.78,4.816058328776684,4.816058328776684,-0.0360583287766838,-0.0360583287766838,0.24705882352941178,False,0.0,0.0
OADMET-0004984,5.33,5.043594685804496,5.045948221766023,0.28640531419550364,0.28405177823397665,0.30434782608695654,False,0.00784511987175591,0.0
OADMET-0004983,4.65,5.024386614040264,5.024386614040264,-0.3743866140402634,-0.3743866140402634,0.19753086419753085,False,0.0,0.0
OADMET-0004982,4.47,4.871791039392786,4.9009386770701555,-0.40179103939278615,-0.43093867707015576,0.35384615384615387,False,0.09715879225789949,0.0
OADMET-0004981,5.53,5.11566217524334,5.11566217524334,0.41433782475666003,0.41433782475666003,0.21428571428571427,False,0.0,0.0
OADMET-0004980,5.35,5.051990688657298,5.051990688657298,0.29800931134270137,0.29800931134270137,0.21518987341772153,False,0.0,0.0
OADMET-0004979,4.2,4.751626067485624,4.751626067485624,-0.5516260674856239,-0.5516260674856239,0.2054794520547945,False,0.0,0.0
OADMET-0004978,5.05,4.629203026040086,4.629203026040086,0.4207969739599138,0.4207969739599138,0.18085106382978725,False,0.0,0.0
OADMET-0004977,5.33,5.170702386828302,5.170702386828302,0.15929761317169788,0.15929761317169788,0.22077922077922077,False,0.0,0.0
OADMET-0004976,4.56,4.789064545538819,4.789064545538819,-0.2290645455388196,-0.2290645455388196,0.25287356321839083,False,0.0,0.0
OADMET-0004975,4.6,4.787432167136553,4.787432167136553,-0.18743216713655375,-0.18743216713655375,0.25,False,0.0,0.0
OADMET-0004974,4.98,4.721538115705101,4.721538115705101,0.25846188429489914,0.25846188429489914,0.2328767123287671,False,0.0,0.0
OADMET-0004973,5.21,4.685959023410835,4.685959023410835,0.5240409765891654,0.5240409765891654,0.19230769230769232,False,0.0,0.0
OADMET-0004972,4.24,4.2328209666372505,4.2328209666372505,0.0071790333627497205,0.0071790333627497205,0.2,False,0.0,0.0
OADMET-0004971,4.6,4.910439456319345,4.910439456319345,-0.31043945631934555,-0.31043945631934555,0.273972602739726,False,0.0,0.0
OADMET-0004970,5.22,5.012434800388743,5.012434800388743,0.20756519961125708,0.20756519961125708,0.16666666666666666,False,0.0,0.0
OADMET-0004969,4.97,4.985330388383957,4.985330388383957,-0.015330388383957505,-0.015330388383957505,0.1839080459770115,False,0.0,0.0
OADMET-0004968,4.73,4.964754928431464,4.964754928431464,-0.23475492843146384,-0.23475492843146384,0.16279069767441862,False,0.0,0.0
OADMET-0004967,4.8,4.742955911738202,4.742955911738202,0.05704408826179819,0.05704408826179819,0.2235294117647059,False,0.0,0.0
OADMET-0004966,5.15,5.033114971697909,5.033114971697909,0.11688502830209124,0.11688502830209124,0.2619047619047619,False,0.0,0.0
OADMET-0004965,4.93,4.742087557940807,4.742087557940807,0.18791244205919266,0.18791244205919266,0.19767441860465115,False,0.0,0.0
OADMET-0004964,5.21,4.909606831976511,4.909606831976511,0.30039316802348903,0.30039316802348903,0.175,False,0.0,0.0
OADMET-0004963,4.78,4.769695375729533,4.769695375729533,0.010304624270466967,0.010304624270466967,0.2077922077922078,False,0.0,0.0
OADMET-0004962,4.27,5.1436254056912025,5.1436254056912025,-0.873625405691203,-0.873625405691203,0.21212121212121213,False,0.0,0.0
OADMET-0004961,4.67,4.54172346036411,4.54172346036411,0.12827653963589025,0.12827653963589025,0.22826086956521738,False,0.0,0.0
OADMET-0004960,5.39,5.027155498625005,5.027155498625005,0.3628445013749948,0.3628445013749948,0.21428571428571427,False,0.0,0.0
OADMET-0004959,4.68,4.932252434850897,4.932252434850897,-0.252252434850897,-0.252252434850897,0.20212765957446807,False,0.0,0.0
OADMET-0004958,4.97,4.795162952987893,4.795162952987893,0.17483704701210634,0.17483704701210634,0.14583333333333334,False,0.0,0.0
OADMET-0004957,4.95,4.627672126918163,4.627672126918163,0.3223278730818375,0.3223278730818375,0.1348314606741573,False,0.0,0.0
OADMET-0004956,5.42,4.977133586105792,4.977133586105792,0.4428664138942082,0.4428664138942082,0.1686746987951807,False,0.0,0.0
OADMET-0004955,4.57,4.739452124567865,4.739452124567865,-0.16945212456786507,-0.16945212456786507,0.2,False,0.0,0.0
OADMET-0004954,5.03,4.764775141003062,4.764775141003062,0.2652248589969384,0.2652248589969384,0.1978021978021978,False,0.0,0.0
OADMET-0004953,4.6,4.587579552178244,4.587579552178244,0.012420447821755332,0.012420447821755332,0.25316455696202533,False,0.0,0.0
OADMET-0004952,5.03,5.150132985716885,5.150132985716885,-0.12013298571688491,-0.12013298571688491,0.18823529411764706,False,0.0,0.0
OADMET-0004951,4.56,4.727564444588227,4.727564444588227,-0.16756444458822717,-0.16756444458822717,0.18181818181818182,False,0.0,0.0
OADMET-0004950,5.33,4.9200641560323035,4.9200641560323035,0.40993584396769656,0.40993584396769656,0.25301204819277107,False,0.0,0.0
OADMET-0004949,4.9,4.811649284779447,4.811649284779447,0.08835071522055316,0.08835071522055316,0.24705882352941178,False,0.0,0.0
OADMET-0004948,4.54,4.824526831710223,4.824526831710223,-0.28452683171022297,-0.28452683171022297,0.23255813953488372,False,0.0,0.0
OADMET-0004947,4.89,5.000813224014727,5.000813224014727,-0.11081322401472704,-0.11081322401472704,0.17857142857142858,False,0.0,0.0
OADMET-0004946,4.56,4.724850652518782,4.724850652518782,-0.1648506525187825,-0.1648506525187825,0.2236842105263158,False,0.0,0.0
OADMET-0004945,5.51,4.77527911269549,4.77527911269549,0.7347208873045101,0.7347208873045101,0.1891891891891892,False,0.0,0.0
OADMET-0004944,4.37,4.354271509577927,4.354271509577927,0.015728490422072916,0.015728490422072916,0.18681318681318682,False,0.0,0.0
OADMET-0004943,5.2,4.794401298217403,4.794401298217403,0.4055987017825968,0.4055987017825968,0.25,False,0.0,0.0
OADMET-0004942,5.06,4.691402420025427,4.691402420025427,0.36859757997457265,0.36859757997457265,0.21428571428571427,False,0.0,0.0
OADMET-0004941,5.24,4.989146627731693,4.989146627731693,0.25085337226830706,0.25085337226830706,0.2465753424657534,False,0.0,0.0
OADMET-0004940,5.67,5.267731921418199,5.267731921418199,0.4022680785818009,0.4022680785818009,0.20408163265306123,False,0.0,0.0
OADMET-0004939,4.71,4.303982821483056,4.303982821483056,0.40601717851694374,0.40601717851694374,0.23076923076923078,False,0.0,0.0
OADMET-0004938,5.01,4.691668136374464,4.691668136374464,0.3183318636255361,0.3183318636255361,0.19767441860465115,False,0.0,0.0
OADMET-0004937,4.9,4.905906409430272,4.905906409430272,-0.005906409430271431,-0.005906409430271431,0.2,False,0.0,0.0
OADMET-0004936,3.97,3.7308206052456083,3.7308206052456083,0.23917939475439187,0.23917939475439187,0.18604651162790697,False,0.0,0.0
OADMET-0004935,3.78,4.217395185498358,4.217395185498358,-0.437395185498358,-0.437395185498358,0.18518518518518517,False,0.0,0.0
OADMET-0004934,4.83,4.8676055801724925,4.8676055801724925,-0.03760558017249238,-0.03760558017249238,0.15789473684210525,False,0.0,0.0
OADMET-0004933,5.33,4.67175111886367,4.67175111886367,0.6582488811363305,0.6582488811363305,0.18478260869565216,False,0.0,0.0
OADMET-0004932,5.49,5.036198973655701,5.036198973655701,0.45380102634429953,0.45380102634429953,0.23076923076923078,False,0.0,0.0
OADMET-0004931,5.36,5.326274338740747,5.326274338740747,0.03372566125925314,0.03372566125925314,0.24358974358974358,False,0.0,0.0
OADMET-0004930,4.1,4.5160512410321285,4.5160512410321285,-0.41605124103212887,-0.41605124103212887,0.18181818181818182,False,0.0,0.0
OADMET-0004929,4.81,4.68670908895511,4.68670908895511,0.1232909110448892,0.1232909110448892,0.19101123595505617,False,0.0,0.0
OADMET-0004928,5.55,5.120433097904169,5.120433097904169,0.42956690209583126,0.42956690209583126,0.19318181818181818,False,0.0,0.0
OADMET-0004927,4.81,4.722328940873007,4.722328940873007,0.08767105912699247,0.08767105912699247,0.19791666666666666,False,0.0,0.0
OADMET-0004926,5.54,4.8720920127572365,4.8720920127572365,0.6679079872427636,0.6679079872427636,0.19753086419753085,False,0.0,0.0
OADMET-0004925,5.2,4.914043406375404,4.914043406375404,0.28595659362459624,0.28595659362459624,0.23404255319148937,False,0.0,0.0
OADMET-0004924,4.3,4.458991412746096,4.458991412746096,-0.1589914127460963,-0.1589914127460963,0.25,False,0.0,0.0
OADMET-0004923,4.4,4.589980409214798,4.589980409214798,-0.18998040921479742,-0.18998040921479742,0.16304347826086957,False,0.0,0.0
OADMET-0004922,5.34,4.952208822676279,4.952208822676279,0.38779117732372104,0.38779117732372104,0.24691358024691357,False,0.0,0.0
OADMET-0004921,4.72,4.618732461420078,4.618732461420078,0.10126753857992199,0.10126753857992199,0.21428571428571427,False,0.0,0.0
OADMET-0004920,4.68,4.892238477595801,4.892238477595801,-0.21223847759580128,-0.21223847759580128,0.2125,False,0.0,0.0
OADMET-0004919,4.65,4.604900085810319,4.604900085810319,0.045099914189681733,0.045099914189681733,0.1839080459770115,False,0.0,0.0
OADMET-0004918,4.53,4.607073037485474,4.607073037485474,-0.07707303748547378,-0.07707303748547378,0.21348314606741572,False,0.0,0.0
OADMET-0004917,4.65,4.887988980534007,4.887988980534007,-0.23798898053400652,-0.23798898053400652,0.20253164556962025,False,0.0,0.0
OADMET-0004916,4.79,5.057507835545586,5.057507835545586,-0.26750783554558577,-0.26750783554558577,0.2159090909090909,False,0.0,0.0
OADMET-0004915,5.19,4.981538444352381,4.981538444352381,0.20846155564761926,0.20846155564761926,0.273972602739726,False,0.0,0.0
OADMET-0004914,5.16,4.63379648588236,4.63379648588236,0.5262035141176398,0.5262035141176398,0.1797752808988764,False,0.0,0.0
OADMET-0004913,5.23,5.126714251805277,5.126714251805277,0.10328574819472358,0.10328574819472358,0.16483516483516483,False,0.0,0.0
OADMET-0004912,5.47,4.894323197383325,4.894323197383325,0.575676802616675,0.575676802616675,0.16666666666666666,False,0.0,0.0
OADMET-0004911,5.16,4.976867745455029,4.976867745455029,0.1831322545449714,0.1831322545449714,0.225,False,0.0,0.0
OADMET-0004910,5.09,4.983554724350716,4.983554724350716,0.10644527564928374,0.10644527564928374,0.2465753424657534,False,0.0,0.0
OADMET-0004909,5.15,4.691696004728669,4.691696004728669,0.45830399527133103,0.45830399527133103,0.21428571428571427,False,0.0,0.0
OADMET-0004908,5.58,5.00919688419231,5.00919688419231,0.5708031158076903,0.5708031158076903,0.21333333333333335,False,0.0,0.0
OADMET-0004907,4.76,4.3133056904505755,4.3133056904505755,0.44669430954942424,0.44669430954942424,0.2191780821917808,False,0.0,0.0
OADMET-0004906,5.1,5.184679216320075,5.184679216320075,-0.08467921632007513,-0.08467921632007513,0.22666666666666666,False,0.0,0.0
OADMET-0004905,5.08,5.102795062944727,5.113601280863755,-0.022795062944727107,-0.033601280863755356,0.323943661971831,False,0.03602072639676108,0.0
OADMET-0004904,4.86,4.984379719067546,4.984379719067546,-0.1243797190675453,-0.1243797190675453,0.2153846153846154,False,0.0,0.0
OADMET-0004903,4.51,4.641557199052237,4.641557199052237,-0.13155719905223684,-0.13155719905223684,0.2903225806451613,False,0.0,0.0
OADMET-0004902,4.98,5.254657298152886,5.254657298152886,-0.27465729815288586,-0.27465729815288586,0.2261904761904762,False,0.0,0.0
OADMET-0004901,4.66,4.543531195862779,4.543531195862779,0.11646880413722105,0.11646880413722105,0.20430107526881722,False,0.0,0.0
OADMET-0004900,4.73,5.158567520715658,5.158567520715658,-0.4285675207156574,-0.4285675207156574,0.2441860465116279,False,0.0,0.0
OADMET-0004899,4.73,5.025983346318736,5.025983346318736,-0.29598334631873513,-0.29598334631873513,0.1927710843373494,False,0.0,0.0
OADMET-0004898,4.56,4.882762007574433,4.882762007574433,-0.3227620075744335,-0.3227620075744335,0.18681318681318682,False,0.0,0.0
OADMET-0004897,5.12,4.793354901526738,4.793354901526738,0.3266450984732625,0.3266450984732625,0.23404255319148937,False,0.0,0.0
OADMET-0004896,4.77,4.9042173894863685,4.9042173894863685,-0.13421738948636897,-0.13421738948636897,0.22727272727272727,False,0.0,0.0
OADMET-0004895,4.63,4.639753417366917,4.639753417366917,-0.009753417366916928,-0.009753417366916928,0.2222222222222222,False,0.0,0.0
OADMET-0004894,4.73,4.37296050867988,4.37296050867988,0.35703949132012003,0.35703949132012003,0.22666666666666666,False,0.0,0.0
OADMET-0004893,5.17,5.32965290106616,5.32965290106616,-0.1596529010661598,-0.1596529010661598,0.2127659574468085,False,0.0,0.0
OADMET-0004892,5.08,4.7643600204615915,4.7643600204615915,0.3156399795384086,0.3156399795384086,0.23157894736842105,False,0.0,0.0
OADMET-0004891,4.7,4.525212903856074,4.573687855261912,0.17478709614392596,0.1263121447380886,0.4074074074074074,False,0.1615831713527908,0.0
OADMET-0004890,4.66,4.626212897347015,4.626212897347015,0.03378710265298501,0.03378710265298501,0.2463768115942029,False,0.0,0.0
OADMET-0004889,4.38,4.556045807218089,4.556045807218089,-0.17604580721808905,-0.17604580721808905,0.3,False,0.0,0.0
OADMET-0004888,4.59,4.7614630569532075,4.7614630569532075,-0.17146305695320763,-0.17146305695320763,0.16470588235294117,False,0.0,0.0
OADMET-0004887,5.02,4.736939376997716,4.736939376997716,0.2830606230022834,0.2830606230022834,0.2727272727272727,False,0.0,0.0
OADMET-0004886,4.25,4.210309785083659,4.210309785083659,0.03969021491634095,0.03969021491634095,0.18181818181818182,False,0.0,0.0
OADMET-0004885,4.72,4.292014406491251,4.292014406491251,0.42798559350874843,0.42798559350874843,0.2073170731707317,False,0.0,0.0
OADMET-0004884,5.09,4.641377926567225,4.641377926567225,0.4486220734327748,0.4486220734327748,0.2727272727272727,False,0.0,0.0
OADMET-0004883,4.76,4.780990650121447,4.780990650121447,-0.02099065012144763,-0.02099065012144763,0.22093023255813954,False,0.0,0.0
OADMET-0004882,4.49,4.824703370251702,4.842209903178165,-0.3347033702517015,-0.3522099031781645,0.3375,False,0.058355109754875525,0.0
OADMET-0004881,4.42,4.824753355979919,4.824753355979919,-0.4047533559799188,-0.4047533559799188,0.2236842105263158,False,0.0,0.0
OADMET-0004880,4.93,4.69954412307554,4.69954412307554,0.23045587692445935,0.23045587692445935,0.24,False,0.0,0.0
OADMET-0004879,4.86,4.8591619898972,4.8591619898972,0.0008380101028002684,0.0008380101028002684,0.2647058823529412,False,0.0,0.0
OADMET-0004878,4.72,4.9316594228003785,4.9316594228003785,-0.21165942280037875,-0.21165942280037875,0.24242424242424243,False,0.0,0.0
OADMET-0004877,4.11,4.781490457405164,4.781490457405164,-0.6714904574051639,-0.6714904574051639,0.24390243902439024,False,0.0,0.0
OADMET-0004876,4.8,5.00099199952431,5.00099199952431,-0.20099199952431057,-0.20099199952431057,0.17105263157894737,False,0.0,0.0
OADMET-0004875,4.65,4.451423779737603,4.451423779737603,0.19857622026239774,0.19857622026239774,0.21176470588235294,False,0.0,0.0
OADMET-0004874,4.89,4.799657339494205,4.799657339494205,0.09034266050579465,0.09034266050579465,0.1797752808988764,False,0.0,0.0
OADMET-0004873,5.01,4.8679992002190895,4.8679992002190895,0.1420007997809103,0.1420007997809103,0.2236842105263158,False,0.0,0.0
OADMET-0004872,4.77,4.736753234816986,4.736753234816986,0.03324676518301395,0.03324676518301395,0.25287356321839083,False,0.0,0.0
OADMET-0004871,5.27,5.002163143528318,5.002163143528318,0.267836856471682,0.267836856471682,0.2191780821917808,False,0.0,0.0
OADMET-0004870,4.79,5.136706244135365,5.136706244135365,-0.34670624413536455,-0.34670624413536455,0.20512820512820512,False,0.0,0.0
OADMET-0004869,4.92,4.708312842683885,4.708312842683885,0.2116871573161152,0.2116871573161152,0.22826086956521738,False,0.0,0.0
OADMET-0004868,4.71,5.000655053425762,5.000655053425762,-0.2906550534257617,-0.2906550534257617,0.22077922077922077,False,0.0,0.0
OADMET-0004867,4.05,4.62682364889719,4.639990728465731,-0.5768236488971903,-0.5899907284657315,0.32432432432432434,False,0.043890265228471996,0.0
OADMET-0004866,4.51,4.778776265116571,4.778776265116571,-0.26877626511657127,-0.26877626511657127,0.22093023255813954,False,0.0,0.0
OADMET-0004865,5.37,5.10280622579519,5.10280622579519,0.2671937742048103,0.2671937742048103,0.2571428571428571,False,0.0,0.0
OADMET-0004864,4.2,4.765987224023319,4.765987224023319,-0.5659872240233188,-0.5659872240233188,0.1797752808988764,False,0.0,0.0
OADMET-0004863,4.9,4.8551152347361,4.8551152347361,0.04488476526389995,0.04488476526389995,0.21052631578947367,False,0.0,0.0
OADMET-0004862,4.54,4.805223195992627,4.805223195992627,-0.2652231959926272,-0.2652231959926272,0.24358974358974358,False,0.0,0.0
OADMET-0004861,5.52,4.978962332299612,5.065644141956355,0.5410376677003876,0.45435585804364464,0.49206349206349204,False,0.2889393655224781,0.0
OADMET-0004860,4.22,4.4299690346116,4.4299690346116,-0.20996903461159988,-0.20996903461159988,0.225,False,0.0,0.0
OADMET-0004859,5.29,5.060698078211071,5.060698078211071,0.22930192178892916,0.22930192178892916,0.24210526315789474,False,0.0,0.0
OADMET-0004858,5.27,5.012054338038546,5.012054338038546,0.25794566196145396,0.25794566196145396,0.2289156626506024,False,0.0,0.0
OADMET-0004857,4.97,4.653555468911106,4.653555468911106,0.3164445310888935,0.3164445310888935,0.2111111111111111,False,0.0,0.0
OADMET-0004856,4.49,4.505002021326602,4.505002021326602,-0.015002021326601778,-0.015002021326601778,0.21052631578947367,False,0.0,0.0
OADMET-0004855,4.97,4.751934051976621,4.751934051976621,0.21806594802337909,0.21806594802337909,0.25,False,0.0,0.0
OADMET-0004854,4.05,4.455914765654258,4.455914765654258,-0.4059147656542583,-0.4059147656542583,0.21333333333333335,False,0.0,0.0
OADMET-0004853,4.37,4.616284140799809,4.616284140799809,-0.24628414079980931,-0.24628414079980931,0.18604651162790697,False,0.0,0.0
OADMET-0004852,5.61,4.410483251729057,4.410483251729057,1.199516748270943,1.199516748270943,0.2222222222222222,False,0.0,0.0
OADMET-0004851,4.86,4.668375965229516,4.668375965229516,0.1916240347704843,0.1916240347704843,0.27058823529411763,False,0.0,0.0
OADMET-0004850,5.0,5.052207087776035,5.052207087776035,-0.052207087776035443,-0.052207087776035443,0.22727272727272727,False,0.0,0.0
OADMET-0004849,4.3,4.196596937040681,4.196596937040681,0.10340306295931878,0.10340306295931878,0.16666666666666666,False,0.0,0.0
OADMET-0004848,4.81,5.303376218184684,5.303376218184684,-0.49337621818468413,-0.49337621818468413,0.225,False,0.0,0.0
OADMET-0004847,4.48,4.760079095201585,4.760079095201585,-0.28007909520158414,-0.28007909520158414,0.1839080459770115,False,0.0,0.0
OADMET-0004846,4.95,5.314562955180418,5.314562955180418,-0.3645629551804177,-0.3645629551804177,0.24358974358974358,False,0.0,0.0
OADMET-0004845,5.4,4.97782807951992,4.97782807951992,0.42217192048008023,0.42217192048008023,0.21052631578947367,False,0.0,0.0
OADMET-0004844,5.37,5.14674955548592,5.14674955548592,0.22325044451407994,0.22325044451407994,0.23376623376623376,False,0.0,0.0
OADMET-0004843,5.24,4.643482458707197,4.695981628908158,0.596517541292803,0.544018371091842,0.42105263157894735,False,0.17499723400320233,0.0
OADMET-0004842,5.11,5.0072139795544075,5.0072139795544075,0.10278602044559282,0.10278602044559282,0.27380952380952384,False,0.0,0.0
OADMET-0004841,5.41,5.071650425207268,5.071650425207268,0.33834957479273253,0.33834957479273253,0.22916666666666666,False,0.0,0.0
OADMET-0004840,4.95,4.6357041004792,4.6357041004792,0.3142958995208005,0.3142958995208005,0.21839080459770116,False,0.0,0.0
OADMET-0004839,5.06,4.880897483779389,4.880897483779389,0.17910251622061057,0.17910251622061057,0.25,False,0.0,0.0
OADMET-0004838,5.09,4.81213510221648,4.81213510221648,0.27786489778351964,0.27786489778351964,0.189873417721519,False,0.0,0.0
OADMET-0004837,5.37,5.136401976427985,5.173241421186297,0.2335980235720152,0.19675857881370273,0.40298507462686567,False,0.12279814919437344,0.0
OADMET-0004836,4.11,4.568744142078659,4.568744142078659,-0.45874414207865843,-0.45874414207865843,0.2413793103448276,False,0.0,0.0
OADMET-0004835,5.28,4.963933028526677,4.963933028526677,0.3160669714733233,0.3160669714733233,0.2,False,0.0,0.0
OADMET-0004834,4.64,4.6914589069422,4.6914589069422,-0.05145890694220068,-0.05145890694220068,0.13513513513513514,False,0.0,0.0
OADMET-0004833,5.21,5.206455542045889,5.206455542045889,0.0035444579541108467,0.0035444579541108467,0.17582417582417584,False,0.0,0.0
OADMET-0004832,4.81,4.8279332723432375,4.8279332723432375,-0.017933272343237938,-0.017933272343237938,0.1827956989247312,False,0.0,0.0
OADMET-0004831,4.42,4.907184772584046,4.907184772584046,-0.4871847725840457,-0.4871847725840457,0.14634146341463414,False,0.0,0.0
OADMET-0004830,4.67,4.859530219985443,4.861731773707827,-0.18953021998544273,-0.19173177370782746,0.3048780487804878,False,0.007338512407948454,0.0
OADMET-0004829,4.49,4.228714486927662,4.228714486927662,0.2612855130723384,0.2612855130723384,0.20689655172413793,False,0.0,0.0
OADMET-0004828,4.46,4.623013486677003,4.623013486677003,-0.163013486677003,-0.163013486677003,0.2463768115942029,False,0.0,0.0
OADMET-0004827,4.97,5.164319427268019,5.164319427268019,-0.19431942726801932,-0.19431942726801932,0.2191780821917808,False,0.0,0.0
OADMET-0004826,5.03,4.552001454529253,4.552001454529253,0.47799854547074716,0.47799854547074716,0.29069767441860467,False,0.0,0.0
OADMET-0004825,5.3,5.108950775340922,5.108950775340922,0.1910492246590776,0.1910492246590776,0.25882352941176473,False,0.0,0.0
OADMET-0004824,4.13,4.931727136223062,4.931727136223062,-0.8017271362230618,-0.8017271362230618,0.28378378378378377,False,0.0,0.0
OADMET-0004823,4.24,5.058449372041572,5.058449372041572,-0.818449372041572,-0.818449372041572,0.25,False,0.0,0.0
OADMET-0004822,3.92,4.081777385947774,4.081777385947774,-0.16177738594777402,-0.16177738594777402,0.18072289156626506,False,0.0,0.0
OADMET-0004821,4.73,5.209735548380509,5.209735548380509,-0.4797355483805088,-0.4797355483805088,0.19230769230769232,False,0.0,0.0
OADMET-0004820,4.93,4.764301431989207,4.764301431989207,0.16569856801079297,0.16569856801079297,0.2564102564102564,False,0.0,0.0
OADMET-0004819,4.63,3.3848862563522117,3.4011495862514223,1.2451137436477882,1.2288504137485776,0.3375,False,0.054211099664035554,0.0
OADMET-0004818,4.88,4.778926292669425,4.778926292669425,0.10107370733057497,0.10107370733057497,0.22077922077922077,False,0.0,0.0
OADMET-0004817,4.78,5.1081440673291105,5.1081440673291105,-0.3281440673291103,-0.3281440673291103,0.25301204819277107,False,0.0,0.0
OADMET-0004816,4.64,5.240046158577632,5.240046158577632,-0.6000461585776327,-0.6000461585776327,0.21518987341772153,False,0.0,0.0
OADMET-0004815,4.8,4.629887013065005,4.629887013065005,0.17011298693499466,0.17011298693499466,0.1917808219178082,False,0.0,0.0
OADMET-0004814,4.83,4.944642850264763,4.944642850264763,-0.11464285026476251,-0.11464285026476251,0.19753086419753085,False,0.0,0.0
OADMET-0004813,5.17,5.150729348821547,5.150729348821547,0.019270651178453058,0.019270651178453058,0.2682926829268293,False,0.0,0.0
OADMET-0004812,4.72,4.608070661257772,4.608070661257772,0.11192933874222799,0.11192933874222799,0.21686746987951808,False,0.0,0.0
OADMET-0004811,4.76,4.782072192951313,4.782072192951313,-0.02207219295131324,-0.02207219295131324,0.2236842105263158,False,0.0,0.0
OADMET-0004810,4.49,4.362479690672124,4.362479690672124,0.12752030932787584,0.12752030932787584,0.24444444444444444,False,0.0,0.0
OADMET-0004809,4.53,4.604531681653365,4.604531681653365,-0.07453168165336432,-0.07453168165336432,0.2987012987012987,False,0.0,0.0
OADMET-0004808,4.51,4.777534983227554,4.777534983227554,-0.267534983227554,-0.267534983227554,0.22988505747126436,False,0.0,0.0
OADMET-0004807,4.59,4.744896633416703,4.835697569222702,-0.154896633416703,-0.24569756922270258,0.46774193548387094,False,0.30266978602000005,0.0
OADMET-0004806,4.11,4.242234274947528,4.242234274947528,-0.13223427494752737,-0.13223427494752737,0.20253164556962025,False,0.0,0.0
OADMET-0004805,5.0,4.700359982888676,4.700359982888676,0.29964001711132404,0.29964001711132404,0.19480519480519481,False,0.0,0.0
OADMET-0004804,4.67,4.7778707802874365,4.7778707802874365,-0.10787078028743657,-0.10787078028743657,0.23076923076923078,False,0.0,0.0
OADMET-0004803,5.2,4.843792561882908,4.843792561882908,0.3562074381170923,0.3562074381170923,0.25,False,0.0,0.0
OADMET-0004802,4.67,4.611181825688742,4.611181825688742,0.05881817431125835,0.05881817431125835,0.2,False,0.0,0.0
OADMET-0004801,4.99,4.982932890271677,4.982932890271677,0.007067109728323473,0.007067109728323473,0.24390243902439024,False,0.0,0.0
OADMET-0004800,4.44,5.056625778003804,5.056625778003804,-0.6166257780038036,-0.6166257780038036,0.2073170731707317,False,0.0,0.0
OADMET-0004799,5.38,4.935967688653076,4.935967688653076,0.4440323113469242,0.4440323113469242,0.26506024096385544,False,0.0,0.0
OADMET-0004798,4.63,4.970774971860127,4.970774971860127,-0.3407749718601272,-0.3407749718601272,0.20238095238095238,False,0.0,0.0
OADMET-0004797,5.19,5.325076648101065,5.325076648101065,-0.135076648101065,-0.135076648101065,0.2,False,0.0,0.0
OADMET-0004796,4.72,3.5730924635257537,3.5730924635257537,1.146907536474246,1.146907536474246,0.24691358024691357,False,0.0,0.0
OADMET-0004795,4.66,4.768818626357514,4.768818626357514,-0.10881862635751371,-0.10881862635751371,0.24096385542168675,False,0.0,0.0
OADMET-0004794,4.58,4.866761396000686,4.866761396000686,-0.28676139600068584,-0.28676139600068584,0.23529411764705882,False,0.0,0.0
OADMET-0004793,4.66,4.9674183616360414,4.9674183616360414,-0.3074183616360413,-0.3074183616360413,0.21951219512195122,False,0.0,0.0
OADMET-0004792,4.04,4.515874370093485,4.515874370093485,-0.4758743700934849,-0.4758743700934849,0.17647058823529413,False,0.0,0.0
OADMET-0004791,4.79,5.127014980038393,5.127014980038393,-0.3370149800383926,-0.3370149800383926,0.189873417721519,False,0.0,0.0
OADMET-0004790,5.31,4.889908003344119,4.889908003344119,0.4200919966558807,0.4200919966558807,0.25,False,0.0,0.0
OADMET-0004789,5.06,5.058683166689085,5.058683166689085,0.001316833310914589,0.001316833310914589,0.20930232558139536,False,0.0,0.0
OADMET-0004788,5.12,5.099841920843401,5.099841920843401,0.02015807915659895,0.02015807915659895,0.2375,False,0.0,0.0
OADMET-0004787,4.75,4.65774009088868,4.65774009088868,0.09225990911131987,0.09225990911131987,0.21348314606741572,False,0.0,0.0
OADMET-0004786,5.01,5.043984871466183,5.043984871466183,-0.03398487146618301,-0.03398487146618301,0.2,False,0.0,0.0
OADMET-0004785,4.37,4.870041614597284,4.870041614597284,-0.5000416145972837,-0.5000416145972837,0.1686746987951807,False,0.0,0.0
OADMET-0004784,4.73,4.761264421407459,4.761264421407459,-0.03126442140745844,-0.03126442140745844,0.2564102564102564,False,0.0,0.0
OADMET-0004783,4.91,5.119076021435191,5.123744833639559,-0.209076021435191,-0.21374483363955843,0.3103448275862069,False,0.015562707347890704,0.0
OADMET-0004782,4.22,4.674445084923679,4.674445084923679,-0.4544450849236794,-0.4544450849236794,0.18518518518518517,False,0.0,0.0
OADMET-0004781,4.7,4.970524786051037,4.970524786051037,-0.2705247860510367,-0.2705247860510367,0.17567567567567569,False,0.0,0.0
OADMET-0004780,5.58,4.6060349920420975,4.6060349920420975,0.9739650079579025,0.9739650079579025,0.23529411764705882,False,0.0,0.0
OADMET-0004779,4.93,5.104502914252791,5.104502914252791,-0.17450291425279119,-0.17450291425279119,0.25609756097560976,False,0.0,0.0
OADMET-0004778,4.74,5.016417008927725,5.016417008927725,-0.2764170089277247,-0.2764170089277247,0.21348314606741572,False,0.0,0.0
OADMET-0004777,4.93,5.162477568052347,5.162477568052347,-0.23247756805234765,-0.23247756805234765,0.26582278481012656,False,0.0,0.0
OADMET-0004776,4.98,5.10497389233228,5.10497389233228,-0.12497389233227985,-0.12497389233227985,0.19230769230769232,False,0.0,0.0
OADMET-0004775,5.16,4.4872566336566955,4.4872566336566955,0.6727433663433047,0.6727433663433047,0.20481927710843373,False,0.0,0.0
OADMET-0004774,4.72,4.978352994826233,4.978352994826233,-0.2583529948262333,-0.2583529948262333,0.275,False,0.0,0.0
OADMET-0004773,4.76,4.531558203002781,4.531558203002781,0.22844179699721856,0.22844179699721856,0.15476190476190477,False,0.0,0.0
OADMET-0004772,4.68,4.989894061181151,4.989894061181151,-0.3098940611811516,-0.3098940611811516,0.25609756097560976,False,0.0,0.0
OADMET-0004771,4.63,4.5894780723794,4.5894780723794,0.04052192762059992,0.04052192762059992,0.22535211267605634,False,0.0,0.0
OADMET-0004770,4.15,4.79615916858599,4.79615916858599,-0.6461591685859895,-0.6461591685859895,0.21951219512195122,False,0.0,0.0
OADMET-0004769,4.76,4.538658958731346,4.538658958731346,0.22134104126865406,0.22134104126865406,0.24691358024691357,False,0.0,0.0
OADMET-0004768,4.58,4.901229805622286,4.901229805622286,-0.321229805622286,-0.321229805622286,0.2465753424657534,False,0.0,0.0
OADMET-0004767,5.32,4.955020154332651,4.955020154332651,0.3649798456673494,0.3649798456673494,0.18947368421052632,False,0.0,0.0
OADMET-0004766,3.97,4.608983759278233,4.608983759278233,-0.6389837592782324,-0.6389837592782324,0.2345679012345679,False,0.0,0.0
OADMET-0004765,4.85,4.820563947575764,4.820563947575764,0.02943605242423608,0.02943605242423608,0.16666666666666666,False,0.0,0.0
OADMET-0004764,4.95,4.81040826376202,4.81040826376202,0.13959173623798016,0.13959173623798016,0.2077922077922078,False,0.0,0.0
OADMET-0004763,4.91,4.808395979010943,4.808395979010943,0.10160402098905674,0.10160402098905674,0.24390243902439024,False,0.0,0.0
OADMET-0004762,4.8,4.95355598116384,4.95355598116384,-0.15355598116383984,-0.15355598116383984,0.23376623376623376,False,0.0,0.0
OADMET-0004761,4.61,4.778558234335149,4.778558234335149,-0.1685582343351486,-0.1685582343351486,0.22535211267605634,False,0.0,0.0
OADMET-0004760,5.27,4.841532445648341,4.841532445648341,0.4284675543516583,0.4284675543516583,0.25757575757575757,False,0.0,0.0
OADMET-0004759,4.96,4.85243356505644,4.85243356505644,0.10756643494355966,0.10756643494355966,0.24675324675324675,False,0.0,0.0
OADMET-0004758,4.96,5.059463165801706,5.059463165801706,-0.09946316580170578,-0.09946316580170578,0.25,False,0.0,0.0
OADMET-0004757,4.55,5.207879934496093,5.207879934496093,-0.6578799344960933,-0.6578799344960933,0.21428571428571427,False,0.0,0.0
OADMET-0004756,4.5,5.0861500855788435,5.0861500855788435,-0.5861500855788435,-0.5861500855788435,0.28,False,0.0,0.0
OADMET-0004755,5.18,5.273865227560395,5.273865227560395,-0.0938652275603955,-0.0938652275603955,0.2222222222222222,False,0.0,0.0
OADMET-0004754,4.82,4.55814947109778,4.55814947109778,0.2618505289022206,0.2618505289022206,0.21686746987951808,False,0.0,0.0
OADMET-0004753,5.06,4.864597765913287,4.864597765913287,0.1954022340867123,0.1954022340867123,0.2073170731707317,False,0.0,0.0
OADMET-0004752,4.45,4.676754300802656,4.676754300802656,-0.22675430080265624,-0.22675430080265624,0.25,False,0.0,0.0
OADMET-0004751,4.99,4.460580904275468,4.460580904275468,0.5294190957245322,0.5294190957245322,0.25,False,0.0,0.0
OADMET-0004750,3.92,4.348049146110572,4.348049146110572,-0.4280491461105722,-0.4280491461105722,0.24096385542168675,False,0.0,0.0
OADMET-0004749,4.26,4.740294439121357,4.740294439121357,-0.48029443912135683,-0.48029443912135683,0.19753086419753085,False,0.0,0.0
OADMET-0004748,5.11,4.979821261387427,4.979821261387427,0.13017873861257367,0.13017873861257367,0.20512820512820512,False,0.0,0.0
OADMET-0004747,4.69,4.658143196754085,4.658143196754085,0.031856803245915444,0.031856803245915444,0.19318181818181818,False,0.0,0.0
OADMET-0004746,5.04,4.8840490818023685,4.8840490818023685,0.15595091819763152,0.15595091819763152,0.24719101123595505,False,0.0,0.0
OADMET-0004745,4.35,4.483400538824137,4.483400538824137,-0.13340053882413727,-0.13340053882413727,0.16091954022988506,False,0.0,0.0
OADMET-0004744,4.4,4.972742588080248,4.972742588080248,-0.5727425880802475,-0.5727425880802475,0.21518987341772153,False,0.0,0.0
OADMET-0004743,4.97,4.636478219217467,4.636478219217467,0.33352178078253303,0.33352178078253303,0.24390243902439024,False,0.0,0.0
OADMET-0004742,4.98,4.636731692425255,4.636731692425255,0.34326830757474536,0.34326830757474536,0.23170731707317074,False,0.0,0.0
OADMET-0004741,4.94,4.952234506607056,4.952234506607056,-0.012234506607055273,-0.012234506607055273,0.2625,False,0.0,0.0
OADMET-0004740,4.81,4.64051872433968,4.64051872433968,0.16948127566031967,0.16948127566031967,0.17582417582417584,False,0.0,0.0
OADMET-0004739,4.77,4.689236331680446,4.689236331680446,0.08076366831955362,0.08076366831955362,0.18181818181818182,False,0.0,0.0
OADMET-0004738,4.31,3.9943554362047062,3.9943554362047062,0.3156445637952934,0.3156445637952934,0.24324324324324326,False,0.0,0.0
OADMET-0004737,4.78,4.610881800096012,4.610881800096012,0.16911819990398858,0.16911819990398858,0.2833333333333333,False,0.0,0.0
OADMET-0004736,4.33,4.584583064653341,4.584583064653341,-0.2545830646533407,-0.2545830646533407,0.21333333333333335,False,0.0,0.0
OADMET-0004735,4.25,4.890642813339974,4.890642813339974,-0.6406428133399737,-0.6406428133399737,0.1917808219178082,False,0.0,0.0
OADMET-0004734,4.61,5.064228453682464,5.064228453682464,-0.4542284536824637,-0.4542284536824637,0.20987654320987653,False,0.0,0.0
OADMET-0004733,4.23,4.751060301123314,4.751060301123314,-0.5210603011233133,-0.5210603011233133,0.17073170731707318,False,0.0,0.0
OADMET-0004732,4.95,4.8303945212688255,4.8303945212688255,0.11960547873117466,0.11960547873117466,0.14583333333333334,False,0.0,0.0
OADMET-0004731,5.25,4.64106321820935,4.64106321820935,0.6089367817906499,0.6089367817906499,0.2345679012345679,False,0.0,0.0
OADMET-0004730,5.33,5.339184674244482,5.339184674244482,-0.009184674244481883,-0.009184674244481883,0.24,False,0.0,0.0
OADMET-0004729,3.95,4.807672556627144,4.807672556627144,-0.8576725566271435,-0.8576725566271435,0.2,False,0.0,0.0
OADMET-0004728,4.34,4.258402393628093,4.258402393628093,0.08159760637190683,0.08159760637190683,0.17582417582417584,False,0.0,0.0
OADMET-0004727,5.01,5.080619325684112,5.080619325684112,-0.07061932568411233,-0.07061932568411233,0.2261904761904762,False,0.0,0.0
OADMET-0004726,4.89,4.949443226184659,4.949443226184659,-0.05944322618465936,-0.05944322618465936,0.2714285714285714,False,0.0,0.0
OADMET-0004725,4.38,4.725087312587257,4.725087312587257,-0.3450873125872569,-0.3450873125872569,0.2,False,0.0,0.0
OADMET-0004724,4.43,4.994252415768151,4.994252415768151,-0.5642524157681512,-0.5642524157681512,0.19736842105263158,False,0.0,0.0
OADMET-0004723,4.31,4.725023482378247,4.725023482378247,-0.41502348237824727,-0.41502348237824727,0.2,False,0.0,0.0
OADMET-0004722,4.49,4.670913647910924,4.670913647910924,-0.18091364791092346,-0.18091364791092346,0.25925925925925924,False,0.0,0.0
OADMET-0004721,5.41,5.012100946787491,5.012100946787491,0.39789905321250885,0.39789905321250885,0.2,False,0.0,0.0
OADMET-0004720,4.59,4.395567826275686,4.395567826275686,0.19443217372431398,0.19443217372431398,0.22784810126582278,False,0.0,0.0
OADMET-0004719,4.64,4.7250513044375815,4.7250513044375815,-0.0850513044375818,-0.0850513044375818,0.2786885245901639,False,0.0,0.0
OADMET-0004718,4.38,5.071830003006944,5.071830003006944,-0.6918300030069444,-0.6918300030069444,0.24050632911392406,False,0.0,0.0
OADMET-0004717,4.68,4.435876671087394,4.435876671087394,0.24412332891260569,0.24412332891260569,0.20253164556962025,False,0.0,0.0
OADMET-0004716,4.29,4.460939987654825,4.460939987654825,-0.1709399876548252,-0.1709399876548252,0.23170731707317074,False,0.0,0.0
OADMET-0004715,5.04,4.818081328243886,4.818081328243886,0.22191867175611435,0.22191867175611435,0.17647058823529413,False,0.0,0.0
OADMET-0004714,4.41,4.672614411011483,4.672614411011483,-0.26261441101148275,-0.26261441101148275,0.189873417721519,False,0.0,0.0
OADMET-0004713,3.82,4.546699915811853,4.546699915811853,-0.7266999158118534,-0.7266999158118534,0.2564102564102564,False,0.0,0.0
OADMET-0004712,4.39,4.752726452327469,4.752726452327469,-0.36272645232746914,-0.36272645232746914,0.17857142857142858,False,0.0,0.0
OADMET-0004711,4.9,5.013215674937349,5.013215674937349,-0.11321567493734896,-0.11321567493734896,0.21686746987951808,False,0.0,0.0
OADMET-0004710,4.56,4.687140327286952,4.687140327286952,-0.12714032728695202,-0.12714032728695202,0.23170731707317074,False,0.0,0.0
OADMET-0004709,4.48,4.504261014530959,4.504261014530959,-0.024261014530958747,-0.024261014530958747,0.23863636363636365,False,0.0,0.0
OADMET-0004708,4.97,5.22087449078421,5.22087449078421,-0.2508744907842102,-0.2508744907842102,0.26436781609195403,False,0.0,0.0
OADMET-0004707,4.93,5.281699822944345,5.281699822944345,-0.35169982294434554,-0.35169982294434554,0.19101123595505617,False,0.0,0.0
OADMET-0004706,4.44,4.820043899480579,4.820043899480579,-0.3800438994805786,-0.3800438994805786,0.2,False,0.0,0.0
OADMET-0004705,4.66,4.8162002500978485,4.8162002500978485,-0.15620025009784833,-0.15620025009784833,0.19047619047619047,False,0.0,0.0
OADMET-0004704,4.75,5.016292802106987,5.016292802106987,-0.266292802106987,-0.266292802106987,0.21686746987951808,False,0.0,0.0
OADMET-0004703,4.79,4.881879057467563,4.881879057467563,-0.09187905746756275,-0.09187905746756275,0.23376623376623376,False,0.0,0.0
OADMET-0004702,4.85,4.619418887953156,4.619418887953156,0.23058111204684373,0.23058111204684373,0.2441860465116279,False,0.0,0.0
OADMET-0004701,4.89,4.879276877236597,4.879276877236597,0.010723122763402593,0.010723122763402593,0.2948717948717949,False,0.0,0.0
OADMET-0004700,5.36,5.020231563142202,5.020231563142202,0.33976843685779823,0.33976843685779823,0.1794871794871795,False,0.0,0.0
OADMET-0004699,5.04,4.756830780482987,4.769306759583751,0.28316921951701346,0.2706932404162492,0.3287671232876712,False,0.04158659700254778,0.0
OADMET-0004698,4.23,4.631539145951132,4.631539145951132,-0.4015391459511317,-0.4015391459511317,0.22784810126582278,False,0.0,0.0
OADMET-0004697,5.03,4.82447271138719,4.82447271138719,0.2055272886128101,0.2055272886128101,0.22988505747126436,False,0.0,0.0
OADMET-0004696,4.21,4.429447303003478,4.429447303003478,-0.21944730300347803,-0.21944730300347803,0.21518987341772153,False,0.0,0.0
OADMET-0004695,5.2,4.728763694902068,4.728763694902068,0.471236305097932,0.471236305097932,0.21212121212121213,False,0.0,0.0
OADMET-0004694,4.76,4.872467387301251,4.884391265556356,-0.11246738730125116,-0.1243912655563566,0.3333333333333333,False,0.039746260850352745,0.0
OADMET-0004693,4.66,5.061822185470062,5.061822185470062,-0.40182218547006165,-0.40182218547006165,0.23684210526315788,False,0.0,0.0
OADMET-0004692,4.35,4.258864056022421,4.258864056022421,0.0911359439775783,0.0911359439775783,0.20224719101123595,False,0.0,0.0
OADMET-0004691,4.13,4.749847199384448,4.749847199384448,-0.6198471993844485,-0.6198471993844485,0.225,False,0.0,0.0
OADMET-0004690,4.79,4.731471725574975,4.731471725574975,0.05852827442502484,0.05852827442502484,0.2,False,0.0,0.0
OADMET-0004689,4.22,4.592348217964172,4.592348217964172,-0.3723482179641726,-0.3723482179641726,0.26881720430107525,False,0.0,0.0
OADMET-0004688,4.48,4.81449087985511,4.81449087985511,-0.3344908798551094,-0.3344908798551094,0.2535211267605634,False,0.0,0.0
OADMET-0004687,4.05,4.806175811313889,4.806175811313889,-0.7561758113138888,-0.7561758113138888,0.23376623376623376,False,0.0,0.0
OADMET-0004686,4.89,5.148857639599772,5.148857639599772,-0.25885763959977215,-0.25885763959977215,0.2,False,0.0,0.0
OADMET-0004685,4.63,4.8914100667805345,4.8914100667805345,-0.2614100667805346,-0.2614100667805346,0.2073170731707317,False,0.0,0.0
OADMET-0004684,5.0,5.057520687695845,5.057520687695845,-0.057520687695845396,-0.057520687695845396,0.2222222222222222,False,0.0,0.0
OADMET-0004683,5.31,4.6898356509440156,4.6898356509440156,0.620164349055984,0.620164349055984,0.24444444444444444,False,0.0,0.0
OADMET-0004682,4.88,5.100555066460544,5.100555066460544,-0.2205550664605438,-0.2205550664605438,0.25925925925925924,False,0.0,0.0
OADMET-0004681,4.84,4.9446810097370335,4.9446810097370335,-0.10468100973703365,-0.10468100973703365,0.20689655172413793,False,0.0,0.0
OADMET-0004680,5.15,4.66743258550329,4.66743258550329,0.48256741449671026,0.48256741449671026,0.2625,False,0.0,0.0
OADMET-0004679,5.23,4.871953144351256,4.819285651848675,0.3580468556487446,0.4107143481513251,0.1935483870967742,True,0.0,-0.17555830834193387
OADMET-0004678,5.08,4.310148462161277,4.310148462161277,0.769851537838723,0.769851537838723,0.20833333333333334,False,0.0,0.0
OADMET-0004677,3.93,4.557381803781084,4.557381803781084,-0.6273818037810837,-0.6273818037810837,0.14285714285714285,False,0.0,0.0
OADMET-0004673,4.78,3.4134264002725914,3.4134264002725914,1.3665735997274089,1.3665735997274089,0.16666666666666666,False,0.0,0.0
OADMET-0004662,4.63,4.884962191628021,4.884962191628021,-0.2549621916280209,-0.2549621916280209,0.2073170731707317,False,0.0,0.0
OADMET-0004653,4.72,4.698788732926822,4.698788732926822,0.021211267073177886,0.021211267073177886,0.2,False,0.0,0.0
OADMET-0004642,4.65,4.649370243942853,4.649370243942853,0.0006297560571475458,0.0006297560571475458,0.2840909090909091,False,0.0,0.0
OADMET-0004629,4.41,4.869069479275676,4.869069479275676,-0.45906947927567554,-0.45906947927567554,0.2125,False,0.0,0.0
OADMET-0004628,4.15,4.467831446823564,4.467831446823564,-0.3178314468235639,-0.3178314468235639,0.21686746987951808,False,0.0,0.0
OADMET-0004625,4.72,4.785937757399476,4.785937757399476,-0.06593775739947638,-0.06593775739947638,0.20987654320987653,False,0.0,0.0
OADMET-0004617,4.99,4.544714356857597,4.544714356857597,0.4452856431424035,0.4452856431424035,0.22666666666666666,False,0.0,0.0
OADMET-0004611,4.66,4.758337382899905,4.758337382899905,-0.09833738289990457,-0.09833738289990457,0.2159090909090909,False,0.0,0.0
OADMET-0004605,4.95,4.705770368020511,4.705770368020511,0.244229631979489,0.244229631979489,0.21348314606741572,False,0.0,0.0
OADMET-0004590,5.48,4.693485246584253,4.693485246584253,0.7865147534157471,0.7865147534157471,0.23376623376623376,False,0.0,0.0
OADMET-0004588,4.85,4.514729523195804,4.514729523195804,0.33527047680419564,0.33527047680419564,0.24175824175824176,False,0.0,0.0
OADMET-0004581,4.76,4.5482165017174285,4.5482165017174285,0.21178349828257126,0.21178349828257126,0.19101123595505617,False,0.0,0.0
OADMET-0004579,4.65,3.9880602056540333,3.9880602056540333,0.6619397943459671,0.6619397943459671,0.19767441860465115,False,0.0,0.0
OADMET-0004577,4.8,4.43665267402686,4.43665267402686,0.3633473259731401,0.3633473259731401,0.2087912087912088,False,0.0,0.0
OADMET-0004575,4.36,5.018831349113612,5.018831349113612,-0.658831349113612,-0.658831349113612,0.2236842105263158,False,0.0,0.0
OADMET-0004570,5.04,5.006413631531799,5.006413631531799,0.0335863684682014,0.0335863684682014,0.2289156626506024,False,0.0,0.0
OADMET-0004567,4.92,5.054831162934164,5.054831162934164,-0.13483116293416408,-0.13483116293416408,0.22666666666666666,False,0.0,0.0
OADMET-0004566,4.71,4.756324440530203,4.756324440530203,-0.04632444053020279,-0.04632444053020279,0.225,False,0.0,0.0
OADMET-0004560,5.02,5.105419573506105,5.105419573506105,-0.08541957350610563,-0.08541957350610563,0.21951219512195122,False,0.0,0.0
OADMET-0004551,4.43,4.714799971024966,4.714799971024966,-0.2847999710249667,-0.2847999710249667,0.20212765957446807,False,0.0,0.0
OADMET-0004547,4.12,3.9818825890716996,3.9818825890716996,0.13811741092830054,0.13811741092830054,0.19540229885057472,False,0.0,0.0
OADMET-0004514,5.26,5.042849150907646,5.042849150907646,0.21715084909235394,0.21715084909235394,0.27586206896551724,False,0.0,0.0
OADMET-0004510,4.78,4.803221682900364,4.803221682900364,-0.023221682900364193,-0.023221682900364193,0.25,False,0.0,0.0
OADMET-0004498,5.18,5.308714059024181,5.308714059024181,-0.12871405902418154,-0.12871405902418154,0.2857142857142857,False,0.0,0.0
OADMET-0004490,5.01,4.472581807386527,4.472581807386527,0.5374181926134725,0.5374181926134725,0.21686746987951808,False,0.0,0.0
OADMET-0004489,5.41,5.205533868595234,5.205533868595234,0.20446613140476622,0.20446613140476622,0.20408163265306123,False,0.0,0.0
OADMET-0004478,5.41,4.7771785437482075,4.7771785437482075,0.6328214562517926,0.6328214562517926,0.2638888888888889,False,0.0,0.0
OADMET-0004472,4.86,4.797752955121901,4.797752955121901,0.06224704487809962,0.06224704487809962,0.25,False,0.0,0.0
OADMET-0004458,5.18,4.609035952808787,4.609035952808787,0.5709640471912127,0.5709640471912127,0.18518518518518517,False,0.0,0.0
OADMET-0004452,4.89,4.97039131956193,4.97039131956193,-0.08039131956193035,-0.08039131956193035,0.27848101265822783,False,0.0,0.0
OADMET-0004444,4.36,4.566895676585077,4.566895676585077,-0.20689567658507624,-0.20689567658507624,0.25,False,0.0,0.0
OADMET-0004442,4.7,4.612696708174585,4.612696708174585,0.08730329182541485,0.08730329182541485,0.19047619047619047,False,0.0,0.0
OADMET-0004440,4.97,4.996265243789525,4.996265243789525,-0.026265243789524995,-0.026265243789524995,0.2235294117647059,False,0.0,0.0
OADMET-0004439,4.2,4.573815435228996,4.573815435228996,-0.3738154352289955,-0.3738154352289955,0.17582417582417584,False,0.0,0.0
OADMET-0004428,4.61,4.764964835620621,4.764964835620621,-0.15496483562062036,-0.15496483562062036,0.18292682926829268,False,0.0,0.0
OADMET-0004419,4.55,5.212828640567446,5.212828640567446,-0.6628286405674464,-0.6628286405674464,0.2571428571428571,False,0.0,0.0
OADMET-0004418,5.2,5.053486353911242,5.053486353911242,0.14651364608875816,0.14651364608875816,0.2191780821917808,False,0.0,0.0
OADMET-0004415,4.17,4.325147349857589,4.325147349857589,-0.1551473498575895,-0.1551473498575895,0.22077922077922077,False,0.0,0.0
OADMET-0004413,4.66,4.9312998028634825,4.9312998028634825,-0.2712998028634823,-0.2712998028634823,0.28169014084507044,False,0.0,0.0
OADMET-0004402,4.66,4.819427996468775,4.819427996468775,-0.15942799646877504,-0.15942799646877504,0.23076923076923078,False,0.0,0.0
OADMET-0004396,4.57,4.605977903060543,4.605977903060543,-0.035977903060542715,-0.035977903060542715,0.2222222222222222,False,0.0,0.0
OADMET-0004394,4.1,4.269173994920786,4.269173994920786,-0.16917399492078644,-0.16917399492078644,0.21052631578947367,False,0.0,0.0
OADMET-0004388,4.24,3.647984644857425,3.647984644857425,0.5920153551425753,0.5920153551425753,0.17647058823529413,False,0.0,0.0
OADMET-0004379,4.78,4.56932893632685,4.56932893632685,0.21067106367314992,0.21067106367314992,0.1927710843373494,False,0.0,0.0
OADMET-0004372,4.82,5.007350551271902,5.007350551271902,-0.18735055127190137,-0.18735055127190137,0.21794871794871795,False,0.0,0.0
OADMET-0004349,4.1,4.519348408412007,4.519348408412007,-0.4193484084120076,-0.4193484084120076,0.27631578947368424,False,0.0,0.0
OADMET-0004348,4.55,4.827837752370001,4.827837752370001,-0.27783775237000086,-0.27783775237000086,0.2857142857142857,False,0.0,0.0
OADMET-0004345,4.53,4.667009357572759,4.667009357572759,-0.1370093575727589,-0.1370093575727589,0.22916666666666666,False,0.0,0.0
OADMET-0004332,5.42,4.055995565247767,4.055995565247767,1.3640044347522329,1.3640044347522329,0.16091954022988506,False,0.0,0.0
OADMET-0004327,4.89,4.8484647355033355,4.8484647355033355,0.041535264496664226,0.041535264496664226,0.13636363636363635,False,0.0,0.0
OADMET-0004321,5.11,4.886715255431758,4.886715255431758,0.2232847445682422,0.2232847445682422,0.2235294117647059,False,0.0,0.0
OADMET-0004315,4.04,4.774398161601094,4.774398161601094,-0.734398161601094,-0.734398161601094,0.2191780821917808,False,0.0,0.0
OADMET-0004313,4.81,4.761111297885191,4.761111297885191,0.04888870211480878,0.04888870211480878,0.2,False,0.0,0.0
OADMET-0004305,5.19,4.360632418544547,4.360632418544547,0.8293675814554531,0.8293675814554531,0.20481927710843373,False,0.0,0.0
OADMET-0004301,4.27,4.694316172831266,4.694316172831266,-0.42431617283126677,-0.42431617283126677,0.2222222222222222,False,0.0,0.0
OADMET-0004297,5.04,4.444871583725642,4.444871583725642,0.595128416274358,0.595128416274358,0.19101123595505617,False,0.0,0.0
OADMET-0004296,4.71,4.441704005176581,4.441704005176581,0.26829599482341937,0.26829599482341937,0.21621621621621623,False,0.0,0.0
OADMET-0004294,5.48,5.112634785429945,5.112634785429945,0.36736521457005544,0.36736521457005544,0.2235294117647059,False,0.0,0.0
OADMET-0004285,4.66,4.898959865616363,4.898959865616363,-0.23895986561636295,-0.23895986561636295,0.23170731707317074,False,0.0,0.0
OADMET-0004281,4.85,4.2691154852654165,4.2691154852654165,0.5808845147345831,0.5808845147345831,0.2125,False,0.0,0.0
OADMET-0004280,5.0,4.609027146135719,4.609027146135719,0.39097285386428116,0.39097285386428116,0.22580645161290322,False,0.0,0.0
OADMET-0004279,4.63,4.9797177986033905,4.9797177986033905,-0.3497177986033906,-0.3497177986033906,0.24358974358974358,False,0.0,0.0
OADMET-0004273,4.63,5.256698216280891,5.256698216280891,-0.6266982162808912,-0.6266982162808912,0.1728395061728395,False,0.0,0.0
OADMET-0004272,4.23,4.759857027738997,4.759857027738997,-0.5298570277389967,-0.5298570277389967,0.20512820512820512,False,0.0,0.0
OADMET-0004270,5.08,4.707173632418068,4.707173632418068,0.3728263675819319,0.3728263675819319,0.20930232558139536,False,0.0,0.0
OADMET-0004267,4.3,4.521624102175814,4.521624102175814,-0.22162410217581385,-0.22162410217581385,0.20512820512820512,False,0.0,0.0
OADMET-0004263,4.98,4.1901918451762885,4.1901918451762885,0.7898081548237119,0.7898081548237119,0.2222222222222222,False,0.0,0.0
OADMET-0004261,5.0,4.724225494005148,4.724225494005148,0.2757745059948524,0.2757745059948524,0.19540229885057472,False,0.0,0.0
OADMET-0004259,4.21,4.782406004887182,4.782406004887182,-0.5724060048871822,-0.5724060048871822,0.20987654320987653,False,0.0,0.0
OADMET-0004256,5.3,4.698612706869551,4.698612706869551,0.6013872931304487,0.6013872931304487,0.20253164556962025,False,0.0,0.0
OADMET-0004247,4.41,4.771374878142644,4.771374878142644,-0.3613748781426436,-0.3613748781426436,0.22972972972972974,False,0.0,0.0
OADMET-0004239,4.91,4.901289401239561,4.901289401239561,0.008710598760439225,0.008710598760439225,0.2542372881355932,False,0.0,0.0
OADMET-0004238,4.6,4.325380870439474,4.325380870439474,0.27461912956052537,0.27461912956052537,0.20652173913043478,False,0.0,0.0
OADMET-0004237,4.4,5.235780882603914,5.235780882603914,-0.8357808826039133,-0.8357808826039133,0.22058823529411764,False,0.0,0.0
OADMET-0004225,3.99,4.535080622700811,4.535080622700811,-0.5450806227008105,-0.5450806227008105,0.1780821917808219,False,0.0,0.0
OADMET-0004220,4.36,4.349854919632662,4.349854919632662,0.010145080367338188,0.010145080367338188,0.19767441860465115,False,0.0,0.0
OADMET-0004216,4.24,4.49287679033372,4.500031117286784,-0.2528767903337199,-0.2600311172867835,0.32,False,0.023847756510211673,0.0
OADMET-0004214,5.24,5.166410148259505,5.166410148259505,0.07358985174049515,0.07358985174049515,0.25,False,0.0,0.0
OADMET-0004210,5.06,4.822285319300532,4.822285319300532,0.23771468069946788,0.23771468069946788,0.20987654320987653,False,0.0,0.0
OADMET-0004207,4.22,4.649229164493894,4.649229164493894,-0.42922916449389437,-0.42922916449389437,0.2345679012345679,False,0.0,0.0
OADMET-0004205,1.72,4.41382550221045,4.41382550221045,-2.6938255022104505,-2.6938255022104505,0.23469387755102042,False,0.0,0.0
OADMET-0004203,5.07,4.706372908481116,4.706372908481116,0.36362709151888417,0.36362709151888417,0.20930232558139536,False,0.0,0.0
OADMET-0004193,4.62,4.945456138860832,4.945456138860832,-0.32545613886083213,-0.32545613886083213,0.1797752808988764,False,0.0,0.0
OADMET-0004187,4.73,4.634894105763111,4.634894105763111,0.0951058942368892,0.0951058942368892,0.2112676056338028,False,0.0,0.0
OADMET-0004182,4.9,4.711558283185496,4.711558283185496,0.18844171681450472,0.18844171681450472,0.2087912087912088,False,0.0,0.0
OADMET-0004180,4.85,4.7175334902643,4.7175334902643,0.13246650973569984,0.13246650973569984,0.18823529411764706,False,0.0,0.0
OADMET-0004176,5.07,4.589644361005246,4.589644361005246,0.4803556389947543,0.4803556389947543,0.19540229885057472,False,0.0,0.0
OADMET-0004172,4.71,4.702307162238556,4.702307162238556,0.007692837761443805,0.007692837761443805,0.25316455696202533,False,0.0,0.0
OADMET-0004170,5.47,5.003447520385667,5.003447520385667,0.4665524796143323,0.4665524796143323,0.21176470588235294,False,0.0,0.0
OADMET-0004168,4.79,4.937956036178811,4.937956036178811,-0.1479560361788108,-0.1479560361788108,0.26506024096385544,False,0.0,0.0
OADMET-0004153,5.36,5.102334458619646,5.102334458619646,0.25766554138035414,0.25766554138035414,0.25,False,0.0,0.0
OADMET-0004129,4.51,4.682332459699761,4.682332459699761,-0.17233245969976085,-0.17233245969976085,0.21428571428571427,False,0.0,0.0
OADMET-0004128,5.13,4.693823155616093,4.693823155616093,0.43617684438390647,0.43617684438390647,0.21518987341772153,False,0.0,0.0
OADMET-0004116,5.66,4.957082023435426,4.957082023435426,0.7029179765645743,0.7029179765645743,0.19318181818181818,False,0.0,0.0
OADMET-0004106,4.73,4.792865769377032,4.792865769377032,-0.06286576937703181,-0.06286576937703181,0.2235294117647059,False,0.0,0.0
OADMET-0004105,5.18,4.896167735451634,4.896167735451634,0.28383226454836574,0.28383226454836574,0.26506024096385544,False,0.0,0.0
OADMET-0004101,5.57,4.834838492199055,4.834838492199055,0.735161507800945,0.735161507800945,0.20652173913043478,False,0.0,0.0
OADMET-0004094,4.41,4.506168950182721,4.506168950182721,-0.09616895018272054,-0.09616895018272054,0.273972602739726,False,0.0,0.0
OADMET-0004092,4.9,4.397508714384245,4.397508714384245,0.5024912856157551,0.5024912856157551,0.16666666666666666,False,0.0,0.0
OADMET-0004090,3.75,4.571190653611155,4.571190653611155,-0.8211906536111551,-0.8211906536111551,0.1951219512195122,False,0.0,0.0
OADMET-0004088,3.99,4.693039406619025,4.693039406619025,-0.7030394066190251,-0.7030394066190251,0.20618556701030927,False,0.0,0.0
OADMET-0004080,4.66,4.10133110620443,4.10133110620443,0.5586688937955699,0.5586688937955699,0.18666666666666668,False,0.0,0.0
OADMET-0004069,4.26,4.301020187081642,4.301020187081642,-0.041020187081642234,-0.041020187081642234,0.27906976744186046,False,0.0,0.0
OADMET-0004067,4.82,4.5632097313705,4.5632097313705,0.2567902686295005,0.2567902686295005,0.19148936170212766,False,0.0,0.0
OADMET-0004065,4.77,4.923840527164126,4.923840527164126,-0.15384052716412633,-0.15384052716412633,0.24691358024691357,False,0.0,0.0
OADMET-0004064,4.52,4.693588275353886,4.693588275353886,-0.173588275353886,-0.173588275353886,0.2676056338028169,False,0.0,0.0
OADMET-0004060,4.92,4.249647206241645,4.249647206241645,0.6703527937583553,0.6703527937583553,0.18072289156626506,False,0.0,0.0
OADMET-0004056,4.92,4.398023620161038,4.398023620161038,0.5219763798389616,0.5219763798389616,0.19318181818181818,False,0.0,0.0
OADMET-0004054,4.87,4.6442859617251795,4.6442859617251795,0.22571403827482062,0.22571403827482062,0.1875,False,0.0,0.0
OADMET-0004053,4.86,4.769199637533392,4.769199637533392,0.0908003624666085,0.0908003624666085,0.2413793103448276,False,0.0,0.0
OADMET-0004051,4.6,4.924152807587559,4.924152807587559,-0.32415280758755927,-0.32415280758755927,0.23333333333333334,False,0.0,0.0
OADMET-0004047,5.05,4.79040799557584,4.79040799557584,0.2595920044241602,0.2595920044241602,0.18292682926829268,False,0.0,0.0
OADMET-0004040,5.28,4.89685149030778,4.89685149030778,0.38314850969222025,0.38314850969222025,0.26744186046511625,False,0.0,0.0
OADMET-0004029,4.45,4.492139380649455,4.505306460217996,-0.04213938064945477,-0.05530646021799601,0.32432432432432434,False,0.043890265228471996,0.0
OADMET-0004025,4.55,4.2496323747542295,4.2496323747542295,0.3003676252457703,0.3003676252457703,0.1782178217821782,False,0.0,0.0
OADMET-0004024,5.08,4.9234671912147006,4.9234671912147006,0.15653280878529952,0.15653280878529952,0.25842696629213485,False,0.0,0.0
OADMET-0004021,5.2,4.930416965716093,4.930416965716093,0.2695830342839072,0.2695830342839072,0.2127659574468085,False,0.0,0.0
OADMET-0004014,5.13,4.877025391986069,4.877025391986069,0.2529746080139308,0.2529746080139308,0.19767441860465115,False,0.0,0.0
OADMET-0004004,5.15,4.629395083547795,4.629395083547795,0.5206049164522053,0.5206049164522053,0.21686746987951808,False,0.0,0.0
OADMET-0004003,5.12,4.875129126576544,4.875129126576544,0.24487087342345593,0.24487087342345593,0.18292682926829268,False,0.0,0.0
OADMET-0003997,4.29,4.30344100368833,4.30344100368833,-0.0134410036883299,-0.0134410036883299,0.24324324324324326,False,0.0,0.0
OADMET-0003994,4.3,4.815907608189629,4.815907608189629,-0.5159076081896288,-0.5159076081896288,0.2222222222222222,False,0.0,0.0
OADMET-0003975,5.04,4.86247784813631,4.86247784813631,0.17752215186369025,0.17752215186369025,0.2441860465116279,False,0.0,0.0
OADMET-0003971,5.0,5.064054992360976,5.064054992360976,-0.06405499236097612,-0.06405499236097612,0.25882352941176473,False,0.0,0.0
OADMET-0003969,5.04,4.888247585528105,4.888247585528105,0.15175241447189514,0.15175241447189514,0.24,False,0.0,0.0
OADMET-0003963,5.17,4.504012474041541,4.504012474041541,0.6659875259584593,0.6659875259584593,0.19402985074626866,False,0.0,0.0
OADMET-0003961,4.41,4.829046816038853,4.829046816038853,-0.4190468160388532,-0.4190468160388532,0.2125,False,0.0,0.0
OADMET-0003960,4.97,3.5248593154462795,3.5248593154462795,1.4451406845537202,1.4451406845537202,0.25925925925925924,False,0.0,0.0
OADMET-0003956,3.89,4.009778580156345,4.009778580156345,-0.1197785801563449,-0.1197785801563449,0.19047619047619047,False,0.0,0.0
OADMET-0003950,5.05,3.814734731947334,3.814734731947334,1.235265268052666,1.235265268052666,0.23529411764705882,False,0.0,0.0
OADMET-0003946,4.66,3.504446025612285,3.504446025612285,1.1555539743877152,1.1555539743877152,0.2073170731707317,False,0.0,0.0
OADMET-0003942,5.44,4.267314934962004,4.267314934962004,1.1726850650379967,1.1726850650379967,0.21052631578947367,False,0.0,0.0
OADMET-0003932,4.64,4.476116142458128,4.476116142458128,0.1638838575418715,0.1638838575418715,0.2714285714285714,False,0.0,0.0
OADMET-0003930,4.9,4.219786356953741,4.219786356953741,0.6802136430462591,0.6802136430462591,0.22077922077922077,False,0.0,0.0
OADMET-0003921,4.4,4.680503836650293,4.680503836650293,-0.28050383665029255,-0.28050383665029255,0.1875,False,0.0,0.0
OADMET-0003914,5.16,4.855993466932796,4.855993466932796,0.30400653306720393,0.30400653306720393,0.26436781609195403,False,0.0,0.0
OADMET-0003911,4.4,3.9711360812187193,3.9711360812187193,0.42886391878128105,0.42886391878128105,0.26582278481012656,False,0.0,0.0
OADMET-0003900,5.29,5.010264628604778,5.010264628604778,0.27973537139522175,0.27973537139522175,0.21212121212121213,False,0.0,0.0
OADMET-0003898,4.85,4.41582300639847,4.41582300639847,0.43417699360152984,0.43417699360152984,0.21518987341772153,False,0.0,0.0
OADMET-0003889,4.89,4.466084770323003,4.466084770323003,0.4239152296769966,0.4239152296769966,0.2159090909090909,False,0.0,0.0
OADMET-0003884,4.58,4.778590234506477,4.778590234506477,-0.19859023450647673,-0.19859023450647673,0.24705882352941178,False,0.0,0.0
OADMET-0003879,4.21,4.62229184780306,4.62229184780306,-0.4122918478030604,-0.4122918478030604,0.19540229885057472,False,0.0,0.0
OADMET-0003872,4.39,4.2603874045668295,4.2603874045668295,0.12961259543317016,0.12961259543317016,0.12121212121212122,False,0.0,0.0
OADMET-0003866,5.07,4.516379664476636,4.516379664476636,0.5536203355233642,0.5536203355233642,0.25333333333333335,False,0.0,0.0
OADMET-0003864,4.92,4.83987077069514,4.83987077069514,0.08012922930485988,0.08012922930485988,0.18,False,0.0,0.0
OADMET-0003862,4.37,4.356842775483733,4.356842775483733,0.01315722451626744,0.01315722451626744,0.1792452830188679,False,0.0,0.0
OADMET-0003860,4.97,4.652871087685371,4.652871087685371,0.3171289123146286,0.3171289123146286,0.16666666666666666,False,0.0,0.0
OADMET-0003858,4.64,4.720263982976524,4.720263982976524,-0.0802639829765246,-0.0802639829765246,0.2073170731707317,False,0.0,0.0
OADMET-0003857,5.11,4.872604402060647,4.872604402060647,0.2373955979393534,0.2373955979393534,0.23943661971830985,False,0.0,0.0
OADMET-0003853,4.92,4.756335146681776,4.756335146681776,0.1636648533182239,0.1636648533182239,0.18181818181818182,False,0.0,0.0
OADMET-0003848,4.07,4.8397972296742555,4.8397972296742555,-0.7697972296742552,-0.7697972296742552,0.2111111111111111,False,0.0,0.0
OADMET-0003844,4.54,5.0390542465506245,5.0390542465506245,-0.49905424655062447,-0.49905424655062447,0.21686746987951808,False,0.0,0.0
OADMET-0003835,3.9,4.494654065544166,4.494654065544166,-0.5946540655441663,-0.5946540655441663,0.2,False,0.0,0.0
OADMET-0003834,5.26,5.035577857841566,5.035577857841566,0.22442214215843403,0.22442214215843403,0.2073170731707317,False,0.0,0.0
OADMET-0003833,4.76,4.707314187809101,4.707314187809101,0.05268581219089885,0.05268581219089885,0.19753086419753085,False,0.0,0.0
OADMET-0003832,5.34,4.838916924161818,4.838916924161818,0.5010830758381815,0.5010830758381815,0.18888888888888888,False,0.0,0.0
OADMET-0003829,4.49,4.744355388289517,4.744355388289517,-0.2543553882895164,-0.2543553882895164,0.19753086419753085,False,0.0,0.0
OADMET-0003828,4.77,4.794985368182358,4.794985368182358,-0.024985368182358414,-0.024985368182358414,0.18072289156626506,False,0.0,0.0
OADMET-0003827,4.17,4.822050044837507,4.822050044837507,-0.6520500448375071,-0.6520500448375071,0.2261904761904762,False,0.0,0.0
OADMET-0003823,5.02,4.957002925409854,4.957002925409854,0.06299707459014581,0.06299707459014581,0.1875,False,0.0,0.0
OADMET-0003816,4.83,5.086908492069799,5.086908492069799,-0.25690849206979927,-0.25690849206979927,0.2087912087912088,False,0.0,0.0
OADMET-0003812,3.27,3.3611723758641956,3.3611723758641956,-0.09117237586419558,-0.09117237586419558,0.18620689655172415,False,0.0,0.0
OADMET-0003811,4.56,4.323798376148186,4.323798376148186,0.2362016238518132,0.2362016238518132,0.16091954022988506,False,0.0,0.0
OADMET-0003810,4.86,4.809968329170375,4.809968329170375,0.05003167082962534,0.05003167082962534,0.23076923076923078,False,0.0,0.0
OADMET-0003809,4.67,4.715311772152058,4.715311772152058,-0.04531177215205773,-0.04531177215205773,0.1917808219178082,False,0.0,0.0
OADMET-0003808,3.54,2.3073767876162115,2.3073767876162115,1.2326232123837886,1.2326232123837886,0.14,False,0.0,0.0
OADMET-0003807,4.92,5.224593630346279,5.224593630346279,-0.30459363034627884,-0.30459363034627884,0.2,False,0.0,0.0
OADMET-0003806,3.28,2.9519856441368173,2.9519856441368173,0.3280143558631825,0.3280143558631825,0.22580645161290322,False,0.0,0.0
OADMET-0003805,4.42,4.036495868905076,4.036495868905076,0.38350413109492365,0.38350413109492365,0.18309859154929578,False,0.0,0.0
OADMET-0003804,4.4,4.441011615169858,4.441011615169858,-0.04101161516985741,-0.04101161516985741,0.1794871794871795,False,0.0,0.0
OADMET-0003803,3.27,3.6960616852473285,3.6960616852473285,-0.42606168524732846,-0.42606168524732846,0.13157894736842105,False,0.0,0.0
OADMET-0003802,4.61,4.505293068608034,4.505293068608034,0.1047069313919664,0.1047069313919664,0.16666666666666666,False,0.0,0.0
OADMET-0003801,3.96,4.865566244866083,4.865566244866083,-0.9055662448660833,-0.9055662448660833,0.16666666666666666,False,0.0,0.0
OADMET-0003800,4.48,4.389485109662546,4.389485109662546,0.09051489033745419,0.09051489033745419,0.16161616161616163,False,0.0,0.0
OADMET-0003799,5.88,5.27712091751469,5.27712091751469,0.6028790824853099,0.6028790824853099,0.19047619047619047,False,0.0,0.0
OADMET-0003798,4.23,4.448571639616512,4.448571639616512,-0.2185716396165116,-0.2185716396165116,0.2608695652173913,False,0.0,0.0
OADMET-0003797,4.26,4.994107161216365,4.994107161216365,-0.7341071612163654,-0.7341071612163654,0.23076923076923078,False,0.0,0.0
OADMET-0003796,4.86,4.549666289449895,4.549666289449895,0.31033371055010495,0.31033371055010495,0.14864864864864866,False,0.0,0.0
OADMET-0003794,4.6,4.2311166470490615,4.2311166470490615,0.3688833529509381,0.3688833529509381,0.20689655172413793,False,0.0,0.0
OADMET-0003793,4.16,4.040196583340469,4.040196583340469,0.11980341665953098,0.11980341665953098,0.15151515151515152,False,0.0,0.0
OADMET-0003792,5.04,4.658365461201344,4.658365461201344,0.3816345387986564,0.3816345387986564,0.1839080459770115,False,0.0,0.0
OADMET-0003791,5.1,5.171783180607175,5.171783180607175,-0.07178318060717537,-0.07178318060717537,0.17204301075268819,False,0.0,0.0
OADMET-0003790,3.27,2.9128322066612613,2.9128322066612613,0.3571677933387387,0.3571677933387387,0.16483516483516483,False,0.0,0.0
OADMET-0003789,3.24,2.9793025342006123,2.9793025342006123,0.2606974657993879,0.2606974657993879,0.1836734693877551,False,0.0,0.0
OADMET-0003788,1.77,2.433387504503565,2.433387504503565,-0.6633875045035649,-0.6633875045035649,0.125,False,0.0,0.0
OADMET-0003787,4.06,4.56628487063843,4.56628487063843,-0.5062848706384306,-0.5062848706384306,0.16455696202531644,False,0.0,0.0
OADMET-0003786,2.92,3.9621474232488465,3.9621474232488465,-1.0421474232488466,-1.0421474232488466,0.16666666666666666,False,0.0,0.0
OADMET-0003785,2.02,4.507184023070104,4.507184023070104,-2.4871840230701037,-2.4871840230701037,0.19090909090909092,False,0.0,0.0
OADMET-0003784,2.59,2.428355973669626,2.428355973669626,0.16164402633037378,0.16164402633037378,0.16,False,0.0,0.0
OADMET-0003783,4.86,4.559910753398265,4.559910753398265,0.3000892466017353,0.3000892466017353,0.18181818181818182,False,0.0,0.0
OADMET-0003782,4.17,4.814150296831594,4.814150296831594,-0.6441502968315937,-0.6441502968315937,0.1724137931034483,False,0.0,0.0
OADMET-0003781,5.46,4.645269864739724,4.645269864739724,0.8147301352602758,0.8147301352602758,0.14864864864864866,False,0.0,0.0
OADMET-0003780,6.22,4.613742747121645,4.864144190478867,1.606257252878355,1.3558558095211328,1.0,False,0.8346714778574078,0.0
OADMET-0003779,4.67,4.883311329767542,4.883311329767542,-0.2133113297675422,-0.2133113297675422,0.13846153846153847,False,0.0,0.0
OADMET-0003777,1.89,2.2449999551171236,2.2449999551171236,-0.3549999551171237,-0.3549999551171237,0.12048192771084337,False,0.0,0.0
OADMET-0003775,3.06,3.3225535793211853,3.3225535793211853,-0.2625535793211853,-0.2625535793211853,0.16176470588235295,False,0.0,0.0
OADMET-0003773,4.85,4.770248085086785,4.770248085086785,0.07975191491321443,0.07975191491321443,0.17073170731707318,False,0.0,0.0
OADMET-0003772,1.78,2.689462157823507,2.689462157823507,-0.9094621578235069,-0.9094621578235069,0.21348314606741572,False,0.0,0.0
OADMET-0003771,2.51,2.338936863593685,2.338936863593685,0.17106313640631488,0.17106313640631488,0.12087912087912088,False,0.0,0.0
OADMET-0003770,3.79,3.565583869091515,3.565583869091515,0.2244161309084851,0.2244161309084851,0.1791044776119403,False,0.0,0.0
OADMET-0003769,4.12,4.632607132717244,4.632607132717244,-0.5126071327172435,-0.5126071327172435,0.1574074074074074,False,0.0,0.0
OADMET-0003768,2.54,2.8003711747891695,2.8003711747891695,-0.2603711747891695,-0.2603711747891695,0.13559322033898305,False,0.0,0.0
OADMET-0003767,2.03,2.8439205071301137,2.8439205071301137,-0.8139205071301139,-0.8139205071301139,0.1827956989247312,False,0.0,0.0
OADMET-0003766,3.89,4.348589226690311,4.348589226690311,-0.45858922669031044,-0.45858922669031044,0.2191780821917808,False,0.0,0.0
OADMET-0003765,2.79,2.236107860259639,2.236107860259639,0.5538921397403609,0.5538921397403609,0.10869565217391304,False,0.0,0.0
OADMET-0003764,3.94,4.137836100059806,4.137836100059806,-0.1978361000598059,-0.1978361000598059,0.18269230769230768,False,0.0,0.0
OADMET-0003763,1.79,2.2688856813514118,2.2688856813514118,-0.47888568135141174,-0.47888568135141174,0.0958904109589041,False,0.0,0.0
OADMET-0003762,4.18,4.083960241021462,4.083960241021462,0.096039758978538,0.096039758978538,0.1728395061728395,False,0.0,0.0
OADMET-0003761,1.89,2.4218585948342257,2.4218585948342257,-0.5318585948342258,-0.5318585948342258,0.13636363636363635,False,0.0,0.0
OADMET-0003760,3.26,3.541554897271314,3.541554897271314,-0.281554897271314,-0.281554897271314,0.1875,False,0.0,0.0
OADMET-0003759,1.76,2.7109300570580563,2.7109300570580563,-0.9509300570580563,-0.9509300570580563,0.15625,False,0.0,0.0
OADMET-0003758,5.11,4.860838518790828,4.860838518790828,0.24916148120917203,0.24916148120917203,0.1724137931034483,False,0.0,0.0
OADMET-0003757,3.98,4.616643271168458,4.616643271168458,-0.6366432711684582,-0.6366432711684582,0.2222222222222222,False,0.0,0.0
OADMET-0003756,4.0,4.189434207064434,4.189434207064434,-0.18943420706443437,-0.18943420706443437,0.1794871794871795,False,0.0,0.0
OADMET-0003755,1.87,2.6564678878460115,2.6564678878460115,-0.7864678878460114,-0.7864678878460114,0.12307692307692308,False,0.0,0.0
OADMET-0003754,3.93,2.9624603278428605,2.9624603278428605,0.9675396721571397,0.9675396721571397,0.15714285714285714,False,0.0,0.0
OADMET-0003753,1.76,2.9204906277286193,2.9204906277286193,-1.1604906277286193,-1.1604906277286193,0.10909090909090909,False,0.0,0.0
OADMET-0003752,4.27,4.343767470179253,4.343767470179253,-0.073767470179253,-0.073767470179253,0.19047619047619047,False,0.0,0.0
OADMET-0003751,1.78,2.273360042433137,2.273360042433137,-0.4933600424331368,-0.4933600424331368,0.09722222222222222,False,0.0,0.0
OADMET-0003750,2.05,2.4154015874399724,2.4154015874399724,-0.36540158743997253,-0.36540158743997253,0.14285714285714285,False,0.0,0.0
OADMET-0003749,1.75,2.288032667266512,2.288032667266512,-0.5380326672665121,-0.5380326672665121,0.09836065573770492,False,0.0,0.0
OADMET-0003748,2.01,2.196055422593089,2.196055422593089,-0.18605542259308905,-0.18605542259308905,0.09615384615384616,False,0.0,0.0
OADMET-0003747,5.28,5.283424844093693,5.283424844093693,-0.0034248440936925917,-0.0034248440936925917,0.16842105263157894,False,0.0,0.0
OADMET-0003746,3.89,3.9382710990396514,3.9382710990396514,-0.04827109903965132,-0.04827109903965132,0.15789473684210525,False,0.0,0.0
OADMET-0003745,2.69,2.5609404319698372,2.5609404319698372,0.12905956803016272,0.12905956803016272,0.1702127659574468,False,0.0,0.0
OADMET-0003744,4.46,4.563917817768541,4.563917817768541,-0.10391781776854092,-0.10391781776854092,0.125,False,0.0,0.0
OADMET-0003743,4.78,4.037003976858935,4.037003976858935,0.7429960231410648,0.7429960231410648,0.14285714285714285,False,0.0,0.0
OADMET-0003742,2.13,3.536883527677036,3.536883527677036,-1.406883527677036,-1.406883527677036,0.15730337078651685,False,0.0,0.0
OADMET-0003741,4.61,4.779976496418703,4.779976496418703,-0.16997649641870272,-0.16997649641870272,0.1643835616438356,False,0.0,0.0
OADMET-0003740,1.86,3.1481184119159735,3.1481184119159735,-1.2881184119159734,-1.2881184119159734,0.18584070796460178,False,0.0,0.0
OADMET-0003739,4.04,2.5606607563287307,2.5606607563287307,1.4793392436712693,1.4793392436712693,0.1724137931034483,False,0.0,0.0
OADMET-0003738,5.01,4.528264524404285,4.528264524404285,0.4817354755957144,0.4817354755957144,0.1958762886597938,False,0.0,0.0
OADMET-0003737,5.21,3.730715807780479,3.730715807780479,1.479284192219521,1.479284192219521,0.15517241379310345,False,0.0,0.0
OADMET-0003736,2.69,2.276153333673199,2.276153333673199,0.4138466663268008,0.4138466663268008,0.12244897959183673,False,0.0,0.0
OADMET-0003735,3.25,2.716030484727286,2.716030484727286,0.5339695152727142,0.5339695152727142,0.16176470588235295,False,0.0,0.0
OADMET-0003734,4.67,4.531655886566755,4.531655886566755,0.13834411343324504,0.13834411343324504,0.17647058823529413,False,0.0,0.0
OADMET-0003733,3.2,4.2343967551166575,4.2343967551166575,-1.0343967551166573,-1.0343967551166573,0.12222222222222222,False,0.0,0.0
OADMET-0003732,4.98,4.949832779689899,4.949832779689899,0.030167220310101328,0.030167220310101328,0.19540229885057472,False,0.0,0.0
OADMET-0003731,4.74,4.905547586228083,4.905547586228083,-0.16554758622808308,-0.16554758622808308,0.2463768115942029,False,0.0,0.0
OADMET-0003730,5.74,2.489682866415931,2.489682866415931,3.250317133584069,3.250317133584069,0.1792452830188679,False,0.0,0.0
OADMET-0003729,2.93,2.482684180921721,2.482684180921721,0.4473158190782791,0.4473158190782791,0.13043478260869565,False,0.0,0.0
OADMET-0003728,2.74,2.5239548678537016,2.5239548678537016,0.2160451321462986,0.2160451321462986,0.1728395061728395,False,0.0,0.0
OADMET-0003727,2.54,3.404220887063776,3.404220887063776,-0.8642208870637758,-0.8642208870637758,0.1206896551724138,False,0.0,0.0
OADMET-0003726,1.98,4.276344066684686,4.276344066684686,-2.296344066684686,-2.296344066684686,0.2159090909090909,False,0.0,0.0
OADMET-0003725,4.09,4.6107578666464795,4.6107578666464795,-0.5207578666464796,-0.5207578666464796,0.22580645161290322,False,0.0,0.0
OADMET-0003724,4.55,4.701227811702246,4.701227811702246,-0.1512278117022463,-0.1512278117022463,0.15730337078651685,False,0.0,0.0
OADMET-0003723,1.84,2.864011337108982,2.864011337108982,-1.024011337108982,-1.024011337108982,0.15053763440860216,False,0.0,0.0
OADMET-0003722,3.1,2.8063878316323736,2.8063878316323736,0.2936121683676265,0.2936121683676265,0.21428571428571427,False,0.0,0.0
OADMET-0003721,1.99,2.3214631947498874,2.3214631947498874,-0.3314631947498874,-0.3314631947498874,0.11538461538461539,False,0.0,0.0
OADMET-0003720,2.89,2.3968400770020715,2.3968400770020715,0.49315992299792866,0.49315992299792866,0.1282051282051282,False,0.0,0.0
OADMET-0003719,1.81,2.328848321460983,2.328848321460983,-0.5188483214609829,-0.5188483214609829,0.13846153846153847,False,0.0,0.0
OADMET-0003718,3.25,2.75149955737938,2.75149955737938,0.4985004426206201,0.4985004426206201,0.16666666666666666,False,0.0,0.0
OADMET-0003717,4.3,4.9602517202062515,4.9602517202062515,-0.6602517202062517,-0.6602517202062517,0.20253164556962025,False,0.0,0.0
OADMET-0003716,5.64,3.056585990456701,3.056585990456701,2.5834140095432985,2.5834140095432985,0.1796875,False,0.0,0.0
OADMET-0003715,1.89,3.5629833182084907,3.5629833182084907,-1.6729833182084908,-1.6729833182084908,0.12987012987012986,False,0.0,0.0
OADMET-0003714,4.54,5.14359980717446,5.14359980717446,-0.6035998071744597,-0.6035998071744597,0.20270270270270271,False,0.0,0.0
OADMET-0003713,1.73,3.1590961017654937,3.1590961017654937,-1.4290961017654937,-1.4290961017654937,0.15476190476190477,False,0.0,0.0
OADMET-0003712,1.81,2.6126523851190955,2.6126523851190955,-0.8026523851190954,-0.8026523851190954,0.18421052631578946,False,0.0,0.0
OADMET-0003711,4.87,5.4306263488473245,5.4306263488473245,-0.5606263488473244,-0.5606263488473244,0.20481927710843373,False,0.0,0.0
OADMET-0003710,4.4,4.903333161409618,4.903333161409618,-0.5033331614096177,-0.5033331614096177,0.17045454545454544,False,0.0,0.0
OADMET-0003709,1.82,4.689050582774634,4.689050582774634,-2.8690505827746335,-2.8690505827746335,0.23333333333333334,False,0.0,0.0
OADMET-0003708,4.68,4.195845846412251,4.195845846412251,0.48415415358774894,0.48415415358774894,0.17647058823529413,False,0.0,0.0
OADMET-0003707,6.08,2.7881351629507196,3.0385366063079418,3.2918648370492805,3.0414633936920583,1.0,False,0.8346714778574078,0.0
OADMET-0003706,4.92,4.9459806030236395,4.9459806030236395,-0.02598060302363958,-0.02598060302363958,0.168141592920354,False,0.0,0.0
OADMET-0003705,1.83,2.933041359498663,2.933041359498663,-1.103041359498663,-1.103041359498663,0.22666666666666666,False,0.0,0.0
OADMET-0003704,4.19,3.9568222264641695,3.9568222264641695,0.2331777735358309,0.2331777735358309,0.21212121212121213,False,0.0,0.0
OADMET-0003703,4.49,5.291458538666512,5.291458538666512,-0.8014585386665116,-0.8014585386665116,0.21875,False,0.0,0.0
OADMET-0003702,1.81,2.608069023576755,2.608069023576755,-0.7980690235767551,-0.7980690235767551,0.13924050632911392,False,0.0,0.0
OADMET-0003701,2.24,2.8359833976597457,2.8359833976597457,-0.5959833976597455,-0.5959833976597455,0.20588235294117646,False,0.0,0.0
OADMET-0003700,5.52,5.055010108924607,5.055010108924607,0.46498989107539224,0.46498989107539224,0.20652173913043478,False,0.0,0.0
OADMET-0003699,5.06,5.207584740120231,5.207584740120231,-0.14758474012023104,-0.14758474012023104,0.1935483870967742,False,0.0,0.0
OADMET-0003697,5.13,5.091519775784131,5.100427462524593,0.03848022421586883,0.029572537475407223,0.31645569620253167,False,0.02969228913487348,0.0
OADMET-0003696,3.68,4.464278955367005,4.464278955367005,-0.7842789553670051,-0.7842789553670051,0.2112676056338028,False,0.0,0.0
OADMET-0003695,4.48,4.06743593435843,4.06743593435843,0.4125640656415701,0.4125640656415701,0.19148936170212766,False,0.0,0.0
OADMET-0003694,4.79,4.84974222576734,4.84974222576734,-0.059742225767339896,-0.059742225767339896,0.20454545454545456,False,0.0,0.0
OADMET-0003693,3.92,4.497388164742479,4.497388164742479,-0.5773881647424792,-0.5773881647424792,0.16129032258064516,False,0.0,0.0
OADMET-0003692,1.86,2.339495438742406,2.339495438742406,-0.47949543874240574,-0.47949543874240574,0.13414634146341464,False,0.0,0.0
OADMET-0003691,2.4,3.677860006545354,3.677860006545354,-1.277860006545354,-1.277860006545354,0.16279069767441862,False,0.0,0.0
OADMET-0003690,4.57,5.131072934159954,5.131072934159954,-0.5610729341599541,-0.5610729341599541,0.12643678160919541,False,0.0,0.0
OADMET-0003689,3.95,4.8687982774475245,4.8687982774475245,-0.9187982774475243,-0.9187982774475243,0.288135593220339,False,0.0,0.0
OADMET-0003688,2.08,3.69222958134216,3.69222958134216,-1.6122295813421599,-1.6122295813421599,0.12903225806451613,False,0.0,0.0
OADMET-0003687,1.84,2.4282235701107284,2.4282235701107284,-0.5882235701107283,-0.5882235701107283,0.13114754098360656,False,0.0,0.0
OADMET-0003686,1.76,2.9633098985384967,2.9633098985384967,-1.2033098985384967,-1.2033098985384967,0.17543859649122806,False,0.0,0.0
OADMET-0003685,1.93,2.9201184516971552,2.9201184516971552,-0.9901184516971553,-0.9901184516971553,0.16363636363636364,False,0.0,0.0
OADMET-0003684,1.98,4.066256564450495,4.066256564450495,-2.0862565644504953,-2.0862565644504953,0.12222222222222222,False,0.0,0.0
OADMET-0003683,4.39,4.315277764635178,4.315277764635178,0.07472223536482137,0.07472223536482137,0.14925373134328357,False,0.0,0.0
OADMET-0003682,3.33,3.2694561891185425,3.2694561891185425,0.06054381088145755,0.06054381088145755,0.17857142857142858,False,0.0,0.0
OADMET-0003681,2.97,2.289715896185162,2.289715896185162,0.6802841038148384,0.6802841038148384,0.09859154929577464,False,0.0,0.0
OADMET-0003680,2.68,2.9626730840182995,2.9626730840182995,-0.2826730840182994,-0.2826730840182994,0.20967741935483872,False,0.0,0.0
OADMET-0003679,2.44,2.274745549854723,2.274745549854723,0.16525445014527707,0.16525445014527707,0.08955223880597014,False,0.0,0.0
OADMET-0003678,2.63,2.8331724286079405,2.8331724286079405,-0.2031724286079406,-0.2031724286079406,0.15492957746478872,False,0.0,0.0
OADMET-0003677,1.86,2.63374559960319,2.63374559960319,-0.7737455996031899,-0.7737455996031899,0.05454545454545454,False,0.0,0.0
OADMET-0003676,1.79,2.250665709347401,2.250665709347401,-0.4606657093474009,-0.4606657093474009,0.08620689655172414,False,0.0,0.0
OADMET-0003675,1.98,2.65057895727528,2.65057895727528,-0.6705789572752798,-0.6705789572752798,0.13043478260869565,False,0.0,0.0
OADMET-0003674,1.78,2.8418421389987163,2.8418421389987163,-1.0618421389987163,-1.0618421389987163,0.24285714285714285,False,0.0,0.0
OADMET-0003673,1.83,3.042700521459857,3.042700521459857,-1.212700521459857,-1.212700521459857,0.16666666666666666,False,0.0,0.0
OADMET-0003672,1.95,2.460781497515521,2.460781497515521,-0.5107814975155212,-0.5107814975155212,0.06756756756756757,False,0.0,0.0
OADMET-0003671,3.25,2.7056275157095158,2.7056275157095158,0.5443724842904842,0.5443724842904842,0.21739130434782608,False,0.0,0.0
OADMET-0003670,4.41,3.252976457355092,3.252976457355092,1.1570235426449083,1.1570235426449083,0.2,False,0.0,0.0
OADMET-0003669,4.71,3.92404581343086,3.92404581343086,0.78595418656914,0.78595418656914,0.1951219512195122,False,0.0,0.0
OADMET-0003668,2.94,2.620891205315451,2.620891205315451,0.3191087946845488,0.3191087946845488,0.15517241379310345,False,0.0,0.0
OADMET-0003667,2.25,2.17681568560091,2.17681568560091,0.07318431439908979,0.07318431439908979,0.14925373134328357,False,0.0,0.0
OADMET-0003666,4.43,4.138942709015411,4.138942709015411,0.29105729098458877,0.29105729098458877,0.15,False,0.0,0.0
OADMET-0003665,4.95,3.597294626536878,3.597294626536878,1.352705373463122,1.352705373463122,0.1016949152542373,False,0.0,0.0
OADMET-0003664,3.4,3.4786511042743054,3.4786511042743054,-0.07865110427430544,-0.07865110427430544,0.19298245614035087,False,0.0,0.0
OADMET-0003663,4.57,4.588775570415756,4.588775570415756,-0.018775570415755283,-0.018775570415755283,0.2558139534883721,False,0.0,0.0
OADMET-0003662,2.02,2.1961837854200197,2.1961837854200197,-0.17618378542001967,-0.17618378542001967,0.09375,False,0.0,0.0
OADMET-0003661,4.9,4.613414243124064,4.613414243124064,0.2865857568759367,0.2865857568759367,0.15714285714285714,False,0.0,0.0
OADMET-0003660,4.58,4.368472809236026,4.368472809236026,0.21152719076397375,0.21152719076397375,0.15384615384615385,False,0.0,0.0
OADMET-0003659,2.89,2.838065533267642,2.838065533267642,0.05193446673235824,0.05193446673235824,0.15714285714285714,False,0.0,0.0
OADMET-0003658,1.87,3.137990120429437,3.137990120429437,-1.2679901204294368,-1.2679901204294368,0.21839080459770116,False,0.0,0.0
OADMET-0003656,4.53,4.686850813291605,4.686850813291605,-0.1568508132916051,-0.1568508132916051,0.1794871794871795,False,0.0,0.0
OADMET-0003655,3.96,4.56761680714135,4.56761680714135,-0.6076168071413504,-0.6076168071413504,0.17391304347826086,False,0.0,0.0
OADMET-0003654,2.27,2.4184361317782725,2.4184361317782725,-0.14843613177827253,-0.14843613177827253,0.1875,False,0.0,0.0
OADMET-0003653,3.4,3.4628442801318124,3.4628442801318124,-0.06284428013181254,-0.06284428013181254,0.171875,False,0.0,0.0
OADMET-0003652,6.58,3.02522226560463,3.2756237089618523,3.55477773439537,3.304376291038148,1.0,False,0.8346714778574078,0.0
OADMET-0003651,4.83,3.675015295593484,3.675015295593484,1.154984704406516,1.154984704406516,0.2111111111111111,False,0.0,0.0
OADMET-0003650,1.82,2.8789111093410007,2.8789111093410007,-1.0589111093410006,-1.0589111093410006,0.14754098360655737,False,0.0,0.0
OADMET-0003649,6.69,4.624816085296928,4.87521752865415,2.0651839147030726,1.8147824713458505,1.0,False,0.8346714778574078,0.0
OADMET-0003648,4.45,4.538388413132973,4.538388413132973,-0.08838841313297241,-0.08838841313297241,0.19540229885057472,False,0.0,0.0
OADMET-0003647,4.75,5.004402974045393,5.004402974045393,-0.2544029740453926,-0.2544029740453926,0.17073170731707318,False,0.0,0.0
OADMET-0003646,4.21,4.833914774366953,4.833914774366953,-0.6239147743669529,-0.6239147743669529,0.2537313432835821,False,0.0,0.0
OADMET-0003645,3.68,2.244184209420843,2.244184209420843,1.435815790579157,1.435815790579157,0.15384615384615385,False,0.0,0.0
OADMET-0003644,4.67,4.921595214408578,4.921595214408578,-0.251595214408578,-0.251595214408578,0.2235294117647059,False,0.0,0.0
OADMET-0003643,1.87,2.3018133327798935,2.3018133327798935,-0.4318133327798934,-0.4318133327798934,0.109375,False,0.0,0.0
OADMET-0003642,2.74,3.278614269529731,3.278614269529731,-0.5386142695297309,-0.5386142695297309,0.24390243902439024,False,0.0,0.0
OADMET-0003641,1.98,3.3888207420562075,3.3888207420562075,-1.4088207420562076,-1.4088207420562076,0.1875,False,0.0,0.0
OADMET-0003640,5.03,5.073846044355226,5.073846044355226,-0.043846044355225544,-0.043846044355225544,0.21,False,0.0,0.0
OADMET-0003639,2.04,2.9605623715132188,2.9605623715132188,-0.9205623715132187,-0.9205623715132187,0.18072289156626506,False,0.0,0.0
OADMET-0003638,5.33,5.116715587227089,5.116715587227089,0.21328441277291077,0.21328441277291077,0.13333333333333333,False,0.0,0.0
OADMET-0003637,3.88,4.494379780824902,4.494379780824902,-0.6143797808249021,-0.6143797808249021,0.16923076923076924,False,0.0,0.0
OADMET-0003636,4.3,4.494266962542117,4.494266962542117,-0.19426696254211695,-0.19426696254211695,0.1717171717171717,False,0.0,0.0
OADMET-0003634,3.9,4.0701626624875855,4.0701626624875855,-0.1701626624875856,-0.1701626624875856,0.19047619047619047,False,0.0,0.0
OADMET-0003633,1.82,2.37968912032044,2.37968912032044,-0.5596891203204402,-0.5596891203204402,0.14492753623188406,False,0.0,0.0
OADMET-0003631,4.89,4.410566971834424,4.410566971834424,0.47943302816557587,0.47943302816557587,0.175,False,0.0,0.0
OADMET-0003630,5.66,5.477703990519625,5.477703990519625,0.18229600948037472,0.18229600948037472,0.1875,False,0.0,0.0
OADMET-0003629,4.89,4.9976140760681,4.9976140760681,-0.10761407606810014,-0.10761407606810014,0.2077922077922078,False,0.0,0.0
OADMET-0003628,2.54,2.5476236080660404,2.5476236080660404,-0.007623608066040344,-0.007623608066040344,0.2,False,0.0,0.0
OADMET-0003627,2.95,2.842844134974248,2.842844134974248,0.10715586502575203,0.10715586502575203,0.15625,False,0.0,0.0
OADMET-0003626,5.88,5.426530529688863,5.426530529688863,0.4534694703111368,0.4534694703111368,0.2361111111111111,False,0.0,0.0
OADMET-0003625,6.21,5.298465100538383,5.298465100538383,0.9115348994616168,0.9115348994616168,0.16666666666666666,False,0.0,0.0
OADMET-0003624,1.9,2.3789287627322,2.3789287627322,-0.4789287627322003,-0.4789287627322003,0.14864864864864866,False,0.0,0.0
OADMET-0003623,4.7,4.494617022356941,4.494617022356941,0.20538297764305913,0.20538297764305913,0.16901408450704225,False,0.0,0.0
OADMET-0003622,1.74,2.7523534025960754,2.7523534025960754,-1.0123534025960754,-1.0123534025960754,0.25,False,0.0,0.0
OADMET-0003621,1.77,2.6505612092110717,2.6505612092110717,-0.8805612092110717,-0.8805612092110717,0.17391304347826086,False,0.0,0.0
OADMET-0003620,3.89,3.9711608100863334,3.9711608100863334,-0.08116081008633325,-0.08116081008633325,0.1232876712328767,False,0.0,0.0
OADMET-0003619,4.37,5.0737091522772335,5.0737091522772335,-0.7037091522772334,-0.7037091522772334,0.22988505747126436,False,0.0,0.0
OADMET-0003618,4.35,5.092517120629838,5.092517120629838,-0.742517120629838,-0.742517120629838,0.2413793103448276,False,0.0,0.0
OADMET-0003617,4.92,4.658680849167907,4.658680849167907,0.2613191508320929,0.2613191508320929,0.17142857142857143,False,0.0,0.0
OADMET-0003616,4.04,4.440087774193403,4.440087774193403,-0.4000877741934028,-0.4000877741934028,0.21333333333333335,False,0.0,0.0
OADMET-0003615,3.29,2.321789047093067,2.321789047093067,0.9682109529069329,0.9682109529069329,0.1368421052631579,False,0.0,0.0
OADMET-0003614,4.56,3.2777552031776276,3.2777552031776276,1.282244796822372,1.282244796822372,0.2112676056338028,False,0.0,0.0
OADMET-0003613,2.69,2.910160763518324,2.910160763518324,-0.22016076351832403,-0.22016076351832403,0.1864406779661017,False,0.0,0.0
OADMET-0003612,4.57,4.441119338239281,4.441119338239281,0.12888066176071966,0.12888066176071966,0.2191780821917808,False,0.0,0.0
OADMET-0003611,4.28,4.434570523373131,4.434570523373131,-0.15457052337313115,-0.15457052337313115,0.1791044776119403,False,0.0,0.0
OADMET-0003610,1.82,2.7042057687796435,2.7042057687796435,-0.8842057687796434,-0.8842057687796434,0.171875,False,0.0,0.0
OADMET-0003609,4.47,4.533818929866679,4.533818929866679,-0.06381892986667914,-0.06381892986667914,0.16417910447761194,False,0.0,0.0
OADMET-0003608,5.55,5.135942962563153,5.135942962563153,0.4140570374368471,0.4140570374368471,0.18181818181818182,False,0.0,0.0
OADMET-0003607,3.59,3.225425956781628,3.225425956781628,0.3645740432183717,0.3645740432183717,0.1625,False,0.0,0.0
OADMET-0003606,3.81,4.377203496451517,4.377203496451517,-0.5672034964515169,-0.5672034964515169,0.1643835616438356,False,0.0,0.0
OADMET-0003605,4.34,4.25823831048984,4.25823831048984,0.08176168951016027,0.08176168951016027,0.19047619047619047,False,0.0,0.0
OADMET-0003604,4.88,5.259395143823716,5.259395143823716,-0.3793951438237162,-0.3793951438237162,0.13541666666666666,False,0.0,0.0
OADMET-0003603,5.2,5.020296099347975,5.020296099347975,0.1797039006520249,0.1797039006520249,0.19480519480519481,False,0.0,0.0
OADMET-0003602,5.09,4.412231085369887,4.412231085369887,0.6777689146301125,0.6777689146301125,0.17757009345794392,False,0.0,0.0
OADMET-0003600,2.65,3.129471669150788,3.129471669150788,-0.47947166915078787,-0.47947166915078787,0.2222222222222222,False,0.0,0.0
OADMET-0003599,4.75,4.966833094948703,4.966833094948703,-0.2168330949487034,-0.2168330949487034,0.23529411764705882,False,0.0,0.0
OADMET-0003598,1.78,2.4476463345648014,2.4476463345648014,-0.6676463345648014,-0.6676463345648014,0.15384615384615385,False,0.0,0.0
OADMET-0003597,2.06,2.3427485651182898,2.3427485651182898,-0.2827485651182897,-0.2827485651182897,0.18571428571428572,False,0.0,0.0
OADMET-0003596,3.21,4.904581054206033,4.904581054206033,-1.6945810542060329,-1.6945810542060329,0.21875,False,0.0,0.0
OADMET-0003595,2.51,3.241081968210276,3.241081968210276,-0.731081968210276,-0.731081968210276,0.1595744680851064,False,0.0,0.0
OADMET-0003594,4.65,4.746827226935081,4.746827226935081,-0.09682722693508072,-0.09682722693508072,0.23170731707317074,False,0.0,0.0
OADMET-0003593,4.31,4.769952280081592,4.769952280081592,-0.45995228008159206,-0.45995228008159206,0.2345679012345679,False,0.0,0.0
OADMET-0003592,5.08,5.281262395219895,5.281262395219895,-0.20126239521989486,-0.20126239521989486,0.14432989690721648,False,0.0,0.0
OADMET-0003591,3.29,2.4281147324923174,2.4281147324923174,0.8618852675076827,0.8618852675076827,0.11538461538461539,False,0.0,0.0
OADMET-0003590,4.26,3.1423211450715662,3.1423211450715662,1.1176788549284336,1.1176788549284336,0.19827586206896552,False,0.0,0.0
OADMET-0003589,3.73,4.350175131871863,4.350175131871863,-0.6201751318718629,-0.6201751318718629,0.1411764705882353,False,0.0,0.0
OADMET-0003588,5.18,5.199081798896049,5.199081798896049,-0.019081798896049662,-0.019081798896049662,0.2111111111111111,False,0.0,0.0
OADMET-0003587,5.14,4.567157307874809,4.567157307874809,0.5728426921251906,0.5728426921251906,0.19230769230769232,False,0.0,0.0
OADMET-0003586,1.77,3.127893496138378,3.127893496138378,-1.3578934961383782,-1.3578934961383782,0.16483516483516483,False,0.0,0.0
OADMET-0003585,1.74,3.131086517769156,3.131086517769156,-1.3910865177691558,-1.3910865177691558,0.19148936170212766,False,0.0,0.0
OADMET-0003584,4.43,4.050032452587943,4.050032452587943,0.37996754741205674,0.37996754741205674,0.140625,False,0.0,0.0
OADMET-0003583,2.59,2.663233532141713,2.663233532141713,-0.07323353214171302,-0.07323353214171302,0.13846153846153847,False,0.0,0.0
OADMET-0003582,1.79,2.632503340429473,2.632503340429473,-0.8425033404294728,-0.8425033404294728,0.1891891891891892,False,0.0,0.0
OADMET-0003581,2.04,3.527526642859561,3.527526642859561,-1.487526642859561,-1.487526642859561,0.1676300578034682,False,0.0,0.0
OADMET-0003580,4.81,5.313926020872246,5.313926020872246,-0.503926020872246,-0.503926020872246,0.23076923076923078,False,0.0,0.0
OADMET-0003579,2.45,3.628681882029598,3.628681882029598,-1.178681882029598,-1.178681882029598,0.15126050420168066,False,0.0,0.0
OADMET-0003578,1.79,2.376045040598193,2.376045040598193,-0.5860450405981932,-0.5860450405981932,0.14893617021276595,False,0.0,0.0
OADMET-0003577,4.42,4.829140181217379,4.829140181217379,-0.4091401812173787,-0.4091401812173787,0.24358974358974358,False,0.0,0.0
OADMET-0003576,5.18,5.1645833848749545,5.1645833848749545,0.015416615125045219,0.015416615125045219,0.16455696202531644,False,0.0,0.0
OADMET-0003575,4.18,4.86318833804825,4.86318833804825,-0.6831883380482502,-0.6831883380482502,0.25675675675675674,False,0.0,0.0
OADMET-0003574,2.36,2.66539461219195,2.66539461219195,-0.3053946121919502,-0.3053946121919502,0.15584415584415584,False,0.0,0.0
OADMET-0003573,4.52,4.166335727288885,4.166335727288885,0.35366427271111434,0.35366427271111434,0.22950819672131148,False,0.0,0.0
OADMET-0003572,1.82,2.7570088096035335,2.7570088096035335,-0.9370088096035334,-0.9370088096035334,0.17708333333333334,False,0.0,0.0
OADMET-0003571,2.24,3.381042967837991,3.381042967837991,-1.1410429678379908,-1.1410429678379908,0.16853932584269662,False,0.0,0.0
OADMET-0003570,4.65,4.748389111676262,4.748389111676262,-0.09838911167626208,-0.09838911167626208,0.22580645161290322,False,0.0,0.0
OADMET-0003569,1.75,3.3447240444062984,3.3447240444062984,-1.5947240444062984,-1.5947240444062984,0.18,False,0.0,0.0
OADMET-0003567,5.24,5.563350803180806,5.563350803180806,-0.3233508031808059,-0.3233508031808059,0.21839080459770116,False,0.0,0.0
OADMET-0003566,4.68,4.6886826772134285,4.6886826772134285,-0.008682677213428747,-0.008682677213428747,0.2,False,0.0,0.0
OADMET-0003565,1.96,2.5302503776781764,2.5302503776781764,-0.5702503776781764,-0.5702503776781764,0.18604651162790697,False,0.0,0.0
OADMET-0003564,4.84,5.330849408408971,5.330849408408971,-0.4908494084089714,-0.4908494084089714,0.21518987341772153,False,0.0,0.0
OADMET-0003563,6.09,3.926553197045928,4.230135355164527,2.1634468029540717,1.859864644835473,1.0,False,1.011940527061996,0.0
OADMET-0003562,5.42,4.294387765995507,4.294387765995507,1.1256122340044925,1.1256122340044925,0.20270270270270271,False,0.0,0.0
OADMET-0003561,2.11,2.9462865158192164,2.9462865158192164,-0.8362865158192165,-0.8362865158192165,0.14492753623188406,False,0.0,0.0
OADMET-0003560,3.0,3.152453817210151,3.152453817210151,-0.15245381721015105,-0.15245381721015105,0.11956521739130435,False,0.0,0.0
OADMET-0003557,4.69,4.615785170295863,4.615785170295863,0.07421482970413695,0.07421482970413695,0.2345679012345679,False,0.0,0.0
OADMET-0003556,3.98,3.9511470074792507,3.9511470074792507,0.028852992520749243,0.028852992520749243,0.19101123595505617,False,0.0,0.0
OADMET-0003555,4.0,4.294770060928123,4.294770060928123,-0.29477006092812275,-0.29477006092812275,0.1566265060240964,False,0.0,0.0
OADMET-0003554,4.71,4.8781459731963075,4.8781459731963075,-0.16814597319630753,-0.16814597319630753,0.16363636363636364,False,0.0,0.0
OADMET-0003553,4.12,4.155204937411743,4.155204937411743,-0.03520493741174313,-0.03520493741174313,0.189873417721519,False,0.0,0.0
OADMET-0003552,4.24,4.190330026450666,4.190330026450666,0.04966997354933422,0.04966997354933422,0.18888888888888888,False,0.0,0.0
OADMET-0003551,4.94,4.640284371838986,4.640284371838986,0.2997156281610147,0.2997156281610147,0.18604651162790697,False,0.0,0.0
OADMET-0003550,5.25,5.19502989181037,5.19502989181037,0.05497010818962966,0.05497010818962966,0.18888888888888888,False,0.0,0.0
OADMET-0003549,4.18,4.123981440877451,4.123981440877451,0.05601855912254905,0.05601855912254905,0.1527777777777778,False,0.0,0.0
OADMET-0003548,4.18,4.4699170054741275,4.4699170054741275,-0.2899170054741278,-0.2899170054741278,0.1625,False,0.0,0.0
OADMET-0003547,4.75,4.610213490134304,4.610213490134304,0.1397865098656963,0.1397865098656963,0.1951219512195122,False,0.0,0.0
OADMET-0003546,4.34,5.208531741494114,5.208531741494114,-0.868531741494114,-0.868531741494114,0.1956521739130435,False,0.0,0.0
OADMET-0003545,4.6,4.755503385043838,4.755503385043838,-0.1555033850438381,-0.1555033850438381,0.2268041237113402,False,0.0,0.0
OADMET-0003544,4.7,4.423102519350144,4.423102519350144,0.27689748064985586,0.27689748064985586,0.20224719101123595,False,0.0,0.0
OADMET-0003543,1.82,2.5501045111313605,2.5501045111313605,-0.7301045111313604,-0.7301045111313604,0.15492957746478872,False,0.0,0.0
OADMET-0003542,5.69,4.418228849855441,4.418228849855441,1.2717711501445592,1.2717711501445592,0.20430107526881722,False,0.0,0.0
OADMET-0003541,2.92,3.061760618617234,3.0643541790507838,-0.141760618617234,-0.14435417905078385,0.3055555555555556,False,0.008645201445166792,0.0
OADMET-0003540,2.09,2.722817688196608,2.722817688196608,-0.6328176881966083,-0.6328176881966083,0.20588235294117646,False,0.0,0.0
OADMET-0003539,2.38,2.374030246086491,2.374030246086491,0.005969753913508846,0.005969753913508846,0.16901408450704225,False,0.0,0.0
OADMET-0003538,2.57,2.3171015207049916,2.3171015207049916,0.2528984792950082,0.2528984792950082,0.19672131147540983,False,0.0,0.0
OADMET-0003537,1.77,2.3608456765563743,2.3608456765563743,-0.5908456765563743,-0.5908456765563743,0.18055555555555555,False,0.0,0.0
OADMET-0003536,5.82,4.930189570176949,4.930189570176949,0.8898104298230516,0.8898104298230516,0.20430107526881722,False,0.0,0.0
OADMET-0003535,2.62,4.0215532477619576,4.0215532477619576,-1.4015532477619574,-1.4015532477619574,0.21978021978021978,False,0.0,0.0
OADMET-0003534,5.66,5.326970862184914,5.326970862184914,0.33302913781508625,0.33302913781508625,0.17857142857142858,False,0.0,0.0
OADMET-0003533,5.58,5.419790618859448,5.419790618859448,0.16020938114055205,0.16020938114055205,0.21333333333333335,False,0.0,0.0
OADMET-0003532,5.62,5.1836900113855755,5.1836900113855755,0.4363099886144246,0.4363099886144246,0.1780821917808219,False,0.0,0.0
OADMET-0003531,5.91,5.2505670660907775,5.2505670660907775,0.6594329339092226,0.6594329339092226,0.21428571428571427,False,0.0,0.0
OADMET-0003530,5.6,5.3116046273592605,5.3116046273592605,0.2883953726407391,0.2883953726407391,0.17073170731707318,False,0.0,0.0
OADMET-0003529,5.74,5.222165310267106,5.222165310267106,0.5178346897328945,0.5178346897328945,0.2222222222222222,False,0.0,0.0
OADMET-0003528,1.91,3.0331885046171907,3.0331885046171907,-1.1231885046171908,-1.1231885046171908,0.18823529411764706,False,0.0,0.0
OADMET-0003527,5.005,4.923750863723384,4.923750863723384,0.08124913627661545,0.08124913627661545,0.18421052631578946,False,0.0,0.0
OADMET-0003526,6.63,5.1272618971982045,5.443184856360385,1.5027381028017954,1.186815143639615,1.0,False,1.0530765305406022,0.0
OADMET-0003525,5.42,5.017746604530556,5.017746604530556,0.40225339546944383,0.40225339546944383,0.21052631578947367,False,0.0,0.0
OADMET-0003524,5.92,5.474762431394707,5.474762431394707,0.4452375686052932,0.4452375686052932,0.2571428571428571,False,0.0,0.0
OADMET-0003523,5.38,5.56972360935026,5.56972360935026,-0.1897236093502599,-0.1897236093502599,0.23170731707317074,False,0.0,0.0
OADMET-0003522,1.73,3.2670778317358886,3.2670778317358886,-1.5370778317358886,-1.5370778317358886,0.19540229885057472,False,0.0,0.0
OADMET-0003521,4.79,5.13027232873787,5.13027232873787,-0.3402723287378704,-0.3402723287378704,0.28378378378378377,False,0.0,0.0
OADMET-0003520,5.49,5.358018476523242,5.358018476523242,0.1319815234767585,0.1319815234767585,0.19767441860465115,False,0.0,0.0
OADMET-0003519,5.12,5.137173261457276,5.138813604703189,-0.017173261457275935,-0.018813604703188602,0.30303030303030304,False,0.005467810819708661,0.0
OADMET-0003518,5.25,5.1392618975593045,5.1392618975593045,0.11073810244069549,0.11073810244069549,0.2,False,0.0,0.0
OADMET-0003517,4.91,5.263092284063691,5.263092284063691,-0.353092284063691,-0.353092284063691,0.22972972972972974,False,0.0,0.0
OADMET-0003516,5.29,5.031447332113692,5.031447332113692,0.25855266788630793,0.25855266788630793,0.20430107526881722,False,0.0,0.0
OADMET-0003515,5.14,5.008051125285695,5.008051125285695,0.13194887471430494,0.13194887471430494,0.21794871794871795,False,0.0,0.0
OADMET-0003514,5.35,5.1856665423772865,5.1856665423772865,0.16433345762271312,0.16433345762271312,0.20238095238095238,False,0.0,0.0
OADMET-0003513,5.66,5.4952089592091085,5.4952089592091085,0.16479104079089169,0.16479104079089169,0.21839080459770116,False,0.0,0.0
OADMET-0003512,5.89,5.579229268518466,5.579229268518466,0.3107707314815338,0.3107707314815338,0.2647058823529412,False,0.0,0.0
OADMET-0003511,5.55,5.3781206112463495,5.3781206112463495,0.17187938875365028,0.17187938875365028,0.24358974358974358,False,0.0,0.0
OADMET-0003510,5.2,5.187747018777051,5.187747018777051,0.012252981222949266,0.012252981222949266,0.19540229885057472,False,0.0,0.0
OADMET-0003509,2.94,3.3119433379867704,3.3119433379867704,-0.3719433379867705,-0.3719433379867705,0.22727272727272727,False,0.0,0.0
OADMET-0003508,5.23,5.208328342669219,5.208328342669219,0.021671657330781358,0.021671657330781358,0.22784810126582278,False,0.0,0.0
OADMET-0003506,5.14,5.257740936233002,5.257740936233002,-0.11774093623300264,-0.11774093623300264,0.2558139534883721,False,0.0,0.0
OADMET-0003505,5.74,4.660310365158377,4.660310365158377,1.079689634841623,1.079689634841623,0.22784810126582278,False,0.0,0.0
OADMET-0003504,5.58,5.050896611259979,5.050896611259979,0.5291033887400207,0.5291033887400207,0.25,False,0.0,0.0
OADMET-0003503,6.140000000000001,5.6631181608125996,5.989906775439902,0.476881839187401,0.15009322456009855,1.0,False,1.0892953820910087,0.0
OADMET-0003502,5.35,4.954795782079975,4.954795782079975,0.3952042179200248,0.3952042179200248,0.29292929292929293,False,0.0,0.0
OADMET-0003501,5.23,4.78990772603785,4.78990772603785,0.44009227396215067,0.44009227396215067,0.20270270270270271,False,0.0,0.0
OADMET-0003500,5.24,5.148916977354624,5.148916977354624,0.09108302264537649,0.09108302264537649,0.2875,False,0.0,0.0
OADMET-0003499,6.215,5.669059098577036,6.047978388382844,0.5459409014229637,0.16702161161715612,1.0,False,1.2630642993526924,0.0
OADMET-0003498,5.39,4.983390561816761,4.983390561816761,0.4066094381832386,0.4066094381832386,0.24050632911392406,False,0.0,0.0
OADMET-0003497,2.95,4.314209206590375,4.314209206590375,-1.3642092065903748,-1.3642092065903748,0.2375,False,0.0,0.0
OADMET-0003496,5.77,5.3806049932553925,5.3806049932553925,0.38939500674460703,0.38939500674460703,0.25555555555555554,False,0.0,0.0
OADMET-0003495,3.42,3.6075079041777305,3.6075079041777305,-0.18750790417773056,-0.18750790417773056,0.2413793103448276,False,0.0,0.0
OADMET-0003493,5.42,4.95989977781055,4.95989977781055,0.4601002221894497,0.4601002221894497,0.2,False,0.0,0.0
OADMET-0003492,5.47,5.413647480844294,5.413647480844294,0.056352519155705494,0.056352519155705494,0.25,False,0.0,0.0
OADMET-0003491,4.98,5.116709619355433,5.116709619355433,-0.13670961935543247,-0.13670961935543247,0.22972972972972974,False,0.0,0.0
OADMET-0003490,5.57,5.295243184311875,5.295243184311875,0.27475681568812504,0.27475681568812504,0.25,False,0.0,0.0
OADMET-0003489,5.3,5.532507120058375,5.532507120058375,-0.23250712005837482,-0.23250712005837482,0.23255813953488372,False,0.0,0.0
OADMET-0003488,5.37,5.080976050108381,5.080976050108381,0.28902394989161895,0.28902394989161895,0.25609756097560976,False,0.0,0.0
OADMET-0003487,4.94,5.1421814140764255,5.1421814140764255,-0.2021814140764251,-0.2021814140764251,0.25,False,0.0,0.0
OADMET-0003486,5.880000000000001,5.500206127907466,5.500206127907466,0.37979387209253446,0.37979387209253446,0.26506024096385544,False,0.0,0.0
OADMET-0003485,5.57,5.6778879621653875,5.6778879621653875,-0.10788796216538721,-0.10788796216538721,0.22784810126582278,False,0.0,0.0
OADMET-0003484,5.39,5.34722753265529,5.34722753265529,0.04277246734470985,0.04277246734470985,0.20689655172413793,False,0.0,0.0
OADMET-0003483,5.45,5.305100486810925,5.305100486810925,0.1448995131890749,0.1448995131890749,0.22826086956521738,False,0.0,0.0
OADMET-0003482,5.43,5.248899549882388,5.248899549882388,0.18110045011761144,0.18110045011761144,0.18421052631578946,False,0.0,0.0
OADMET-0003481,5.38,5.318725969490496,5.318725969490496,0.06127403050950431,0.06127403050950431,0.22448979591836735,False,0.0,0.0
OADMET-0003480,5.33,5.025764896105795,5.078304125364583,0.3042351038942055,0.2516958746354172,0.39705882352941174,False,0.17513076419596155,0.0
OADMET-0003479,4.92,5.372298655926603,5.372298655926603,-0.4522986559266027,-0.4522986559266027,0.265625,False,0.0,0.0
OADMET-0003478,1.83,3.372048551827958,3.372048551827958,-1.5420485518279579,-1.5420485518279579,0.18556701030927836,False,0.0,0.0
OADMET-0003477,5.9,5.4565187417187735,5.4565187417187735,0.44348125828122686,0.44348125828122686,0.26804123711340205,False,0.0,0.0
OADMET-0003476,4.79,5.100885311145227,5.100885311145227,-0.3108853111452268,-0.3108853111452268,0.2857142857142857,False,0.0,0.0
OADMET-0003475,4.9,5.131602013226852,5.131602013226852,-0.23160201322685126,-0.23160201322685126,0.18666666666666668,False,0.0,0.0
OADMET-0003474,5.89,5.727638934885414,5.727638934885414,0.16236106511458548,0.16236106511458548,0.2619047619047619,False,0.0,0.0
OADMET-0003473,5.98,5.30559048073963,5.30559048073963,0.6744095192603705,0.6744095192603705,0.2375,False,0.0,0.0
OADMET-0003472,6.015000000000001,5.550502771081276,5.929422060887084,0.4644972289187246,0.085577939112917,1.0,False,1.2630642993526924,0.0
OADMET-0003471,5.4,4.8129383540847925,4.8129383540847925,0.5870616459152078,0.5870616459152078,0.23076923076923078,False,0.0,0.0
OADMET-0003470,5.82,5.2179448479587585,5.2179448479587585,0.6020551520412418,0.6020551520412418,0.20652173913043478,False,0.0,0.0
OADMET-0003469,4.82,5.155207232364173,5.155207232364173,-0.3352072323641728,-0.3352072323641728,0.22972972972972974,False,0.0,0.0
OADMET-0003468,1.85,4.5798248422956,4.5798248422956,-2.7298248422955997,-2.7298248422955997,0.16326530612244897,False,0.0,0.0
OADMET-0003467,6.494999999999999,5.627243187589553,6.00616247739536,0.8677568124104464,0.48883752260463886,1.0,False,1.2630642993526924,0.0
OADMET-0003466,5.3,5.204379200240941,5.204379200240941,0.09562079975905924,0.09562079975905924,0.21951219512195122,False,0.0,0.0
OADMET-0003465,5.54,5.447966294149751,5.447966294149751,0.09203370585024917,0.09203370585024917,0.2625,False,0.0,0.0
OADMET-0003464,5.16,4.991653393773199,4.991653393773199,0.16834660622680087,0.16834660622680087,0.22784810126582278,False,0.0,0.0
OADMET-0003463,5.14,5.364642788368521,5.364642788368521,-0.22464278836852092,-0.22464278836852092,0.19767441860465115,False,0.0,0.0
OADMET-0003462,4.92,5.276112726128217,5.276112726128217,-0.35611272612821665,-0.35611272612821665,0.20833333333333334,False,0.0,0.0
OADMET-0003461,1.76,2.564117825262755,2.564117825262755,-0.804117825262755,-0.804117825262755,0.1566265060240964,False,0.0,0.0
OADMET-0003460,5.555,5.375078113102218,5.375078113102218,0.1799218868977821,0.1799218868977821,0.22580645161290322,False,0.0,0.0
OADMET-0003459,5.04,5.240428762065553,5.240428762065553,-0.20042876206555338,-0.20042876206555338,0.19318181818181818,False,0.0,0.0
OADMET-0003458,2.05,3.5234301109915798,3.5234301109915798,-1.47343011099158,-1.47343011099158,0.17582417582417584,False,0.0,0.0
OADMET-0003457,5.25,4.929826036008816,4.929826036008816,0.32017396399118425,0.32017396399118425,0.24050632911392406,False,0.0,0.0
OADMET-0003456,1.79,3.305875045581929,3.305875045581929,-1.5158750455819288,-1.5158750455819288,0.28205128205128205,False,0.0,0.0
OADMET-0003455,5.47,5.160041419510702,5.160041419510702,0.3099585804892975,0.3099585804892975,0.2597402597402597,False,0.0,0.0
OADMET-0003454,1.78,3.6971976956117496,3.6971976956117496,-1.9171976956117496,-1.9171976956117496,0.21686746987951808,False,0.0,0.0
OADMET-0003453,5.28,5.2133317424255665,5.2133317424255665,0.06666825757443373,0.06666825757443373,0.22093023255813954,False,0.0,0.0
OADMET-0003452,5.67,5.1623508004308905,5.1623508004308905,0.5076491995691095,0.5076491995691095,0.18421052631578946,False,0.0,0.0
OADMET-0003451,5.66,5.47715424264519,5.47715424264519,0.18284575735481035,0.18284575735481035,0.25882352941176473,False,0.0,0.0
OADMET-0003450,5.28,5.227325833190992,5.227325833190992,0.05267416680900805,0.05267416680900805,0.21348314606741572,False,0.0,0.0
OADMET-0003449,5.57,5.0506826125302355,5.0506826125302355,0.5193173874697647,0.5193173874697647,0.2125,False,0.0,0.0
OADMET-0003448,5.01,4.941991678719381,4.941991678719381,0.06800832128061884,0.06800832128061884,0.2289156626506024,False,0.0,0.0
OADMET-0003447,5.49,5.160946027052056,5.160946027052056,0.3290539729479445,0.3290539729479445,0.23333333333333334,False,0.0,0.0
OADMET-0003446,5.35,5.578455794204785,5.578455794204785,-0.2284557942047858,-0.2284557942047858,0.21794871794871795,False,0.0,0.0
OADMET-0003445,5.21,5.266311433940258,5.266311433940258,-0.05631143394025795,-0.05631143394025795,0.20987654320987653,False,0.0,0.0
OADMET-0003444,2.55,3.166147361102613,3.166147361102613,-0.6161473611026134,-0.6161473611026134,0.1724137931034483,False,0.0,0.0
OADMET-0003443,2.49,3.1775587445323903,3.1811498282096133,-0.6875587445323901,-0.6911498282096131,0.3076923076923077,False,0.011970278924077064,0.0
OADMET-0003442,6.325,5.757792975370165,6.084581589997468,0.5672070246298349,0.2404184100025324,1.0,False,1.0892953820910087,0.0
OADMET-0003441,5.75,5.419509931906913,5.419509931906913,0.3304900680930869,0.3304900680930869,0.23863636363636365,False,0.0,0.0
OADMET-0003440,5.49,5.253548824208455,5.253548824208455,0.2364511757915455,0.2364511757915455,0.2073170731707317,False,0.0,0.0
OADMET-0003439,5.33,5.0340624475942075,5.0340624475942075,0.29593755240579256,0.29593755240579256,0.19736842105263158,False,0.0,0.0
OADMET-0003438,6.0,5.457741744078479,5.836661033884287,0.5422582559215208,0.1633389661157132,1.0,False,1.2630642993526924,0.0
OADMET-0003437,5.955,5.4394581803997735,5.4394581803997735,0.5155418196002266,0.5155418196002266,0.24691358024691357,False,0.0,0.0
OADMET-0003436,5.859999999999999,5.573357907545219,5.573357907545219,0.28664209245478034,0.28664209245478034,0.2558139534883721,False,0.0,0.0
OADMET-0003435,5.56,5.569033153543194,5.643927181469587,-0.009033153543194672,-0.083927181469587,0.4383561643835616,False,0.24964675975464176,0.0
OADMET-0003434,6.01,5.3956057694351784,5.722394384062481,0.6143942305648213,0.2876056159375189,1.0,False,1.0892953820910087,0.0
OADMET-0003433,5.83,5.696050663133269,5.696050663133269,0.13394933686673127,0.13394933686673127,0.2777777777777778,False,0.0,0.0
OADMET-0003432,5.48,5.167791632078226,5.167791632078226,0.31220836792177487,0.31220836792177487,0.20512820512820512,False,0.0,0.0
OADMET-0003431,5.7,5.2527561727079375,5.2527561727079375,0.4472438272920627,0.4472438272920627,0.2289156626506024,False,0.0,0.0
OADMET-0003430,3.79,4.4002160222784985,4.4002160222784985,-0.6102160222784985,-0.6102160222784985,0.25882352941176473,False,0.0,0.0
OADMET-0003429,5.31,5.030385698855502,5.030385698855502,0.27961430114449737,0.27961430114449737,0.27941176470588236,False,0.0,0.0
OADMET-0003428,5.09,4.929077823648175,4.929077823648175,0.16092217635182493,0.16092217635182493,0.2,False,0.0,0.0
OADMET-0003427,5.34,5.541427534529307,5.541427534529307,-0.20142753452930684,-0.20142753452930684,0.24285714285714285,False,0.0,0.0
OADMET-0003426,5.49,5.270299886268319,5.270299886268319,0.2197001137316814,0.2197001137316814,0.18518518518518517,False,0.0,0.0
OADMET-0003425,5.59,5.053221165092246,5.053221165092246,0.5367788349077536,0.5367788349077536,0.2441860465116279,False,0.0,0.0
OADMET-0003424,5.69,5.373178790148022,5.373178790148022,0.3168212098519785,0.3168212098519785,0.2602739726027397,False,0.0,0.0
OADMET-0003423,3.0,3.370500018179995,3.370500018179995,-0.3705000181799951,-0.3705000181799951,0.14444444444444443,False,0.0,0.0
OADMET-0003422,5.53,5.122295802542307,5.122295802542307,0.4077041974576936,0.4077041974576936,0.2857142857142857,False,0.0,0.0
OADMET-0003421,3.38,3.217484820352017,3.217484820352017,0.16251517964798268,0.16251517964798268,0.27631578947368424,False,0.0,0.0
OADMET-0003420,5.3,5.383181129150021,5.383181129150021,-0.08318112915002107,-0.08318112915002107,0.26506024096385544,False,0.0,0.0
OADMET-0003419,5.68,5.531821214805529,5.531821214805529,0.14817878519447092,0.14817878519447092,0.22784810126582278,False,0.0,0.0
OADMET-0003418,5.44,5.359954886992001,5.359954886992001,0.08004511300799955,0.08004511300799955,0.22077922077922077,False,0.0,0.0
OADMET-0003417,5.87,5.883200209349105,5.883200209349105,-0.013200209349104597,-0.013200209349104597,0.2191780821917808,False,0.0,0.0
OADMET-0003416,4.81,3.069023208826491,3.069023208826491,1.7409767911735088,1.7409767911735088,0.2619047619047619,False,0.0,0.0
OADMET-0003415,5.89,5.219248983235035,5.219248983235035,0.6707510167649646,0.6707510167649646,0.25333333333333335,False,0.0,0.0
OADMET-0003414,6.845,5.67419717196122,6.0531164617670274,1.1708028280387799,0.7918835382329723,1.0,False,1.2630642993526924,0.0
OADMET-0003413,5.54,5.220199565748566,5.220199565748566,0.3198004342514338,0.3198004342514338,0.21,False,0.0,0.0
OADMET-0003412,5.975,5.62681390429006,5.62681390429006,0.34818609570993964,0.34818609570993964,0.22727272727272727,False,0.0,0.0
OADMET-0003411,5.8,5.263065775158336,5.263065775158336,0.536934224841664,0.536934224841664,0.20454545454545456,False,0.0,0.0
OADMET-0003410,2.28,3.8356501433455827,3.8356501433455827,-1.555650143345583,-1.555650143345583,0.22727272727272727,False,0.0,0.0
OADMET-0003409,6.41,5.67085813619558,5.67085813619558,0.73914186380442,0.73914186380442,0.1794871794871795,False,0.0,0.0
OADMET-0003408,5.45,5.136435642520201,5.136435642520201,0.31356435747979905,0.31356435747979905,0.18181818181818182,False,0.0,0.0
OADMET-0003407,5.48,5.4604736119798085,5.468179050008154,0.01952638802019191,0.011820949991846241,0.3170731707317073,False,0.02568479342781959,0.0
OADMET-0003406,5.85,5.4457066434101,5.4457066434101,0.40429335658989984,0.40429335658989984,0.25,False,0.0,0.0
OADMET-0003405,2.42,2.6587588967628846,2.6587588967628846,-0.23875889676288464,-0.23875889676288464,0.2716049382716049,False,0.0,0.0
OADMET-0003404,5.88,5.394736986715817,5.394736986715817,0.4852630132841833,0.4852630132841833,0.2608695652173913,False,0.0,0.0
OADMET-0003403,5.61,5.363941179432915,5.433538600009492,0.24605882056708506,0.17646139999050803,0.42857142857142855,False,0.2319914019219231,0.0
OADMET-0003402,5.81,5.165668093116539,5.165668093116539,0.644331906883461,0.644331906883461,0.24358974358974358,False,0.0,0.0
OADMET-0003401,5.25,5.231505214357838,5.231505214357838,0.01849478564216156,0.01849478564216156,0.22077922077922077,False,0.0,0.0
OADMET-0003400,5.38,5.24989886098695,5.24989886098695,0.13010113901304976,0.13010113901304976,0.2441860465116279,False,0.0,0.0
OADMET-0003399,5.3,5.243327147520862,5.243327147520862,0.05667285247913778,0.05667285247913778,0.21052631578947367,False,0.0,0.0
OADMET-0003398,5.33,5.411714577211917,5.4461617853760815,-0.08171457721191722,-0.11616178537608146,0.36363636363636365,False,0.11482402721388119,0.0
OADMET-0003397,6.470000000000001,5.423740841809986,5.739663800972166,1.046259158190015,0.7303361990278345,1.0,False,1.0530765305406022,0.0
OADMET-0003396,5.33,5.487327889331336,5.487327889331336,-0.15732788933133612,-0.15732788933133612,0.22972972972972974,False,0.0,0.0
OADMET-0003395,5.58,5.348028106133914,5.348028106133914,0.23197189386608574,0.23197189386608574,0.25,False,0.0,0.0
OADMET-0003394,1.74,3.050661897080616,3.050661897080616,-1.3106618970806159,-1.3106618970806159,0.1566265060240964,False,0.0,0.0
OADMET-0003393,1.97,3.6016376229165825,3.6016376229165825,-1.6316376229165825,-1.6316376229165825,0.17857142857142858,False,0.0,0.0
OADMET-0003392,3.33,2.7470826886232618,2.7470826886232618,0.5829173113767383,0.5829173113767383,0.2261904761904762,False,0.0,0.0
OADMET-0003391,5.06,5.134609836513556,5.134609836513556,-0.0746098365135568,-0.0746098365135568,0.22988505747126436,False,0.0,0.0
OADMET-0003390,5.29,5.196045172098771,5.196045172098771,0.09395482790122944,0.09395482790122944,0.23170731707317074,False,0.0,0.0
OADMET-0003389,5.31,5.204829611824554,5.204829611824554,0.10517038817544577,0.10517038817544577,0.22727272727272727,False,0.0,0.0
OADMET-0003388,5.5,5.339785802943036,5.339785802943036,0.16021419705696438,0.16021419705696438,0.21951219512195122,False,0.0,0.0
OADMET-0003387,4.97,4.819795304363214,4.819795304363214,0.15020469563678596,0.15020469563678596,0.24691358024691357,False,0.0,0.0
OADMET-0003386,3.35,2.8958620997308526,2.8958620997308526,0.45413790026914747,0.45413790026914747,0.2345679012345679,False,0.0,0.0
OADMET-0003385,5.48,5.119574563017169,5.119574563017169,0.36042543698283147,0.36042543698283147,0.22077922077922077,False,0.0,0.0
OADMET-0003384,5.16,5.272007832017916,5.272007832017916,-0.11200783201791609,-0.11200783201791609,0.21348314606741572,False,0.0,0.0
OADMET-0003383,5.38,4.912693524129182,4.912693524129182,0.4673064758708181,0.4673064758708181,0.23809523809523808,False,0.0,0.0
OADMET-0003381,4.635,4.331098676653742,4.331098676653742,0.30390132334625797,0.30390132334625797,0.22580645161290322,False,0.0,0.0
OADMET-0003380,5.02,5.228894349440788,5.228894349440788,-0.20889434944078822,-0.20889434944078822,0.22727272727272727,False,0.0,0.0
OADMET-0003379,5.68,5.2526351308359684,5.2526351308359684,0.42736486916403127,0.42736486916403127,0.2077922077922078,False,0.0,0.0
OADMET-0003378,5.51,5.209406589998782,5.209406589998782,0.300593410001218,0.300593410001218,0.20512820512820512,False,0.0,0.0
OADMET-0003377,5.57,5.192591548428952,5.192591548428952,0.3774084515710481,0.3774084515710481,0.22988505747126436,False,0.0,0.0
OADMET-0003376,5.81,5.497556385484714,5.497556385484714,0.3124436145152858,0.3124436145152858,0.2962962962962963,False,0.0,0.0
OADMET-0003375,5.19,5.081506582602714,5.081506582602714,0.10849341739728668,0.10849341739728668,0.24675324675324675,False,0.0,0.0
OADMET-0003374,5.16,5.154124973815621,5.154124973815621,0.00587502618437874,0.00587502618437874,0.17647058823529413,False,0.0,0.0
OADMET-0003373,1.86,2.95076675253007,2.95076675253007,-1.09076675253007,-1.09076675253007,0.2702702702702703,False,0.0,0.0
OADMET-0003372,5.37,5.507532484091601,5.536190245505486,-0.1375324840916008,-0.16619024550548556,0.35294117647058826,False,0.09552587137961546,0.0
OADMET-0003371,5.05,4.947323446829342,4.947323446829342,0.10267655317065749,0.10267655317065749,0.18823529411764706,False,0.0,0.0
OADMET-0003370,2.45,3.206499372523965,3.206499372523965,-0.7564993725239648,-0.7564993725239648,0.2073170731707317,False,0.0,0.0
OADMET-0003369,1.96,3.1081605241136643,3.1081605241136643,-1.1481605241136643,-1.1481605241136643,0.22727272727272727,False,0.0,0.0
OADMET-0003368,6.27,5.481273721259774,5.860193011065582,0.7887262787402252,0.4098069889344176,1.0,False,1.2630642993526924,0.0
OADMET-0003367,5.56,5.235041485480892,5.235041485480892,0.32495851451910784,0.32495851451910784,0.2247191011235955,False,0.0,0.0
OADMET-0003366,5.59,4.852775093884144,4.852775093884144,0.7372249061158556,0.7372249061158556,0.20512820512820512,False,0.0,0.0
OADMET-0003365,5.58,5.359163400501881,5.359163400501881,0.22083659949811896,0.22083659949811896,0.28,False,0.0,0.0
OADMET-0003364,3.18,4.284557676083834,4.284557676083834,-1.1045576760838336,-1.1045576760838336,0.23469387755102042,False,0.0,0.0
OADMET-0003363,5.84,5.196397385319459,5.196397385319459,0.6436026146805407,0.6436026146805407,0.2375,False,0.0,0.0
OADMET-0003362,5.61,5.320960503874472,5.320960503874472,0.28903949612552804,0.28903949612552804,0.23809523809523808,False,0.0,0.0
OADMET-0003361,1.88,2.8476919423029257,2.8476919423029257,-0.9676919423029258,-0.9676919423029258,0.24358974358974358,False,0.0,0.0
OADMET-0003360,5.39,5.415197804830607,5.415197804830607,-0.025197804830606962,-0.025197804830606962,0.15853658536585366,False,0.0,0.0
OADMET-0003358,4.86,5.198470759623259,5.198470759623259,-0.33847075962325857,-0.33847075962325857,0.26436781609195403,False,0.0,0.0
OADMET-0003357,6.255,5.49110094227837,5.870020232084178,0.7638990577216296,0.384979767915822,1.0,False,1.2630642993526924,0.0
OADMET-0003356,5.45,5.393408457515308,5.393408457515308,0.05659154248469189,0.05659154248469189,0.2345679012345679,False,0.0,0.0
OADMET-0003355,2.96,3.128135531156966,3.128135531156966,-0.1681355311569659,-0.1681355311569659,0.22988505747126436,False,0.0,0.0
OADMET-0003354,3.9,3.0634021507883533,3.0634021507883533,0.8365978492116466,0.8365978492116466,0.21686746987951808,False,0.0,0.0
OADMET-0003353,5.64,5.2445326270409005,5.246179546524365,0.3954673729590992,0.39382045347563466,0.3037974683544304,False,0.005489731611547929,0.0
OADMET-0003352,5.59,5.381193166566126,5.381193166566126,0.20880683343387396,0.20880683343387396,0.23376623376623376,False,0.0,0.0
OADMET-0003351,5.07,4.966001190722567,4.966001190722567,0.10399880927743332,0.10399880927743332,0.1978021978021978,False,0.0,0.0
OADMET-0003350,5.82,5.316528180039045,5.316528180039045,0.5034718199609554,0.5034718199609554,0.21839080459770116,False,0.0,0.0
OADMET-0003349,5.41,5.355959858014745,5.355959858014745,0.0540401419852552,0.0540401419852552,0.19767441860465115,False,0.0,0.0
OADMET-0003348,6.33,5.5995274210439145,5.926316035671217,0.7304725789560855,0.40368396432878306,1.0,False,1.0892953820910087,0.0
OADMET-0003347,5.83,5.280424202993078,5.280424202993078,0.5495757970069217,0.5495757970069217,0.2125,False,0.0,0.0
OADMET-0003346,5.34,4.924940442807467,4.924940442807467,0.4150595571925333,0.4150595571925333,0.18556701030927836,False,0.0,0.0
OADMET-0003345,4.975,5.323961031321183,5.323961031321183,-0.34896103132118306,-0.34896103132118306,0.26136363636363635,False,0.0,0.0
OADMET-0003344,6.26,5.459459855949994,5.786248470577297,0.8005401440500055,0.47375152942270304,1.0,False,1.0892953820910087,0.0
OADMET-0003343,5.965,5.117630631020925,5.117630631020925,0.8473693689790744,0.8473693689790744,0.20253164556962025,False,0.0,0.0
OADMET-0003342,5.38,5.134680667432766,5.175888009932181,0.2453193325672336,0.204111990067819,0.391304347826087,False,0.13735780833138295,0.0
OADMET-0003341,6.09,5.704327677985996,6.083246967791804,0.3856723220140035,0.006753032208195897,1.0,False,1.2630642993526924,0.0
OADMET-0003340,4.98,5.092408224911366,5.092408224911366,-0.11240822491136537,-0.11240822491136537,0.2289156626506024,False,0.0,0.0
OADMET-0003339,2.62,3.0139071496944982,3.0139071496944982,-0.39390714969449814,-0.39390714969449814,0.16901408450704225,False,0.0,0.0
OADMET-0003338,5.42,5.037341504189574,5.037341504189574,0.38265849581042577,0.38265849581042577,0.17708333333333334,False,0.0,0.0
OADMET-0003337,5.01,5.4122289407600475,5.4122289407600475,-0.40222894076004767,-0.40222894076004767,0.21505376344086022,False,0.0,0.0
OADMET-0003336,5.65,5.6854474093150165,5.6854474093150165,-0.03544740931501611,-0.03544740931501611,0.22972972972972974,False,0.0,0.0
OADMET-0003335,1.85,4.154678157926763,4.154678157926763,-2.304678157926763,-2.304678157926763,0.20987654320987653,False,0.0,0.0
OADMET-0003334,6.16,5.811434501351663,6.19035379115747,0.3485654986483375,-0.030353791157470056,1.0,False,1.2630642993526924,0.0
OADMET-0003333,5.44,5.583541857154624,5.592438037612312,-0.14354185715462364,-0.15243803761231156,0.32051282051282054,False,0.02965393485895965,0.0
OADMET-0003332,5.29,5.213412651506442,5.213412651506442,0.07658734849355842,0.07658734849355842,0.1951219512195122,False,0.0,0.0
OADMET-0003331,5.67,5.227857975357944,5.227857975357944,0.442142024642056,0.442142024642056,0.22727272727272727,False,0.0,0.0
OADMET-0003330,5.29,5.399370505971816,5.399370505971816,-0.10937050597181575,-0.10937050597181575,0.2125,False,0.0,0.0
OADMET-0003329,5.67,5.155656981236726,5.155656981236726,0.5143430187632738,0.5143430187632738,0.19387755102040816,False,0.0,0.0
OADMET-0003328,5.13,5.432304539263827,5.432304539263827,-0.30230453926382683,-0.30230453926382683,0.19767441860465115,False,0.0,0.0
OADMET-0003327,5.69,5.4400886044918915,5.4400886044918915,0.24991139550810892,0.24991139550810892,0.21951219512195122,False,0.0,0.0
OADMET-0003326,5.39,5.149902349305384,5.149902349305384,0.24009765069461597,0.24009765069461597,0.19736842105263158,False,0.0,0.0
OADMET-0003325,5.69,5.3484876609543,5.3484876609543,0.34151233904570066,0.34151233904570066,0.20253164556962025,False,0.0,0.0
OADMET-0003324,5.86,5.214820926629224,5.214820926629224,0.6451790733707767,0.6451790733707767,0.20454545454545456,False,0.0,0.0
OADMET-0003323,2.69,3.7104254967958026,3.7104254967958026,-1.0204254967958026,-1.0204254967958026,0.23595505617977527,False,0.0,0.0
OADMET-0003322,6.23,5.308870195416571,5.687789485222378,0.9211298045834297,0.5422105147776222,1.0,False,1.2630642993526924,0.0
OADMET-0003321,5.84,5.577465681196416,5.577465681196416,0.262534318803584,0.262534318803584,0.23170731707317074,False,0.0,0.0
OADMET-0003320,5.24,5.104437862785117,5.104437862785117,0.1355621372148832,0.1355621372148832,0.19767441860465115,False,0.0,0.0
OADMET-0003319,5.13,5.232601001424697,5.232601001424697,-0.10260100142469675,-0.10260100142469675,0.2361111111111111,False,0.0,0.0
OADMET-0003318,5.45,5.015578290328238,5.015578290328238,0.43442170967176175,0.43442170967176175,0.25,False,0.0,0.0
OADMET-0003317,2.65,2.726489502943835,2.726489502943835,-0.07648950294383505,-0.07648950294383505,0.19767441860465115,False,0.0,0.0
OADMET-0003316,5.945,5.674500823715357,5.674500823715357,0.27049917628464293,0.27049917628464293,0.22666666666666666,False,0.0,0.0
OADMET-0003315,5.1,4.880921609424851,4.880921609424851,0.21907839057514877,0.21907839057514877,0.20930232558139536,False,0.0,0.0
OADMET-0003314,5.77,5.402215569227645,5.402215569227645,0.367784430772355,0.367784430772355,0.18681318681318682,False,0.0,0.0
OADMET-0003313,3.31,3.4995586259851175,3.4995586259851175,-0.1895586259851174,-0.1895586259851174,0.2716049382716049,False,0.0,0.0
OADMET-0003312,5.865,5.310659670829773,5.310659670829773,0.5543403291702269,0.5543403291702269,0.23809523809523808,False,0.0,0.0
OADMET-0003311,5.78,5.584857368469239,5.584857368469239,0.1951426315307616,0.1951426315307616,0.20689655172413793,False,0.0,0.0
OADMET-0003310,5.64,5.197887451208911,5.197887451208911,0.44211254879108886,0.44211254879108886,0.19047619047619047,False,0.0,0.0
OADMET-0003309,5.33,5.225618260809519,5.225618260809519,0.10438173919048133,0.10438173919048133,0.23255813953488372,False,0.0,0.0
OADMET-0003308,5.0,5.1663708508593364,5.1663708508593364,-0.16637085085933645,-0.16637085085933645,0.2289156626506024,False,0.0,0.0
OADMET-0003306,5.76,5.728624691546542,5.728624691546542,0.03137530845345804,0.03137530845345804,0.26865671641791045,False,0.0,0.0
OADMET-0003305,1.83,4.083354744633425,4.083354744633425,-2.253354744633425,-2.253354744633425,0.19753086419753085,False,0.0,0.0
OADMET-0003303,5.62,5.681035550358226,5.681035550358226,-0.061035550358226054,-0.061035550358226054,0.23595505617977527,False,0.0,0.0
OADMET-0003302,4.86,4.805322632974791,4.805322632974791,0.0546773670252092,0.0546773670252092,0.20430107526881722,False,0.0,0.0
OADMET-0003301,5.42,5.237128291546719,5.237128291546719,0.1828717084532805,0.1828717084532805,0.24390243902439024,False,0.0,0.0
OADMET-0003300,5.27,5.324304885308719,5.341969134748033,-0.0543048853087198,-0.07196913474803335,0.33783783783783783,False,0.058880831464378856,0.0
OADMET-0003299,4.75,5.134209274782718,5.134209274782718,-0.3842092747827177,-0.3842092747827177,0.273972602739726,False,0.0,0.0
OADMET-0003298,5.85,5.446948168578658,5.446948168578658,0.40305183142134204,0.40305183142134204,0.25396825396825395,False,0.0,0.0
OADMET-0003297,5.55,5.473205135632487,5.473205135632487,0.07679486436751315,0.07679486436751315,0.1919191919191919,False,0.0,0.0
OADMET-0003296,5.77,5.47905326028472,5.492410341001437,0.2909467397152792,0.27758965899856225,0.3246753246753247,False,0.04452360238905597,0.0
OADMET-0003295,1.73,4.24452030450395,4.24452030450395,-2.5145203045039497,-2.5145203045039497,0.2261904761904762,False,0.0,0.0
OADMET-0003294,5.23,5.308237376722317,5.308237376722317,-0.07823737672231701,-0.07823737672231701,0.275,False,0.0,0.0
OADMET-0003293,5.25,5.022398383409074,5.022398383409074,0.22760161659092581,0.22760161659092581,0.25609756097560976,False,0.0,0.0
OADMET-0003292,5.43,5.594431235026387,5.594431235026387,-0.16443123502638723,-0.16443123502638723,0.25,False,0.0,0.0
OADMET-0003291,5.865,5.426017698037971,5.426017698037971,0.4389823019620289,0.4389823019620289,0.21176470588235294,False,0.0,0.0
OADMET-0003289,5.2,5.2923973345062105,5.2923973345062105,-0.09239733450621035,-0.09239733450621035,0.20987654320987653,False,0.0,0.0
OADMET-0003288,5.39,4.989986574997022,4.989986574997022,0.4000134250029781,0.4000134250029781,0.17721518987341772,False,0.0,0.0
OADMET-0003287,5.27,5.666563457424201,5.666563457424201,-0.3965634574242012,-0.3965634574242012,0.20512820512820512,False,0.0,0.0
OADMET-0003286,5.51,5.165565223832733,5.165565223832733,0.34443477616726703,0.34443477616726703,0.19480519480519481,False,0.0,0.0
OADMET-0003285,1.73,4.437511754267424,4.437511754267424,-2.7075117542674243,-2.7075117542674243,0.24705882352941178,False,0.0,0.0
OADMET-0003284,4.89,5.413801855253942,5.413801855253942,-0.5238018552539421,-0.5238018552539421,0.21686746987951808,False,0.0,0.0
OADMET-0003283,5.79,5.600723610803919,5.600723610803919,0.18927638919608114,0.18927638919608114,0.16666666666666666,False,0.0,0.0
OADMET-0003282,5.55,5.6786387790754,5.6786387790754,-0.12863877907540022,-0.12863877907540022,0.16049382716049382,False,0.0,0.0
OADMET-0003281,5.45,4.861880803339689,4.861880803339689,0.588119196660311,0.588119196660311,0.24050632911392406,False,0.0,0.0
OADMET-0003280,5.32,5.199232165558824,5.199232165558824,0.12076783444117645,0.12076783444117645,0.2,False,0.0,0.0
OADMET-0003279,4.98,5.4723506110385784,5.4723506110385784,-0.492350611038578,-0.492350611038578,0.23595505617977527,False,0.0,0.0
OADMET-0003278,5.31,5.3451195473809845,5.3451195473809845,-0.035119547380984883,-0.035119547380984883,0.2716049382716049,False,0.0,0.0
OADMET-0003277,5.85,5.566434118585679,5.566434118585679,0.2835658814143205,0.2835658814143205,0.25316455696202533,False,0.0,0.0
OADMET-0003276,5.79,4.811319617391789,4.870458998843464,0.9786803826082107,0.9195410011565359,0.43636363636363634,False,0.19713127150558366,0.0
OADMET-0003275,5.96,5.478232403866295,5.478232403866295,0.4817675961337047,0.4817675961337047,0.17777777777777778,False,0.0,0.0
OADMET-0003274,1.74,2.849132540040803,2.849132540040803,-1.1091325400408032,-1.1091325400408032,0.1927710843373494,False,0.0,0.0
OADMET-0003273,5.54,5.624002868920854,5.624002868920854,-0.08400286892085429,-0.08400286892085429,0.22077922077922077,False,0.0,0.0
OADMET-0003272,5.13,5.5689015842178495,5.5689015842178495,-0.43890158421784964,-0.43890158421784964,0.21052631578947367,False,0.0,0.0
OADMET-0003271,5.62,5.122496827134809,5.134420705389914,0.4975031728651915,0.4855792946100861,0.3333333333333333,False,0.039746260850352745,0.0
OADMET-0003270,5.99,5.428585766820074,5.428585766820074,0.5614142331799261,0.5614142331799261,0.20588235294117646,False,0.0,0.0
OADMET-0003269,5.83,5.0200005487330905,5.0200005487330905,0.8099994512669095,0.8099994512669095,0.25,False,0.0,0.0
OADMET-0003268,4.99,4.884053504351273,4.884053504351273,0.10594649564872682,0.10594649564872682,0.1797752808988764,False,0.0,0.0
OADMET-0003267,1.75,3.32913438463674,3.32913438463674,-1.57913438463674,-1.57913438463674,0.16049382716049382,False,0.0,0.0
OADMET-0003266,6.18,5.750781168983977,6.1297004587897845,0.42921883101602276,0.05029954121021518,1.0,False,1.2630642993526924,0.0
OADMET-0003265,5.15,5.3431746570809375,5.3431746570809375,-0.19317465708093717,-0.19317465708093717,0.27419354838709675,False,0.0,0.0
OADMET-0003264,5.265000000000001,5.322309057457932,5.322309057457932,-0.0573090574579318,-0.0573090574579318,0.2345679012345679,False,0.0,0.0
OADMET-0003263,4.78,4.9350292775237445,4.9350292775237445,-0.1550292775237443,-0.1550292775237443,0.19736842105263158,False,0.0,0.0
OADMET-0003262,5.2,5.452399823503587,5.452399823503587,-0.2523998235035867,-0.2523998235035867,0.24675324675324675,False,0.0,0.0
OADMET-0003261,1.74,3.145374342191566,3.1209628541468515,-1.405374342191566,-1.3809628541468515,0.20987654320987653,True,0.0,-0.08137162681571475
OADMET-0003260,5.98,5.347807487237801,5.347807487237801,0.6321925127621997,0.6321925127621997,0.2289156626506024,False,0.0,0.0
OADMET-0003258,6.105,5.15117707067323,5.477965685300532,0.9538229293267708,0.6270343146994684,1.0,False,1.0892953820910087,0.0
OADMET-0003257,6.6850000000000005,5.267643537104709,5.594432151732011,1.4173564628952917,1.0905678482679892,1.0,False,1.0892953820910087,0.0
OADMET-0003256,5.09,5.205271611167389,5.205271611167389,-0.11527161116738949,-0.11527161116738949,0.2125,False,0.0,0.0
OADMET-0003255,5.18,5.0209611878811735,5.0209611878811735,0.1590388121188262,0.1590388121188262,0.24675324675324675,False,0.0,0.0
OADMET-0003254,2.93,3.773811655021408,3.773811655021408,-0.8438116550214079,-0.8438116550214079,0.21875,False,0.0,0.0
OADMET-0003253,5.47,5.361856942732357,5.361856942732357,0.10814305726764317,0.10814305726764317,0.2602739726027397,False,0.0,0.0
OADMET-0003252,5.05,4.796967342293378,4.812528704894678,0.25303265770662176,0.23747129510532172,0.3333333333333333,False,0.05187120867100041,0.0
OADMET-0003251,5.1,5.128473741105459,5.128473741105459,-0.028473741105459638,-0.028473741105459638,0.23595505617977527,False,0.0,0.0
OADMET-0003250,5.06,5.4189975606585,5.4189975606585,-0.3589975606585005,-0.3589975606585005,0.2804878048780488,False,0.0,0.0
OADMET-0003249,5.08,5.3136003910916525,5.3136003910916525,-0.23360039109165243,-0.23360039109165243,0.2413793103448276,False,0.0,0.0
OADMET-0003248,1.83,4.7377456623373675,4.7377456623373675,-2.9077456623373674,-2.9077456623373674,0.20833333333333334,False,0.0,0.0
OADMET-0003247,5.26,5.11888646292455,5.11888646292455,0.1411135370754497,0.1411135370754497,0.19318181818181818,False,0.0,0.0
OADMET-0003246,5.765000000000001,4.999055568685809,4.999055568685809,0.7659444313141917,0.7659444313141917,0.2972972972972973,False,0.0,0.0
OADMET-0003245,5.31,5.605966275178112,5.605966275178112,-0.29596627517811225,-0.29596627517811225,0.2261904761904762,False,0.0,0.0
OADMET-0003244,5.99,5.684864211313933,5.684864211313933,0.3051357886860675,0.3051357886860675,0.2714285714285714,False,0.0,0.0
OADMET-0003243,1.91,3.2869495957800487,3.2869495957800487,-1.3769495957800488,-1.3769495957800488,0.25301204819277107,False,0.0,0.0
OADMET-0003242,5.21,4.987398756129071,4.987398756129071,0.22260124387092883,0.22260124387092883,0.20987654320987653,False,0.0,0.0
OADMET-0003241,5.83,5.412491203974751,5.412491203974751,0.41750879602524904,0.41750879602524904,0.19148936170212766,False,0.0,0.0
OADMET-0003240,6.215,5.5083228092749135,5.887242099080721,0.7066771907250864,0.3277579009192788,1.0,False,1.2630642993526924,0.0
OADMET-0003239,3.78,2.8460652343277792,2.8460652343277792,0.9339347656722206,0.9339347656722206,0.18823529411764706,False,0.0,0.0
OADMET-0003238,5.19,5.421763186084414,5.421763186084414,-0.2317631860844136,-0.2317631860844136,0.24050632911392406,False,0.0,0.0
OADMET-0003237,5.38,5.284746632066745,5.284746632066745,0.095253367933255,0.095253367933255,0.28378378378378377,False,0.0,0.0
OADMET-0003236,1.77,3.7572976893591647,3.7572976893591647,-1.9872976893591647,-1.9872976893591647,0.25882352941176473,False,0.0,0.0
OADMET-0003235,5.19,5.2704793446272316,5.2704793446272316,-0.08047934462723116,-0.08047934462723116,0.23943661971830985,False,0.0,0.0
OADMET-0003234,5.43,5.496720887619315,5.579449896983925,-0.06672088761931505,-0.14944989698392508,0.4528301886792453,False,0.2757633645487011,0.0
OADMET-0003233,5.58,5.388829463430978,5.388829463430978,0.19117053656902172,0.19117053656902172,0.22972972972972974,False,0.0,0.0
OADMET-0003232,4.65,5.010215945151246,5.010215945151246,-0.36021594515124544,-0.36021594515124544,0.1956521739130435,False,0.0,0.0
OADMET-0003231,5.48,5.266151234710101,5.266151234710101,0.2138487652898995,0.2138487652898995,0.21951219512195122,False,0.0,0.0
OADMET-0003230,5.29,5.2549049912147145,5.2549049912147145,0.035095008785285486,0.035095008785285486,0.2328767123287671,False,0.0,0.0
OADMET-0003229,4.97,5.158098412717431,5.158098412717431,-0.188098412717431,-0.188098412717431,0.26153846153846155,False,0.0,0.0
OADMET-0003228,5.4,5.3443227596653315,5.3443227596653315,0.05567724033466881,0.05567724033466881,0.2876712328767123,False,0.0,0.0
OADMET-0003227,5.21,4.861024858882126,4.861024858882126,0.3489751411178741,0.3489751411178741,0.18888888888888888,False,0.0,0.0
OADMET-0003226,5.77,5.470719018260252,5.470719018260252,0.2992809817397477,0.2992809817397477,0.1875,False,0.0,0.0
OADMET-0003225,1.82,2.8806499863133848,2.8806499863133848,-1.0606499863133847,-1.0606499863133847,0.2,False,0.0,0.0
OADMET-0003224,4.12,4.968338553419391,4.968338553419391,-0.8483385534193912,-0.8483385534193912,0.21176470588235294,False,0.0,0.0
OADMET-0003223,5.76,5.341694071686383,5.341694071686383,0.41830592831361635,0.41830592831361635,0.2,False,0.0,0.0
OADMET-0003222,5.1,5.049887859011159,5.049887859011159,0.05011214098884054,0.05011214098884054,0.2375,False,0.0,0.0
OADMET-0003221,5.74,5.307607290814223,5.307607290814223,0.4323927091857769,0.4323927091857769,0.2558139534883721,False,0.0,0.0
OADMET-0003220,5.01,5.241175342763512,5.273790253421032,-0.23117534276351215,-0.2637902534210319,0.3698630136986301,False,0.10871636885839812,0.0
OADMET-0003219,5.17,5.05318164964324,5.05318164964324,0.11681835035675991,0.11681835035675991,0.21176470588235294,False,0.0,0.0
OADMET-0003218,5.11,5.0642748839646865,5.0642748839646865,0.04572511603531382,0.04572511603531382,0.23863636363636365,False,0.0,0.0
OADMET-0003217,4.220000000000001,3.5239114466222743,3.5239114466222743,0.6960885533777263,0.6960885533777263,0.23170731707317074,False,0.0,0.0
OADMET-0003216,1.78,4.262389468336568,4.262389468336568,-2.482389468336568,-2.482389468336568,0.20689655172413793,False,0.0,0.0
OADMET-0003215,5.14,5.313529199303932,5.313529199303932,-0.17352919930393274,-0.17352919930393274,0.28,False,0.0,0.0
OADMET-0003214,5.66,5.317605176712702,5.317605176712702,0.3423948232872984,0.3423948232872984,0.25,False,0.0,0.0
OADMET-0003213,1.75,2.468457912241371,2.468457912241371,-0.7184579122413708,-0.7184579122413708,0.1875,False,0.0,0.0
OADMET-0003212,5.98,5.4875417843605705,5.4875417843605705,0.49245821563942993,0.49245821563942993,0.16666666666666666,False,0.0,0.0
OADMET-0003211,5.6,5.141617474509673,5.141617474509673,0.4583825254903262,0.4583825254903262,0.22727272727272727,False,0.0,0.0
OADMET-0003210,5.3,5.223908182255273,5.223908182255273,0.07609181774472695,0.07609181774472695,0.22093023255813954,False,0.0,0.0
OADMET-0003209,4.95,5.112938052010767,5.112938052010767,-0.16293805201076683,-0.16293805201076683,0.18947368421052632,False,0.0,0.0
OADMET-0003208,5.13,5.195999576975998,5.195999576975998,-0.06599957697599823,-0.06599957697599823,0.1927710843373494,False,0.0,0.0
OADMET-0003207,5.67,5.050767815923228,5.050767815923228,0.6192321840767718,0.6192321840767718,0.21348314606741572,False,0.0,0.0
OADMET-0003206,5.29,5.236636414342714,5.236636414342714,0.05336358565728627,0.05336358565728627,0.1927710843373494,False,0.0,0.0
OADMET-0003205,5.14,5.328141229823955,5.328141229823955,-0.1881412298239553,-0.1881412298239553,0.20224719101123595,False,0.0,0.0
OADMET-0003204,1.87,3.184289678323616,3.184289678323616,-1.314289678323616,-1.314289678323616,0.16326530612244897,False,0.0,0.0
OADMET-0003203,5.78,5.647588109507144,5.647588109507144,0.13241189049285662,0.13241189049285662,0.18681318681318682,False,0.0,0.0
OADMET-0003202,4.96,4.928806753991877,4.928806753991877,0.031193246008123232,0.031193246008123232,0.21428571428571427,False,0.0,0.0
OADMET-0003201,5.71,5.40175317143931,5.40175317143931,0.30824682856068986,0.30824682856068986,0.24096385542168675,False,0.0,0.0
OADMET-0003200,5.89,5.493806081142241,5.493806081142241,0.396193918857759,0.396193918857759,0.22784810126582278,False,0.0,0.0
OADMET-0003199,5.78,5.312943656467697,5.312943656467697,0.4670563435323034,0.4670563435323034,0.21839080459770116,False,0.0,0.0
OADMET-0003198,5.68,5.148481955111605,5.148481955111605,0.5315180448883945,0.5315180448883945,0.21052631578947367,False,0.0,0.0
OADMET-0003197,5.02,5.118382488871084,5.118382488871084,-0.09838248887108403,-0.09838248887108403,0.2638888888888889,False,0.0,0.0
OADMET-0003196,5.16,4.950418439883631,4.950418439883631,0.2095815601163693,0.2095815601163693,0.1875,False,0.0,0.0
OADMET-0003195,5.22,5.221982531640136,5.163615995385986,-0.001982531640136287,0.056384004614013605,0.19480519480519481,True,0.0,-0.19455512084716542
OADMET-0003194,5.35,4.969388023394982,4.972724091066615,0.38061197660501733,0.3772759089333846,0.3076923076923077,False,0.011120225572109888,0.0
OADMET-0003193,1.76,2.997744554223366,2.9790608896997157,-1.2377445542233658,-1.2190608896997157,0.16304347826086957,True,0.0,-0.062278881745500225
OADMET-0003192,5.975,5.597563800765473,5.597563800765473,0.377436199234527,0.377436199234527,0.21348314606741572,False,0.0,0.0
OADMET-0003191,5.05,4.973624817375998,4.910079292692572,0.07637518262400178,0.13992070730742778,0.1797752808988764,True,0.0,-0.21181841561141912
OADMET-0003190,5.66,4.940229234880614,4.876003485861884,0.7197707651193861,0.7839965141381162,0.16883116883116883,True,0.0,-0.21408583006243465
OADMET-0003189,4.71,5.195853192134968,5.195853192134968,-0.485853192134968,-0.485853192134968,0.2916666666666667,False,0.0,0.0
OADMET-0003188,5.18,5.55099329346592,5.55099329346592,-0.37099329346592036,-0.37099329346592036,0.18681318681318682,False,0.0,0.0
OADMET-0003187,5.23,4.629947519765317,4.629947519765317,0.6000524802346838,0.6000524802346838,0.18888888888888888,False,0.0,0.0
OADMET-0003186,6.605,4.962056293533843,4.908327129571188,1.6429437064661574,1.696672870428812,0.2222222222222222,True,0.0,-0.17909721320884842
OADMET-0003185,5.27,5.00428379878257,5.00428379878257,0.26571620121742967,0.26571620121742967,0.2602739726027397,False,0.0,0.0
OADMET-0003184,5.15,5.033113106709083,5.033113106709083,0.11688689329091773,0.11688689329091773,0.24324324324324326,False,0.0,0.0
OADMET-0003183,5.4,5.130435516070394,5.130435516070394,0.2695644839296065,0.2695644839296065,0.2948717948717949,False,0.0,0.0
OADMET-0003182,5.11,5.132150288230007,5.132150288230007,-0.022150288230006865,-0.022150288230006865,0.1927710843373494,False,0.0,0.0
OADMET-0003181,5.64,5.521836581970881,5.521836581970881,0.1181634180291189,0.1181634180291189,0.20987654320987653,False,0.0,0.0
OADMET-0003180,5.27,4.986528674375664,4.986528674375664,0.28347132562433597,0.28347132562433597,0.1839080459770115,False,0.0,0.0
OADMET-0003179,5.15,5.219687519027191,5.145144631681752,-0.06968751902719106,0.0048553683182479546,0.2441860465116279,True,0.0,-0.24847629115146486
OADMET-0003178,4.81,5.019209582134358,4.96446074013206,-0.20920958213435803,-0.1544607401320608,0.19767441860465115,True,0.0,-0.18249614000765657
OADMET-0003177,4.6,4.729602518359434,4.729602518359434,-0.1296025183594347,-0.1296025183594347,0.21839080459770116,False,0.0,0.0
OADMET-0003176,4.78,5.210151256866825,5.210151256866825,-0.4301512568668251,-0.4301512568668251,0.18181818181818182,False,0.0,0.0
OADMET-0003175,4.86,5.121859964815158,5.055279155491801,-0.26185996481515783,-0.19527915549180097,0.2345679012345679,True,0.0,-0.2219360310778562
OADMET-0003174,5.27,5.266392637919454,5.196852356364171,0.003607362080545684,0.07314764363582871,0.26666666666666666,True,0.0,-0.23180093851761008
OADMET-0003173,6.56,5.793679500089109,5.793679500089109,0.7663204999108908,0.7663204999108908,0.19148936170212766,False,0.0,0.0
OADMET-0003172,5.46,4.929946258230117,4.929946258230117,0.5300537417698834,0.5300537417698834,0.16049382716049382,False,0.0,0.0
OADMET-0003171,5.2,4.997509730903847,4.997509730903847,0.20249026909615342,0.20249026909615342,0.1797752808988764,False,0.0,0.0
OADMET-0003170,5.54,5.263548176033982,5.263548176033982,0.27645182396601786,0.27645182396601786,0.2247191011235955,False,0.0,0.0
OADMET-0003168,5.08,5.222346539636259,5.222346539636259,-0.1423465396362591,-0.1423465396362591,0.2441860465116279,False,0.0,0.0
OADMET-0003167,5.63,5.272899328852163,5.199540965645013,0.35710067114783683,0.4304590343549872,0.23333333333333334,True,0.0,-0.24452787735716708
OADMET-0003166,5.77,4.785102827109179,4.785102827109179,0.9848971728908209,0.9848971728908209,0.2289156626506024,False,0.0,0.0
OADMET-0003165,5.74,5.58966634481856,5.58966634481856,0.15033365518144048,0.15033365518144048,0.25773195876288657,False,0.0,0.0
OADMET-0003164,4.92,4.87115883479998,4.805039087620581,0.04884116520002024,0.11496091237941908,0.2222222222222222,True,0.0,-0.22039915726466397
OADMET-0003163,5.3,5.560271771671703,5.495869780283579,-0.2602717716717029,-0.19586978028357915,0.2923076923076923,True,0.0,-0.21467330462708034
OADMET-0003162,5.55,4.845136069094093,4.845136069094093,0.7048639309059066,0.7048639309059066,0.27710843373493976,False,0.0,0.0
OADMET-0003161,5.15,4.839004100179209,4.805514099490112,0.31099589982079134,0.3444859005098886,0.3333333333333333,True,0.06014591901679487,-0.1717792546471193
OADMET-0003160,3.89,3.957692052554158,3.957692052554158,-0.067692052554158,-0.067692052554158,0.2318840579710145,False,0.0,0.0
OADMET-0003159,5.1,5.345562563127684,5.345562563127684,-0.24556256312768454,-0.24556256312768454,0.21839080459770116,False,0.0,0.0
OADMET-0003158,6.39,5.303701607926378,5.303701607926378,1.0862983920736218,1.0862983920736218,0.17582417582417584,False,0.0,0.0
OADMET-0003157,3.03,4.921491304184626,4.884406843173296,-1.8914913041846266,-1.854406843173296,0.32941176470588235,True,0.053069928544230795,-0.17668479858199948
OADMET-0003156,5.015000000000001,5.0356206164776705,5.0356206164776705,-0.020620616477669884,-0.020620616477669884,0.24691358024691357,False,0.0,0.0
OADMET-0003155,5.75,5.138438505802339,5.138438505802339,0.6115614941976606,0.6115614941976606,0.18823529411764706,False,0.0,0.0
OADMET-0003154,5.6,5.167038175203268,5.167038175203268,0.43296182479673195,0.43296182479673195,0.20224719101123595,False,0.0,0.0
OADMET-0003153,5.52,5.267821635088874,5.267821635088874,0.252178364911126,0.252178364911126,0.21176470588235294,False,0.0,0.0
OADMET-0003152,5.29,5.159306600950297,5.159306600950297,0.13069339904970345,0.13069339904970345,0.27848101265822783,False,0.0,0.0
OADMET-0003151,5.63,4.334194318530629,4.281051774059108,1.2958056814693713,1.3489482259408918,0.21176470588235294,True,0.0,-0.17714181490506853
OADMET-0003150,4.86,5.060516828472174,5.060516828472174,-0.2005168284721739,-0.2005168284721739,0.25287356321839083,False,0.0,0.0
OADMET-0003149,5.74,5.198474335670471,5.198474335670471,0.5415256643295292,0.5415256643295292,0.20430107526881722,False,0.0,0.0
OADMET-0003148,5.66,5.652966287529584,5.652966287529584,0.007033712470415843,0.007033712470415843,0.20430107526881722,False,0.0,0.0
OADMET-0003147,1.74,2.514432901896319,2.516801242368314,-0.7744329018963192,-0.7768012423683139,0.16091954022988506,True,0.0,0.007894468239982633
OADMET-0003146,3.64,3.110244874120916,3.110244874120916,0.5297551258790842,0.5297551258790842,0.2191780821917808,False,0.0,0.0
OADMET-0003145,3.29,2.9652332051286416,2.9471295791211083,0.3247667948713584,0.34287042087889175,0.1744186046511628,True,0.0,-0.06034542002511101
OADMET-0003144,5.11,4.83898171151726,4.83898171151726,0.27101828848274057,0.27101828848274057,0.2558139534883721,False,0.0,0.0
OADMET-0003143,5.68,5.612580962088501,5.612580962088501,0.06741903791149895,0.06741903791149895,0.2127659574468085,False,0.0,0.0
OADMET-0003142,5.66,4.9266379425826585,4.9266379425826585,0.7333620574173416,0.7333620574173416,0.23684210526315788,False,0.0,0.0
OADMET-0003141,5.69,5.430598690440354,5.430598690440354,0.2594013095596468,0.2594013095596468,0.21794871794871795,False,0.0,0.0
OADMET-0003140,1.84,3.3054300172815045,3.2812569029382557,-1.4654300172815045,-1.4412569029382556,0.18823529411764706,True,0.0,-0.08057704781082986
OADMET-0003139,5.25,5.182266294608995,5.182266294608995,0.06773370539100476,0.06773370539100476,0.20512820512820512,False,0.0,0.0
OADMET-0003138,5.47,5.224356374462831,5.224356374462831,0.245643625537169,0.245643625537169,0.22826086956521738,False,0.0,0.0
OADMET-0003137,5.28,5.498300740788284,5.498300740788284,-0.21830074078828332,-0.21830074078828332,0.2564102564102564,False,0.0,0.0
OADMET-0003136,5.12,5.308058355618449,5.308058355618449,-0.1880583556184492,-0.1880583556184492,0.19480519480519481,False,0.0,0.0
OADMET-0003135,5.54,5.279520559310913,5.279520559310913,0.2604794406890871,0.2604794406890871,0.25,False,0.0,0.0
OADMET-0003134,5.09,3.6350808327637827,3.6350808327637827,1.4549191672362172,1.4549191672362172,0.20512820512820512,False,0.0,0.0
OADMET-0003133,6.22,5.217228956824368,5.217228956824368,1.002771043175632,1.002771043175632,0.2087912087912088,False,0.0,0.0
OADMET-0003132,4.62,5.189117738112662,5.189117738112662,-0.569117738112662,-0.569117738112662,0.2261904761904762,False,0.0,0.0
OADMET-0003131,5.11,4.744565783658073,4.744565783658073,0.3654342163419271,0.3654342163419271,0.19047619047619047,False,0.0,0.0
OADMET-0003130,5.56,5.577092158678665,5.577092158678665,-0.017092158678665648,-0.017092158678665648,0.2222222222222222,False,0.0,0.0
OADMET-0003129,2.87,2.6225674743791227,2.610791031100141,0.24743252562087736,0.2592089688998591,0.23529411764705882,True,0.0,-0.03925481092993932
OADMET-0003128,4.859999999999999,5.184971616800548,5.184971616800548,-0.324971616800549,-0.324971616800549,0.20652173913043478,False,0.0,0.0
OADMET-0003127,5.44,5.355264237783487,5.355264237783487,0.08473576221651324,0.08473576221651324,0.21176470588235294,False,0.0,0.0
OADMET-0003126,5.2,5.104958060181257,5.104958060181257,0.09504193981874298,0.09504193981874298,0.1956521739130435,False,0.0,0.0
OADMET-0003125,4.91,5.060462867403493,5.060462867403493,-0.15046286740349313,-0.15046286740349313,0.24675324675324675,False,0.0,0.0
OADMET-0003124,5.99,5.291029258144712,5.214762204337599,0.6989707418552884,0.7752377956624015,0.20202020202020202,True,0.0,-0.2542235126903778
OADMET-0003123,5.17,4.960176870660875,4.960176870660875,0.20982312933912528,0.20982312933912528,0.275,False,0.0,0.0
OADMET-0003122,5.37,4.894718217155308,4.894718217155308,0.475281782844692,0.475281782844692,0.1794871794871795,False,0.0,0.0
OADMET-0003121,5.43,5.097320054804237,5.097320054804237,0.33267994519576227,0.33267994519576227,0.16483516483516483,False,0.0,0.0
OADMET-0003120,5.37,5.201308648794599,5.201308648794599,0.16869135120540069,0.16869135120540069,0.18627450980392157,False,0.0,0.0
OADMET-0003119,5.17,4.54789152423155,4.54789152423155,0.6221084757684503,0.6221084757684503,0.23376623376623376,False,0.0,0.0
OADMET-0003118,6.3100000000000005,5.421568369402468,5.421568369402468,0.8884316305975322,0.8884316305975322,0.21818181818181817,False,0.0,0.0
OADMET-0003117,5.08,5.237818878368266,5.297109741852485,-0.1578188783682659,-0.217109741852485,0.43137254901960786,False,0.19763621161406267,0.0
OADMET-0003116,5.19,5.303659876341959,5.25238317734504,-0.11365987634195829,-0.06238317734503962,0.3157894736842105,True,0.028490172165850196,-0.19941250215557904
OADMET-0003114,5.13,5.086242671614712,5.086242671614712,0.04375732838528812,0.04375732838528812,0.21978021978021978,False,0.0,0.0
OADMET-0003113,5.62,4.990497729384783,4.990497729384783,0.6295022706152169,0.6295022706152169,0.23170731707317074,False,0.0,0.0
OADMET-0003112,5.54,5.4398808076543705,5.4398808076543705,0.10011919234562949,0.10011919234562949,0.25301204819277107,False,0.0,0.0
OADMET-0003111,5.71,5.252180604795807,5.182931330917095,0.4578193952041927,0.5270686690829054,0.20253164556962025,True,0.0,-0.2308309129290418
OADMET-0003110,5.45,4.994606183570566,4.994606183570566,0.4553938164294342,0.4553938164294342,0.27848101265822783,False,0.0,0.0
OADMET-0003109,5.64,5.420276045799255,5.462703302186778,0.2197239542007443,0.17729669781322155,0.3783783783783784,False,0.14142418795840964,0.0
OADMET-0003108,5.15,4.957335452894562,4.957335452894562,0.192664547105438,0.192664547105438,0.2125,False,0.0,0.0
OADMET-0003107,5.48,5.424573538372817,5.424573538372817,0.05542646162718334,0.05542646162718334,0.23333333333333334,False,0.0,0.0
OADMET-0003106,5.43,5.261421974654336,5.261421974654336,0.16857802534566346,0.16857802534566346,0.1875,False,0.0,0.0
OADMET-0003105,5.5,5.34313693000275,5.34313693000275,0.1568630699972502,0.1568630699972502,0.22093023255813954,False,0.0,0.0
OADMET-0003104,5.46,5.239225352157667,5.239225352157667,0.22077464784233314,0.22077464784233314,0.2222222222222222,False,0.0,0.0
OADMET-0003103,5.22,5.406504507898127,5.406504507898127,-0.18650450789812734,-0.18650450789812734,0.27710843373493976,False,0.0,0.0
OADMET-0003102,5.82,5.012937825165905,5.012937825165905,0.8070621748340949,0.8070621748340949,0.2857142857142857,False,0.0,0.0
OADMET-0003101,5.61,5.50603397239759,5.50603397239759,0.10396602760240992,0.10396602760240992,0.2,False,0.0,0.0
OADMET-0003100,4.99,4.8715016804852525,4.8715016804852525,0.11849831951474776,0.11849831951474776,0.15555555555555556,False,0.0,0.0
OADMET-0003099,5.7,5.583943021181717,5.583943021181717,0.11605697881828281,0.11605697881828281,0.21978021978021978,False,0.0,0.0
OADMET-0003098,5.14,5.093942612583197,5.093942612583197,0.046057387416802875,0.046057387416802875,0.24390243902439024,False,0.0,0.0
OADMET-0003097,5.9,5.372011673797681,5.40780590069783,0.5279883262023191,0.4921940993021705,0.3793103448275862,False,0.11931408966716182,0.0
OADMET-0003095,4.77,3.3913230545312456,3.3965982059829334,1.378676945468754,1.3734017940170662,0.3116883116883117,False,0.017583838172292067,0.0
OADMET-0003094,5.02,3.1528847608751462,3.1528847608751462,1.8671152391248533,1.8671152391248533,0.20512820512820512,False,0.0,0.0
OADMET-0003093,4.76,5.313324899580872,5.313324899580872,-0.5533248995808719,-0.5533248995808719,0.18604651162790697,False,0.0,0.0
OADMET-0003092,3.69,3.226133715411992,3.2417057410204495,0.46386628458800816,0.44829425897955044,0.3287671232876712,False,0.05190675202819283,0.0
OADMET-0003090,4.86,4.87164175325227,4.87164175325227,-0.01164175325226946,-0.01164175325226946,0.2840909090909091,False,0.0,0.0
OADMET-0003089,2.08,4.287756671720338,4.287756671720338,-2.207756671720338,-2.207756671720338,0.2564102564102564,False,0.0,0.0
OADMET-0003088,6.14,5.373375369044183,5.373375369044183,0.7666246309558167,0.7666246309558167,0.19480519480519481,False,0.0,0.0
OADMET-0003087,3.13,2.881901385251758,2.881901385251758,0.2480986147482418,0.2480986147482418,0.16831683168316833,False,0.0,0.0
OADMET-0003086,2.01,3.299713557206311,3.299713557206311,-1.2897135572063112,-1.2897135572063112,0.25316455696202533,False,0.0,0.0
OADMET-0003085,4.21,4.993000782346262,4.993000782346262,-0.7830007823462619,-0.7830007823462619,0.19540229885057472,False,0.0,0.0
OADMET-0003084,5.42,5.368572143675054,5.368572143675054,0.05142785632494551,0.05142785632494551,0.19047619047619047,False,0.0,0.0
OADMET-0003083,1.76,3.7866266171909073,3.7866266171909073,-2.0266266171909075,-2.0266266171909075,0.17105263157894737,False,0.0,0.0
OADMET-0003082,1.77,2.7789619089330286,2.7789619089330286,-1.0089619089330286,-1.0089619089330286,0.1686746987951807,False,0.0,0.0
OADMET-0003081,5.59,5.2072413844969665,5.209203638901701,0.38275861550303336,0.38079636109829895,0.30434782608695654,False,0.006540848015780184,0.0
OADMET-0003080,4.89,5.202662565407244,5.202662565407244,-0.31266256540724413,-0.31266256540724413,0.2191780821917808,False,0.0,0.0
OADMET-0003079,2.88,3.2565878274371323,3.2565878274371323,-0.37658782743713237,-0.37658782743713237,0.21839080459770116,False,0.0,0.0
OADMET-0003078,5.28,5.134882854257972,5.134882854257972,0.14511714574202816,0.14511714574202816,0.2463768115942029,False,0.0,0.0
OADMET-0003077,4.32,4.662103629575192,4.605513114066188,-0.3421036295751918,-0.2855131140661875,0.20930232558139536,True,0.0,-0.18863505169668215
OADMET-0003076,3.86,2.6494493475238095,2.6494493475238095,1.2105506524761904,1.2105506524761904,0.20224719101123595,False,0.0,0.0
OADMET-0003075,4.99,4.97107946386615,4.97107946386615,0.018920536133849808,0.018920536133849808,0.27058823529411763,False,0.0,0.0
OADMET-0003073,3.14,4.476817806484629,4.476817806484629,-1.3368178064846288,-1.3368178064846288,0.16901408450704225,False,0.0,0.0
OADMET-0003071,5.59,5.037826806364707,5.037826806364707,0.5521731936352925,0.5521731936352925,0.175,False,0.0,0.0
OADMET-0003070,5.25,5.30939879764631,5.30939879764631,-0.05939879764630973,-0.05939879764630973,0.16091954022988506,False,0.0,0.0
OADMET-0003069,5.7,4.793439259806883,4.793439259806883,0.9065607401931173,0.9065607401931173,0.1724137931034483,False,0.0,0.0
OADMET-0003068,5.41,4.936247351563092,4.936247351563092,0.4737526484369079,0.4737526484369079,0.24285714285714285,False,0.0,0.0
OADMET-0003067,5.21,5.0957749794987794,5.101756309190318,0.11422502050122052,0.10824369080968221,0.3132530120481928,False,0.01993776563846238,0.0
OADMET-0003066,5.07,5.26098981250837,5.26098981250837,-0.19098981250837,-0.19098981250837,0.2676056338028169,False,0.0,0.0
OADMET-0003065,5.14,5.172078209247404,5.172078209247404,-0.032078209247404565,-0.032078209247404565,0.25,False,0.0,0.0
OADMET-0003064,5.32,4.956287925914653,4.956287925914653,0.3637120740853472,0.3637120740853472,0.2375,False,0.0,0.0
OADMET-0003063,5.11,4.91862404184434,4.91862404184434,0.19137595815566044,0.19137595815566044,0.1927710843373494,False,0.0,0.0
OADMET-0003062,4.84,5.08095878837178,5.08095878837178,-0.2409587883717803,-0.2409587883717803,0.26229508196721313,False,0.0,0.0
OADMET-0003061,4.94,5.208568198009601,5.208568198009601,-0.26856819800960086,-0.26856819800960086,0.20454545454545456,False,0.0,0.0
OADMET-0003060,5.45,5.300169651022235,5.316662041905941,0.14983034897776548,0.13333795809405924,0.3380281690140845,False,0.05497463627902193,0.0
OADMET-0003059,5.17,4.95267794525739,4.95267794525739,0.2173220547426098,0.2173220547426098,0.22727272727272727,False,0.0,0.0
OADMET-0003057,2.1,3.1444063112573715,3.1444063112573715,-1.0444063112573714,-1.0444063112573714,0.25675675675675674,False,0.0,0.0
OADMET-0003056,4.94,5.0340062604367155,5.0340062604367155,-0.09400626043671512,-0.09400626043671512,0.25333333333333335,False,0.0,0.0
OADMET-0003055,5.63,5.541360733578506,5.568426397136063,0.08863926642149433,0.06157360286393665,0.35,False,0.09021887852519231,0.0
OADMET-0003054,3.63,3.199733549182855,3.1661929565946227,0.430266450817145,0.46380704340537715,0.16483516483516483,True,0.0,-0.11180197529410751
OADMET-0003053,4.87,5.122695158523263,5.122695158523263,-0.2526951585232631,-0.2526951585232631,0.1978021978021978,False,0.0,0.0
OADMET-0003052,4.84,4.874726859574179,4.874726859574179,-0.03472685957417898,-0.03472685957417898,0.23333333333333334,False,0.0,0.0
OADMET-0003051,5.21,5.1579756956656,5.1579756956656,0.05202430433439975,0.05202430433439975,0.23333333333333334,False,0.0,0.0
OADMET-0003050,3.8,3.9431027603380886,3.9431027603380886,-0.14310276033808877,-0.14310276033808877,0.19230769230769232,False,0.0,0.0
OADMET-0003049,5.18,5.087717337515748,5.087717337515748,0.09228266248425143,0.09228266248425143,0.21875,False,0.0,0.0
OADMET-0003048,6.46,5.7385361627467635,5.7385361627467635,0.7214638372532365,0.7214638372532365,0.24691358024691357,False,0.0,0.0
OADMET-0003047,5.03,4.88842450970585,4.82662355902971,0.14157549029415062,0.20337644097029006,0.1717171717171717,True,0.0,-0.20600316892046422
OADMET-0003046,5.355,4.96063176266198,4.965906914113668,0.3943682373380204,0.3890930858863326,0.3116883116883117,False,0.017583838172292067,0.0
OADMET-0003045,5.22,5.6376541781194,5.6376541781194,-0.41765417811939987,-0.41765417811939987,0.2571428571428571,False,0.0,0.0
OADMET-0003044,5.59,5.520845198631286,5.520845198631286,0.06915480136871377,0.06915480136871377,0.2,False,0.0,0.0
OADMET-0003043,6.34,5.5995759350582235,5.5995759350582235,0.7404240649417764,0.7404240649417764,0.2786885245901639,False,0.0,0.0
OADMET-0003042,5.0,5.311765485828363,5.311765485828363,-0.3117654858283627,-0.3117654858283627,0.2077922077922078,False,0.0,0.0
OADMET-0003041,5.36,5.447866475003437,5.447866475003437,-0.08786647500343658,-0.08786647500343658,0.20454545454545456,False,0.0,0.0
OADMET-0003040,5.04,5.042587241848695,5.042587241848695,-0.0025872418486949655,-0.0025872418486949655,0.18666666666666668,False,0.0,0.0
OADMET-0003039,5.42,5.321903453521358,5.321903453521358,0.09809654647864186,0.09809654647864186,0.25,False,0.0,0.0
OADMET-0003038,4.87,5.112442697136148,5.112442697136148,-0.24244269713614752,-0.24244269713614752,0.2375,False,0.0,0.0
OADMET-0003037,5.58,5.049919082123099,4.984811344874689,0.5300809178769015,0.5951886551253107,0.2441860465116279,True,0.0,-0.21702579082803197
OADMET-0003036,5.11,4.976788242812296,4.9229216431819385,0.13321175718770473,0.18707835681806184,0.19318181818181818,True,0.0,-0.17955533210119068
OADMET-0003035,5.27,4.665463132534212,4.665463132534212,0.6045368674657876,0.6045368674657876,0.23943661971830985,False,0.0,0.0
OADMET-0003034,5.22,5.243580282776101,5.243580282776101,-0.023580282776101136,-0.023580282776101136,0.20930232558139536,False,0.0,0.0
OADMET-0003033,5.16,5.29729777910177,5.227124679338753,-0.13729777910177,-0.06712467933875299,0.2077922077922078,True,0.0,-0.23391033254339
OADMET-0003032,4.31,4.6103453365344444,4.6103453365344444,-0.30034533653444484,-0.30034533653444484,0.20987654320987653,False,0.0,0.0
OADMET-0003031,4.99,5.104234641038098,5.104234641038098,-0.11423464103809788,-0.11423464103809788,0.20481927710843373,False,0.0,0.0
OADMET-0003030,5.04,5.081286009307046,5.081286009307046,-0.04128600930704618,-0.04128600930704618,0.19387755102040816,False,0.0,0.0
OADMET-0003029,5.44,5.468774545308456,5.468774545308456,-0.02877454530845558,-0.02877454530845558,0.20238095238095238,False,0.0,0.0
OADMET-0003028,5.22,5.3061286465635575,5.233571924438482,-0.08612864656355779,-0.013571924438481986,0.3037974683544304,True,0.005712892570744708,-0.2475686329876634
OADMET-0003027,4.98,4.793479847213597,4.793479847213597,0.18652015278640377,0.18652015278640377,0.15384615384615385,False,0.0,0.0
OADMET-0003026,5.8,5.7505186236020425,5.7505186236020425,0.049481376397957355,0.049481376397957355,0.2926829268292683,False,0.0,0.0
OADMET-0003025,5.6,5.302261003012796,5.302261003012796,0.29773899698720374,0.29773899698720374,0.2125,False,0.0,0.0
OADMET-0003024,5.09,5.1419323960554255,5.1419323960554255,-0.051932396055425656,-0.051932396055425656,0.21052631578947367,False,0.0,0.0
OADMET-0003023,4.88,5.327330399022519,5.327330399022519,-0.44733039902251903,-0.44733039902251903,0.25,False,0.0,0.0
OADMET-0003022,5.19,5.312895172082104,5.312895172082104,-0.12289517208210388,-0.12289517208210388,0.2638888888888889,False,0.0,0.0
OADMET-0003021,5.53,4.996347731988407,4.996347731988407,0.5336522680115934,0.5336522680115934,0.2857142857142857,False,0.0,0.0
OADMET-0003020,5.28,5.335963387859678,5.335963387859678,-0.055963387859677916,-0.055963387859677916,0.19540229885057472,False,0.0,0.0
OADMET-0003019,4.63,4.801038401335188,4.736613304456631,-0.17103840133518844,-0.10661330445663086,0.25675675675675674,True,0.0,-0.21475032292852614
OADMET-0003018,4.65,5.008396575288865,5.008396575288865,-0.3583965752888645,-0.3583965752888645,0.22105263157894736,False,0.0,0.0
OADMET-0003017,6.205,3.9094469994017222,4.159848442758944,2.295553000598278,2.0451515572410557,1.0,False,0.8346714778574078,0.0
OADMET-0003016,4.75,5.180663078039595,5.180663078039595,-0.43066307803959525,-0.43066307803959525,0.19767441860465115,False,0.0,0.0
OADMET-0003015,4.91,5.011226386699862,5.011226386699862,-0.10122638669986195,-0.10122638669986195,0.20454545454545456,False,0.0,0.0
OADMET-0003014,5.24,4.869566391972661,4.869566391972661,0.37043360802733893,0.37043360802733893,0.16666666666666666,False,0.0,0.0
OADMET-0003013,4.78,5.13434455880841,5.13434455880841,-0.35434455880840954,-0.35434455880840954,0.2247191011235955,False,0.0,0.0
OADMET-0003012,4.78,5.193269763178038,5.193269763178038,-0.41326976317803776,-0.41326976317803776,0.2,False,0.0,0.0
OADMET-0003011,5.72,5.556895567838428,5.556895567838428,0.163104432161572,0.163104432161572,0.27380952380952384,False,0.0,0.0
OADMET-0003010,5.63,5.4805134141329415,5.4805134141329415,0.14948658586705843,0.14948658586705843,0.27380952380952384,False,0.0,0.0
OADMET-0003009,4.94,5.356753372683108,5.356753372683108,-0.4167533726831074,-0.4167533726831074,0.20833333333333334,False,0.0,0.0
OADMET-0003008,5.27,5.54443184681309,5.54443184681309,-0.27443184681309063,-0.27443184681309063,0.2962962962962963,False,0.0,0.0
OADMET-0003007,4.6,5.035138437817397,5.035138437817397,-0.4351384378173977,-0.4351384378173977,0.25757575757575757,False,0.0,0.0
OADMET-0003006,5.15,5.112527598455114,5.112527598455114,0.0374724015448864,0.0374724015448864,0.18072289156626506,False,0.0,0.0
OADMET-0003005,5.17,5.089679868475905,5.089679868475905,0.08032013152409512,0.08032013152409512,0.21839080459770116,False,0.0,0.0
OADMET-0003004,5.16,5.0073203209534425,5.0073203209534425,0.15267967904655766,0.15267967904655766,0.2625,False,0.0,0.0
OADMET-0003003,5.23,5.238170517764045,5.238170517764045,-0.00817051776404476,-0.00817051776404476,0.2247191011235955,False,0.0,0.0
OADMET-0003002,5.38,5.184150307386824,5.184150307386824,0.19584969261317564,0.19584969261317564,0.22988505747126436,False,0.0,0.0
OADMET-0003001,5.46,5.35672225766969,5.35672225766969,0.1032777423303104,0.1032777423303104,0.22784810126582278,False,0.0,0.0
OADMET-0003000,4.69,4.981491076136098,4.981491076136098,-0.29149107613609804,-0.29149107613609804,0.19767441860465115,False,0.0,0.0
OADMET-0002999,5.11,5.267354257824351,5.267354257824351,-0.15735425782435097,-0.15735425782435097,0.23529411764705882,False,0.0,0.0
OADMET-0002998,5.28,5.316379819795923,5.316379819795923,-0.03637981979592286,-0.03637981979592286,0.24390243902439024,False,0.0,0.0
OADMET-0002997,5.25,5.24927761392686,5.24927761392686,0.0007223860731402354,0.0007223860731402354,0.20512820512820512,False,0.0,0.0
OADMET-0002996,3.65,3.369708295123091,3.3390048006047746,0.2802917048769089,0.31099519939522535,0.23376623376623376,True,0.0,-0.10234498172772133
OADMET-0002995,3.43,3.0269391054088626,3.0269391054088626,0.4030608945911376,0.4030608945911376,0.25925925925925924,False,0.0,0.0
OADMET-0002994,4.73,5.169567772022729,5.169567772022729,-0.4395677720227287,-0.4395677720227287,0.2077922077922078,False,0.0,0.0
OADMET-0002993,5.06,4.721305474262793,4.721305474262793,0.33869452573720693,0.33869452573720693,0.27631578947368424,False,0.0,0.0
OADMET-0002992,6.02,5.428449896238382,5.428449896238382,0.5915501037616178,0.5915501037616178,0.22784810126582278,False,0.0,0.0
OADMET-0002991,5.15,5.251065228980721,5.251065228980721,-0.10106522898072079,-0.10106522898072079,0.275,False,0.0,0.0
OADMET-0002990,3.35,3.2796139668492437,3.2796139668492437,0.07038603315075642,0.07038603315075642,0.19767441860465115,False,0.0,0.0
OADMET-0002989,3.16,2.8055613820992624,2.8055613820992624,0.3544386179007377,0.3544386179007377,0.2465753424657534,False,0.0,0.0
OADMET-0002988,5.18,5.155428473463337,5.155428473463337,0.024571526536663058,0.024571526536663058,0.25882352941176473,False,0.0,0.0
OADMET-0002987,5.61,5.2184151980483415,5.2184151980483415,0.3915848019516588,0.3915848019516588,0.18666666666666668,False,0.0,0.0
OADMET-0002986,4.6,4.569755356288651,4.569755356288651,0.03024464371134883,0.03024464371134883,0.2608695652173913,False,0.0,0.0
OADMET-0002985,5.105,4.655505974547377,4.655505974547377,0.4494940254526236,0.4494940254526236,0.25609756097560976,False,0.0,0.0
OADMET-0002984,5.09,4.946529598374968,4.946529598374968,0.14347040162503166,0.14347040162503166,0.2948717948717949,False,0.0,0.0
OADMET-0002983,4.95,5.0454738938692705,5.0454738938692705,-0.0954738938692703,-0.0954738938692703,0.27848101265822783,False,0.0,0.0
OADMET-0002982,5.31,4.995123922014699,4.995123922014699,0.3148760779853008,0.3148760779853008,0.2,False,0.0,0.0
OADMET-0002981,5.97,5.239677427578898,5.239677427578898,0.7303225724211018,0.7303225724211018,0.26666666666666666,False,0.0,0.0
OADMET-0002980,3.17,3.822732690005626,3.822732690005626,-0.6527326900056263,-0.6527326900056263,0.20253164556962025,False,0.0,0.0
OADMET-0002979,5.59,5.040030094720786,5.040030094720786,0.5499699052792142,0.5499699052792142,0.29292929292929293,False,0.0,0.0
OADMET-0002978,5.11,5.350168779521312,5.350168779521312,-0.2401687795213121,-0.2401687795213121,0.23076923076923078,False,0.0,0.0
OADMET-0002977,5.02,5.23318130692232,5.233922831951294,-0.21318130692232007,-0.2139228319512947,0.3013698630136986,False,0.0024717500965806016,0.0
OADMET-0002976,4.93,5.419511042520838,5.419511042520838,-0.48951104252083866,-0.48951104252083866,0.20512820512820512,False,0.0,0.0
OADMET-0002975,5.71,5.375113306925135,5.375113306925135,0.33488669307486507,0.33488669307486507,0.28378378378378377,False,0.0,0.0
OADMET-0002974,4.755,4.673899168875611,4.673899168875611,0.08110083112438904,0.08110083112438904,0.2261904761904762,False,0.0,0.0
OADMET-0002973,5.55,4.829746560448582,4.829746560448582,0.720253439551418,0.720253439551418,0.175,False,0.0,0.0
OADMET-0002972,5.26,5.03863175355115,5.03863175355115,0.22136824644884978,0.22136824644884978,0.2891566265060241,False,0.0,0.0
OADMET-0002971,5.79,5.450471133167303,5.556230331108369,0.3395288668326968,0.23376966889163064,0.543859649122807,False,0.3525306598035526,0.0
OADMET-0002970,5.28,5.238859533569188,5.238859533569188,0.041140466430812594,0.041140466430812594,0.17647058823529413,False,0.0,0.0
OADMET-0002969,5.08,5.050644942626212,5.050644942626212,0.029355057373788185,0.029355057373788185,0.24705882352941178,False,0.0,0.0
OADMET-0002968,5.32,5.1069295610038985,5.1069295610038985,0.21307043899610179,0.21307043899610179,0.27848101265822783,False,0.0,0.0
OADMET-0002967,4.83,5.05728184783343,5.05728184783343,-0.22728184783342975,-0.22728184783342975,0.19736842105263158,False,0.0,0.0
OADMET-0002966,4.96,5.060938300438297,5.00610918982275,-0.10093830043829666,-0.04610918982274992,0.18085106382978725,True,0.0,-0.18276370205182335
OADMET-0002965,5.01,4.727545130600049,4.727545130600049,0.2824548693999507,0.2824548693999507,0.17777777777777778,False,0.0,0.0
OADMET-0002964,5.404999999999999,5.045467405411804,5.045467405411804,0.3595325945881953,0.3595325945881953,0.26436781609195403,False,0.0,0.0
OADMET-0002963,4.74,4.961964855610745,4.961964855610745,-0.22196485561074475,-0.22196485561074475,0.19318181818181818,False,0.0,0.0
OADMET-0002962,5.88,5.354672323152856,5.276867162207306,0.5253276768471435,0.6031328377926943,0.2375,True,0.0,-0.2593505364851687
OADMET-0002961,5.71,5.46183820673563,5.46183820673563,0.24816179326437027,0.24816179326437027,0.2261904761904762,False,0.0,0.0
OADMET-0002960,5.11,5.250943532036346,5.250943532036346,-0.1409435320363457,-0.1409435320363457,0.2804878048780488,False,0.0,0.0
OADMET-0002959,4.94,4.986092569758591,4.986092569758591,-0.04609256975859033,-0.04609256975859033,0.16853932584269662,False,0.0,0.0
OADMET-0002958,5.35,5.4435931226582195,5.365548794011321,-0.09359312265821984,-0.015548794011321476,0.28,True,0.0,-0.2601477621563273
OADMET-0002957,5.12,5.009645055335702,5.009645055335702,0.11035494466429796,0.11035494466429796,0.189873417721519,False,0.0,0.0
OADMET-0002955,5.53,5.224726553333616,5.224726553333616,0.30527344666638445,0.30527344666638445,0.21333333333333335,False,0.0,0.0
OADMET-0002954,5.12,4.998328899642797,4.998328899642797,0.12167110035720352,0.12167110035720352,0.2125,False,0.0,0.0
OADMET-0002953,5.25,5.217031069635187,5.217031069635187,0.032968930364813076,0.032968930364813076,0.26582278481012656,False,0.0,0.0
OADMET-0002952,5.64,5.543035047031143,5.551931227488831,0.09696495296885654,0.08806877251116862,0.32051282051282054,False,0.02965393485895965,0.0
OADMET-0002951,3.25,3.0828409012081552,3.0828409012081552,0.16715909879184476,0.16715909879184476,0.17073170731707318,False,0.0,0.0
OADMET-0002950,5.800000000000001,5.513925003542483,5.513925003542483,0.28607499645751755,0.28607499645751755,0.1875,False,0.0,0.0
OADMET-0002949,4.97,5.524310721239997,5.524310721239997,-0.5543107212399976,-0.5543107212399976,0.2289156626506024,False,0.0,0.0
OADMET-0002948,4.64,4.160256655470839,4.160256655470839,0.4797433445291608,0.4797433445291608,0.24705882352941178,False,0.0,0.0
OADMET-0002947,3.34,2.810667262146774,2.810667262146774,0.5293327378532258,0.5293327378532258,0.23529411764705882,False,0.0,0.0
OADMET-0002946,5.915,5.3166241960618095,5.334206514845096,0.5983758039381906,0.5807934851549037,0.33766233766233766,False,0.05860772927762387,0.0
OADMET-0002945,2.68,2.7595157692733316,2.7595157692733316,-0.07951576927333148,-0.07951576927333148,0.18292682926829268,False,0.0,0.0
OADMET-0002944,6.04,5.546226522297535,5.546226522297535,0.49377347770246516,0.49377347770246516,0.22784810126582278,False,0.0,0.0
OADMET-0002943,5.16,5.048716766162983,5.048716766162983,0.11128323383701755,0.11128323383701755,0.2077922077922078,False,0.0,0.0
OADMET-0002942,5.37,4.944785864376327,4.944785864376327,0.4252141356236727,0.4252141356236727,0.20512820512820512,False,0.0,0.0
OADMET-0002941,5.51,5.298307815570276,5.298307815570276,0.21169218442972415,0.21169218442972415,0.27692307692307694,False,0.0,0.0
OADMET-0002940,5.05,5.581350662870314,5.581350662870314,-0.531350662870314,-0.531350662870314,0.25609756097560976,False,0.0,0.0
OADMET-0002939,5.17,5.219791726927155,5.219791726927155,-0.049791726927154834,-0.049791726927154834,0.24285714285714285,False,0.0,0.0
OADMET-0002938,4.6,4.826703760693373,4.826703760693373,-0.22670376069337372,-0.22670376069337372,0.2,False,0.0,0.0
OADMET-0002937,4.85,5.193356377175711,5.193356377175711,-0.3433563771757111,-0.3433563771757111,0.23170731707317074,False,0.0,0.0
OADMET-0002936,4.64,3.882979971228294,3.848502725324876,0.7570200287717057,0.7914972746751237,0.18888888888888888,True,0.0,-0.1149241530113927
OADMET-0002935,5.28,5.042552908878882,5.042552908878882,0.23744709112111817,0.23744709112111817,0.21621621621621623,False,0.0,0.0
OADMET-0002934,4.9,5.15884055744097,5.15884055744097,-0.25884055744097,-0.25884055744097,0.21333333333333335,False,0.0,0.0
OADMET-0002933,5.26,5.108520177035656,5.108520177035656,0.15147982296434392,0.15147982296434392,0.2727272727272727,False,0.0,0.0
OADMET-0002932,5.17,5.150912454521771,5.150912454521771,0.019087545478228662,0.019087545478228662,0.27848101265822783,False,0.0,0.0
OADMET-0002930,5.53,5.230862961695031,5.256884289533768,0.29913703830496896,0.2731157104662323,0.36,False,0.0867377594624568,0.0
OADMET-0002929,3.1,2.993480682373047,2.9880401696194876,0.10651931762695321,0.11195983038051249,0.32432432432432434,True,0.043890265228471996,-0.0620253077403361
OADMET-0002928,5.54,5.108734603761469,5.108734603761469,0.43126539623853066,0.43126539623853066,0.2777777777777778,False,0.0,0.0
OADMET-0002927,5.1,5.156773401001125,5.156773401001125,-0.05677340100112538,-0.05677340100112538,0.21739130434782608,False,0.0,0.0
OADMET-0002926,4.87,5.210609383259005,5.216590712950543,-0.3406093832590047,-0.346590712950543,0.3132530120481928,False,0.01993776563846238,0.0
OADMET-0002925,3.58,2.8681003002287113,2.8681003002287113,0.7118996997712888,0.7118996997712888,0.23333333333333334,False,0.0,0.0
OADMET-0002924,3.78,3.7541527208772676,3.7142706645014836,0.025847279122732214,0.06572933549851623,0.25,True,0.0,-0.13294018791927975
OADMET-0002923,5.27,5.291251074226157,5.291251074226157,-0.02125107422615713,-0.02125107422615713,0.2289156626506024,False,0.0,0.0
OADMET-0002922,5.42,5.145532680252224,5.145532680252224,0.2744673197477763,0.2744673197477763,0.2808988764044944,False,0.0,0.0
OADMET-0002921,5.79,5.332573193022348,5.332573193022348,0.4574268069776517,0.4574268069776517,0.17567567567567569,False,0.0,0.0
OADMET-0002920,5.2,5.253799231538495,5.253799231538495,-0.05379923153849475,-0.05379923153849475,0.21875,False,0.0,0.0
OADMET-0002919,4.85,5.208062688355307,5.208062688355307,-0.3580626883553073,-0.3580626883553073,0.2727272727272727,False,0.0,0.0
OADMET-0002918,4.8,4.89986482152661,4.89986482152661,-0.09986482152661047,-0.09986482152661047,0.23376623376623376,False,0.0,0.0
OADMET-0002917,3.95,4.201678312403484,4.153939277677869,-0.2516783124034836,-0.20393927767786924,0.22988505747126436,True,0.0,-0.15913011575204816
OADMET-0002916,5.22,3.472314744088256,3.448386866591286,1.747685255911744,1.7716131334087137,0.21951219512195122,True,0.0,-0.07975959165656654
OADMET-0002915,4.97,4.921297661309103,4.921297661309103,0.04870233869089713,0.04870233869089713,0.1797752808988764,False,0.0,0.0
OADMET-0002914,5.46,5.34567793804465,5.34567793804465,0.11432206195534977,0.11432206195534977,0.2222222222222222,False,0.0,0.0
OADMET-0002913,5.22,5.223500333943413,5.223500333943413,-0.003500333943413203,-0.003500333943413203,0.20689655172413793,False,0.0,0.0
OADMET-0002912,6.13,5.353036895770471,5.281722473672025,0.7769631042295293,0.8482775263279745,0.189873417721519,True,0.0,-0.2377147403281512
OADMET-0002911,5.06,5.170174885259092,5.170174885259092,-0.11017488525909247,-0.11017488525909247,0.23529411764705882,False,0.0,0.0
OADMET-0002910,5.035,4.929704560585392,4.929704560585392,0.10529543941460773,0.10529543941460773,0.23255813953488372,False,0.0,0.0
OADMET-0002909,4.78,5.26307003058276,5.26307003058276,-0.48307003058276,-0.48307003058276,0.189873417721519,False,0.0,0.0
OADMET-0002908,5.19,5.196752314660156,5.196752314660156,-0.006752314660155356,-0.006752314660155356,0.21951219512195122,False,0.0,0.0
OADMET-0002907,5.51,5.426245853507403,5.426245853507403,0.0837541464925966,0.0837541464925966,0.2087912087912088,False,0.0,0.0
OADMET-0002906,5.54,5.365505209709834,5.365505209709834,0.1744947902901659,0.1744947902901659,0.16483516483516483,False,0.0,0.0
OADMET-0002905,4.72,5.05202280988971,5.05202280988971,-0.3320228098897102,-0.3320228098897102,0.22784810126582278,False,0.0,0.0
OADMET-0002904,5.44,5.474604628155532,5.474604628155532,-0.03460462815553189,-0.03460462815553189,0.20454545454545456,False,0.0,0.0
OADMET-0002903,5.4,5.196334031716134,5.238923243514657,0.2036659682838664,0.16107675648534325,0.39436619718309857,False,0.14196403932841115,0.0
OADMET-0002902,5.74,5.600854577138586,5.600854577138586,0.1391454228614144,0.1391454228614144,0.2361111111111111,False,0.0,0.0
OADMET-0002901,5.14,4.872204460218114,4.872204460218114,0.2677955397818854,0.2677955397818854,0.21505376344086022,False,0.0,0.0
OADMET-0002900,5.95,5.325939259714293,5.325939259714293,0.6240607402857075,0.6240607402857075,0.21794871794871795,False,0.0,0.0
OADMET-0002899,5.78,5.452419752750583,5.452419752750583,0.3275802472494176,0.3275802472494176,0.2073170731707317,False,0.0,0.0
OADMET-0002898,2.54,3.2813930310091926,3.2813930310091926,-0.7413930310091925,-0.7413930310091925,0.25609756097560976,False,0.0,0.0
OADMET-0002897,4.89,5.154964248879442,5.154964248879442,-0.26496424887944237,-0.26496424887944237,0.2682926829268293,False,0.0,0.0
OADMET-0002896,5.42,4.759371263772538,4.759371263772538,0.6606287362274621,0.6606287362274621,0.29213483146067415,False,0.0,0.0
OADMET-0002895,5.43,5.123954097970017,5.123954097970017,0.3060459020299824,0.3060459020299824,0.2804878048780488,False,0.0,0.0
OADMET-0002894,5.1,4.9325504117799035,4.9325504117799035,0.16744958822009615,0.16744958822009615,0.19767441860465115,False,0.0,0.0
OADMET-0002893,5.09,5.161119280509578,5.161119280509578,-0.07111928050957772,-0.07111928050957772,0.2261904761904762,False,0.0,0.0
OADMET-0002892,5.42,5.170682080509593,5.103101582378175,0.24931791949040694,0.31689841762182525,0.25773195876288657,True,0.0,-0.2252683271047271
OADMET-0002889,4.79,5.115925631708312,5.115925631708312,-0.3259256317083121,-0.3259256317083121,0.20652173913043478,False,0.0,0.0
OADMET-0002888,2.67,2.809031307813033,2.864076724775841,-0.13903130781303297,-0.19407672477584104,0.417910447761194,False,0.18348472320935968,0.0
OADMET-0002887,4.96,4.735973309197472,4.677293971682827,0.22402669080252835,0.28270602831717273,0.20618556701030927,True,0.0,-0.19559779171548275
OADMET-0002886,1.77,3.3908305169309223,3.3908305169309223,-1.6208305169309223,-1.6208305169309223,0.22388059701492538,False,0.0,0.0
OADMET-0002885,1.78,3.1228772393708093,3.1228772393708093,-1.3428772393708093,-1.3428772393708093,0.22857142857142856,False,0.0,0.0
OADMET-0002884,5.21,5.223499027270716,5.223499027270716,-0.013499027270715835,-0.013499027270715835,0.20588235294117646,False,0.0,0.0
OADMET-0002883,5.48,5.436327209981899,5.436327209981899,0.04367279001810154,0.04367279001810154,0.17204301075268819,False,0.0,0.0
OADMET-0002882,5.25,5.049535948327444,5.049535948327444,0.2004640516725562,0.2004640516725562,0.21428571428571427,False,0.0,0.0
OADMET-0002881,1.76,3.5650982023442834,3.5362923196619627,-1.8050982023442834,-1.7762923196619627,0.17391304347826086,True,0.0,-0.09601960894106965
OADMET-0002880,5.06,4.840035918846871,4.840035918846871,0.2199640811531287,0.2199640811531287,0.2236842105263158,False,0.0,0.0
OADMET-0002879,5.42,5.124096636401797,5.124096636401797,0.29590336359820313,0.29590336359820313,0.2,False,0.0,0.0
OADMET-0002878,5.0,4.923832306352633,4.923832306352633,0.07616769364736697,0.07616769364736697,0.20224719101123595,False,0.0,0.0
OADMET-0002877,3.08,4.450981495912792,4.450981495912792,-1.3709814959127922,-1.3709814959127922,0.21052631578947367,False,0.0,0.0
OADMET-0002876,5.34,5.266010206416972,5.266010206416972,0.07398979358302782,0.07398979358302782,0.19607843137254902,False,0.0,0.0
OADMET-0002875,1.99,3.468553316361696,3.468553316361696,-1.478553316361696,-1.478553316361696,0.17204301075268819,False,0.0,0.0
OADMET-0002874,5.33,5.001915484261744,5.001915484261744,0.32808451573825614,0.32808451573825614,0.1625,False,0.0,0.0
OADMET-0002873,5.22,5.022149007065782,5.022149007065782,0.19785099293421737,0.19785099293421737,0.24675324675324675,False,0.0,0.0
OADMET-0002872,4.74,5.013537293961905,5.013537293961905,-0.27353729396190474,-0.27353729396190474,0.20833333333333334,False,0.0,0.0
OADMET-0002871,5.16,4.644112456539302,4.644112456539302,0.515887543460698,0.515887543460698,0.20454545454545456,False,0.0,0.0
OADMET-0002870,5.07,4.8508386686010265,4.8508386686010265,0.21916133139897376,0.21916133139897376,0.2261904761904762,False,0.0,0.0
OADMET-0002869,5.51,5.438346367206389,5.438346367206389,0.07165363279361081,0.07165363279361081,0.2835820895522388,False,0.0,0.0
OADMET-0002868,5.44,5.1650376331458965,5.107687057020832,0.2749623668541039,0.33231294297916847,0.18666666666666668,True,0.0,-0.19116858708354734
OADMET-0002867,5.12,5.014765687822138,5.014765687822138,0.1052343121778625,0.1052343121778625,0.21333333333333335,False,0.0,0.0
OADMET-0002866,3.47,3.086246059241804,3.0659834297390187,0.38375394075819624,0.4040165702609815,0.16455696202531644,True,0.0,-0.06754209834261671
OADMET-0002865,5.44,5.274214395273079,5.274214395273079,0.1657856047269215,0.1657856047269215,0.23529411764705882,False,0.0,0.0
OADMET-0002864,4.94,4.760228690823305,4.760228690823305,0.17977130917669548,0.17977130917669548,0.12643678160919541,False,0.0,0.0
OADMET-0002863,1.79,3.360569796631637,3.360569796631637,-1.570569796631637,-1.570569796631637,0.2714285714285714,False,0.0,0.0
OADMET-0002862,2.57,3.03305678807416,3.013743114144751,-0.46305678807416006,-0.443743114144751,0.18,True,0.0,-0.06437891309802968
OADMET-0002861,5.83,5.3418477100076025,5.281342646066036,0.48815228999239757,0.5486573539339643,0.28378378378378377,True,0.0,-0.20168354647188824
OADMET-0002860,5.3,5.38611648661419,5.38611648661419,-0.08611648661419036,-0.08611648661419036,0.21839080459770116,False,0.0,0.0
OADMET-0002859,5.83,5.177414103850578,5.177414103850578,0.6525858961494224,0.6525858961494224,0.2125,False,0.0,0.0
OADMET-0002858,2.82,2.7699558673553093,2.7699558673553093,0.05004413264469054,0.05004413264469054,0.24324324324324326,False,0.0,0.0
OADMET-0002857,5.86,5.074330098652145,5.074330098652145,0.7856699013478554,0.7856699013478554,0.17647058823529413,False,0.0,0.0
OADMET-0002856,5.545,4.839197412740837,4.839197412740837,0.7058025872591633,0.7058025872591633,0.21518987341772153,False,0.0,0.0
OADMET-0002855,5.33,5.405756811725283,5.405756811725283,-0.0757568117252827,-0.0757568117252827,0.12631578947368421,False,0.0,0.0
OADMET-0002854,5.59,5.595744321647199,5.691118564659545,-0.005744321647199513,-0.10111856465954538,0.47619047619047616,False,0.3179141433744872,0.0
OADMET-0002853,1.76,2.723243010159835,2.723243010159835,-0.9632430101598348,-0.9632430101598348,0.20987654320987653,False,0.0,0.0
OADMET-0002852,4.86,5.4672202244545645,5.4672202244545645,-0.6072202244545641,-0.6072202244545641,0.22857142857142856,False,0.0,0.0
OADMET-0002851,4.97,5.301356223486002,5.301356223486002,-0.3313562234860026,-0.3313562234860026,0.19148936170212766,False,0.0,0.0
OADMET-0002850,5.35,5.245656888230333,5.245656888230333,0.10434311176966649,0.10434311176966649,0.16842105263157894,False,0.0,0.0
OADMET-0002849,5.44,5.16916269862536,5.16916269862536,0.2708373013746401,0.2708373013746401,0.25925925925925924,False,0.0,0.0
OADMET-0002848,5.69,5.537872836659256,5.537872836659256,0.1521271633407446,0.1521271633407446,0.296875,False,0.0,0.0
OADMET-0002847,5.27,5.1162952582813,5.1162952582813,0.1537047417186992,0.1537047417186992,0.24390243902439024,False,0.0,0.0
OADMET-0002846,5.4,5.453317011675788,5.453317011675788,-0.053317011675787285,-0.053317011675787285,0.2073170731707317,False,0.0,0.0
OADMET-0002845,5.71,5.223393745561248,5.223393745561248,0.48660625443875194,0.48660625443875194,0.2222222222222222,False,0.0,0.0
OADMET-0002844,5.88,5.076406121485442,5.076406121485442,0.8035938785145582,0.8035938785145582,0.22916666666666666,False,0.0,0.0
OADMET-0002843,3.84,3.32128758222154,3.32128758222154,0.5187124177784597,0.5187124177784597,0.2111111111111111,False,0.0,0.0
OADMET-0002842,5.04,5.224469961934877,5.224469961934877,-0.18446996193487664,-0.18446996193487664,0.1794871794871795,False,0.0,0.0
OADMET-0002841,5.45,4.4049103185968495,4.4049103185968495,1.0450896814031507,1.0450896814031507,0.25,False,0.0,0.0
OADMET-0002840,5.14,5.271934299330109,5.271934299330109,-0.13193429933010936,-0.13193429933010936,0.175,False,0.0,0.0
OADMET-0002839,1.74,2.64395377832709,2.64395377832709,-0.9039537783270901,-0.9039537783270901,0.17582417582417584,False,0.0,0.0
OADMET-0002838,5.14,5.447105844043991,5.486694426561016,-0.3071058440439911,-0.3466944265610161,0.373134328358209,False,0.1319619417234157,0.0
OADMET-0002837,1.73,2.611391230462824,2.611391230462824,-0.8813912304628242,-0.8813912304628242,0.275,False,0.0,0.0
OADMET-0002836,2.91,4.9235147003988615,4.9235147003988615,-2.0135147003988614,-2.0135147003988614,0.18888888888888888,False,0.0,0.0
OADMET-0002835,5.01,4.947136282920837,4.947136282920837,0.06286371707916238,0.06286371707916238,0.1368421052631579,False,0.0,0.0
OADMET-0002834,5.64,5.393985822825755,5.393985822825755,0.24601417717424479,0.24601417717424479,0.2916666666666667,False,0.0,0.0
OADMET-0002833,4.885,5.407934564294167,5.407934564294167,-0.5229345642941672,-0.5229345642941672,0.2111111111111111,False,0.0,0.0
OADMET-0002832,5.38,5.331050367494231,5.331050367494231,0.048949632505769,0.048949632505769,0.2375,False,0.0,0.0
OADMET-0002831,4.04,3.9062254820055173,3.9062254820055173,0.1337745179944827,0.1337745179944827,0.20512820512820512,False,0.0,0.0
OADMET-0002830,5.4,5.595679431054199,5.722608060151711,-0.19567943105419872,-0.32260806015171095,0.5344827586206896,False,0.4230954303250398,0.0
OADMET-0002829,5.64,5.199513125882565,5.199513125882565,0.44048687411743437,0.44048687411743437,0.24242424242424243,False,0.0,0.0
OADMET-0002828,3.73,2.9819236345661495,2.9819236345661495,0.7480763654338505,0.7480763654338505,0.22093023255813954,False,0.0,0.0
OADMET-0002827,5.91,5.478355070919666,5.478355070919666,0.4316449290803339,0.4316449290803339,0.24444444444444444,False,0.0,0.0
OADMET-0002825,6.225,5.0845124182191865,5.0845124182191865,1.140487581780813,1.140487581780813,0.23880597014925373,False,0.0,0.0
OADMET-0002824,6.52,5.699133175322153,5.613003184396055,0.8208668246778466,0.9069968156039447,0.18292682926829268,True,0.0,-0.2870999697536618
OADMET-0002823,5.39,5.2225385737650605,5.2225385737650605,0.1674614262349392,0.1674614262349392,0.19718309859154928,False,0.0,0.0
OADMET-0002822,5.47,5.486135264276301,5.486135264276301,-0.01613526427630152,-0.01613526427630152,0.2289156626506024,False,0.0,0.0
OADMET-0002821,5.52,5.367285867570673,5.367285867570673,0.15271413242932663,0.15271413242932663,0.25274725274725274,False,0.0,0.0
OADMET-0002820,5.73,5.597705044098271,5.597705044098271,0.13229495590172924,0.13229495590172924,0.21428571428571427,False,0.0,0.0
OADMET-0002819,6.345000000000001,5.622182945140357,6.001102234946164,0.722817054859644,0.3438977650538364,1.0,False,1.2630642993526924,0.0
OADMET-0002818,5.74,5.8077498699854875,5.8077498699854875,-0.06774986998548727,-0.06774986998548727,0.2962962962962963,False,0.0,0.0
OADMET-0002817,5.3,5.3909324384430075,5.3909324384430075,-0.09093243844300769,-0.09093243844300769,0.26865671641791045,False,0.0,0.0
OADMET-0002816,5.51,5.003724887533095,5.003724887533095,0.5062751124669047,0.5062751124669047,0.2,False,0.0,0.0
OADMET-0002815,5.72,5.13500988275102,5.13500988275102,0.5849901172489798,0.5849901172489798,0.21428571428571427,False,0.0,0.0
OADMET-0002814,5.28,5.375139603337038,5.375139603337038,-0.09513960333703775,-0.09513960333703775,0.24731182795698925,False,0.0,0.0
OADMET-0002813,5.02,5.170753252159045,5.170753252159045,-0.15075325215904556,-0.15075325215904556,0.28125,False,0.0,0.0
OADMET-0002812,5.0,5.1982696181362105,5.1982696181362105,-0.19826961813621047,-0.19826961813621047,0.24390243902439024,False,0.0,0.0
OADMET-0002811,5.03,5.176744406663098,5.176744406663098,-0.14674440666309785,-0.14674440666309785,0.24691358024691357,False,0.0,0.0
OADMET-0002810,5.949999999999999,5.8663647151687766,5.8663647151687766,0.08363528483122273,0.08363528483122273,0.28378378378378377,False,0.0,0.0
OADMET-0002809,5.74,5.578556969327834,5.578556969327834,0.16144303067216637,0.16144303067216637,0.2159090909090909,False,0.0,0.0
OADMET-0002808,5.19,5.184428042346991,5.184428042346991,0.0055719576530091075,0.0055719576530091075,0.25333333333333335,False,0.0,0.0
OADMET-0002807,5.775,5.481292069999917,5.481292069999917,0.29370793000008355,0.29370793000008355,0.22857142857142856,False,0.0,0.0
OADMET-0002806,3.26,3.1623423059009808,3.1623423059009808,0.09765769409901903,0.09765769409901903,0.22988505747126436,False,0.0,0.0
OADMET-0002805,4.91,4.87446232374432,4.87446232374432,0.035537676255680495,0.035537676255680495,0.20253164556962025,False,0.0,0.0
OADMET-0002804,4.95,5.080862486015246,5.080862486015246,-0.13086248601524542,-0.13086248601524542,0.17346938775510204,False,0.0,0.0
OADMET-0002803,5.22,5.13329680128005,5.13329680128005,0.0867031987199498,0.0867031987199498,0.21686746987951808,False,0.0,0.0
OADMET-0002802,5.55,5.358550002736953,5.358550002736953,0.1914499972630468,0.1914499972630468,0.1875,False,0.0,0.0
OADMET-0002801,5.84,5.5456080080236045,5.551460043387401,0.2943919919763953,0.288539956612599,0.3108108108108108,False,0.019506784545987532,0.0
OADMET-0002800,5.09,5.443760952208805,5.443760952208805,-0.35376095220880543,-0.35376095220880543,0.19318181818181818,False,0.0,0.0
OADMET-0002799,3.4,3.147112718369197,3.147112718369197,0.252887281630803,0.252887281630803,0.17647058823529413,False,0.0,0.0
OADMET-0002798,5.21,4.849436654164953,4.849436654164953,0.3605633458350468,0.3605633458350468,0.20253164556962025,False,0.0,0.0
OADMET-0002797,5.84,5.330381000157699,5.330381000157699,0.5096189998423011,0.5096189998423011,0.2375,False,0.0,0.0
OADMET-0002796,5.0,5.006122797206768,5.006122797206768,-0.006122797206767672,-0.006122797206767672,0.24719101123595505,False,0.0,0.0
OADMET-0002795,5.029999999999999,3.829554119735088,3.829554119735088,1.2004458802649114,1.2004458802649114,0.1875,False,0.0,0.0
OADMET-0002794,5.64,4.930914803153103,4.930914803153103,0.709085196846897,0.709085196846897,0.24691358024691357,False,0.0,0.0
OADMET-0002793,4.96,5.261712159462346,5.261712159462346,-0.30171215946234575,-0.30171215946234575,0.19,False,0.0,0.0
OADMET-0002792,5.39,5.131232788030384,5.131232788030384,0.25876721196961583,0.25876721196961583,0.24444444444444444,False,0.0,0.0
OADMET-0002791,6.125,5.695249331576153,5.998831489694751,0.42975066842384724,0.12616851030524856,1.0,False,1.011940527061996,0.0
OADMET-0002790,4.93,5.0899234635158646,5.0899234635158646,-0.15992346351586484,-0.15992346351586484,0.25806451612903225,False,0.0,0.0
OADMET-0002789,5.46,5.374509350304464,5.374509350304464,0.08549064969553566,0.08549064969553566,0.23863636363636365,False,0.0,0.0
OADMET-0002788,5.3,4.830146348823622,4.830146348823622,0.46985365117637823,0.46985365117637823,0.22666666666666666,False,0.0,0.0
OADMET-0002787,5.7,5.278892441166257,5.278892441166257,0.42110755883374296,0.42110755883374296,0.19047619047619047,False,0.0,0.0
OADMET-0002786,6.14,5.041850368490497,5.345432526609096,1.0981496315095027,0.794567473390904,1.0,False,1.011940527061996,0.0
OADMET-0002785,5.41,4.8915206663816875,4.8915206663816875,0.5184793336183127,0.5184793336183127,0.24324324324324326,False,0.0,0.0
OADMET-0002784,5.35,4.835985342970172,4.835985342970172,0.5140146570298274,0.5140146570298274,0.17721518987341772,False,0.0,0.0
OADMET-0002783,5.69,5.434209684029366,5.434209684029366,0.25579031597063473,0.25579031597063473,0.23863636363636365,False,0.0,0.0
OADMET-0002782,5.41,5.133337177813631,5.133337177813631,0.27666282218636873,0.27666282218636873,0.2647058823529412,False,0.0,0.0
OADMET-0002781,5.5,4.741545036232587,4.741545036232587,0.758454963767413,0.758454963767413,0.19318181818181818,False,0.0,0.0
OADMET-0002780,5.925000000000001,5.3717434797472166,5.3717434797472166,0.5532565202527842,0.5532565202527842,0.23684210526315788,False,0.0,0.0
OADMET-0002779,5.3,5.32175756750755,5.32175756750755,-0.021757567507550313,-0.021757567507550313,0.16470588235294117,False,0.0,0.0
OADMET-0002778,5.04,5.296508687676735,5.296508687676735,-0.2565086876767353,-0.2565086876767353,0.1917808219178082,False,0.0,0.0
OADMET-0002777,5.03,5.073124262893084,5.073124262893084,-0.04312426289308391,-0.04312426289308391,0.22727272727272727,False,0.0,0.0
OADMET-0002776,5.22,5.0895466487384535,5.0895466487384535,0.13045335126154622,0.13045335126154622,0.2261904761904762,False,0.0,0.0
OADMET-0002775,5.23,5.270154920133573,5.270154920133573,-0.04015492013357225,-0.04015492013357225,0.28169014084507044,False,0.0,0.0
OADMET-0002774,5.07,5.3155215332809,5.3155215332809,-0.24552153328089954,-0.24552153328089954,0.2289156626506024,False,0.0,0.0
OADMET-0002773,5.91,5.748451706738147,5.748451706738147,0.16154829326185283,0.16154829326185283,0.2345679012345679,False,0.0,0.0
OADMET-0002772,5.215,5.376292371055454,5.376292371055454,-0.16129237105545435,-0.16129237105545435,0.21951219512195122,False,0.0,0.0
OADMET-0002771,1.8,3.001918015086535,3.001918015086535,-1.201918015086535,-1.201918015086535,0.16483516483516483,False,0.0,0.0
OADMET-0002769,5.22,5.339246057538153,5.339246057538153,-0.11924605753815332,-0.11924605753815332,0.2962962962962963,False,0.0,0.0
OADMET-0002768,5.25,5.059059380096139,5.059059380096139,0.19094061990386102,0.19094061990386102,0.17647058823529413,False,0.0,0.0
OADMET-0002767,6.27,5.7293335116025315,6.045256470764712,0.5406664883974681,0.22474352923528773,1.0,False,1.0530765305406022,0.0
OADMET-0002766,5.904999999999999,5.376156806019903,5.376156806019903,0.5288431939800962,0.5288431939800962,0.25396825396825395,False,0.0,0.0
OADMET-0002765,3.1,2.8056323854668626,2.8056323854668626,0.29436761453313753,0.29436761453313753,0.1595744680851064,False,0.0,0.0
OADMET-0002764,4.79,4.750951929462766,4.750951929462766,0.039048070537234025,0.039048070537234025,0.189873417721519,False,0.0,0.0
OADMET-0002763,5.31,4.810113337896402,4.810113337896402,0.4998866621035978,0.4998866621035978,0.20238095238095238,False,0.0,0.0
OADMET-0002762,5.6,5.6461169367855035,5.654838140001617,-0.04611693678550388,-0.054838140001617575,0.31868131868131866,False,0.029070677387044174,0.0
OADMET-0002761,5.41,4.944996010215537,4.944996010215537,0.46500398978446356,0.46500398978446356,0.2328767123287671,False,0.0,0.0
OADMET-0002760,6.32,5.45902801115536,5.709429454512582,0.8609719888446401,0.610570545487418,1.0,False,0.8346714778574078,0.0
OADMET-0002759,4.74,4.598105059318172,4.598105059318172,0.14189494068182817,0.14189494068182817,0.19696969696969696,False,0.0,0.0
OADMET-0002758,5.795,5.135852480860589,5.135852480860589,0.6591475191394105,0.6591475191394105,0.15,False,0.0,0.0
OADMET-0002757,4.77,5.265304355713928,5.270080649282908,-0.4953043557139285,-0.5000806492829089,0.3088235294117647,False,0.015920978563269277,0.0
OADMET-0002756,4.87,4.868719601631164,4.868719601631164,0.0012803983688360887,0.0012803983688360887,0.26881720430107525,False,0.0,0.0
OADMET-0002755,5.38,5.066537345497354,5.066537345497354,0.3134626545026462,0.3134626545026462,0.2222222222222222,False,0.0,0.0
OADMET-0002754,5.6,5.419049325730037,5.419049325730037,0.1809506742699627,0.1809506742699627,0.26506024096385544,False,0.0,0.0
OADMET-0002753,6.15,3.6923304443220486,3.6923304443220486,2.4576695556779518,2.4576695556779518,0.2,False,0.0,0.0
OADMET-0002752,4.95,5.121636909882999,5.121636909882999,-0.17163690988299862,-0.17163690988299862,0.25,False,0.0,0.0
OADMET-0002751,5.13,5.24143348735513,5.24143348735513,-0.11143348735513037,-0.11143348735513037,0.24096385542168675,False,0.0,0.0
OADMET-0002750,3.43,3.9956656178224432,3.9956656178224432,-0.5656656178224431,-0.5656656178224431,0.2159090909090909,False,0.0,0.0
OADMET-0002749,1.9,3.6487532339049773,3.660036196732198,-1.7487532339049774,-1.760036196732198,0.325,False,0.03760987609073583,0.0
OADMET-0002748,1.79,2.4576418608137707,2.4576418608137707,-0.6676418608137706,-0.6676418608137706,0.16483516483516483,False,0.0,0.0
OADMET-0002747,5.87,4.184740318951097,4.184740318951097,1.685259681048903,1.685259681048903,0.2413793103448276,False,0.0,0.0
OADMET-0002746,4.78,3.2179358147880404,3.2179358147880404,1.5620641852119599,1.5620641852119599,0.21348314606741572,False,0.0,0.0
OADMET-0002745,1.76,2.911525721341661,2.911525721341661,-1.1515257213416612,-1.1515257213416612,0.2112676056338028,False,0.0,0.0
OADMET-0002744,5.34,5.394061549658914,5.394061549658914,-0.054061549658913854,-0.054061549658913854,0.2916666666666667,False,0.0,0.0
OADMET-0002743,1.83,2.793411335551623,2.793411335551623,-0.9634113355516227,-0.9634113355516227,0.25882352941176473,False,0.0,0.0
OADMET-0002742,1.82,3.234707153537898,3.234707153537898,-1.414707153537898,-1.414707153537898,0.2127659574468085,False,0.0,0.0
OADMET-0002740,5.67,5.122955281294665,5.122955281294665,0.5470447187053349,0.5470447187053349,0.21951219512195122,False,0.0,0.0
OADMET-0002739,5.33,5.109639511293578,5.109639511293578,0.22036048870642233,0.22036048870642233,0.2159090909090909,False,0.0,0.0
OADMET-0002738,5.34,5.287667077953375,5.287667077953375,0.05233292204662465,0.05233292204662465,0.2602739726027397,False,0.0,0.0
OADMET-0002736,4.91,4.905195014685103,4.905195014685103,0.004804985314897259,0.004804985314897259,0.2073170731707317,False,0.0,0.0
OADMET-0002735,5.455,5.115302484938241,5.115302484938241,0.3396975150617587,0.3396975150617587,0.21951219512195122,False,0.0,0.0
OADMET-0002734,1.81,3.495523581574264,3.495523581574264,-1.6855235815742637,-1.6855235815742637,0.22105263157894736,False,0.0,0.0
OADMET-0002733,5.76,5.403022349227979,5.403022349227979,0.3569776507720208,0.3569776507720208,0.21875,False,0.0,0.0
OADMET-0002732,5.66,5.503761838014843,5.503761838014843,0.15623816198515694,0.15623816198515694,0.20512820512820512,False,0.0,0.0
OADMET-0002731,5.61,5.499603165469123,5.499603165469123,0.11039683453087701,0.11039683453087701,0.2823529411764706,False,0.0,0.0
OADMET-0002730,5.58,5.43077479982839,5.43077479982839,0.14922520017161034,0.14922520017161034,0.25,False,0.0,0.0
OADMET-0002729,5.175,5.288955584313106,5.288955584313106,-0.11395558431310615,-0.11395558431310615,0.2891566265060241,False,0.0,0.0
OADMET-0002728,5.65,5.2663757678374505,5.277479629809782,0.3836242321625498,0.37252037019021866,0.32051282051282054,False,0.03701287324110461,0.0
OADMET-0002727,5.71,5.00026991737699,5.00026991737699,0.7097300826230102,0.7097300826230102,0.2558139534883721,False,0.0,0.0
OADMET-0002726,5.01,5.216822331160017,5.216822331160017,-0.20682233116001747,-0.20682233116001747,0.19047619047619047,False,0.0,0.0
OADMET-0002725,5.35,5.277899968971326,5.277899968971326,0.07210003102867368,0.07210003102867368,0.29069767441860467,False,0.0,0.0
OADMET-0002724,2.6,3.2592018877418294,3.2592018877418294,-0.6592018877418293,-0.6592018877418293,0.21951219512195122,False,0.0,0.0
OADMET-0002723,2.89,3.267580924682247,3.267580924682247,-0.3775809246822468,-0.3775809246822468,0.2804878048780488,False,0.0,0.0
OADMET-0002722,5.47,5.259758050464889,5.259758050464889,0.21024194953511088,0.21024194953511088,0.26582278481012656,False,0.0,0.0
OADMET-0002721,4.97,5.0411923769608284,5.0411923769608284,-0.0711923769608287,-0.0711923769608287,0.21951219512195122,False,0.0,0.0
OADMET-0002720,5.46,5.252030561734172,5.252030561734172,0.20796943826582837,0.20796943826582837,0.24175824175824176,False,0.0,0.0
OADMET-0002719,2.53,2.4925359184302174,2.4925359184302174,0.037464081569782426,0.037464081569782426,0.2087912087912088,False,0.0,0.0
OADMET-0002718,6.115,5.005516960088489,5.3090991182070875,1.1094830399115114,0.8059008817929127,1.0,False,1.011940527061996,0.0
OADMET-0002717,5.54,5.293863862695046,5.293863862695046,0.24613613730495398,0.24613613730495398,0.21505376344086022,False,0.0,0.0
OADMET-0002716,4.79,4.927292343019282,4.927292343019282,-0.13729234301928184,-0.13729234301928184,0.19753086419753085,False,0.0,0.0
OADMET-0002715,5.83,5.380116101839009,5.380116101839009,0.4498838981609907,0.4498838981609907,0.29411764705882354,False,0.0,0.0
OADMET-0002714,5.82,5.4790027829049865,5.4790027829049865,0.34099721709501374,0.34099721709501374,0.2441860465116279,False,0.0,0.0
OADMET-0002713,5.44,5.0754530543262515,5.0754530543262515,0.3645469456737489,0.3645469456737489,0.21951219512195122,False,0.0,0.0
OADMET-0002712,5.29,5.538865738239103,5.538865738239103,-0.24886573823910307,-0.24886573823910307,0.20652173913043478,False,0.0,0.0
OADMET-0002710,2.78,2.893728109702323,2.893728109702323,-0.11372810970232328,-0.11372810970232328,0.1797752808988764,False,0.0,0.0
OADMET-0002709,5.49,5.458563573615065,5.458563573615065,0.0314364263849356,0.0314364263849356,0.1839080459770115,False,0.0,0.0
OADMET-0002708,1.84,3.7622573073627876,3.7622573073627876,-1.9222573073627875,-1.9222573073627875,0.1927710843373494,False,0.0,0.0
OADMET-0002707,5.56,5.455979762956934,5.455979762956934,0.1040202370430654,0.1040202370430654,0.2222222222222222,False,0.0,0.0
OADMET-0002706,4.94,5.191037676635297,5.191037676635297,-0.2510376766352964,-0.2510376766352964,0.25609756097560976,False,0.0,0.0
OADMET-0002705,3.56,3.8096015932490523,3.8096015932490523,-0.2496015932490523,-0.2496015932490523,0.25,False,0.0,0.0
OADMET-0002704,5.6,4.240966875344805,4.240966875344805,1.3590331246551948,1.3590331246551948,0.19791666666666666,False,0.0,0.0
OADMET-0002703,5.16,5.288086187260822,5.288086187260822,-0.12808618726082166,-0.12808618726082166,0.2191780821917808,False,0.0,0.0
OADMET-0002702,5.24,5.141123782315301,5.141123782315301,0.09887621768469934,0.09887621768469934,0.19753086419753085,False,0.0,0.0
OADMET-0002701,5.365,5.027333980856589,5.027333980856589,0.3376660191434109,0.3376660191434109,0.2702702702702703,False,0.0,0.0
OADMET-0002700,5.64,5.537064218984066,5.537064218984066,0.10293578101593326,0.10293578101593326,0.20481927710843373,False,0.0,0.0
OADMET-0002699,5.22,4.882283988045257,4.882283988045257,0.33771601195474243,0.33771601195474243,0.20481927710843373,False,0.0,0.0
OADMET-0002698,5.7,5.334205766788964,5.334205766788964,0.36579423321103643,0.36579423321103643,0.23076923076923078,False,0.0,0.0
OADMET-0002697,5.36,5.142353921723597,5.142353921723597,0.21764607827640337,0.21764607827640337,0.1728395061728395,False,0.0,0.0
OADMET-0002696,5.85,5.16600925135381,5.16600925135381,0.68399074864619,0.68399074864619,0.20212765957446807,False,0.0,0.0
OADMET-0002695,2.69,4.654268390924027,4.654268390924027,-1.9642683909240275,-1.9642683909240275,0.20930232558139536,False,0.0,0.0
OADMET-0002694,1.91,3.1279685358399325,3.1279685358399325,-1.2179685358399326,-1.2179685358399326,0.27380952380952384,False,0.0,0.0
OADMET-0002693,5.06,5.10796362867633,5.10796362867633,-0.04796362867633075,-0.04796362867633075,0.2375,False,0.0,0.0
OADMET-0002692,4.67,5.3250877616474925,5.3250877616474925,-0.6550877616474926,-0.6550877616474926,0.20512820512820512,False,0.0,0.0
OADMET-0002691,5.35,5.339820672701864,5.339820672701864,0.010179327298136087,0.010179327298136087,0.2127659574468085,False,0.0,0.0
OADMET-0002690,5.27,5.06434855322236,5.06434855322236,0.20565144677763936,0.20565144677763936,0.19318181818181818,False,0.0,0.0
OADMET-0002689,4.07,3.043493968653447,3.043493968653447,1.0265060313465533,1.0265060313465533,0.20987654320987653,False,0.0,0.0
OADMET-0002688,4.65,5.2903386812765625,5.296550472912723,-0.6403386812765621,-0.6465504729127227,0.3114754098360656,False,0.020705972120535987,0.0
OADMET-0002687,5.12,5.114119717449817,5.114119717449817,0.005880282550182692,0.005880282550182692,0.2948717948717949,False,0.0,0.0
OADMET-0002686,5.44,5.109100738312433,5.109100738312433,0.3308992616875672,0.3308992616875672,0.3,False,0.0,0.0
OADMET-0002685,5.98,5.304368051278939,5.304368051278939,0.6756319487210618,0.6756319487210618,0.21794871794871795,False,0.0,0.0
OADMET-0002684,3.2,3.466785368410129,3.466785368410129,-0.2667853684101287,-0.2667853684101287,0.2125,False,0.0,0.0
OADMET-0002683,6.07,5.262241265380267,5.565823423498865,0.8077587346197337,0.504176576501135,1.0,False,1.011940527061996,0.0
OADMET-0002682,2.42,4.401617325162425,4.401617325162425,-1.981617325162425,-1.981617325162425,0.17857142857142858,False,0.0,0.0
OADMET-0002681,5.33,4.957701964285767,4.957701964285767,0.37229803571423314,0.37229803571423314,0.2857142857142857,False,0.0,0.0
OADMET-0002680,5.4,5.356423038417853,5.356423038417853,0.04357696158214708,0.04357696158214708,0.27472527472527475,False,0.0,0.0
OADMET-0002679,5.27,5.43707698085933,5.43707698085933,-0.16707698085933043,-0.16707698085933043,0.2535211267605634,False,0.0,0.0
OADMET-0002678,5.53,5.3809036865975095,5.3809036865975095,0.14909631340249074,0.14909631340249074,0.24175824175824176,False,0.0,0.0
OADMET-0002677,5.28,5.026384851539019,5.026384851539019,0.2536151484609812,0.2536151484609812,0.19318181818181818,False,0.0,0.0
OADMET-0002676,5.57,5.216479507001858,5.216479507001858,0.35352049299814237,0.35352049299814237,0.2441860465116279,False,0.0,0.0
OADMET-0002675,5.8100000000000005,4.618197371195821,4.618197371195821,1.1918026288041794,1.1918026288041794,0.2111111111111111,False,0.0,0.0
OADMET-0002674,5.28,5.297280772218427,5.297280772218427,-0.0172807722184265,-0.0172807722184265,0.20238095238095238,False,0.0,0.0
OADMET-0002673,4.81,5.269685731582271,5.269685731582271,-0.45968573158227155,-0.45968573158227155,0.22916666666666666,False,0.0,0.0
OADMET-0002672,1.72,3.8721845501834906,3.8721845501834906,-2.152184550183491,-2.152184550183491,0.22535211267605634,False,0.0,0.0
OADMET-0002671,5.3,5.040867902931658,5.040867902931658,0.25913209706834195,0.25913209706834195,0.23255813953488372,False,0.0,0.0
OADMET-0002670,5.18,4.95204859890984,4.95204859890984,0.22795140109015932,0.22795140109015932,0.2631578947368421,False,0.0,0.0
OADMET-0002669,3.36,3.3663977180869833,3.3663977180869833,-0.006397718086983417,-0.006397718086983417,0.13580246913580246,False,0.0,0.0
OADMET-0002668,5.03,5.281480656549768,5.281480656549768,-0.25148065654976737,-0.25148065654976737,0.15789473684210525,False,0.0,0.0
OADMET-0002667,1.8,3.6699922653077874,3.6699922653077874,-1.8699922653077874,-1.8699922653077874,0.20930232558139536,False,0.0,0.0
OADMET-0002666,6.325,5.5058293581008915,5.832617972728194,0.8191706418991087,0.49238202727180624,1.0,False,1.0892953820910087,0.0
OADMET-0002665,5.42,5.0059735663886205,5.0059735663886205,0.4140264336113795,0.4140264336113795,0.23170731707317074,False,0.0,0.0
OADMET-0002664,5.08,5.359460177004916,5.359460177004916,-0.2794601770049159,-0.2794601770049159,0.21839080459770116,False,0.0,0.0
OADMET-0002663,5.08,5.150755447785832,5.150755447785832,-0.07075544778583165,-0.07075544778583165,0.18518518518518517,False,0.0,0.0
OADMET-0002662,5.87,4.968085104284935,4.968085104284935,0.9019148957150653,0.9019148957150653,0.273972602739726,False,0.0,0.0
OADMET-0002661,5.28,5.263421524612648,5.263421524612648,0.016578475387352576,0.016578475387352576,0.17647058823529413,False,0.0,0.0
OADMET-0002660,1.8,3.0802418665978517,3.0802418665978517,-1.2802418665978517,-1.2802418665978517,0.14606741573033707,False,0.0,0.0
OADMET-0002659,5.87,5.563155168005563,5.563155168005563,0.3068448319944368,0.3068448319944368,0.24175824175824176,False,0.0,0.0
OADMET-0002658,5.41,5.274970176844921,5.274970176844921,0.1350298231550795,0.1350298231550795,0.23255813953488372,False,0.0,0.0
OADMET-0002657,5.76,5.371684207499605,5.371684207499605,0.3883157925003946,0.3883157925003946,0.2857142857142857,False,0.0,0.0
OADMET-0002656,5.65,5.4666489316421805,5.4666489316421805,0.1833510683578199,0.1833510683578199,0.2073170731707317,False,0.0,0.0
OADMET-0002655,5.13,5.075229056830545,5.075229056830545,0.054770943169454966,0.054770943169454966,0.18823529411764706,False,0.0,0.0
OADMET-0002654,4.73,5.24137489541063,5.24137489541063,-0.5113748954106292,-0.5113748954106292,0.24050632911392406,False,0.0,0.0
OADMET-0002653,5.44,5.372896979850472,5.372896979850472,0.06710302014952862,0.06710302014952862,0.2826086956521739,False,0.0,0.0
OADMET-0002652,1.71,3.0136560098638814,3.0136560098638814,-1.3036560098638814,-1.3036560098638814,0.20652173913043478,False,0.0,0.0
OADMET-0002651,5.57,5.116009643239882,5.116009643239882,0.45399035676011845,0.45399035676011845,0.1927710843373494,False,0.0,0.0
OADMET-0002650,1.75,3.936337051229569,3.936337051229569,-2.186337051229569,-2.186337051229569,0.2375,False,0.0,0.0
OADMET-0002649,1.79,3.117607705107013,3.1226546335182452,-1.3276077051070128,-1.3326546335182452,0.3108108108108108,False,0.016823094704108244,0.0
OADMET-0002648,4.69,3.251151496577031,3.251151496577031,1.4388485034229692,1.4388485034229692,0.23595505617977527,False,0.0,0.0
OADMET-0002647,1.73,2.927421139050456,2.927421139050456,-1.1974211390504559,-1.1974211390504559,0.24444444444444444,False,0.0,0.0
OADMET-0002646,4.78,5.251697122240529,5.251697122240529,-0.4716971222405286,-0.4716971222405286,0.2542372881355932,False,0.0,0.0
OADMET-0002645,5.67,5.667775287905942,5.667775287905942,0.0022247120940575016,0.0022247120940575016,0.24096385542168675,False,0.0,0.0
OADMET-0002644,2.0,3.311372872116496,3.311372872116496,-1.311372872116496,-1.311372872116496,0.2676056338028169,False,0.0,0.0
OADMET-0002643,5.98,5.217416495258368,5.217416495258368,0.7625835047416327,0.7625835047416327,0.19047619047619047,False,0.0,0.0
OADMET-0002642,5.48,5.202660558293166,5.202660558293166,0.2773394417068342,0.2773394417068342,0.24324324324324326,False,0.0,0.0
OADMET-0002641,2.06,3.8717972005455237,3.8717972005455237,-1.8117972005455236,-1.8117972005455236,0.16129032258064516,False,0.0,0.0
OADMET-0002640,5.12,5.29759089321766,5.29759089321766,-0.1775908932176602,-0.1775908932176602,0.24210526315789474,False,0.0,0.0
OADMET-0002639,3.52,3.5671413626485657,3.5671413626485657,-0.04714136264856572,-0.04714136264856572,0.189873417721519,False,0.0,0.0
OADMET-0002638,5.26,5.580754880071844,5.580754880071844,-0.32075488007184383,-0.32075488007184383,0.24324324324324326,False,0.0,0.0
OADMET-0002637,5.31,5.41542943357264,5.41542943357264,-0.10542943357264001,-0.10542943357264001,0.23076923076923078,False,0.0,0.0
OADMET-0002636,5.19,5.058841418757021,5.058841418757021,0.1311585812429792,0.1311585812429792,0.22988505747126436,False,0.0,0.0
OADMET-0002635,5.45,4.768063030891048,4.768063030891048,0.6819369691089525,0.6819369691089525,0.23076923076923078,False,0.0,0.0
OADMET-0002634,4.7,5.26499736285904,5.26499736285904,-0.5649973628590397,-0.5649973628590397,0.2345679012345679,False,0.0,0.0
OADMET-0002633,6.045,5.4666120966661325,5.84553138647194,0.5783879033338675,0.1994686135280599,1.0,False,1.2630642993526924,0.0
OADMET-0002632,5.79,5.437673396045722,5.437673396045722,0.3523266039542783,0.3523266039542783,0.18181818181818182,False,0.0,0.0
OADMET-0002631,5.77,5.303136423953529,5.303136423953529,0.466863576046471,0.466863576046471,0.25,False,0.0,0.0
OADMET-0002630,4.705,5.128313480303126,5.128313480303126,-0.42331348030312554,-0.42331348030312554,0.2,False,0.0,0.0
OADMET-0002629,4.95,4.732159805066377,4.732159805066377,0.21784019493362283,0.21784019493362283,0.26666666666666666,False,0.0,0.0
OADMET-0002628,6.11,5.144179567087043,5.523098856892851,0.9658204329129569,0.5869011431071494,1.0,False,1.2630642993526924,0.0
OADMET-0002627,5.29,5.1314683682710225,5.1314683682710225,0.15853163172897755,0.15853163172897755,0.225,False,0.0,0.0
OADMET-0002626,5.19,5.263586289674333,5.263586289674333,-0.07358628967433223,-0.07358628967433223,0.20270270270270271,False,0.0,0.0
OADMET-0002625,5.3,5.266830312395559,5.266830312395559,0.033169687604440945,0.033169687604440945,0.2413793103448276,False,0.0,0.0
OADMET-0002624,1.74,3.823892168628359,3.823892168628359,-2.083892168628359,-2.083892168628359,0.18681318681318682,False,0.0,0.0
OADMET-0002623,5.28,5.146476395847728,5.146476395847728,0.1335236041522725,0.1335236041522725,0.18604651162790697,False,0.0,0.0
OADMET-0002622,5.52,3.445829653971403,3.445829653971403,2.0741703460285965,2.0741703460285965,0.2,False,0.0,0.0
OADMET-0002621,5.15,5.08267118953964,5.08267118953964,0.06732881046035999,0.06732881046035999,0.27631578947368424,False,0.0,0.0
OADMET-0002620,5.42,5.382414435414434,5.382414435414434,0.037585564585565834,0.037585564585565834,0.21978021978021978,False,0.0,0.0
OADMET-0002619,5.91,5.482511447702796,5.482511447702796,0.42748855229720384,0.42748855229720384,0.23809523809523808,False,0.0,0.0
OADMET-0002618,4.87,5.186964332941666,5.186964332941666,-0.3169643329416658,-0.3169643329416658,0.24050632911392406,False,0.0,0.0
OADMET-0002617,5.67,5.327179490709767,5.327179490709767,0.3428205092902328,0.3428205092902328,0.27848101265822783,False,0.0,0.0
OADMET-0002616,5.88,5.31798846767944,5.31798846767944,0.5620115323205601,0.5620115323205601,0.25,False,0.0,0.0
OADMET-0002615,5.33,5.469911842438781,5.498632111453524,-0.13991184243878063,-0.1686321114535243,0.36363636363636365,False,0.09573423004914569,0.0
OADMET-0002614,5.5,5.250331424277963,5.250331424277963,0.24966857572203693,0.24966857572203693,0.22916666666666666,False,0.0,0.0
OADMET-0002613,5.29,5.173725286270808,5.173725286270808,0.11627471372919196,0.11627471372919196,0.17647058823529413,False,0.0,0.0
OADMET-0002612,4.85,5.185454065359911,5.185454065359911,-0.3354540653599116,-0.3354540653599116,0.2125,False,0.0,0.0
OADMET-0002611,5.27,5.358333938330123,5.358333938330123,-0.08833393833012337,-0.08833393833012337,0.19767441860465115,False,0.0,0.0
OADMET-0002610,4.6850000000000005,5.287969574187565,5.287969574187565,-0.6029695741875649,-0.6029695741875649,0.2127659574468085,False,0.0,0.0
OADMET-0002609,4.67,5.6113082721395395,5.6113082721395395,-0.9413082721395396,-0.9413082721395396,0.189873417721519,False,0.0,0.0
OADMET-0002608,4.76,5.043334511414315,5.043334511414315,-0.2833345114143153,-0.2833345114143153,0.18840579710144928,False,0.0,0.0
OADMET-0002607,5.08,2.508170446261619,2.5135073376673347,2.571829553738381,2.5664926623326654,0.30985915492957744,False,0.017789638019051986,0.0
OADMET-0002606,5.33,5.285140964359913,5.285140964359913,0.044859035640087086,0.044859035640087086,0.23076923076923078,False,0.0,0.0
OADMET-0002605,5.6,5.480930897101615,5.480930897101615,0.11906910289838457,0.11906910289838457,0.23809523809523808,False,0.0,0.0
OADMET-0002604,5.81,5.454528773178175,5.455550118972799,0.35547122682182497,0.3544498810272003,0.3018867924528302,False,0.0034044859820827286,0.0
OADMET-0002603,6.855,5.5856163774879235,5.836017820845146,1.269383622512077,1.0189821791548548,1.0,False,0.8346714778574078,0.0
OADMET-0002602,5.62,5.506552187215934,5.506552187215934,0.11344781278406568,0.11344781278406568,0.2,False,0.0,0.0
OADMET-0002601,5.915,5.377720036089999,5.377720036089999,0.5372799639100014,0.5372799639100014,0.20930232558139536,False,0.0,0.0
OADMET-0002600,5.28,5.281279667835791,5.281279667835791,-0.0012796678357904767,-0.0012796678357904767,0.21518987341772153,False,0.0,0.0
OADMET-0002599,5.63,5.219970443642255,5.219970443642255,0.4100295563577445,0.4100295563577445,0.24096385542168675,False,0.0,0.0
OADMET-0002598,5.4,5.188657861079984,5.188657861079984,0.21134213892001608,0.21134213892001608,0.2597402597402597,False,0.0,0.0
OADMET-0002597,5.09,5.161976376320552,5.161976376320552,-0.07197637632055187,-0.07197637632055187,0.26666666666666666,False,0.0,0.0
OADMET-0002596,5.47,5.24413749778155,5.24413749778155,0.22586250221845017,0.22586250221845017,0.2361111111111111,False,0.0,0.0
OADMET-0002595,2.69,3.010137128945693,3.010137128945693,-0.32013712894569313,-0.32013712894569313,0.23076923076923078,False,0.0,0.0
OADMET-0002594,4.175,3.7830294974799292,3.7830294974799292,0.3919705025200706,0.3919705025200706,0.19047619047619047,False,0.0,0.0
OADMET-0002593,4.609999999999999,4.9773760580322115,4.9773760580322115,-0.36737605803221207,-0.36737605803221207,0.29310344827586204,False,0.0,0.0
OADMET-0002592,5.68,5.324221208720531,5.324221208720531,0.35577879127946854,0.35577879127946854,0.29333333333333333,False,0.0,0.0
OADMET-0002591,5.23,5.151913963938222,5.165343633032495,0.07808603606177833,0.06465636696750554,0.3287671232876712,False,0.044765563647575696,0.0
OADMET-0002590,5.12,5.075912471419399,5.075912471419399,0.04408752858060083,0.04408752858060083,0.25,False,0.0,0.0
OADMET-0002589,5.2,5.027258952381541,5.053058053536328,0.17274104761845877,0.14694194646367187,0.35526315789473684,False,0.08599700384929018,0.0
OADMET-0002588,5.41,5.228598132642727,5.228598132642727,0.18140186735727326,0.18140186735727326,0.24096385542168675,False,0.0,0.0
OADMET-0002587,5.02,5.254225457756264,5.254225457756264,-0.23422545775626435,-0.23422545775626435,0.23076923076923078,False,0.0,0.0
OADMET-0002586,5.62,5.5589163034865,5.5589163034865,0.06108369651350021,0.06108369651350021,0.24390243902439024,False,0.0,0.0
OADMET-0002585,5.35,5.228455781705171,5.228455781705171,0.12154421829482853,0.12154421829482853,0.22077922077922077,False,0.0,0.0
OADMET-0002584,5.62,5.28379357902749,5.28379357902749,0.33620642097250997,0.33620642097250997,0.21839080459770116,False,0.0,0.0
OADMET-0002583,5.91,5.517666778286683,5.517666778286683,0.39233322171331686,0.39233322171331686,0.22784810126582278,False,0.0,0.0
OADMET-0002582,1.75,4.047684756181773,4.047684756181773,-2.2976847561817726,-2.2976847561817726,0.1875,False,0.0,0.0
OADMET-0002581,5.29,4.968647262193624,4.968647262193624,0.3213527378063761,0.3213527378063761,0.2361111111111111,False,0.0,0.0
OADMET-0002580,5.6,5.100667128285158,5.100667128285158,0.49933287171484153,0.49933287171484153,0.2125,False,0.0,0.0
OADMET-0002579,5.15,4.817123937606811,4.8935775886479815,0.332876062393189,0.2564224113520188,0.463768115942029,False,0.2548455034705673,0.0
OADMET-0002578,4.65,5.057795859772025,5.057795859772025,-0.40779585977202437,-0.40779585977202437,0.25757575757575757,False,0.0,0.0
OADMET-0002577,5.03,5.268965921124209,5.268965921124209,-0.23896592112420834,-0.23896592112420834,0.22784810126582278,False,0.0,0.0
OADMET-0002576,5.38,5.253293072830126,5.253293072830126,0.12670692716987375,0.12670692716987375,0.21686746987951808,False,0.0,0.0
OADMET-0002575,6.16,4.97689126533212,4.97689126533212,1.1831087346678801,1.1831087346678801,0.1919191919191919,False,0.0,0.0
OADMET-0002574,4.79,5.341991618536051,5.341991618536051,-0.5519916185360509,-0.5519916185360509,0.2537313432835821,False,0.0,0.0
OADMET-0002573,5.41,5.317612282512258,5.317612282512258,0.09238771748774255,0.09238771748774255,0.1875,False,0.0,0.0
OADMET-0002572,5.58,5.291479744957488,5.291479744957488,0.28852025504251166,0.28852025504251166,0.25757575757575757,False,0.0,0.0
OADMET-0002571,6.0600000000000005,4.6157079976739235,4.942496612301226,1.444292002326077,1.1175033876987746,1.0,False,1.0892953820910087,0.0
OADMET-0002570,5.14,5.4909555930535765,5.4909555930535765,-0.3509555930535768,-0.3509555930535768,0.25882352941176473,False,0.0,0.0
OADMET-0002569,5.58,5.363161174070488,5.363161174070488,0.21683882592951242,0.21683882592951242,0.2028985507246377,False,0.0,0.0
OADMET-0002568,5.53,5.503874914160052,5.503874914160052,0.026125085839947992,0.026125085839947992,0.2087912087912088,False,0.0,0.0
OADMET-0002567,5.93,5.622814646739403,5.622814646739403,0.30718535326059637,0.30718535326059637,0.2028985507246377,False,0.0,0.0
OADMET-0002566,5.61,5.278504048967824,5.278504048967824,0.331495951032176,0.331495951032176,0.2625,False,0.0,0.0
OADMET-0002565,5.55,5.268494479864547,5.268494479864547,0.28150552013545305,0.28150552013545305,0.2222222222222222,False,0.0,0.0
OADMET-0002564,5.52,4.938364780759349,4.938364780759349,0.5816352192406509,0.5816352192406509,0.20512820512820512,False,0.0,0.0
OADMET-0002563,5.36,5.375836378393821,5.375836378393821,-0.01583637839382046,-0.01583637839382046,0.23863636363636365,False,0.0,0.0
OADMET-0002562,4.94,5.348072310327326,5.348072310327326,-0.4080723103273254,-0.4080723103273254,0.275,False,0.0,0.0
OADMET-0002561,5.32,4.996691875318879,4.996691875318879,0.32330812468112136,0.32330812468112136,0.24705882352941178,False,0.0,0.0
OADMET-0002560,5.4,5.462672116918471,5.462672116918471,-0.06267211691847052,-0.06267211691847052,0.25806451612903225,False,0.0,0.0
OADMET-0002559,6.140000000000001,5.534420680768282,5.850343639930462,0.6055793192317189,0.28965636006953854,1.0,False,1.0530765305406022,0.0
OADMET-0002558,4.57,5.094911374629122,5.094911374629122,-0.5249113746291219,-0.5249113746291219,0.2111111111111111,False,0.0,0.0
OADMET-0002557,5.13,5.228580206806219,5.228580206806219,-0.09858020680621937,-0.09858020680621937,0.24,False,0.0,0.0
OADMET-0002556,5.6,5.1398486595709345,5.1398486595709345,0.46015134042906514,0.46015134042906514,0.23880597014925373,False,0.0,0.0
OADMET-0002555,5.03,3.9968982914119087,3.9968982914119087,1.0331017085880916,1.0331017085880916,0.18518518518518517,False,0.0,0.0
OADMET-0002554,5.08,5.158616393515207,5.158616393515207,-0.07861639351520733,-0.07861639351520733,0.25333333333333335,False,0.0,0.0
OADMET-0002553,5.89,5.141557867087206,5.141557867087206,0.7484421329127935,0.7484421329127935,0.24324324324324326,False,0.0,0.0
OADMET-0002552,5.52,5.408967778983625,5.408967778983625,0.11103222101637478,0.11103222101637478,0.23157894736842105,False,0.0,0.0
OADMET-0002551,5.44,5.432140273723787,5.432140273723787,0.00785972627621323,0.00785972627621323,0.20930232558139536,False,0.0,0.0
OADMET-0002550,5.11,5.305955994244918,5.305955994244918,-0.19595599424491805,-0.19595599424491805,0.2597402597402597,False,0.0,0.0
OADMET-0002549,5.63,5.002384842252268,5.002384842252268,0.6276151577477318,0.6276151577477318,0.18823529411764706,False,0.0,0.0
OADMET-0002547,5.16,5.208079983887163,5.208079983887163,-0.04807998388716328,-0.04807998388716328,0.2375,False,0.0,0.0
OADMET-0002546,5.36,5.308797963383128,5.308797963383128,0.05120203661687217,0.05120203661687217,0.18666666666666668,False,0.0,0.0
OADMET-0002545,4.96,5.0409746089027925,5.0409746089027925,-0.08097460890279251,-0.08097460890279251,0.19047619047619047,False,0.0,0.0
OADMET-0002544,3.45,2.7632281031423402,2.7632281031423402,0.6867718968576599,0.6867718968576599,0.2268041237113402,False,0.0,0.0
OADMET-0002543,5.14,4.872656254860961,4.872656254860961,0.2673437451390388,0.2673437451390388,0.19753086419753085,False,0.0,0.0
OADMET-0002542,5.54,5.257477667956676,5.335284480963177,0.28252233204332367,0.2047155190368226,0.4666666666666667,False,0.2593560433550021,0.0
OADMET-0002541,6.195,5.610539218060021,5.860940661417243,0.5844607819399794,0.33405933858275727,1.0,False,0.8346714778574078,0.0
OADMET-0002539,6.050000000000001,5.469163319902513,5.848082609708321,0.5808366800974873,0.20191739029167977,1.0,False,1.2630642993526924,0.0
OADMET-0002538,5.835,5.56460128663813,5.637373541155974,0.27039871336187016,0.19762645884402552,0.45588235294117646,False,0.24257418172614903,0.0
OADMET-0002537,5.45,5.216427051673815,5.216427051673815,0.23357294832618525,0.23357294832618525,0.1839080459770115,False,0.0,0.0
OADMET-0002338,6.12,4.582271358341846,4.777140687893639,1.5377286416581537,1.342859312106361,1.0,True,0.8346714778574078,-0.18510704601809724
OADMET-0002337,6.87,5.083189335841578,5.011945297002486,1.7868106641584225,1.8580547029975145,0.16129032258064516,True,0.0,-0.2374801294636386
OADMET-0002333,2.17,2.5516012459125332,2.540877272688499,-0.3816012459125333,-0.370877272688499,0.1896551724137931,True,0.0,-0.035746577413447334
OADMET-0002332,3.95,2.4524116690876414,2.443457347894599,1.4975883309123588,1.5065426521054013,0.2558139534883721,True,0.0,-0.029847737310141564
OADMET-0002331,3.77,2.837630577342024,2.820656551359579,0.9323694226579762,0.9493434486404211,0.15942028985507245,True,0.0,-0.056580086608149394
OADMET-0002330,3.9,4.017550504554823,3.974655696109503,-0.11755050455482285,-0.07465569610950329,0.17647058823529413,True,0.0,-0.14298269481773174
OADMET-0002329,1.87,2.591164841466737,2.5801473279131244,-0.7211648414667371,-0.7101473279131243,0.1724137931034483,True,0.0,-0.03672504517870978
OADMET-0002328,3.31,3.7034115226523383,3.6641098456853274,-0.39341152265233825,-0.35410984568532733,0.2073170731707317,True,0.0,-0.1310055898900364
OADMET-0002327,2.65,2.996803527896844,2.9737356861347912,-0.346803527896844,-0.3237356861347913,0.19718309859154928,True,0.0,-0.07689280587350833
OADMET-0002326,1.86,2.4729383876022784,2.447710900753238,-0.6129383876022783,-0.587710900753238,0.18421052631578946,True,0.0,-0.0840916228301336
OADMET-0002325,2.96,2.4597834797738827,2.4477117393519108,0.5002165202261173,0.5122882606480892,0.1568627450980392,True,0.0,-0.040239134739906035
OADMET-0002324,3.58,2.61294558592213,2.612609510361013,0.9670544140778699,0.9673904896389871,0.12195121951219512,True,0.0,-0.0011202518703901099
OADMET-0002323,1.96,2.602116179003299,2.590833996700023,-0.642116179003299,-0.6308339967000229,0.2786885245901639,True,0.0,-0.03760727434425304
OADMET-0002322,2.83,2.2741364135325535,2.2831014849966826,0.5558635864674466,0.5468985150033174,0.14035087719298245,True,0.0,0.029883571547097088
OADMET-0002321,2.54,2.8938200393926747,2.8857732676631516,-0.3538200393926747,-0.34577326766315153,0.2537313432835821,True,0.0,-0.026822572431743907
OADMET-0002320,1.88,2.34156122068757,2.348675314977514,-0.4615612206875701,-0.468675314977514,0.16666666666666666,True,0.0,0.02371364763314654
OADMET-0002319,3.0,2.7664685834958718,2.751214379943509,0.23353141650412823,0.24878562005649085,0.18032786885245902,True,0.0,-0.05084734517454148
OADMET-0002318,2.88,2.579362929330289,2.5648426625448986,0.300637070669711,0.3151573374551013,0.16417910447761194,True,0.0,-0.048400889284634374
OADMET-0002317,1.92,2.484408760996698,2.4759712974363017,-0.5644087609966979,-0.5559712974363018,0.15492957746478872,True,0.0,-0.028124878534654396
OADMET-0002316,2.11,2.426881179763275,2.4198340261029574,-0.31688117976327534,-0.3098340261029575,0.22727272727272727,True,0.0,-0.02349051220106002
OADMET-0002315,2.64,2.4772291095511427,2.480618785838985,0.1627708904488574,0.15938121416101492,0.125,True,0.0,0.011298920959474934
OADMET-0002314,2.63,2.4842423701749263,2.4874395151693327,0.14575762982507356,0.1425604848306672,0.10294117647058823,True,0.0,0.010657149981354586
OADMET-0002313,2.02,2.474798688842255,2.462419494795162,-0.45479868884225505,-0.44241949479516185,0.21311475409836064,True,0.0,-0.04126398015697763
OADMET-0002312,2.47,2.5833295657796764,2.568728077564045,-0.11332956577967623,-0.09872807756404489,0.1791044776119403,True,0.0,-0.0486716273854384
OADMET-0002311,2.95,3.0401396147255757,3.0280760099414916,-0.09013961472557552,-0.07807600994149144,0.21818181818181817,True,0.0,-0.04021201594694723
OADMET-0002310,1.97,2.689912900415439,2.676508872410387,-0.7199129004154392,-0.7065088724103872,0.16176470588235295,True,0.0,-0.044680093350173866
OADMET-0002309,2.87,2.5742518884464376,2.5598362760844875,0.2957481115535625,0.3101637239155126,0.22058823529411764,True,0.0,-0.048052041206500196
OADMET-0002308,2.32,2.397420325441268,2.3910851731644684,-0.0774203254412682,-0.0710851731644686,0.15517241379310345,True,0.0,-0.021117174255999238
OADMET-0002307,2.89,2.7456567125413027,2.7416773893907975,0.1443432874586974,0.1483226106092026,0.2127659574468085,True,0.0,-0.013264410501684587
OADMET-0002306,2.89,2.5838866222251964,2.5730450065635075,0.30611337777480374,0.3169549934364926,0.12857142857142856,True,0.0,-0.03613871887229614
OADMET-0002305,2.18,2.5886355453324548,2.5620847107827456,-0.4086355453324546,-0.3820847107827454,0.1794871794871795,True,0.0,-0.08850278183236338
OADMET-0002304,2.2,2.52059832302112,2.511286240620799,-0.32059832302112,-0.3112862406207988,0.18333333333333332,True,0.0,-0.0310402746677374
OADMET-0002303,2.76,2.4954884618231397,2.4826856209472243,0.26451153817686013,0.27731437905277545,0.1896551724137931,True,0.0,-0.04267613625305078
OADMET-0002302,2.82,2.390936659146281,2.380274636330215,0.4290633408537188,0.43972536366978465,0.09433962264150944,True,0.0,-0.03554007605355247
OADMET-0002301,2.91,2.426593301249939,2.419553104954046,0.4834066987500609,0.4904468950459542,0.19047619047619047,True,0.0,-0.02346732098631099
OADMET-0002300,2.1,2.599685572304772,2.588462132199303,-0.49968557230477195,-0.4884621321993028,0.26,True,0.0,-0.03741146701823039
OADMET-0002299,3.05,3.145198283496412,3.1207910503871843,-0.09519828349641202,-0.07079105038718447,0.13513513513513514,True,0.0,-0.0813574436974247
OADMET-0002298,2.13,2.4235355532285077,2.412206030671686,-0.2935355532285078,-0.28220603067168604,0.22580645161290322,True,0.0,-0.037765075189405195
OADMET-0002297,2.2,2.6097452766686966,2.5982787165455044,-0.4097452766686964,-0.3982787165455042,0.20689655172413793,True,0.0,-0.038221867077306904
OADMET-0002296,2.01,2.5876215832904705,2.5729322110942183,-0.5776215832904708,-0.5629322110942185,0.18840579710144928,True,0.0,-0.04896457398750664
OADMET-0002295,2.09,2.2880374031159483,2.2820157010844246,-0.19803740311594842,-0.19201570108442478,0.12307692307692308,True,0.0,-0.020072340105079522
OADMET-0002294,2.06,2.5586275859943868,2.5477782550725547,-0.4986275859943867,-0.4877782550725547,0.16417910447761194,True,0.0,-0.036164436406106226
OADMET-0002293,2.22,2.4897707523651493,2.4801499037030488,-0.26977075236514914,-0.2601499037030486,0.1694915254237288,True,0.0,-0.03206949554033489
OADMET-0002292,1.92,2.4295216112460905,2.422410644403429,-0.5095216112460905,-0.5024106444034291,0.2542372881355932,True,0.0,-0.02370322280887205
OADMET-0002291,4.27,3.2168952973143563,3.190755311567526,1.0531047026856433,1.0792446884324738,0.20634920634920634,True,0.0,-0.08713328582276869
OADMET-0002290,2.12,2.2747930112394315,2.2518319173887353,-0.15479301123943134,-0.13183191738873523,0.15,True,0.0,-0.07653697950232097
OADMET-0002289,2.97,2.7235223854629735,2.706050288491156,0.24647761453702666,0.26394971150884405,0.14516129032258066,True,0.0,-0.05824032323939132
OADMET-0002288,2.96,3.002309470500761,2.9710270206854905,-0.04230947050076095,-0.011027020685490552,0.24050632911392406,True,0.0,-0.10427483271756799
OADMET-0002287,2.76,2.6465862577401316,2.630689516213815,0.11341374225986822,0.1293104837861847,0.14516129032258066,True,0.0,-0.05298913842105435
OADMET-0002286,2.55,2.353487601905193,2.360274287629419,0.1965123980948067,0.1897257123705809,0.15517241379310345,True,0.0,0.022622285747419202
OADMET-0002285,2.21,2.599006717066163,2.5877996833372308,-0.3890067170661631,-0.3777996833372308,0.22,True,0.0,-0.03735677909644153
OADMET-0002284,3.5,2.9887463394877978,2.968120191589838,0.5112536605122022,0.5318798084101619,0.16923076923076924,True,0.0,-0.06875382632653304
OADMET-0002283,3.52,3.622233122066387,3.5924078890655817,-0.1022331220663868,-0.07240788906558171,0.21875,True,0.0,-0.09941744333601754
OADMET-0002282,2.73,2.8061165945043838,2.7899041893200094,-0.0761165945043838,-0.059904189320009404,0.20253164556962025,True,0.0,-0.05404135061458071
OADMET-0002281,3.65,2.996627414805218,2.9654099565203125,0.653372585194782,0.6845900434796874,0.2112676056338028,True,0.0,-0.10405819428301788
OADMET-0002280,1.96,2.3349320464921224,2.330107092819177,-0.3749320464921224,-0.3701070928191772,0.23076923076923078,True,0.0,-0.01608317890981681
OADMET-0002279,1.97,2.594690833161178,2.583588104462842,-0.6246908331611782,-0.6135881044628422,0.18840579710144928,True,0.0,-0.037009095661120206
OADMET-0002278,2.91,2.5551225348583704,2.556373844596179,0.35487746514162977,0.35362615540382114,0.17391304347826086,True,0.0,0.00417103245936179
OADMET-0002277,2.26,2.4081709074742585,2.3971559936594358,-0.14817090747425876,-0.13715599365943598,0.1724137931034483,True,0.0,-0.036716379382742304
OADMET-0002276,2.88,2.72505648541219,2.710803117436681,0.15494351458780997,0.16919688256331877,0.21428571428571427,True,0.0,-0.0475112265850286
OADMET-0002275,2.96,2.8030006069581486,2.7839011022555677,0.1569993930418514,0.17609889774443221,0.24074074074074073,True,0.0,-0.06366501567526983
OADMET-0002274,1.85,2.37887685900753,2.3849665470338923,-0.5288768590075299,-0.5349665470338922,0.18181818181818182,True,0.0,0.02029896008787402
OADMET-0002273,2.48,2.4841644456085645,2.4757328865916164,-0.004164445608564549,0.004267113408383594,0.18032786885245902,True,0.0,-0.028105196723160475
OADMET-0002272,3.13,2.660066106365722,2.647406999766423,0.46993389363427784,0.48259300023357676,0.16216216216216217,True,0.0,-0.042197021997663064
OADMET-0002271,3.02,2.6736725915982884,2.660661054666991,0.3463274084017116,0.3593389453330089,0.17391304347826086,True,0.0,-0.043371789770991764
OADMET-0002270,2.11,2.391643742218758,2.385448196730054,-0.2816437422187583,-0.27544819673005394,0.19672131147540983,True,0.0,-0.020651818295681856
OADMET-0002269,2.35,2.3534703060261255,2.3481973250729133,-0.0034703060261254137,0.0018026749270867448,0.13114754098360656,True,0.0,-0.017576603177373418
OADMET-0002268,2.5,2.83725548785867,2.83725548785867,-0.3372554878586702,-0.3372554878586702,0.16666666666666666,False,0.0,0.0
OADMET-0002267,3.37,3.1187018646777256,3.086088115025612,0.2512981353222745,0.28391188497438824,0.16176470588235295,True,0.0,-0.10871249884037937
OADMET-0002266,3.88,3.2137019569434004,3.1800015932712924,0.6662980430565995,0.6999984067287075,0.1791044776119403,True,0.0,-0.11233454557369393
OADMET-0002265,2.94,3.106517872879806,3.0740434841061015,-0.16651787287980602,-0.13404348410610156,0.2833333333333333,True,0.0,-0.1082479625790147
OADMET-0002264,2.02,2.297640279080104,2.3059601114924755,-0.2776402790801038,-0.28596011149247547,0.15254237288135594,True,0.0,0.027732774707905694
OADMET-0002263,1.82,2.3822170308492714,2.37624930738717,-0.5622170308492713,-0.5562493073871699,0.21818181818181817,True,0.0,-0.01989241154033783
OADMET-0002262,1.97,2.5368850388573208,2.527179343831867,-0.5668850388573208,-0.5571793438318668,0.14583333333333334,True,0.0,-0.0323523167515134
OADMET-0002261,3.38,3.1020122253779068,3.078648700397201,0.2779877746220931,0.30135129960279894,0.19672131147540983,True,0.0,-0.07787841660235229
OADMET-0002260,2.01,2.64966921169781,2.637237781490895,-0.63966921169781,-0.6272377814908952,0.19402985074626866,True,0.0,-0.041438100689715984
OADMET-0002259,4.01,3.4193737321686974,3.383320888313181,0.5906262678313023,0.6266791116868187,0.22950819672131148,True,0.0,-0.12017614618505457
OADMET-0002258,2.66,2.3879090501266775,2.3818037635933824,0.2720909498733226,0.2781962364066177,0.22580645161290322,True,0.0,-0.020350955110983726
OADMET-0002257,3.23,2.5321239636939703,2.5185709689036444,0.6978760363060297,0.7114290310963556,0.19672131147540983,True,0.0,-0.04517664930108589
OADMET-0002256,3.03,2.5371352659845816,2.5274235235424825,0.4928647340154182,0.5025764764575174,0.13043478260869565,True,0.0,-0.0323724748069969
OADMET-0002255,2.17,2.9528029371233817,2.9528029371233817,-0.7828029371233818,-0.7828029371233818,0.1694915254237288,False,0.0,0.0
OADMET-0002254,2.45,2.5153426901808063,2.506157624390821,-0.06534269018080607,-0.056157624390820615,0.16666666666666666,True,0.0,-0.030616885966618934
OADMET-0002253,3.05,3.94721573440774,3.9051254172582937,-0.89721573440774,-0.8551254172582938,0.18181818181818182,True,0.0,-0.14030105716482044
OADMET-0002252,2.04,2.8989178899422434,2.877854368872592,-0.8589178899422434,-0.8378543688725921,0.1746031746031746,True,0.0,-0.07021173689883708
OADMET-0002251,2.57,2.5393785094751893,2.5296125529749567,0.030621490524810557,0.040387447025043155,0.2631578947368421,True,0.0,-0.03255318833410925
OADMET-0002250,4.14,3.8705255870680206,3.829567284159701,0.26947441293197905,0.31043271584029863,0.17647058823529413,True,0.0,-0.136527676361065
OADMET-0002249,3.05,2.8415640454847835,2.824494956584982,0.20843595451521635,0.22550504341501787,0.22033898305084745,True,0.0,-0.05689696299933811
OADMET-0002248,2.45,2.6118342118355837,2.600317166933076,-0.16183421183558355,-0.15031716693307562,0.1864406779661017,True,0.0,-0.0383901496750263
OADMET-0002247,2.55,2.3069201600204394,2.314985236823941,0.2430798399795604,0.23501476317605885,0.18518518518518517,True,0.0,0.026883589345005898
OADMET-0002246,1.92,2.302369766096467,2.298331768172965,-0.3823697660964669,-0.378331768172965,0.1935483870967742,True,0.0,-0.013459993078339227
OADMET-0002245,2.64,2.545407472073453,2.535495809353563,0.09459252792654693,0.10450419064643723,0.18333333333333332,True,0.0,-0.03303887573296782
OADMET-0002244,2.05,2.8391964053644716,2.822184536904475,-0.7891964053644718,-0.7721845369044753,0.18309859154929578,True,0.0,-0.056706228199988384
OADMET-0002243,3.18,2.406225101577425,2.399677158024378,0.773774898422575,0.7803228419756221,0.15384615384615385,True,0.0,-0.021826478510156733
OADMET-0002242,2.01,2.3479411658731477,2.3548801149397036,-0.33794116587314793,-0.34488011493970383,0.16363636363636364,True,0.0,0.023129830221853442
OADMET-0002241,2.75,2.337012886422352,2.3321376436134234,0.41298711357764795,0.41786235638657665,0.1791044776119403,True,0.0,-0.01625080936309642
OADMET-0002240,3.05,2.590882581414528,2.5794577856103764,0.4591174185854716,0.4705422143896234,0.24193548387096775,True,0.0,-0.03808265268050537
OADMET-0002239,2.07,2.3789459343095425,2.3685294353354758,-0.30894593430954265,-0.29852943533547593,0.18181818181818182,True,0.0,-0.0347216632468883
OADMET-0002238,2.19,2.3564224203813424,2.3510780935845155,-0.16642242038134247,-0.16107809358451552,0.16666666666666666,True,0.0,-0.01781442265608968
OADMET-0002237,3.72,3.1463313404796187,3.121896723977811,0.5736686595203815,0.5981032760221892,0.2033898305084746,True,0.0,-0.08144872167269224
OADMET-0002236,2.92,2.747854449795288,2.7330501072280464,0.172145550204712,0.1869498927719535,0.25757575757575757,True,0.0,-0.04934780855747123
OADMET-0002235,2.88,2.841982452962005,2.8249032521116337,0.03801754703799487,0.05509674788836616,0.29508196721311475,True,0.0,-0.05693066950123837
OADMET-0002234,3.75,3.598851837000801,3.5634808363713697,0.1511481629991991,0.1865191636286303,0.1864406779661017,True,0.0,-0.11790333543143783
OADMET-0002233,1.88,2.176777957018139,2.172741246868389,-0.296777957018139,-0.2927412468683892,0.1694915254237288,True,0.0,-0.013455700499166223
OADMET-0002232,2.69,2.4898526940530945,2.481283663097348,0.20014730594690544,0.2087163369026519,0.23214285714285715,True,0.0,-0.028563436519154717
OADMET-0002231,3.7,3.0320002859078565,3.0103287891765906,0.6679997140921436,0.6896712108234095,0.17543859649122806,True,0.0,-0.07223832243755268
OADMET-0002230,2.49,2.4378600463126467,2.430547558589468,0.05213995368735347,0.05945244141053241,0.1694915254237288,True,0.0,-0.02437495907726328
OADMET-0002229,2.61,2.4560027719701374,2.448251816114713,0.1539972280298625,0.16174818388528678,0.2,True,0.0,-0.025836519518081413
OADMET-0002228,3.04,2.671391049982274,2.6584346526870988,0.36860895001772587,0.38156534731290126,0.16666666666666666,True,0.0,-0.04318799098391857
OADMET-0002227,2.87,3.4051889353585474,3.3737589340422005,-0.5351889353585473,-0.5037589340422004,0.22535211267605634,True,0.0,-0.10476667105448945
OADMET-0002226,2.02,2.4620991893185,2.465904219215489,-0.4420991893184998,-0.44590421921548895,0.21212121212121213,True,0.0,0.012683432989964327
OADMET-0002225,3.54,2.974784305489179,2.954495587979866,0.5652156945108211,0.5855044120201343,0.15942028985507245,True,0.0,-0.0676290583643766
OADMET-0002224,3.24,2.704514580328488,2.6907576631578283,0.5354854196715122,0.5492423368421719,0.20689655172413793,True,0.0,-0.04585639056886581
OADMET-0002223,2.1,2.293590886268801,2.284922129788565,-0.19359088626880094,-0.18492212978856504,0.18181818181818182,True,0.0,-0.028895854934119836
OADMET-0002222,2.03,2.3351492705854398,2.3424393887126307,-0.30514927058543995,-0.3124393887126309,0.16901408450704225,True,0.0,0.024300393757302974
OADMET-0002221,2.64,2.3066130093000465,2.302472461905354,0.3333869906999536,0.3375275380946463,0.1935483870967742,True,0.0,-0.01380182464897528
OADMET-0002220,1.88,2.3670779434222617,2.356904455171828,-0.48707794342226185,-0.476904455171828,0.19298245614035087,True,0.0,-0.03391162750144572
OADMET-0002219,1.98,2.4766771697303622,2.468426561025506,-0.49667716973036224,-0.4884265610255061,0.17647058823529413,True,0.0,-0.027502029016187368
OADMET-0002218,3.44,3.1870597068545887,3.164998450097202,0.2529402931454112,0.275001549902798,0.22535211267605634,True,0.0,-0.0735375225246222
OADMET-0002217,2.05,2.5819542523726673,2.5711593376651813,-0.5319542523726675,-0.5211593376651815,0.19117647058823528,True,0.0,-0.035983049024953306
OADMET-0002216,2.96,3.0661760099883217,3.0436785642685416,-0.10617600998832177,-0.08367856426854159,0.20987654320987653,True,0.0,-0.07499148573260017
OADMET-0002215,2.52,2.7063059399428875,2.6925057297125665,-0.18630593994288747,-0.1725057297125665,0.21428571428571427,True,0.0,-0.046000700767736546
OADMET-0002214,3.93,2.8789194338530013,2.8609475507602915,1.0510805661469989,1.0690524492397087,0.1746031746031746,True,0.0,-0.059906276975699946
OADMET-0002213,2.98,3.360379498097503,3.3298670213965527,-0.3803794980975028,-0.3498670213965527,0.2153846153846154,True,0.0,-0.10170825566983321
OADMET-0002212,2.01,2.34489758176711,2.34489758176711,-0.33489758176711026,-0.33489758176711026,0.19298245614035087,False,0.0,0.0
OADMET-0002211,1.85,2.28875786529004,2.285048835837736,-0.4387578652900399,-0.435048835837736,0.13725490196078433,True,0.0,-0.012363431507679934
OADMET-0002210,1.91,2.6798994134930734,2.6667373885360197,-0.7698994134930734,-0.7567373885360198,0.1724137931034483,True,0.0,-0.043873416523512176
OADMET-0002209,2.72,2.451126355337865,2.455232616578202,0.26887364466213537,0.2647673834217983,0.16901408450704225,True,0.0,0.013687537467790722
OADMET-0002208,3.05,2.8990142478526213,2.880556719122725,0.15098575214737853,0.169443280877275,0.15384615384615385,True,0.0,-0.06152509576632159
OADMET-0002207,2.89,2.762868041320912,2.7343243300448288,0.127131958679088,0.15567566995517135,0.18333333333333332,True,0.0,-0.09514570425361102
OADMET-0002206,2.84,2.552194112018474,2.5382301579247515,0.28780588798152573,0.3017698420752484,0.16,True,0.0,-0.046546513645741694
OADMET-0002205,2.33,2.464946136081103,2.4569790395954474,-0.13494613608110306,-0.12697903959544732,0.14516129032258066,True,0.0,-0.026556988285519445
OADMET-0002204,3.67,2.9169332095720235,2.9169332095720235,0.7530667904279764,0.7530667904279764,0.1875,False,0.0,0.0
OADMET-0002203,4.08,3.6432779476480572,3.6046640803885284,0.43672205235194284,0.4753359196114717,0.22972972972972974,True,0.0,-0.12871289086509563
OADMET-0002202,2.98,2.5487296989820534,2.5387377456456917,0.4312703010179466,0.4412622543543083,0.15384615384615385,True,0.0,-0.03330651112120542
OADMET-0002201,2.25,2.420827821851934,2.425765852529369,-0.17082782185193413,-0.17576585252936905,0.13636363636363635,True,0.0,0.016460102258116116
OADMET-0002200,2.24,2.306434910852932,2.3022986676898602,-0.06643491085293185,-0.06229866768986003,0.22950819672131148,True,0.0,-0.01378747721023954
OADMET-0002199,1.95,2.2772858953013,2.2861645057266746,-0.32728589530130026,-0.33616450572667467,0.15873015873015872,True,0.0,0.02959536808458152
OADMET-0002198,2.77,2.457370209462434,2.461305061514504,0.3126297905375659,0.308694938485496,0.16393442622950818,True,0.0,0.013116173506899642
OADMET-0002197,1.95,2.2708449111401454,2.2675687967689258,-0.32084491114014546,-0.3175687967689258,0.1346153846153846,True,0.0,-0.010920381237399024
OADMET-0002196,3.01,2.546825488562723,2.5368795556315487,0.46317451143727695,0.47312044436845113,0.18181818181818182,True,0.0,-0.03315310977058017
OADMET-0002195,2.9,2.4214297671919884,2.4145143616897675,0.4785702328080115,0.4854856383102324,0.1509433962264151,True,0.0,-0.023051351674070464
OADMET-0002194,2.54,2.7548302666654862,2.7505991068393345,-0.2148302666654862,-0.21059910683933447,0.1896551724137931,True,0.0,-0.014103866087172179
OADMET-0002193,2.65,3.360847163084641,3.3312281903923466,-0.7108471630846411,-0.6812281903923467,0.22580645161290322,True,0.0,-0.09872990897431455
OADMET-0002192,3.05,2.911783148594273,2.903243245233938,0.1382168514057267,0.14675675476606198,0.14285714285714285,True,0.0,-0.028466344534451515
OADMET-0002191,3.73,2.8421325275041527,2.825049699695769,0.8878674724958473,0.9049503003042312,0.15151515151515152,True,0.0,-0.05694275936128035
OADMET-0002190,2.93,2.4027234940852935,2.4081585331912874,0.5272765059147067,0.5218414668087128,0.14705882352941177,True,0.0,0.018116797019979813
OADMET-0002189,1.83,2.5451404393297956,2.531320917273528,-0.7151404393297955,-0.7013209172735277,0.19718309859154928,True,0.0,-0.04606507352089251
OADMET-0002188,2.1,2.2404416791443684,2.237900341266994,-0.14044167914436834,-0.1379003412669939,0.12,True,0.0,-0.008471126257914019
OADMET-0002187,2.06,2.9926790342747585,2.9719578421496804,-0.9326790342747584,-0.9119578421496803,0.22077922077922077,True,0.0,-0.06907064041692657
OADMET-0002186,3.79,3.35388063134499,3.3244300237714643,0.4361193686550102,0.4655699762285357,0.21333333333333335,True,0.0,-0.0981686919117517
OADMET-0002185,1.82,3.507388428113993,3.474227888625875,-1.6873884281139928,-1.654227888625875,0.23943661971830985,True,0.0,-0.11053513162705864
OADMET-0002184,3.5,3.871416689932925,3.8304401406715294,-0.371416689932925,-0.3304401406715294,0.2125,True,0.0,-0.13658849753798474
OADMET-0002183,1.92,2.2573384883334335,2.254388793271703,-0.3373384883334336,-0.3343887932717031,0.09433962264150944,True,0.0,-0.009832316872434355
OADMET-0002182,2.58,2.4976633898262834,2.4848160148052956,0.08233661017371663,0.0951839851947045,0.21875,True,0.0,-0.042824583403292316
OADMET-0002181,2.14,2.429900224000505,2.4227801069545936,-0.2899002240005051,-0.28278010695459344,0.15,True,0.0,-0.023733723486371705
OADMET-0002180,1.89,2.3203876836785993,2.313788816772162,-0.43038768367859936,-0.4237888167721622,0.12903225806451613,True,0.0,-0.02199622302145743
OADMET-0002179,3.03,2.4600343240117564,2.4521859347757524,0.5699656759882434,0.5778140652242474,0.21212121212121213,True,0.0,-0.026161297453346943
OADMET-0002178,2.45,2.313595456637225,2.3071177705923613,0.13640454336277497,0.14288222940763884,0.1774193548387097,True,0.0,-0.021592286816213502
OADMET-0002177,2.36,2.7501194813876477,2.735260398193748,-0.39011948138764785,-0.3752603981937481,0.19402985074626866,True,0.0,-0.04953027731299864
OADMET-0002176,2.73,2.4279335885371975,2.420861000566833,0.30206641146280244,0.3091389994331668,0.26229508196721313,True,0.0,-0.023575293234548322
OADMET-0002175,3.03,2.3800063810302214,2.372343850458401,0.6499936189697784,0.6576561495415989,0.18055555555555555,True,0.0,-0.02554176857273527
OADMET-0002174,1.82,2.4124396459570208,2.405741511097644,-0.5924396459570207,-0.585741511097644,0.07272727272727272,True,0.0,-0.022327116197921715
OADMET-0002173,2.61,2.4400675000496284,2.4400675000496284,0.16993249995037152,0.16993249995037152,0.19696969696969696,False,0.0,0.0
OADMET-0002172,2.42,2.566221255237616,2.5671678777400957,-0.1462212552376161,-0.14716787774009576,0.203125,True,0.0,0.0031554083415987755
OADMET-0002171,3.36,2.9672582389081565,2.947151409193392,0.39274176109184333,0.41284859080660796,0.18181818181818182,True,0.0,-0.0670227657158824
OADMET-0002170,2.19,2.312002982792345,2.3199285235804217,-0.122002982792345,-0.12992852358042173,0.16981132075471697,True,0.0,0.026418469293588487
OADMET-0002169,2.86,3.0609808590805647,3.0386089682613138,-0.20098085908056484,-0.1786089682613139,0.19298245614035087,True,0.0,-0.07457296939750258
OADMET-0002168,3.0,2.806000548543282,2.789790947924042,0.19399945145671804,0.21020905207595808,0.1917808219178082,True,0.0,-0.05403200206413317
OADMET-0002167,3.11,3.0342150404615307,3.010381155076182,0.0757849595384692,0.099618844923818,0.21311475409836064,True,0.0,-0.0794462846178301
OADMET-0002166,2.22,2.3919759414728405,2.397706027393255,-0.17197594147284034,-0.17770602739325492,0.11428571428571428,True,0.0,0.019100286401381616
OADMET-0002165,2.92,3.246107450272273,3.22838952064397,-0.32610745027227317,-0.3083895206439702,0.208955223880597,True,0.0,-0.059059765427676325
OADMET-0002164,2.82,2.7534541395104046,2.735369155548721,0.06654586048959521,0.08463084445127889,0.21666666666666667,True,0.0,-0.060283279872279216
OADMET-0002163,2.99,2.524912497256566,2.5154961511444465,0.465087502743434,0.47450384885555374,0.16393442622950818,True,0.0,-0.031387820373733
OADMET-0002162,1.79,2.2794080028256167,2.2882283561679615,-0.4894080028256167,-0.49822835616796146,0.10606060606060606,True,0.0,0.02940117780781648
OADMET-0002161,2.57,2.492808678080735,2.495770656805192,0.07719132191926503,0.074229343194808,0.18,True,0.0,0.009873262414857198
OADMET-0002160,1.82,2.351389452323173,2.3582337374258504,-0.5313894523231728,-0.5382337374258503,0.14814814814814814,True,0.0,0.02281428367559135
OADMET-0002159,1.99,2.2826623134242676,2.2791005995017275,-0.29266231342426763,-0.2891005995017275,0.1509433962264151,True,0.0,-0.011872379741800998
OADMET-0002158,3.27,3.6396410748796555,3.6034103971368254,-0.3696410748796555,-0.3334103971368254,0.18571428571428572,True,0.0,-0.12076892580943399
OADMET-0002157,2.17,2.622907051993805,2.61112240190151,-0.452907051993805,-0.44112240190150986,0.13793103448275862,True,0.0,-0.039282166974316635
OADMET-0002156,2.36,2.4951661269641616,2.486468682502732,-0.13516612696416175,-0.12646868250273213,0.19642857142857142,True,0.0,-0.028991481538098718
OADMET-0002155,3.02,3.013634446523722,2.9924068100725436,0.006365553476277874,0.027593189927456407,0.16666666666666666,True,0.0,-0.07075878817059511
OADMET-0002154,3.47,3.1945702515759518,3.1945702515759518,0.27542974842404844,0.27542974842404844,0.13414634146341464,False,0.0,0.0
OADMET-0002153,1.8,2.2077725762302434,2.203182887707218,-0.4077725762302433,-0.4031828877072179,0.1,True,0.0,-0.015298961743417827
OADMET-0002152,2.85,2.2920790763734615,2.285985266409656,0.5579209236265386,0.5640147335903443,0.19047619047619047,True,0.0,-0.020312699879352802
OADMET-0002151,2.77,2.6182227280533428,2.5913334743843475,0.15177727194665724,0.17866652561565255,0.2222222222222222,True,0.0,-0.08963084556331724
OADMET-0002150,1.94,2.6267039042074702,2.614827492891974,-0.6867039042074703,-0.674827492891974,0.22413793103448276,True,0.0,-0.03958803771832109
OADMET-0002149,1.98,2.389368757460881,2.383228193144052,-0.40936875746088086,-0.4032281931440522,0.14705882352941177,True,0.0,-0.020468547722761965
OADMET-0002148,2.78,2.3637935865272595,2.3702973475669684,0.41620641347274034,0.4097026524330314,0.16417910447761194,True,0.0,0.021679203465696073
OADMET-0002147,3.19,2.4822425549470104,2.456908646741527,0.7077574450529895,0.7330913532584731,0.27692307692307694,True,0.0,-0.08444636068494482
OADMET-0002146,1.87,2.364798998369754,2.359252228865336,-0.49479899836975383,-0.48925222886533604,0.25,True,0.0,-0.01848923168139338
OADMET-0002145,2.02,2.2468068764047717,2.2441117062859344,-0.2268068764047717,-0.22411170628593435,0.14545454545454545,True,0.0,-0.008983900396124511
OADMET-0002144,3.42,3.1825974849821295,3.1557252988801863,0.23740251501787046,0.26427470111981366,0.2033898305084746,True,0.0,-0.08957395367314414
OADMET-0002143,3.01,2.471119461360487,2.463003169739762,0.5388805386395128,0.5469968302602379,0.15384615384615385,True,0.0,-0.027054305402417267
OADMET-0002142,2.15,2.5070881446588382,2.4981025723311845,-0.3570881446588383,-0.3481025723311846,0.19672131147540983,True,0.0,-0.02995190775884593
OADMET-0002141,2.83,2.933118521009834,2.9155878565754287,-0.10311852100983376,-0.08558785657542867,0.1780821917808219,True,0.0,-0.058435548114683655
OADMET-0002140,2.52,2.5490452768733203,2.522947277049737,-0.029045276873320258,-0.0029472770497371847,0.125,True,0.0,-0.08699333274527765
OADMET-0002139,2.96,2.8075686894574208,2.7913211904633335,0.1524313105425792,0.16867880953666647,0.16923076923076924,True,0.0,-0.0541583299802908
OADMET-0002138,1.96,2.3488478102730315,2.355761869715722,-0.3888478102730315,-0.3957618697157219,0.12698412698412698,True,0.0,0.02304686480896878
OADMET-0002137,3.22,2.301960434381244,2.3101616678804153,0.9180395656187561,0.9098383321195849,0.11538461538461539,True,0.0,0.027337444997237004
OADMET-0002136,1.83,2.3905236101844936,2.3962935661791063,-0.5605236101844935,-0.5662935661791062,0.13333333333333333,True,0.0,0.019233186648709655
OADMET-0002135,3.41,2.5750968614828236,2.563953700425306,0.8349031385171766,0.8460462995746942,0.18518518518518517,True,0.0,-0.037143870191725714
OADMET-0002134,2.85,2.3910216709942493,2.396777953991799,0.45897832900575075,0.45322204600820104,0.25925925925925924,True,0.0,0.019187609991832666
OADMET-0002133,3.95,2.9941631969896334,2.975543427850007,0.9558368030103668,0.9744565721499931,0.1702127659574468,True,0.0,-0.062065897132087766
OADMET-0002132,2.95,2.2743320337777,2.2685548507315505,0.6756679662223002,0.6814451492684497,0.18461538461538463,True,0.0,-0.019257276820498603
OADMET-0002131,3.1,2.5056708396059797,2.495766315757641,0.5943291603940204,0.604233684242359,0.1702127659574468,True,0.0,-0.03301507949446192
OADMET-0002130,2.81,2.856336165053173,2.849318418080709,-0.04633616505317306,-0.039318418080708906,0.1694915254237288,True,0.0,-0.023392489908213854
OADMET-0002129,2.45,2.806573078007374,2.8009214504518627,-0.3565730780073739,-0.3509214504518625,0.19047619047619047,True,0.0,-0.018838758518371357
OADMET-0002128,2.87,2.4214955391235717,2.4264152393158223,0.44850446087642837,0.44358476068417785,0.17391304347826086,True,0.0,0.016399000640835215
OADMET-0002127,3.92,3.0710037719856187,3.0389355946062273,0.8489962280143812,0.8810644053937726,0.14084507042253522,True,0.0,-0.10689392459797098
OADMET-0002126,3.22,3.404761967496964,3.3740816745470577,-0.18476196749696383,-0.15408167454705746,0.17543859649122806,True,0.0,-0.10226764316635473
OADMET-0002125,2.16,2.372404036822828,2.3648771405010725,-0.2124040368228277,-0.2048771405010723,0.2537313432835821,True,0.0,-0.025089654405851647
OADMET-0002124,3.59,3.6681555796595453,3.638851388433084,-0.07815557965954545,-0.04885138843308434,0.15873015873015872,True,0.0,-0.09768063742153688
OADMET-0002123,3.56,2.8197875011314464,2.8032447014403132,0.7402124988685537,0.7567552985596868,0.21212121212121213,True,0.0,-0.055142665637110344
OADMET-0002122,4.15,2.685559209110667,2.672260399854485,1.4644407908893333,1.4777396001455152,0.18571428571428572,True,0.0,-0.04432936418727307
OADMET-0002121,2.91,2.6190818417419504,2.618577310831286,0.2909181582580498,0.29142268916871394,0.25862068965517243,True,0.0,-0.0016817697022140088
OADMET-0002120,1.95,2.7820346458444316,2.7770566587447165,-0.8320346458444317,-0.8270566587447166,0.17391304347826086,True,0.0,-0.016593290332382882
OADMET-0002119,2.73,2.3516679864485286,2.34643856343219,0.3783320135514714,0.38356143656781017,0.10714285714285714,True,0.0,-0.017431410054462138
OADMET-0002118,1.77,2.4234648155934604,2.4283304542918893,-0.6534648155934604,-0.6583304542918893,0.15217391304347827,True,0.0,0.016218795661430363
OADMET-0002117,2.4,2.4453619212780184,2.4496264304439648,-0.045361921278018524,-0.049626430443964864,0.14285714285714285,True,0.0,0.014215030553154318
OADMET-0002116,3.11,2.512786053338097,2.5151996038628783,0.5972139466619031,0.5948003961371215,0.2054794520547945,True,0.0,0.008045168415938164
OADMET-0002115,3.65,2.393623530401767,2.3993083859443938,1.2563764695982331,1.2506916140556061,0.11475409836065574,True,0.0,0.0189495184754227
OADMET-0002114,2.53,2.2925638715040337,2.30102306381889,0.23743612849596607,0.2289769361811098,0.1232876712328767,True,0.0,0.02819730771618767
OADMET-0002113,3.0,2.4981010154613017,2.5009177064778236,0.5018989845386983,0.49908229352217637,0.16071428571428573,True,0.0,0.009388970055073553
OADMET-0002112,2.97,2.44413613300879,2.448434293084579,0.5258638669912101,0.5215657069154211,0.1694915254237288,True,0.0,0.014327200252629346
OADMET-0002111,2.97,2.4199854442216817,2.4249466002417233,0.5500145557783185,0.5450533997582769,0.13846153846153847,True,0.0,0.016537186733471376
OADMET-0002110,2.0,2.492888666125177,2.495848448980625,-0.492888666125177,-0.4958484489806252,0.10526315789473684,True,0.0,0.00986594285149378
OADMET-0002109,2.53,2.450076511415463,2.4382035323025844,0.0799234885845368,0.09179646769741545,0.13114754098360656,True,0.0,-0.03957659704292915
OADMET-0002108,2.515,2.210687457473533,2.210687457473533,0.3043125425264672,0.3043125425264672,0.09836065573770492,False,0.0,0.0
OADMET-0002107,2.6,3.1188658348564964,3.1046410012514354,-0.5188658348564963,-0.5046410012514353,0.16216216216216217,True,0.0,-0.04741611201686924
OADMET-0002106,2.02,2.3990605361253308,2.391058058299552,-0.37906053612533075,-0.37105805829955196,0.14285714285714285,True,0.0,-0.02667492608592914
OADMET-0002105,1.86,2.502726658108165,2.505416363830749,-0.6427266581081648,-0.6454163638307489,0.21052631578947367,True,0.0,0.00896568574194756
OADMET-0002104,2.81,2.5637112704295553,2.553357246819151,0.2462887295704448,0.25664275318084906,0.1724137931034483,True,0.0,-0.03451341203468106
OADMET-0002103,3.18,2.218537496826024,2.2137557501835308,0.9614625031739763,0.9662442498164694,0.1,True,0.0,-0.01593915547497682
OADMET-0002102,2.82,2.261014582346944,2.2554749974005794,0.558985417653056,0.5645250025994204,0.11290322580645161,True,0.0,-0.01846528315454865
OADMET-0002101,3.26,2.6625847484301595,2.6498807064637853,0.5974152515698403,0.6101192935362145,0.18421052631578946,True,0.0,-0.042346806554580674
OADMET-0002100,3.01,3.1373596800183785,3.1226271447720086,-0.12735968001837872,-0.11262714477200886,0.208955223880597,True,0.0,-0.04910845082123316
OADMET-0002099,1.98,2.518209204164523,2.508080981990044,-0.5382092041645232,-0.528080981990044,0.1935483870967742,True,0.0,-0.03376074058159784
OADMET-0002098,2.05,2.267078958205807,2.2762377742169186,-0.21707895820580703,-0.22623777421691882,0.11538461538461539,True,0.0,0.030529386703705974
OADMET-0002097,2.67,2.4119620019949757,2.417143421283785,0.25803799800502425,0.2528565787162149,0.16071428571428573,True,0.0,0.017271397629365026
OADMET-0002096,2.51,2.2772816734406556,2.2861603997665125,0.2327183265593442,0.22383960023348726,0.12962962962962962,True,0.0,0.029595754419523335
OADMET-0002095,2.85,2.256278142072622,2.2657334671131055,0.593721857927378,0.5842665328868946,0.18867924528301888,True,0.0,0.0315177501349444
OADMET-0002094,1.93,2.2685310745702205,2.2776500264073256,-0.3385310745702206,-0.3476500264073257,0.09615384615384616,True,0.0,0.030396506123683942
OADMET-0002093,2.45,2.467107374807006,2.4578908659294747,-0.017107374807005638,-0.007890865929474522,0.18461538461538463,True,0.0,-0.030721696258436904
OADMET-0002092,1.98,2.3787429796839223,2.3711029895929667,-0.39874297968392236,-0.39110298959296674,0.11764705882352941,True,0.0,-0.025466633636518132
OADMET-0002091,2.83,2.756135282007236,2.7518682962927876,0.07386471799276428,0.07813170370721245,0.17647058823529413,True,0.0,-0.014223285714826783
OADMET-0002090,1.91,2.9978392158897176,2.9791538624969798,-1.0878392158897177,-1.0691538624969799,0.18309859154929578,True,0.0,-0.06228451130912571
OADMET-0002089,1.95,2.411629573697025,2.4005438397248917,-0.46162957369702506,-0.45054383972489176,0.15151515151515152,True,0.0,-0.03695244657377783
OADMET-0002088,2.08,2.587012286903789,2.5873881443323192,-0.5070122869037887,-0.5073881443323192,0.17391304347826086,True,0.0,0.001252858095101228
OADMET-0002087,2.69,2.3069454272973884,2.315009810451848,0.38305457270261156,0.3749901895481518,0.11538461538461539,True,0.0,0.02688127718153277
OADMET-0002086,1.85,2.3489338658388377,2.3558455628440997,-0.4989338658388376,-0.5058455628440996,0.14285714285714285,True,0.0,0.02303899001754095
OADMET-0002085,2.71,2.6397099477573507,2.6386391244835004,0.07029005224264928,0.07136087551649961,0.15789473684210525,True,0.0,-0.0035694109128341367
OADMET-0002084,1.84,2.521513104670256,2.523687076121765,-0.681513104670256,-0.683687076121765,0.16923076923076924,True,0.0,0.007246571505029831
OADMET-0002083,4.28,4.174110722773284,4.1309168155716325,0.1058892772267166,0.14908318442836777,0.1791044776119403,True,0.0,-0.14397969067216998
OADMET-0002082,2.64,2.4788852676604556,2.482229478325384,0.16111473233954454,0.15777052167461614,0.16981132075471697,True,0.0,0.011147368883094089
OADMET-0002081,3.02,2.501934727071558,2.488999891522102,0.5180652729284421,0.5310001084778979,0.1746031746031746,True,0.0,-0.04311611849818542
OADMET-0002080,3.32,2.8073027074915693,2.788115112346916,0.5126972925084305,0.5318848876530837,0.18571428571428572,True,0.0,-0.06395865048217697
OADMET-0002079,2.07,2.3652619173225844,2.371725369062186,-0.29526191732258456,-0.30172536906218594,0.08771929824561403,True,0.0,0.02154483913200478
OADMET-0002078,1.91,2.9992252609104786,2.988284856001986,-1.0892252609104787,-1.078284856001986,0.1694915254237288,True,0.0,-0.036468016361642874
OADMET-0002077,2.06,2.4045604180363775,2.409945029051471,-0.3445604180363775,-0.34994502905147096,0.1411764705882353,True,0.0,0.017948703383644737
OADMET-0002076,2.9,2.297253511600124,2.3055839617332925,0.6027464883998759,0.5944160382667074,0.1875,True,0.0,0.027768167110562292
OADMET-0002075,2.41,2.45896665980515,2.462857685359692,-0.04896665980514969,-0.05285768535969204,0.14754098360655737,True,0.0,0.012970085181807534
OADMET-0002074,1.82,2.5845990073333667,2.585041115235399,-0.7645990073333666,-0.7650411152353989,0.20930232558139536,True,0.0,0.0014736930067735798
OADMET-0002073,1.94,3.2759428449047423,3.257405860142614,-1.3359428449047424,-1.317405860142614,0.1206896551724138,True,0.0,-0.06178994920709435
OADMET-0002072,2.09,3.309317599222498,3.289864395177841,-1.219317599222498,-1.199864395177841,0.18181818181818182,True,0.0,-0.06484401348218993
OADMET-0002071,2.72,2.6320025565554794,2.6311433201706267,0.08799744344452076,0.08885667982937351,0.1791044776119403,True,0.0,-0.0028641212828426355
OADMET-0002070,2.92,2.428758645289152,2.433478955311917,0.49124135471084784,0.48652104468808277,0.1568627450980392,True,0.0,0.0157343667425498
OADMET-0002069,2.88,2.633843071831083,2.6329333087646183,0.24615692816891688,0.2470666912353816,0.1724137931034483,True,0.0,-0.003032543554883027
OADMET-0002068,1.87,3.1112148738601832,3.097200077995864,-1.2412148738601831,-1.2272000779958638,0.12962962962962962,True,0.0,-0.04671598621439843
OADMET-0002067,2.6,2.2535570599500416,2.2506987533528555,0.34644294004995846,0.34930124664714457,0.07017543859649122,True,0.0,-0.009527688657286593
OADMET-0002066,2.69,2.683997999464424,2.6817113599909,0.006002000535576091,0.00828864000909979,0.208955223880597,True,0.0,-0.0076221315784121835
OADMET-0002065,2.39,2.7695706779517013,2.764934857497212,-0.3795706779517012,-0.374934857497212,0.17543859649122806,True,0.0,-0.015452734848297567
OADMET-0002064,2.12,2.473868875133181,2.4656861364777356,-0.3538688751331809,-0.3456861364777355,0.15,True,0.0,-0.02727579551815129
OADMET-0002063,3.96,2.4979895738722053,2.4851355198588094,1.4620104261277946,1.4748644801411905,0.125,True,0.0,-0.042846846711319664
OADMET-0002062,2.44,2.830719707197356,2.824405195143541,-0.39071970719735605,-0.384405195143541,0.15625,True,0.0,-0.02104837351271671
OADMET-0002061,1.98,2.63913065669606,2.6380757363899288,-0.65913065669606,-0.6580757363899288,0.1694915254237288,True,0.0,-0.00351640102043671
OADMET-0002060,2.49,2.5076854672246762,2.4946328786756347,-0.01768546722467601,-0.004632878675634444,0.21212121212121213,True,0.0,-0.04350862849680448
OADMET-0002059,4.08,3.687711304599799,3.650496333776494,0.39228869540020117,0.4295036662235061,0.14102564102564102,True,0.0,-0.1240499027443498
OADMET-0002058,2.13,2.448894503394377,2.441315338112472,-0.3188945033943771,-0.31131533811247225,0.14545454545454545,True,0.0,-0.025263884273015513
OADMET-0002057,1.97,2.279518016449456,2.273648309722275,-0.309518016449456,-0.3036483097222751,0.07894736842105263,True,0.0,-0.01956568909060241
OADMET-0002056,2.82,2.636083177918369,2.635111918417427,0.18391682208163074,0.18488808158257264,0.1388888888888889,True,0.0,-0.003237531669805893
OADMET-0002055,1.94,2.38896635145817,2.381143965079187,-0.4489663514581701,-0.4411439650791871,0.19672131147540983,True,0.0,-0.026074621263276754
OADMET-0002054,1.83,2.494755041483536,2.4850452675770325,-0.6647550414835361,-0.6550452675770324,0.23214285714285715,True,0.0,-0.03236591302167868
OADMET-0002053,2.49,2.5989205709938865,2.5873523685431947,-0.1089205709938863,-0.09735236854319451,0.16666666666666666,True,0.0,-0.03856067483563974
OADMET-0002052,2.49,2.266056675586886,2.260427134106497,0.22394332441311438,0.22957286589350323,0.07894736842105263,True,0.0,-0.018765138267963444
OADMET-0002051,2.01,2.2461205804232254,2.243441996506642,-0.2361205804232256,-0.2334419965066421,0.09259259259259259,True,0.0,-0.008928613055277701
OADMET-0002050,1.88,2.9325754475825043,2.9133068215103846,-1.0525754475825044,-1.0333068215103847,0.1956521739130435,True,0.0,-0.0642287535737327
OADMET-0002049,2.86,2.26024236192981,2.2572224868931343,0.5997576380701899,0.6027775131068656,0.05555555555555555,True,0.0,-0.010066250122251486
OADMET-0002048,2.01,2.3124669529859303,2.3081849291778984,-0.3024669529859305,-0.2981849291778986,0.11666666666666667,True,0.0,-0.01427341269343918
OADMET-0002047,2.01,2.3574524700062947,2.3520832492688495,-0.34745247000629487,-0.3420832492688497,0.08888888888888889,True,0.0,-0.017897402458150857
OADMET-0002046,1.92,2.336255054682204,2.326712700426422,-0.41625505468220414,-0.40671270042642194,0.11475409836065574,True,0.0,-0.03180784751927446
OADMET-0002045,4.51,4.456607282740398,4.405658148548142,0.053392717259601596,0.10434185145185815,0.18840579710144928,True,0.0,-0.16983044730752184
OADMET-0002044,3.73,3.296968847339593,3.292898597412952,0.43303115266040715,0.4371014025870479,0.3333333333333333,True,0.05014650145431438,-0.06371400120978388
OADMET-0002043,4.46,4.326743535625123,4.273781059514114,0.1332564643748766,0.18621894048588583,0.20512820512820512,True,0.0,-0.17654158703669864
OADMET-0002042,5.61,5.416601177789632,5.337299338244773,0.19339882221036842,0.272700661755227,0.2328767123287671,True,0.0,-0.2643394651495292
OADMET-0002041,5.03,5.099222370258812,5.127880131672697,-0.06922237025881195,-0.09788013167269671,0.35294117647058826,False,0.09552587137961546,0.0
OADMET-0002040,3.55,4.858925181453667,4.807035990881294,-1.3089251814536675,-1.2570359908812945,0.22058823529411764,True,0.0,-0.1729639685745754
OADMET-0002039,3.04,3.7124717263342104,3.6810365365775826,-0.6724717263342104,-0.6410365365775825,0.24691358024691357,True,0.0,-0.10478396585542615
OADMET-0002038,2.0,2.9744152500791454,2.9641559411304006,-0.9744152500791454,-0.9641559411304006,0.225,True,0.0,-0.0341976964958155
OADMET-0002037,2.98,3.4265109374685196,3.4001776052557906,-0.44651093746851966,-0.4201776052557906,0.21052631578947367,True,0.0,-0.08777777404243059
OADMET-0002036,4.09,3.7168152569567114,3.685302573797714,0.3731847430432884,0.404697426202286,0.2465753424657534,True,0.0,-0.1050422771966586
OADMET-0002035,4.95,4.903215814794152,4.841111995183656,0.046784185205848594,0.10888800481634409,0.23943661971830985,True,0.0,-0.20701273203498616
OADMET-0002034,4.17,3.3150547715066705,3.2865424960541016,0.8549452284933294,0.8834575039458983,0.22077922077922077,True,0.0,-0.0950409181752292
OADMET-0002033,3.88,4.553093765314342,4.498159096187024,-0.6730937653143423,-0.618159096187024,0.28,True,0.0,-0.18311556375772753
OADMET-0002032,3.89,4.5477489473750285,4.492923719524457,-0.6577489473750284,-0.602923719524457,0.23809523809523808,True,0.0,-0.18275075950190534
OADMET-0002031,1.96,2.697068553873636,2.694423095459633,-0.7370685538736361,-0.7344230954596331,0.1875,True,0.0,-0.008818194713343885
OADMET-0002030,4.57,4.556712551487302,4.507650790723586,0.013287448512698141,0.062349209276414186,0.22972972972972974,True,0.0,-0.16353920254572163
OADMET-0002029,4.37,5.0124827984467295,4.958207923375109,-0.6424827984467294,-0.5882079233751085,0.2328767123287671,True,0.0,-0.18091625023873625
OADMET-0002028,3.95,3.8018888237406907,3.7695998588504995,0.14811117625930947,0.18040014114950065,0.3013698630136986,True,0.0024717500965806016,-0.11010163306388421
OADMET-0002027,2.83,3.1392634755199396,3.118054956525558,-0.3092634755199395,-0.2880549565255581,0.27941176470588236,True,0.0,-0.07069506331460396
OADMET-0002026,1.95,4.358593483110075,4.311797814433143,-2.4085934831100753,-2.3617978144331424,0.2537313432835821,True,0.0,-0.15598556225644344
OADMET-0002025,3.75,4.186788967743661,4.137208873041966,-0.43678896774366116,-0.38720887304196605,0.2153846153846154,True,0.0,-0.16526698233898252
OADMET-0002024,3.1,4.188567281926719,4.143716378244914,-1.0885672819267191,-1.043716378244914,0.2692307692307692,True,0.0,-0.14950301227268348
OADMET-0002023,2.7,2.9224953388704833,2.903470325942454,-0.22249533887048312,-0.20347032594245373,0.2857142857142857,True,0.0,-0.06341670976009794
OADMET-0002022,3.85,4.343457337953511,4.295614448686499,-0.4934573379535112,-0.445614448686499,0.22077922077922077,True,0.0,-0.1594762975567079
OADMET-0002021,4.41,4.159938562726511,4.115415115228332,0.25006143727348906,0.2945848847716679,0.25,True,0.0,-0.14841149166059697
OADMET-0002020,3.82,4.280624835699507,4.234720974844818,-0.4606248356995075,-0.41472097484481774,0.2878787878787879,True,0.0,-0.1530128695156341
OADMET-0002019,4.49,4.656328083010553,4.599279572839256,-0.16632808301055313,-0.10927957283925593,0.18604651162790697,True,0.0,-0.19016170057098947
OADMET-0002018,2.36,3.914884035795638,3.873017442779337,-1.554884035795638,-1.5130174427793373,0.22077922077922077,True,0.0,-0.1395553100543352
OADMET-0002017,4.21,4.608126487778228,4.553017777877717,-0.398126487778228,-0.3430177778777175,0.2289156626506024,True,0.0,-0.18369569966836874
OADMET-0002016,2.99,2.9007083537509137,2.8837559226364853,0.08929164624908648,0.10624407736351493,0.22666666666666666,True,0.0,-0.05650810371476167
OADMET-0002015,4.12,4.376775786251697,4.3254514299472016,-0.25677578625169684,-0.20545142994720145,0.21428571428571427,True,0.0,-0.17108118768165248
OADMET-0002014,5.29,3.3501388501195075,3.3501388501195075,1.9398611498804925,1.9398611498804925,0.2191780821917808,False,0.0,0.0
OADMET-0002013,4.28,5.116052367849257,5.046999840385755,-0.8360523678492564,-0.766999840385755,0.2465753424657534,True,0.0,-0.2301750915450036
OADMET-0002012,4.33,4.9795532166379175,4.914247927377218,-0.6495532166379174,-0.5842479273772181,0.24731182795698925,True,0.0,-0.21768429753566387
OADMET-0002011,4.46,4.054345613891638,4.016811014914552,0.40565438610836235,0.443188985085448,0.24691358024691357,True,0.0,-0.12511532992361918
OADMET-0002010,4.87,3.8689169698548542,3.834101383544165,1.0010830301451459,1.0358986164558353,0.22058823529411764,True,0.0,-0.11605195436896487
OADMET-0002009,3.11,4.089429295063018,4.048560101811364,-0.9794292950630186,-0.9385601018113641,0.2361111111111111,True,0.0,-0.13623064417218034
OADMET-0002008,2.27,3.3048942855260903,3.2855625123468934,-1.0348942855260903,-1.0155625123468934,0.2222222222222222,True,0.0,-0.06443924393065625
OADMET-0002007,4.83,3.6332891441085966,3.603266659415749,1.1967108558914035,1.2267333405842509,0.21818181818181817,True,0.0,-0.10007494897615876
OADMET-0002006,5.19,4.353840677020619,4.361621358321269,0.8361593229793813,0.8283786416787313,0.31666666666666665,False,0.025935604335500205,0.0
OADMET-0002005,4.24,3.9322022651005715,3.894086003173082,0.30779773489942874,0.34591399682691826,0.3114754098360656,True,0.01368313898126901,-0.1407373454062335
OADMET-0002004,2.3,3.604483171111171,3.5769269444666105,-1.3044831711111713,-1.2769269444666107,0.16666666666666666,True,0.0,-0.0918540888152024
OADMET-0002003,2.34,3.0132631828484024,3.0019374023759817,-0.6732631828484026,-0.6619374023759819,0.19047619047619047,True,0.0,-0.03775260157473559
OADMET-0002002,2.58,3.1152908379591784,3.101164146832145,-0.5352908379591783,-0.5211641468321448,0.22727272727272727,True,0.0,-0.04708897042344429
OADMET-0002001,3.1100000000000003,3.377638363953933,3.377638363953933,-0.2676383639539326,-0.2676383639539326,0.20192307692307693,False,0.0,0.0
OADMET-0002000,1.92,2.5944947121212785,2.583396723219359,-0.6744947121212785,-0.6633967232193592,0.22033898305084745,True,0.0,-0.036993296339731696
OADMET-0001999,3.82,3.936529142648271,3.901096520151922,-0.1165291426482713,-0.08109652015192204,0.21052631578947367,True,0.0,-0.11810874165449814
OADMET-0001998,4.87,4.885226688801663,4.8234912171758,-0.015226688801663002,0.046508782824200345,0.25,True,0.0,-0.20578490541954597
OADMET-0001997,3.61,4.183122594379684,4.139681289086085,-0.5731225943796843,-0.5296812890860854,0.26582278481012656,True,0.0,-0.14480435097866362
OADMET-0001996,3.0,3.6971756101811972,3.6660133200969236,-0.6971756101811972,-0.6660133200969236,0.2647058823529412,True,0.0,-0.10387430028091194
OADMET-0001995,4.32,4.128356705475779,4.089501666562056,0.19164329452422102,0.23049833343794468,0.2112676056338028,True,0.0,-0.12951679637907887
OADMET-0001994,3.47,3.4834876509546073,3.4561377909980617,-0.013487650954607133,0.013862209001938464,0.18461538461538463,True,0.0,-0.0911661998551514
OADMET-0001993,2.98,3.7854419080956467,3.7854419080956467,-0.8054419080956468,-0.8054419080956468,0.2698412698412698,False,0.0,0.0
OADMET-0001992,2.95,3.0642315090281294,3.0397830020259833,-0.11423150902812917,-0.0897830020259831,0.2361111111111111,True,0.0,-0.0814950233404863
OADMET-0001991,4.45,4.4389520363900274,4.383277737773334,0.011047963609972733,0.06672226222666655,0.20987654320987653,True,0.0,-0.18558099538898087
OADMET-0001990,5.29,5.389117127946279,5.389117127946279,-0.09911712794627903,-0.09911712794627903,0.2898550724637681,False,0.0,0.0
OADMET-0001989,4.4,4.7213319586318665,4.662952419560758,-0.32133195863186614,-0.262952419560758,0.2,True,0.0,-0.1945984635703617
OADMET-0001988,1.77,3.0723277935703983,3.0723277935703983,-1.3023277935703983,-1.3023277935703983,0.20652173913043478,False,0.0,0.0
OADMET-0001987,2.45,2.9497392890522782,2.9497392890522782,-0.49973928905227805,-0.49973928905227805,0.2,False,0.0,0.0
OADMET-0001986,3.85,2.7458957822577466,2.7273391730530148,1.1041042177422535,1.1226608269469853,0.3225806451612903,True,0.03264324280845149,-0.09449860682422351
OADMET-0001985,3.58,4.1546138934718755,4.105811396634313,-0.5746138934718754,-0.525811396634313,0.21518987341772153,True,0.0,-0.16267498945854042
OADMET-0001984,3.41,3.098306278117652,3.0750323173955962,0.3116937218823481,0.3349676826044039,0.189873417721519,True,0.0,-0.07757986907351899
OADMET-0001983,4.91,5.229977502406221,5.155185929726604,-0.31997750240622125,-0.24518592972660347,0.20253164556962025,True,0.0,-0.2493052422653923
OADMET-0001982,4.745,4.872272105355864,4.872272105355864,-0.12727210535586408,-0.12727210535586408,0.2463768115942029,False,0.0,0.0
OADMET-0001981,1.81,3.24457951656823,3.2105259744055394,-1.4345795165682298,-1.4005259744055394,0.2463768115942029,True,0.0,-0.11351180720896759
OADMET-0001980,4.06,4.120212666502276,4.076143605044832,-0.06021266650227641,-0.016143605044832476,0.23595505617977527,True,0.0,-0.14689687152481223
OADMET-0001979,3.61,3.1865043985033497,3.1704227195814436,0.4234956014966502,0.43957728041855626,0.24358974358974358,True,0.0,-0.05360559640635376
OADMET-0001978,4.03,4.518474230257053,4.469849840604868,-0.4884742302570526,-0.4398498406048681,0.19480519480519481,True,0.0,-0.16208129884061595
OADMET-0001977,5.42,4.656645185044669,4.606440391699734,0.7633548149553313,0.8135596083002659,0.2558139534883721,True,0.0,-0.16734931114978213
OADMET-0001976,4.58,4.721646683192947,4.6722066932426065,-0.14164668319294726,-0.09220669324260644,0.234375,True,0.0,-0.16479996650113637
OADMET-0001975,4.78,4.684487031038525,4.635116926751816,0.09551296896147488,0.1448830732481845,0.3230769230769231,True,0.027516642127167326,-0.19208365641619984
OADMET-0001974,3.67,3.238995557965584,3.2160077080384117,0.4310044420344159,0.4539922919615882,0.26666666666666666,True,0.0,-0.07662616642390718
OADMET-0001973,5.19,4.7930850105378235,4.794443427047899,0.39691498946217685,0.3955565729521018,0.3037974683544304,False,0.004528055033584515,0.0
OADMET-0001972,1.81,4.14090738493262,4.1018284279813155,-2.3309073849326203,-2.2918284279813155,0.22772277227722773,True,0.0,-0.13026318983768181
OADMET-0001971,2.84,2.674302472535846,2.661389373378928,0.1656975274641539,0.17861062662107186,0.265625,True,0.0,-0.04304366385639291
OADMET-0001970,2.22,2.711952197898939,2.706100432626626,-0.49195219789893896,-0.4861004326266256,0.3142857142857143,True,0.025776822435769245,-0.045282706676813334
OADMET-0001969,4.27,4.899860083246693,4.836742566959631,-0.6298600832466938,-0.5667425669596318,0.26436781609195403,True,0.0,-0.21039172095687242
OADMET-0001968,4.48,4.417301373805815,4.365147209621392,0.06269862619418554,0.11485279037860874,0.23595505617977527,True,0.0,-0.17384721394807734
OADMET-0001967,2.18,2.7855363121310486,2.7855363121310486,-0.6055363121310484,-0.6055363121310484,0.13333333333333333,False,0.0,0.0
OADMET-0001966,4.59,3.7857811094487754,3.7458924563728706,0.8042188905512244,0.8441075436271293,0.21428571428571427,True,0.0,-0.13296217691968204
OADMET-0001965,2.08,3.861876216559734,3.8277754850392403,-1.7818762165597337,-1.7477754850392402,0.21794871794871795,True,0.0,-0.11366910506831118
OADMET-0001964,4.71,4.535553518313806,4.482437115334288,0.1744464816861937,0.22756288466571206,0.24390243902439024,True,0.0,-0.17705467659839513
OADMET-0001963,4.39,4.790672786490431,4.732754284393711,-0.40067278649043114,-0.3427542843937115,0.3048780487804878,True,0.007338512407948454,-0.20040018606368193
OADMET-0001962,1.84,3.503134923768275,3.475434534680029,-1.6631349237682749,-1.635434534680029,0.24615384615384617,True,0.0,-0.09233463029415256
OADMET-0001961,3.92,4.518906928729085,4.473084040794243,-0.5989069287290851,-0.5530840407942428,0.21621621621621623,True,0.0,-0.15274295978280872
OADMET-0001960,4.84,4.823434805175633,4.758468438504083,0.016565194824367246,0.08153156149591645,0.21686746987951808,True,0.0,-0.21655455557183156
OADMET-0001958,1.91,2.809512652239753,2.7932181721168976,-0.8995126522397532,-0.8832181721168977,0.22666666666666666,True,0.0,-0.05431493374285212
OADMET-0001957,1.89,3.066515339809714,3.066515339809714,-1.1765153398097141,-1.1765153398097141,0.14925373134328357,False,0.0,0.0
OADMET-0001956,1.86,4.522821558563455,4.474147444034434,-2.6628215585634543,-2.614147444034434,0.2087912087912088,True,0.0,-0.16224704843006688
OADMET-0001955,4.57,4.0517456795405415,4.011910994433827,0.5182543204594587,0.5580890055661731,0.20481927710843373,True,0.0,-0.13278228368904665
OADMET-0001954,2.28,2.784853882118336,2.76612595241752,-0.5048538821183364,-0.4861259524175203,0.2,True,0.0,-0.06242643233605305
OADMET-0001953,4.07,3.397977398552941,3.397977398552941,0.6720226014470594,0.6720226014470594,0.25333333333333335,False,0.0,0.0
OADMET-0001951,5.95,5.163145370853757,5.095719195495643,0.7868546291462435,0.8542808045043575,0.18292682926829268,True,0.0,-0.22475391786037946
OADMET-0001950,5.66,4.623789231985518,4.567406992104524,1.0362107680144819,1.0925930078954762,0.18181818181818182,True,0.0,-0.18794079960331356
OADMET-0001949,3.47,4.639180600064472,4.582483204271235,-1.1691806000644722,-1.1124832042712351,0.25,True,0.0,-0.18899131931078905
OADMET-0001948,4.48,4.284197547713529,4.242562135379477,0.19580245228647186,0.23743786462052352,0.20930232558139536,True,0.0,-0.1387847077801716
OADMET-0001947,3.6,3.352901871458998,3.3176093348206606,0.2470981285410021,0.28239066517933953,0.23076923076923078,True,0.0,-0.11764178879445764
OADMET-0001946,4.64,4.996168643525503,4.941830877415556,-0.35616864352550337,-0.30183087741555603,0.21333333333333335,True,0.0,-0.1811258870331569
OADMET-0001945,1.81,2.8143327530147957,2.8143327530147957,-1.0043327530147956,-1.0043327530147956,0.20588235294117646,False,0.0,0.0
OADMET-0001944,3.13,3.401231767367391,3.401231767367391,-0.2712317673673912,-0.2712317673673912,0.19696969696969696,False,0.0,0.0
OADMET-0001943,5.52,5.086323935545764,5.03120446324365,0.4336760644542359,0.48879553675634924,0.22857142857142856,True,0.0,-0.18373157434037868
OADMET-0001942,2.82,3.177923171149874,3.1446320463462176,-0.35792317114987426,-0.3246320463462178,0.2159090909090909,True,0.0,-0.11097041601218782
OADMET-0001941,3.0,4.067681772037616,4.030418391992955,-1.0676817720376164,-1.0304183919929546,0.30666666666666664,True,0.01002930029086286,-0.1342405671064033
OADMET-0001940,2.27,3.0578025359551884,3.045254040440156,-0.7878025359551883,-0.775254040440156,0.18292682926829268,True,0.0,-0.04182831838344159
OADMET-0001938,2.19,4.152817229391301,4.1083752359260455,-1.9628172293913013,-1.9183752359260455,0.22972972972972974,True,0.0,-0.1481399782175199
OADMET-0001937,5.25,5.17515292352843,5.17515292352843,0.07484707647156963,0.07484707647156963,0.15294117647058825,False,0.0,0.0
OADMET-0001936,2.93,3.7636428915181206,3.7296782793427705,-0.8336428915181204,-0.7996782793427704,0.31343283582089554,True,0.016017149894918307,-0.12923252381275274
OADMET-0001935,4.99,4.552538541682716,4.497615241395986,0.43746145831728445,0.49238475860401465,0.1958762886597938,True,0.0,-0.18307766762243372
OADMET-0001934,5.29,4.69831414847698,4.69831414847698,0.5916858515230201,0.5916858515230201,0.19047619047619047,False,0.0,0.0
OADMET-0001933,3.63,3.7224972010816177,3.6841379751506076,-0.09249720108161785,-0.0541379751506077,0.24324324324324326,True,0.0,-0.1278640864367011
OADMET-0001932,5.37,4.459205102226109,4.414447361072883,0.9107948977738909,0.9555526389271174,0.21739130434782608,True,0.0,-0.14919247051075413
OADMET-0001931,1.97,4.232766857424986,4.19204902563153,-2.262766857424986,-2.22204902563153,0.20512820512820512,True,0.0,-0.13572610597818624
OADMET-0001930,3.63,4.39237107975969,4.343185387696385,-0.7623710797596903,-0.7131853876963854,0.22666666666666666,True,0.0,-0.1639523068776816
OADMET-0001928,5.62,5.177421448068712,5.106684188064177,0.44257855193128837,0.513315811935823,0.24719101123595505,True,0.0,-0.23579086668178206
OADMET-0001927,3.89,3.49590691929882,3.4589786864605445,0.3940930807011802,0.4310213135394556,0.26229508196721313,True,0.0,-0.1230941094609177
OADMET-0001926,5.23,5.190013819296383,5.190013819296383,0.03998618070361726,0.03998618070361726,0.19696969696969696,False,0.0,0.0
OADMET-0001925,4.82,4.416250930249112,4.364118275101162,0.4037490697508881,0.4558817248988385,0.25,True,0.0,-0.17377551715983497
OADMET-0001924,3.9,4.141233121307151,4.098941785316654,-0.2412331213071508,-0.1989417853166544,0.234375,True,0.0,-0.140971119968321
OADMET-0001923,3.4,4.291689624601197,4.252672985670113,-0.8916896246011974,-0.8526729856701132,0.3050847457627119,True,0.009174801205951818,-0.13923026430956487
OADMET-0001922,4.98,4.457405329676508,4.4094794480149355,0.5225946703234925,0.5705205519850649,0.24358974358974358,True,0.0,-0.15975293887190922
OADMET-0001921,1.84,2.5849186161189404,2.5736002240684486,-0.7449186161189403,-0.7336002240684485,0.21621621621621623,True,0.0,-0.037727973501639145
OADMET-0001920,1.78,4.158489826813485,4.109593657542955,-2.3784898268134844,-2.3295936575429543,0.22388059701492538,True,0.0,-0.16298723090176637
OADMET-0001919,1.88,2.815298083916451,2.7998694667179436,-0.9352980839164511,-0.9198694667179437,0.2033898305084746,True,0.0,-0.05142872399502396
OADMET-0001918,4.73,4.417697744462097,4.367816773016611,0.3123022555379036,0.36218322698338934,0.18181818181818182,True,0.0,-0.16626990481828496
OADMET-0001917,4.16,4.85441714351617,4.788702004676578,-0.6944171435161701,-0.6287020046765779,0.25,True,0.0,-0.21905046279864226
OADMET-0001916,4.95,4.840704614907793,4.779211062058577,0.10929538509220738,0.17078893794142314,0.21428571428571427,True,0.0,-0.20497850949738705
OADMET-0001914,3.88,2.6085057609289595,2.5970691570627022,1.2714942390710404,1.2829308429372976,0.2222222222222222,True,0.0,-0.03812201288752437
OADMET-0001913,4.875,4.669740979185382,4.669740979185382,0.20525902081461833,0.20525902081461833,0.1891891891891892,False,0.0,0.0
OADMET-0001912,3.0,3.856002696393763,3.8215416387262584,-0.8560026963937628,-0.8215416387262584,0.25,True,0.0,-0.11487019222501527
OADMET-0001911,4.18,4.561415886416018,4.561415886416018,-0.3814158864160184,-0.3814158864160184,0.25,False,0.0,0.0
OADMET-0001910,2.42,3.360348799506437,3.360348799506437,-0.9403487995064372,-0.9403487995064372,0.2073170731707317,False,0.0,0.0
OADMET-0001909,2.415,3.447090644049413,3.447090644049413,-1.032090644049413,-1.032090644049413,0.2222222222222222,False,0.0,0.0
OADMET-0001908,4.05,4.0251361578413585,3.9810120261890027,0.024863842158641347,0.06898797381099708,0.22727272727272727,True,0.0,-0.14708043884118505
OADMET-0001906,4.25,4.75969322491618,4.75969322491618,-0.5096932249161803,-0.5096932249161803,0.15555555555555556,False,0.0,0.0
OADMET-0001905,2.97,3.033479543565546,3.001840569481839,-0.06347954356554597,-0.03184056948183889,0.20833333333333334,True,0.0,-0.10546324694569043
OADMET-0001904,4.84,4.544515948619657,4.4911535048337745,0.2954840513803427,0.34884649516622535,0.2537313432835821,True,0.0,-0.17787481261960902
OADMET-0001903,5.16,4.056316010581637,4.056316010581637,1.1036839894183634,1.1036839894183634,0.16666666666666666,False,0.0,0.0
OADMET-0001902,4.7,4.699519419670105,4.63754780409962,0.0004805803298948419,0.06245219590037987,0.2077922077922078,True,0.0,-0.20657205190161676
OADMET-0001901,4.06,4.822487726257842,4.762036906839126,-0.7624877262578424,-0.7020369068391261,0.24,True,0.0,-0.20150273139572228
OADMET-0001900,4.81,3.93469238362266,3.899292530943908,0.8753076163773397,0.9107074690560917,0.2638888888888889,True,0.0,-0.11799950892917366
OADMET-0001899,4.95,5.067275176927881,4.999561703602255,-0.11727517692788059,-0.049561703602254426,0.20253164556962025,True,0.0,-0.2257115777520884
OADMET-0001898,5.13,4.470652936037304,4.470652936037304,0.6593470639626959,0.6593470639626959,0.21052631578947367,False,0.0,0.0
OADMET-0001897,3.48,4.153691764248228,4.104911553162323,-0.6736917642482276,-0.6249115531623226,0.29850746268656714,True,0.0,-0.16260070361968415
OADMET-0001895,3.94,3.751271223327488,3.7196853027830126,0.18872877667251187,0.22031469721698738,0.2,True,0.0,-0.10528640181491866
OADMET-0001894,5.1,4.949130416379392,4.949130416379392,0.15086958362060798,0.15086958362060798,0.21794871794871795,False,0.0,0.0
OADMET-0001893,1.94,3.7942754007080226,3.7613807426974493,-1.8542754007080227,-1.8213807426974493,0.23728813559322035,True,0.0,-0.10964886003524432
OADMET-0001892,4.45,4.967132616737514,4.913312885540328,-0.5171326167375137,-0.46331288554032746,0.19736842105263158,True,0.0,-0.17939910399061976
OADMET-0001890,3.37,3.225870875247474,3.1920313231080497,0.14412912475252604,0.1779686768919504,0.2191780821917808,True,0.0,-0.11279850713141526
OADMET-0001888,4.13,4.320723162808465,4.2705465482501355,-0.19072316280846469,-0.14054654825013557,0.2891566265060241,True,0.0,-0.16725538186109645
OADMET-0001887,4.13,4.347840584829015,4.2971087099565475,-0.21784058482901525,-0.16710870995654759,0.20253164556962025,True,0.0,-0.1691062495748934
OADMET-0001885,3.1,3.5060982765503295,3.472602040750216,-0.4060982765503294,-0.37260204075021575,0.2073170731707317,True,0.0,-0.1116541193337115
OADMET-0001884,4.2,4.634282897514047,4.584333884711746,-0.4342828975140467,-0.38433388471174545,0.2463768115942029,True,0.0,-0.16649670934100413
OADMET-0001883,4.75,4.640793544343374,4.590770062559462,0.10920645565662568,0.15922993744053837,0.26666666666666666,True,0.0,-0.1667449392797078
OADMET-0001882,1.81,3.173186495813351,3.1481028517055134,-1.363186495813351,-1.3381028517055134,0.19718309859154928,True,0.0,-0.08361214702612596
OADMET-0001881,4.6,4.4261681142362574,4.376054610259046,0.1738318857637422,0.2239453897409538,0.2463768115942029,True,0.0,-0.1670450132573711
OADMET-0001880,3.86,4.0516360977321,4.006969349420342,-0.1916360977321001,-0.14696934942034234,0.2,True,0.0,-0.14888916103919358
OADMET-0001879,3.53,4.403956801683,4.35445305299141,-0.8739568016830002,-0.82445305299141,0.24324324324324326,True,0.0,-0.16501249563863318
OADMET-0001878,4.83,4.571947432953177,4.5227114151398204,0.258052567046823,0.3072885848601796,0.23157894736842105,True,0.0,-0.164120059377856
OADMET-0001877,4.88,4.63915801858439,4.582461085172855,0.24084198141560975,0.297538914827145,0.23529411764705882,True,0.0,-0.18898977803845174
OADMET-0001876,3.1,3.9583733234590692,3.9225509765564404,-0.8583733234590691,-0.8225509765564403,0.20833333333333334,True,0.0,-0.11940782300876274
OADMET-0001875,1.9,2.5888781051033907,2.5774890713791736,-0.6888781051033908,-0.6774890713791737,0.2857142857142857,True,0.0,-0.03796344574739052
OADMET-0001874,4.77,5.159567872528891,5.0922149505516545,-0.38956787252889136,-0.32221495055165494,0.16483516483516483,True,0.0,-0.22450973992412138
OADMET-0001872,3.92,4.512352815415095,4.454904588057369,-0.5923528154150954,-0.5349045880573691,0.17543859649122806,True,0.0,-0.19149409119242122
OADMET-0001871,4.38,4.492197018456691,4.44387318837311,-0.11219701845669139,-0.06387318837311007,0.21176470588235294,True,0.0,-0.16107943361193833
OADMET-0001870,4.12,3.947773458309544,3.91214022475421,0.17222654169045626,0.20785977524579025,0.18461538461538463,True,0.0,-0.11877744518444722
OADMET-0001869,2.54,2.8842062727918902,2.8675482570991173,-0.3442062727918902,-0.3275482570991173,0.19672131147540983,True,0.0,-0.05552671897591033
OADMET-0001868,2.84,3.672879047185472,3.6421502347248342,-0.8328790471854721,-0.8021502347248344,0.19117647058823528,True,0.0,-0.10242937486879233
OADMET-0001867,3.55,4.537632318839286,4.491475349182347,-0.9876323188392861,-0.9414753491823475,0.2028985507246377,True,0.0,-0.1538565655231281
OADMET-0001866,4.54,4.541505041052994,4.483352271160284,-0.0015050410529937608,0.05664772883971647,0.20454545454545456,True,0.0,-0.1938425663090344
OADMET-0001865,2.81,3.670726437707549,3.6336183925720866,-0.860726437707549,-0.8236183925720866,0.10666666666666667,True,0.0,-0.12369348378487466
OADMET-0001864,3.49,3.646145333595646,3.60978147369652,-0.15614533359564575,-0.11978147369651992,0.21951219512195122,True,0.0,-0.12121286633042017
OADMET-0001863,5.06,4.858741658868142,4.858741658868142,0.20125834113185803,0.20125834113185803,0.19736842105263158,False,0.0,0.0
OADMET-0001862,3.27,4.066297780425803,4.026063604275486,-0.7962977804258027,-0.7560636042754862,0.19753086419753085,True,0.0,-0.13411392050105553
OADMET-0001861,2.01,2.6497396231855004,2.6483934605956723,-0.6397396231855006,-0.6383934605956725,0.1891891891891892,True,0.0,-0.004487208632759643
OADMET-0001859,2.82,3.240874234333779,3.2141547325910267,-0.420874234333779,-0.39415473259102685,0.21518987341772153,True,0.0,-0.08906500580917465
OADMET-0001858,1.9,3.325484379865591,3.325484379865591,-1.425484379865591,-1.425484379865591,0.23880597014925373,False,0.0,0.0
OADMET-0001857,4.0,4.379042102989641,4.335714558626745,-0.3790421029896409,-0.33571455862674515,0.21052631578947367,True,0.0,-0.14442514787631922
OADMET-0001828,4.3,4.486329438153979,4.438072721637009,-0.1863294381539795,-0.138072721637009,0.189873417721519,True,0.0,-0.1608557217232338
OADMET-0001827,3.62,3.8907113822918493,3.8482868048119667,-0.2707113822918492,-0.22828680481196661,0.21739130434782608,True,0.0,-0.14141525826627488
OADMET-0001826,3.42,3.65300367144705,3.616499379215272,-0.23300367144705003,-0.19649937921527227,0.19480519480519481,True,0.0,-0.12168097410592527
OADMET-0001825,1.62,2.75535951910667,2.7428249238394558,-1.1353595191066699,-1.1228249238394556,0.30337078651685395,True,0.006082171585968077,-0.0478641558100148
OADMET-0001824,2.56,3.484942737597864,3.4523246590488226,-0.9249427375978638,-0.8923246590488225,0.2647058823529412,True,0.0,-0.10872692849680465
OADMET-0001823,5.23,4.478290651376964,4.478290651376964,0.7517093486230362,0.7517093486230362,0.20512820512820512,False,0.0,0.0
OADMET-0001822,4.04,4.871164622353119,4.81850614898976,-0.8311646223531186,-0.7785061489897602,0.21794871794871795,True,0.0,-0.17552824454452676
OADMET-0001821,4.17,3.7278206025512475,3.696878459358296,0.44217939744875245,0.47312154064170375,0.24719101123595505,True,0.0,-0.10314047730983722
OADMET-0001820,4.45,3.8557313725786297,3.8146874564147293,0.5942686274213704,0.6353125435852709,0.22727272727272727,True,0.0,-0.13681305387966747
OADMET-0001819,3.8,3.058689982682756,3.0363734570999266,0.741310017317244,0.7636265429000733,0.1111111111111111,True,0.0,-0.07438841860943146
OADMET-0001818,4.05,4.515367320671822,4.461205143763258,-0.46536732067182207,-0.411205143763258,0.21951219512195122,True,0.0,-0.18054058969521325
OADMET-0001817,3.77,4.105115269920201,4.063815457989153,-0.33511526992020135,-0.2938154579891532,0.22727272727272727,True,0.0,-0.13766603977016034
OADMET-0001816,3.99,4.091883066556986,4.053955301315966,-0.10188306655698565,-0.06395530131596594,0.30666666666666664,True,0.01002930029086286,-0.13645518442759696
OADMET-0001815,2.81,2.873315913468889,2.8568521938615623,-0.06331591346888876,-0.04685219386156225,0.17073170731707318,True,0.0,-0.054879065357754886
OADMET-0001814,3.36,2.664675791981151,2.651934443479298,0.6953242080188491,0.7080655565207019,0.20224719101123595,True,0.0,-0.04247116167284215
OADMET-0001813,4.07,3.352862489339217,3.3322138707126077,0.7171375106607831,0.7377861292873926,0.2676056338028169,True,0.0,-0.06882872875536528
OADMET-0001812,3.33,3.852851746151748,3.811840767244783,-0.5228517461517481,-0.48184076724478286,0.2222222222222222,True,0.0,-0.13670326302321767
OADMET-0001811,1.7,2.6792255623826704,2.6516385563909064,-0.9792255623826704,-0.9516385563909064,0.2692307692307692,True,0.0,-0.09195668663921364
OADMET-0001810,4.7,5.0887370167426695,5.033589943542521,-0.38873701674266936,-0.3335899435425205,0.2375,True,0.0,-0.18382357733382904
OADMET-0001809,4.33,4.819694673436359,4.759301044977236,-0.4896946734363592,-0.42930104497723587,0.2,True,0.0,-0.20131209486374324
OADMET-0001808,4.16,4.173561166559608,4.128881903293667,-0.01356116655960804,0.03111809670633292,0.2564102564102564,True,0.0,-0.14893087755313772
OADMET-0001807,4.63,3.7825854494733715,3.7423781786606076,0.8474145505266284,0.8876218213393923,0.23684210526315788,True,0.0,-0.1340242360425461
OADMET-0001806,1.68,2.6671775858379103,2.639728384977845,-0.9871775858379104,-0.9597283849778451,0.20689655172413793,True,0.0,-0.09149733620021694
OADMET-0001805,4.64,4.741672772111245,4.690495430571994,-0.10167277211124492,-0.05049543057199468,0.2625,True,0.0,-0.17059113846416896
OADMET-0001804,4.22,4.314349554001707,4.2673057451616065,-0.09434955400170697,-0.047305745161606794,0.28205128205128205,True,0.0,-0.15681269613366666
OADMET-0001803,4.17,4.5133842347895055,4.464818064664321,-0.3433842347895055,-0.29481806466432126,0.24175824175824176,True,0.0,-0.16188723375061365
OADMET-0001802,3.5,3.465237732998376,3.4286602952700957,0.0347622670016241,0.07133970472990425,0.21505376344086022,True,0.0,-0.12192479242760035
OADMET-0001801,1.75,2.573919052522159,2.5475365456764707,-0.8239190525221591,-0.7975365456764707,0.20987654320987653,True,0.0,-0.08794168948562842
OADMET-0001800,4.53,4.207777875603981,4.1675058749537515,0.3222221243960188,0.3624941250462488,0.20689655172413793,True,0.0,-0.13424000216743348
OADMET-0001799,5.22,5.007605702205769,5.007605702205769,0.2123942977942308,0.2123942977942308,0.24096385542168675,False,0.0,0.0
OADMET-0001798,5.25,4.582967611192499,4.582967611192499,0.6670323888075007,0.6670323888075007,0.2857142857142857,False,0.0,0.0
OADMET-0001797,3.59,3.5238040574545995,3.486556736279515,0.0661959425454004,0.10344326372048496,0.23684210526315788,True,0.0,-0.12415773725028201
OADMET-0001796,4.1,3.8816008409250125,3.8464370510847647,0.2183991590749872,0.2535629489152349,0.23376623376623376,True,0.0,-0.11721263280082583
OADMET-0001795,3.81,3.4149648521710367,3.3789624372225213,0.3950351478289633,0.43103756277747873,0.2625,True,0.0,-0.12000804982838531
OADMET-0001794,5.37,4.710164486320274,4.659347537537177,0.6598355136797265,0.7106524624628232,0.2073170731707317,True,0.0,-0.16938982927698998
OADMET-0001793,5.21,5.069108285718751,5.069108285718751,0.14089171428124914,0.14089171428124914,0.20930232558139536,False,0.0,0.0
OADMET-0001792,2.25,3.3312328648798673,3.3111780327667053,-1.0812328648798673,-1.0611780327667053,0.20454545454545456,True,0.0,-0.06684944037720664
OADMET-0001791,1.91,2.7367920470469205,2.7330560808176916,-0.8267920470469206,-0.8230560808176917,0.17142857142857143,True,0.0,-0.01245322076409705
OADMET-0001790,2.57,3.602333337010689,3.574836128612026,-1.032333337010689,-1.004836128612026,0.21176470588235294,True,0.0,-0.0916573613288767
OADMET-0001789,1.73,3.152858244446875,3.1377002353993886,-1.422858244446875,-1.4077002353993886,0.17307692307692307,True,0.0,-0.0505266968249547
OADMET-0001788,4.67,3.6196437719956185,3.5898647358711218,1.0503562280043814,1.0801352641288782,0.25301204819277107,True,0.0,-0.09926345374832213
OADMET-0001787,3.96,4.37470927539381,4.331459033479421,-0.4147092753938102,-0.3714590334794208,0.17073170731707318,True,0.0,-0.14416747304796385
OADMET-0001786,4.06,3.3845114276247115,3.3488573398965142,0.6754885723752881,0.7111426601034854,0.27710843373493976,True,0.0,-0.11884695909399134
OADMET-0001785,4.09,3.3555095275628912,3.334788241211479,0.7344904724371086,0.755211758788521,0.2,True,0.0,-0.06907095450470768
OADMET-0001784,3.37,3.3784156380347836,3.3529403792915513,-0.008415638034783512,0.017059620708448797,0.2692307692307692,True,0.0,-0.0849175291441071
OADMET-0001783,3.99,3.630699162575805,3.600722886025249,0.35930083742419505,0.3892771139747513,0.15476190476190477,True,0.0,-0.09992092183518819
OADMET-0001782,2.35,2.6538022815602496,2.6523445889826402,-0.30380228156024947,-0.30234458898264016,0.20238095238095238,True,0.0,-0.004858975258698273
OADMET-0001781,2.37,3.500684212828145,3.4730275471403957,-1.130684212828145,-1.1030275471403956,0.189873417721519,True,0.0,-0.0921888856258315
OADMET-0001780,2.98,2.82135814486198,2.8153006307726924,0.15864185513801976,0.16469936922730755,0.27631578947368424,True,0.0,-0.02019171363095884
OADMET-0001779,3.76,4.258941004808666,4.210029450787182,-0.49894100480866665,-0.4500294507871825,0.26582278481012656,True,0.0,-0.16303851340494813
OADMET-0001778,2.28,2.6657798495107485,2.663993343165416,-0.38577984951074873,-0.38399334316541633,0.21794871794871795,True,0.0,-0.005955021151107687
OADMET-0001777,4.13,4.057499442401442,4.014147696758349,0.07250055759855822,0.11585230324165074,0.24050632911392406,True,0.0,-0.14450581881030722
OADMET-0001776,3.98,4.841585697942567,4.789265549239684,-0.8615856979425671,-0.8092655492396843,0.21428571428571427,True,0.0,-0.17440049567627725
OADMET-0001775,3.43,3.7648773783618963,3.7325072136662185,-0.3348773783618961,-0.30250721366621836,0.25287356321839083,True,0.0,-0.10790054898559243
OADMET-0001774,4.45,3.432607800867951,3.396403585321658,1.0173921991320491,1.053596414678342,0.2948717948717949,True,0.0,-0.12068071848764284
OADMET-0001773,5.81,5.142986175388966,5.0860290217207265,0.6670138246110335,0.7239709782792731,0.16853932584269662,True,0.0,-0.18985717889413056
OADMET-0001772,2.82,3.661165203052817,3.6320529148971095,-0.841165203052817,-0.8120529148971096,0.189873417721519,True,0.0,-0.097040960519025
OADMET-0001771,3.87,2.9946569783016317,2.9634620579309456,0.8753430216983684,0.9065379420690545,0.2894736842105263,True,0.0,-0.10398306790228684
OADMET-0001770,1.94,3.0034024367054686,2.9923473580236966,-1.0634024367054686,-1.0523473580236966,0.2159090909090909,True,0.0,-0.036850262272573264
OADMET-0001769,3.52,3.346551223518779,3.311331325789766,0.17344877648122115,0.20866867421023416,0.27631578947368424,True,0.0,-0.11739965909670991
OADMET-0001768,4.19,4.027226326766523,3.9842208459647934,0.16277367323347747,0.20577915403520697,0.2073170731707317,True,0.0,-0.14335160267243152
OADMET-0001767,5.25,4.4358602292329365,4.4358602292329365,0.8141397707670635,0.8141397707670635,0.17708333333333334,False,0.0,0.0
OADMET-0001766,4.28,3.4601622250473616,3.4332285165520062,0.8198377749526387,0.846771483447994,0.2375,True,0.0,-0.08977902831785078
OADMET-0001765,3.9,3.5112753747736365,3.4862779319173662,0.3887246252263634,0.4137220680826337,0.18181818181818182,True,0.0,-0.08332480952090027
OADMET-0001764,3.76,2.999441695329055,2.968192047215693,0.760558304670945,0.7918079527843069,0.24675324675324675,True,0.0,-0.10416549371120665
OADMET-0001763,1.88,2.7482447179775793,2.744194347697815,-0.8682447179775794,-0.8641943476978149,0.23376623376623376,True,0.0,-0.013501234265881568
OADMET-0001762,4.26,4.1810928581987765,4.154744368738525,0.07890714180122327,0.10525563126147475,0.3424657534246575,True,0.06138973843233243,-0.14921803663317057
OADMET-0001761,4.1,3.730465631693312,3.6908545089828153,0.3695343683066876,0.40914549101718434,0.28205128205128205,True,0.0,-0.13203707570165601
OADMET-0001760,3.47,3.405222989401771,3.379269457786422,0.06477701059822927,0.09073054221357824,0.15730337078651685,True,0.0,-0.08651177205116367
OADMET-0001759,3.4,2.7841392738147848,2.755352261517627,0.6158607261852151,0.644647738482373,0.2564102564102564,True,0.0,-0.09595670765719255
OADMET-0001758,1.71,2.8511850304973936,2.836087439986752,-1.1411850304973936,-1.126087439986752,0.3333333333333333,True,0.048187644145809325,-0.09851294584794834
OADMET-0001757,3.25,3.455726735105792,3.421143687934791,-0.2057267351057921,-0.17114368793479118,0.30434782608695654,True,0.0062853448885838705,-0.1215621687919195
OADMET-0001756,2.94,2.760913721334587,2.7565155556806427,0.17908627866541282,0.1834844443193573,0.20454545454545456,True,0.0,-0.014660552179814879
OADMET-0001755,6.37,5.431136786821977,5.7347189449405755,0.9388632131780232,0.6352810550594246,1.0,False,1.011940527061996,0.0
OADMET-0001754,3.04,3.0927301299224776,3.060413445782992,-0.05273012992247761,-0.020413445782991868,0.27848101265822783,True,0.0,-0.10772228046495202
OADMET-0001753,4.63,4.049430058303389,4.009658942708178,0.580569941696611,0.6203410572918218,0.2289156626506024,True,0.0,-0.1325703853173703
OADMET-0001752,3.33,3.248855619638869,3.2147531672758127,0.08114438036113114,0.11524683272418734,0.2345679012345679,True,0.0,-0.11367484121018778
OADMET-0001751,4.62,4.811745202888563,4.7606977554464915,-0.1917452028885629,-0.14069775544649143,0.18181818181818182,True,0.0,-0.17015815814023671
OADMET-0001750,3.27,3.78590422035421,3.753367538662985,-0.5159042203542099,-0.48336753866298476,0.20454545454545456,True,0.0,-0.10845560563741774
OADMET-0001749,1.65,2.981206726449207,2.96281811511003,-1.331206726449207,-1.31281811511003,0.2631578947368421,True,0.0,-0.06129537113058969
OADMET-0001748,4.89,4.9146889258356925,4.861532620130841,-0.02468892583569282,0.02846737986915837,0.2987012987012987,True,0.0,-0.17718768568283672
OADMET-0001747,3.91,2.7894217486520416,2.7605743152428457,1.1205782513479585,1.1494256847571545,0.24675324675324675,True,0.0,-0.09615811136398689
OADMET-0001746,2.6,3.000142888768205,2.9911557261903323,-0.40014288876820503,-0.39115572619033223,0.35135135135135137,True,0.07423501935976037,-0.10419222795266991
OADMET-0001745,3.87,3.673526637299547,3.6345667845838165,0.1964733627004529,0.23543321541618356,0.2702702702702703,True,0.0,-0.1298661757191022
OADMET-0001744,2.14,2.6258022492371715,2.620792356736107,-0.4858022492371714,-0.480792356736107,0.35064935064935066,True,0.07322018655921682,-0.0899198282294309
OADMET-0001743,4.11,3.6316066766248163,3.610161260667138,0.47839332337518403,0.4998387393328625,0.3157894736842105,True,0.028490172165850196,-0.0999748920247785
OADMET-0001742,2.94,3.0725217484733434,3.0525039758920496,-0.13252174847334341,-0.11250397589204963,0.225,True,0.0,-0.06672590860431216
OADMET-0001741,2.45,2.5310758141638003,2.520718037400562,-0.08107581416380016,-0.07071803740056204,0.2222222222222222,True,0.0,-0.03452592254412723
OADMET-0001740,2.82,3.3001785552617413,3.280976240503669,-0.48017855526174147,-0.46097624050366903,0.26582278481012656,True,0.0,-0.06400771586024101
OADMET-0001739,3.59,3.3531798265512704,3.328154802666126,0.2368201734487294,0.2618451973338738,0.23376623376623376,True,0.0,-0.08341674628381535
OADMET-0001738,5.09,4.670595113282065,4.670595113282065,0.41940488671793474,0.41940488671793474,0.20253164556962025,False,0.0,0.0
OADMET-0001737,3.99,4.36874488418542,4.321833103466194,-0.3787448841854202,-0.33183310346619344,0.29577464788732394,True,0.0,-0.1563726023974228
OADMET-0001736,3.05,2.7131191224727815,2.6851444408829934,0.3368808775272183,0.3648555591170064,0.27058823529411763,True,0.0,-0.09324893863262762
OADMET-0001735,4.27,4.753522470159438,4.703513780826053,-0.4835224701594383,-0.4335137808260532,0.17045454545454544,True,0.0,-0.16669563111128305
OADMET-0001734,4.53,4.355979940613496,4.3092141657172,0.17402005938650422,0.2207858342828004,0.24,True,0.0,-0.15588591632098847
OADMET-0001733,3.44,3.1945523742333197,3.1610710440858485,0.24544762576668022,0.27892895591415146,0.2875,True,0.0,-0.11160443382490337
OADMET-0001732,4.38,4.282093112561309,4.250628750753797,0.09790688743869058,0.12937124924620313,0.3333333333333333,True,0.048187644145809325,-0.15306885017085303
OADMET-0001731,2.75,2.447364119997302,2.4384998526767045,0.3026358800026978,0.31150014732329545,0.1728395061728395,True,0.0,-0.029547557735325025
OADMET-0001730,3.26,3.3636108905366324,3.342667201799853,-0.10361089053663264,-0.0826672017998531,0.1875,True,0.0,-0.0698122957892644
OADMET-0001729,3.67,3.8018261263671427,3.773952929487508,-0.13182612636714275,-0.1039529294875079,0.32894736842105265,True,0.041847164652939736,-0.13475782091838973
OADMET-0001727,2.54,2.530244517557829,2.5199015720477753,0.009755482442170837,0.020098427952224718,0.21518987341772153,True,0.0,-0.034476485033513526
OADMET-0001726,3.35,3.415705537911758,3.393331722679149,-0.0657055379117577,-0.043331722679148754,0.2625,True,0.0,-0.07457938410869591
OADMET-0001725,2.55,2.8151300951115137,2.799704475019551,-0.26513009511151386,-0.24970447501955118,0.1827956989247312,True,0.0,-0.051418733639875924
OADMET-0001724,4.6,4.750471400288702,4.700517145424807,-0.1504714002887022,-0.10051714542480727,0.22580645161290322,True,0.0,-0.1665141828796486
OADMET-0001723,4.07,4.185854261592754,4.145973402525174,-0.11585426159275336,-0.07597340252517348,0.19047619047619047,True,0.0,-0.1329361968919338
OADMET-0001722,3.87,3.581834289171163,3.5439232163947603,0.2881657108288369,0.32607678360523984,0.18604651162790697,True,0.0,-0.12637024258801022
OADMET-0001721,3.91,2.9867954828206775,2.968307161871075,0.9232045171793226,0.9416928381289251,0.2073170731707317,True,0.0,-0.061627736498675034
OADMET-0001720,3.44,3.597608371382778,3.5799966229237468,-0.15760837138277806,-0.13999662292374682,0.3472222222222222,True,0.06826582920656322,-0.12697165740333327
OADMET-0001719,1.67,2.5502151672122544,2.530951503998765,-0.8802151672122545,-0.860951503998765,0.3157894736842105,True,0.02282572617433073,-0.08703793688596262
OADMET-0001718,4.08,3.6824109086712586,3.6433494373823274,0.39758909132874143,0.43665056261767266,0.25,True,0.0,-0.13020490429643683
OADMET-0001717,3.36,2.4772504042653205,2.4519735964351237,0.8827495957346794,0.9080264035648762,0.2692307692307692,True,0.0,-0.08425602610065575
OADMET-0001716,4.04,4.326209662724467,4.278840264662009,-0.2862096627244668,-0.23884026466200936,0.1978021978021978,True,0.0,-0.1578979935415239
OADMET-0001715,3.41,3.307439110927211,3.2726665787625886,0.10256088907278915,0.13733342123741155,0.25316455696202533,True,0.0,-0.11590844054874072
OADMET-0001714,1.72,3.8408748057282085,3.800000819439571,-2.1208748057282083,-2.0800008194395714,0.19540229885057472,True,0.0,-0.13624662096212514
OADMET-0001713,3.49,3.367772904298838,3.3323102723227995,0.12222709570116219,0.1576897276772007,0.2631578947368421,True,0.0,-0.11820877325346135
OADMET-0001712,2.66,2.9857247925499113,2.96725557390191,-0.32572479254991116,-0.30725557390191005,0.16049382716049382,True,0.0,-0.06156406216000354
OADMET-0001711,1.62,3.7197718576320162,3.6882064254387212,-2.099771857632016,-2.068206425438721,0.2345679012345679,True,0.0,-0.10521810731098347
OADMET-0001710,4.45,3.4090936564704744,3.3731583964416036,1.0409063435295258,1.0768416035583965,0.2597402597402597,True,0.0,-0.1197842000962357
OADMET-0001709,4.56,4.636188046446124,4.58827273333105,-0.07618804644612442,-0.028272733331050404,0.22105263157894736,True,0.0,-0.15971771038358096
OADMET-0001708,2.43,2.806111632967458,2.8004726732158614,-0.37611163296745787,-0.3704726732158612,0.19753086419753085,True,0.0,-0.01879653250532254
OADMET-0001707,2.81,2.8156366028832,2.8108471871118583,-0.005636602883199782,-0.0008471871118582719,0.3561643835616438,True,0.0811928798621171,-0.09715759909992228
OADMET-0001695,4.44,4.279821621792987,4.233725689811373,0.16017837820701342,0.2062743101886273,0.20833333333333334,True,0.0,-0.153653106605379
OADMET-0001694,3.67,3.994660926328122,3.952027929592872,-0.32466092632812193,-0.28202792959287226,0.13580246913580246,True,0.0,-0.14210998911749817
OADMET-0001693,4.52,4.345394806375781,4.294713011621963,0.17460519362421856,0.22528698837803685,0.16883116883116883,True,0.0,-0.16893931584606214
OADMET-0001692,1.89,2.5239287554639054,2.5105435669603575,-0.6339287554639055,-0.6205435669603576,0.1125,True,0.0,-0.044617295011825764
OADMET-0001691,3.47,3.3866908196106698,3.361067922452683,0.08330918038933044,0.10893207754731726,0.16049382716049382,True,0.0,-0.08540965719328897
OADMET-0001690,3.91,3.218274320676489,3.190671610449497,0.6917256793235111,0.7193283895505029,0.1590909090909091,True,0.0,-0.09200903408997263
OADMET-0001689,3.28,3.6858012904241244,3.6483289206199605,-0.4058012904241246,-0.3683289206199607,0.12857142857142856,True,0.0,-0.12490789934721347
OADMET-0001688,3.48,3.4519829981535386,3.4201614810289644,0.028017001846461387,0.05983851897103554,0.1794871794871795,True,0.0,-0.1060717237485802
OADMET-0001687,4.18,3.572935969852707,3.535126676330357,0.6070640301472929,0.6448733236696427,0.203125,True,0.0,-0.12603097840783173
OADMET-0001686,4.5,3.750056793504548,3.7179510444756456,0.7499432064954519,0.7820489555243544,0.16049382716049382,True,0.0,-0.10701916342967577
OADMET-0001685,2.27,3.0796411398545054,3.047474167991884,-0.8096411398545054,-0.7774741679918842,0.12903225806451613,True,0.0,-0.10722323954207047
OADMET-0001684,3.91,4.259040599540599,4.210127006202763,-0.34904059954059896,-0.30012700620276256,0.19696969696969696,True,0.0,-0.16304531112612075
OADMET-0001683,4.58,4.697569845023664,4.6485594125624266,-0.11756984502366397,-0.06855941256242648,0.19047619047619047,True,0.0,-0.16336810820412495
OADMET-0001682,4.63,3.307510244846344,3.2727368990497347,1.322489755153656,1.3572631009502651,0.16455696202531644,True,0.0,-0.115911152655364
OADMET-0001681,4.09,4.948097550058828,4.8850747254483995,-0.8580975500588277,-0.7950747254483996,0.20481927710843373,True,0.0,-0.21007608203476025
OADMET-0001680,4.31,4.5746997486040435,4.5254322497183805,-0.2646997486040439,-0.21543224971838093,0.16666666666666666,True,0.0,-0.164224996285542
OADMET-0001679,5.43,5.151740985009277,5.094627635830164,0.2782590149907227,0.33537236416983607,0.18292682926829268,True,0.0,-0.19037783059704338
OADMET-0001678,2.37,3.037437153672709,3.01563426029801,-0.6674371536727088,-0.6456342602980101,0.14705882352941177,True,0.0,-0.07267631124899587
OADMET-0001677,2.97,2.8868087512775533,2.8686462014492524,0.08319124872244688,0.10135379855074778,0.2077922077922078,True,0.0,-0.060541832761003
OADMET-0001676,3.94,4.5204805110264745,4.471833173472239,-0.5804805110264746,-0.5318331734722395,0.19540229885057472,True,0.0,-0.16215779184745127
OADMET-0001675,3.46,3.7432911565002884,3.704429388285029,-0.28329115650028847,-0.24442938828502925,0.18518518518518517,True,0.0,-0.12953922738419799
OADMET-0001674,3.81,4.179808565482352,4.14003556833679,-0.36980856548235197,-0.33003556833679015,0.15294117647058825,True,0.0,-0.13257665715187272
OADMET-0001673,2.73,3.315569802858297,3.280704271585633,-0.5855698028582972,-0.5507042715856332,0.2716049382716049,True,0.0,-0.11621843757554595
OADMET-0001672,3.35,3.934672380072399,3.899272884279163,-0.5846723800723987,-0.549272884279163,0.17721518987341772,True,0.0,-0.11799831931078542
OADMET-0001671,3.66,2.9396387743718413,2.9303341654133366,0.7203612256281589,0.7296658345866636,0.1836734693877551,True,0.0,-0.031015363195015855
OADMET-0001670,4.5,4.426644833805492,4.379070791655632,0.07335516619450821,0.12092920834436782,0.23529411764705882,True,0.0,-0.15858014049953262
OADMET-0001669,3.72,4.699387378600036,4.641773332267216,-0.9793873786000362,-0.9217733322672159,0.21951219512195122,True,0.0,-0.1920468211094022
OADMET-0001668,3.49,4.276607431022866,4.230749521368238,-0.7866074310228655,-0.7407495213682376,0.26136363636363635,True,0.0,-0.1528596988487596
OADMET-0001667,4.56,4.357323434051958,4.3116835785445025,0.20267656594804162,0.24831642145549715,0.3026315789473684,True,0.0038042876957218017,-0.1559371393872402
OADMET-0001666,1.76,2.7895791869719053,2.7843940836191985,-1.0295791869719053,-1.0243940836191985,0.21951219512195122,True,0.0,-0.017283677842356404
OADMET-0001665,2.36,2.6543271256882006,2.627024908792351,-0.29432712568820074,-0.2670249087923513,0.2753623188405797,True,0.0,-0.09100738965283162
OADMET-0001664,3.43,3.2871537787242997,3.2683090261912735,0.14284622127570046,0.16169097380872666,0.2,True,0.0,-0.06281584177675326
OADMET-0001663,1.89,3.3620590050243635,3.3411579193706533,-1.4720590050243636,-1.4511579193706534,0.2289156626506024,True,0.0,-0.06967028551236654
OADMET-0001662,3.14,3.1914021240854726,3.169263393789857,-0.05140212408547251,-0.029263393789856984,0.25287356321839083,True,0.0,-0.07379576765205176
OADMET-0001661,4.26,4.395966872659701,4.348743725986791,-0.13596687265970164,-0.08874372598679159,0.2682926829268293,True,0.0,-0.15741048890969989
OADMET-0001660,3.33,3.691928636680529,3.661432077267855,-0.361928636680529,-0.33143207726785473,0.32,True,0.02891258648748563,-0.13056778452973328
OADMET-0001659,1.7,2.6266465364150626,2.599660930963145,-0.9266465364150627,-0.8996609309631449,0.19318181818181818,True,0.0,-0.08995201817305842
OADMET-0001658,2.2,2.514191105180574,2.4884917684605035,-0.3141911051805737,-0.2884917684605033,0.24390243902439024,True,0.0,-0.08566445573356862
OADMET-0001657,1.66,2.9611333064662597,2.951238619612759,-1.3011333064662598,-1.291238619612759,0.1978021978021978,True,0.0,-0.032982289511669816
OADMET-0001656,2.5,2.7773267005253763,2.772477958130846,-0.27732670052537634,-0.2724779581308461,0.1951219512195122,True,0.0,-0.0161624746484339
OADMET-0001655,4.11,4.11680421528307,4.0761102074686715,-0.006804215283069404,0.033889792531328844,0.3076923076923077,True,0.011120225572109888,-0.14676691828677058
OADMET-0001654,3.66,3.4207894908571705,3.384720453509594,0.2392105091428296,0.2752795464904061,0.21839080459770116,True,0.0,-0.12023012449192194
OADMET-0001653,1.88,3.625743225477274,3.5873299209171394,-1.7457432254772742,-1.7073299209171395,0.2558139534883721,True,0.0,-0.12804434853378233
OADMET-0001652,3.09,3.554404590893717,3.5257894940966463,-0.4644045908937171,-0.43578949409664647,0.1686746987951807,True,0.0,-0.09538365599023546
OADMET-0001651,4.37,4.708299266481863,4.659097409245133,-0.3382992664818625,-0.28909740924513283,0.1927710843373494,True,0.0,-0.16400619078909884
OADMET-0001650,2.86,3.407178384354971,3.3850386605089064,-0.5471783843549711,-0.5250386605089066,0.23376623376623376,True,0.0,-0.07379907948688214
OADMET-0001649,3.95,3.9291579924740834,3.8869991238254133,0.020842007525916806,0.06300087617458683,0.21951219512195122,True,0.0,-0.14052956216223267
OADMET-0001648,2.64,3.1793017518173143,3.1573789055797374,-0.5393017518173142,-0.5173789055797373,0.24096385542168675,True,0.0,-0.07307615412525603
OADMET-0001647,3.33,3.125268971109853,3.1108683556294223,0.20473102889014694,0.21913164437057775,0.20512820512820512,True,0.0,-0.04800205160143545
OADMET-0001646,4.22,4.892863022702411,4.840368343412213,-0.672863022702411,-0.6203683434122134,0.20238095238095238,True,0.0,-0.17498226430065955
OADMET-0001645,4.45,4.081372117649003,4.040724113780175,0.36862788235099675,0.4092758862198256,0.21686746987951808,True,0.0,-0.13549334622943077
OADMET-0001644,2.51,2.9486742453667727,2.9391215904549264,-0.4386742453667729,-0.4291215904549266,0.2073170731707317,True,0.0,-0.03184218303948727
OADMET-0001643,4.1,4.067165738633536,4.023703429592485,0.032834261366463835,0.07629657040751425,0.23684210526315788,True,0.0,-0.14487436347016702
OADMET-0001642,4.24,3.7866738034683527,3.7541159948234433,0.4533261965316475,0.48588400517655694,0.25301204819277107,True,0.0,-0.1085260288163643
OADMET-0001641,3.27,3.8642807556587515,3.823139051384381,-0.5942807556587515,-0.553139051384381,0.24390243902439024,True,0.0,-0.13713901424790143
OADMET-0001640,2.23,3.514510265021648,3.486606927232575,-1.2845102650216482,-1.2566069272325748,0.22916666666666666,True,0.0,-0.09301112596357797
OADMET-0001639,2.58,4.297682385537231,4.251583419895183,-1.7176823855372305,-1.6715834198951827,0.2159090909090909,True,0.0,-0.15366321880682499
OADMET-0001638,2.28,2.8347924071608235,2.828366089452862,-0.5547924071608237,-0.5483660894528621,0.29577464788732394,True,0.0,-0.021421059026538902
OADMET-0001637,3.62,3.207051072190109,3.1734267815453623,0.41294892780989123,0.4465732184546378,0.21951219512195122,True,0.0,-0.11208096881582152
OADMET-0001636,3.15,3.2662124173155105,3.247942556778466,-0.11621241731551057,-0.0979425567784662,0.2413793103448276,True,0.0,-0.060899535123480675
OADMET-0001635,3.63,3.5583617217332413,3.532071642574169,0.07163827826675861,0.09792835742583073,0.20388349514563106,True,0.0,-0.08763359719690644
OADMET-0001634,4.83,2.882477366229863,2.874741978840978,1.947522633770137,1.9552580211590223,0.22448979591836735,True,0.0,-0.025784624629617614
OADMET-0001633,4.18,4.614047531711245,4.566527229928227,-0.4340475317112453,-0.38652722992822763,0.21518987341772153,True,0.0,-0.15840100594339113
OADMET-0001632,2.45,2.953270354201493,2.94359152477166,-0.5032703542014927,-0.4935915247716598,0.21875,True,0.0,-0.032262764766109786
OADMET-0001631,4.35,4.1095559974318565,4.065608827287802,0.24044400256814313,0.2843911727121977,0.20652173913043478,True,0.0,-0.14649056714684816
OADMET-0001630,5.82,5.360682233097484,5.360682233097484,0.45931776690251613,0.45931776690251613,0.2236842105263158,False,0.0,0.0
OADMET-0001629,3.27,3.204558312777176,3.1879810094013696,0.06544168722282384,0.08201899059863038,0.2,True,0.0,-0.05525767791935543
OADMET-0001628,3.48,3.7470831877976947,3.7150304911917074,-0.2670831877976947,-0.23503049119170738,0.22784810126582278,True,0.0,-0.10684232201995814
OADMET-0001627,4.67,4.686104168475253,4.637298296396669,-0.016104168475252756,0.03270170360333058,0.25301204819277107,True,0.0,-0.16268624026194534
OADMET-0001626,2.86,2.8193259782004123,2.8133242520957467,0.04067402179958757,0.04667574790425322,0.1566265060240964,True,0.0,-0.020005753682218685
OADMET-0001625,2.97,2.989710724006579,2.979031516591637,-0.019710724006578584,-0.009031516591636812,0.21518987341772153,True,0.0,-0.035597358049805905
OADMET-0001624,4.33,4.664783707405757,4.6081196171532905,-0.3347837074057569,-0.2781196171532905,0.23880597014925373,True,0.0,-0.18888030084155538
OADMET-0001623,4.87,4.875625346470804,4.823438206437546,-0.00562534647080426,0.04656179356245449,0.2839506172839506,True,0.0,-0.17395713344419494
OADMET-0001622,4.2,4.629165867462898,4.581375837807008,-0.4291658674628982,-0.381375837807008,0.2413793103448276,True,0.0,-0.1593000988529667
OADMET-0001621,4.65,4.480336583702309,4.42873602170042,0.16966341629769133,0.22126397829958044,0.18478260869565216,True,0.0,-0.1720018733396298
OADMET-0001620,3.85,3.3431865109980685,3.30800509895587,0.5068134890019316,0.5419949010441303,0.21794871794871795,True,0.0,-0.11727137347399585
OADMET-0001619,5.05,5.032425257534657,5.032425257534657,0.017574742465343185,0.017574742465343185,0.189873417721519,False,0.0,0.0
OADMET-0001618,4.88,4.86372532289005,4.8236279195668725,0.016274677109949565,0.05637208043312736,0.3287671232876712,True,0.04158659700254778,-0.17524460807980624
OADMET-0001617,3.92,3.5698888271757703,3.5321143869664513,0.35011117282422966,0.3878856130335486,0.2235294117647059,True,0.0,-0.1259148006977293
OADMET-0001616,4.34,3.328619523650234,3.293604729263911,1.0113804763497658,1.046395270736089,0.2597402597402597,True,0.0,-0.11671598128774496
OADMET-0001615,2.79,3.183087980515748,3.167100090689864,-0.3930879805157481,-0.37710009068986405,0.2261904761904762,True,0.0,-0.053292966086280646
OADMET-0001614,3.88,4.888253295768812,4.8358408591183295,-1.008253295768812,-0.9558408591183296,0.175,True,0.0,-0.17470812216827358
OADMET-0001613,4.08,3.6984796042581207,3.721878276117165,0.38152039574187935,0.35812172388283514,0.4444444444444444,True,0.20881312463184046,-0.13081755176835985
OADMET-0001612,3.53,3.6827398192535323,3.6518350796856724,-0.15273981925353253,-0.12183507968567264,0.24691358024691357,True,0.0,-0.1030157985595328
OADMET-0001611,4.25,3.7335364890330047,3.702437430665144,0.5164635109669953,0.5475625693348558,0.25,True,0.0,-0.10366352789286903
OADMET-0001610,5.01,4.804624616521076,4.804624616521076,0.20537538347892337,0.20537538347892337,0.27586206896551724,False,0.0,0.0
OADMET-0001609,4.31,4.603312473621183,4.553717701493859,-0.2933124736211834,-0.24371770149385963,0.25,True,0.0,-0.16531590709107835
OADMET-0001608,3.98,3.6797839427457273,3.640752518775032,0.3002160572542727,0.3392474812249682,0.20481927710843373,True,0.0,-0.1301047465689842
OADMET-0001607,2.28,2.6528900803871522,2.651457429980532,-0.37289008038715243,-0.371457429980532,0.21176470588235294,True,0.0,-0.0047755013554020564
OADMET-0001606,3.99,3.7029636719851817,3.6716981164605786,0.2870363280148185,0.31830188353942157,0.2125,True,0.0,-0.10421851841534391
OADMET-0001605,4.21,3.858249159461086,3.817176444772252,0.35175084053891403,0.39282355522774814,0.19753086419753085,True,0.0,-0.13690904896278022
OADMET-0001604,2.68,3.2723340096982936,3.2379630107770496,-0.5923340096982934,-0.5579630107770495,0.24096385542168675,True,0.0,-0.11456999640414711
OADMET-0001602,1.77,2.7438509014046306,2.7399211522215703,-0.9738509014046306,-0.9699211522215703,0.20454545454545456,True,0.0,-0.013099163943535164
OADMET-0001601,3.52,4.416404973766179,4.368948055455003,-0.8964049737661788,-0.8489480554550028,0.21839080459770116,True,0.0,-0.15818972770391948
OADMET-0001600,1.96,2.888996282017347,2.8810819343194565,-0.928996282017347,-0.9210819343194565,0.21839080459770116,True,0.0,-0.026381158992967446
OADMET-0001599,4.29,3.981992326893853,3.9395042339942803,0.3080076731061472,0.35049576600571974,0.2716049382716049,True,0.0,-0.1416269763319078
OADMET-0001598,3.71,3.196521239604765,3.1801645737007895,0.5134787603952349,0.5298354262992104,0.21621621621621623,True,0.0,-0.054522219679918216
OADMET-0001597,4.5,4.604251210666397,4.556905686112885,-0.10425121066639687,-0.05690568611288516,0.1875,True,0.0,-0.15781841517837325
OADMET-0001596,2.23,2.7318629895599145,2.728262338109973,-0.5018629895599145,-0.4982623381099729,0.20224719101123595,True,0.0,-0.01200217149980487
OADMET-0001595,1.8,2.528806013852647,2.5307797769683873,-0.7288060138526469,-0.7307797769683873,0.19753086419753085,True,0.0,0.0065792103858020035
OADMET-0001594,1.7,2.7425332018472615,2.7386396267654853,-1.0425332018472615,-1.0386396267654854,0.2222222222222222,True,0.0,-0.012978583605919969
OADMET-0001593,4.84,3.520308755439462,3.4923019661520254,1.3196912445605378,1.3476980338479745,0.21518987341772153,True,0.0,-0.09335596429145632
OADMET-0001592,2.44,2.3911763508343,2.3833145356160212,0.04882364916569992,0.0566854643839787,0.1875,True,0.0,-0.02620605072759652
OADMET-0001591,3.5,4.087085414280011,4.054096675249017,-0.5870854142800113,-0.5540966752490171,0.3246753246753247,True,0.035671372939105626,-0.14563383637575367
OADMET-0001590,2.88,2.7682053502323556,2.753616919618737,0.1117946497676443,0.1263830803812631,0.18888888888888888,True,0.0,-0.04862810204539647
OADMET-0001589,3.04,3.766050090373141,3.726031951513783,-0.7260500903731408,-0.6860319515137832,0.24,True,0.0,-0.13339379619785952
OADMET-0001588,4.34,4.361909274916047,4.315075680108961,-0.021909274916047217,0.024924319891038493,0.2638888888888889,True,0.0,-0.1561119826902848
OADMET-0001587,5.09,4.868774786504726,4.868774786504726,0.22122521349527347,0.22122521349527347,0.20481927710843373,False,0.0,0.0
OADMET-0001586,2.57,2.8713969275789353,2.863965725546868,-0.30139692757893544,-0.29396572554686795,0.18072289156626506,True,0.0,-0.024770673440224655
OADMET-0001585,2.25,2.3815820687025493,2.3738914261155473,-0.1315820687025493,-0.12389142611554727,0.24358974358974358,True,0.0,-0.02563547529000676
OADMET-0001584,5.28,4.911983477490619,4.911983477490619,0.36801652250938144,0.36801652250938144,0.23529411764705882,False,0.0,0.0
OADMET-0001583,5.28,4.466234371037159,4.466234371037159,0.813765628962841,0.813765628962841,0.25333333333333335,False,0.0,0.0
OADMET-0001582,3.01,3.80429190952801,3.771218545893881,-0.7942919095280101,-0.7612185458938812,0.21951219512195122,True,0.0,-0.11024454544709705
OADMET-0001581,5.01,4.899092690921524,4.899092690921524,0.11090730907847579,0.11090730907847579,0.2125,False,0.0,0.0
OADMET-0001580,5.26,5.071121492895108,5.071121492895108,0.18887850710489218,0.18887850710489218,0.23255813953488372,False,0.0,0.0
OADMET-0001579,2.77,3.2419353332334353,3.2188950344558904,-0.4719353332334353,-0.4488950344558904,0.2077922077922078,True,0.0,-0.07680099592514944
OADMET-0001578,3.58,4.135025800547553,4.092904870814393,-0.5550258005475532,-0.5129048708143928,0.2328767123287671,True,0.0,-0.14040309911053583
OADMET-0001577,3.83,2.78564057581633,2.7622575015464315,1.04435942418367,1.0677424984535686,0.3125,True,0.01807036655467852,-0.09601394745434133
OADMET-0001576,2.7,3.2943184814406825,3.275277040155439,-0.5943184814406823,-0.5752770401554388,0.20930232558139536,True,0.0,-0.0634714709508124
OADMET-0001575,2.48,2.5021709824071348,2.5048759427975815,-0.022170982407134776,-0.02487594279758154,0.20833333333333334,True,0.0,0.009016534634822992
OADMET-0001574,4.01,4.261447110453855,4.215762605019003,-0.2514471104538556,-0.2057626050190029,0.1839080459770115,True,0.0,-0.1522816847828432
OADMET-0001573,2.61,2.917500422070327,2.8871880207976326,-0.30750042207032724,-0.2771880207976327,0.24096385542168675,True,0.0,-0.10104133757564826
OADMET-0001572,2.37,2.802660463504421,2.7971162468625175,-0.4326604635044209,-0.42711624686251737,0.23255813953488372,True,0.0,-0.01848072213967855
OADMET-0001571,4.35,3.670979923183478,3.6320491998632822,0.6790200768165215,0.7179508001367174,0.28378378378378377,True,0.0,-0.12976907773398683
OADMET-0001570,4.63,4.553050722890687,4.499453978510868,0.07694927710931321,0.13054602148913208,0.17647058823529413,True,0.0,-0.17865581459939683
OADMET-0001569,4.28,3.643562926482228,3.6149338642120754,0.6364370735177722,0.6650661357879248,0.2222222222222222,True,0.0,-0.09543020756717535
OADMET-0001568,2.55,2.532060619118144,2.535494661922893,0.017939380881855982,0.014505338077106966,0.36764705882352944,True,0.09779257194296606,-0.08634576259380289
OADMET-0001567,1.85,2.5311580857026925,2.533067278647747,-0.6811580857026924,-0.683067278647747,0.20238095238095238,True,0.0,0.006363976483514833
OADMET-0001566,4.66,4.445690454557104,4.397898568002732,0.21430954544289627,0.26210143199726854,0.21052631578947367,True,0.0,-0.15930628851457307
OADMET-0001565,3.07,3.6986793389598143,3.668537195292418,-0.6286793389598144,-0.5985371952924181,0.20987654320987653,True,0.0,-0.10047381222465379
OADMET-0001564,2.92,2.88835473917063,2.880458003405434,0.0316452608293698,0.03954199659456581,0.2125,True,0.0,-0.026322452550653797
OADMET-0001563,3.97,3.7033163740796953,3.6657818715628907,0.2666836259203049,0.3042181284371095,0.18181818181818182,True,0.0,-0.12511500838934841
OADMET-0001562,4.52,4.296542057481783,4.249987108320762,0.22345794251821616,0.2700128916792375,0.21794871794871795,True,0.0,-0.15518316387007047
OADMET-0001561,3.95,3.5876678279302654,3.549690030955489,0.3623321720697348,0.4003099690445113,0.20224719101123595,True,0.0,-0.12659265658258834
OADMET-0001558,3.69,3.591987943649292,3.553960733056104,0.09801205635070787,0.13603926694389612,0.2987012987012987,True,0.0,-0.1267573686439607
OADMET-0001557,4.81,4.398943951986368,4.355261336570394,0.4110560480136316,0.45473866342960534,0.19540229885057472,True,0.0,-0.1456087180532446
OADMET-0001556,3.58,3.411833216495884,3.3857617510998206,0.16816678350411607,0.1942382489001795,0.19387755102040816,True,0.0,-0.08690488465354473
OADMET-0001555,3.25,3.0599412173900786,3.047334009797313,0.19005878260992137,0.20266599020268705,0.18478260869565216,True,0.0,-0.042024025309219226
OADMET-0001554,2.02,2.9973368339168216,2.966111261273979,-0.9773368339168216,-0.946111261273979,0.2111111111111111,True,0.0,-0.10408524214280845
OADMET-0001553,2.96,2.906936789947806,2.8985299310797132,0.053063210052194165,0.061470068920286725,0.21951219512195122,True,0.0,-0.02802286289364142
OADMET-0001552,4.64,4.637339582258058,4.587355607000265,0.002660417741942034,0.05264439299973489,0.1875,True,0.0,-0.1666132508593101
OADMET-0001551,4.07,3.782704338402424,3.743544276273969,0.28729566159757614,0.32645572372603127,0.19736842105263158,True,0.0,-0.1305335404281842
OADMET-0001550,5.04,4.414629145501888,4.414629145501888,0.6253708544981125,0.6253708544981125,0.19117647058823528,False,0.0,0.0
OADMET-0001549,2.58,3.5938084587310124,3.5665452792569274,-1.0138084587310123,-0.9865452792569274,0.14492753623188406,True,0.0,-0.09087726491361581
OADMET-0001548,4.7,4.352404941864384,4.3043164188121,0.3475950581356164,0.3956835811879005,0.19718309859154928,True,0.0,-0.16029507684094568
OADMET-0001547,3.25,3.616880559921265,3.5785686268063364,-0.366880559921265,-0.32856862680633636,0.21333333333333335,True,0.0,-0.1277064437164288
OADMET-0001545,1.69,2.544410708807047,2.5459560845770985,-0.854410708807047,-0.8559560845770986,0.12698412698412698,True,0.0,0.00515125256683957
OADMET-0001544,2.68,2.7123751389170154,2.6984282500459735,-0.03237513891701527,-0.01842825004597337,0.189873417721519,True,0.0,-0.04648962957013936
OADMET-0001543,4.2,3.8569323244604092,3.8162523591927386,0.34306767553959094,0.38374764080726154,0.19117647058823528,True,0.0,-0.1355998842255688
OADMET-0001542,1.68,2.943461605877552,2.923929886288776,-1.2634616058775519,-1.243929886288776,0.19736842105263158,True,0.0,-0.06510573196258651
OADMET-0001540,3.37,2.747005206172906,2.742988863547864,0.6229947938270941,0.6270111364521362,0.16470588235294117,True,0.0,-0.013387808750140895
OADMET-0001539,3.34,3.5918696822471983,3.5538438243316177,-0.2518696822471984,-0.21384382433161786,0.13978494623655913,True,0.0,-0.1267528597186014
OADMET-0001538,4.12,3.4485967690504866,3.4122096711871555,0.6714032309495135,0.7077903288128446,0.16666666666666666,True,0.0,-0.12129032621110358
OADMET-0001537,3.49,3.8710562747659036,3.8291067162246684,-0.3810562747659034,-0.33910671622466815,0.1625,True,0.0,-0.13983186180411833
OADMET-0001536,4.82,4.603055253769588,4.547097565870298,0.21694474623041238,0.27290243412970216,0.21839080459770116,True,0.0,-0.18652562633096714
OADMET-0001535,4.87,4.669789986008579,4.6212751770342075,0.2002100139914207,0.24872482296579257,0.2028985507246377,True,0.0,-0.16171602991457235
OADMET-0001533,5.2,3.9947870038088085,3.9947870038088085,1.2052129961911917,1.2052129961911917,0.16666666666666666,False,0.0,0.0
OADMET-0001532,4.67,4.6078658140978765,4.551809624459112,0.062134185902123384,0.11819037554088752,0.20253164556962025,True,0.0,-0.1868539654625474
OADMET-0001531,3.29,3.1716774074776657,3.1384577219138032,0.11832259252233435,0.1515422780861968,0.15384615384615385,True,0.0,-0.11073228521287559
OADMET-0001530,3.87,3.1085858686456405,3.0850634737608162,0.7614141313543596,0.7849365262391839,0.1506849315068493,True,0.0,-0.07840798294941331
OADMET-0001529,5.1,4.830491894888647,4.830491894888647,0.2695081051113526,0.2695081051113526,0.18181818181818182,False,0.0,0.0
OADMET-0001528,4.56,3.6647575418925977,3.625897990363788,0.8952424581074019,0.9341020096362116,0.19402985074626866,True,0.0,-0.12953183842936555
OADMET-0001527,3.79,4.144037337210571,4.0954904515175,-0.3540373372105714,-0.30549045151749965,0.25,True,0.0,-0.1618229523102399
OADMET-0001526,3.53,4.944764612484904,4.89126430013759,-1.414764612484904,-1.3612643001375901,0.17721518987341772,True,0.0,-0.1783343744910466
OADMET-0001525,4.91,4.790740205709216,4.730939453181799,0.11925979429078382,0.17906054681820116,0.20238095238095238,True,0.0,-0.19933584175805663
OADMET-0001524,3.01,2.9975624087944768,2.9744790280757605,0.012437591205523013,0.03552097192423931,0.22093023255813954,True,0.0,-0.07694460239572143
OADMET-0001522,4.53,4.919480990206154,4.857044122476188,-0.38948099020615334,-0.3270441224761882,0.2261904761904762,True,0.0,-0.20812289243321658
OADMET-0001520,4.55,4.419578327715976,4.372085112483291,0.13042167228402413,0.17791488751670848,0.20238095238095238,True,0.0,-0.15831071744228087
OADMET-0001519,3.81,4.13636038025606,4.087999029032324,-0.3263603802560602,-0.277999029032324,0.18823529411764706,True,0.0,-0.16120450407911946
OADMET-0001518,3.66,2.9663342059237285,2.9462497079701593,0.6936657940762716,0.7137502920298409,0.13924050632911392,True,0.0,-0.06694832651189797
OADMET-0001517,3.1,3.5940601656737834,3.558762809319145,-0.4940601656737833,-0.4587628093191447,0.23170731707317074,True,0.0,-0.11765785451546229
OADMET-0001516,4.79,4.527061738319768,4.481093359539854,0.26293826168023227,0.3089066404601457,0.208955223880597,True,0.0,-0.15322792926637874
OADMET-0001514,4.53,4.671347112794524,4.614502840883819,-0.1413471127945236,-0.0845028408838191,0.18292682926829268,True,0.0,-0.18948090636901416
OADMET-0001513,4.98,4.6117712081057345,4.562079684709405,0.36822879189426594,0.41792031529059503,0.18571428571428572,True,0.0,-0.1656384113210958
OADMET-0001512,1.82,2.7623731683758854,2.74721794162846,-0.9423731683758854,-0.92721794162846,0.22784810126582278,True,0.0,-0.05051742249141755
OADMET-0001511,3.62,3.6097945699414,3.5801912545022496,0.010205430058600307,0.039808745497750486,0.15384615384615385,True,0.0,-0.0986777181305003
OADMET-0001510,1.67,2.584297112932483,2.5696758130793147,-0.9142971129324833,-0.8996758130793148,0.14492753623188406,True,0.0,-0.04873766617722852
OADMET-0001509,2.86,3.2713592219121246,3.2439029678303166,-0.4113592219121247,-0.38390296783031674,0.125,True,0.0,-0.09152084693936047
OADMET-0001508,4.58,4.711764662705578,4.649497107652569,-0.13176466270557796,-0.06949710765256878,0.19444444444444445,True,0.0,-0.20755851684336424
OADMET-0001507,4.61,3.5732890740181635,3.538535866831219,1.0367109259818368,1.0714641331687815,0.17567567567567569,True,0.0,-0.11584402395648263
OADMET-0001506,4.47,4.080388680708062,4.035133190286399,0.38961131929193815,0.4348668097136006,0.21875,True,0.0,-0.1508516347388742
OADMET-0001505,3.86,4.562792034288055,4.513660736210341,-0.7027920342880551,-0.6536607362103415,0.1951219512195122,True,0.0,-0.16377099359237768
OADMET-0001504,5.16,4.5024065705179,4.5024065705179,0.6575934294821,0.6575934294821,0.1643835616438356,False,0.0,0.0
OADMET-0001503,3.52,3.187245327060662,3.171143307823297,0.332754672939338,0.3488566921767031,0.14285714285714285,True,0.0,-0.053673397457883354
OADMET-0001502,4.57,4.563023865570142,4.504351034967025,0.006976134429858227,0.06564896503297568,0.189873417721519,True,0.0,-0.19557610201039033
OADMET-0001501,3.91,4.007076335184783,3.9618394832695687,-0.09707633518478254,-0.051839483269568554,0.17333333333333334,True,0.0,-0.15078950638404587
OADMET-0001500,4.41,4.899571474547525,4.8375422769829095,-0.4895714745475246,-0.42754227698290936,0.20253164556962025,True,0.0,-0.20676399188205075
OADMET-0001499,3.88,3.8769547175435184,3.8358647708157845,0.0030452824564815018,0.04413522918421542,0.19230769230769232,True,0.0,-0.13696648909244713
OADMET-0001498,5.51,5.330271681767066,5.28681822077456,0.17972831823293411,0.22318177922544002,0.3333333333333333,True,0.048187644145809325,-0.19303251412083
OADMET-0001497,4.95,4.437690426539449,4.387260606684345,0.5123095734605512,0.5627393933156553,0.25396825396825395,True,0.0,-0.1680993995170148
OADMET-0001496,1.85,2.8508606616733143,2.8347975686561853,-1.0008606616733142,-0.9847975686561852,0.15384615384615385,True,0.0,-0.053543643390430606
OADMET-0001495,5.09,5.045729040173651,5.082425784561614,0.0442709598263491,0.0075742154383862115,0.38461538461538464,False,0.12232248129320837,0.0
OADMET-0001494,2.26,3.8180185551782255,3.7847002929657254,-1.5580185551782257,-1.5247002929657256,0.19753086419753085,True,0.0,-0.11106087404166631
OADMET-0001493,2.33,2.621838479366117,2.6100796542271985,-0.29183847936611684,-0.2800796542271984,0.1875,True,0.0,-0.03919608379639428
OADMET-0001492,4.19,4.58529998353384,4.530817917447463,-0.39529998353383977,-0.34081791744746237,0.21649484536082475,True,0.0,-0.18160688695459193
OADMET-0001491,5.18,4.859852031596656,4.859852031596656,0.3201479684033437,0.3201479684033437,0.23863636363636365,False,0.0,0.0
OADMET-0001490,5.3,4.124786888395699,4.124786888395699,1.1752131116043012,1.1752131116043012,0.20430107526881722,False,0.0,0.0
OADMET-0001489,4.09,4.488497045433636,4.440215535756957,-0.3984970454336363,-0.3502155357569574,0.16666666666666666,True,0.0,-0.1609383655889305
OADMET-0001488,5.22,5.228453744962378,5.228453744962378,-0.008453744962378273,-0.008453744962378273,0.1839080459770115,False,0.0,0.0
OADMET-0001487,3.76,5.387173930881092,5.325860196901871,-1.6271739308810922,-1.5658601969018715,0.28125,True,0.0,-0.20437911326407043
OADMET-0001486,5.08,4.1550823054267365,4.1550823054267365,0.9249176945732636,0.9249176945732636,0.18840579710144928,False,0.0,0.0
OADMET-0001485,5.78,4.974182312928357,4.905572724206668,0.8058176870716434,0.874427275793332,0.2361111111111111,True,0.0,-0.22869862907229432
OADMET-0001484,2.44,3.9463046566953937,3.9106976281894488,-1.5063046566953937,-1.4706976281894488,0.26666666666666666,True,0.0,-0.11869009501981598
OADMET-0001482,5.67,5.2210469361647815,5.162697091971292,0.4489530638352184,0.5073029080287084,0.2465753424657534,True,0.0,-0.19449948064496692
OADMET-0001481,4.41,4.9787063605577035,4.915056785450117,-0.5687063605577034,-0.5050567854501171,0.2222222222222222,True,0.0,-0.21216525035862155
OADMET-0001480,4.83,4.830749203394918,4.779362703512363,-0.0007492033949176857,0.05063729648763715,0.23529411764705882,True,0.0,-0.17128833294184975
OADMET-0001479,4.61,4.468455833370246,4.4120684955443235,0.1415441666297541,0.19793150445567687,0.1827956989247312,True,0.0,-0.18795779275307556
OADMET-0001478,5.04,4.9415923799125885,4.9415923799125885,0.09840762008741155,0.09840762008741155,0.23157894736842105,False,0.0,0.0
OADMET-0001477,5.33,5.304645016123947,5.304645016123947,0.025354983876052728,0.025354983876052728,0.23076923076923078,False,0.0,0.0
OADMET-0001476,4.38,4.885753247344378,4.8329279088331045,-0.5057532473443782,-0.45292790883310463,0.2696629213483146,True,0.0,-0.17608446170424674
OADMET-0001474,2.86,3.9782890184411728,3.935843284099251,-1.118289018441173,-1.0758432840992511,0.17204301075268819,True,0.0,-0.14148578113973942
OADMET-0001473,2.52,3.388416310189997,3.366791651532623,-0.8684163101899971,-0.846791651532623,0.2261904761904762,True,0.0,-0.07208219552457962
OADMET-0001472,3.57,4.514493283600483,4.461955035982206,-0.9444932836004836,-0.8919550359822064,0.2111111111111111,True,0.0,-0.17512749206092337
OADMET-0001471,1.73,2.7658322327345317,2.737254616944556,-1.0358322327345317,-1.007254616944556,0.21428571428571427,True,0.0,-0.09525871929991858
OADMET-0001470,6.43,5.350882460307149,5.677671074934452,1.0791175396928505,0.752328925065548,1.0,False,1.0892953820910087,0.0
OADMET-0001469,4.34,4.005374368649084,3.96017864936753,0.3346256313509155,0.3798213506324699,0.2235294117647059,True,0.0,-0.15065239760518123
OADMET-0001468,4.01,4.4074214990856575,4.360067334038224,-0.3974214990856577,-0.3500673340382239,0.2077922077922078,True,0.0,-0.15784721682477798
OADMET-0001467,3.87,4.577588956101427,4.523318576727539,-0.7075889561014268,-0.6533185767275391,0.24705882352941178,True,0.0,-0.1809012645796253
OADMET-0001466,3.16,3.401238999204728,3.3792623261229986,-0.2412389992047279,-0.21926232612299845,0.1935483870967742,True,0.0,-0.07325557693909746
OADMET-0001465,4.41,4.220553226146883,4.17608435773609,0.18944677385311692,0.23391564226391015,0.2111111111111111,True,0.0,-0.14822956136931076
OADMET-0001464,4.45,3.9368027482217958,3.8948315351333016,0.5131972517782044,0.5551684648666986,0.23469387755102042,True,0.0,-0.13990404362831388
OADMET-0001463,3.21,3.7816588302260463,3.7414621581131504,-0.5716588302260464,-0.5314621581131505,0.16831683168316833,True,0.0,-0.1339889070429865
OADMET-0001462,5.16,4.86726585800208,4.86726585800208,0.29273414199792036,0.29273414199792036,0.22115384615384615,False,0.0,0.0
OADMET-0001461,5.18,4.65366079622102,4.65366079622102,0.5263392037789796,0.5263392037789796,0.17,False,0.0,0.0
OADMET-0001460,2.48,3.2489493544819283,3.2311534075771178,-0.7689493544819284,-0.7511534075771178,0.21212121212121213,True,0.0,-0.05931982301603522
OADMET-0001459,3.69,3.293453987362315,3.274436278570701,0.39654601263768496,0.4155637214292991,0.18681318681318682,True,0.0,-0.06339236263871406
OADMET-0001458,3.0,3.1940558336313485,3.1777668491991404,-0.19405583363134848,-0.17776684919914043,0.18181818181818182,True,0.0,-0.05429661477402625
OADMET-0001457,2.9,3.7724404361641524,3.7402733685402936,-0.8724404361641525,-0.8402733685402937,0.21839080459770116,True,0.0,-0.10722355874619671
OADMET-0001456,3.16,3.0663770910605646,3.0535932028696235,0.09362290893943559,0.1064067971303766,0.19480519480519481,True,0.0,-0.042612960636470465
OADMET-0001454,2.3,3.301628476902119,3.266922406950808,-1.0016284769021193,-0.966922406950808,0.21100917431192662,True,0.0,-0.11568689983770453
OADMET-0001453,5.52,5.255830596257182,5.1865065846174865,0.2641694037428177,0.3334934153825131,0.20652173913043478,True,0.0,-0.23108003879898398
OADMET-0001452,5.06,4.686610396162978,4.686610396162978,0.3733896038370217,0.3733896038370217,0.22093023255813954,False,0.0,0.0
OADMET-0001451,5.04,4.46704996558069,4.46704996558069,0.5729500344193097,0.5729500344193097,0.1956521739130435,False,0.0,0.0
OADMET-0001450,3.66,4.4935863513391,4.445246630022652,-0.8335863513390995,-0.7852466300226517,0.2159090909090909,True,0.0,-0.1611324043881579
OADMET-0001449,5.2,4.459345279851005,4.459345279851005,0.7406547201489948,0.7406547201489948,0.23655913978494625,False,0.0,0.0
OADMET-0001448,4.54,3.4653585948990386,3.441621680845833,1.0746414051009614,1.098378319154167,0.18292682926829268,True,0.0,-0.0791230468440185
OADMET-0001447,4.65,4.667951062350597,4.61120002039663,-0.017951062350596736,0.038799979603370005,0.20930232558139536,True,0.0,-0.1891701398465555
OADMET-0001446,2.51,2.9987138617385938,2.9877874959980866,-0.488713861738594,-0.4777874959980868,0.23529411764705882,True,0.0,-0.03642121913502372
OADMET-0001445,4.36,4.490677925220971,4.445358674008757,-0.13067792522097044,-0.08535867400875663,0.18181818181818182,True,0.0,-0.15106417070737965
OADMET-0001444,4.56,4.140284365589179,4.095985723411204,0.4197156344108208,0.464014276588796,0.2261904761904762,True,0.0,-0.14766214059325122
OADMET-0001442,3.69,3.8270503134403415,3.7863344521259124,-0.13705031344034158,-0.0963344521259124,0.2222222222222222,True,0.0,-0.13571953771476375
OADMET-0001441,5.05,4.605946766982958,4.605946766982958,0.44405323301704147,0.44405323301704147,0.23232323232323232,False,0.0,0.0
OADMET-0001440,4.59,3.9869351825667816,3.9443905531297707,0.6030648174332183,0.6456094468702291,0.1978021978021978,True,0.0,-0.14181543145670217
OADMET-0001439,5.33,4.520662487363352,4.520662487363352,0.809337512636648,0.809337512636648,0.2840909090909091,False,0.0,0.0
OADMET-0001438,1.67,2.5928571236943734,2.5930725259441245,-0.9228571236943734,-0.9230725259441246,0.27710843373493976,True,0.0,0.0007180074991706142
OADMET-0001437,4.53,3.951624142197729,3.907727442801324,0.5783758578022713,0.6222725571986762,0.2079207920792079,True,0.0,-0.14632233132134953
OADMET-0001436,5.35,4.966273098547482,4.966273098547482,0.3837269014525173,0.3837269014525173,0.23595505617977527,False,0.0,0.0
OADMET-0001435,3.09,3.5457608985669404,3.5116729843410472,-0.4557608985669406,-0.4216729843410474,0.2465753424657534,True,0.0,-0.11362638075297671
OADMET-0001434,2.86,3.2009386280207957,3.1844606939149136,-0.3409386280207958,-0.3244606939149137,0.21518987341772153,True,0.0,-0.054926447019606695
OADMET-0001433,2.36,2.839875968914588,2.8240088549959945,-0.47987596891458795,-0.46400885499599465,0.20408163265306123,True,0.0,-0.05289037972864419
OADMET-0001432,4.61,4.79971998987846,4.7478787024509135,-0.1897199898784594,-0.13787870245091316,0.18681318681318682,True,0.0,-0.1728042914251553
OADMET-0001431,3.64,3.9068074115271703,3.8651792860358514,-0.26680741152717014,-0.22517928603585124,0.18292682926829268,True,0.0,-0.1387604183043969
OADMET-0001430,4.92,4.68033601682163,4.629860247003513,0.23966398317837,0.2901397529964873,0.1958762886597938,True,0.0,-0.1682525660603904
OADMET-0001429,3.34,3.314112632020006,3.2792637679128642,0.025887367979994025,0.06073623208713563,0.19101123595505617,True,0.0,-0.11616288035713884
OADMET-0001427,4.79,3.3516313844514123,3.316353379683116,1.4383686155485877,1.473646620316884,0.20238095238095238,True,0.0,-0.11759334922765508
OADMET-0001426,4.87,4.394933296407311,4.340322829932953,0.475066703592689,0.5296771700670471,0.19607843137254902,True,0.0,-0.18203488824786174
OADMET-0001425,5.15,4.812555097144784,4.812555097144784,0.337444902855216,0.337444902855216,0.22340425531914893,False,0.0,0.0
OADMET-0001424,4.98,4.164593223229195,4.1250916846600525,0.8154067767708053,0.8549083153399479,0.2876712328767123,True,0.0,-0.13167179523047423
OADMET-0001423,1.88,2.782800897232537,2.7540291933284937,-0.9028008972325372,-0.8740291933284938,0.22105263157894736,True,0.0,-0.09590567968014474
OADMET-0001422,4.77,4.455855581829849,4.399772763229044,0.3141444181701507,0.3702272367709556,0.20202020202020202,True,0.0,-0.1869427286693508
OADMET-0001420,5.19,3.7601564773078104,3.7601564773078104,1.42984352269219,1.42984352269219,0.21176470588235294,False,0.0,0.0
OADMET-0001419,3.61,4.126660099075836,4.078533181434553,-0.5166600990758359,-0.468533181434553,0.2087912087912088,True,0.0,-0.16042305880427588
OADMET-0001418,4.24,3.947754145131528,3.910774284007581,0.2922458548684723,0.32922571599241923,0.20833333333333334,True,0.0,-0.12326620374649044
OADMET-0001417,3.38,2.898408623690744,2.8740622778596574,0.4815913763092561,0.5059377221403425,0.3132530120481928,True,0.01915894285315314,-0.10031342895677531
OADMET-0001416,4.71,4.0225605110520295,3.9769494420649134,0.6874394889479705,0.7330505579350866,0.2,True,0.0,-0.15203689662372
OADMET-0001415,3.83,4.304061182957251,4.257889256431251,-0.47406118295725097,-0.42788925643125086,0.2,True,0.0,-0.15390642175333458
OADMET-0001414,4.86,4.550476584851163,4.4969505069063755,0.3095234151488375,0.3630494930936248,0.20512820512820512,True,0.0,-0.1784202598159581
OADMET-0001413,3.4,4.198256301416934,4.153294574427836,-0.7982563014169339,-0.7532945744278359,0.23655913978494625,True,0.0,-0.14987242329699502
OADMET-0001412,4.11,4.351139437805101,4.3044290287309845,-0.24113943780510105,-0.19442902873098422,0.22580645161290322,True,0.0,-0.15570136358039033
OADMET-0001410,4.8,4.249898911216884,4.198793593703401,0.5501010887831157,0.6012064062965985,0.25,True,0.0,-0.1703510583782757
OADMET-0001409,4.1,4.712092847268558,4.653902489598029,-0.6120928472685581,-0.5539024895980296,0.2127659574468085,True,0.0,-0.19396785890176282
OADMET-0001408,5.27,4.611676305243112,4.611676305243112,0.6583236947568878,0.6583236947568878,0.1935483870967742,False,0.0,0.0
OADMET-0001407,3.2,3.572673274591131,3.549323279029124,-0.372673274591131,-0.34932327902912386,0.3333333333333333,True,0.048187644145809325,-0.1260209626858324
OADMET-0001406,5.86,5.542451534456419,5.51158037936215,0.31754846554358096,0.34841962063785026,0.41025641025641024,True,0.1715739979117706,-0.2744778482260033
OADMET-0001405,5.8,4.9419809730307565,4.9419809730307565,0.8580190269692434,0.8580190269692434,0.22826086956521738,False,0.0,0.0
OADMET-0001404,4.09,2.95934740791043,2.9285563595077813,1.1306525920895698,1.1614436404922186,0.21686746987951808,True,0.0,-0.10263682800882945
OADMET-0001403,4.05,4.127693032523961,4.0888498342715724,-0.07769303252396131,-0.038849834271572625,0.23170731707317074,True,0.0,-0.12947732750796348
OADMET-0001402,4.39,4.680455729567888,4.618944839731266,-0.29045572956788845,-0.22894483973126611,0.26582278481012656,True,0.0,-0.2050362994554069
OADMET-0001401,3.49,3.426284286582354,3.3950838484663293,0.06371571341764604,0.09491615153367094,0.26136363636363635,True,0.0,-0.10400146038675029
OADMET-0001400,4.99,4.7288638864906085,4.677833053384813,0.2611361135093917,0.3121669466151875,0.24096385542168675,True,0.0,-0.17010277701931997
OADMET-0001399,5.01,5.239950527033759,5.239950527033759,-0.2299505270337594,-0.2299505270337594,0.2159090909090909,False,0.0,0.0
OADMET-0001398,1.66,3.8176468822562577,3.7769881064243114,-2.157646882256258,-2.1169881064243112,0.19480519480519481,True,0.0,-0.13552925277315442
OADMET-0001397,4.38,4.1630658156663465,4.11850659855145,0.2169341843336534,0.2614934014485497,0.23529411764705882,True,0.0,-0.14853072371632248
OADMET-0001396,5.48,4.91366431643662,4.85016783991786,0.5663356835633806,0.6298321600821408,0.25301204819277107,True,0.0,-0.21165492172920075
OADMET-0001395,5.48,5.172141943394559,5.101549618808533,0.30785805660544163,0.3784503811914677,0.18292682926829268,True,0.0,-0.2353077486200874
OADMET-0001394,4.74,4.683737157155009,4.626552747982277,0.05626284284499139,0.11344725201772299,0.25925925925925924,True,0.0,-0.19061469724243718
OADMET-0001393,3.04,3.59106848841732,3.561799267035856,-0.5510684884173198,-0.5217992670358558,0.20238095238095238,True,0.0,-0.0975640712715462
OADMET-0001392,2.85,3.8681446714308656,3.8339321037250698,-1.0181446714308655,-0.9839321037250697,0.2891566265060241,True,0.0,-0.11404189235265338
OADMET-0001391,4.33,4.306555231798042,4.2597253963172435,0.02344476820195851,0.07027460368275662,0.22988505747126436,True,0.0,-0.15609945160266125
OADMET-0001390,1.75,3.0501133414148125,3.0377759332455603,-1.3001133414148125,-1.2877759332455603,0.17894736842105263,True,0.0,-0.04112469389750695
OADMET-0001388,6.14,4.358983058605379,4.662565216723977,1.781016941394621,1.4774347832760224,1.0,False,1.011940527061996,0.0
OADMET-0001387,1.63,3.5512023293856276,3.5251087931960594,-1.9212023293856277,-1.8951087931960595,0.22340425531914893,True,0.0,-0.08697845396522741
OADMET-0001385,4.75,4.906271472255003,4.839303133036362,-0.15627147225500337,-0.08930313303636161,0.25842696629213485,True,0.0,-0.22322779739547371
OADMET-0001384,1.71,3.054093964933192,3.031888514574475,-1.344093964933192,-1.321888514574475,0.2247191011235955,True,0.0,-0.0740181678623899
OADMET-0001383,3.93,4.5883905220957635,4.529104637494141,-0.6583905220957633,-0.5991046374941411,0.21052631578947367,True,0.0,-0.1976196153387395
OADMET-0001382,4.76,5.004934731733451,4.938932657312061,-0.24493473173345137,-0.17893265731206132,0.24358974358974358,True,0.0,-0.22000691473796685
OADMET-0001381,4.44,2.939306631481763,2.908744810105316,1.5006933685182373,1.5312551898946842,0.2077922077922078,True,0.0,-0.10187273792148988
OADMET-0001380,2.42,2.678602053470982,2.6510221791936077,-0.2586020534709821,-0.2310221791936078,0.23684210526315788,True,0.0,-0.09193291425791505
OADMET-0001379,4.88,3.585628534404977,3.547674062933183,1.294371465595023,1.332325937066817,0.23076923076923078,True,0.0,-0.1265149049059806
OADMET-0001377,3.19,3.5672710263613356,3.540736364826721,-0.3772710263613357,-0.3507363648267212,0.24390243902439024,True,0.0,-0.08844887178204797
OADMET-0001376,3.92,4.258427217631664,4.212918614786444,-0.33842721763166406,-0.2929186147864442,0.22,True,0.0,-0.1516953428173986
OADMET-0001375,3.39,2.9202620926412566,2.889918103294389,0.46973790735874354,0.5000818967056113,0.23255813953488372,True,0.0,-0.10114663115622635
OADMET-0001374,5.25,5.333221998723965,5.333221998723965,-0.08322199872396485,-0.08322199872396485,0.23076923076923078,False,0.0,0.0
OADMET-0001373,4.38,5.1646894089226585,5.0943016747801115,-0.7846894089226586,-0.7143016747801116,0.20481927710843373,True,0.0,-0.2346257804751577
OADMET-0001372,3.41,4.350302352720094,4.296770513949661,-0.940302352720094,-0.8867705139496609,0.23529411764705882,True,0.0,-0.17843946256811094
OADMET-0001371,5.14,5.381711710309519,5.381711710309519,-0.2417117103095192,-0.2417117103095192,0.2235294117647059,False,0.0,0.0
OADMET-0001370,5.26,5.5455186760541295,5.5455186760541295,-0.2855186760541297,-0.2855186760541297,0.24444444444444444,False,0.0,0.0
OADMET-0001369,4.26,4.626345229380339,4.578605523035338,-0.36634522938033953,-0.3186055230353384,0.21739130434782608,True,0.0,-0.1591323544833374
OADMET-0001368,5.6,5.152007335598029,5.081967755632493,0.44799266440197094,0.5180322443675065,0.2391304347826087,True,0.0,-0.2334652665517858
OADMET-0001367,5.43,4.575929457701526,4.516944728490438,0.8540705422984738,0.9130552715095615,0.25,True,0.0,-0.19661576403695946
OADMET-0001366,5.2,5.307913624661641,5.307913624661641,-0.10791362466164056,-0.10791362466164056,0.24719101123595505,False,0.0,0.0
OADMET-0001365,4.8,4.948504493768933,4.884051568493287,-0.14850449376893327,-0.08405156849328677,0.27835051546391754,True,0.0,-0.21484308425215382
OADMET-0001364,5.09,4.899562207703451,4.899562207703451,0.19043779229654856,0.19043779229654856,0.21978021978021978,False,0.0,0.0
OADMET-0001363,3.57,3.587200150443512,3.552043260767781,-0.017200150443512197,0.017956739232218855,0.2,True,0.0,-0.11718963225243728
OADMET-0001362,3.53,3.4202476653080542,3.3891931185043482,0.10975233469194556,0.14080688149565157,0.19101123595505617,True,0.0,-0.1035151560123535
OADMET-0001361,3.55,2.886897931284117,2.8687332261792804,0.6631020687158826,0.6812667738207194,0.21686746987951808,True,0.0,-0.06054901701612314
OADMET-0001360,3.02,2.5660410089400205,2.5397486114026737,0.4539589910599795,0.4802513885973263,0.16883116883116883,True,0.0,-0.08764132512448874
OADMET-0001359,4.38,4.553916146222828,4.5048863708297935,-0.1739161462228278,-0.12488637082979359,0.19767441860465115,True,0.0,-0.1634325846434468
OADMET-0001358,3.43,4.259370389030975,4.213709637200565,-0.8293703890309749,-0.7837096372005647,0.17525773195876287,True,0.0,-0.1522025061013661
OADMET-0001357,3.38,3.3835124947492354,3.3525263434129133,-0.0035124947492355396,0.02747365658708656,0.16176470588235295,True,0.0,-0.1032871711210741
OADMET-0001356,3.94,3.7135670538087493,3.6821123221954872,0.22643294619125065,0.2578876778045127,0.2222222222222222,True,0.0,-0.10484910537754022
OADMET-0001355,3.78,4.13753495447844,4.095345142284231,-0.3575349544784401,-0.31534514228423083,0.16279069767441862,True,0.0,-0.14063270731403232
OADMET-0001354,3.62,3.635820963081804,3.599556503334404,-0.015820963081803807,0.020443496665595973,0.17333333333333334,True,0.0,-0.12088153249133216
OADMET-0001353,3.24,3.044926993360797,3.013157082989092,0.19507300663920324,0.22684291701090809,0.19230769230769232,True,0.0,-0.10589970123901571
OADMET-0001352,2.61,3.371875122218456,3.3363655689458356,-0.7618751222184561,-0.7263655689458357,0.21428571428571427,True,0.0,-0.11836517757540177
OADMET-0001351,4.55,4.4451011511886005,4.392377754681472,0.10489884881139933,0.1576222453185281,0.26582278481012656,True,0.0,-0.17574465502376313
OADMET-0001350,3.7,4.130907938434082,4.0920073826956,-0.4309079384340819,-0.3920073826956001,0.1780821917808219,True,0.0,-0.12966851912827337
OADMET-0001349,3.36,2.967312246966131,2.9364300964858048,0.39268775303386905,0.4235699035141951,0.23333333333333334,True,0.0,-0.10294050160108625
OADMET-0001347,4.64,4.671112903807927,4.620742628244286,-0.031112903807927417,0.019257371755713848,0.16483516483516483,True,0.0,-0.16790091854547207
OADMET-0001346,4.38,4.880878563760554,4.818282136977232,-0.500878563760554,-0.4382821369772323,0.2127659574468085,True,0.0,-0.20865475594440497
OADMET-0001345,3.28,2.9420957406747688,2.9327236819342573,0.33790425932523105,0.34727631806574255,0.2537313432835821,True,0.0,-0.03124019580170545
OADMET-0001344,4.08,4.742235352229146,4.6834277922021155,-0.6622353522291462,-0.6034277922021154,0.19318181818181818,True,0.0,-0.19602520009010327
OADMET-0001343,3.71,3.7805395206201418,3.740777544742971,-0.0705395206201418,-0.03077754474297123,0.29333333333333333,True,0.0,-0.132539919590569
OADMET-0001342,1.81,3.1797837167110257,3.1529691457412636,-1.3697837167110256,-1.3429691457412636,0.20833333333333334,True,0.0,-0.0893819032325398
OADMET-0001341,3.44,2.8750502440535906,2.8452233892417906,0.5649497559464094,0.5947766107582093,0.26744186046511625,True,0.0,-0.09942284937266654
OADMET-0001340,3.16,3.9154844076888073,3.8736055213694875,-0.7554844076888072,-0.7136055213694874,0.19047619047619047,True,0.0,-0.13959628773106658
OADMET-0001339,2.05,2.591248392017142,2.564667671645515,-0.5412483920171423,-0.514667671645515,0.23958333333333334,True,0.0,-0.08860240123875762
OADMET-0001338,4.87,4.488066482312471,4.442793822137287,0.38193351768752937,0.427206177862713,0.16483516483516483,True,0.0,-0.15090886725061292
OADMET-0001337,4.99,5.36393919639217,5.305644352072981,-0.3739391963921701,-0.31564435207298036,0.2077922077922078,True,0.0,-0.19431614773063366
OADMET-0001336,4.96,4.7949682983379915,4.74318136090657,0.16503170166200842,0.2168186390934297,0.24358974358974358,True,0.0,-0.17262312477140362
OADMET-0001335,4.74,5.1987850448460255,5.142379238866171,-0.45878504484602534,-0.4023792388661711,0.2345679012345679,True,0.0,-0.18801935326618047
OADMET-0001334,3.49,2.897071288511591,2.8801837466737745,0.5929287114884092,0.6098162533262257,0.17204301075268819,True,0.0,-0.05629180612605511
OADMET-0001333,3.73,3.690889556778287,3.6536095075968067,0.03911044322171309,0.07639049240319329,0.2647058823529412,True,0.0,-0.12426683060493371
OADMET-0001332,4.69,4.577901325642484,4.523622370954631,0.11209867435751608,0.16637762904536935,0.1951219512195122,True,0.0,-0.1809298489595097
OADMET-0001331,3.09,2.8526796506446543,2.832562910550649,0.23732034935534552,0.25743708944935095,0.1797752808988764,True,0.0,-0.06705580031335145
OADMET-0001330,4.56,4.831068348653108,4.765917496716546,-0.2710683486531087,-0.20591749671654647,0.2235294117647059,True,0.0,-0.2171695064552086
OADMET-0001329,3.05,2.465064124806413,2.4399267040209636,0.5849358751935867,0.6100732959790363,0.19047619047619047,True,0.0,-0.0837914026181652
OADMET-0001328,3.67,3.401661614538396,3.3658113624370753,0.26833838546160393,0.3041886375629246,0.16666666666666666,True,0.0,-0.11950084033773489
OADMET-0001327,1.91,2.503713891112689,2.4781343930940882,-0.5937138911126889,-0.5681343930940883,0.2222222222222222,True,0.0,-0.08526499339533533
OADMET-0001326,4.8,5.200473597443219,5.144048477746064,-0.4004735974432192,-0.34404847774606395,0.1686746987951807,True,0.0,-0.18808373232385112
OADMET-0001325,3.98,3.696781286105369,3.65938059700928,0.28321871389463116,0.3206194029907201,0.1518987341772152,True,0.0,-0.12466896365363045
OADMET-0001324,3.39,3.5063131231706115,3.4731785713405237,-0.11631312317061138,-0.08317857134052353,0.16883116883116883,True,0.0,-0.11044850610029222
OADMET-0001323,3.58,3.716999012289695,3.6775419211921885,-0.1369990122896949,-0.09754192119218841,0.1919191919191919,True,0.0,-0.13152363699168879
OADMET-0001322,2.55,2.8754715942642064,2.8548881629867826,-0.3254715942642066,-0.3048881629867828,0.19767441860465115,True,0.0,-0.06861143759141308
OADMET-0001321,2.59,3.095197311882834,3.083823791304181,-0.5051973118828341,-0.4938237913041812,0.3048780487804878,True,0.007338512407948454,-0.045250247670125976
OADMET-0001320,2.51,2.659913052401496,2.6582876040998276,-0.14991305240149622,-0.14828760409982777,0.15476190476190477,True,0.0,-0.005418161005561473
OADMET-0001319,3.69,4.2055918622942805,4.165358862545326,-0.5155918622942806,-0.4753588625453262,0.1951219512195122,True,0.0,-0.134109999163182
OADMET-0001318,4.66,4.836526979289008,4.7757886900642585,-0.17652697928900807,-0.1157886900642584,0.23684210526315788,True,0.0,-0.20246096408249947
OADMET-0001317,3.25,2.9527859471376656,2.9431204158759106,0.2972140528623344,0.30687958412408944,0.28,True,0.0,-0.03221843753918385
OADMET-0001316,2.36,2.759663490415777,2.755299646682663,-0.3996634904157772,-0.39529964668266304,0.19387755102040816,True,0.0,-0.014546145777047048
OADMET-0001315,4.46,4.440161692980423,4.395743707363287,0.019838307019576895,0.0642562926367134,0.1875,True,0.0,-0.14805995205712197
OADMET-0001314,3.43,3.8549132707049543,3.814274647878378,-0.4249132707049541,-0.38427464787837806,0.19736842105263158,True,0.0,-0.1354620760885874
OADMET-0001313,3.53,3.6101406281434216,3.5719057865785,-0.08014062814342182,-0.041905786578500415,0.1891891891891892,True,0.0,-0.12744947188307076
OADMET-0001312,3.53,3.8238765360082234,3.7902974206417346,-0.2938765360082236,-0.2602974206417348,0.15853658536585366,True,0.0,-0.11193038455496263
OADMET-0001311,3.81,3.9934706142805156,3.9570220927940984,-0.1834706142805156,-0.1470220927940984,0.2375,True,0.0,-0.12149507162139095
OADMET-0001308,3.23,2.871958079268631,2.8421665927341384,0.358041920731369,0.3878334072658616,0.16883116883116883,True,0.0,-0.09930495511497561
OADMET-0001307,3.03,2.947606947236848,2.9298177932139273,0.08239305276315179,0.10018220678607248,0.21686746987951808,True,0.0,-0.05929718007640261
OADMET-0001306,3.56,4.698702150641136,4.636750286591532,-1.138702150641136,-1.076750286591532,0.21333333333333335,True,0.0,-0.20650621349867837
OADMET-0001305,3.17,3.2955123536795083,3.267472373713627,-0.12551235367950841,-0.09747237371362694,0.2608695652173913,True,0.0,-0.09346659988627204
OADMET-0001304,2.56,3.170780504791482,3.1457550079769163,-0.610780504791482,-0.5857550079769163,0.17391304347826086,True,0.0,-0.08341832271521943
OADMET-0001303,4.15,4.1287206290995035,4.084554253300365,0.021279370900496808,0.06544574669963499,0.1744186046511628,True,0.0,-0.1472212526637935
OADMET-0001302,3.94,3.5632544045309418,3.534481417245996,0.37674559546905817,0.405518582754004,0.2054794520547945,True,0.0,-0.09590995761648635
OADMET-0001301,4.68,4.939752319715556,4.881371827612384,-0.259752319715556,-0.20137182761238392,0.3125,True,0.014904847818882296,-0.2095064881627895
OADMET-0001300,3.18,3.286189235992802,3.2516597605608224,-0.10618923599280183,-0.07165976056082224,0.16483516483516483,True,0.0,-0.11509825143993169
OADMET-0001299,4.92,5.1116440145714765,5.042712507273063,-0.19164401457147662,-0.12271250727306349,0.20689655172413793,True,0.0,-0.22977169099471162
OADMET-0001297,2.6,2.7087559395623435,2.7057896335990703,-0.10875593956234342,-0.10578963359907023,0.22826086956521738,True,0.0,-0.009887686544244101
OADMET-0001296,2.71,3.0439515045545633,3.012192751854266,-0.33395150455456335,-0.3021927518542662,0.23655913978494625,True,0.0,-0.10586250900099037
OADMET-0001295,4.6,4.877524379850591,4.815020033684439,-0.27752437985059153,-0.21502003368443923,0.2465753424657534,True,0.0,-0.20834782055383982
OADMET-0001294,2.34,2.7582199515648256,2.7431650985568448,-0.4182199515648257,-0.4031650985568449,0.18681318681318682,True,0.0,-0.0501828433599365
OADMET-0001293,4.19,4.190294664808848,4.150334584024416,-0.0002946648088473225,0.03966541597558404,0.18666666666666668,True,0.0,-0.1332002692814367
OADMET-0001292,3.68,4.448564667609132,4.397836323029139,-0.7685646676091316,-0.7178363230291391,0.2564102564102564,True,0.0,-0.16909448193330867
OADMET-0001290,3.41,2.9016172344244797,2.8714865055477437,0.5083827655755204,0.5385134944522565,0.25333333333333335,True,0.0,-0.10043576292245326
OADMET-0001289,4.21,4.548266735817622,4.489950551246752,-0.3382667358176219,-0.2799505512467517,0.20408163265306123,True,0.0,-0.1943872819029
OADMET-0001288,2.76,2.6261538875913155,2.599173917072018,0.13384611240868427,0.16082608292798195,0.23170731707317074,True,0.0,-0.08993323506432516
OADMET-0001287,2.5,2.7994914594205835,2.783439168579606,-0.29949145942058353,-0.2834391685796058,0.18181818181818182,True,0.0,-0.05350763613659293
OADMET-0001286,2.39,3.2663405031833834,3.2320380581766956,-0.8763405031833833,-0.8420380581766955,0.26506024096385544,True,0.0,-0.11434148335562577
OADMET-0001284,3.35,4.022780750908898,3.9787048489146657,-0.6727807509088977,-0.6287048489146656,0.19318181818181818,True,0.0,-0.1469196733141067
OADMET-0001283,4.0,3.7624839585961642,3.7225066092633594,0.23751604140383575,0.2774933907366406,0.2222222222222222,True,0.0,-0.1332578311093493
OADMET-0001282,2.37,2.692838151362336,2.6650954441530157,-0.32283815136233596,-0.2950954441530156,0.20930232558139536,True,0.0,-0.09247569069773487
OADMET-0001281,2.28,2.516233833900933,2.4905111323860116,-0.2362338339009331,-0.21051113238601182,0.16470588235294117,True,0.0,-0.0857423383830711
OADMET-0001280,3.14,2.734198099779851,2.7197237999194006,0.40580190022014895,0.4202762000805995,0.17721518987341772,True,0.0,-0.04824766620150234
OADMET-0001279,4.83,4.665124156637099,4.603983795808866,0.16487584336290073,0.22601620419113377,0.2696629213483146,True,0.0,-0.2038012027607765
OADMET-0001278,2.56,2.573265238641535,2.546890210139417,-0.01326523864153506,0.013109789860583199,0.2463768115942029,True,0.0,-0.08791676167372797
OADMET-0001277,1.61,3.0535262680748136,3.0292969631579605,-1.4435262680748135,-1.4192969631579604,0.16470588235294117,True,0.0,-0.08076434972284341
OADMET-0001276,4.6,4.102452124901188,4.064059252427661,0.49754787509881204,0.5359407475723383,0.20253164556962025,True,0.0,-0.12797624157842202
OADMET-0001275,3.8,3.533908914130868,3.5156765701685138,0.26609108586913166,0.28432342983148606,0.3442622950819672,True,0.052777821784894645,-0.11355230165940977
OADMET-0001274,3.68,2.8449877280633427,2.8382815236627774,0.8350122719366575,0.8417184763372227,0.27692307692307694,True,0.0,-0.022354014668551248
OADMET-0001273,3.39,2.5597036157996906,2.533483705562854,0.8302963842003095,0.8565162944371463,0.18181818181818182,True,0.0,-0.08739970078945669
OADMET-0001272,2.95,3.595015254877146,3.5569534178036606,-0.645015254877146,-0.6069534178036604,0.18072289156626506,True,0.0,-0.12687279024495135
OADMET-0001270,4.39,4.975440514434888,4.92158933016377,-0.5854405144348886,-0.5315893301637704,0.21686746987951808,True,0.0,-0.17950394757039323
OADMET-0001268,2.43,3.0314413944494376,3.0097834048448586,-0.6014413944494374,-0.5797834048448585,0.24096385542168675,True,0.0,-0.07219329868192981
OADMET-0001267,3.29,2.8926620051698775,2.8717265805151913,0.39733799483012255,0.4182734194848088,0.19696969696969696,True,0.0,-0.06978474884895425
OADMET-0001266,2.79,2.6924583315849304,2.664719968766077,0.09754166841506962,0.12528003123392306,0.19753086419753085,True,0.0,-0.0924612093961783
OADMET-0001264,2.91,3.9405597117340676,3.8985455263796767,-1.0305597117340675,-0.9885455263796765,0.19480519480519481,True,0.0,-0.14004728451463588
OADMET-0001263,4.5,4.836979122763698,4.771685420952573,-0.33697912276369824,-0.271685420952573,0.2222222222222222,True,0.0,-0.21764567270375057
OADMET-0001262,3.18,3.0202303102872903,2.996682778289952,0.15976968971270988,0.18331722171004827,0.22666666666666666,True,0.0,-0.07849177332446144
OADMET-0001261,3.15,2.7655293642895895,2.750988676232297,0.3844706357104104,0.3990113237677031,0.27631578947368424,True,0.0,-0.04846896019097624
OADMET-0001260,3.37,2.949930777827513,2.9192474371336163,0.4200692221724873,0.45075256286638377,0.21839080459770116,True,0.0,-0.102277802312988
OADMET-0001259,2.88,2.778962951146283,2.7502351457893446,0.1010370488537169,0.1297648542106553,0.19767441860465115,True,0.0,-0.09575935118979473
OADMET-0001258,1.64,2.4520287284573303,2.440115775461716,-0.8120287284573304,-0.8001157754617163,0.18888888888888888,True,0.0,-0.039709843318713745
OADMET-0001257,3.77,3.3638006085331,3.334110257827715,0.4061993914669002,0.43588974217228493,0.2111111111111111,True,0.0,-0.09896783568461531
OADMET-0001256,3.21,3.06787890751385,3.0433557158448714,0.1421210924861498,0.16664428415512855,0.22535211267605634,True,0.0,-0.08174397222992935
OADMET-0001255,3.39,3.577873987827486,3.5488401709664785,-0.18787398782748577,-0.1588401709664784,0.22666666666666666,True,0.0,-0.09677938953669196
OADMET-0001254,5.05,5.095873671365016,5.095873671365016,-0.0458736713650163,-0.0458736713650163,0.22988505747126436,False,0.0,0.0
OADMET-0001253,4.36,3.7791233479397968,3.7467728179127695,0.5808766520602036,0.6132271820872308,0.1590909090909091,True,0.0,-0.10783510009009056
OADMET-0001252,3.73,2.824531074519296,2.8049907088022534,0.905468925480704,0.9250092911977466,0.18072289156626506,True,0.0,-0.0651345523901421
OADMET-0001251,4.47,4.35534690618515,4.307177618959638,0.11465309381484978,0.16282238104036217,0.23170731707317074,True,0.0,-0.16056429075170886
OADMET-0001250,3.09,3.373987511755193,3.33845379690513,-0.2839875117551931,-0.24845379690513036,0.1891891891891892,True,0.0,-0.11844571616687638
OADMET-0001248,3.28,2.849308903008988,2.819776478459364,0.4306910969910116,0.4602235215406356,0.20987654320987653,True,0.0,-0.09844141516541338
OADMET-0001247,3.55,3.090793697579393,3.0658012993051336,0.4592063024206068,0.48419870069486626,0.1625,True,0.0,-0.08330799424753144
OADMET-0001246,2.77,2.747493017992927,2.7191251667134764,0.022506982007072907,0.050874833286523646,0.19230769230769232,True,0.0,-0.09455950426483595
OADMET-0001245,2.84,4.112026840506248,4.064253575214386,-1.272026840506248,-1.2242535752143864,0.19230769230769232,True,0.0,-0.15924421763953944
OADMET-0001244,2.8,2.8697306808916108,2.8623452214387948,-0.06973068089161094,-0.06234522143879495,0.19767441860465115,True,0.0,-0.024618198176053152
OADMET-0001243,3.03,3.0659745400391736,3.053201702866151,-0.035974540039173775,-0.023201702866151308,0.189873417721519,True,0.0,-0.04257612391007459
OADMET-0001242,2.62,2.6334115754053427,2.606348591226338,-0.013411575405342546,0.013651408773661888,0.14285714285714285,True,0.0,-0.09020994726334797
OADMET-0001241,1.66,2.688072415925924,2.660384219347249,-1.028072415925924,-1.000384219347249,0.2786885245901639,True,0.0,-0.09229398859558291
OADMET-0001240,3.38,3.0076679421860035,2.996495764863331,0.37233205781399636,0.3835042351366691,0.16176470588235295,True,0.0,-0.03724059107557531
OADMET-0001239,7.54855421686747,5.307190458519944,5.23289071926783,2.241363758347526,2.3156634975996404,0.18421052631578946,True,0.0,-0.24766579750704842
OADMET-0001238,3.33,3.283410160634124,3.2544737193861977,0.04658983936587591,0.0755262806138024,0.19718309859154928,True,0.0,-0.09645480415975483
OADMET-0001237,3.94,2.880485384325379,2.850596362209536,1.0595146156746211,1.089403637790464,0.23529411764705882,True,0.0,-0.0996300737194753
OADMET-0001236,2.57,2.997439685145628,2.976603438990906,-0.42743968514562836,-0.40660343899090634,0.1744186046511628,True,0.0,-0.06945415384907339
OADMET-0001235,3.35,3.991187533591557,3.9463346776254484,-0.6411875335915571,-0.5963346776254483,0.24358974358974358,True,0.0,-0.1495095198870291
OADMET-0001234,4.11,3.1854571325107686,3.1634244674565943,0.9245428674892318,0.946575532543406,0.20270270270270271,True,0.0,-0.07344221684724683
OADMET-0001233,3.4,3.55732049884148,3.5196898155638676,-0.15732049884148003,-0.11968981556386771,0.1951219512195122,True,0.0,-0.1254356109253747
OADMET-0001232,3.35,2.4397227070863963,2.4148751422276558,0.9102772929136038,0.9351248577723443,0.19230769230769232,True,0.0,-0.08282521619580185
OADMET-0001231,3.95,4.425713765968396,4.370359406032114,-0.4757137659683961,-0.4203594060321141,0.2,True,0.0,-0.18451453312094124
OADMET-0001230,4.19,2.990295423697499,2.959150390924486,1.1997045763025014,1.2308496090755146,0.22857142857142856,True,0.0,-0.10381677591004435
OADMET-0001229,3.49,3.1959016068467814,3.1687570035924884,0.29409839315321884,0.32124299640751186,0.16216216216216217,True,0.0,-0.09048201084764385
OADMET-0001228,2.71,3.138169792554911,3.123415017722298,-0.42816979255491106,-0.41341501772229794,0.17142857142857143,True,0.0,-0.049182582775376904
OADMET-0001227,2.79,2.6470853759247124,2.61986599038865,0.14291462407528766,0.17013400961134995,0.19230769230769232,True,0.0,-0.0907312851202069
OADMET-0001226,3.19,2.6384212630466353,2.611300977904053,0.5515787369533647,0.5786990220959471,0.18181818181818182,True,0.0,-0.0904009504752743
OADMET-0001225,3.52,3.146909830408189,3.113973437163766,0.3730901695918112,0.40602656283623384,0.19480519480519481,True,0.0,-0.10978797748140812
OADMET-0001224,3.76,4.393040833889859,4.3413834320822104,-0.6330408338898597,-0.5813834320822107,0.23809523809523808,True,0.0,-0.1721913393588288
OADMET-0001223,2.9,2.7697168085181594,2.741094760829145,0.13028319148184053,0.15890523917085497,0.2328767123287671,True,0.0,-0.09540682563004799
OADMET-0001222,3.19,4.602863114551433,4.547898897221433,-1.4128631145514334,-1.3578988972214332,0.2236842105263158,True,0.0,-0.18321405776666655
OADMET-0001221,2.97,3.0473731157849135,3.0351109335644937,-0.07737311578491335,-0.06511093356449349,0.17582417582417584,True,0.0,-0.04087394073473316
OADMET-0001220,3.16,3.160779406029044,3.1454039415686275,-0.0007794060290438054,0.014596058431372683,0.2345679012345679,True,0.0,-0.05125154820138844
OADMET-0001219,2.74,3.145868738415172,3.1309026085390084,-0.40586873841517157,-0.39090260853900816,0.24691358024691357,True,0.0,-0.04988709958721138
OADMET-0001218,3.82,4.169692702432281,4.130100183499903,-0.3496927024322809,-0.3101001834999031,0.1875,True,0.0,-0.13197506310792662
OADMET-0001217,4.01,4.340883923502801,4.294290817321317,-0.3308839235028014,-0.2842908173213168,0.2,True,0.0,-0.1553103539382814
OADMET-0001216,3.11,2.5215286819680225,2.5121941149224796,0.5884713180319774,0.5978058850775203,0.21686746987951808,True,0.0,-0.031115223485143506
OADMET-0001215,2.24,2.8536584879588154,2.8362971040807263,-0.6136584879588152,-0.5962971040807261,0.225,True,0.0,-0.05787127959363092
OADMET-0001214,4.57,4.855379833295507,4.793483409523733,-0.2853798332955071,-0.22348340952373302,0.24285714285714285,True,0.0,-0.20632141257258052
OADMET-0001213,4.36,4.504905141904516,4.456435955908357,-0.1449051419045153,-0.09643595590835652,0.25925925925925924,True,0.0,-0.1615639533205302
OADMET-0001212,4.28,4.501764721777833,4.453331456005086,-0.22176472177783246,-0.17333145600508537,0.2875,True,0.0,-0.1614442192424912
OADMET-0001211,2.67,3.0131474371095304,2.994188968076625,-0.34314743710953044,-0.324188968076625,0.1951219512195122,True,0.0,-0.06319489677635204
OADMET-0001210,3.23,3.6988177922165506,3.6686718476659377,-0.4688177922165506,-0.4386718476659377,0.20588235294117646,True,0.0,-0.10048648183537656
OADMET-0001209,4.0,3.477578636049067,3.4408600426865714,0.522421363950933,0.5591399573134286,0.2465753424657534,True,0.0,-0.12239531120831826
OADMET-0001208,4.11,4.208618452711012,4.16833145523317,-0.09861845271101188,-0.058331455233169294,0.22077922077922077,True,0.0,-0.13428999159280952
OADMET-0001207,2.75,2.9484389498395824,2.926361428277766,-0.19843894983958243,-0.17636142827776613,0.2054794520547945,True,0.0,-0.07359173853938827
OADMET-0001206,2.77,3.8626912369311435,3.828046562337085,-1.0926912369311435,-1.058046562337085,0.2631578947368421,True,0.0,-0.1154822486468623
OADMET-0001204,5.33,4.027061061025822,4.027061061025822,1.3029389389741777,1.3029389389741777,0.22784810126582278,False,0.0,0.0
OADMET-0001203,3.05,2.6389385174779054,2.6267664235769637,0.4110614825220944,0.42323357642303616,0.20481927710843373,True,0.0,-0.04057364633647209
OADMET-0001202,2.49,3.1434438193886023,3.117373349491123,-0.6534438193886021,-0.6273733494911227,0.18823529411764706,True,0.0,-0.08690156632493151
OADMET-0001201,3.95,3.1760581840589204,3.1427883910358108,0.7739418159410798,0.8072116089641894,0.20454545454545456,True,0.0,-0.11089931007703191
OADMET-0001200,4.17,3.9129017030151143,3.876878627346612,0.2570982969848856,0.2931213726533879,0.22077922077922077,True,0.0,-0.12007691889500771
OADMET-0001199,2.53,2.764890017324281,2.760382692542928,-0.23489001732428116,-0.23038269254292798,0.20270270270270271,True,0.0,-0.015024415937843205
OADMET-0001198,2.79,2.6744222503263972,2.657955534929552,0.11557774967360279,0.13204446507044798,0.17073170731707318,True,0.0,-0.05488905132281774
OADMET-0001197,2.68,2.8227905382230443,2.7935614315573982,-0.1427905382230441,-0.11356143155739806,0.189873417721519,True,0.0,-0.09743035555215362
OADMET-0001196,4.98,5.127417650963496,5.060723041642696,-0.14741765096349546,-0.08072304164269539,0.17721518987341772,True,0.0,-0.22231536440266808
OADMET-0001195,3.78,4.326523484304113,4.280094633274328,-0.5465234843041133,-0.5000946332743283,0.24691358024691357,True,0.0,-0.1547628367659497
OADMET-0001194,3.32,3.301777309700123,3.277669363710212,0.018222690299876998,0.042330636289787726,0.2222222222222222,True,0.0,-0.08035981996636865
OADMET-0001193,2.48,2.7178679527588256,2.700511636781131,-0.23786795275882566,-0.22051163678113106,0.2087912087912088,True,0.0,-0.05785438659231579
OADMET-0001192,3.06,3.5355567559455205,3.4981750070383315,-0.4755567559455205,-0.43817500703833145,0.27848101265822783,True,0.0,-0.12460582969063072
OADMET-0001191,3.66,3.266782862816042,3.2432992565600447,0.39321713718395834,0.41670074343995545,0.1891891891891892,True,0.0,-0.0782786875199899
OADMET-0001190,3.48,3.703399619778383,3.664098078956816,-0.22339961977838296,-0.18409807895681585,0.26804123711340205,True,0.0,-0.13100513607189068
OADMET-0001189,3.05,2.6582339630543608,2.6455955424204642,0.39176603694563905,0.4044044575795356,0.1566265060240964,True,0.0,-0.042128068779654804
OADMET-0001188,3.19,2.954290140601038,2.9445833155205277,0.23570985939896216,0.2454166844794723,0.14705882352941177,True,0.0,-0.03235608360170117
OADMET-0001187,4.19,4.68252123351236,4.63202046911754,-0.49252123351235966,-0.4420204691175398,0.20930232558139536,True,0.0,-0.16833588131606536
OADMET-0001186,3.7,2.789024065073254,2.7732247471832863,0.9109759349267463,0.9267752528167139,0.1518987341772152,True,0.0,-0.052664392966558005
OADMET-0001185,5.54,5.2176297535016705,5.161008401156128,0.32237024649832957,0.37899159884387235,0.175,True,0.0,-0.18873784115180836
OADMET-0001184,3.34,3.0438969328565504,3.0121388043490382,0.29610306714344947,0.3278611956509616,0.22988505747126436,True,0.0,-0.10586042835837395
OADMET-0001183,3.85,4.620758172840748,4.564437997371763,-0.7707581728407482,-0.7144379973717627,0.20253164556962025,True,0.0,-0.18773391822995222
OADMET-0001182,2.69,2.554083523588273,2.527927896141536,0.13591647641172688,0.16207210385846382,0.16666666666666666,True,0.0,-0.08718542482245706
OADMET-0001181,4.56,4.476201958100772,4.424714901764456,0.0837980418992279,0.1352850982355438,0.21333333333333335,True,0.0,-0.1716235211210524
OADMET-0001180,4.77,4.783226519649467,4.730436963997534,-0.01322651964946786,0.039563036002465246,0.3157894736842105,True,0.02375360595204365,-0.19971879145848703
OADMET-0001179,2.66,2.628022536953676,2.612505908899343,0.03197746304632432,0.047494091100657165,0.1794871794871795,True,0.0,-0.051722093514442236
OADMET-0001178,2.53,2.6272940275738543,2.615403354327977,-0.09729402757385452,-0.08540335432797708,0.20430107526881722,True,0.0,-0.039635577486258455
OADMET-0001177,4.84,5.017487477561803,4.95304381460936,-0.17748747756180272,-0.11304381460935975,0.28,True,0.0,-0.21481220984147598
OADMET-0001176,4.47,4.2492277145385735,4.200515051274573,0.22077228546142624,0.2694849487254265,0.20512820512820512,True,0.0,-0.162375544213333
OADMET-0001175,3.9,2.9462976115421182,2.9266973521908914,0.9537023884578817,0.9733026478091085,0.21518987341772153,True,0.0,-0.06533419783742334
OADMET-0001174,3.81,3.7216232471095707,3.6837138903731517,0.08837675289042934,0.1262861096268484,0.17525773195876287,True,0.0,-0.1263645224547303
OADMET-0001173,3.3,2.8821673996240187,2.874440521582603,0.41783260037598113,0.4255594784173966,0.28,True,0.0,-0.02575626013805099
OADMET-0001172,2.43,2.8546875850668227,2.8477150956791157,-0.4246875850668226,-0.4177150956791156,0.2702702702702703,True,0.0,-0.02324163129235668
OADMET-0001171,3.55,3.4738924663043718,3.43721603546645,0.07610753369562806,0.11278396453354977,0.19101123595505617,True,0.0,-0.1222547694597389
OADMET-0001170,3.24,3.364049414755071,3.3286293721686326,-0.12404941475507059,-0.08862937216863243,0.225,True,0.0,-0.11806680862146068
OADMET-0001169,3.01,2.8592440867886957,2.829598023296953,0.1507559132113041,0.1804019767030467,0.20454545454545456,True,0.0,-0.09882021163914256
OADMET-0001168,4.55,3.9014000472513217,3.8598095543639084,0.6485999527486781,0.6901904456360914,0.17647058823529413,True,0.0,-0.13863497629137767
OADMET-0001167,2.28,2.7043382725669343,2.6872589923070103,-0.42433827256693446,-0.40725899230701046,0.19736842105263158,True,0.0,-0.05693093419974726
OADMET-0001166,2.4,2.5206959788081713,2.4949222391405512,-0.1206959788081714,-0.09492223914055131,0.2261904761904762,True,0.0,-0.08591246555873377
OADMET-0001165,2.49,2.9222481945185983,2.904911468761709,-0.4322481945185981,-0.4149114687617086,0.18556701030927836,True,0.0,-0.05778908585629816
OADMET-0001164,2.51,3.0747453946511722,3.042634420474968,-0.5647453946511725,-0.532634420474968,0.2087912087912088,True,0.0,-0.10703658058734788
OADMET-0001163,3.93,4.6847776755545905,4.634251101905275,-0.7547776755545903,-0.7042511019052751,0.24675324675324675,True,0.0,-0.1684219121643844
OADMET-0001162,3.5,3.5021604775225073,3.4687448726733576,-0.0021604775225072537,0.031255127326642373,0.2112676056338028,True,0.0,-0.11138534949716528
OADMET-0001161,3.62,3.041897408823365,3.017906218135665,0.5781025911766351,0.602093781864335,0.17721518987341772,True,0.0,-0.07997063562566709
OADMET-0001160,3.31,3.3388698900787572,3.3037378516813423,-0.028869890078757177,0.00626214831865779,0.2345679012345679,True,0.0,-0.11710679465805063
OADMET-0001159,3.41,3.3763365374028105,3.3407759543240845,0.033663462597189664,0.06922404567591567,0.1411764705882353,True,0.0,-0.11853527692908727
OADMET-0001158,3.2,3.2111255016141724,3.177454607518523,-0.01112550161417225,0.022545392481477133,0.17073170731707318,True,0.0,-0.11223631365216447
OADMET-0001157,3.15,2.590560424212113,2.5758108758777265,0.559439575787887,0.5741891241222734,0.14772727272727273,True,0.0,-0.0491651611146211
OADMET-0001156,4.16,4.169135248082355,4.1220625699191125,-0.009135248082355218,0.03793743008088768,0.2465753424657534,True,0.0,-0.15690892721080907
OADMET-0001155,1.72,2.7622901286893677,2.733753027595999,-1.0422901286893678,-1.013753027595999,0.2236842105263158,True,0.0,-0.0951236703112297
OADMET-0001154,2.74,2.543305426430934,2.5172730791958333,0.1966945735690664,0.2227269208041669,0.16831683168316833,True,0.0,-0.08677449078366761
OADMET-0001153,3.48,2.71421367624431,2.686226475114325,0.7657863237556901,0.7937735248856748,0.2,True,0.0,-0.09329067043328187
OADMET-0001152,3.86,3.7250722492782815,3.6855228162441587,0.13492775072171836,0.1744771837558412,0.19230769230769232,True,0.0,-0.13183144344707642
OADMET-0001151,2.87,2.9818341366295673,2.9507858843220878,-0.1118341366295672,-0.08078588432208766,0.18518518518518517,True,0.0,-0.10349417435826558
OADMET-0001150,3.69,2.836779190382911,2.807390081077318,0.8532208096170888,0.8826099189226819,0.1375,True,0.0,-0.09796369768531088
OADMET-0001149,4.71,4.882252980898885,4.815865113613903,-0.17225298089888508,-0.10586511361390283,0.21505376344086022,True,0.0,-0.22129289094993965
OADMET-0001148,2.59,2.47591656770521,2.463514483806414,0.11408343229478968,0.12648551619358583,0.18571428571428572,True,0.0,-0.041340279662653856
OADMET-0001147,3.72,4.327843139241042,4.281399193956906,-0.6078431392410422,-0.5613991939569059,0.19101123595505617,True,0.0,-0.15481315094711956
OADMET-0001146,4.13,3.7669176205848025,3.7345110557056675,0.3630823794151974,0.39548894429433235,0.2631578947368421,True,0.0,-0.10802188293045045
OADMET-0001145,3.48,3.580862141465678,3.542962188145068,-0.10086214146567807,-0.06296218814506815,0.1797752808988764,True,0.0,-0.12633317773536668
OADMET-0001144,3.74,3.4756299634581627,3.438933659073574,0.26437003654183755,0.30106634092642626,0.2235294117647059,True,0.0,-0.12232101461529554
OADMET-0001143,3.04,3.19428315926524,3.160804908406975,-0.15428315926524006,-0.12080490840697511,0.25925925925925924,True,0.0,-0.11159416952754908
OADMET-0001142,4.24,4.550186038017273,4.495310907940945,-0.31018603801727274,-0.25531090794094435,0.17647058823529413,True,0.0,-0.18291710025442676
OADMET-0001141,4.41,4.954221353716063,4.889611486541483,-0.544221353716063,-0.4796114865414829,0.2804878048780488,True,0.0,-0.21536622391526627
OADMET-0001140,2.77,3.351366800474889,3.316091822026373,-0.5813668004748891,-0.5460918220263729,0.2839506172839506,True,0.0,-0.11758326149505383
OADMET-0001139,3.79,4.186979532473295,4.139541472123317,-0.39697953247329476,-0.34954147212331677,0.19230769230769232,True,0.0,-0.15812686783326058
OADMET-0001138,2.9,3.379012635494899,3.3434214431226827,-0.4790126354948989,-0.44342144312268283,0.1744186046511628,True,0.0,-0.11863730790738769
OADMET-0001137,2.75,2.869127234903354,2.8617583415305496,-0.11912723490335386,-0.11175834153054964,0.20408163265306123,True,0.0,-0.024562977909346806
OADMET-0001136,4.16,4.519734823819503,4.465483217275336,-0.35973482381950284,-0.3054832172753361,0.24324324324324326,True,0.0,-0.18083868848055573
OADMET-0001135,2.22,2.736089379463381,2.7323727031915586,-0.5160893794633807,-0.5123727031915584,0.21794871794871795,True,0.0,-0.012388920906075018
OADMET-0001134,3.34,3.3553045880447314,3.3302416560586288,-0.01530458804473156,0.009758343941371095,0.20253164556962025,True,0.0,-0.08354310662034248
OADMET-0001133,4.61,5.018101729235603,4.953645488775715,-0.40810172923560284,-0.34364548877571455,0.21978021978021978,True,0.0,-0.21485413486629312
OADMET-0001132,2.67,3.068477291736788,3.0364380123173267,-0.39847729173678825,-0.36643801231732676,0.20689655172413793,True,0.0,-0.10679759806487166
OADMET-0001131,3.75,3.2872831751999345,3.252741187257165,0.4627168248000655,0.4972588127428348,0.21052631578947367,True,0.0,-0.11513995980923042
OADMET-0001130,3.85,3.559662971218813,3.525239075732712,0.2903370287811873,0.324760924267288,0.18333333333333332,True,0.0,-0.11474631828700232
OADMET-0001129,2.76,2.70311568466205,2.700304217600326,0.05688431533794969,0.05969578239967399,0.24,True,0.0,-0.0093715568724142
OADMET-0001128,4.28,4.317488653914442,4.2711631435566035,-0.03748865391444145,0.008836856443396712,0.19444444444444445,True,0.0,-0.15441836785946172
OADMET-0001127,3.29,3.6500217555796057,3.613578521494876,-0.3600217555796057,-0.3235785214948761,0.24,True,0.0,-0.12147744694909868
OADMET-0001126,2.5,2.88751993271911,2.8708027976590818,-0.3875199327191101,-0.37080279765908175,0.16666666666666666,True,0.0,-0.05572378353342833
OADMET-0001125,3.63,3.767936596361179,3.7290789206866695,-0.13793659636117894,-0.09907892068666957,0.21052631578947367,True,0.0,-0.12952558558169835
OADMET-0001124,4.12,3.8468989790064616,3.8130654580105334,0.2731010209935385,0.3069345419894667,0.19767441860465115,True,0.0,-0.11277840331975986
OADMET-0001123,4.26,5.144769605386604,5.088981629688942,-0.8847696053866043,-0.8289816296889425,0.20454545454545456,True,0.0,-0.1859599189922072
OADMET-0001122,2.2,2.7695895704250892,2.754259939765717,-0.5695895704250891,-0.5542599397657169,0.23076923076923078,True,0.0,-0.05109876886457432
OADMET-0001121,2.84,2.946615308812521,2.9245751283920853,-0.10661530881252101,-0.08457512839208547,0.19101123595505617,True,0.0,-0.07346726806811787
OADMET-0001120,2.95,2.6743272592720477,2.646796280224124,0.27567274072795245,0.3032037197758761,0.2222222222222222,True,0.0,-0.09176993015974633
OADMET-0001119,3.52,3.5667186520632033,3.5289804724157534,-0.04671865206320325,-0.008980472415753393,0.21052631578947367,True,0.0,-0.12579393215816648
OADMET-0001118,3.14,2.7044500570852783,2.701601958210999,0.4355499429147218,0.438398041789001,0.19480519480519481,True,0.0,-0.009493662914264345
OADMET-0001117,3.42,2.922040034613563,2.900503061115284,0.49795996538643683,0.5194969388847159,0.2054794520547945,True,0.0,-0.07178991166093107
OADMET-0001116,3.21,2.7152979026720363,2.687298300126336,0.49470209732796366,0.522701699873664,0.22093023255813954,True,0.0,-0.09333200848566747
OADMET-0001115,2.53,2.7855650444632594,2.7567617241569304,-0.25556504446325956,-0.22676172415693063,0.20253164556962025,True,0.0,-0.09601106768776324
OADMET-0001114,2.55,2.7843403737521863,2.768654249955782,-0.23434037375218653,-0.2186542499557822,0.23255813953488372,True,0.0,-0.05228707932134791
OADMET-0001113,3.2,2.8994091173977523,2.8809420455752024,0.30059088260224787,0.3190579544247978,0.1917808219178082,True,0.0,-0.061556906075166395
OADMET-0001112,3.08,2.792552268852308,2.7636690284553675,0.28744773114769195,0.3163309715446325,0.15789473684210525,True,0.0,-0.09627746798980175
OADMET-0001111,4.24,4.574571540054766,4.519197088858919,-0.33457154005476575,-0.27919708885891836,0.20253164556962025,True,0.0,-0.18458150398615736
OADMET-0001110,2.74,2.599769889151008,2.5997955189474053,0.14023011084899206,0.14020448105259486,0.20238095238095238,True,0.0,8.543265465732475e-05
OADMET-0001109,2.47,2.7607536188607074,2.7563598484143603,-0.29075361886070716,-0.28635984841436013,0.22972972972972974,True,0.0,-0.014645901487822854
OADMET-0001108,3.16,3.4048560698055526,3.3734328842931336,-0.2448560698055524,-0.21343288429313345,0.21621621621621623,True,0.0,-0.1047439517080635
OADMET-0001107,2.23,2.5281810463053507,2.502321692202112,-0.2981810463053507,-0.2723216922021119,0.2111111111111111,True,0.0,-0.08619784701079558
OADMET-0001106,2.45,2.611128021443932,2.5843199172505393,-0.16112802144393168,-0.13431991725053916,0.2878787878787879,True,0.0,-0.08936034731130915
OADMET-0001105,2.88,3.464609852577876,3.4408934933472097,-0.5846098525778762,-0.5608934933472098,0.2727272727272727,True,0.0,-0.07905453076888769
OADMET-0001104,3.73,3.3377796950849508,3.3026601263718964,0.3922203049150492,0.42733987362810355,0.18681318681318682,True,0.0,-0.11706522904351502
OADMET-0001103,3.94,4.442003458680459,4.397552613921102,-0.5020034586804587,-0.4575526139211017,0.22972972972972974,True,0.0,-0.14816948253119033
OADMET-0001102,3.53,4.069513341292595,4.024480535917307,-0.539513341292595,-0.4944805359173068,0.23863636363636365,True,0.0,-0.15010935125095948
OADMET-0001101,4.26,3.888061036994156,3.846647333119762,0.3719389630058436,0.41335266688023786,0.20652173913043478,True,0.0,-0.13804567958131342
OADMET-0001100,3.43,3.1335288816285365,3.100745540093834,0.29647111837146367,0.3292544599061662,0.2413793103448276,True,0.0,-0.10927780511567553
OADMET-0001099,3.92,3.3881219875465316,3.3624735567657043,0.5318780124534683,0.5575264432342957,0.21052631578947367,True,0.0,-0.08549476926942479
OADMET-0001098,3.49,3.551334582254724,3.51711196485785,-0.06133458225472399,-0.027111964857849724,0.24705882352941178,True,0.0,-0.11407539132291467
OADMET-0001097,4.31,4.378641789399305,4.329833000202276,-0.06864178939930543,-0.01983300020227663,0.2714285714285714,True,0.0,-0.16269596399009512
OADMET-0001096,2.3,3.2629769305581027,3.2344588831288172,-0.9629769305581029,-0.9344588831288174,0.18888888888888888,True,0.0,-0.09506015809761736
OADMET-0001095,3.87,4.31646337393418,4.2663739834381795,-0.4464633739341801,-0.3963739834381794,0.2413793103448276,True,0.0,-0.16696463498666958
OADMET-0001094,3.09,2.9054281944210087,2.8842313674011355,0.1845718055789911,0.20576863259886435,0.1411764705882353,True,0.0,-0.07065609006624385
OADMET-0001093,4.08,5.011169745621172,4.946855445475391,-0.9311697456211716,-0.866855445475391,0.1917808219178082,True,0.0,-0.214381000485937
OADMET-0001092,4.82,4.291017179350251,4.2492600972262595,0.5289828206497491,0.5707399027737408,0.25,True,0.0,-0.13919027374663973
OADMET-0001091,4.1,3.607389693815731,3.5718123527388004,0.4926103061842686,0.5281876472611993,0.23809523809523808,True,0.0,-0.11859113692310164
OADMET-0001090,4.32,4.623364029810267,4.5669904964314325,-0.30336402981026644,-0.24699049643143223,0.2,True,0.0,-0.1879117779294468
OADMET-0001089,2.55,3.260129426521005,3.232944570877535,-0.710129426521005,-0.682944570877535,0.19101123595505617,True,0.0,-0.09061618547823258
OADMET-0001088,5.11,5.198620007339033,5.198620007339033,-0.08862000733903308,-0.08862000733903308,0.18888888888888888,False,0.0,0.0
OADMET-0001087,4.88,4.938226367431937,4.884800839735577,-0.058226367431936765,-0.0048008397355774335,0.18292682926829268,True,0.0,-0.17808509232119896
OADMET-0001086,3.39,3.01763265422247,2.9941383122120513,0.3723673457775303,0.39586168778794883,0.2,True,0.0,-0.07831447336806141
OADMET-0001085,3.53,3.1307556145399515,3.098003993720753,0.39924438546004826,0.4319960062792467,0.18518518518518517,True,0.0,-0.10917206939732749
OADMET-0001084,3.46,3.6682131399228735,3.63139741638183,-0.2082131399228735,-0.17139741638183015,0.1728395061728395,True,0.0,-0.12271907847014463
OADMET-0001083,3.46,2.7386735669617512,2.7348859483724772,0.7213264330382487,0.7251140516275227,0.16455696202531644,True,0.0,-0.012625395297579889
OADMET-0001082,2.11,2.8706639528274533,2.8501789635218517,-0.7606639528274535,-0.7401789635218519,0.18478260869565216,True,0.0,-0.06828329768533914
OADMET-0001081,3.64,3.985499568818842,3.942971359976682,-0.34549956881884203,-0.3029713599766817,0.22666666666666666,True,0.0,-0.1417606961405351
OADMET-0001080,5.22,5.357890798050223,5.357890798050223,-0.13789079805022286,-0.13789079805022286,0.24719101123595505,False,0.0,0.0
OADMET-0001079,3.43,4.279161871521218,4.229836272064498,-0.8491618715212179,-0.7998362720644976,0.1951219512195122,True,0.0,-0.16441866485573442
OADMET-0001078,2.93,2.8620225062648066,2.8444589832178884,0.06797749373519357,0.08554101678211179,0.21518987341772153,True,0.0,-0.05854507682306043
OADMET-0001077,3.91,4.315664637898935,4.265591602439247,-0.40566463789893525,-0.3555916024392465,0.23529411764705882,True,0.0,-0.1669101181989614
OADMET-0001076,4.87,5.047794128621666,4.980615458097345,-0.17779412862166577,-0.11061545809734508,0.23809523809523808,True,0.0,-0.22392890174773505
OADMET-0001075,2.27,2.6024781327803153,2.5757689662833934,-0.33247813278031524,-0.30576896628339334,0.21428571428571427,True,0.0,-0.08903055498974011
OADMET-0001074,3.04,3.095255524093665,3.0701717648047016,-0.05525552409366474,-0.030171764804701517,0.18823529411764706,True,0.0,-0.08361253096321075
OADMET-0001073,3.98,3.545326711483372,3.511249290564999,0.434673288516628,0.46875070943500097,0.25,True,0.0,-0.11359140306124305
OADMET-0001072,3.62,3.274937330634849,3.2461743802978016,0.3450626693651513,0.3738256197021985,0.2345679012345679,True,0.0,-0.09587650112349078
OADMET-0001071,2.86,2.660617069133277,2.6332429076680133,0.19938293086672276,0.2267570923319866,0.20689655172413793,True,0.0,-0.09124720488421323
OADMET-0001070,3.61,4.509965952623238,4.457551991401207,-0.8999659526232384,-0.8475519914012071,0.22666666666666666,True,0.0,-0.17471320407343782
OADMET-0001069,2.67,2.8993546087765,2.8911558994733944,-0.22935460877650016,-0.22115589947339442,0.2535211267605634,True,0.0,-0.027329031010352445
OADMET-0001068,3.97,3.9007306482028032,3.8650416979933704,0.06926935179719695,0.10495830200662981,0.1625,True,0.0,-0.11896316736477575
OADMET-0001067,3.11,3.386911884442116,3.3512303402139305,-0.2769118844421161,-0.24123034021393064,0.2,True,0.0,-0.11893848076061886
OADMET-0001066,2.42,3.1695834657520923,3.1429777566183654,-0.7495834657520923,-0.7229777566183655,0.19318181818181818,True,0.0,-0.08868569711242236
OADMET-0001065,3.31,3.019785793892388,2.9962473638780067,0.29021420610761206,0.31375263612199333,0.22,True,0.0,-0.0784614333812712
OADMET-0001064,3.14,3.0697499912919346,3.0376961546952446,0.07025000870806553,0.10230384530475556,0.2261904761904762,True,0.0,-0.10684612198896737
OADMET-0001063,2.44,2.8226004535712086,2.803099619532115,-0.38260045357120864,-0.363099619532115,0.16666666666666666,True,0.0,-0.06500278013031258
OADMET-0001062,3.3,3.3382859278651114,3.308225842351583,-0.038285927865111535,-0.00822584235158308,0.18292682926829268,True,0.0,-0.1002002850450947
OADMET-0001061,4.08,3.122139274032371,3.0982893243766885,0.9578607259676293,0.9817106756233116,0.22093023255813954,True,0.0,-0.07949983218560774
OADMET-0001060,3.97,3.917085463329426,3.8809475331263568,0.05291453667057411,0.08905246687364343,0.18518518518518517,True,0.0,-0.12045976734356412
OADMET-0001059,3.61,4.542930789364194,4.494026664825728,-0.9329307893641938,-0.8840266648257278,0.21686746987951808,True,0.0,-0.16301374846155348
OADMET-0001058,4.1,4.900050773203951,4.838011761449685,-0.8000507732039512,-0.7380117614496857,0.2894736842105263,True,0.0,-0.20679670584755172
OADMET-0001057,3.65,3.206651316337215,3.179286600453335,0.4433486836627849,0.470713399546665,0.1744186046511628,True,0.0,-0.09121571961293373
OADMET-0001056,3.92,4.59412811566325,4.544638394508865,-0.6741281156632501,-0.6246383945088647,0.1780821917808219,True,0.0,-0.1649657371812836
OADMET-0001055,2.8,3.3973232702144136,3.361522640230857,-0.5973232702144138,-0.5615226402308573,0.25842696629213485,True,0.0,-0.11933543327852147
OADMET-0001054,2.56,2.8456651598504443,2.8256920494996707,-0.2856651598504443,-0.2656920494996706,0.189873417721519,True,0.0,-0.06657703450257868
OADMET-0001053,4.64,4.570009939184467,4.515947622508984,0.06999006081553283,0.12405237749101605,0.2,True,0.0,-0.18020772225160986
OADMET-0001052,2.85,2.5195765995284884,2.5102892098452343,0.33042340047151164,0.3397107901547658,0.21951219512195122,True,0.0,-0.030957965610847182
OADMET-0001051,2.49,2.8795043851565385,2.849626583739803,-0.3895043851565383,-0.3596265837398027,0.16483516483516483,True,0.0,-0.09959267138911843
OADMET-0001050,2.16,2.9493246290290243,2.9272289721701066,-0.7893246290290241,-0.7672289721701064,0.23376623376623376,True,0.0,-0.07365218952972485
OADMET-0001049,4.01,4.066084078446175,4.021121491160347,-0.056084078446175134,-0.011121491160347219,0.18181818181818182,True,0.0,-0.14987529095275898
OADMET-0001048,2.97,3.5249901237997037,3.4877292363607504,-0.5549901237997035,-0.5177292363607502,0.2289156626506024,True,0.0,-0.12420295812984472
OADMET-0001047,3.79,3.3401694776942428,3.3220708672508885,0.44983052230575726,0.4679291327491115,0.3048780487804878,True,0.007338512407948454,-0.06766721388579633
OADMET-0001046,4.23,4.700668457179393,4.649960124273951,-0.4706684571793929,-0.4199601242739508,0.2087912087912088,True,0.0,-0.1690277763514736
OADMET-0001045,4.29,4.278941123230943,4.233056520732012,0.011058876769056702,0.05694347926798837,0.24358974358974358,True,0.0,-0.15294867499643772
OADMET-0001044,3.2,2.650071948361628,2.6341038333224454,0.5499280516383722,0.5658961666775548,0.18181818181818182,True,0.0,-0.05322705013060869
OADMET-0001043,3.76,3.7815556695160355,3.7424191277003227,-0.021555669516035714,0.017580872299677086,0.18604651162790697,True,0.0,-0.13045513938570874
OADMET-0001042,3.87,3.925794796341831,3.8839494925504643,-0.05579479634183082,-0.013949492550464182,0.1797752808988764,True,0.0,-0.13948434597122272
OADMET-0001041,3.76,2.5611073405997264,2.534871374514821,1.1988926594002733,1.225128625485179,0.22535211267605634,True,0.0,-0.08745322028301894
OADMET-0001040,3.08,3.654168002235079,3.615429574191339,-0.574168002235079,-0.5354295741913391,0.2289156626506024,True,0.0,-0.12912809347913345
OADMET-0001039,3.33,3.9428334218784444,3.900793229756467,-0.6128334218784444,-0.5707932297564668,0.1728395061728395,True,0.0,-0.1401339737399252
OADMET-0001038,3.97,4.323477309421428,4.28114110258549,-0.3534773094214274,-0.31114110258549,0.22535211267605634,True,0.0,-0.14112068945312473
OADMET-0001037,2.68,2.5485173672148322,2.5224254056383972,0.13148263278516792,0.15757459436160293,0.20238095238095238,True,0.0,-0.0869732052547838
OADMET-0001036,2.5,2.872945834247811,2.865472110909269,-0.3729458342478109,-0.3654721109092689,0.19480519480519481,True,0.0,-0.02491241112847309
OADMET-0001035,3.12,3.207962551626187,3.1912917935017373,-0.08796255162618705,-0.0712917935017372,0.20253164556962025,True,0.0,-0.0555691937481666
OADMET-0001034,3.56,3.5735732947738423,3.535756711509156,-0.013573294773842282,0.024243288490843895,0.22448979591836735,True,0.0,-0.12605527754895451
OADMET-0001033,2.04,2.636262962771851,2.62402853064696,-0.596262962771851,-0.5840285306469601,0.28,True,0.0,-0.040781440416302495
OADMET-0001032,2.5,2.5783828921688414,2.5676742890590565,-0.07838289216884142,-0.06767428905905648,0.1875,True,0.0,-0.03569534369928329
OADMET-0001031,3.73,3.5943500227141145,3.559087820626824,0.13564997728588546,0.17091217937317582,0.20652173913043478,True,0.0,-0.1175406736243012
OADMET-0001030,3.39,3.398217302155726,3.3669300530242783,-0.008217302155725914,0.023069946975721844,0.1956521739130435,True,0.0,-0.10429083043815979
OADMET-0001029,2.7,3.4729273870153334,3.436261994784437,-0.7729273870153333,-0.7362619947844369,0.2962962962962963,True,0.0,-0.12221797410298807
OADMET-0001028,3.44,4.276625670044167,4.235125348403361,-0.836625670044167,-0.7951253484033614,0.1839080459770115,True,0.0,-0.1383344054693536
OADMET-0001027,3.67,3.004701620166742,2.981472055907928,0.6652983798332581,0.6885279440920717,0.18181818181818182,True,0.0,-0.07743188086271147
OADMET-0001026,2.94,3.4552720134698065,3.4228165036938414,-0.5152720134698066,-0.48281650369384144,0.17582417582417584,True,0.0,-0.10818503258654966
OADMET-0001025,2.39,2.980358124820931,2.961984653475724,-0.5903581248209311,-0.5719846534757238,0.20238095238095238,True,0.0,-0.061244904484023976
OADMET-0001024,4.24,4.504087812692216,4.450156596644878,-0.2640878126922157,-0.21015659664487796,0.16666666666666666,True,0.0,-0.1797707201577925
OADMET-0001023,5.58,5.519125215058187,5.444409944152188,0.060874784941812976,0.13559005584781225,0.21951219512195122,True,0.0,-0.249050903019997
OADMET-0001022,2.31,2.699172403395755,2.6964691891258927,-0.3891724033957549,-0.3864691891258927,0.2235294117647059,True,0.0,-0.009010714232873696
OADMET-0001021,1.62,3.968063614322144,3.932068381886018,-2.348063614322144,-2.312068381886018,0.175,True,0.0,-0.11998410812042026
OADMET-0001020,2.74,2.6677665594712043,2.665925513039757,0.07223344052879588,0.07407448696024321,0.1839080459770115,True,0.0,-0.00613682143815808
OADMET-0001019,2.31,2.723119821247545,2.70933576646141,-0.4131198212475451,-0.3993357664614101,0.20253164556962025,True,0.0,-0.045946849287116454
OADMET-0001018,3.34,2.8788220606961294,2.8489520637278654,0.4611779393038704,0.4910479362721345,0.1927710843373494,True,0.0,-0.09956665656088015
OADMET-0001017,4.26,3.3443356708415504,3.315115743105405,0.9156643291584494,0.944884256894595,0.18604651162790697,True,0.0,-0.09739975912048537
OADMET-0001016,3.28,3.0464060944260902,3.022322583230112,0.23359390557390958,0.25767741676988765,0.2,True,0.0,-0.08027837065325993
OADMET-0001015,4.0,4.286248487407722,4.236777781363792,-0.2862484874077218,-0.23677778136379235,0.1951219512195122,True,0.0,-0.164902353479766
OADMET-0001014,4.11,4.2592281887832195,4.213697597305311,-0.1492281887832192,-0.10369759730531047,0.20238095238095238,True,0.0,-0.15176863825969722
OADMET-0001013,2.37,3.0142800716520513,2.995301395163053,-0.6442800716520511,-0.6253013951630528,0.25925925925925924,True,0.0,-0.06326225496332771
OADMET-0001012,3.47,2.673485105940439,2.6570375796496135,0.7965148940595612,0.8129624203503867,0.2597402597402597,True,0.0,-0.054825087636084735
OADMET-0001011,3.14,2.888215861042726,2.858238417492946,0.2517841389572739,0.2817615825070541,0.2222222222222222,True,0.0,-0.09992481183259994
OADMET-0001010,5.6,5.012501429354103,4.958226341181582,0.5874985706458968,0.6417736588184173,0.23170731707317074,True,0.0,-0.18091696057506912
OADMET-0001009,3.21,3.1833010259183867,3.1673072874709938,0.026698974081613258,0.042692712529006194,0.18604651162790697,True,0.0,-0.05331246149130964
OADMET-0001008,2.78,2.9608501403077137,2.950963227063335,-0.18085014030771385,-0.17096322706333522,0.19047619047619047,True,0.0,-0.03295637748126223
OADMET-0001007,1.63,3.0564491763855646,3.034186805959485,-1.4264491763855647,-1.404186805959485,0.2,True,0.0,-0.07420790142026501
OADMET-0001006,4.26,4.79553241660294,4.735278951957133,-0.5355324166029405,-0.475278951957133,0.2222222222222222,True,0.0,-0.20084488215269225
OADMET-0001005,2.67,2.5402389951122615,2.529717737040857,0.12976100488773845,0.14028226295914292,0.21348314606741572,True,0.0,-0.035070860238014756
OADMET-0001004,2.79,2.4729677909786263,2.463646725778621,0.31703220902137375,0.32635327422137905,0.12790697674418605,True,0.0,-0.03107021733335058
OADMET-0001003,3.49,3.2342119696070846,3.2076534795461704,0.25578803039291564,0.2823465204538298,0.2073170731707317,True,0.0,-0.08852830020304792
OADMET-0001002,3.6,2.8428719044889057,2.822955989244966,0.7571280955110944,0.7770440107550343,0.2073170731707317,True,0.0,-0.06638638414646669
OADMET-0001001,2.92,3.0254958159715226,3.001840466706816,-0.10549581597152269,-0.081840466706816,0.17073170731707318,True,0.0,-0.07885116421568927
OADMET-0001000,2.65,2.856935791946152,2.8367319024780544,-0.2069357919461523,-0.1867319024780545,0.20512820512820512,True,0.0,-0.06734629822699256
OADMET-0000999,4.84,4.879648241487521,4.81802699496778,-0.03964824148752122,0.021973005032219994,0.20238095238095238,True,0.0,-0.20540415506580523
OADMET-0000998,2.57,2.5775098063413378,2.563027484374308,-0.00750980634133791,0.006972515625691678,0.2111111111111111,True,0.0,-0.04827440655676485
OADMET-0000997,3.07,2.9171917342445224,2.8957540352563313,0.15280826575547746,0.1742459647436685,0.18085106382978725,True,0.0,-0.0714589966273027
OADMET-0000996,4.55,5.013452160474166,4.947216261636407,-0.4634521604741666,-0.397216261636407,0.2345679012345679,True,0.0,-0.22078632945919807
OADMET-0000995,2.93,3.038755342451114,3.0267297393535157,-0.10875534245111362,-0.09672973935351559,0.22093023255813954,True,0.0,-0.040085343658660566
OADMET-0000994,3.14,3.0983309300200452,3.073184198267863,0.0416690699799549,0.06681580173213719,0.19696969696969696,True,0.0,-0.08382243917394128
OADMET-0000993,2.75,3.148791449625515,3.133745084121467,-0.39879144962551516,-0.3837450841214669,0.2894736842105263,True,0.0,-0.05015455168016025
OADMET-0000992,3.26,3.1308240362741415,3.0980716328450124,0.12917596372585827,0.16192836715498737,0.27631578947368424,True,0.0,-0.10917467809709702
OADMET-0000991,3.17,2.3566593781258294,2.33276189421589,0.8133406218741706,0.8372381057841101,0.1511627906976744,True,0.0,-0.07965827969979822
OADMET-0000990,4.39,4.530010908784218,4.475548887615782,-0.14001090878421873,-0.08554888761578194,0.27710843373493976,True,0.0,-0.18154007056145538
OADMET-0000989,3.63,3.3628739698419294,3.3332060138717052,0.26712603015807046,0.29679398612829466,0.208955223880597,True,0.0,-0.09889318656741475
OADMET-0000988,3.79,3.801339173895641,3.7617975421400267,-0.011339173895640986,0.02820245785997333,0.15555555555555556,True,0.0,-0.13180543918538046
OADMET-0000987,4.19,3.7341076886769633,3.6959426986822903,0.4558923113230371,0.4940573013177101,0.17721518987341772,True,0.0,-0.12721663331557664
OADMET-0000986,3.86,4.4255113835473665,4.381354775694636,-0.5655113835473666,-0.5213547756946357,0.22666666666666666,True,0.0,-0.14718869284243574
OADMET-0000985,4.55,4.541954044925356,4.4930610924202625,0.008045955074643452,0.0569389075797373,0.21951219512195122,True,0.0,-0.16297650835031163
OADMET-0000984,3.92,3.2770339483196294,3.242609191353764,0.6429660516803706,0.6773908086462361,0.20987654320987653,True,0.0,-0.11474918988621807
OADMET-0000983,2.32,2.7209886726823824,2.70356845638541,-0.4009886726823826,-0.38356845638541026,0.24050632911392406,True,0.0,-0.05806738765657382
OADMET-0000982,3.01,2.78640474138908,2.7706687265543,0.22359525861091978,0.23933127344569982,0.2077922077922078,True,0.0,-0.052453382782600144
OADMET-0000981,3.99,4.31545736847572,4.265388577095169,-0.3254573684757194,-0.2753885770951685,0.24096385542168675,True,0.0,-0.16689597126850408
OADMET-0000980,2.74,3.412907503299343,3.376928620371425,-0.6729075032993426,-0.6369286203714246,0.16483516483516483,True,0.0,-0.11992960975972577
OADMET-0000979,3.6,3.465572470947377,3.4385422376663377,0.13442752905262312,0.16145776233366238,0.21739130434782608,True,0.0,-0.0901007776034648
OADMET-0000978,4.25,4.556219398280949,4.497711016069961,-0.30621939828094913,-0.24771101606996115,0.1956521739130435,True,0.0,-0.19502794070329266
OADMET-0000977,2.68,2.6578868407647587,2.6417587068415007,0.022113159235241486,0.038241293158499445,0.2,True,0.0,-0.05376044641085942
OADMET-0000976,3.81,4.052563742063578,4.009268451114978,-0.24256374206357778,-0.19926845111497782,0.2876712328767123,True,0.0,-0.14431763649533247
OADMET-0000975,3.28,2.9343592824287783,2.912570058203765,0.3456407175712215,0.3674299417962348,0.17647058823529413,True,0.0,-0.0726307474167105
OADMET-0000974,3.64,3.31318253371322,3.283636468983532,0.32681746628678,0.3563635310164681,0.20454545454545456,True,0.0,-0.09848688243229331
OADMET-0000973,4.06,4.762976243657973,4.703743990093276,-0.7029762436579734,-0.6437439900932764,0.17647058823529413,True,0.0,-0.19744084521565686
OADMET-0000972,4.36,4.837684585515735,4.785409057858532,-0.47768458551573456,-0.42540905785853145,0.24358974358974358,True,0.0,-0.1742517588573449
OADMET-0000971,3.09,2.9030666013365813,2.8729192945558744,0.18693339866341852,0.2170807054441255,0.18181818181818182,True,0.0,-0.10049102260235632
OADMET-0000970,4.25,4.373909778039432,4.326938921103123,-0.12390977803943226,-0.07693892110312284,0.2987012987012987,True,0.0,-0.15656952312103112
OADMET-0000969,3.92,4.096663020652475,4.05559524380058,-0.17666302065247486,-0.13559524380058008,0.17105263157894737,True,0.0,-0.1368925895063171
OADMET-0000968,3.94,3.32981022156558,3.2999236858584773,0.6101897784344201,0.6400763141415227,0.15942028985507245,True,0.0,-0.09962178569034252
OADMET-0000967,3.13,3.0673632669217374,3.0448371279206987,0.06263673307826245,0.08516287207930118,0.16666666666666666,True,0.0,-0.07508713000346257
OADMET-0000966,3.9,4.1740756243177985,4.12690178628551,-0.27407562431779864,-0.22690178628550983,0.22727272727272727,True,0.0,-0.15724612677429484
OADMET-0000965,2.96,2.55457622322064,2.540563492668247,0.4054237767793598,0.41943650733175275,0.2235294117647059,True,0.0,-0.04670910184130905
OADMET-0000964,3.15,3.353343060294401,3.3229746627268586,-0.2033430602944013,-0.17297466272685869,0.2702702702702703,True,0.0,-0.10122799189180798
OADMET-0000963,3.93,3.0642139723000015,3.0397658243824752,0.8657860276999987,0.8902341756175249,0.17777777777777778,True,0.0,-0.08149382639175462
OADMET-0000962,4.39,4.42144856406647,4.366197284292832,-0.03144856406647012,0.023802715707168076,0.2375,True,0.0,-0.1841709325787937
OADMET-0000961,2.44,2.8169522364162702,2.7975670561008013,-0.3769522364162703,-0.3575670561008013,0.20481927710843373,True,0.0,-0.0646172677182304
OADMET-0000960,3.63,3.7503776355854512,3.710538758753044,-0.12037763558545134,-0.08053875875304417,0.23170731707317074,True,0.0,-0.13279625610802448
OADMET-0000959,2.7,2.5901318111465974,2.5635638622618124,0.10986818885340277,0.13643613773818775,0.20689655172413793,True,0.0,-0.08855982961594977
OADMET-0000958,2.56,2.765824890599667,2.7635867411392874,-0.20582489059966713,-0.20358674113928732,0.3050847457627119,True,0.00764946632353953,-0.01510996452480562
OADMET-0000957,3.56,3.2347887629444156,3.2173815591864505,0.3252112370555844,0.34261844081354953,0.19047619047619047,True,0.0,-0.058024012526550095
OADMET-0000956,2.94,2.532743759757107,2.5231381499639634,0.407256240242893,0.4168618500360366,0.2222222222222222,True,0.0,-0.032018699310478294
OADMET-0000955,3.66,3.8663640974794777,3.8254910058428813,-0.2063640974794776,-0.16549100584288112,0.2375,True,0.0,-0.13624363878865475
OADMET-0000954,2.48,2.743936800725252,2.7156096255698876,-0.26393680072525205,-0.23560962556988763,0.1951219512195122,True,0.0,-0.09442391718454868
OADMET-0000953,2.73,2.783682315673643,2.764978375139335,-0.05368231567364301,-0.03497837513933488,0.18823529411764706,True,0.0,-0.06234646844769376
OADMET-0000952,3.99,4.199685159701746,4.151986937063447,-0.2096851597017455,-0.16198693706344702,0.1875,True,0.0,-0.15899407546099376
OADMET-0000951,3.33,2.4342577869452318,2.409472730013609,0.8957422130547683,0.9205272699863909,0.16049382716049382,True,0.0,-0.08261685643874195
OADMET-0000950,3.79,4.681983809795194,4.633251449484076,-0.8919838097951942,-0.8432514494840762,0.2676056338028169,True,0.0,-0.16244120103705928
OADMET-0000949,3.08,2.9526602336503927,2.921945673355616,0.12733976634960742,0.1580543266443839,0.1956521739130435,True,0.0,-0.1023818676492545
OADMET-0000948,3.13,2.488447942085636,2.4630430564684103,0.6415520579143639,0.6669569435315896,0.2823529411764706,True,0.0,-0.08468295205741994
OADMET-0000947,2.15,3.355558743407425,3.326067579708232,-1.2055587434074253,-1.1760675797082323,0.25609756097560976,True,0.0,-0.09830387899730963
OADMET-0000946,2.52,2.7813809367059505,2.7526254743547227,-0.26138093670595053,-0.2326254743547227,0.1978021978021978,True,0.0,-0.095851541170759
OADMET-0000945,3.26,2.6966487513005153,2.6688624583301848,0.5633512486994845,0.591137541669815,0.18681318681318682,True,0.0,-0.09262097656776813
OADMET-0000944,2.54,2.5489456256616463,2.5382690316474137,-0.00894562566164625,0.0017309683525863484,0.2087912087912088,True,0.0,-0.03558864671410866
OADMET-0000943,2.61,2.7284813973510147,2.7109077589237933,-0.11848139735101482,-0.10090775892379344,0.13924050632911392,True,0.0,-0.05857879475740502
OADMET-0000942,2.26,3.1704121924141075,3.1372069784196253,-0.9104121924141078,-0.8772069784196255,0.23170731707317074,True,0.0,-0.11068404664827414
OADMET-0000941,3.86,3.1018955763103895,3.081353742071069,0.7581044236896104,0.7786462579289308,0.18556701030927836,True,0.0,-0.06847278079773478
OADMET-0000940,3.09,2.9209199942431403,2.890568479797219,0.16908000575685955,0.199431520202781,0.23809523809523808,True,0.0,-0.10117171481973797
OADMET-0000939,4.76,4.767250848742364,4.707931067736445,-0.007250848742364369,0.05206893226355458,0.1686746987951807,True,0.0,-0.19773260335306198
OADMET-0000938,2.34,2.608800007417364,2.582018531121057,-0.2688000074173642,-0.2420185311210572,0.1951219512195122,True,0.0,-0.08927158765435594
OADMET-0000937,2.83,2.8206709081686814,2.804106758552463,0.009329091831318692,0.02589324144753702,0.25675675675675674,True,0.0,-0.055213832054061385
OADMET-0000936,3.96,3.2505133754998736,3.2222505336536145,0.7094866245001263,0.7377494663463855,0.2159090909090909,True,0.0,-0.09420947282086312
OADMET-0000935,2.59,2.8627231552762895,2.855530069676789,-0.27272315527628965,-0.26553006967678927,0.22784810126582278,True,0.0,-0.02397695199833416
OADMET-0000934,2.14,2.922157334008263,2.9133326336835417,-0.782157334008263,-0.7733326336835415,0.1978021978021978,True,0.0,-0.02941566774907134
OADMET-0000933,4.05,4.611682545328603,4.5555482037408614,-0.561682545328603,-0.5055482037408616,0.20689655172413793,True,0.0,-0.18711447195913866
OADMET-0000932,2.64,2.597956209391066,2.583055223873652,0.04204379060893393,0.056944776126348184,0.13095238095238096,True,0.0,-0.049669951724714334
OADMET-0000931,4.35,4.5307541342614925,4.481989286684087,-0.1807541342614929,-0.13198928668408705,0.2962962962962963,True,0.0,-0.16254949192468526
OADMET-0000930,2.76,2.561153223792326,2.5349167328940316,0.19884677620767377,0.22508326710596815,0.17391304347826086,True,0.0,-0.08745496966098187
OADMET-0000929,2.13,2.6540388581822216,2.652574670993123,-0.5240388581822217,-0.5225746709931229,0.2111111111111111,True,0.0,-0.0048806239636625115
OADMET-0000928,1.88,2.671251964569092,2.669315235175376,-0.7912519645690921,-0.7893152351753763,0.18292682926829268,True,0.0,-0.0064557646457199525
OADMET-0000927,2.32,2.5595416810906046,2.545427277093936,-0.2395416810906048,-0.22542727709393606,0.1978021978021978,True,0.0,-0.04704801332222974
