pool_idx,compound_id,molecule_name,pec50,source,true_bin,fold,target,score,pred_default
0,1,OADMET-0006089,5.27,train,5to6,4,0,0.0007984009274033311,False
1,2,OADMET-0006088,5.08,train,5to6,2,0,0.00020741085012993354,False
2,3,OADMET-0006087,5.12,train,5to6,0,0,0.002595064386202871,False
3,4,OADMET-0006086,5.23,train,5to6,3,0,0.002470739972771278,False
4,5,OADMET-0006085,5.28,train,5to6,0,0,0.0008629062091418665,False
5,6,OADMET-0006084,4.5,train,4to5,3,0,0.0011342958930812812,False
6,7,OADMET-0006083,4.66,train,4to5,0,0,0.0012004530236843529,False
7,8,OADMET-0006082,5.18,train,5to6,1,0,0.0005176311238685064,False
8,9,OADMET-0006081,4.31,train,4to5,1,0,0.00046059111358170307,False
9,10,OADMET-0006080,4.24,train,4to5,3,0,0.0005112637899038254,False
10,11,OADMET-0006079,5.3,train,5to6,1,0,0.0005777106558513609,False
11,12,OADMET-0006078,4.19,train,4to5,0,0,0.002088349099713859,False
12,13,OADMET-0006077,5.07,train,5to6,1,0,0.00017370629242314666,False
13,14,OADMET-0006076,5.12,train,5to6,4,0,0.0002019446373970278,False
14,15,OADMET-0006075,5.03,train,5to6,3,0,0.002845725600506074,False
15,16,OADMET-0006074,5.14,train,5to6,0,0,0.010189772605402339,False
16,17,OADMET-0006073,5.07,train,5to6,0,0,0.007822636862601425,False
17,18,OADMET-0006072,5.44,train,5to6,0,0,0.00026210664461321894,False
18,19,OADMET-0006071,3.96,train,3to4,0,0,0.00027790368062653546,False
19,20,OADMET-0006070,4.36,train,4to5,0,0,0.00024551122723394625,False
20,21,OADMET-0006069,5.19,train,5to6,0,0,0.0003299837807373011,False
21,22,OADMET-0006068,4.76,train,4to5,3,0,0.00038257984549151336,False
22,23,OADMET-0006067,4.74,train,4to5,1,0,0.00018592950668950067,False
23,24,OADMET-0006066,5.02,train,5to6,2,0,0.0031573197252325606,False
24,25,OADMET-0006065,5.2,train,5to6,4,0,0.07853118926857487,False
25,26,OADMET-0006064,4.61,train,4to5,4,0,0.0010643931899383431,False
26,27,OADMET-0006063,5.44,train,5to6,3,0,0.0052064467477282,False
27,28,OADMET-0006062,4.81,train,4to5,1,0,0.0006579703893059687,False
28,29,OADMET-0006061,4.69,train,4to5,3,0,0.0009882547405729752,False
29,30,OADMET-0006060,4.87,train,4to5,0,0,0.00019229423548723027,False
30,31,OADMET-0006059,4.45,train,4to5,3,0,0.000917922544661182,False
31,32,OADMET-0006058,5.26,train,5to6,1,0,0.0013846017336918465,False
32,33,OADMET-0006057,4.48,train,4to5,1,0,0.0002448783651508289,False
33,34,OADMET-0006056,4.58,train,4to5,4,0,0.017649715932479052,False
34,35,OADMET-0006055,4.95,train,4to5,2,0,0.00461459914558309,False
35,36,OADMET-0006054,4.68,train,4to5,4,0,0.0003647535531972049,False
36,37,OADMET-0006053,5.31,train,5to6,2,0,0.0011425007526040772,False
37,38,OADMET-0006052,4.6,train,4to5,4,0,0.0018689404652387294,False
38,39,OADMET-0006051,5.11,train,5to6,0,0,0.0018066904474830071,False
39,40,OADMET-0006050,5.18,train,5to6,4,0,0.00016345380476345212,False
40,41,OADMET-0006049,4.85,train,4to5,0,0,0.00023065496973241826,False
41,42,OADMET-0006048,4.99,train,4to5,0,0,0.0002140017758857033,False
42,43,OADMET-0006047,4.93,train,4to5,0,0,0.0004942761294915524,False
43,44,OADMET-0006046,5.13,train,5to6,1,0,0.00017487161081286247,False
44,45,OADMET-0006045,5.42,train,5to6,4,0,0.0014442494852867386,False
45,46,OADMET-0006044,4.93,train,4to5,0,0,0.0008207431919705789,False
46,47,OADMET-0006043,4.72,train,4to5,2,0,0.00011931901943527053,False
47,48,OADMET-0006042,5.24,train,5to6,3,0,0.00188031028971373,False
48,49,OADMET-0006041,5.09,train,5to6,1,0,0.00019618651483631043,False
49,50,OADMET-0006040,5.3,train,5to6,1,0,0.00020786897120761948,False
50,51,OADMET-0006039,4.18,train,4to5,2,0,0.0006631669275956557,False
51,52,OADMET-0006038,4.94,train,4to5,2,0,0.001525575755559261,False
52,53,OADMET-0006037,4.74,train,4to5,1,0,0.0002092692209918711,False
53,54,OADMET-0006036,5.2,train,5to6,0,0,0.00048458170789292525,False
54,55,OADMET-0006035,5.53,train,5to6,0,0,0.00022020039725753813,False
55,56,OADMET-0006034,4.93,train,4to5,2,0,0.00034165125682074734,False
56,57,OADMET-0006033,5.14,train,5to6,2,0,0.0005213740557280087,False
57,58,OADMET-0006032,4.76,train,4to5,0,0,0.00037837514322917583,False
58,59,OADMET-0006031,4.42,train,4to5,0,0,0.0003720498815332796,False
59,60,OADMET-0006030,5.06,train,5to6,2,0,0.005262669913879255,False
60,61,OADMET-0006029,4.74,train,4to5,1,0,0.0005738140099383057,False
61,62,OADMET-0006028,5.23,train,5to6,2,0,0.003122868405924556,False
62,63,OADMET-0006027,5.23,train,5to6,1,0,0.0006456065186229801,False
63,64,OADMET-0006026,4.64,train,4to5,2,0,0.00036038015744207087,False
64,65,OADMET-0006025,5.22,train,5to6,4,0,0.003967897060737491,False
65,66,OADMET-0006024,4.61,train,4to5,2,0,0.00015402251111097656,False
66,67,OADMET-0006023,4.98,train,4to5,4,0,0.0004002030621426753,False
67,68,OADMET-0006022,4.97,train,4to5,2,0,0.0015030072343607905,False
68,69,OADMET-0006021,4.93,train,4to5,0,0,0.00047031142816811864,False
69,70,OADMET-0006020,5.07,train,5to6,0,0,0.00039513194955581853,False
70,71,OADMET-0006019,4.73,train,4to5,0,0,0.000491989548041153,False
71,72,OADMET-0006018,4.63,train,4to5,0,0,0.00019844760781157037,False
72,73,OADMET-0006017,5.16,train,5to6,3,0,0.00012350611091550053,False
73,74,OADMET-0006016,4.26,train,4to5,2,0,0.005915483543238901,False
74,75,OADMET-0006015,4.51,train,4to5,1,0,0.0008899775239061453,False
75,76,OADMET-0006014,5.39,train,5to6,1,0,0.0002792031671204012,False
76,77,OADMET-0006013,4.34,train,4to5,0,0,0.0022160025137592083,False
77,78,OADMET-0006012,4.93,train,4to5,3,0,0.0005984968129014873,False
78,79,OADMET-0006011,5.11,train,5to6,2,0,0.0011592615817203927,False
79,80,OADMET-0006010,5.28,train,5to6,1,0,0.001419978607399253,False
80,81,OADMET-0006009,4.11,train,4to5,0,0,0.00033385253121740366,False
81,82,OADMET-0006008,4.81,train,4to5,1,0,0.00012428854518705743,False
82,83,OADMET-0006007,4.99,train,4to5,0,0,0.0007129445986862732,False
83,84,OADMET-0006006,4.81,train,4to5,1,0,0.0009735700345421941,False
84,85,OADMET-0006005,4.4,train,4to5,3,0,0.00027001780478073614,False
85,86,OADMET-0006004,4.69,train,4to5,0,0,0.0011589367752105108,False
86,87,OADMET-0006003,4.38,train,4to5,3,0,0.0003216629445771374,False
87,88,OADMET-0006002,4.61,train,4to5,0,0,0.0003493979700282329,False
88,89,OADMET-0006001,5.16,train,5to6,4,0,0.010567264465049724,False
89,90,OADMET-0006000,5.22,train,5to6,1,0,0.0004482484041335553,False
90,91,OADMET-0005999,4.98,train,4to5,3,0,0.012887386491282463,False
91,92,OADMET-0005998,4.83,train,4to5,1,0,0.0017469867100095905,False
92,93,OADMET-0005997,5.11,train,5to6,1,0,0.00021858889019703545,False
93,94,OADMET-0005996,4.85,train,4to5,3,0,0.0002749368996018551,False
94,95,OADMET-0005995,5.1,train,5to6,1,0,0.010623883459653117,False
95,96,OADMET-0005994,5.16,train,5to6,4,0,0.06038549425594391,False
96,97,OADMET-0005993,5.08,train,5to6,0,0,0.0017991314565378113,False
97,98,OADMET-0005992,4.56,train,4to5,4,0,0.00016319399824567233,False
98,99,OADMET-0005991,4.65,train,4to5,1,0,0.001537580075603764,False
99,100,OADMET-0005990,4.84,train,4to5,2,0,0.00020112881857870343,False
100,101,OADMET-0005989,4.7,train,4to5,1,0,0.00035566021315260233,False
101,102,OADMET-0005988,4.52,train,4to5,4,0,0.001293531349120203,False
102,103,OADMET-0005987,4.83,train,4to5,2,0,0.00010488713480110184,False
103,104,OADMET-0005986,4.63,train,4to5,0,0,0.00022312302720112616,False
104,105,OADMET-0005985,4.82,train,4to5,4,0,0.00013322372329213918,False
105,106,OADMET-0005984,5.35,train,5to6,2,0,0.0002462123711694213,False
106,107,OADMET-0005983,4.56,train,4to5,2,0,0.0003413764581474267,False
107,108,OADMET-0005982,4.42,train,4to5,1,0,0.0002302006610874887,False
108,109,OADMET-0005981,4.5,train,4to5,1,0,0.000871743431521455,False
109,110,OADMET-0005980,4.42,train,4to5,1,0,0.0005084679999967681,False
110,111,OADMET-0005979,5.2,train,5to6,3,0,0.019649354591622762,False
111,112,OADMET-0005978,4.26,train,4to5,0,0,0.0002479182323951778,False
112,113,OADMET-0005977,5.36,train,5to6,3,0,0.0003906995133990163,False
113,114,OADMET-0005976,5.0,train,4to5,3,0,0.0009936641930157236,False
114,115,OADMET-0005975,4.71,train,4to5,3,0,0.00016481551935773747,False
115,116,OADMET-0005974,4.06,train,4to5,4,0,9.472122184151051e-05,False
116,117,OADMET-0005973,4.68,train,4to5,1,0,0.0005183122469515835,False
117,118,OADMET-0005972,5.11,train,5to6,1,0,0.0008096558890231713,False
118,119,OADMET-0005971,4.68,train,4to5,1,0,0.0004456380590442155,False
119,120,OADMET-0005970,4.46,train,4to5,3,0,0.0001370564448582423,False
120,121,OADMET-0005969,4.57,train,4to5,3,0,0.011881943170511191,False
121,122,OADMET-0005968,3.85,train,3to4,1,0,0.00024402850562335262,False
122,123,OADMET-0005967,5.2,train,5to6,4,0,0.0003619097030925457,False
123,124,OADMET-0005966,4.34,train,4to5,0,0,0.00012871361360178117,False
124,125,OADMET-0005965,5.07,train,5to6,4,0,0.0002371250573703016,False
125,126,OADMET-0005964,5.22,train,5to6,3,0,0.0002050254212509906,False
126,127,OADMET-0005963,5.0,train,4to5,2,0,0.0007155406526179766,False
127,128,OADMET-0005962,4.51,train,4to5,3,0,0.0016406575862734914,False
128,129,OADMET-0005961,4.61,train,4to5,0,0,0.0010316421346671359,False
129,130,OADMET-0005960,4.42,train,4to5,1,0,0.0004112897000708684,False
130,131,OADMET-0005959,4.53,train,4to5,2,0,0.0017299865985169558,False
131,132,OADMET-0005958,5.09,train,5to6,2,0,0.0004171193071701676,False
132,133,OADMET-0005957,5.31,train,5to6,3,0,0.0005849135941506129,False
133,134,OADMET-0005956,4.45,train,4to5,4,0,0.00013177530583363955,False
134,135,OADMET-0005955,4.87,train,4to5,0,0,0.0001377017808487769,False
135,136,OADMET-0005954,4.91,train,4to5,3,0,0.0001356118636933826,False
136,137,OADMET-0005953,5.52,train,5to6,0,0,0.00016965751379798076,False
137,138,OADMET-0005952,5.03,train,5to6,1,0,0.001922800441153132,False
138,139,OADMET-0005951,4.8,train,4to5,0,0,0.004947234906762925,False
139,140,OADMET-0005950,4.83,train,4to5,4,0,0.000397032105774329,False
140,141,OADMET-0005949,5.28,train,5to6,2,0,0.0019068433123651265,False
141,142,OADMET-0005948,5.04,train,5to6,0,0,0.08576284003126694,False
142,143,OADMET-0005947,5.18,train,5to6,1,0,0.00034801596402553536,False
143,144,OADMET-0005946,5.06,train,5to6,0,0,0.0006784315151775115,False
144,145,OADMET-0005945,5.26,train,5to6,4,0,0.00065773538722525,False
145,146,OADMET-0005944,5.24,train,5to6,1,0,0.0002987988701360194,False
146,147,OADMET-0005943,5.0,train,4to5,2,0,0.009969492918262502,False
147,148,OADMET-0005942,4.41,train,4to5,1,0,0.0006775724348602166,False
148,149,OADMET-0005941,5.07,train,5to6,0,0,0.0001462707091438527,False
149,150,OADMET-0005940,5.22,train,5to6,2,0,0.0007640077746135719,False
150,151,OADMET-0005939,4.44,train,4to5,4,0,0.0007150706333499683,False
151,152,OADMET-0005938,4.82,train,4to5,3,0,0.0016370701604171776,False
152,153,OADMET-0005937,4.89,train,4to5,3,0,0.00019426648215140055,False
153,154,OADMET-0005936,4.97,train,4to5,2,0,0.00016832416738339363,False
154,155,OADMET-0005935,4.49,train,4to5,0,0,0.000478952087487432,False
155,156,OADMET-0005934,5.25,train,5to6,0,0,0.0002673217363228651,False
156,157,OADMET-0005933,5.18,train,5to6,2,0,0.00011639674532844234,False
157,158,OADMET-0005932,4.94,train,4to5,3,0,7.979747423333588e-05,False
158,159,OADMET-0005931,5.21,train,5to6,4,0,0.006503641702149079,False
159,160,OADMET-0005930,5.19,train,5to6,0,0,0.0012103839238922095,False
160,161,OADMET-0005929,5.38,train,5to6,4,0,0.00830655502718176,False
161,162,OADMET-0005928,4.44,train,4to5,2,0,0.0001896447722463983,False
162,163,OADMET-0005927,4.63,train,4to5,1,0,0.00023909845412296445,False
163,164,OADMET-0005926,5.25,train,5to6,1,0,0.001566996805113164,False
164,165,OADMET-0005925,4.02,train,4to5,0,0,0.0008987864076717888,False
165,166,OADMET-0005924,4.48,train,4to5,1,0,0.010792131974086397,False
166,167,OADMET-0005923,5.53,train,5to6,0,0,0.00015965611941356686,False
167,168,OADMET-0005922,4.26,train,4to5,4,0,0.0001581218854630268,False
168,169,OADMET-0005921,4.6,train,4to5,3,0,0.0002658054404507395,False
169,170,OADMET-0005920,5.41,train,5to6,0,0,0.0019980189116770466,False
170,171,OADMET-0005919,4.54,train,4to5,1,0,0.0001689481106918282,False
171,172,OADMET-0005918,4.77,train,4to5,1,0,0.0003765509983306773,False
172,173,OADMET-0005917,4.67,train,4to5,0,0,0.00023545725958840687,False
173,174,OADMET-0005916,4.64,train,4to5,2,0,0.0007014118517849579,False
174,175,OADMET-0005915,4.67,train,4to5,2,0,0.00021117864448715602,False
175,176,OADMET-0005914,3.92,train,3to4,1,0,0.003011638728676557,False
176,177,OADMET-0005913,4.48,train,4to5,2,0,0.00011541761858008585,False
177,178,OADMET-0005912,5.1,train,5to6,1,0,0.0005422300851078935,False
178,179,OADMET-0005911,5.23,train,5to6,1,0,0.0008726965999181059,False
179,180,OADMET-0005910,4.57,train,4to5,2,0,0.0002864268846585976,False
180,181,OADMET-0005909,4.77,train,4to5,1,0,0.000602624550043403,False
181,182,OADMET-0005908,4.87,train,4to5,0,0,0.0005032214467091292,False
182,183,OADMET-0005907,4.83,train,4to5,2,0,0.0006028665961155616,False
183,184,OADMET-0005906,4.89,train,4to5,3,0,0.0004914258105948974,False
184,185,OADMET-0005905,4.67,train,4to5,1,0,0.0016455580820191834,False
185,186,OADMET-0005904,4.39,train,4to5,2,0,0.00014624131849412265,False
186,187,OADMET-0005903,4.38,train,4to5,3,0,0.00029106143529291403,False
187,188,OADMET-0005902,4.73,train,4to5,4,0,0.0004403319881581154,False
188,189,OADMET-0005901,4.26,train,4to5,1,0,0.0003623500218597845,False
189,190,OADMET-0005900,4.45,train,4to5,0,0,0.0003466166483146389,False
190,191,OADMET-0005899,4.59,train,4to5,1,0,0.0003082333472734553,False
191,192,OADMET-0005898,4.15,train,4to5,3,0,0.000196618032249008,False
192,193,OADMET-0005897,4.75,train,4to5,0,0,0.00020019674483474388,False
193,194,OADMET-0005896,4.86,train,4to5,2,0,0.00017823604215626038,False
194,195,OADMET-0005895,5.25,train,5to6,3,0,0.03712591108774536,False
195,196,OADMET-0005894,4.71,train,4to5,3,0,0.00012073328269586434,False
196,197,OADMET-0005893,5.01,train,5to6,2,0,0.00023573275885297975,False
197,198,OADMET-0005892,5.1,train,5to6,3,0,0.003894043745529072,False
198,199,OADMET-0005891,5.11,train,5to6,3,0,0.0018413782402327372,False
199,200,OADMET-0005890,4.09,train,4to5,2,0,7.822125801977899e-05,False
200,201,OADMET-0005889,4.76,train,4to5,3,0,0.0022329551765310827,False
201,202,OADMET-0005888,4.98,train,4to5,3,0,0.006651632399142984,False
202,203,OADMET-0005887,5.02,train,5to6,0,0,0.000644595482661733,False
203,204,OADMET-0005886,4.58,train,4to5,4,0,0.0001914496792809813,False
204,205,OADMET-0005885,5.17,train,5to6,4,0,0.006454105713786583,False
205,206,OADMET-0005884,5.04,train,5to6,2,0,0.0020934494700862237,False
206,207,OADMET-0005883,4.56,train,4to5,2,0,0.0004419744832249596,False
207,208,OADMET-0005882,4.07,train,4to5,0,0,0.00030308027672715416,False
208,209,OADMET-0005881,4.68,train,4to5,2,0,0.00011919699073127783,False
209,210,OADMET-0005880,5.19,train,5to6,4,0,0.0002890432898697094,False
210,211,OADMET-0005879,4.22,train,4to5,3,0,0.001467660057596535,False
211,212,OADMET-0005878,4.99,train,4to5,3,0,0.0008414747438404143,False
212,213,OADMET-0005877,4.44,train,4to5,3,0,0.00015197444646795736,False
213,214,OADMET-0005876,4.72,train,4to5,1,0,0.0005997233277420437,False
214,215,OADMET-0005875,4.95,train,4to5,0,0,0.0001142204867370761,False
215,216,OADMET-0005874,5.65,train,5to6,2,0,0.00039168829513213396,False
216,217,OADMET-0005873,4.38,train,4to5,1,0,0.0003216447012623711,False
217,218,OADMET-0005872,5.48,train,5to6,1,0,0.00034009884156921215,False
218,219,OADMET-0005871,5.37,train,5to6,0,0,0.00038107434282213176,False
219,220,OADMET-0005870,4.88,train,4to5,2,0,0.00017169576622367918,False
220,221,OADMET-0005869,4.47,train,4to5,2,0,0.0007231527549689369,False
221,222,OADMET-0005868,4.43,train,4to5,2,0,0.0003117661813087523,False
222,223,OADMET-0005867,4.47,train,4to5,4,0,0.0002925060143623034,False
223,224,OADMET-0005866,4.48,train,4to5,4,0,0.0004872476570367245,False
224,225,OADMET-0005865,5.2,train,5to6,0,0,0.002915476703653921,False
225,226,OADMET-0005864,4.77,train,4to5,2,0,0.00014124533819953068,False
226,227,OADMET-0005863,4.69,train,4to5,2,0,0.00020458590781931808,False
227,228,OADMET-0005862,4.89,train,4to5,4,0,0.0024104688628605936,False
228,229,OADMET-0005861,4.63,train,4to5,2,0,0.00025546142413270634,False
229,230,OADMET-0005860,4.36,train,4to5,0,0,0.00028857213006381916,False
230,231,OADMET-0005859,4.4,train,4to5,3,0,0.00021044422249982153,False
231,232,OADMET-0005858,5.29,train,5to6,4,0,0.014924612306019307,False
232,233,OADMET-0005857,5.06,train,5to6,2,0,0.00037902383514973776,False
233,234,OADMET-0005856,5.04,train,5to6,3,0,0.002421740090472219,False
234,235,OADMET-0005855,4.48,train,4to5,2,0,0.0012273437359541545,False
235,236,OADMET-0005854,3.96,train,3to4,2,0,0.00026545244709176726,False
236,237,OADMET-0005853,4.06,train,4to5,2,0,0.00022867585212187964,False
237,238,OADMET-0005852,4.73,train,4to5,1,0,0.0005350226424093658,False
238,239,OADMET-0005851,4.34,train,4to5,0,0,0.00014585406713860558,False
239,240,OADMET-0005850,4.07,train,4to5,2,0,0.00018375324180824144,False
240,241,OADMET-0005849,4.42,train,4to5,1,0,0.0001657370928644458,False
241,242,OADMET-0005848,4.41,train,4to5,0,0,0.00021941880533396822,False
242,243,OADMET-0005847,5.21,train,5to6,3,0,0.00011021759380097327,False
243,244,OADMET-0005846,4.61,train,4to5,1,0,0.00027557171923458444,False
244,245,OADMET-0005845,4.84,train,4to5,4,0,0.0006520145543985203,False
245,246,OADMET-0005844,4.25,train,4to5,1,0,0.0007291818788293607,False
246,247,OADMET-0005843,4.74,train,4to5,2,0,0.0004103150220061209,False
247,248,OADMET-0005842,5.12,train,5to6,3,0,0.0006358490256873254,False
248,249,OADMET-0005841,4.87,train,4to5,4,0,0.0025797276748405745,False
249,250,OADMET-0005840,4.81,train,4to5,4,0,0.000465491335680783,False
250,251,OADMET-0005839,5.06,train,5to6,0,0,0.0007974770056445033,False
251,252,OADMET-0005838,5.23,train,5to6,2,0,0.001430287600650089,False
252,253,OADMET-0005837,4.5,train,4to5,1,0,0.00018903829316289437,False
253,254,OADMET-0005836,4.83,train,4to5,2,0,0.013483380595789957,False
254,255,OADMET-0005835,3.63,train,3to4,0,0,0.00038421119763681444,False
255,256,OADMET-0005834,4.52,train,4to5,1,0,0.0012076578780861145,False
256,257,OADMET-0005833,4.66,train,4to5,3,0,0.0010937388842442613,False
257,258,OADMET-0005832,5.07,train,5to6,4,0,0.003755410691739678,False
258,259,OADMET-0005831,3.9,train,3to4,4,0,0.0036589533210359413,False
259,260,OADMET-0005830,3.93,train,3to4,0,0,0.0003509980878984134,False
260,261,OADMET-0005829,5.38,train,5to6,4,0,0.00025854948785864737,False
261,262,OADMET-0005828,4.67,train,4to5,1,0,0.00028610464707605883,False
262,263,OADMET-0005827,4.69,train,4to5,2,0,0.0003443691099199798,False
263,264,OADMET-0005826,5.19,train,5to6,3,0,0.0020037761811326766,False
264,265,OADMET-0005825,4.41,train,4to5,2,0,0.00011507296968354479,False
265,266,OADMET-0005824,4.44,train,4to5,4,0,0.00021541146107981735,False
266,267,OADMET-0005823,5.63,train,5to6,0,0,0.008637274652979624,False
267,268,OADMET-0005822,4.65,train,4to5,4,0,0.0005923937079651952,False
268,269,OADMET-0005821,5.23,train,5to6,3,0,0.0007941535749147518,False
269,270,OADMET-0005820,4.47,train,4to5,1,0,0.00010501347574484816,False
270,271,OADMET-0005819,4.99,train,4to5,0,0,0.000324188565089209,False
271,272,OADMET-0005818,4.92,train,4to5,2,0,0.0019832373029712545,False
272,273,OADMET-0005817,4.66,train,4to5,2,0,0.0014763973840947492,False
273,274,OADMET-0005816,4.4,train,4to5,4,0,0.0003635642994948733,False
274,275,OADMET-0005815,4.9,train,4to5,1,0,0.00039388690089434255,False
275,276,OADMET-0005814,4.58,train,4to5,0,0,0.0016088653261004406,False
276,277,OADMET-0005813,4.13,train,4to5,0,0,0.004123272706999828,False
277,278,OADMET-0005812,4.69,train,4to5,1,0,0.0011840241155674689,False
278,279,OADMET-0005811,5.22,train,5to6,2,0,0.0023871519111747248,False
279,280,OADMET-0005810,4.75,train,4to5,1,0,0.000342560220900926,False
280,281,OADMET-0005809,5.62,train,5to6,0,0,0.003661599812979943,False
281,282,OADMET-0005808,5.32,train,5to6,1,0,0.04359809360525779,False
282,283,OADMET-0005807,5.56,train,5to6,0,0,0.002677318463847992,False
283,284,OADMET-0005806,5.22,train,5to6,0,0,0.0009795893250133434,False
284,285,OADMET-0005805,4.91,train,4to5,4,0,0.0027670081878239435,False
285,286,OADMET-0005804,5.57,train,5to6,3,0,0.0024874369109415435,False
286,287,OADMET-0005803,5.15,train,5to6,3,0,0.001185298210372749,False
287,288,OADMET-0005802,4.53,train,4to5,2,0,0.004521029504138166,False
288,289,OADMET-0005801,4.5,train,4to5,0,0,0.015587690145347164,False
289,290,OADMET-0005800,5.05,train,5to6,3,0,0.046660620935424994,False
290,291,OADMET-0005799,3.56,train,3to4,2,0,0.00021298459114754004,False
291,292,OADMET-0005798,4.82,train,4to5,4,0,0.029936548508569284,False
292,293,OADMET-0005797,4.85,train,4to5,1,0,0.0004591936260987779,False
293,294,OADMET-0005796,4.63,train,4to5,4,0,0.0030989846217893977,False
294,295,OADMET-0005795,4.68,train,4to5,1,0,0.0005536929358117822,False
295,296,OADMET-0005794,4.71,train,4to5,1,0,0.001782216924501222,False
296,297,OADMET-0005793,4.25,train,4to5,1,0,0.0014147945194835777,False
297,298,OADMET-0005792,4.58,train,4to5,2,0,0.00020729959336946314,False
298,299,OADMET-0005791,4.63,train,4to5,0,0,0.007718053135815407,False
299,300,OADMET-0005790,4.57,train,4to5,3,0,0.00033850014175969235,False
300,301,OADMET-0005789,4.36,train,4to5,0,0,0.00023382919942406086,False
301,302,OADMET-0005788,6.23,train,gte6,1,1,0.00016187681921345644,False
302,303,OADMET-0005787,4.67,train,4to5,0,0,0.0004932998056293684,False
303,304,OADMET-0005786,5.05,train,5to6,4,0,0.00024973618211384535,False
304,305,OADMET-0005785,4.57,train,4to5,2,0,0.00015696347345666315,False
305,306,OADMET-0005784,4.84,train,4to5,3,0,0.0006627893676973908,False
306,307,OADMET-0005783,5.22,train,5to6,0,0,0.002138592494209368,False
307,308,OADMET-0005782,4.83,train,4to5,0,0,0.00037130993489068576,False
308,309,OADMET-0005781,4.85,train,4to5,2,0,0.0006233118421948766,False
309,310,OADMET-0005780,4.03,train,4to5,1,0,0.0003887405727695438,False
310,311,OADMET-0005779,5.11,train,5to6,3,0,0.0011180175132539797,False
311,312,OADMET-0005778,4.53,train,4to5,2,0,0.00034976399895630245,False
312,313,OADMET-0005777,4.72,train,4to5,0,0,0.00039212777848090694,False
313,314,OADMET-0005776,4.99,train,4to5,0,0,0.005136492103229459,False
314,315,OADMET-0005775,4.78,train,4to5,3,0,0.0006240564260826328,False
315,316,OADMET-0005774,5.05,train,5to6,3,0,0.00015075425814562186,False
316,317,OADMET-0005773,4.38,train,4to5,0,0,0.0004029980097732446,False
317,318,OADMET-0005772,4.78,train,4to5,2,0,0.00012208138848415152,False
318,319,OADMET-0005771,5.46,train,5to6,4,0,0.005777392337710215,False
319,320,OADMET-0005770,4.85,train,4to5,1,0,0.0005340108495446578,False
320,321,OADMET-0005769,4.78,train,4to5,3,0,0.0002539830789131113,False
321,322,OADMET-0005768,4.86,train,4to5,1,0,0.0005467682453620729,False
322,323,OADMET-0005767,4.28,train,4to5,0,0,9.564401797605804e-05,False
323,324,OADMET-0005766,4.75,train,4to5,1,0,0.0004926867841179147,False
324,325,OADMET-0005765,4.16,train,4to5,2,0,0.00046652103918596227,False
325,326,OADMET-0005764,4.65,train,4to5,1,0,0.0005209908954793935,False
326,327,OADMET-0005763,4.21,train,4to5,2,0,0.00019891249641498945,False
327,328,OADMET-0005762,4.79,train,4to5,3,0,0.00026552309417785316,False
328,329,OADMET-0005761,4.4,train,4to5,0,0,0.003667696439911656,False
329,330,OADMET-0005760,5.24,train,5to6,1,0,0.0002757063463820099,False
330,331,OADMET-0005759,4.14,train,4to5,2,0,0.004624633657728944,False
331,332,OADMET-0005758,4.29,train,4to5,0,0,0.0005034618513959593,False
332,333,OADMET-0005757,4.52,train,4to5,4,0,0.00010212096462451106,False
333,334,OADMET-0005756,4.54,train,4to5,4,0,0.0001516811311490371,False
334,335,OADMET-0005755,4.69,train,4to5,2,0,0.0010935063735807186,False
335,336,OADMET-0005754,4.6,train,4to5,0,0,0.0006676338278698549,False
336,337,OADMET-0005753,4.29,train,4to5,4,0,0.00023021440292166464,False
337,338,OADMET-0005752,4.62,train,4to5,1,0,0.0006340269518546773,False
338,339,OADMET-0005751,4.28,train,4to5,3,0,0.0003508728144842337,False
339,340,OADMET-0005750,4.44,train,4to5,4,0,0.0004285585306002541,False
340,341,OADMET-0005749,4.3,train,4to5,4,0,0.0014578237730234326,False
341,342,OADMET-0005748,4.74,train,4to5,3,0,0.0004926951594335807,False
342,343,OADMET-0005747,5.58,train,5to6,0,0,0.0004406545554855973,False
343,344,OADMET-0005746,5.46,train,5to6,0,0,0.0002897095906273431,False
344,345,OADMET-0005745,4.82,train,4to5,2,0,0.000506568175618009,False
345,346,OADMET-0005744,4.78,train,4to5,2,0,0.001025797697212535,False
346,347,OADMET-0005743,4.61,train,4to5,3,0,0.0005744821934231076,False
347,348,OADMET-0005742,4.06,train,4to5,2,0,0.0014571018033368646,False
348,349,OADMET-0005741,4.59,train,4to5,0,0,0.000811781990714781,False
349,350,OADMET-0005740,4.81,train,4to5,2,0,0.0002793536211570867,False
350,351,OADMET-0005739,4.46,train,4to5,2,0,0.0005127974656833392,False
351,352,OADMET-0005738,4.3,train,4to5,4,0,0.006182809312532279,False
352,353,OADMET-0005737,4.67,train,4to5,1,0,0.0006101822796667662,False
353,354,OADMET-0005736,5.46,train,5to6,0,0,0.00019534148854221208,False
354,355,OADMET-0005735,5.09,train,5to6,2,0,0.002754188444165474,False
355,356,OADMET-0005734,4.85,train,4to5,1,0,0.003046644877554711,False
356,357,OADMET-0005733,5.22,train,5to6,4,0,0.0003173178089180678,False
357,358,OADMET-0005732,5.12,train,5to6,2,0,0.0001801058581197655,False
358,359,OADMET-0005731,5.11,train,5to6,4,0,0.000540190124276999,False
359,360,OADMET-0005730,4.59,train,4to5,4,0,0.00015272190828789157,False
360,361,OADMET-0005729,4.23,train,4to5,4,0,0.0002527780820465257,False
361,362,OADMET-0005728,4.9,train,4to5,2,0,0.02453821565627425,False
362,363,OADMET-0005727,5.12,train,5to6,4,0,0.00018908045770309656,False
363,364,OADMET-0005726,4.83,train,4to5,2,0,0.007195436259675809,False
364,365,OADMET-0005725,4.8,train,4to5,0,0,0.0007542900876027868,False
365,366,OADMET-0005724,4.84,train,4to5,1,0,0.0002912883590338577,False
366,367,OADMET-0005723,4.17,train,4to5,4,0,0.0023156456952307188,False
367,368,OADMET-0005722,4.2,train,4to5,0,0,0.0003987550803517488,False
368,369,OADMET-0005721,5.02,train,5to6,4,0,0.0015105811999565246,False
369,370,OADMET-0005720,5.0,train,4to5,1,0,0.0007352260512098074,False
370,371,OADMET-0005719,4.86,train,4to5,0,0,0.00013994286391864872,False
371,372,OADMET-0005718,4.73,train,4to5,4,0,0.0002537756766664591,False
372,373,OADMET-0005717,4.33,train,4to5,1,0,0.0005514391376071908,False
373,374,OADMET-0005716,4.51,train,4to5,2,0,0.002215110045787095,False
374,375,OADMET-0005715,4.82,train,4to5,4,0,0.0003231288158355038,False
375,376,OADMET-0005714,4.96,train,4to5,3,0,0.00013858642896148157,False
376,377,OADMET-0005713,4.39,train,4to5,0,0,0.0007912722184684598,False
377,378,OADMET-0005712,4.49,train,4to5,1,0,0.00025006304965931634,False
378,379,OADMET-0005711,4.34,train,4to5,1,0,0.0002754861334909963,False
379,380,OADMET-0005710,4.16,train,4to5,1,0,0.000559899917372365,False
380,381,OADMET-0005709,4.95,train,4to5,1,0,0.0005087957649743605,False
381,382,OADMET-0005708,4.83,train,4to5,1,0,0.0001370615815785755,False
382,383,OADMET-0005707,4.3,train,4to5,0,0,0.0004263505869521355,False
383,384,OADMET-0005706,4.86,train,4to5,0,0,0.0010907914744879472,False
384,385,OADMET-0005705,4.52,train,4to5,2,0,0.0013928873323817586,False
385,386,OADMET-0005704,4.68,train,4to5,0,0,0.0006773019421795524,False
386,387,OADMET-0005703,4.97,train,4to5,2,0,0.00040894621745863013,False
387,388,OADMET-0005702,5.22,train,5to6,3,0,0.0011415259193764036,False
388,389,OADMET-0005701,4.97,train,4to5,4,0,0.0008651424315831662,False
389,390,OADMET-0005700,4.04,train,4to5,2,0,0.0006926641831164329,False
390,391,OADMET-0005699,4.95,train,4to5,3,0,0.00042387288888916626,False
391,392,OADMET-0005698,4.41,train,4to5,0,0,0.0010710622213258802,False
392,393,OADMET-0005697,4.9,train,4to5,2,0,0.00014512992944489583,False
393,394,OADMET-0005696,4.22,train,4to5,0,0,0.00106311779284076,False
394,395,OADMET-0005695,3.94,train,3to4,4,0,0.00028708462454546635,False
395,396,OADMET-0005694,4.96,train,4to5,4,0,0.00048603168613426724,False
396,397,OADMET-0005693,4.82,train,4to5,4,0,0.00057623631304146,False
397,398,OADMET-0005692,4.9,train,4to5,0,0,0.00015073775502120188,False
398,399,OADMET-0005691,4.25,train,4to5,1,0,0.00017949111545534482,False
399,400,OADMET-0005690,4.7,train,4to5,3,0,0.0005224350255154215,False
400,401,OADMET-0005689,5.05,train,5to6,4,0,0.009638720846483166,False
401,402,OADMET-0005688,4.59,train,4to5,2,0,0.00011197272041012053,False
402,403,OADMET-0005687,5.04,train,5to6,0,0,0.00018700900471430457,False
403,404,OADMET-0005686,5.1,train,5to6,1,0,0.0019773698990574566,False
404,405,OADMET-0005685,4.22,train,4to5,4,0,0.02773733898241107,False
405,406,OADMET-0005684,4.67,train,4to5,3,0,0.0008135181335765938,False
406,407,OADMET-0005683,4.77,train,4to5,4,0,0.00040933637574430145,False
407,408,OADMET-0005682,4.9,train,4to5,4,0,0.0019271050279535973,False
408,409,OADMET-0005681,5.17,train,5to6,1,0,0.0007698184486419344,False
409,410,OADMET-0005680,4.27,train,4to5,0,0,0.000651678223432402,False
410,411,OADMET-0005679,4.4,train,4to5,0,0,0.0007039885807388272,False
411,412,OADMET-0005678,5.14,train,5to6,3,0,0.0004494155513612421,False
412,413,OADMET-0005677,5.13,train,5to6,4,0,0.011481861511847486,False
413,414,OADMET-0005676,5.66,train,5to6,4,0,0.0027960679000043685,False
414,415,OADMET-0005675,4.41,train,4to5,1,0,0.0003258669372674443,False
415,416,OADMET-0005674,5.2,train,5to6,4,0,0.0002673301017854435,False
416,417,OADMET-0005673,4.39,train,4to5,0,0,0.0006979923283096138,False
417,418,OADMET-0005672,4.92,train,4to5,4,0,0.00041429636454653687,False
418,419,OADMET-0005671,4.94,train,4to5,1,0,0.0003047939447914615,False
419,420,OADMET-0005670,4.6,train,4to5,1,0,0.0003995320781335288,False
420,421,OADMET-0005669,4.68,train,4to5,2,0,0.0006201227219874388,False
421,422,OADMET-0005668,5.27,train,5to6,4,0,0.0005330207000535552,False
422,423,OADMET-0005667,5.14,train,5to6,1,0,0.0006097329322962491,False
423,424,OADMET-0005666,5.25,train,5to6,1,0,0.0021228148667499893,False
424,425,OADMET-0005665,4.39,train,4to5,1,0,0.00012656361481505385,False
425,426,OADMET-0005664,5.28,train,5to6,3,0,0.00127005601629149,False
426,427,OADMET-0005663,4.85,train,4to5,1,0,0.0002546585286691829,False
427,428,OADMET-0005662,4.28,train,4to5,0,0,0.0007768915426613836,False
428,429,OADMET-0005661,5.08,train,5to6,3,0,0.0012342457409810527,False
429,430,OADMET-0005660,4.75,train,4to5,1,0,0.0005307078774031932,False
430,431,OADMET-0005659,5.12,train,5to6,1,0,0.003024809208491427,False
431,432,OADMET-0005658,4.51,train,4to5,2,0,0.0001478036888789946,False
432,433,OADMET-0005657,4.63,train,4to5,0,0,0.0008592299142444191,False
433,434,OADMET-0005656,4.89,train,4to5,1,0,0.00017584859298486075,False
434,435,OADMET-0005655,5.2,train,5to6,3,0,0.00031749587892495365,False
435,436,OADMET-0005654,5.16,train,5to6,2,0,0.000492588563921024,False
436,437,OADMET-0005653,5.41,train,5to6,2,0,0.00184251540117701,False
437,438,OADMET-0005652,4.45,train,4to5,2,0,0.0002794974520032975,False
438,439,OADMET-0005651,4.09,train,4to5,0,0,0.0005354757161148466,False
439,440,OADMET-0005650,4.27,train,4to5,4,0,0.0024077898784697067,False
440,441,OADMET-0005649,4.79,train,4to5,0,0,0.0002438824121764469,False
441,442,OADMET-0005648,4.53,train,4to5,1,0,0.00014518897431713991,False
442,443,OADMET-0005647,4.53,train,4to5,1,0,0.001516897490968798,False
443,444,OADMET-0005646,4.64,train,4to5,0,0,0.00034717850938053115,False
444,445,OADMET-0005645,4.65,train,4to5,1,0,0.0008319977001189989,False
445,446,OADMET-0005644,5.1,train,5to6,2,0,0.0032064271824122545,False
446,447,OADMET-0005643,4.29,train,4to5,0,0,0.0001824075076693656,False
447,448,OADMET-0005642,5.14,train,5to6,3,0,0.0002047907610744429,False
448,449,OADMET-0005641,5.1,train,5to6,1,0,0.0004542698268576105,False
449,450,OADMET-0005640,4.67,train,4to5,0,0,0.00017353668689130958,False
450,451,OADMET-0005639,4.8,train,4to5,0,0,0.0014425849847122829,False
451,452,OADMET-0005638,4.84,train,4to5,0,0,0.0002132722689846814,False
452,453,OADMET-0005637,4.09,train,4to5,1,0,0.0006516822392129626,False
453,454,OADMET-0005636,5.12,train,5to6,3,0,0.0006554280119663924,False
454,455,OADMET-0005635,4.89,train,4to5,1,0,0.0035717455558020505,False
455,456,OADMET-0005634,4.09,train,4to5,3,0,0.0005433569128447614,False
456,457,OADMET-0005633,4.43,train,4to5,4,0,0.0005021579965021392,False
457,458,OADMET-0005632,5.1,train,5to6,0,0,0.00040175393108492197,False
458,459,OADMET-0005631,4.35,train,4to5,0,0,0.00020884412194897462,False
459,460,OADMET-0005630,4.63,train,4to5,0,0,0.0003941216213282157,False
460,461,OADMET-0005629,4.73,train,4to5,2,0,0.0003074548040343927,False
461,462,OADMET-0005628,5.27,train,5to6,1,0,0.0014206031054862858,False
462,463,OADMET-0005627,4.68,train,4to5,2,0,0.0004017860853980783,False
463,464,OADMET-0005626,3.51,train,3to4,0,0,0.0014990301339050164,False
464,465,OADMET-0005625,4.57,train,4to5,4,0,0.0002551225198413995,False
465,466,OADMET-0005624,4.16,train,4to5,4,0,0.000636136043270337,False
466,467,OADMET-0005623,4.87,train,4to5,0,0,0.0002206404328310017,False
467,468,OADMET-0005622,5.15,train,5to6,3,0,0.000366524666765398,False
468,469,OADMET-0005621,4.95,train,4to5,1,0,0.0002301036559741283,False
469,470,OADMET-0005620,4.67,train,4to5,3,0,0.00025858589178583916,False
470,471,OADMET-0005619,5.05,train,5to6,4,0,0.0026878459555751285,False
471,472,OADMET-0005618,4.96,train,4to5,1,0,0.0005675848276951137,False
472,473,OADMET-0005617,4.87,train,4to5,0,0,0.0006148799986848168,False
473,474,OADMET-0005616,4.54,train,4to5,3,0,0.00047632543742205327,False
474,475,OADMET-0005615,4.93,train,4to5,3,0,0.00041395386797618035,False
475,476,OADMET-0005614,5.32,train,5to6,4,0,0.000630498099274453,False
476,477,OADMET-0005613,5.04,train,5to6,2,0,0.00019279284040371673,False
477,478,OADMET-0005612,4.53,train,4to5,4,0,0.014759420436028911,False
478,479,OADMET-0005611,4.85,train,4to5,1,0,0.000172909449716809,False
479,480,OADMET-0005610,4.85,train,4to5,4,0,0.00020496331403750096,False
480,481,OADMET-0005609,4.15,train,4to5,2,0,0.0001551098473012259,False
481,482,OADMET-0005608,4.53,train,4to5,1,0,0.00028273070455762613,False
482,483,OADMET-0005607,4.73,train,4to5,2,0,0.0007659200868889318,False
483,484,OADMET-0005606,4.59,train,4to5,0,0,0.0001678593179961297,False
484,485,OADMET-0005605,4.91,train,4to5,1,0,0.0003789001128318378,False
485,486,OADMET-0005604,3.91,train,3to4,1,0,0.0005517456490832878,False
486,487,OADMET-0005603,4.29,train,4to5,2,0,0.0035260202125571662,False
487,488,OADMET-0005602,4.47,train,4to5,0,0,0.0009886365561189337,False
488,489,OADMET-0005601,4.87,train,4to5,3,0,0.0001350138761869452,False
489,490,OADMET-0005600,4.73,train,4to5,2,0,0.00034375288933013635,False
490,491,OADMET-0005599,4.43,train,4to5,2,0,0.00026881381765384845,False
491,492,OADMET-0005598,4.92,train,4to5,3,0,0.00012612170988236142,False
492,493,OADMET-0005597,4.77,train,4to5,4,0,0.0001439223878735323,False
493,494,OADMET-0005596,4.79,train,4to5,4,0,0.0004580065658820644,False
494,495,OADMET-0005595,4.93,train,4to5,3,0,0.0004411051504068246,False
495,496,OADMET-0005594,4.24,train,4to5,3,0,0.00443350872474964,False
496,497,OADMET-0005593,4.74,train,4to5,3,0,0.00023566350221812779,False
497,498,OADMET-0005592,4.65,train,4to5,0,0,0.00037704021961500395,False
498,499,OADMET-0005591,4.9,train,4to5,0,0,0.0019996075221506964,False
499,500,OADMET-0005590,4.63,train,4to5,2,0,0.00010091151325440528,False
500,501,OADMET-0005589,5.16,train,5to6,3,0,0.0005366432449130056,False
501,502,OADMET-0005588,4.45,train,4to5,2,0,0.0003748712485953207,False
502,503,OADMET-0005587,4.26,train,4to5,2,0,0.0005622525457194684,False
503,504,OADMET-0005586,4.68,train,4to5,2,0,0.0005430785335144836,False
504,505,OADMET-0005585,5.04,train,5to6,4,0,0.002304029377608619,False
505,506,OADMET-0005584,4.05,train,4to5,1,0,0.0009787764049886622,False
506,507,OADMET-0005583,4.27,train,4to5,1,0,0.0006405926865240267,False
507,508,OADMET-0005582,4.85,train,4to5,0,0,0.002653893430672805,False
508,509,OADMET-0005581,4.66,train,4to5,0,0,0.00022236800878466632,False
509,510,OADMET-0005580,4.11,train,4to5,4,0,0.000162815897673063,False
510,511,OADMET-0005579,4.85,train,4to5,1,0,0.0012396906817308533,False
511,512,OADMET-0005578,4.77,train,4to5,4,0,0.00040496573764987626,False
512,513,OADMET-0005577,4.9,train,4to5,2,0,0.000494239783813157,False
513,514,OADMET-0005576,4.12,train,4to5,4,0,0.0006849730426284538,False
514,515,OADMET-0005575,4.82,train,4to5,0,0,0.0037447707536437352,False
515,516,OADMET-0005574,5.28,train,5to6,4,0,0.0012688257743623634,False
516,517,OADMET-0005573,4.73,train,4to5,2,0,0.0007854676746944665,False
517,518,OADMET-0005572,4.77,train,4to5,4,0,0.0033396835015039815,False
518,519,OADMET-0005571,4.75,train,4to5,0,0,0.00025002652514348906,False
519,520,OADMET-0005570,5.08,train,5to6,0,0,0.0006251530988502079,False
520,521,OADMET-0005569,4.68,train,4to5,1,0,0.000655739628268826,False
521,522,OADMET-0005568,4.35,train,4to5,0,0,0.00019789577546806903,False
522,523,OADMET-0005567,5.12,train,5to6,4,0,0.0006089321269596437,False
523,524,OADMET-0005566,5.31,train,5to6,3,0,0.00028721082615069184,False
524,525,OADMET-0005565,5.28,train,5to6,0,0,0.0005865468688125944,False
525,526,OADMET-0005564,4.88,train,4to5,4,0,0.0002923398765028764,False
526,527,OADMET-0005563,5.18,train,5to6,3,0,0.00014160862524488073,False
527,528,OADMET-0005562,5.03,train,5to6,2,0,0.0003158002736843461,False
528,529,OADMET-0005561,4.59,train,4to5,3,0,0.00022398813985590333,False
529,530,OADMET-0005560,4.8,train,4to5,4,0,0.0004117679450316096,False
530,531,OADMET-0005559,4.96,train,4to5,0,0,6.979723931356149e-05,False
531,532,OADMET-0005558,4.61,train,4to5,0,0,0.0005669475582298963,False
532,533,OADMET-0005557,5.13,train,5to6,3,0,0.0003908738109887856,False
533,534,OADMET-0005556,5.22,train,5to6,0,0,0.0028884593097571144,False
534,535,OADMET-0005555,4.53,train,4to5,4,0,0.002800978060651299,False
535,536,OADMET-0005554,4.58,train,4to5,3,0,0.000588253898070519,False
536,537,OADMET-0005553,4.79,train,4to5,1,0,0.0005612174398367076,False
537,538,OADMET-0005552,5.14,train,5to6,4,0,0.0004252388185348482,False
538,539,OADMET-0005551,5.3,train,5to6,4,0,0.0007501495837864057,False
539,540,OADMET-0005550,5.0,train,4to5,4,0,0.0002469861505689354,False
540,541,OADMET-0005549,5.09,train,5to6,4,0,0.0010464229799989082,False
541,542,OADMET-0005548,4.83,train,4to5,1,0,0.0018221378523731926,False
542,543,OADMET-0005547,5.37,train,5to6,2,0,0.000716792554106477,False
543,544,OADMET-0005546,4.93,train,4to5,1,0,0.00033459439645192165,False
544,545,OADMET-0005545,5.43,train,5to6,4,0,0.0016417656178491931,False
545,546,OADMET-0005544,4.8,train,4to5,0,0,0.001490782053279893,False
546,547,OADMET-0005543,5.1,train,5to6,1,0,0.0006178849674965538,False
547,548,OADMET-0005542,5.28,train,5to6,2,0,0.0002724586604273582,False
548,549,OADMET-0005541,4.68,train,4to5,1,0,0.00023908711023640277,False
549,550,OADMET-0005540,4.63,train,4to5,0,0,0.0002307492027389824,False
550,551,OADMET-0005539,4.82,train,4to5,4,0,0.00014035321795626343,False
551,552,OADMET-0005538,4.43,train,4to5,3,0,0.0001504696797423721,False
552,553,OADMET-0005537,5.19,train,5to6,2,0,0.0008821397022118846,False
553,554,OADMET-0005536,4.49,train,4to5,2,0,0.0003523707568302613,False
554,555,OADMET-0005535,5.23,train,5to6,3,0,0.001161195645756884,False
555,556,OADMET-0005534,5.49,train,5to6,4,0,0.0008594490808392097,False
556,557,OADMET-0005533,4.21,train,4to5,1,0,0.00025721400799979236,False
557,558,OADMET-0005532,5.22,train,5to6,0,0,0.002169306170868847,False
558,559,OADMET-0005531,4.4,train,4to5,4,0,0.00023979952307780726,False
559,560,OADMET-0005530,4.88,train,4to5,1,0,0.0004694361546559054,False
560,561,OADMET-0005529,5.3,train,5to6,0,0,0.0003233562832475099,False
561,562,OADMET-0005528,3.86,train,3to4,0,0,0.001670747764420468,False
562,563,OADMET-0005527,4.09,train,4to5,1,0,0.0001980354351998578,False
563,564,OADMET-0005526,5.07,train,5to6,4,0,0.0006110248420815607,False
564,565,OADMET-0005525,5.54,train,5to6,3,0,0.0007832380754298027,False
565,566,OADMET-0005524,5.3,train,5to6,0,0,0.0008372595049058764,False
566,567,OADMET-0005523,4.43,train,4to5,0,0,0.0006868301625732163,False
567,568,OADMET-0005522,5.37,train,5to6,2,0,0.019627611236866363,False
568,569,OADMET-0005521,4.49,train,4to5,1,0,0.00041129796227763895,False
569,570,OADMET-0005520,4.29,train,4to5,3,0,0.0004229953858818934,False
570,571,OADMET-0005519,4.81,train,4to5,3,0,0.00015031707185810155,False
571,572,OADMET-0005518,5.39,train,5to6,4,0,0.0006124737183606254,False
572,573,OADMET-0005517,4.92,train,4to5,3,0,0.0014264942347791798,False
573,574,OADMET-0005516,4.46,train,4to5,1,0,0.0007977073268934742,False
574,575,OADMET-0005515,5.1,train,5to6,4,0,0.0010524921219023803,False
575,576,OADMET-0005514,4.7,train,4to5,1,0,0.00020979742093145848,False
576,577,OADMET-0005513,5.2,train,5to6,1,0,0.0004245581074295037,False
577,578,OADMET-0005512,5.01,train,5to6,1,0,0.00026842419799396,False
578,579,OADMET-0005511,4.73,train,4to5,3,0,0.0007775309158807642,False
579,580,OADMET-0005510,4.99,train,4to5,3,0,0.0013063801369441043,False
580,581,OADMET-0005509,5.68,train,5to6,4,0,0.0018500687545759875,False
581,582,OADMET-0005508,5.34,train,5to6,2,0,0.003698812286572105,False
582,583,OADMET-0005507,5.31,train,5to6,2,0,0.00028113666951946583,False
583,584,OADMET-0005506,5.18,train,5to6,4,0,0.0005138054123176839,False
584,585,OADMET-0005505,4.48,train,4to5,3,0,0.0008817657653199256,False
585,586,OADMET-0005504,4.77,train,4to5,3,0,0.00011585040071684134,False
586,587,OADMET-0005503,4.95,train,4to5,0,0,0.0010247870241087344,False
587,588,OADMET-0005502,4.87,train,4to5,3,0,0.0006739449955667185,False
588,589,OADMET-0005501,5.29,train,5to6,2,0,0.0014324328859688328,False
589,590,OADMET-0005500,4.64,train,4to5,1,0,0.00030831398750677037,False
590,591,OADMET-0005499,5.17,train,5to6,4,0,0.0008241162976865599,False
591,592,OADMET-0005498,3.8,train,3to4,2,0,0.002275941471433746,False
592,593,OADMET-0005497,4.9,train,4to5,4,0,0.0003352841414860929,False
593,594,OADMET-0005496,5.08,train,5to6,4,0,0.00014395276759411008,False
594,595,OADMET-0005495,5.03,train,5to6,1,0,0.0002478847252612921,False
595,596,OADMET-0005494,5.36,train,5to6,1,0,0.0024894761831811066,False
596,597,OADMET-0005493,5.13,train,5to6,3,0,0.00014188519949734346,False
597,598,OADMET-0005492,5.35,train,5to6,3,0,0.0005185017437166088,False
598,599,OADMET-0005491,4.84,train,4to5,4,0,0.000221135352678836,False
599,600,OADMET-0005490,4.96,train,4to5,3,0,0.00036866993622227095,False
600,601,OADMET-0005489,4.94,train,4to5,0,0,0.0010074713061621102,False
601,602,OADMET-0005488,5.04,train,5to6,3,0,0.00017884855820193675,False
602,603,OADMET-0005487,4.78,train,4to5,3,0,0.0009732269148718227,False
603,604,OADMET-0005486,4.93,train,4to5,4,0,0.0012676391429650555,False
604,605,OADMET-0005485,4.61,train,4to5,3,0,0.00028162501670276236,False
605,606,OADMET-0005484,4.93,train,4to5,0,0,0.0015790616954823923,False
606,607,OADMET-0005483,5.17,train,5to6,1,0,0.0002582160410965493,False
607,608,OADMET-0005482,4.99,train,4to5,0,0,0.0010169150907646414,False
608,609,OADMET-0005481,4.96,train,4to5,0,0,0.0006604194603620848,False
609,610,OADMET-0005480,5.11,train,5to6,0,0,0.00044823346763718053,False
610,611,OADMET-0005479,4.7,train,4to5,3,0,0.00019058106851078873,False
611,612,OADMET-0005478,5.06,train,5to6,3,0,0.0006712224521586966,False
612,613,OADMET-0005477,4.5,train,4to5,0,0,0.007648753540347915,False
613,614,OADMET-0005476,5.3,train,5to6,3,0,0.00014219097377377157,False
614,615,OADMET-0005475,4.85,train,4to5,3,0,0.00027746207035231785,False
615,616,OADMET-0005474,5.27,train,5to6,1,0,0.000639215038587426,False
616,617,OADMET-0005473,4.33,train,4to5,4,0,0.00026456755328042766,False
617,618,OADMET-0005472,4.92,train,4to5,4,0,0.00014082571089829178,False
618,619,OADMET-0005471,5.32,train,5to6,4,0,0.0012065489155720338,False
619,620,OADMET-0005470,4.23,train,4to5,0,0,0.0009110070032331534,False
620,621,OADMET-0005469,4.87,train,4to5,3,0,0.0001371744373288675,False
621,622,OADMET-0005468,4.38,train,4to5,4,0,0.001375867155188028,False
622,623,OADMET-0005467,5.22,train,5to6,3,0,0.00035112971794594666,False
623,624,OADMET-0005466,4.43,train,4to5,4,0,0.0002899393127152101,False
624,625,OADMET-0005465,5.19,train,5to6,0,0,0.00032537539502972354,False
625,626,OADMET-0005464,4.81,train,4to5,4,0,0.0005139902487119776,False
626,627,OADMET-0005463,5.34,train,5to6,3,0,0.00016061123287815126,False
627,628,OADMET-0005462,4.86,train,4to5,2,0,0.0010169483187009744,False
628,629,OADMET-0005461,5.23,train,5to6,2,0,0.00035988078004548375,False
629,630,OADMET-0005460,5.15,train,5to6,2,0,0.00040073388774985113,False
630,631,OADMET-0005459,4.72,train,4to5,0,0,0.0002006786505563771,False
631,632,OADMET-0005458,4.75,train,4to5,2,0,0.0009099653988468128,False
632,633,OADMET-0005457,4.59,train,4to5,3,0,0.0009785349458649704,False
633,634,OADMET-0005456,5.22,train,5to6,3,0,0.0007079295065736845,False
634,635,OADMET-0005455,5.09,train,5to6,3,0,0.0001234670524515846,False
635,636,OADMET-0005454,4.69,train,4to5,3,0,0.0002654628243340826,False
636,637,OADMET-0005453,4.93,train,4to5,4,0,0.0008191963147080335,False
637,638,OADMET-0005452,4.61,train,4to5,0,0,0.00042276332970064313,False
638,639,OADMET-0005451,4.3,train,4to5,4,0,0.007394334380343544,False
639,640,OADMET-0005450,5.43,train,5to6,4,0,0.005201853689983347,False
640,641,OADMET-0005449,5.32,train,5to6,1,0,0.0002561132980421761,False
641,642,OADMET-0005448,5.31,train,5to6,2,0,0.00025808245474895456,False
642,643,OADMET-0005447,5.07,train,5to6,0,0,0.0002700313492690672,False
643,644,OADMET-0005446,5.24,train,5to6,3,0,0.00024941155231450387,False
644,645,OADMET-0005445,4.5,train,4to5,2,0,0.00027239710960520204,False
645,646,OADMET-0005444,4.57,train,4to5,1,0,0.0004206627501744917,False
646,647,OADMET-0005443,5.61,train,5to6,0,0,0.02692935703897926,False
647,648,OADMET-0005442,5.03,train,5to6,1,0,0.0004368491182104718,False
648,649,OADMET-0005441,4.56,train,4to5,0,0,0.00930220478022163,False
649,650,OADMET-0005440,5.01,train,5to6,3,0,0.0002960611601665553,False
650,651,OADMET-0005439,4.46,train,4to5,4,0,0.00016580229158432428,False
651,652,OADMET-0005438,4.63,train,4to5,0,0,0.0012474263646648403,False
652,653,OADMET-0005437,5.16,train,5to6,0,0,0.0006035186953953376,False
653,654,OADMET-0005436,4.58,train,4to5,2,0,0.0007633435255376556,False
654,655,OADMET-0005435,5.18,train,5to6,0,0,0.001236781993790844,False
655,656,OADMET-0005434,5.01,train,5to6,3,0,0.00029536041492601747,False
656,657,OADMET-0005433,4.78,train,4to5,1,0,0.000441113316260358,False
657,658,OADMET-0005432,5.48,train,5to6,1,0,0.0007169602377354888,False
658,659,OADMET-0005431,5.04,train,5to6,2,0,0.00015969282800084832,False
659,660,OADMET-0005430,4.75,train,4to5,1,0,0.0004229134779174239,False
660,661,OADMET-0005429,4.97,train,4to5,4,0,0.0006733464436458156,False
661,662,OADMET-0005428,5.0,train,4to5,2,0,0.0010463864550418862,False
662,663,OADMET-0005427,4.7,train,4to5,2,0,0.000234105049662988,False
663,664,OADMET-0005426,5.16,train,5to6,0,0,0.00043546785196446673,False
664,665,OADMET-0005425,5.88,train,5to6,4,0,0.010694798701281746,False
665,666,OADMET-0005424,3.9,train,3to4,0,0,0.0013559640856424173,False
666,667,OADMET-0005423,5.19,train,5to6,0,0,0.0004748549773497598,False
667,668,OADMET-0005422,4.86,train,4to5,0,0,0.00034397878138731194,False
668,669,OADMET-0005421,4.68,train,4to5,3,0,0.0002483530857700829,False
669,670,OADMET-0005420,5.25,train,5to6,1,0,0.010804911790987219,False
670,671,OADMET-0005419,5.38,train,5to6,3,0,0.00030359728223637464,False
671,672,OADMET-0005418,4.84,train,4to5,3,0,0.001032797033116735,False
672,673,OADMET-0005417,4.88,train,4to5,1,0,0.0006557266680873052,False
673,674,OADMET-0005416,5.28,train,5to6,1,0,0.007058722700642138,False
674,675,OADMET-0005415,4.79,train,4to5,0,0,0.0002193881173141265,False
675,676,OADMET-0005414,4.42,train,4to5,1,0,0.0003630409881497335,False
676,677,OADMET-0005413,4.22,train,4to5,1,0,0.00017622689539894155,False
677,678,OADMET-0005412,4.89,train,4to5,4,0,0.0011277081127682208,False
678,679,OADMET-0005411,4.91,train,4to5,0,0,0.000956388432864283,False
679,680,OADMET-0005410,5.15,train,5to6,2,0,0.00032700767135821336,False
680,681,OADMET-0005409,4.89,train,4to5,4,0,0.00029214391183291795,False
681,682,OADMET-0005408,5.82,train,5to6,1,0,0.0017892246532984458,False
682,683,OADMET-0005407,5.17,train,5to6,0,0,0.0004759822709422046,False
683,684,OADMET-0005406,4.69,train,4to5,4,0,0.00017816686421976699,False
684,685,OADMET-0005405,4.56,train,4to5,1,0,0.00014053434766128945,False
685,686,OADMET-0005404,5.31,train,5to6,0,0,0.0026385850247321613,False
686,687,OADMET-0005403,4.98,train,4to5,1,0,0.0005333074283623516,False
687,688,OADMET-0005402,5.1,train,5to6,0,0,0.0001494982252448698,False
688,689,OADMET-0005401,4.15,train,4to5,2,0,0.0006373514111662043,False
689,690,OADMET-0005400,4.83,train,4to5,1,0,0.0007482803514430691,False
690,691,OADMET-0005399,4.98,train,4to5,4,0,0.0028488039807676594,False
691,692,OADMET-0005398,4.93,train,4to5,1,0,0.0002623704308066685,False
692,693,OADMET-0005397,4.53,train,4to5,3,0,0.0002157837648076609,False
693,694,OADMET-0005396,4.29,train,4to5,4,0,0.0018307272198446382,False
694,695,OADMET-0005395,4.2,train,4to5,1,0,0.001689598421399313,False
695,696,OADMET-0005394,5.26,train,5to6,2,0,0.001115283691720503,False
696,697,OADMET-0005393,4.4,train,4to5,3,0,0.00015619052337326617,False
697,698,OADMET-0005392,4.43,train,4to5,0,0,0.0007931221035010795,False
698,699,OADMET-0005391,4.54,train,4to5,2,0,0.0001659010400448547,False
699,700,OADMET-0005390,3.34,train,3to4,4,0,0.00012107715288545073,False
700,701,OADMET-0005389,4.87,train,4to5,1,0,0.00018184751641825675,False
701,702,OADMET-0005388,6.06,train,gte6,2,1,7.712619258883672e-05,False
702,703,OADMET-0005387,4.79,train,4to5,1,0,0.00028069490224245583,False
703,704,OADMET-0005386,4.88,train,4to5,2,0,0.0002966451014058677,False
704,705,OADMET-0005385,4.57,train,4to5,0,0,0.00026918365422147456,False
705,706,OADMET-0005384,4.62,train,4to5,2,0,0.00021441523638739103,False
706,707,OADMET-0005383,4.18,train,4to5,0,0,0.0003891492204349456,False
707,708,OADMET-0005382,4.74,train,4to5,2,0,0.00034032697392019797,False
708,709,OADMET-0005381,4.59,train,4to5,1,0,0.000457714731047746,False
709,710,OADMET-0005380,4.16,train,4to5,4,0,0.0017025294547184855,False
710,711,OADMET-0005379,4.34,train,4to5,1,0,0.0008799708606350104,False
711,712,OADMET-0005378,4.89,train,4to5,1,0,0.00015131730690674913,False
712,713,OADMET-0005377,4.91,train,4to5,2,0,0.006850230720570683,False
713,714,OADMET-0005376,4.8,train,4to5,1,0,0.00019367261918376246,False
714,715,OADMET-0005375,4.53,train,4to5,0,0,0.00024014617125725122,False
715,716,OADMET-0005374,4.68,train,4to5,4,0,0.0007313350171319268,False
716,717,OADMET-0005373,5.19,train,5to6,0,0,0.0002583674597688515,False
717,718,OADMET-0005372,5.23,train,5to6,4,0,0.00020946833896848979,False
718,719,OADMET-0005371,4.69,train,4to5,2,0,0.00024216134368883815,False
719,720,OADMET-0005370,4.5,train,4to5,4,0,0.00023326911418394876,False
720,721,OADMET-0005369,4.15,train,4to5,1,0,0.0001434738372751443,False
721,722,OADMET-0005368,3.98,train,3to4,2,0,0.0023425262220680325,False
722,723,OADMET-0005367,4.75,train,4to5,1,0,0.00018415477448144372,False
723,724,OADMET-0005366,4.83,train,4to5,3,0,0.0002986996875304757,False
724,725,OADMET-0005365,4.9,train,4to5,3,0,0.0003077148203724657,False
725,726,OADMET-0005364,4.62,train,4to5,4,0,0.00015701190924988914,False
726,727,OADMET-0005363,4.84,train,4to5,1,0,0.00017210064871031329,False
727,728,OADMET-0005362,4.58,train,4to5,3,0,0.00013516375903043586,False
728,729,OADMET-0005361,5.11,train,5to6,1,0,0.00043519614769327997,False
729,730,OADMET-0005360,3.98,train,3to4,4,0,0.002469633761649033,False
730,731,OADMET-0005359,4.47,train,4to5,4,0,0.0005738431286798778,False
731,732,OADMET-0005358,4.43,train,4to5,3,0,0.0007505831499834959,False
732,733,OADMET-0005357,4.78,train,4to5,1,0,0.00019426217301996378,False
733,734,OADMET-0005356,4.72,train,4to5,3,0,0.0002788171379655474,False
734,735,OADMET-0005355,4.41,train,4to5,3,0,0.0013361515098640698,False
735,736,OADMET-0005354,4.45,train,4to5,3,0,0.00021453164758581666,False
736,737,OADMET-0005353,4.26,train,4to5,0,0,0.019194273239588826,False
737,738,OADMET-0005352,5.17,train,5to6,2,0,0.0008557696530879721,False
738,739,OADMET-0005351,4.41,train,4to5,4,0,0.0004876156689620449,False
739,740,OADMET-0005350,4.71,train,4to5,0,0,0.00015699778442584037,False
740,741,OADMET-0005349,4.8,train,4to5,2,0,0.0002587966050623798,False
741,742,OADMET-0005348,4.5,train,4to5,0,0,0.0003814120487017916,False
742,743,OADMET-0005347,4.51,train,4to5,0,0,0.00020772463954954473,False
743,744,OADMET-0005346,4.51,train,4to5,4,0,0.00038893933154674664,False
744,745,OADMET-0005345,4.87,train,4to5,4,0,0.0013581601292601908,False
745,746,OADMET-0005344,5.04,train,5to6,2,0,0.0004205556610756253,False
746,747,OADMET-0005343,3.98,train,3to4,4,0,0.0012688636294848547,False
747,748,OADMET-0005342,5.2,train,5to6,1,0,0.002452952740600767,False
748,749,OADMET-0005341,4.33,train,4to5,1,0,0.000669306203333665,False
749,750,OADMET-0005340,4.22,train,4to5,0,0,0.00015973146304373327,False
750,751,OADMET-0005339,4.44,train,4to5,0,0,0.00020846453179563916,False
751,752,OADMET-0005338,5.06,train,5to6,2,0,0.0002453192595874662,False
752,753,OADMET-0005337,4.87,train,4to5,0,0,0.002382384767363667,False
753,754,OADMET-0005336,4.75,train,4to5,1,0,0.001781440397541257,False
754,755,OADMET-0005335,4.35,train,4to5,1,0,0.0016193383619175605,False
755,756,OADMET-0005334,4.47,train,4to5,2,0,0.0007528221585060089,False
756,757,OADMET-0005333,5.27,train,5to6,4,0,0.00017658464732972642,False
757,758,OADMET-0005332,4.98,train,4to5,1,0,0.0005665063835885454,False
758,759,OADMET-0005331,4.46,train,4to5,4,0,0.00014148888059521347,False
759,760,OADMET-0005330,4.21,train,4to5,3,0,0.00040067238656166845,False
760,761,OADMET-0005329,4.62,train,4to5,3,0,0.0005464325397185627,False
761,762,OADMET-0005328,4.74,train,4to5,0,0,0.0006703172087499807,False
762,763,OADMET-0005327,4.4,train,4to5,1,0,9.85101901724389e-05,False
763,764,OADMET-0005326,4.4,train,4to5,2,0,0.0009555346875294411,False
764,765,OADMET-0005325,5.14,train,5to6,2,0,0.0002166438297908363,False
765,766,OADMET-0005324,4.08,train,4to5,1,0,0.00028935233319281475,False
766,767,OADMET-0005323,5.02,train,5to6,3,0,0.001337570972304629,False
767,768,OADMET-0005322,4.88,train,4to5,3,0,0.0014754145820502001,False
768,769,OADMET-0005321,4.29,train,4to5,4,0,9.296426228993444e-05,False
769,770,OADMET-0005320,4.54,train,4to5,1,0,0.001303431324181489,False
770,771,OADMET-0005319,5.04,train,5to6,2,0,0.00011963286066883989,False
771,772,OADMET-0005318,4.42,train,4to5,2,0,0.00020533020038363513,False
772,773,OADMET-0005317,5.34,train,5to6,3,0,0.00030899270335261233,False
773,774,OADMET-0005316,5.07,train,5to6,3,0,0.001303882726552797,False
774,775,OADMET-0005315,4.77,train,4to5,4,0,0.00029936261765819104,False
775,776,OADMET-0005314,4.34,train,4to5,0,0,0.00013770838490142129,False
776,777,OADMET-0005313,5.06,train,5to6,1,0,0.0005921249659738981,False
777,778,OADMET-0005312,4.57,train,4to5,1,0,0.0002503971933175377,False
778,779,OADMET-0005311,4.7,train,4to5,4,0,0.0005553235981323878,False
779,780,OADMET-0005310,5.14,train,5to6,1,0,0.001505639140244662,False
780,781,OADMET-0005309,4.64,train,4to5,1,0,0.0002636732029795627,False
781,782,OADMET-0005308,4.49,train,4to5,0,0,0.00040122262395854435,False
782,783,OADMET-0005307,4.55,train,4to5,0,0,0.0004627599269591483,False
783,784,OADMET-0005306,5.16,train,5to6,2,0,0.0008672854229720168,False
784,785,OADMET-0005305,4.64,train,4to5,0,0,0.00038719658083348816,False
785,786,OADMET-0005304,4.6,train,4to5,1,0,0.00015922991294220533,False
786,787,OADMET-0005303,4.98,train,4to5,0,0,0.0004769581848214359,False
787,788,OADMET-0005302,4.96,train,4to5,4,0,0.0014144392557238498,False
788,789,OADMET-0005301,4.68,train,4to5,0,0,0.0007953833035760688,False
789,790,OADMET-0005300,4.38,train,4to5,2,0,0.0003368676542455168,False
790,791,OADMET-0005299,4.56,train,4to5,1,0,0.0006986142097219228,False
791,792,OADMET-0005298,4.26,train,4to5,3,0,0.00028698049513413844,False
792,793,OADMET-0005297,5.23,train,5to6,4,0,0.00030588903066240897,False
793,794,OADMET-0005296,4.43,train,4to5,1,0,0.00020693429974838926,False
794,795,OADMET-0005295,5.27,train,5to6,2,0,0.00023532853778226285,False
795,796,OADMET-0005294,4.97,train,4to5,1,0,0.001515562224146487,False
796,797,OADMET-0005293,4.6,train,4to5,1,0,0.0003716080192381336,False
797,798,OADMET-0005292,4.39,train,4to5,4,0,0.00019529835742691028,False
798,799,OADMET-0005291,4.65,train,4to5,4,0,0.00019947611027183,False
799,800,OADMET-0005290,5.16,train,5to6,3,0,0.00016937498967177134,False
800,801,OADMET-0005289,5.12,train,5to6,4,0,0.0004528544475910286,False
801,802,OADMET-0005288,4.53,train,4to5,3,0,0.00023583550942977706,False
802,803,OADMET-0005287,4.73,train,4to5,2,0,0.00043012624445647055,False
803,804,OADMET-0005286,3.26,train,3to4,4,0,0.0014245297010864217,False
804,805,OADMET-0005285,4.79,train,4to5,1,0,0.0011297130892098948,False
805,806,OADMET-0005284,4.93,train,4to5,4,0,0.0002861688502994321,False
806,807,OADMET-0005283,4.46,train,4to5,0,0,0.00010556633153776794,False
807,808,OADMET-0005282,4.54,train,4to5,1,0,0.00038442944905530687,False
808,809,OADMET-0005281,4.42,train,4to5,2,0,0.0007334520877166236,False
809,810,OADMET-0005280,5.02,train,5to6,2,0,0.15634493099687505,False
810,811,OADMET-0005279,5.39,train,5to6,4,0,0.0003712445047005586,False
811,812,OADMET-0005278,4.78,train,4to5,1,0,0.0016028855443207379,False
812,813,OADMET-0005277,4.38,train,4to5,0,0,0.0013025914469989555,False
813,814,OADMET-0005276,4.92,train,4to5,1,0,0.0008774003193318215,False
814,815,OADMET-0005275,4.43,train,4to5,1,0,0.0016824324400604841,False
815,816,OADMET-0005274,4.26,train,4to5,1,0,0.0003251488487045804,False
816,817,OADMET-0005273,4.13,train,4to5,4,0,0.0005414726391657214,False
817,818,OADMET-0005272,4.3,train,4to5,3,0,0.0005770909018736271,False
818,819,OADMET-0005271,4.45,train,4to5,3,0,0.00019657150452372747,False
819,820,OADMET-0005270,4.28,train,4to5,4,0,0.00021682356225085855,False
820,821,OADMET-0005269,4.58,train,4to5,2,0,0.0001239858412805068,False
821,822,OADMET-0005268,4.73,train,4to5,2,0,0.00011531229193317541,False
822,823,OADMET-0005267,4.24,train,4to5,3,0,0.0001490335737900792,False
823,824,OADMET-0005266,5.09,train,5to6,1,0,0.0008981283134856746,False
824,825,OADMET-0005265,5.0,train,4to5,3,0,0.0006643183053159318,False
825,826,OADMET-0005264,4.75,train,4to5,1,0,0.00013529270124899013,False
826,827,OADMET-0005263,5.08,train,5to6,2,0,6.822103002132638e-05,False
827,828,OADMET-0005262,4.24,train,4to5,4,0,0.0006010353366217489,False
828,829,OADMET-0005261,5.05,train,5to6,0,0,0.0002575092780487454,False
829,830,OADMET-0005260,4.55,train,4to5,0,0,0.0020517498973757634,False
830,831,OADMET-0005259,4.38,train,4to5,2,0,0.0016911734929746793,False
831,832,OADMET-0005258,4.36,train,4to5,2,0,7.948835981521024e-05,False
832,833,OADMET-0005257,5.46,train,5to6,0,0,0.0008185193231537458,False
833,834,OADMET-0005256,4.93,train,4to5,4,0,0.00018402169426532153,False
834,835,OADMET-0005255,5.3,train,5to6,0,0,0.0033297761157322302,False
835,836,OADMET-0005254,4.04,train,4to5,1,0,0.0002947153177332662,False
836,837,OADMET-0005253,4.51,train,4to5,2,0,0.0007539320096771492,False
837,838,OADMET-0005252,4.86,train,4to5,1,0,0.00035687542577111096,False
838,839,OADMET-0005251,4.53,train,4to5,4,0,0.0005996171645125303,False
839,840,OADMET-0005250,4.35,train,4to5,1,0,0.0002605780510242461,False
840,841,OADMET-0005249,4.7,train,4to5,2,0,0.00015576001155518906,False
841,842,OADMET-0005248,4.53,train,4to5,1,0,0.0011902162694030257,False
842,843,OADMET-0005247,4.72,train,4to5,1,0,0.0001429068954380693,False
843,844,OADMET-0005246,4.81,train,4to5,0,0,0.0010453867215947728,False
844,845,OADMET-0005245,5.01,train,5to6,0,0,0.0002379107142147139,False
845,846,OADMET-0005244,4.81,train,4to5,2,0,0.0013116741233960066,False
846,847,OADMET-0005243,3.98,train,3to4,4,0,0.0003379960469902701,False
847,848,OADMET-0005242,4.46,train,4to5,1,0,0.00013174874356648906,False
848,849,OADMET-0005241,4.3,train,4to5,1,0,0.0013947943110227438,False
849,850,OADMET-0005240,4.24,train,4to5,1,0,0.0004696019211135626,False
850,851,OADMET-0005239,5.15,train,5to6,4,0,0.0007602662666513454,False
851,852,OADMET-0005238,4.73,train,4to5,1,0,0.0010367529080973468,False
852,853,OADMET-0005237,4.47,train,4to5,1,0,0.00028805676655862736,False
853,854,OADMET-0005236,5.19,train,5to6,0,0,0.0006920011158430484,False
854,855,OADMET-0005235,4.54,train,4to5,4,0,0.0003939683820546318,False
855,856,OADMET-0005234,4.87,train,4to5,3,0,0.00037374038094856014,False
856,857,OADMET-0005233,4.88,train,4to5,3,0,0.0002183428883237589,False
857,858,OADMET-0005232,5.45,train,5to6,2,0,0.0034275745694194323,False
858,859,OADMET-0005231,4.81,train,4to5,1,0,0.00035190522992123706,False
859,860,OADMET-0005230,5.21,train,5to6,3,0,0.0005384218708856523,False
860,861,OADMET-0005229,4.6,train,4to5,4,0,0.0006086840476439181,False
861,862,OADMET-0005228,4.89,train,4to5,2,0,0.014878445616105265,False
862,863,OADMET-0005227,4.63,train,4to5,3,0,0.00014272081434586232,False
863,864,OADMET-0005226,4.2,train,4to5,0,0,0.00012208743704086183,False
864,865,OADMET-0005225,4.62,train,4to5,1,0,0.0035447287635964955,False
865,866,OADMET-0005224,4.91,train,4to5,4,0,0.0006047853048344326,False
866,867,OADMET-0005223,5.2,train,5to6,2,0,0.000981863924299487,False
867,868,OADMET-0005222,5.48,train,5to6,2,0,0.0004162536746560751,False
868,869,OADMET-0005221,5.04,train,5to6,0,0,0.002973372145836896,False
869,870,OADMET-0005220,5.16,train,5to6,1,0,0.0010784643356642556,False
870,871,OADMET-0005219,4.16,train,4to5,0,0,0.000136446085835225,False
871,872,OADMET-0005218,5.57,train,5to6,1,0,0.0005696678312713453,False
872,873,OADMET-0005217,4.47,train,4to5,1,0,0.00010867832049410259,False
873,874,OADMET-0005216,4.14,train,4to5,1,0,0.0009244102735663327,False
874,875,OADMET-0005215,4.65,train,4to5,0,0,0.0004175469937470115,False
875,876,OADMET-0005214,5.12,train,5to6,4,0,0.000690097081524322,False
876,877,OADMET-0005213,5.15,train,5to6,3,0,0.0005865941119366613,False
877,878,OADMET-0005212,4.87,train,4to5,0,0,0.0004966699911328745,False
878,879,OADMET-0005211,4.46,train,4to5,0,0,0.0008476910348356471,False
879,880,OADMET-0005210,4.52,train,4to5,4,0,0.00027803208218904913,False
880,881,OADMET-0005209,4.57,train,4to5,0,0,0.00030425490260991954,False
881,882,OADMET-0005208,4.93,train,4to5,0,0,0.00034772417430940073,False
882,883,OADMET-0005207,4.3,train,4to5,1,0,0.00027251325904049424,False
883,884,OADMET-0005206,5.13,train,5to6,3,0,0.0004633784373720694,False
884,885,OADMET-0005205,4.34,train,4to5,3,0,0.000922729230353877,False
885,886,OADMET-0005204,4.61,train,4to5,0,0,0.0009275971945357192,False
886,887,OADMET-0005203,4.57,train,4to5,4,0,0.004164985441102932,False
887,888,OADMET-0005202,4.47,train,4to5,4,0,0.0012179698791028198,False
888,889,OADMET-0005201,4.31,train,4to5,4,0,0.002532254315920713,False
889,890,OADMET-0005200,5.33,train,5to6,4,0,0.0012662528472954632,False
890,891,OADMET-0005199,4.58,train,4to5,3,0,0.00015874908210815593,False
891,892,OADMET-0005198,4.8,train,4to5,2,0,0.0007380003312140911,False
892,893,OADMET-0005197,4.44,train,4to5,1,0,0.0006751456958897039,False
893,894,OADMET-0005196,5.07,train,5to6,2,0,0.0003664656736573634,False
894,895,OADMET-0005195,4.26,train,4to5,0,0,0.0002542941576163322,False
895,896,OADMET-0005194,4.92,train,4to5,1,0,0.0003577821415254856,False
896,897,OADMET-0005193,4.81,train,4to5,2,0,0.00019141975686899875,False
897,898,OADMET-0005192,4.39,train,4to5,1,0,0.0007100344082805543,False
898,899,OADMET-0005191,5.21,train,5to6,4,0,0.0022603502949732047,False
899,900,OADMET-0005190,5.57,train,5to6,1,0,0.0004919596717010586,False
900,901,OADMET-0005189,4.37,train,4to5,1,0,0.00018968704969903508,False
901,902,OADMET-0005188,4.78,train,4to5,0,0,0.0008624815679863731,False
902,903,OADMET-0005187,5.2,train,5to6,3,0,0.0001651929124591557,False
903,904,OADMET-0005186,4.4,train,4to5,1,0,0.00017219703127250265,False
904,905,OADMET-0005185,4.5,train,4to5,1,0,0.00026429292734401295,False
905,906,OADMET-0005184,4.82,train,4to5,1,0,0.000573166552573417,False
906,907,OADMET-0005183,4.46,train,4to5,1,0,0.0004342325970731876,False
907,908,OADMET-0005182,4.87,train,4to5,1,0,0.00015304934963006756,False
908,909,OADMET-0005181,5.33,train,5to6,4,0,0.004869332132027153,False
909,910,OADMET-0005180,4.86,train,4to5,1,0,0.0010307143916159244,False
910,911,OADMET-0005179,5.21,train,5to6,3,0,0.0003224921907148655,False
911,912,OADMET-0005178,5.0,train,4to5,1,0,0.013393530172832353,False
912,913,OADMET-0005177,5.21,train,5to6,4,0,0.0009519391397257885,False
913,914,OADMET-0005176,4.86,train,4to5,1,0,0.0005991398531112217,False
914,915,OADMET-0005175,4.2,train,4to5,1,0,0.0010691636678185905,False
915,916,OADMET-0005174,4.62,train,4to5,4,0,0.00420777742571805,False
916,917,OADMET-0005173,4.82,train,4to5,0,0,0.00041251911053631916,False
917,918,OADMET-0005172,5.2,train,5to6,2,0,0.0026824881961905224,False
918,919,OADMET-0005171,4.72,train,4to5,2,0,0.0002990934717294391,False
919,920,OADMET-0005170,5.14,train,5to6,2,0,0.0025690402692656,False
920,921,OADMET-0005169,4.87,train,4to5,1,0,0.0015356175538745983,False
921,922,OADMET-0005168,4.95,train,4to5,2,0,0.00016146368431547615,False
922,923,OADMET-0005167,5.28,train,5to6,4,0,0.000184099710203926,False
923,924,OADMET-0005166,5.37,train,5to6,1,0,0.0004948740643622214,False
924,925,OADMET-0005165,5.25,train,5to6,0,0,0.00013247136924337944,False
925,926,OADMET-0005164,4.84,train,4to5,1,0,0.0014102790408643878,False
926,927,OADMET-0005163,4.54,train,4to5,3,0,0.0009958769415283556,False
927,928,OADMET-0005162,4.9,train,4to5,1,0,0.005085279541264904,False
928,929,OADMET-0005161,5.07,train,5to6,1,0,0.0007801308979281233,False
929,930,OADMET-0005160,4.49,train,4to5,1,0,0.00018137234683305195,False
930,931,OADMET-0005159,4.4,train,4to5,4,0,0.00021682148009424804,False
931,932,OADMET-0005158,4.61,train,4to5,0,0,0.00010428942608135302,False
932,933,OADMET-0005157,4.8,train,4to5,1,0,0.00020311880497675308,False
933,934,OADMET-0005156,4.31,train,4to5,0,0,0.0008107270299155371,False
934,935,OADMET-0005155,4.83,train,4to5,2,0,0.0002589573788641414,False
935,936,OADMET-0005154,4.89,train,4to5,2,0,0.00021653859207573635,False
936,937,OADMET-0005153,4.53,train,4to5,0,0,0.002124679224676741,False
937,938,OADMET-0005152,5.06,train,5to6,2,0,0.0004495735433101632,False
938,939,OADMET-0005151,4.83,train,4to5,4,0,0.0016958989004640542,False
939,940,OADMET-0005150,5.02,train,5to6,0,0,0.00018280885372922912,False
940,941,OADMET-0005149,4.64,train,4to5,2,0,0.00047108601135166305,False
941,942,OADMET-0005148,4.92,train,4to5,3,0,0.000532752378499668,False
942,943,OADMET-0005147,4.62,train,4to5,4,0,0.00014930598649151472,False
943,944,OADMET-0005146,4.45,train,4to5,0,0,0.0012010315969853496,False
944,945,OADMET-0005145,4.99,train,4to5,4,0,0.00025782256104695813,False
945,946,OADMET-0005144,4.6,train,4to5,0,0,0.007935314623780944,False
946,947,OADMET-0005143,4.63,train,4to5,1,0,0.00015084995360887182,False
947,948,OADMET-0005142,4.49,train,4to5,3,0,0.0005207533497926507,False
948,949,OADMET-0005141,4.8,train,4to5,3,0,0.00011678489976426066,False
949,950,OADMET-0005140,4.87,train,4to5,1,0,0.00393329954213368,False
950,951,OADMET-0005139,5.12,train,5to6,0,0,0.0010472881079675103,False
951,952,OADMET-0005138,4.84,train,4to5,2,0,0.000524583745976065,False
952,953,OADMET-0005137,5.44,train,5to6,2,0,0.00044750079205582206,False
953,954,OADMET-0005136,5.05,train,5to6,2,0,0.00028843209403490105,False
954,955,OADMET-0005135,4.34,train,4to5,0,0,0.00040394700470919765,False
955,956,OADMET-0005134,4.42,train,4to5,2,0,0.0004556003529110476,False
956,957,OADMET-0005133,5.03,train,5to6,1,0,0.0022143973064432344,False
957,958,OADMET-0005132,5.33,train,5to6,0,0,0.0003131568078985989,False
958,959,OADMET-0005131,4.46,train,4to5,4,0,0.0001976789580375922,False
959,960,OADMET-0005130,5.1,train,5to6,0,0,0.003029906318264186,False
960,961,OADMET-0005129,5.01,train,5to6,0,0,0.0014967444812671127,False
961,962,OADMET-0005128,5.46,train,5to6,1,0,0.0006492825687540987,False
962,963,OADMET-0005127,5.25,train,5to6,0,0,0.0003967310491002188,False
963,964,OADMET-0005126,4.15,train,4to5,0,0,0.0003629941637538309,False
964,965,OADMET-0005125,4.67,train,4to5,0,0,0.0012610597917555968,False
965,966,OADMET-0005124,4.5,train,4to5,1,0,0.0009964614082132051,False
966,967,OADMET-0005123,4.6,train,4to5,1,0,0.00012492336176945154,False
967,968,OADMET-0005122,4.52,train,4to5,2,0,0.0001328568898224942,False
968,969,OADMET-0005121,4.94,train,4to5,2,0,0.0004615639139750213,False
969,970,OADMET-0005120,4.19,train,4to5,0,0,0.00021151102514167943,False
970,971,OADMET-0005119,4.97,train,4to5,2,0,0.0007211537157546208,False
971,972,OADMET-0005118,4.36,train,4to5,1,0,0.0007409767409847413,False
972,973,OADMET-0005117,4.46,train,4to5,1,0,0.0001875220780840008,False
973,974,OADMET-0005116,5.3,train,5to6,3,0,0.001022636947517114,False
974,975,OADMET-0005115,5.12,train,5to6,0,0,0.00014144915929792658,False
975,976,OADMET-0005114,4.01,train,4to5,0,0,0.0002613218935364012,False
976,977,OADMET-0005113,4.23,train,4to5,2,0,0.002570815165229285,False
977,978,OADMET-0005112,4.26,train,4to5,4,0,0.0010811622687919617,False
978,979,OADMET-0005111,5.19,train,5to6,0,0,0.00017027911558892029,False
979,980,OADMET-0005110,4.93,train,4to5,4,0,0.0005147701072778022,False
980,981,OADMET-0005109,5.3,train,5to6,3,0,0.00029206882393881885,False
981,982,OADMET-0005108,5.1,train,5to6,1,0,0.00016619735140904044,False
982,983,OADMET-0005107,5.03,train,5to6,2,0,0.00012602123578112415,False
983,984,OADMET-0005106,4.73,train,4to5,1,0,0.00015554275083089393,False
984,985,OADMET-0005105,5.15,train,5to6,3,0,0.0011233396542433998,False
985,986,OADMET-0005104,5.26,train,5to6,1,0,0.0003659333370358337,False
986,987,OADMET-0005103,5.06,train,5to6,4,0,0.0006774883893942531,False
987,988,OADMET-0005102,5.09,train,5to6,2,0,0.0005086768748274942,False
988,989,OADMET-0005101,4.57,train,4to5,1,0,0.00046554011901764266,False
989,990,OADMET-0005100,4.44,train,4to5,2,0,0.00039680731265007233,False
990,991,OADMET-0005099,4.84,train,4to5,0,0,0.00034681514314363366,False
991,992,OADMET-0005098,5.09,train,5to6,0,0,0.09400559153665686,False
992,993,OADMET-0005097,4.73,train,4to5,2,0,0.0007059943423122163,False
993,994,OADMET-0005096,5.23,train,5to6,3,0,0.000443568981920773,False
994,995,OADMET-0005095,5.47,train,5to6,1,0,0.0015266165105321597,False
995,996,OADMET-0005094,5.24,train,5to6,1,0,0.0004419953125260072,False
996,997,OADMET-0005093,5.31,train,5to6,4,0,0.0006450290302880808,False
997,998,OADMET-0005092,4.73,train,4to5,0,0,0.0005306632553805868,False
998,999,OADMET-0005091,5.31,train,5to6,0,0,0.0004983151881126766,False
999,1000,OADMET-0005090,5.44,train,5to6,4,0,0.00020218874277197778,False
1000,1001,OADMET-0005089,5.06,train,5to6,2,0,0.0031226387243384625,False
1001,1002,OADMET-0005088,4.57,train,4to5,0,0,0.00015424840757402044,False
1002,1003,OADMET-0005087,5.0,train,4to5,2,0,0.0004442514712053797,False
1003,1004,OADMET-0005086,3.99,train,3to4,4,0,0.0005323361835270636,False
1004,1005,OADMET-0005085,5.25,train,5to6,1,0,0.00021975722547222892,False
1005,1006,OADMET-0005084,4.58,train,4to5,0,0,0.00023959484011906555,False
1006,1007,OADMET-0005083,4.27,train,4to5,2,0,0.000436963541416386,False
1007,1008,OADMET-0005082,5.32,train,5to6,1,0,0.004706323107940897,False
1008,1009,OADMET-0005081,4.91,train,4to5,2,0,0.00038575754435135693,False
1009,1010,OADMET-0005080,4.43,train,4to5,2,0,0.00013372594952330478,False
1010,1011,OADMET-0005079,4.94,train,4to5,1,0,0.0011831929143775403,False
1011,1012,OADMET-0005078,5.24,train,5to6,0,0,0.0005547214281225166,False
1012,1013,OADMET-0005077,5.07,train,5to6,4,0,0.00033706899340789484,False
1013,1014,OADMET-0005076,4.35,train,4to5,3,0,0.0001243336420898945,False
1014,1015,OADMET-0005075,5.18,train,5to6,1,0,0.0006389948340612613,False
1015,1016,OADMET-0005074,5.08,train,5to6,2,0,0.001999726896562105,False
1016,1017,OADMET-0005073,4.85,train,4to5,3,0,0.0003733286614191251,False
1017,1018,OADMET-0005072,5.06,train,5to6,3,0,0.0025923567324040277,False
1018,1019,OADMET-0005071,4.41,train,4to5,4,0,0.03459296864171542,False
1019,1020,OADMET-0005070,5.3,train,5to6,3,0,0.0004136164136113158,False
1020,1021,OADMET-0005069,5.02,train,5to6,2,0,0.00021106376131939646,False
1021,1022,OADMET-0005068,5.43,train,5to6,0,0,0.00020396208778437165,False
1022,1023,OADMET-0005067,4.73,train,4to5,0,0,0.0001324658450453449,False
1023,1024,OADMET-0005066,4.72,train,4to5,2,0,0.00011408954411500361,False
1024,1025,OADMET-0005065,5.19,train,5to6,1,0,0.0005941072847358124,False
1025,1026,OADMET-0005064,4.99,train,4to5,2,0,0.00027524451930054756,False
1026,1027,OADMET-0005063,4.33,train,4to5,1,0,0.0006764829053853989,False
1027,1028,OADMET-0005062,4.99,train,4to5,2,0,0.00017187139298336266,False
1028,1029,OADMET-0005061,5.39,train,5to6,4,0,0.06265439192194944,False
1029,1030,OADMET-0005060,5.25,train,5to6,1,0,0.005881874655772597,False
1030,1031,OADMET-0005059,4.92,train,4to5,0,0,0.00012279572062100276,False
1031,1032,OADMET-0005058,4.96,train,4to5,0,0,0.00017393127589590687,False
1032,1033,OADMET-0005057,4.26,train,4to5,4,0,0.0002063654295981694,False
1033,1034,OADMET-0005056,4.83,train,4to5,1,0,0.0014181977510541208,False
1034,1035,OADMET-0005055,4.83,train,4to5,4,0,0.018131972371556032,False
1035,1036,OADMET-0005054,4.79,train,4to5,0,0,0.0013009027768207848,False
1036,1037,OADMET-0005053,4.95,train,4to5,4,0,0.0012182210325949192,False
1037,1038,OADMET-0005052,4.82,train,4to5,1,0,0.0008252210727944505,False
1038,1039,OADMET-0005051,4.84,train,4to5,0,0,0.001268056630990483,False
1039,1040,OADMET-0005050,5.22,train,5to6,4,0,0.002804138169515698,False
1040,1041,OADMET-0005049,4.21,train,4to5,0,0,0.00037640709999470115,False
1041,1042,OADMET-0005048,5.05,train,5to6,4,0,0.0001935524180095511,False
1042,1043,OADMET-0005047,4.88,train,4to5,4,0,0.00016490684664000114,False
1043,1044,OADMET-0005046,5.1,train,5to6,1,0,0.00025170106940267497,False
1044,1045,OADMET-0005045,5.05,train,5to6,3,0,0.0008137135820726458,False
1045,1046,OADMET-0005044,4.84,train,4to5,0,0,0.0044857232991145374,False
1046,1047,OADMET-0005043,4.94,train,4to5,0,0,0.0010817428551402333,False
1047,1048,OADMET-0005042,4.69,train,4to5,2,0,0.0007111437873978669,False
1048,1049,OADMET-0005041,4.63,train,4to5,1,0,0.00012396233218365903,False
1049,1050,OADMET-0005040,4.68,train,4to5,0,0,0.0020943969214744914,False
1050,1051,OADMET-0005039,4.57,train,4to5,4,0,0.0005681228872770458,False
1051,1052,OADMET-0005038,4.86,train,4to5,2,0,0.00023001259406095614,False
1052,1053,OADMET-0005037,4.09,train,4to5,2,0,0.0003089329568353999,False
1053,1054,OADMET-0005036,4.93,train,4to5,4,0,0.0012321690035194408,False
1054,1055,OADMET-0005035,4.54,train,4to5,0,0,0.0005059150914158817,False
1055,1056,OADMET-0005034,4.88,train,4to5,4,0,0.016333504128238065,False
1056,1057,OADMET-0005033,4.83,train,4to5,3,0,0.0013551381083206418,False
1057,1058,OADMET-0005032,4.82,train,4to5,2,0,0.00032799242540057575,False
1058,1059,OADMET-0005031,4.53,train,4to5,0,0,0.0004266801857814367,False
1059,1060,OADMET-0005030,5.07,train,5to6,0,0,0.0012517430219438942,False
1060,1061,OADMET-0005029,4.73,train,4to5,1,0,0.0006674936247173941,False
1061,1062,OADMET-0005028,5.3,train,5to6,4,0,0.0009074679073070461,False
1062,1063,OADMET-0005027,5.69,train,5to6,1,0,0.0009835361475048281,False
1063,1064,OADMET-0005026,5.0,train,4to5,3,0,0.0014344259510936693,False
1064,1065,OADMET-0005025,4.71,train,4to5,2,0,0.00026238094916517375,False
1065,1066,OADMET-0005024,5.02,train,5to6,3,0,0.0006447424655631932,False
1066,1067,OADMET-0005023,5.23,train,5to6,0,0,0.0003323590862043773,False
1067,1068,OADMET-0005022,4.74,train,4to5,1,0,0.000859131592728948,False
1068,1069,OADMET-0005021,5.0,train,4to5,1,0,0.0007903290054108156,False
1069,1070,OADMET-0005020,5.24,train,5to6,0,0,0.0010496269361957957,False
1070,1071,OADMET-0005019,5.38,train,5to6,3,0,0.0006163091763427432,False
1071,1072,OADMET-0005018,4.7,train,4to5,0,0,0.0001344358370960637,False
1072,1073,OADMET-0005017,5.14,train,5to6,0,0,0.0009759363296523903,False
1073,1074,OADMET-0005016,5.13,train,5to6,1,0,0.002048645664859774,False
1074,1075,OADMET-0005015,4.8,train,4to5,4,0,0.0002979782512440487,False
1075,1076,OADMET-0005014,4.66,train,4to5,2,0,0.00018009401853551178,False
1076,1077,OADMET-0005013,4.7,train,4to5,2,0,0.00017496661017296587,False
1077,1078,OADMET-0005012,5.33,train,5to6,2,0,0.0005998994788922856,False
1078,1079,OADMET-0005011,4.51,train,4to5,0,0,0.00024718796754502067,False
1079,1080,OADMET-0005010,4.61,train,4to5,4,0,0.00018434959884138633,False
1080,1081,OADMET-0005009,5.09,train,5to6,1,0,0.00309390677986205,False
1081,1082,OADMET-0005008,4.57,train,4to5,1,0,0.0001811664635563688,False
1082,1083,OADMET-0005007,4.82,train,4to5,3,0,0.0015914311402565346,False
1083,1084,OADMET-0005006,5.05,train,5to6,4,0,0.006613758106549223,False
1084,1085,OADMET-0005005,5.0,train,4to5,3,0,0.00032792477188449117,False
1085,1086,OADMET-0005004,4.35,train,4to5,2,0,0.0008039167192589114,False
1086,1087,OADMET-0005003,4.81,train,4to5,3,0,0.0003743870156087167,False
1087,1088,OADMET-0005002,4.87,train,4to5,2,0,0.00012016743977771835,False
1088,1089,OADMET-0005001,4.63,train,4to5,4,0,0.004991787929494104,False
1089,1090,OADMET-0005000,4.57,train,4to5,0,0,0.0002734337070597734,False
1090,1091,OADMET-0004999,4.99,train,4to5,1,0,0.0010889904957772521,False
1091,1092,OADMET-0004998,5.08,train,5to6,2,0,0.020508012904205623,False
1092,1093,OADMET-0004997,5.02,train,5to6,4,0,0.000456387286645358,False
1093,1094,OADMET-0004996,5.03,train,5to6,0,0,0.00026407440249466335,False
1094,1095,OADMET-0004995,5.34,train,5to6,0,0,0.0008672484534825312,False
1095,1096,OADMET-0004994,5.16,train,5to6,2,0,0.007924440147427391,False
1096,1097,OADMET-0004993,4.65,train,4to5,0,0,0.00020066926131684796,False
1097,1098,OADMET-0004992,4.78,train,4to5,0,0,0.00029119352076489554,False
1098,1099,OADMET-0004991,5.41,train,5to6,1,0,0.0009074369292828091,False
1099,1100,OADMET-0004990,5.51,train,5to6,1,0,0.0007566625270067174,False
1100,1101,OADMET-0004989,5.56,train,5to6,1,0,0.003183874586913351,False
1101,1102,OADMET-0004988,4.87,train,4to5,1,0,0.00018263561171167548,False
1102,1103,OADMET-0004987,5.23,train,5to6,0,0,0.002031336103586742,False
1103,1104,OADMET-0004986,4.87,train,4to5,2,0,0.019760607297017008,False
1104,1105,OADMET-0004985,4.78,train,4to5,4,0,0.00014194068914988165,False
1105,1106,OADMET-0004984,5.33,train,5to6,2,0,0.000728500908175309,False
1106,1107,OADMET-0004983,4.65,train,4to5,4,0,0.00022553476885664914,False
1107,1108,OADMET-0004982,4.47,train,4to5,0,0,0.0008973585699238501,False
1108,1109,OADMET-0004981,5.53,train,5to6,4,0,0.00034317280507675454,False
1109,1110,OADMET-0004980,5.35,train,5to6,4,0,0.0014850706489117802,False
1110,1111,OADMET-0004979,4.2,train,4to5,0,0,0.00019324241738628769,False
1111,1112,OADMET-0004978,5.05,train,5to6,4,0,0.0003575240171192349,False
1112,1113,OADMET-0004977,5.33,train,5to6,0,0,0.0005158256945648478,False
1113,1114,OADMET-0004976,4.56,train,4to5,0,0,0.0002781543640495555,False
1114,1115,OADMET-0004975,4.6,train,4to5,4,0,0.00040111408480045664,False
1115,1116,OADMET-0004974,4.98,train,4to5,0,0,0.00018421491504743605,False
1116,1117,OADMET-0004973,5.21,train,5to6,4,0,0.004163760100144159,False
1117,1118,OADMET-0004972,4.24,train,4to5,0,0,0.0004429106522394314,False
1118,1119,OADMET-0004971,4.6,train,4to5,4,0,0.002293641794500406,False
1119,1120,OADMET-0004970,5.22,train,5to6,3,0,0.0011112035664622383,False
1120,1121,OADMET-0004969,4.97,train,4to5,4,0,0.012995312190113623,False
1121,1122,OADMET-0004968,4.73,train,4to5,1,0,0.0008513597187503235,False
1122,1123,OADMET-0004967,4.8,train,4to5,1,0,0.00012347345115767738,False
1123,1124,OADMET-0004966,5.15,train,5to6,1,0,0.00011308544971697993,False
1124,1125,OADMET-0004965,4.93,train,4to5,0,0,0.0011134593200098767,False
1125,1126,OADMET-0004964,5.21,train,5to6,4,0,0.00405064703307519,False
1126,1127,OADMET-0004963,4.78,train,4to5,4,0,0.0005247227101149932,False
1127,1128,OADMET-0004962,4.27,train,4to5,1,0,0.042355516054289416,False
1128,1129,OADMET-0004961,4.67,train,4to5,3,0,0.000285784552729903,False
1129,1130,OADMET-0004960,5.39,train,5to6,3,0,0.00048144382795418196,False
1130,1131,OADMET-0004959,4.68,train,4to5,3,0,0.0008432864407999308,False
1131,1132,OADMET-0004958,4.97,train,4to5,0,0,0.000857138566486353,False
1132,1133,OADMET-0004957,4.95,train,4to5,1,0,0.0002521256766906201,False
1133,1134,OADMET-0004956,5.42,train,5to6,4,0,0.0013331839070611124,False
1134,1135,OADMET-0004955,4.57,train,4to5,3,0,0.00015617313570043384,False
1135,1136,OADMET-0004954,5.03,train,5to6,0,0,0.0005451677716517684,False
1136,1137,OADMET-0004953,4.6,train,4to5,4,0,0.00023587092972134042,False
1137,1138,OADMET-0004952,5.03,train,5to6,3,0,0.004136198502152322,False
1138,1139,OADMET-0004951,4.56,train,4to5,0,0,0.0005799336978898862,False
1139,1140,OADMET-0004950,5.33,train,5to6,3,0,0.0005092698480922865,False
1140,1141,OADMET-0004949,4.9,train,4to5,4,0,0.004196698845208061,False
1141,1142,OADMET-0004948,4.54,train,4to5,3,0,0.00038881893411497746,False
1142,1143,OADMET-0004947,4.89,train,4to5,2,0,0.005121941898689102,False
1143,1144,OADMET-0004946,4.56,train,4to5,0,0,0.000516870216808324,False
1144,1145,OADMET-0004945,5.51,train,5to6,0,0,0.0008708590196275034,False
1145,1146,OADMET-0004944,4.37,train,4to5,4,0,0.00018469157307477238,False
1146,1147,OADMET-0004943,5.2,train,5to6,4,0,0.0036021132989484243,False
1147,1148,OADMET-0004942,5.06,train,5to6,4,0,0.007157345161956505,False
1148,1149,OADMET-0004941,5.24,train,5to6,1,0,0.0003110835676951172,False
1149,1150,OADMET-0004940,5.67,train,5to6,2,0,0.004145200030982322,False
1150,1151,OADMET-0004939,4.71,train,4to5,4,0,0.00017021656036719527,False
1151,1152,OADMET-0004938,5.01,train,5to6,1,0,0.0001766770266168099,False
1152,1153,OADMET-0004937,4.9,train,4to5,1,0,0.00023213974446169088,False
1153,1154,OADMET-0004936,3.97,train,3to4,2,0,0.000315751091674391,False
1154,1155,OADMET-0004935,3.78,train,3to4,1,0,0.00040598051998483716,False
1155,1156,OADMET-0004934,4.83,train,4to5,0,0,0.0010233731935703945,False
1156,1157,OADMET-0004933,5.33,train,5to6,3,0,0.0006891119923394922,False
1157,1158,OADMET-0004932,5.49,train,5to6,1,0,0.0006664491731479536,False
1158,1159,OADMET-0004931,5.36,train,5to6,2,0,0.0027925965547827268,False
1159,1160,OADMET-0004930,4.1,train,4to5,2,0,0.0016588539838966556,False
1160,1161,OADMET-0004929,4.81,train,4to5,2,0,0.006789441422408807,False
1161,1162,OADMET-0004928,5.55,train,5to6,0,0,0.03532219022485202,False
1162,1163,OADMET-0004927,4.81,train,4to5,1,0,0.0006352544814662471,False
1163,1164,OADMET-0004926,5.54,train,5to6,2,0,0.0006478933916497532,False
1164,1165,OADMET-0004925,5.2,train,5to6,0,0,0.0011785157470510699,False
1165,1166,OADMET-0004924,4.3,train,4to5,0,0,0.00027017258978309904,False
1166,1167,OADMET-0004923,4.4,train,4to5,0,0,0.0010165995816549987,False
1167,1168,OADMET-0004922,5.34,train,5to6,2,0,0.0006251318946699321,False
1168,1169,OADMET-0004921,4.72,train,4to5,3,0,0.0005188192840918541,False
1169,1170,OADMET-0004920,4.68,train,4to5,2,0,0.0003832101167561984,False
1170,1171,OADMET-0004919,4.65,train,4to5,0,0,0.00020273994499349972,False
1171,1172,OADMET-0004918,4.53,train,4to5,0,0,0.0006148515390781839,False
1172,1173,OADMET-0004917,4.65,train,4to5,3,0,0.0006384769401007364,False
1173,1174,OADMET-0004916,4.79,train,4to5,3,0,0.0033561803303978326,False
1174,1175,OADMET-0004915,5.19,train,5to6,0,0,0.0004803554838145379,False
1175,1176,OADMET-0004914,5.16,train,5to6,3,0,0.00016152191232441965,False
1176,1177,OADMET-0004913,5.23,train,5to6,2,0,0.0012787152365176058,False
1177,1178,OADMET-0004912,5.47,train,5to6,0,0,0.0035419251197018283,False
1178,1179,OADMET-0004911,5.16,train,5to6,2,0,0.0013549992662877587,False
1179,1180,OADMET-0004910,5.09,train,5to6,2,0,0.0020647859291243152,False
1180,1181,OADMET-0004909,5.15,train,5to6,0,0,0.0002017439429417224,False
1181,1182,OADMET-0004908,5.58,train,5to6,0,0,0.00028572455273776485,False
1182,1183,OADMET-0004907,4.76,train,4to5,2,0,0.00025271523341018125,False
1183,1184,OADMET-0004906,5.1,train,5to6,2,0,0.0007277291263120759,False
1184,1185,OADMET-0004905,5.08,train,5to6,4,0,0.0002195637747468058,False
1185,1186,OADMET-0004904,4.86,train,4to5,0,0,0.0005881625854243655,False
1186,1187,OADMET-0004903,4.51,train,4to5,0,0,0.000820594852387841,False
1187,1188,OADMET-0004902,4.98,train,4to5,4,0,0.0009192518307172886,False
1188,1189,OADMET-0004901,4.66,train,4to5,4,0,0.0002600330928155451,False
1189,1190,OADMET-0004900,4.73,train,4to5,2,0,0.0004339211198345261,False
1190,1191,OADMET-0004899,4.73,train,4to5,4,0,0.0013340633930520507,False
1191,1192,OADMET-0004898,4.56,train,4to5,3,0,0.0009504595618131673,False
1192,1193,OADMET-0004897,5.12,train,5to6,3,0,0.0007320997150389765,False
1193,1194,OADMET-0004896,4.77,train,4to5,2,0,0.0009081532899276681,False
1194,1195,OADMET-0004895,4.63,train,4to5,0,0,0.0019433184307973157,False
1195,1196,OADMET-0004894,4.73,train,4to5,2,0,0.00011771548111048558,False
1196,1197,OADMET-0004893,5.17,train,5to6,1,0,0.012077815549620983,False
1197,1198,OADMET-0004892,5.08,train,5to6,4,0,0.0003594464066048652,False
1198,1199,OADMET-0004891,4.7,train,4to5,0,0,0.0002526755985186843,False
1199,1200,OADMET-0004890,4.66,train,4to5,0,0,0.00019241636077133327,False
1200,1201,OADMET-0004889,4.38,train,4to5,4,0,0.00011213862744528764,False
1201,1202,OADMET-0004888,4.59,train,4to5,4,0,0.0001808641202006018,False
1202,1203,OADMET-0004887,5.02,train,5to6,4,0,0.000871796198684015,False
1203,1204,OADMET-0004886,4.25,train,4to5,2,0,0.0002805009816219138,False
1204,1205,OADMET-0004885,4.72,train,4to5,0,0,9.260584886463707e-05,False
1205,1206,OADMET-0004884,5.09,train,5to6,1,0,0.0009082136936943143,False
1206,1207,OADMET-0004883,4.76,train,4to5,2,0,0.00043767165079214353,False
1207,1208,OADMET-0004882,4.49,train,4to5,0,0,0.0014242132402170291,False
1208,1209,OADMET-0004881,4.42,train,4to5,0,0,0.0009109204057983364,False
1209,1210,OADMET-0004880,4.93,train,4to5,1,0,0.00041763051898184594,False
1210,1211,OADMET-0004879,4.86,train,4to5,1,0,0.0006064422341102441,False
1211,1212,OADMET-0004878,4.72,train,4to5,0,0,0.000498288810116121,False
1212,1213,OADMET-0004877,4.11,train,4to5,0,0,0.0016835494422884167,False
1213,1214,OADMET-0004876,4.8,train,4to5,1,0,0.0004940580316137739,False
1214,1215,OADMET-0004875,4.65,train,4to5,2,0,0.00018614516738060157,False
1215,1216,OADMET-0004874,4.89,train,4to5,2,0,0.004239242362667258,False
1216,1217,OADMET-0004873,5.01,train,5to6,2,0,0.000271617921691587,False
1217,1218,OADMET-0004872,4.77,train,4to5,1,0,0.000998563191416855,False
1218,1219,OADMET-0004871,5.27,train,5to6,0,0,0.0023244621382382193,False
1219,1220,OADMET-0004870,4.79,train,4to5,0,0,0.0007364348036413202,False
1220,1221,OADMET-0004869,4.92,train,4to5,4,0,0.0005899329596618961,False
1221,1222,OADMET-0004868,4.71,train,4to5,1,0,0.0007601804941421062,False
1222,1223,OADMET-0004867,4.05,train,4to5,2,0,0.00029006116203873105,False
1223,1224,OADMET-0004866,4.51,train,4to5,1,0,0.000271124430929707,False
1224,1225,OADMET-0004865,5.37,train,5to6,4,0,0.0008639678427384125,False
1225,1226,OADMET-0004864,4.2,train,4to5,4,0,0.00024738958637244825,False
1226,1227,OADMET-0004863,4.9,train,4to5,0,0,0.0002258804752594358,False
1227,1228,OADMET-0004862,4.54,train,4to5,3,0,0.00018620072478596768,False
1228,1229,OADMET-0004861,5.52,train,5to6,2,0,0.0028095872993297633,False
1229,1230,OADMET-0004860,4.22,train,4to5,1,0,0.00038213983727049836,False
1230,1231,OADMET-0004859,5.29,train,5to6,4,0,0.0002621071565563204,False
1231,1232,OADMET-0004858,5.27,train,5to6,4,0,0.00021652119107309315,False
1232,1233,OADMET-0004857,4.97,train,4to5,1,0,0.0003731557772388876,False
1233,1234,OADMET-0004856,4.49,train,4to5,2,0,0.0004039015102019303,False
1234,1235,OADMET-0004855,4.97,train,4to5,3,0,0.00013613934214320056,False
1235,1236,OADMET-0004854,4.05,train,4to5,4,0,0.0007212120848678494,False
1236,1237,OADMET-0004853,4.37,train,4to5,3,0,0.00013669982829093107,False
1237,1238,OADMET-0004852,5.61,train,5to6,2,0,0.0003617335584374295,False
1238,1239,OADMET-0004851,4.86,train,4to5,4,0,0.0004216023638834698,False
1239,1240,OADMET-0004850,5.0,train,4to5,1,0,0.0016344028890909574,False
1240,1241,OADMET-0004849,4.3,train,4to5,2,0,0.00022124165655384791,False
1241,1242,OADMET-0004848,4.81,train,4to5,2,0,0.2831395933582982,False
1242,1243,OADMET-0004847,4.48,train,4to5,0,0,0.0004978028542337958,False
1243,1244,OADMET-0004846,4.95,train,4to5,0,0,0.0049613794817390386,False
1244,1245,OADMET-0004845,5.4,train,5to6,2,0,0.0025043355864592083,False
1245,1246,OADMET-0004844,5.37,train,5to6,0,0,0.0018333307537612927,False
1246,1247,OADMET-0004843,5.24,train,5to6,4,0,0.00119959200835314,False
1247,1248,OADMET-0004842,5.11,train,5to6,2,0,0.00042379746809922204,False
1248,1249,OADMET-0004841,5.41,train,5to6,0,0,0.0030673937595505443,False
1249,1250,OADMET-0004840,4.95,train,4to5,0,0,0.00022754170337909463,False
1250,1251,OADMET-0004839,5.06,train,5to6,2,0,0.00033534446297908043,False
1251,1252,OADMET-0004838,5.09,train,5to6,2,0,0.00040387243128868716,False
1252,1253,OADMET-0004837,5.37,train,5to6,2,0,0.0019891921105497576,False
1253,1254,OADMET-0004836,4.11,train,4to5,0,0,0.0019911405141213893,False
1254,1255,OADMET-0004835,5.28,train,5to6,0,0,0.0007636759234970651,False
1255,1256,OADMET-0004834,4.64,train,4to5,0,0,0.00027103051080244045,False
1256,1257,OADMET-0004833,5.21,train,5to6,3,0,0.000640832199318879,False
1257,1258,OADMET-0004832,4.81,train,4to5,0,0,0.00040233234437659466,False
1258,1259,OADMET-0004831,4.42,train,4to5,3,0,0.0006442886794189942,False
1259,1260,OADMET-0004830,4.67,train,4to5,2,0,0.0004504606740239292,False
1260,1261,OADMET-0004829,4.49,train,4to5,3,0,0.0003360806084561998,False
1261,1262,OADMET-0004828,4.46,train,4to5,0,0,0.0015283540525021914,False
1262,1263,OADMET-0004827,4.97,train,4to5,0,0,0.0015495014022962929,False
1263,1264,OADMET-0004826,5.03,train,5to6,2,0,0.0001428950510123759,False
1264,1265,OADMET-0004825,5.3,train,5to6,1,0,0.0007814724709233825,False
1265,1266,OADMET-0004824,4.13,train,4to5,1,0,0.0005863464812582122,False
1266,1267,OADMET-0004823,4.24,train,4to5,1,0,0.004980479069928991,False
1267,1268,OADMET-0004822,3.92,train,3to4,4,0,0.0008616265828461784,False
1268,1269,OADMET-0004821,4.73,train,4to5,3,0,0.028668135518157254,False
1269,1270,OADMET-0004820,4.93,train,4to5,0,0,0.0005602331782449306,False
1270,1271,OADMET-0004819,4.63,train,4to5,4,0,0.00017176090581478984,False
1271,1272,OADMET-0004818,4.88,train,4to5,2,0,0.0009025898016818219,False
1272,1273,OADMET-0004817,4.78,train,4to5,1,0,0.00035562084479575707,False
1273,1274,OADMET-0004816,4.64,train,4to5,4,0,0.008509007282509995,False
1274,1275,OADMET-0004815,4.8,train,4to5,3,0,0.0005564953846240262,False
1275,1276,OADMET-0004814,4.83,train,4to5,0,0,0.017880976593110928,False
1276,1277,OADMET-0004813,5.17,train,5to6,1,0,0.000709690882726774,False
1277,1278,OADMET-0004812,4.72,train,4to5,2,0,0.0001555588028878143,False
1278,1279,OADMET-0004811,4.76,train,4to5,0,0,0.0008276434671823456,False
1279,1280,OADMET-0004810,4.49,train,4to5,2,0,0.00033067705697159685,False
1280,1281,OADMET-0004809,4.53,train,4to5,4,0,0.00013273340208549612,False
1281,1282,OADMET-0004808,4.51,train,4to5,4,0,0.00039629625525875475,False
1282,1283,OADMET-0004807,4.59,train,4to5,4,0,0.0002964664853743447,False
1283,1284,OADMET-0004806,4.11,train,4to5,0,0,0.0001293643842869673,False
1284,1285,OADMET-0004805,5.0,train,4to5,0,0,0.001319849186631686,False
1285,1286,OADMET-0004804,4.67,train,4to5,2,0,0.00011779047148491762,False
1286,1287,OADMET-0004803,5.2,train,5to6,4,0,0.0003610854572590862,False
1287,1288,OADMET-0004802,4.67,train,4to5,0,0,0.00010226917884597989,False
1288,1289,OADMET-0004801,4.99,train,4to5,2,0,0.0005096070582138023,False
1289,1290,OADMET-0004800,4.44,train,4to5,2,0,0.00040888264425578463,False
1290,1291,OADMET-0004799,5.38,train,5to6,2,0,0.000199874708551928,False
1291,1292,OADMET-0004798,4.63,train,4to5,3,0,0.0005663933174551692,False
1292,1293,OADMET-0004797,5.19,train,5to6,1,0,0.0024871775035184705,False
1293,1294,OADMET-0004796,4.72,train,4to5,3,0,0.0004573561683013915,False
1294,1295,OADMET-0004795,4.66,train,4to5,2,0,0.01253477917591799,False
1295,1296,OADMET-0004794,4.58,train,4to5,2,0,0.0007678228740945784,False
1296,1297,OADMET-0004793,4.66,train,4to5,0,0,0.00018038675779294197,False
1297,1298,OADMET-0004792,4.04,train,4to5,1,0,0.00013360348422739032,False
1298,1299,OADMET-0004791,4.79,train,4to5,0,0,0.0004767832969151697,False
1299,1300,OADMET-0004790,5.31,train,5to6,2,0,0.000433709584442537,False
1300,1301,OADMET-0004789,5.06,train,5to6,2,0,0.00017185394842653663,False
1301,1302,OADMET-0004788,5.12,train,5to6,1,0,0.001374379125543586,False
1302,1303,OADMET-0004787,4.75,train,4to5,3,0,8.370579445629624e-05,False
1303,1304,OADMET-0004786,5.01,train,5to6,4,0,0.00188638593447973,False
1304,1305,OADMET-0004785,4.37,train,4to5,4,0,0.0001383729150880129,False
1305,1306,OADMET-0004784,4.73,train,4to5,1,0,0.0003260143772222148,False
1306,1307,OADMET-0004783,4.91,train,4to5,4,0,0.0030770998259421886,False
1307,1308,OADMET-0004782,4.22,train,4to5,4,0,0.0002267184025867755,False
1308,1309,OADMET-0004781,4.7,train,4to5,0,0,0.001552470982071814,False
1309,1310,OADMET-0004780,5.58,train,5to6,0,0,0.00016212289861900346,False
1310,1311,OADMET-0004779,4.93,train,4to5,0,0,0.0001916497683392189,False
1311,1312,OADMET-0004778,4.74,train,4to5,0,0,0.0013796215069557195,False
1312,1313,OADMET-0004777,4.93,train,4to5,1,0,0.0022430674454433975,False
1313,1314,OADMET-0004776,4.98,train,4to5,0,0,0.0016243514800089254,False
1314,1315,OADMET-0004775,5.16,train,5to6,4,0,0.012026186641715557,False
1315,1316,OADMET-0004774,4.72,train,4to5,3,0,0.0003378562437378127,False
1316,1317,OADMET-0004773,4.76,train,4to5,2,0,0.0005574336391840513,False
1317,1318,OADMET-0004772,4.68,train,4to5,4,0,0.001982501741348036,False
1318,1319,OADMET-0004771,4.63,train,4to5,0,0,0.001548689843413125,False
1319,1320,OADMET-0004770,4.15,train,4to5,2,0,0.00033506644478137945,False
1320,1321,OADMET-0004769,4.76,train,4to5,0,0,0.002303079718632246,False
1321,1322,OADMET-0004768,4.58,train,4to5,4,0,0.0009030026092116387,False
1322,1323,OADMET-0004767,5.32,train,5to6,1,0,0.0012516445389563152,False
1323,1324,OADMET-0004766,3.97,train,3to4,1,0,0.00029487793997826404,False
1324,1325,OADMET-0004765,4.85,train,4to5,3,0,0.0004262011429350053,False
1325,1326,OADMET-0004764,4.95,train,4to5,0,0,0.0001037807786430664,False
1326,1327,OADMET-0004763,4.91,train,4to5,3,0,0.0001853955090336057,False
1327,1328,OADMET-0004762,4.8,train,4to5,3,0,0.0012006775702412716,False
1328,1329,OADMET-0004761,4.61,train,4to5,1,0,0.0001576269890500676,False
1329,1330,OADMET-0004760,5.27,train,5to6,0,0,0.00040909531180404683,False
1330,1331,OADMET-0004759,4.96,train,4to5,1,0,0.00018898858922133054,False
1331,1332,OADMET-0004758,4.96,train,4to5,2,0,0.00350510886564032,False
1332,1333,OADMET-0004757,4.55,train,4to5,4,0,0.0006154784187579339,False
1333,1334,OADMET-0004756,4.5,train,4to5,4,0,0.0003455546851803291,False
1334,1335,OADMET-0004755,5.18,train,5to6,4,0,0.01433812964334767,False
1335,1336,OADMET-0004754,4.82,train,4to5,2,0,0.0006247015435549003,False
1336,1337,OADMET-0004753,5.06,train,5to6,3,0,0.0008109940464263135,False
1337,1338,OADMET-0004752,4.45,train,4to5,1,0,0.00033937139832013386,False
1338,1339,OADMET-0004751,4.99,train,4to5,4,0,0.00017209598203711657,False
1339,1340,OADMET-0004750,3.92,train,3to4,0,0,0.0004517060917336909,False
1340,1341,OADMET-0004749,4.26,train,4to5,0,0,0.0008500879431232003,False
1341,1342,OADMET-0004748,5.11,train,5to6,0,0,0.000741536103129927,False
1342,1343,OADMET-0004747,4.69,train,4to5,4,0,0.0003528774183092713,False
1343,1344,OADMET-0004746,5.04,train,5to6,1,0,0.0002846070289834698,False
1344,1345,OADMET-0004745,4.35,train,4to5,2,0,0.00015576978271916346,False
1345,1346,OADMET-0004744,4.4,train,4to5,3,0,0.001632569670188676,False
1346,1347,OADMET-0004743,4.97,train,4to5,2,0,0.0005817758825006189,False
1347,1348,OADMET-0004742,4.98,train,4to5,1,0,0.00026337443966040485,False
1348,1349,OADMET-0004741,4.94,train,4to5,1,0,0.00033233933848093183,False
1349,1350,OADMET-0004740,4.81,train,4to5,1,0,0.00020736997184230054,False
1350,1351,OADMET-0004739,4.77,train,4to5,0,0,0.0003338650477136394,False
1351,1352,OADMET-0004738,4.31,train,4to5,3,0,0.0003264445096063942,False
1352,1353,OADMET-0004737,4.78,train,4to5,1,0,0.0003087236340989933,False
1353,1354,OADMET-0004736,4.33,train,4to5,1,0,0.00036335960405136074,False
1354,1355,OADMET-0004735,4.25,train,4to5,1,0,0.0005002986652724599,False
1355,1356,OADMET-0004734,4.61,train,4to5,2,0,0.0011274446242483408,False
1356,1357,OADMET-0004733,4.23,train,4to5,3,0,0.000983269207224162,False
1357,1358,OADMET-0004732,4.95,train,4to5,2,0,0.00022033361411667642,False
1358,1359,OADMET-0004731,5.25,train,5to6,0,0,0.003000115147624469,False
1359,1360,OADMET-0004730,5.33,train,5to6,0,0,0.0020786453269073172,False
1360,1361,OADMET-0004729,3.95,train,3to4,1,0,0.000997230513436558,False
1361,1362,OADMET-0004728,4.34,train,4to5,0,0,0.0006619095590838428,False
1362,1363,OADMET-0004727,5.01,train,5to6,0,0,0.00046118971210997595,False
1363,1364,OADMET-0004726,4.89,train,4to5,0,0,0.0009582301700942396,False
1364,1365,OADMET-0004725,4.38,train,4to5,3,0,0.0003554836316203724,False
1365,1366,OADMET-0004724,4.43,train,4to5,2,0,0.004206361975472943,False
1366,1367,OADMET-0004723,4.31,train,4to5,0,0,0.0004234108166945015,False
1367,1368,OADMET-0004722,4.49,train,4to5,4,0,0.000310717676593985,False
1368,1369,OADMET-0004721,5.41,train,5to6,0,0,0.000761632105225048,False
1369,1370,OADMET-0004720,4.59,train,4to5,0,0,0.00013751838236403133,False
1370,1371,OADMET-0004719,4.64,train,4to5,4,0,0.00039523612349274954,False
1371,1372,OADMET-0004718,4.38,train,4to5,1,0,0.0016248817711507246,False
1372,1373,OADMET-0004717,4.68,train,4to5,1,0,0.00011897997086576013,False
1373,1374,OADMET-0004716,4.29,train,4to5,3,0,0.0005844851111197022,False
1374,1375,OADMET-0004715,5.04,train,5to6,2,0,0.00012243084298934855,False
1375,1376,OADMET-0004714,4.41,train,4to5,1,0,0.00025381314494493125,False
1376,1377,OADMET-0004713,3.82,train,3to4,2,0,0.000706598671832364,False
1377,1378,OADMET-0004712,4.39,train,4to5,1,0,0.000457049855694933,False
1378,1379,OADMET-0004711,4.9,train,4to5,4,0,0.0015487107883296605,False
1379,1380,OADMET-0004710,4.56,train,4to5,3,0,0.00018582444858857597,False
1380,1381,OADMET-0004709,4.48,train,4to5,3,0,0.011774939070968451,False
1381,1382,OADMET-0004708,4.97,train,4to5,1,0,0.0007819172310283502,False
1382,1383,OADMET-0004707,4.93,train,4to5,4,0,0.005228508675995642,False
1383,1384,OADMET-0004706,4.44,train,4to5,1,0,0.00037952398087219184,False
1384,1385,OADMET-0004705,4.66,train,4to5,1,0,0.00046564610407315185,False
1385,1386,OADMET-0004704,4.75,train,4to5,0,0,0.000686204188369324,False
1386,1387,OADMET-0004703,4.79,train,4to5,0,0,0.0001465214301489939,False
1387,1388,OADMET-0004702,4.85,train,4to5,3,0,0.0008442992905211326,False
1388,1389,OADMET-0004701,4.89,train,4to5,2,0,0.00020073442561951573,False
1389,1390,OADMET-0004700,5.36,train,5to6,4,0,0.00019706758381728763,False
1390,1391,OADMET-0004699,5.04,train,5to6,3,0,0.00020115661155950564,False
1391,1392,OADMET-0004698,4.23,train,4to5,1,0,0.00036921536116387305,False
1392,1393,OADMET-0004697,5.03,train,5to6,3,0,0.00040531226489336284,False
1393,1394,OADMET-0004696,4.21,train,4to5,0,0,0.00021438038127754097,False
1394,1395,OADMET-0004695,5.2,train,5to6,0,0,0.0005796317544665302,False
1395,1396,OADMET-0004694,4.76,train,4to5,0,0,0.00030658100651270503,False
1396,1397,OADMET-0004693,4.66,train,4to5,2,0,0.0013550150367392013,False
1397,1398,OADMET-0004692,4.35,train,4to5,0,0,0.00010905255914053266,False
1398,1399,OADMET-0004691,4.13,train,4to5,2,0,0.0005154414133611865,False
1399,1400,OADMET-0004690,4.79,train,4to5,0,0,0.0006760444288355056,False
1400,1401,OADMET-0004689,4.22,train,4to5,2,0,0.0002539380037801715,False
1401,1402,OADMET-0004688,4.48,train,4to5,2,0,0.0033121985815596773,False
1402,1403,OADMET-0004687,4.05,train,4to5,2,0,0.0005643308058528597,False
1403,1404,OADMET-0004686,4.89,train,4to5,0,0,0.01690331537022803,False
1404,1405,OADMET-0004685,4.63,train,4to5,3,0,0.0005644459011774289,False
1405,1406,OADMET-0004684,5.0,train,4to5,0,0,0.0004230316544974109,False
1406,1407,OADMET-0004683,5.31,train,5to6,2,0,0.003259386756681871,False
1407,1408,OADMET-0004682,4.88,train,4to5,4,0,0.0004159722579658208,False
1408,1409,OADMET-0004681,4.84,train,4to5,1,0,0.00027882323428640683,False
1409,1410,OADMET-0004680,5.15,train,5to6,2,0,0.0002760283905296576,False
1410,1411,OADMET-0004679,5.23,train,5to6,3,0,0.0025732962097735224,False
1411,1412,OADMET-0004678,5.08,train,5to6,3,0,0.0009404491906512926,False
1412,1413,OADMET-0004677,3.93,train,3to4,4,0,0.003120167138459919,False
1413,1414,OADMET-0004673,4.78,train,4to5,2,0,0.00045415417805408793,False
1414,1415,OADMET-0004662,4.63,train,4to5,1,0,0.00040848153214279265,False
1415,1416,OADMET-0004653,4.72,train,4to5,4,0,0.0033691930885103275,False
1416,1417,OADMET-0004642,4.65,train,4to5,2,0,0.00012634769770956158,False
1417,1418,OADMET-0004629,4.41,train,4to5,3,0,0.00015884146198267274,False
1418,1419,OADMET-0004628,4.15,train,4to5,1,0,0.00015538082426572487,False
1419,1420,OADMET-0004625,4.72,train,4to5,2,0,0.00033369853818739727,False
1420,1421,OADMET-0004617,4.99,train,4to5,3,0,0.00037330044322582103,False
1421,1422,OADMET-0004611,4.66,train,4to5,3,0,0.0007829210901400395,False
1422,1423,OADMET-0004605,4.95,train,4to5,1,0,0.00013409324941731588,False
1423,1424,OADMET-0004590,5.48,train,5to6,3,0,0.00035313887884238826,False
1424,1425,OADMET-0004588,4.85,train,4to5,3,0,0.00012604690319471178,False
1425,1426,OADMET-0004581,4.76,train,4to5,1,0,0.0002276185365818782,False
1426,1427,OADMET-0004579,4.65,train,4to5,1,0,0.00040742199964212487,False
1427,1428,OADMET-0004577,4.8,train,4to5,2,0,0.00036365791224365196,False
1428,1429,OADMET-0004575,4.36,train,4to5,0,0,0.0028109783703560306,False
1429,1430,OADMET-0004570,5.04,train,5to6,2,0,0.006753686840394868,False
1430,1431,OADMET-0004567,4.92,train,4to5,0,0,0.0026235318796331854,False
1431,1432,OADMET-0004566,4.71,train,4to5,2,0,0.00031796882595327644,False
1432,1433,OADMET-0004560,5.02,train,5to6,0,0,0.0004591646158223976,False
1433,1434,OADMET-0004551,4.43,train,4to5,4,0,0.00032641755713584436,False
1434,1435,OADMET-0004547,4.12,train,4to5,4,0,0.0009081141293304605,False
1435,1436,OADMET-0004514,5.26,train,5to6,2,0,0.00037421416007260555,False
1436,1437,OADMET-0004510,4.78,train,4to5,2,0,0.00023509051920563937,False
1437,1438,OADMET-0004498,5.18,train,5to6,4,0,0.0024754299877435253,False
1438,1439,OADMET-0004490,5.01,train,5to6,0,0,0.0007483091579720739,False
1439,1440,OADMET-0004489,5.41,train,5to6,3,0,0.013046831677617806,False
1440,1441,OADMET-0004478,5.41,train,5to6,0,0,0.000290623723225632,False
1441,1442,OADMET-0004472,4.86,train,4to5,0,0,0.000607597580757329,False
1442,1443,OADMET-0004458,5.18,train,5to6,4,0,0.00013557908354106167,False
1443,1444,OADMET-0004452,4.89,train,4to5,4,0,0.003947122705789083,False
1444,1445,OADMET-0004444,4.36,train,4to5,3,0,0.00034896378707023937,False
1445,1446,OADMET-0004442,4.7,train,4to5,1,0,0.0003387784797662386,False
1446,1447,OADMET-0004440,4.97,train,4to5,0,0,0.0003316611433262904,False
1447,1448,OADMET-0004439,4.2,train,4to5,4,0,0.000769288618957281,False
1448,1449,OADMET-0004428,4.61,train,4to5,1,0,0.0004870477141321075,False
1449,1450,OADMET-0004419,4.55,train,4to5,0,0,0.002914366568365552,False
1450,1451,OADMET-0004418,5.2,train,5to6,2,0,0.0013648021829493352,False
1451,1452,OADMET-0004415,4.17,train,4to5,4,0,0.0002357012625688928,False
1452,1453,OADMET-0004413,4.66,train,4to5,2,0,0.0007559504899518383,False
1453,1454,OADMET-0004402,4.66,train,4to5,4,0,0.00047877037424176984,False
1454,1455,OADMET-0004396,4.57,train,4to5,4,0,0.0008351473642036061,False
1455,1456,OADMET-0004394,4.1,train,4to5,1,0,0.00045472027722719436,False
1456,1457,OADMET-0004388,4.24,train,4to5,4,0,0.00044196480039701807,False
1457,1458,OADMET-0004379,4.78,train,4to5,0,0,0.0025567321696771147,False
1458,1459,OADMET-0004372,4.82,train,4to5,4,0,0.0006566458261567185,False
1459,1460,OADMET-0004349,4.1,train,4to5,2,0,0.0003301822842058077,False
1460,1461,OADMET-0004348,4.55,train,4to5,0,0,0.00031907593844417474,False
1461,1462,OADMET-0004345,4.53,train,4to5,4,0,0.0013012928664522048,False
1462,1463,OADMET-0004332,5.42,train,5to6,0,0,0.0003405419589138681,False
1463,1464,OADMET-0004327,4.89,train,4to5,2,0,0.005363781563304215,False
1464,1465,OADMET-0004321,5.11,train,5to6,1,0,0.0008821422243002444,False
1465,1466,OADMET-0004315,4.04,train,4to5,4,0,0.00012764324239219582,False
1466,1467,OADMET-0004313,4.81,train,4to5,4,0,0.00018555062361959188,False
1467,1468,OADMET-0004305,5.19,train,5to6,4,0,0.0002199534130833874,False
1468,1469,OADMET-0004301,4.27,train,4to5,4,0,0.0017006894719995796,False
1469,1470,OADMET-0004297,5.04,train,5to6,1,0,0.00016471048585933355,False
1470,1471,OADMET-0004296,4.71,train,4to5,4,0,0.00018572343511529278,False
1471,1472,OADMET-0004294,5.48,train,5to6,4,0,0.002839973768530031,False
1472,1473,OADMET-0004285,4.66,train,4to5,1,0,0.0016456739746070692,False
1473,1474,OADMET-0004281,4.85,train,4to5,4,0,9.080492637077922e-05,False
1474,1475,OADMET-0004280,5.0,train,4to5,4,0,0.00016107921648877562,False
1475,1476,OADMET-0004279,4.63,train,4to5,3,0,0.0004834932137627984,False
1476,1477,OADMET-0004273,4.63,train,4to5,0,0,0.0003014043062441948,False
1477,1478,OADMET-0004272,4.23,train,4to5,0,0,0.0002289197544941436,False
1478,1479,OADMET-0004270,5.08,train,5to6,2,0,0.0001824852729197188,False
1479,1480,OADMET-0004267,4.3,train,4to5,0,0,0.00032679385579253983,False
1480,1481,OADMET-0004263,4.98,train,4to5,4,0,0.00029613571367195546,False
1481,1482,OADMET-0004261,5.0,train,4to5,3,0,0.0004960005268640593,False
1482,1483,OADMET-0004259,4.21,train,4to5,0,0,0.0004749907297173914,False
1483,1484,OADMET-0004256,5.3,train,5to6,0,0,0.00018664104219517328,False
1484,1485,OADMET-0004247,4.41,train,4to5,2,0,0.0006110848360180582,False
1485,1486,OADMET-0004239,4.91,train,4to5,3,0,0.0002192494694506647,False
1486,1487,OADMET-0004238,4.6,train,4to5,0,0,0.03924447504726662,False
1487,1488,OADMET-0004237,4.4,train,4to5,4,0,0.006723157901186651,False
1488,1489,OADMET-0004225,3.99,train,3to4,3,0,0.0003656926588264365,False
1489,1490,OADMET-0004220,4.36,train,4to5,4,0,0.00042384104907258085,False
1490,1491,OADMET-0004216,4.24,train,4to5,3,0,0.00011819490362147017,False
1491,1492,OADMET-0004214,5.24,train,5to6,3,0,0.0015625986781047868,False
1492,1493,OADMET-0004210,5.06,train,5to6,4,0,0.0003441781901494946,False
1493,1494,OADMET-0004207,4.22,train,4to5,4,0,0.00022490294825494114,False
1494,1495,OADMET-0004205,1.72,train,lt3,0,0,0.0015493374744320872,False
1495,1496,OADMET-0004203,5.07,train,5to6,3,0,0.0006087419700525096,False
1496,1497,OADMET-0004193,4.62,train,4to5,1,0,0.0004882400535084845,False
1497,1498,OADMET-0004187,4.73,train,4to5,3,0,0.0002653414410759787,False
1498,1499,OADMET-0004182,4.9,train,4to5,2,0,0.0005557677413010209,False
1499,1500,OADMET-0004180,4.85,train,4to5,0,0,0.0008665377145832679,False
1500,1501,OADMET-0004176,5.07,train,5to6,3,0,0.00016145011238861685,False
1501,1502,OADMET-0004172,4.71,train,4to5,3,0,0.0008352130807639354,False
1502,1503,OADMET-0004170,5.47,train,5to6,2,0,0.00027312633835135556,False
1503,1504,OADMET-0004168,4.79,train,4to5,4,0,0.0011314879486648828,False
1504,1505,OADMET-0004153,5.36,train,5to6,0,0,0.010274553647393533,False
1505,1506,OADMET-0004129,4.51,train,4to5,4,0,0.00011751579252599481,False
1506,1507,OADMET-0004128,5.13,train,5to6,0,0,0.0027902472919190896,False
1507,1508,OADMET-0004116,5.66,train,5to6,0,0,0.0023976257707315446,False
1508,1509,OADMET-0004106,4.73,train,4to5,0,0,0.00015027389438355775,False
1509,1510,OADMET-0004105,5.18,train,5to6,0,0,0.0002916201910972273,False
1510,1511,OADMET-0004101,5.57,train,5to6,1,0,0.0003433473616698331,False
1511,1512,OADMET-0004094,4.41,train,4to5,1,0,0.00021931077182681076,False
1512,1513,OADMET-0004092,4.9,train,4to5,4,0,0.00022902520894750914,False
1513,1514,OADMET-0004090,3.75,train,3to4,4,0,0.0007675154854480139,False
1514,1515,OADMET-0004088,3.99,train,3to4,1,0,0.0024459147204242784,False
1515,1516,OADMET-0004080,4.66,train,4to5,3,0,0.00022526166636777762,False
1516,1517,OADMET-0004069,4.26,train,4to5,1,0,0.0001891563023322311,False
1517,1518,OADMET-0004067,4.82,train,4to5,4,0,0.00013955970182762237,False
1518,1519,OADMET-0004065,4.77,train,4to5,1,0,0.0010622363082953036,False
1519,1520,OADMET-0004064,4.52,train,4to5,3,0,0.0007836306818696198,False
1520,1521,OADMET-0004060,4.92,train,4to5,2,0,0.00022537341435626727,False
1521,1522,OADMET-0004056,4.92,train,4to5,4,0,0.00151243527241382,False
1522,1523,OADMET-0004054,4.87,train,4to5,3,0,0.0004277149639820118,False
1523,1524,OADMET-0004053,4.86,train,4to5,4,0,0.008764940116710142,False
1524,1525,OADMET-0004051,4.6,train,4to5,0,0,0.001673326085043234,False
1525,1526,OADMET-0004047,5.05,train,5to6,3,0,0.0003329714303339384,False
1526,1527,OADMET-0004040,5.28,train,5to6,0,0,0.004684113228095207,False
1527,1528,OADMET-0004029,4.45,train,4to5,2,0,0.0009820960163981721,False
1528,1529,OADMET-0004025,4.55,train,4to5,2,0,0.0013913077881801943,False
1529,1530,OADMET-0004024,5.08,train,5to6,1,0,0.00013640604842688397,False
1530,1531,OADMET-0004021,5.2,train,5to6,4,0,0.0004829785065488471,False
1531,1532,OADMET-0004014,5.13,train,5to6,4,0,0.0010999152672639435,False
1532,1533,OADMET-0004004,5.15,train,5to6,0,0,0.0018418517216346898,False
1533,1534,OADMET-0004003,5.12,train,5to6,0,0,0.000758985414940711,False
1534,1535,OADMET-0003997,4.29,train,4to5,0,0,0.0001417612063448165,False
1535,1536,OADMET-0003994,4.3,train,4to5,0,0,0.0001611715903393074,False
1536,1537,OADMET-0003975,5.04,train,5to6,4,0,0.0004088553839322959,False
1537,1538,OADMET-0003971,5.0,train,4to5,1,0,0.0010005379170100416,False
1538,1539,OADMET-0003969,5.04,train,5to6,3,0,0.01087755511069448,False
1539,1540,OADMET-0003963,5.17,train,5to6,2,0,0.0011754724128144117,False
1540,1541,OADMET-0003961,4.41,train,4to5,4,0,0.00015486280161255934,False
1541,1542,OADMET-0003960,4.97,train,4to5,2,0,0.0003506212399374718,False
1542,1543,OADMET-0003956,3.89,train,3to4,4,0,0.0007527403263491544,False
1543,1544,OADMET-0003950,5.05,train,5to6,3,0,0.0003302743999482567,False
1544,1545,OADMET-0003946,4.66,train,4to5,4,0,0.0001581999392479939,False
1545,1546,OADMET-0003942,5.44,train,5to6,0,0,0.0003922148822078547,False
1546,1547,OADMET-0003932,4.64,train,4to5,0,0,0.00025891324702304405,False
1547,1548,OADMET-0003930,4.9,train,4to5,1,0,0.0001507839131137181,False
1548,1549,OADMET-0003921,4.4,train,4to5,3,0,0.00040807732168012445,False
1549,1550,OADMET-0003914,5.16,train,5to6,0,0,0.00029739589584278027,False
1550,1551,OADMET-0003911,4.4,train,4to5,2,0,0.0001265760913325504,False
1551,1552,OADMET-0003900,5.29,train,5to6,1,0,0.0002640609034515184,False
1552,1553,OADMET-0003898,4.85,train,4to5,0,0,0.00011116185139918862,False
1553,1554,OADMET-0003889,4.89,train,4to5,4,0,0.00021235350486551,False
1554,1555,OADMET-0003884,4.58,train,4to5,4,0,0.0004317092848774741,False
1555,1556,OADMET-0003879,4.21,train,4to5,1,0,0.0001856472831664867,False
1556,1557,OADMET-0003872,4.39,train,4to5,0,0,0.00022684032833866685,False
1557,1558,OADMET-0003866,5.07,train,5to6,1,0,0.0004928211537794841,False
1558,1559,OADMET-0003864,4.92,train,4to5,4,0,0.00036150998509623677,False
1559,1560,OADMET-0003862,4.37,train,4to5,0,0,0.0005247694903031352,False
1560,1561,OADMET-0003860,4.97,train,4to5,4,0,0.00048343703644448775,False
1561,1562,OADMET-0003858,4.64,train,4to5,2,0,0.0017160332355309216,False
1562,1563,OADMET-0003857,5.11,train,5to6,0,0,0.0007013511120223013,False
1563,1564,OADMET-0003853,4.92,train,4to5,4,0,0.00011450143769277805,False
1564,1565,OADMET-0003848,4.07,train,4to5,2,0,0.0002687881340729246,False
1565,1566,OADMET-0003844,4.54,train,4to5,1,0,0.0005767217322288138,False
1566,1567,OADMET-0003835,3.9,train,3to4,4,0,0.0001536908364179042,False
1567,1568,OADMET-0003834,5.26,train,5to6,3,0,0.001801170891296916,False
1568,1569,OADMET-0003833,4.76,train,4to5,2,0,0.0002717680295297741,False
1569,1570,OADMET-0003832,5.34,train,5to6,2,0,0.000793933555279203,False
1570,1571,OADMET-0003829,4.49,train,4to5,4,0,0.00013121697534807544,False
1571,1572,OADMET-0003828,4.77,train,4to5,2,0,0.0011268085491112567,False
1572,1573,OADMET-0003827,4.17,train,4to5,3,0,0.001294720822999786,False
1573,1574,OADMET-0003823,5.02,train,5to6,4,0,0.0023722143942399784,False
1574,1575,OADMET-0003816,4.83,train,4to5,4,0,0.0012106758097676492,False
1575,1576,OADMET-0003812,3.27,train,3to4,1,0,0.002436290873419793,False
1576,1577,OADMET-0003811,4.56,train,4to5,1,0,0.0002864327081827822,False
1577,1578,OADMET-0003810,4.86,train,4to5,3,0,0.009283984732548427,False
1578,1579,OADMET-0003809,4.67,train,4to5,2,0,0.001125856038460559,False
1579,1580,OADMET-0003808,3.54,train,3to4,2,0,0.00021289971709611107,False
1580,1581,OADMET-0003807,4.92,train,4to5,3,0,0.0021160344770534685,False
1581,1582,OADMET-0003806,3.28,train,3to4,0,0,0.00016994064756127298,False
1582,1583,OADMET-0003805,4.42,train,4to5,3,0,0.0008884991930623522,False
1583,1584,OADMET-0003804,4.4,train,4to5,1,0,0.0001810146327375911,False
1584,1585,OADMET-0003803,3.27,train,3to4,0,0,0.002112903508259189,False
1585,1586,OADMET-0003802,4.61,train,4to5,1,0,0.0007775100096596097,False
1586,1587,OADMET-0003801,3.96,train,3to4,4,0,0.000681604414187581,False
1587,1588,OADMET-0003800,4.48,train,4to5,0,0,0.0007880980855532358,False
1588,1589,OADMET-0003799,5.88,train,5to6,1,0,0.008506541715880082,False
1589,1590,OADMET-0003798,4.23,train,4to5,1,0,0.00030150207586931505,False
1590,1591,OADMET-0003797,4.26,train,4to5,1,0,0.0020228764483655715,False
1591,1592,OADMET-0003796,4.86,train,4to5,4,0,0.001927801559685158,False
1592,1593,OADMET-0003794,4.6,train,4to5,1,0,0.00024716407797769653,False
1593,1594,OADMET-0003793,4.16,train,4to5,1,0,0.0006995670238057681,False
1594,1595,OADMET-0003792,5.04,train,5to6,2,0,0.018398781676930587,False
1595,1596,OADMET-0003791,5.1,train,5to6,1,0,0.0008162176308925102,False
1596,1597,OADMET-0003790,3.27,train,3to4,2,0,0.0024848870092835226,False
1597,1598,OADMET-0003789,3.24,train,3to4,3,0,0.000769094552317319,False
1598,1599,OADMET-0003788,1.77,train,lt3,2,0,0.0012424817570766305,False
1599,1600,OADMET-0003787,4.06,train,4to5,2,0,0.01595043496557856,False
1600,1601,OADMET-0003786,2.92,train,lt3,2,0,0.06886564667223169,False
1601,1602,OADMET-0003785,2.02,train,lt3,1,0,0.00560534648072261,False
1602,1603,OADMET-0003784,2.59,train,lt3,2,0,0.00015519753552439524,False
1603,1604,OADMET-0003783,4.86,train,4to5,3,0,0.000306265612043274,False
1604,1605,OADMET-0003782,4.17,train,4to5,4,0,0.0008036581966429841,False
1605,1606,OADMET-0003781,5.46,train,5to6,4,0,0.00248605476959289,False
1606,1607,OADMET-0003780,6.22,train,gte6,1,1,0.001968700216139178,False
1607,1608,OADMET-0003779,4.67,train,4to5,1,0,0.0016044848962853296,False
1608,1609,OADMET-0003777,1.89,train,lt3,2,0,0.0004873330580073319,False
1609,1610,OADMET-0003775,3.06,train,3to4,2,0,0.00030018023005422945,False
1610,1611,OADMET-0003773,4.85,train,4to5,1,0,0.0010338820130056298,False
1611,1612,OADMET-0003772,1.78,train,lt3,2,0,0.002959952685479815,False
1612,1613,OADMET-0003771,2.51,train,lt3,2,0,0.0011875103201591706,False
1613,1614,OADMET-0003770,3.79,train,3to4,4,0,0.00013094056377167346,False
1614,1615,OADMET-0003769,4.12,train,4to5,0,0,0.0072750735266277206,False
1615,1616,OADMET-0003768,2.54,train,lt3,3,0,0.00020302285971386737,False
1616,1617,OADMET-0003767,2.03,train,lt3,4,0,0.0002551714445634012,False
1617,1618,OADMET-0003766,3.89,train,3to4,4,0,0.0004935374553665274,False
1618,1619,OADMET-0003765,2.79,train,lt3,2,0,0.000338369742254722,False
1619,1620,OADMET-0003764,3.94,train,3to4,1,0,0.001827663659141443,False
1620,1621,OADMET-0003763,1.79,train,lt3,3,0,0.0014240974110548298,False
1621,1622,OADMET-0003762,4.18,train,4to5,1,0,0.00702674053558236,False
1622,1623,OADMET-0003761,1.89,train,lt3,2,0,0.00023795201775696033,False
1623,1624,OADMET-0003760,3.26,train,3to4,1,0,0.002004397434808773,False
1624,1625,OADMET-0003759,1.76,train,lt3,2,0,0.0007652326114111873,False
1625,1626,OADMET-0003758,5.11,train,5to6,4,0,0.0008350036848652395,False
1626,1627,OADMET-0003757,3.98,train,3to4,4,0,0.0012769590378032593,False
1627,1628,OADMET-0003756,4.0,train,3to4,1,0,0.009367486126090476,False
1628,1629,OADMET-0003755,1.87,train,lt3,1,0,0.00012315947449253586,False
1629,1630,OADMET-0003754,3.93,train,3to4,1,0,0.0001593490902931696,False
1630,1631,OADMET-0003753,1.76,train,lt3,2,0,0.00026634292075863425,False
1631,1632,OADMET-0003752,4.27,train,4to5,4,0,0.003679015758579411,False
1632,1633,OADMET-0003751,1.78,train,lt3,2,0,0.00042139058112500234,False
1633,1634,OADMET-0003750,2.05,train,lt3,0,0,0.0002801829997597398,False
1634,1635,OADMET-0003749,1.75,train,lt3,3,0,0.0003629052491166007,False
1635,1636,OADMET-0003748,2.01,train,lt3,2,0,0.00026807763306848026,False
1636,1637,OADMET-0003747,5.28,train,5to6,3,0,0.04585691087089725,False
1637,1638,OADMET-0003746,3.89,train,3to4,2,0,0.0004807333550206683,False
1638,1639,OADMET-0003745,2.69,train,lt3,1,0,0.0003044397532586369,False
1639,1640,OADMET-0003744,4.46,train,4to5,2,0,0.0008148691877309294,False
1640,1641,OADMET-0003743,4.78,train,4to5,2,0,0.0015022802852101781,False
1641,1642,OADMET-0003742,2.13,train,lt3,0,0,0.0002123714528621388,False
1642,1643,OADMET-0003741,4.61,train,4to5,1,0,0.002352299284543963,False
1643,1644,OADMET-0003740,1.86,train,lt3,0,0,0.0025110181586255427,False
1644,1645,OADMET-0003739,4.04,train,4to5,2,0,0.00019885183781077765,False
1645,1646,OADMET-0003738,5.01,train,5to6,1,0,0.0005731666385317799,False
1646,1647,OADMET-0003737,5.21,train,5to6,3,0,0.0005424173228862258,False
1647,1648,OADMET-0003736,2.69,train,lt3,3,0,0.00031206894976497325,False
1648,1649,OADMET-0003735,3.25,train,3to4,2,0,0.001231778409182827,False
1649,1650,OADMET-0003734,4.67,train,4to5,2,0,0.0005227565559404341,False
1650,1651,OADMET-0003733,3.2,train,3to4,3,0,0.0005859284517583791,False
1651,1652,OADMET-0003732,4.98,train,4to5,1,0,0.002109007265857996,False
1652,1653,OADMET-0003731,4.74,train,4to5,2,0,0.00021274104550009988,False
1653,1654,OADMET-0003730,5.74,train,5to6,4,0,0.0007123276450026358,False
1654,1655,OADMET-0003729,2.93,train,lt3,4,0,0.0008541825273484473,False
1655,1656,OADMET-0003728,2.74,train,lt3,0,0,0.0007068499748632203,False
1656,1657,OADMET-0003727,2.54,train,lt3,3,0,0.0032078719243620163,False
1657,1658,OADMET-0003726,1.98,train,lt3,1,0,0.00048066782216543317,False
1658,1659,OADMET-0003725,4.09,train,4to5,1,0,0.0005882598656114878,False
1659,1660,OADMET-0003724,4.55,train,4to5,1,0,0.00027131421239797994,False
1660,1661,OADMET-0003723,1.84,train,lt3,3,0,0.004138474338710704,False
1661,1662,OADMET-0003722,3.1,train,3to4,3,0,0.0002880044912084952,False
1662,1663,OADMET-0003721,1.99,train,lt3,2,0,0.0007315095638040769,False
1663,1664,OADMET-0003720,2.89,train,lt3,3,0,0.00012428898715345784,False
1664,1665,OADMET-0003719,1.81,train,lt3,3,0,0.00013250470647131103,False
1665,1666,OADMET-0003718,3.25,train,3to4,2,0,0.0019672515618258776,False
1666,1667,OADMET-0003717,4.3,train,4to5,2,0,0.0019255765412390902,False
1667,1668,OADMET-0003716,5.64,train,5to6,3,0,0.029683103679710346,False
1668,1669,OADMET-0003715,1.89,train,lt3,1,0,0.003011528343073605,False
1669,1670,OADMET-0003714,4.54,train,4to5,3,0,0.0013359004101827136,False
1670,1671,OADMET-0003713,1.73,train,lt3,1,0,0.0036056862192725965,False
1671,1672,OADMET-0003712,1.81,train,lt3,1,0,0.0003799932970332348,False
1672,1673,OADMET-0003711,4.87,train,4to5,3,0,0.3211699090381191,False
1673,1674,OADMET-0003710,4.4,train,4to5,2,0,0.0007473418208477026,False
1674,1675,OADMET-0003709,1.82,train,lt3,1,0,0.0004236415985067748,False
1675,1676,OADMET-0003708,4.68,train,4to5,1,0,0.0005395646426667957,False
1676,1677,OADMET-0003707,6.08,train,gte6,1,1,0.00047051172045997164,False
1677,1678,OADMET-0003706,4.92,train,4to5,1,0,0.0011919094643665258,False
1678,1679,OADMET-0003705,1.83,train,lt3,3,0,0.00012458193872077447,False
1679,1680,OADMET-0003704,4.19,train,4to5,2,0,0.00041438114424708825,False
1680,1681,OADMET-0003703,4.49,train,4to5,3,0,0.037407178593182516,False
1681,1682,OADMET-0003702,1.81,train,lt3,3,0,0.001671791208018307,False
1682,1683,OADMET-0003701,2.24,train,lt3,3,0,0.004359155342753816,False
1683,1684,OADMET-0003700,5.52,train,5to6,3,0,0.02355225372101382,False
1684,1685,OADMET-0003699,5.06,train,5to6,2,0,0.0009242320802110045,False
1685,1686,OADMET-0003697,5.13,train,5to6,3,0,0.0013152145101951206,False
1686,1687,OADMET-0003696,3.68,train,3to4,3,0,0.00016046345267161255,False
1687,1688,OADMET-0003695,4.48,train,4to5,2,0,0.0015879224519042287,False
1688,1689,OADMET-0003694,4.79,train,4to5,3,0,0.0027614964938176313,False
1689,1690,OADMET-0003693,3.92,train,3to4,1,0,0.0018811954333770187,False
1690,1691,OADMET-0003692,1.86,train,lt3,2,0,0.00020628157505736655,False
1691,1692,OADMET-0003691,2.4,train,lt3,1,0,0.002641275552948293,False
1692,1693,OADMET-0003690,4.57,train,4to5,1,0,0.0009638915559822315,False
1693,1694,OADMET-0003689,3.95,train,3to4,4,0,0.0041836917527578515,False
1694,1695,OADMET-0003688,2.08,train,lt3,1,0,0.002011793820889256,False
1695,1696,OADMET-0003687,1.84,train,lt3,1,0,0.00019572130537023267,False
1696,1697,OADMET-0003686,1.76,train,lt3,3,0,0.008850342020084733,False
1697,1698,OADMET-0003685,1.93,train,lt3,1,0,0.011119420428390765,False
1698,1699,OADMET-0003684,1.98,train,lt3,3,0,0.0007634798519632804,False
1699,1700,OADMET-0003683,4.39,train,4to5,1,0,0.0008153760411823864,False
1700,1701,OADMET-0003682,3.33,train,3to4,1,0,0.00020528762255069544,False
1701,1702,OADMET-0003681,2.97,train,lt3,2,0,0.0003559197629384882,False
1702,1703,OADMET-0003680,2.68,train,lt3,0,0,0.0003054004442477895,False
1703,1704,OADMET-0003679,2.44,train,lt3,2,0,0.002057039891846815,False
1704,1705,OADMET-0003678,2.63,train,lt3,3,0,0.00013696624914614843,False
1705,1706,OADMET-0003677,1.86,train,lt3,2,0,0.0013978495573993143,False
1706,1707,OADMET-0003676,1.79,train,lt3,2,0,0.0005602254857571228,False
1707,1708,OADMET-0003675,1.98,train,lt3,2,0,0.003191298992121589,False
1708,1709,OADMET-0003674,1.78,train,lt3,2,0,0.0004437073247520253,False
1709,1710,OADMET-0003673,1.83,train,lt3,1,0,0.0004104829556316497,False
1710,1711,OADMET-0003672,1.95,train,lt3,3,0,0.0005597076746903016,False
1711,1712,OADMET-0003671,3.25,train,3to4,2,0,0.00028322430721806387,False
1712,1713,OADMET-0003670,4.41,train,4to5,1,0,0.00018282043120929474,False
1713,1714,OADMET-0003669,4.71,train,4to5,4,0,0.00046251048651019537,False
1714,1715,OADMET-0003668,2.94,train,lt3,1,0,0.00010873386902142431,False
1715,1716,OADMET-0003667,2.25,train,lt3,2,0,0.00019314783627778746,False
1716,1717,OADMET-0003666,4.43,train,4to5,3,0,0.00034625239273634254,False
1717,1718,OADMET-0003665,4.95,train,4to5,3,0,0.00032241136691304486,False
1718,1719,OADMET-0003664,3.4,train,3to4,1,0,0.00024355049428871655,False
1719,1720,OADMET-0003663,4.57,train,4to5,2,0,0.005342558357983081,False
1720,1721,OADMET-0003662,2.02,train,lt3,2,0,0.0004941703676348042,False
1721,1722,OADMET-0003661,4.9,train,4to5,3,0,0.0002774745447940304,False
1722,1723,OADMET-0003660,4.58,train,4to5,1,0,0.0005734599123821324,False
1723,1724,OADMET-0003659,2.89,train,lt3,1,0,0.0002163409595874153,False
1724,1725,OADMET-0003658,1.87,train,lt3,2,0,0.007139894344616192,False
1725,1726,OADMET-0003656,4.53,train,4to5,2,0,0.00028257111313229375,False
1726,1727,OADMET-0003655,3.96,train,3to4,3,0,0.006005971958914754,False
1727,1728,OADMET-0003654,2.27,train,lt3,3,0,0.00023432384488519104,False
1728,1729,OADMET-0003653,3.4,train,3to4,1,0,0.0004025410502541369,False
1729,1730,OADMET-0003652,6.58,train,gte6,1,1,0.00016449944359135036,False
1730,1731,OADMET-0003651,4.83,train,4to5,0,0,0.0014399440117208214,False
1731,1732,OADMET-0003650,1.82,train,lt3,1,0,0.00017814165771795225,False
1732,1733,OADMET-0003649,6.69,train,gte6,1,1,0.0019039192648132898,False
1733,1734,OADMET-0003648,4.45,train,4to5,1,0,0.0005385855102182982,False
1734,1735,OADMET-0003647,4.75,train,4to5,1,0,0.0022060418091144032,False
1735,1736,OADMET-0003646,4.21,train,4to5,2,0,0.00014749919996850228,False
1736,1737,OADMET-0003645,3.68,train,3to4,3,0,0.0003490030960220359,False
1737,1738,OADMET-0003644,4.67,train,4to5,2,0,0.059536339358652,False
1738,1739,OADMET-0003643,1.87,train,lt3,2,0,0.0003659851483131127,False
1739,1740,OADMET-0003642,2.74,train,lt3,3,0,0.0005978773629786307,False
1740,1741,OADMET-0003641,1.98,train,lt3,1,0,0.0006074130894767587,False
1741,1742,OADMET-0003640,5.03,train,5to6,2,0,0.04951942262982092,False
1742,1743,OADMET-0003639,2.04,train,lt3,2,0,0.0002724171472376548,False
1743,1744,OADMET-0003638,5.33,train,5to6,0,0,0.007344705449124746,False
1744,1745,OADMET-0003637,3.88,train,3to4,4,0,0.000611827944037986,False
1745,1746,OADMET-0003636,4.3,train,4to5,1,0,0.0026076518055049547,False
1746,1747,OADMET-0003634,3.9,train,3to4,1,0,0.0011269111550145916,False
1747,1748,OADMET-0003633,1.82,train,lt3,2,0,0.003929930368615577,False
1748,1749,OADMET-0003631,4.89,train,4to5,3,0,0.0004605197763933539,False
1749,1750,OADMET-0003630,5.66,train,5to6,3,0,0.10741097085576447,False
1750,1751,OADMET-0003629,4.89,train,4to5,3,0,0.001100267186734085,False
1751,1752,OADMET-0003628,2.54,train,lt3,1,0,0.00025425906558029554,False
1752,1753,OADMET-0003627,2.95,train,lt3,3,0,0.0005974697251292062,False
1753,1754,OADMET-0003626,5.88,train,5to6,3,0,0.10482974691238361,False
1754,1755,OADMET-0003625,6.21,train,gte6,3,1,0.01914593752347584,False
1755,1756,OADMET-0003624,1.9,train,lt3,2,0,9.169977457518401e-05,False
1756,1757,OADMET-0003623,4.7,train,4to5,3,0,0.001166549104477293,False
1757,1758,OADMET-0003622,1.74,train,lt3,2,0,0.00253932476227295,False
1758,1759,OADMET-0003621,1.77,train,lt3,3,0,0.00014052260145217308,False
1759,1760,OADMET-0003620,3.89,train,3to4,2,0,0.0008736564984481401,False
1760,1761,OADMET-0003619,4.37,train,4to5,2,0,0.0010624504913737658,False
1761,1762,OADMET-0003618,4.35,train,4to5,4,0,0.003889362331563541,False
1762,1763,OADMET-0003617,4.92,train,4to5,1,0,0.0007559429580909896,False
1763,1764,OADMET-0003616,4.04,train,4to5,2,0,0.0023562548394863835,False
1764,1765,OADMET-0003615,3.29,train,3to4,2,0,0.0005198191709040676,False
1765,1766,OADMET-0003614,4.56,train,4to5,1,0,0.0002159734507833223,False
1766,1767,OADMET-0003613,2.69,train,lt3,2,0,0.00020957468879046926,False
1767,1768,OADMET-0003612,4.57,train,4to5,1,0,0.001368822607991572,False
1768,1769,OADMET-0003611,4.28,train,4to5,3,0,0.0002215309009780728,False
1769,1770,OADMET-0003610,1.82,train,lt3,2,0,0.00048214398982235714,False
1770,1771,OADMET-0003609,4.47,train,4to5,1,0,0.0007711981107560259,False
1771,1772,OADMET-0003608,5.55,train,5to6,3,0,0.0014926972057335522,False
1772,1773,OADMET-0003607,3.59,train,3to4,1,0,0.00030441785420384413,False
1773,1774,OADMET-0003606,3.81,train,3to4,3,0,0.0007646887146616235,False
1774,1775,OADMET-0003605,4.34,train,4to5,3,0,0.0005106666945698935,False
1775,1776,OADMET-0003604,4.88,train,4to5,1,0,0.01146853092022436,False
1776,1777,OADMET-0003603,5.2,train,5to6,0,0,0.0025994722879805455,False
1777,1778,OADMET-0003602,5.09,train,5to6,3,0,0.002194529363258152,False
1778,1779,OADMET-0003600,2.65,train,lt3,0,0,0.00017273094992370093,False
1779,1780,OADMET-0003599,4.75,train,4to5,1,0,0.0035593908284990085,False
1780,1781,OADMET-0003598,1.78,train,lt3,3,0,0.0005215099130447894,False
1781,1782,OADMET-0003597,2.06,train,lt3,2,0,0.00031022806503598903,False
1782,1783,OADMET-0003596,3.21,train,3to4,4,0,0.0007657143258643863,False
1783,1784,OADMET-0003595,2.51,train,lt3,3,0,0.008392695753987019,False
1784,1785,OADMET-0003594,4.65,train,4to5,3,0,0.0020233255777278476,False
1785,1786,OADMET-0003593,4.31,train,4to5,0,0,0.0013378861178912306,False
1786,1787,OADMET-0003592,5.08,train,5to6,1,0,0.013277064103318723,False
1787,1788,OADMET-0003591,3.29,train,3to4,2,0,0.00259033451288558,False
1788,1789,OADMET-0003590,4.26,train,4to5,1,0,0.001653279705685073,False
1789,1790,OADMET-0003589,3.73,train,3to4,1,0,0.008428069614883961,False
1790,1791,OADMET-0003588,5.18,train,5to6,1,0,0.05354049618974982,False
1791,1792,OADMET-0003587,5.14,train,5to6,1,0,0.005727608398819293,False
1792,1793,OADMET-0003586,1.77,train,lt3,1,0,0.0012510698533572582,False
1793,1794,OADMET-0003585,1.74,train,lt3,4,0,0.0050750576744908816,False
1794,1795,OADMET-0003584,4.43,train,4to5,1,0,0.0005048691973792184,False
1795,1796,OADMET-0003583,2.59,train,lt3,3,0,0.00017236191617226324,False
1796,1797,OADMET-0003582,1.79,train,lt3,2,0,0.00015071484448396882,False
1797,1798,OADMET-0003581,2.04,train,lt3,1,0,0.008341040547062422,False
1798,1799,OADMET-0003580,4.81,train,4to5,3,0,0.007526793856607571,False
1799,1800,OADMET-0003579,2.45,train,lt3,1,0,0.0026558746540153123,False
1800,1801,OADMET-0003578,1.79,train,lt3,2,0,0.0002496163768778567,False
1801,1802,OADMET-0003577,4.42,train,4to5,2,0,0.0005289589328344189,False
1802,1803,OADMET-0003576,5.18,train,5to6,2,0,0.01407836731341443,False
1803,1804,OADMET-0003575,4.18,train,4to5,2,0,0.0017225620262305502,False
1804,1805,OADMET-0003574,2.36,train,lt3,1,0,0.0003153989599998663,False
1805,1806,OADMET-0003573,4.52,train,4to5,4,0,0.00013311562114663627,False
1806,1807,OADMET-0003572,1.82,train,lt3,2,0,0.003239505437272178,False
1807,1808,OADMET-0003571,2.24,train,lt3,3,0,0.026428795639590344,False
1808,1809,OADMET-0003570,4.65,train,4to5,0,0,0.008550460811827932,False
1809,1810,OADMET-0003569,1.75,train,lt3,1,0,0.0009163109116019002,False
1810,1811,OADMET-0003567,5.24,train,5to6,3,0,0.031526426861293956,False
1811,1812,OADMET-0003566,4.68,train,4to5,4,0,0.00038725148237632147,False
1812,1813,OADMET-0003565,1.96,train,lt3,3,0,0.019794815102813654,False
1813,1814,OADMET-0003564,4.84,train,4to5,3,0,0.05528934188660439,False
1814,1815,OADMET-0003563,6.09,train,gte6,4,1,0.00040231207762820117,False
1815,1816,OADMET-0003562,5.42,train,5to6,2,0,0.0008143139678311967,False
1816,1817,OADMET-0003561,2.11,train,lt3,3,0,0.0001357334670324065,False
1817,1818,OADMET-0003560,3.0,train,lt3,3,0,0.0005593992960012787,False
1818,1819,OADMET-0003557,4.69,train,4to5,0,0,0.0005661936003061674,False
1819,1820,OADMET-0003556,3.98,train,3to4,4,0,0.0016691960469809016,False
1820,1821,OADMET-0003555,4.0,train,3to4,2,0,0.00268399943392177,False
1821,1822,OADMET-0003554,4.71,train,4to5,3,0,0.020348894562247512,False
1822,1823,OADMET-0003553,4.12,train,4to5,2,0,0.001094198279084175,False
1823,1824,OADMET-0003552,4.24,train,4to5,2,0,0.003063397595385489,False
1824,1825,OADMET-0003551,4.94,train,4to5,4,0,0.0009161224386894845,False
1825,1826,OADMET-0003550,5.25,train,5to6,4,0,0.028351656128221638,False
1826,1827,OADMET-0003549,4.18,train,4to5,1,0,0.0006668335335159955,False
1827,1828,OADMET-0003548,4.18,train,4to5,2,0,0.00101574125873593,False
1828,1829,OADMET-0003547,4.75,train,4to5,4,0,0.00026268828642690586,False
1829,1830,OADMET-0003546,4.34,train,4to5,2,0,0.0006273844971691944,False
1830,1831,OADMET-0003545,4.6,train,4to5,0,0,0.0016867785072388617,False
1831,1832,OADMET-0003544,4.7,train,4to5,2,0,0.005552294290642084,False
1832,1833,OADMET-0003543,1.82,train,lt3,3,0,0.00017534525814960405,False
1833,1834,OADMET-0003542,5.69,train,5to6,4,0,0.00120921073697753,False
1834,1835,OADMET-0003541,2.92,train,lt3,0,0,0.00060439068561482,False
1835,1836,OADMET-0003540,2.09,train,lt3,1,0,0.00010955204319297574,False
1836,1837,OADMET-0003539,2.38,train,lt3,0,0,0.00021550623488480707,False
1837,1838,OADMET-0003538,2.57,train,lt3,2,0,0.0001868619539832353,False
1838,1839,OADMET-0003537,1.77,train,lt3,3,0,0.00014124606718280723,False
1839,1840,OADMET-0003536,5.82,train,5to6,4,0,0.0020954232087066274,False
1840,1841,OADMET-0003535,2.62,train,lt3,0,0,0.0030838416735965405,False
1841,1842,OADMET-0003534,5.66,train,5to6,1,0,0.010038388349871068,False
1842,1843,OADMET-0003533,5.58,train,5to6,3,0,0.004751997730703617,False
1843,1844,OADMET-0003532,5.62,train,5to6,1,0,0.0003589788624345889,False
1844,1845,OADMET-0003531,5.91,train,5to6,3,0,0.002898109385028793,False
1845,1846,OADMET-0003530,5.6,train,5to6,3,0,0.012147684940778607,False
1846,1847,OADMET-0003529,5.74,train,5to6,4,0,0.03155814702621702,False
1847,1848,OADMET-0003528,1.91,train,lt3,3,0,0.0002605785924444212,False
1848,1849,OADMET-0003527,5.005,train,5to6,4,0,0.0007845136670844937,False
1849,1850,OADMET-0003526,6.63,train,gte6,4,1,0.0010993918914593242,False
1850,1851,OADMET-0003525,5.42,train,5to6,4,0,0.00016856304294763624,False
1851,1852,OADMET-0003524,5.92,train,5to6,0,0,0.046920031712336385,False
1852,1853,OADMET-0003523,5.38,train,5to6,4,0,0.017349641851687202,False
1853,1854,OADMET-0003522,1.73,train,lt3,3,0,0.001332151484352756,False
1854,1855,OADMET-0003521,4.79,train,4to5,1,0,0.042679164401168306,False
1855,1856,OADMET-0003520,5.49,train,5to6,2,0,0.019126323433002693,False
1856,1857,OADMET-0003519,5.12,train,5to6,0,0,0.0005487537915821538,False
1857,1858,OADMET-0003518,5.25,train,5to6,4,0,0.00012398397214043543,False
1858,1859,OADMET-0003517,4.91,train,4to5,0,0,0.0016840966801628236,False
1859,1860,OADMET-0003516,5.29,train,5to6,2,0,0.0003428398025159042,False
1860,1861,OADMET-0003515,5.14,train,5to6,2,0,0.0020452873772015207,False
1861,1862,OADMET-0003514,5.35,train,5to6,3,0,0.002980987875139588,False
1862,1863,OADMET-0003513,5.66,train,5to6,1,0,0.008225060447846407,False
1863,1864,OADMET-0003512,5.89,train,5to6,0,0,0.04024703736720978,False
1864,1865,OADMET-0003511,5.55,train,5to6,4,0,0.004412986179688877,False
1865,1866,OADMET-0003510,5.2,train,5to6,0,0,0.0018278516669388387,False
1866,1867,OADMET-0003509,2.94,train,lt3,3,0,0.0006994639966203275,False
1867,1868,OADMET-0003508,5.23,train,5to6,1,0,0.0011563563931373635,False
1868,1869,OADMET-0003506,5.14,train,5to6,2,0,0.00013375989223436265,False
1869,1870,OADMET-0003505,5.74,train,5to6,2,0,0.0005485194695544615,False
1870,1871,OADMET-0003504,5.58,train,5to6,1,0,0.0009200751846146029,False
1871,1872,OADMET-0003503,6.140000000000001,train,gte6,4,1,0.004157583141767107,False
1872,1873,OADMET-0003502,5.35,train,5to6,1,0,0.044050032429685054,False
1873,1874,OADMET-0003501,5.23,train,5to6,4,0,0.0010834174545033338,False
1874,1875,OADMET-0003500,5.24,train,5to6,1,0,0.001157194971199246,False
1875,1876,OADMET-0003499,6.215,train,gte6,1,1,0.0024929711045743592,False
1876,1877,OADMET-0003498,5.39,train,5to6,3,0,0.00253576627497541,False
1877,1878,OADMET-0003497,2.95,train,lt3,2,0,0.0002513386596957068,False
1878,1879,OADMET-0003496,5.77,train,5to6,1,0,0.003020075941245098,False
1879,1880,OADMET-0003495,3.42,train,3to4,3,0,0.00023445221045817095,False
1880,1881,OADMET-0003493,5.42,train,5to6,3,0,0.00022662777011169135,False
1881,1882,OADMET-0003492,5.47,train,5to6,0,0,0.017362525313486456,False
1882,1883,OADMET-0003491,4.98,train,4to5,2,0,0.0014167771935527295,False
1883,1884,OADMET-0003490,5.57,train,5to6,2,0,0.0029632280645307033,False
1884,1885,OADMET-0003489,5.3,train,5to6,0,0,0.4177984266865681,False
1885,1886,OADMET-0003488,5.37,train,5to6,1,0,0.1023918273442601,False
1886,1887,OADMET-0003487,4.94,train,4to5,2,0,0.0013278199010046763,False
1887,1888,OADMET-0003486,5.880000000000001,train,5to6,3,0,0.15332128245446283,False
1888,1889,OADMET-0003485,5.57,train,5to6,4,0,0.028227445243718594,False
1889,1890,OADMET-0003484,5.39,train,5to6,2,0,0.00043059194255701684,False
1890,1891,OADMET-0003483,5.45,train,5to6,3,0,0.004643079469534177,False
1891,1892,OADMET-0003482,5.43,train,5to6,0,0,0.001504416523796879,False
1892,1893,OADMET-0003481,5.38,train,5to6,3,0,0.03602664658323768,False
1893,1894,OADMET-0003480,5.33,train,5to6,1,0,0.0010779745860209579,False
1894,1895,OADMET-0003479,4.92,train,4to5,0,0,0.009275821633165418,False
1895,1896,OADMET-0003478,1.83,train,lt3,2,0,0.00027589785279631115,False
1896,1897,OADMET-0003477,5.9,train,5to6,4,0,0.10006821425742177,False
1897,1898,OADMET-0003476,4.79,train,4to5,1,0,0.000546714707566894,False
1898,1899,OADMET-0003475,4.9,train,4to5,3,0,0.0007938453128968627,False
1899,1900,OADMET-0003474,5.89,train,5to6,2,0,0.05912080445449751,False
1900,1901,OADMET-0003473,5.98,train,5to6,2,0,0.0027978543646668412,False
1901,1902,OADMET-0003472,6.015000000000001,train,gte6,0,1,0.055179584083088866,False
1902,1903,OADMET-0003471,5.4,train,5to6,0,0,0.0005707987473440426,False
1903,1904,OADMET-0003470,5.82,train,5to6,1,0,0.019261928717285683,False
1904,1905,OADMET-0003469,4.82,train,4to5,4,0,0.005468557086032222,False
1905,1906,OADMET-0003468,1.85,train,lt3,0,0,0.002811247638373265,False
1906,1907,OADMET-0003467,6.494999999999999,train,gte6,1,1,0.14911279006507092,False
1907,1908,OADMET-0003466,5.3,train,5to6,0,0,0.0002597529149225159,False
1908,1909,OADMET-0003465,5.54,train,5to6,1,0,0.0031246110195835147,False
1909,1910,OADMET-0003464,5.16,train,5to6,1,0,0.0006158988784193577,False
1910,1911,OADMET-0003463,5.14,train,5to6,3,0,0.013768114368306964,False
1911,1912,OADMET-0003462,4.92,train,4to5,1,0,0.003502073462694422,False
1912,1913,OADMET-0003461,1.76,train,lt3,3,0,0.00017467783139853165,False
1913,1914,OADMET-0003460,5.555,train,5to6,2,0,0.004835069638367064,False
1914,1915,OADMET-0003459,5.04,train,5to6,1,0,0.0016066971566031324,False
1915,1916,OADMET-0003458,2.05,train,lt3,1,0,0.0012070794863301604,False
1916,1917,OADMET-0003457,5.25,train,5to6,4,0,0.003188252444800734,False
1917,1918,OADMET-0003456,1.79,train,lt3,0,0,0.0001172940069468548,False
1918,1919,OADMET-0003455,5.47,train,5to6,1,0,0.001170553820685601,False
1919,1920,OADMET-0003454,1.78,train,lt3,2,0,0.00013279437924193028,False
1920,1921,OADMET-0003453,5.28,train,5to6,3,0,0.00276606549702037,False
1921,1922,OADMET-0003452,5.67,train,5to6,3,0,0.0937227901181369,False
1922,1923,OADMET-0003451,5.66,train,5to6,4,0,0.007010121867197155,False
1923,1924,OADMET-0003450,5.28,train,5to6,4,0,0.0016337586400479685,False
1924,1925,OADMET-0003449,5.57,train,5to6,0,0,0.00047872337345852367,False
1925,1926,OADMET-0003448,5.01,train,5to6,2,0,0.00013638976723863804,False
1926,1927,OADMET-0003447,5.49,train,5to6,1,0,0.0022421945304313966,False
1927,1928,OADMET-0003446,5.35,train,5to6,4,0,0.17488971375839377,False
1928,1929,OADMET-0003445,5.21,train,5to6,3,0,0.0005645114370090988,False
1929,1930,OADMET-0003444,2.55,train,lt3,4,0,8.112555567259302e-05,False
1930,1931,OADMET-0003443,2.49,train,lt3,2,0,0.00030731092904211243,False
1931,1932,OADMET-0003442,6.325,train,gte6,4,1,0.024673932511659266,False
1932,1933,OADMET-0003441,5.75,train,5to6,4,0,0.09861655837406894,False
1933,1934,OADMET-0003440,5.49,train,5to6,0,0,0.000998592013221421,False
1934,1935,OADMET-0003439,5.33,train,5to6,1,0,0.0029774098429422367,False
1935,1936,OADMET-0003438,6.0,train,5to6,2,0,0.08047454563721976,False
1936,1937,OADMET-0003437,5.955,train,5to6,3,0,0.004153447892099959,False
1937,1938,OADMET-0003436,5.859999999999999,train,5to6,3,0,0.008294316421425002,False
1938,1939,OADMET-0003435,5.56,train,5to6,2,0,0.11844723339746493,False
1939,1940,OADMET-0003434,6.01,train,gte6,0,1,0.03420856141684429,False
1940,1941,OADMET-0003433,5.83,train,5to6,4,0,0.10028890611954194,False
1941,1942,OADMET-0003432,5.48,train,5to6,0,0,0.004360872254157113,False
1942,1943,OADMET-0003431,5.7,train,5to6,4,0,0.010030697161579795,False
1943,1944,OADMET-0003430,3.79,train,3to4,3,0,0.00024775284102068317,False
1944,1945,OADMET-0003429,5.31,train,5to6,1,0,0.005236563779475768,False
1945,1946,OADMET-0003428,5.09,train,5to6,0,0,0.0003956615495192775,False
1946,1947,OADMET-0003427,5.34,train,5to6,2,0,0.007815901559915291,False
1947,1948,OADMET-0003426,5.49,train,5to6,1,0,0.0018238844112882621,False
1948,1949,OADMET-0003425,5.59,train,5to6,4,0,0.002664332979849913,False
1949,1950,OADMET-0003424,5.69,train,5to6,0,0,0.011978452117355105,False
1950,1951,OADMET-0003423,3.0,train,lt3,3,0,0.00022056814172080835,False
1951,1952,OADMET-0003422,5.53,train,5to6,2,0,0.000498561944122802,False
1952,1953,OADMET-0003421,3.38,train,3to4,2,0,0.0006161731878180232,False
1953,1954,OADMET-0003420,5.3,train,5to6,1,0,0.010221681059654292,False
1954,1955,OADMET-0003419,5.68,train,5to6,0,0,0.09158142976475361,False
1955,1956,OADMET-0003418,5.44,train,5to6,1,0,0.0019978304263557735,False
1956,1957,OADMET-0003417,5.87,train,5to6,2,0,0.41653925601363795,False
1957,1958,OADMET-0003416,4.81,train,4to5,3,0,0.005663058919677185,False
1958,1959,OADMET-0003415,5.89,train,5to6,2,0,0.013821911216714633,False
1959,1960,OADMET-0003414,6.845,train,gte6,2,1,0.3877808135213045,False
1960,1961,OADMET-0003413,5.54,train,5to6,4,0,0.0004149148786110975,False
1961,1962,OADMET-0003412,5.975,train,5to6,1,0,0.010639445741512977,False
1962,1963,OADMET-0003411,5.8,train,5to6,1,0,0.08173235115710686,False
1963,1964,OADMET-0003410,2.28,train,lt3,3,0,0.00031248079221693253,False
1964,1965,OADMET-0003409,6.41,train,gte6,1,1,0.004597719611234362,False
1965,1966,OADMET-0003408,5.45,train,5to6,1,0,0.0011885321725453174,False
1966,1967,OADMET-0003407,5.48,train,5to6,2,0,0.03607954550908199,False
1967,1968,OADMET-0003406,5.85,train,5to6,3,0,0.0032919590504909765,False
1968,1969,OADMET-0003405,2.42,train,lt3,0,0,0.00016480331442996708,False
1969,1970,OADMET-0003404,5.88,train,5to6,0,0,0.08923931317457681,False
1970,1971,OADMET-0003403,5.61,train,5to6,2,0,0.08153329348330918,False
1971,1972,OADMET-0003402,5.81,train,5to6,0,0,0.00025731996797489056,False
1972,1973,OADMET-0003401,5.25,train,5to6,2,0,0.012148015425814784,False
1973,1974,OADMET-0003400,5.38,train,5to6,0,0,0.0022288312374870054,False
1974,1975,OADMET-0003399,5.3,train,5to6,3,0,0.008706988543790433,False
1975,1976,OADMET-0003398,5.33,train,5to6,2,0,0.052893501337237456,False
1976,1977,OADMET-0003397,6.470000000000001,train,gte6,2,1,0.08127990663758401,False
1977,1978,OADMET-0003396,5.33,train,5to6,0,0,0.35521168227419175,False
1978,1979,OADMET-0003395,5.58,train,5to6,2,0,0.0020304941423669536,False
1979,1980,OADMET-0003394,1.74,train,lt3,3,0,0.00033801196994800184,False
1980,1981,OADMET-0003393,1.97,train,lt3,3,0,0.00026099911931081984,False
1981,1982,OADMET-0003392,3.33,train,3to4,0,0,0.0004376989320776188,False
1982,1983,OADMET-0003391,5.06,train,5to6,2,0,0.0001877113739486608,False
1983,1984,OADMET-0003390,5.29,train,5to6,3,0,0.0009390033437000813,False
1984,1985,OADMET-0003389,5.31,train,5to6,4,0,0.0011406630673551953,False
1985,1986,OADMET-0003388,5.5,train,5to6,4,0,0.0011190406381121297,False
1986,1987,OADMET-0003387,4.97,train,4to5,4,0,0.0004981081719830791,False
1987,1988,OADMET-0003386,3.35,train,3to4,3,0,8.348672307795298e-05,False
1988,1989,OADMET-0003385,5.48,train,5to6,3,0,0.0005126720525020604,False
1989,1990,OADMET-0003384,5.16,train,5to6,1,0,0.0008487454233056008,False
1990,1991,OADMET-0003383,5.38,train,5to6,0,0,0.0010613989837426265,False
1991,1992,OADMET-0003381,4.635,train,4to5,0,0,0.008419450890594263,False
1992,1993,OADMET-0003380,5.02,train,5to6,4,0,0.0008072499096757402,False
1993,1994,OADMET-0003379,5.68,train,5to6,1,0,0.0017884954190381496,False
1994,1995,OADMET-0003378,5.51,train,5to6,4,0,0.001065830934323888,False
1995,1996,OADMET-0003377,5.57,train,5to6,1,0,0.0012936666192629425,False
1996,1997,OADMET-0003376,5.81,train,5to6,0,0,0.004321709440125689,False
1997,1998,OADMET-0003375,5.19,train,5to6,1,0,0.0006060090845731873,False
1998,1999,OADMET-0003374,5.16,train,5to6,3,0,0.0004481703715395898,False
1999,2000,OADMET-0003373,1.86,train,lt3,1,0,0.00011706269175197048,False
2000,2001,OADMET-0003372,5.37,train,5to6,4,0,0.24372372694802272,False
2001,2002,OADMET-0003371,5.05,train,5to6,1,0,0.0003085513124031501,False
2002,2003,OADMET-0003370,2.45,train,lt3,3,0,0.000550296627299009,False
2003,2004,OADMET-0003369,1.96,train,lt3,0,0,0.00021409738471752008,False
2004,2005,OADMET-0003368,6.27,train,gte6,4,1,0.18483271018166042,False
2005,2006,OADMET-0003367,5.56,train,5to6,2,0,0.012146240351049593,False
2006,2007,OADMET-0003366,5.59,train,5to6,4,0,0.0016726031046505204,False
2007,2008,OADMET-0003365,5.58,train,5to6,0,0,0.014419489658730975,False
2008,2009,OADMET-0003364,3.18,train,3to4,4,0,0.0010335587451040303,False
2009,2010,OADMET-0003363,5.84,train,5to6,4,0,0.016294676210169962,False
2010,2011,OADMET-0003362,5.61,train,5to6,0,0,0.01466694124254982,False
2011,2012,OADMET-0003361,1.88,train,lt3,4,0,0.0004743489266531414,False
2012,2013,OADMET-0003360,5.39,train,5to6,1,0,0.004990696661617317,False
2013,2014,OADMET-0003358,4.86,train,4to5,0,0,0.10746350486132923,False
2014,2015,OADMET-0003357,6.255,train,gte6,1,1,0.0011702052149030447,False
2015,2016,OADMET-0003356,5.45,train,5to6,1,0,0.0014552622594524614,False
2016,2017,OADMET-0003355,2.96,train,lt3,0,0,0.0005690569945633131,False
2017,2018,OADMET-0003354,3.9,train,3to4,1,0,0.001531618466804355,False
2018,2019,OADMET-0003353,5.64,train,5to6,3,0,0.002176829390348728,False
2019,2020,OADMET-0003352,5.59,train,5to6,3,0,0.005071946260378798,False
2020,2021,OADMET-0003351,5.07,train,5to6,2,0,0.004115675398958038,False
2021,2022,OADMET-0003350,5.82,train,5to6,2,0,0.030665472537497195,False
2022,2023,OADMET-0003349,5.41,train,5to6,0,0,0.005432679120417713,False
2023,2024,OADMET-0003348,6.33,train,gte6,1,1,0.0023948554210991646,False
2024,2025,OADMET-0003347,5.83,train,5to6,3,0,0.005207010017113701,False
2025,2026,OADMET-0003346,5.34,train,5to6,3,0,0.00028361322402121493,False
2026,2027,OADMET-0003345,4.975,train,4to5,3,0,0.05428077897648302,False
2027,2028,OADMET-0003344,6.26,train,gte6,4,1,0.0016318400163334505,False
2028,2029,OADMET-0003343,5.965,train,5to6,2,0,0.0007881491823853254,False
2029,2030,OADMET-0003342,5.38,train,5to6,2,0,0.0005608227806306442,False
2030,2031,OADMET-0003341,6.09,train,gte6,0,1,0.02660641196026794,False
2031,2032,OADMET-0003340,4.98,train,4to5,2,0,0.0002930084257307348,False
2032,2033,OADMET-0003339,2.62,train,lt3,4,0,0.0003603591947667941,False
2033,2034,OADMET-0003338,5.42,train,5to6,0,0,0.0005634002624126518,False
2034,2035,OADMET-0003337,5.01,train,5to6,2,0,0.001445507984345131,False
2035,2036,OADMET-0003336,5.65,train,5to6,3,0,0.08965177757802416,False
2036,2037,OADMET-0003335,1.85,train,lt3,0,0,0.0005483590080875016,False
2037,2038,OADMET-0003334,6.16,train,gte6,1,1,0.023413277282119064,False
2038,2039,OADMET-0003333,5.44,train,5to6,4,0,0.0014091763178262179,False
2039,2040,OADMET-0003332,5.29,train,5to6,0,0,0.002568437306612371,False
2040,2041,OADMET-0003331,5.67,train,5to6,2,0,0.000781910699804332,False
2041,2042,OADMET-0003330,5.29,train,5to6,0,0,0.10659911779254261,False
2042,2043,OADMET-0003329,5.67,train,5to6,0,0,0.004661594038520974,False
2043,2044,OADMET-0003328,5.13,train,5to6,0,0,0.031197616159258805,False
2044,2045,OADMET-0003327,5.69,train,5to6,4,0,0.010407396568622941,False
2045,2046,OADMET-0003326,5.39,train,5to6,2,0,0.0013879171681636644,False
2046,2047,OADMET-0003325,5.69,train,5to6,4,0,0.006585499059382301,False
2047,2048,OADMET-0003324,5.86,train,5to6,4,0,0.0025311881502954724,False
2048,2049,OADMET-0003323,2.69,train,lt3,0,0,0.0003108938772492429,False
2049,2050,OADMET-0003322,6.23,train,gte6,3,1,0.00333864699979673,False
2050,2051,OADMET-0003321,5.84,train,5to6,4,0,0.004828120688566528,False
2051,2052,OADMET-0003320,5.24,train,5to6,4,0,0.00039647919778371425,False
2052,2053,OADMET-0003319,5.13,train,5to6,4,0,0.006152769959256522,False
2053,2054,OADMET-0003318,5.45,train,5to6,0,0,0.001708836298946006,False
2054,2055,OADMET-0003317,2.65,train,lt3,0,0,0.0007032220877656668,False
2055,2056,OADMET-0003316,5.945,train,5to6,2,0,0.003222494104347398,False
2056,2057,OADMET-0003315,5.1,train,5to6,1,0,0.0008294605914690339,False
2057,2058,OADMET-0003314,5.77,train,5to6,3,0,0.0014249292499700355,False
2058,2059,OADMET-0003313,3.31,train,3to4,2,0,0.0008986788278203676,False
2059,2060,OADMET-0003312,5.865,train,5to6,4,0,0.00027959632489401546,False
2060,2061,OADMET-0003311,5.78,train,5to6,3,0,0.02714383621524572,False
2061,2062,OADMET-0003310,5.64,train,5to6,1,0,0.0003038472142975241,False
2062,2063,OADMET-0003309,5.33,train,5to6,3,0,0.00039998413007758123,False
2063,2064,OADMET-0003308,5.0,train,4to5,1,0,0.0006347973914822077,False
2064,2065,OADMET-0003306,5.76,train,5to6,4,0,0.7506972582614294,True
2065,2066,OADMET-0003305,1.83,train,lt3,1,0,0.0005322216052959045,False
2066,2067,OADMET-0003303,5.62,train,5to6,0,0,0.02108822600825851,False
2067,2068,OADMET-0003302,4.86,train,4to5,3,0,0.0002476093905768283,False
2068,2069,OADMET-0003301,5.42,train,5to6,2,0,0.0013798279378488124,False
2069,2070,OADMET-0003300,5.27,train,5to6,4,0,0.03594637789869056,False
2070,2071,OADMET-0003299,4.75,train,4to5,1,0,0.0008449109204501115,False
2071,2072,OADMET-0003298,5.85,train,5to6,4,0,0.0009646265904701194,False
2072,2073,OADMET-0003297,5.55,train,5to6,2,0,0.0015280167413856242,False
2073,2074,OADMET-0003296,5.77,train,5to6,1,0,0.0011887800176286606,False
2074,2075,OADMET-0003295,1.73,train,lt3,3,0,0.0045104734019326435,False
2075,2076,OADMET-0003294,5.23,train,5to6,2,0,0.0006337678059486147,False
2076,2077,OADMET-0003293,5.25,train,5to6,2,0,0.00013573604876509408,False
2077,2078,OADMET-0003292,5.43,train,5to6,4,0,0.001736078208323592,False
2078,2079,OADMET-0003291,5.865,train,5to6,4,0,0.001897917689826484,False
2079,2080,OADMET-0003289,5.2,train,5to6,1,0,0.002616966480081983,False
2080,2081,OADMET-0003288,5.39,train,5to6,1,0,0.00017403939907470424,False
2081,2082,OADMET-0003287,5.27,train,5to6,3,0,0.014181386971615603,False
2082,2083,OADMET-0003286,5.51,train,5to6,0,0,0.008424501262426146,False
2083,2084,OADMET-0003285,1.73,train,lt3,4,0,0.00020060214438929406,False
2084,2085,OADMET-0003284,4.89,train,4to5,2,0,0.004443225827148928,False
2085,2086,OADMET-0003283,5.79,train,5to6,2,0,0.007762115980280792,False
2086,2087,OADMET-0003282,5.55,train,5to6,3,0,0.052411303916581706,False
2087,2088,OADMET-0003281,5.45,train,5to6,4,0,0.0024689582207139916,False
2088,2089,OADMET-0003280,5.32,train,5to6,1,0,0.0003170694524979622,False
2089,2090,OADMET-0003279,4.98,train,4to5,4,0,0.004650415831761303,False
2090,2091,OADMET-0003278,5.31,train,5to6,0,0,0.006600498254087809,False
2091,2092,OADMET-0003277,5.85,train,5to6,0,0,0.25239518485305446,False
2092,2093,OADMET-0003276,5.79,train,5to6,4,0,0.0006975118750166893,False
2093,2094,OADMET-0003275,5.96,train,5to6,0,0,0.003935171522750695,False
2094,2095,OADMET-0003274,1.74,train,lt3,1,0,0.00022723023057657235,False
2095,2096,OADMET-0003273,5.54,train,5to6,4,0,0.004195774407361738,False
2096,2097,OADMET-0003272,5.13,train,5to6,4,0,0.015801417906006105,False
2097,2098,OADMET-0003271,5.62,train,5to6,0,0,0.0014790148831167996,False
2098,2099,OADMET-0003270,5.99,train,5to6,2,0,0.00198884211215436,False
2099,2100,OADMET-0003269,5.83,train,5to6,1,0,0.000302113108291179,False
2100,2101,OADMET-0003268,4.99,train,4to5,2,0,0.00047642208362769553,False
2101,2102,OADMET-0003267,1.75,train,lt3,1,0,0.0013828026553940236,False
2102,2103,OADMET-0003266,6.18,train,gte6,4,1,0.3351856801917098,False
2103,2104,OADMET-0003265,5.15,train,5to6,0,0,0.00616500915074659,False
2104,2105,OADMET-0003264,5.265000000000001,train,5to6,1,0,0.0016920208743697073,False
2105,2106,OADMET-0003263,4.78,train,4to5,0,0,0.0011808042480010914,False
2106,2107,OADMET-0003262,5.2,train,5to6,1,0,0.012628150447169192,False
2107,2108,OADMET-0003261,1.74,train,lt3,3,0,0.00026012215622892574,False
2108,2109,OADMET-0003260,5.98,train,5to6,4,0,0.0004859895621711841,False
2109,2110,OADMET-0003258,6.105,train,gte6,3,1,0.002126486320523886,False
2110,2111,OADMET-0003257,6.6850000000000005,train,gte6,2,1,0.0017220319723502194,False
2111,2112,OADMET-0003256,5.09,train,5to6,1,0,0.0027270529373421815,False
2112,2113,OADMET-0003255,5.18,train,5to6,2,0,0.0002249468736520036,False
2113,2114,OADMET-0003254,2.93,train,lt3,0,0,0.00028578399219869995,False
2114,2115,OADMET-0003253,5.47,train,5to6,0,0,0.002742948230107586,False
2115,2116,OADMET-0003252,5.05,train,5to6,2,0,0.00041577572502430536,False
2116,2117,OADMET-0003251,5.1,train,5to6,2,0,0.004205107582909188,False
2117,2118,OADMET-0003250,5.06,train,5to6,4,0,0.04561004250086908,False
2118,2119,OADMET-0003249,5.08,train,5to6,1,0,0.0012162120113346244,False
2119,2120,OADMET-0003248,1.83,train,lt3,2,0,0.002040307495997802,False
2120,2121,OADMET-0003247,5.26,train,5to6,1,0,0.001030025858967238,False
2121,2122,OADMET-0003246,5.765000000000001,train,5to6,4,0,0.0013256790314575126,False
2122,2123,OADMET-0003245,5.31,train,5to6,4,0,0.0016369771456989086,False
2123,2124,OADMET-0003244,5.99,train,5to6,2,0,0.032677600085803366,False
2124,2125,OADMET-0003243,1.91,train,lt3,3,0,0.0009703486956376618,False
2125,2126,OADMET-0003242,5.21,train,5to6,3,0,0.0001758683370973965,False
2126,2127,OADMET-0003241,5.83,train,5to6,1,0,0.0865794869734769,False
2127,2128,OADMET-0003240,6.215,train,gte6,1,1,0.0038149424276251414,False
2128,2129,OADMET-0003239,3.78,train,3to4,1,0,0.0004382426839977387,False
2129,2130,OADMET-0003238,5.19,train,5to6,4,0,0.026743867991492594,False
2130,2131,OADMET-0003237,5.38,train,5to6,4,0,0.001743546103874697,False
2131,2132,OADMET-0003236,1.77,train,lt3,3,0,0.0006023615115779761,False
2132,2133,OADMET-0003235,5.19,train,5to6,2,0,0.0057414476425090444,False
2133,2134,OADMET-0003234,5.43,train,5to6,4,0,0.04417654567842629,False
2134,2135,OADMET-0003233,5.58,train,5to6,4,0,0.003476528722294615,False
2135,2136,OADMET-0003232,4.65,train,4to5,3,0,0.0014317586314221095,False
2136,2137,OADMET-0003231,5.48,train,5to6,1,0,0.0019553896701966405,False
2137,2138,OADMET-0003230,5.29,train,5to6,0,0,0.0015482950684013966,False
2138,2139,OADMET-0003229,4.97,train,4to5,4,0,0.05100212579225189,False
2139,2140,OADMET-0003228,5.4,train,5to6,2,0,0.0597274009632868,False
2140,2141,OADMET-0003227,5.21,train,5to6,0,0,0.00037946448846039505,False
2141,2142,OADMET-0003226,5.77,train,5to6,3,0,0.001546028381732658,False
2142,2143,OADMET-0003225,1.82,train,lt3,1,0,0.00025260356979991174,False
2143,2144,OADMET-0003224,4.12,train,4to5,3,0,0.0004164283240565555,False
2144,2145,OADMET-0003223,5.76,train,5to6,4,0,0.002505852465849013,False
2145,2146,OADMET-0003222,5.1,train,5to6,1,0,0.000605078193469818,False
2146,2147,OADMET-0003221,5.74,train,5to6,4,0,0.0032634794473782635,False
2147,2148,OADMET-0003220,5.01,train,5to6,3,0,0.0027456724690842252,False
2148,2149,OADMET-0003219,5.17,train,5to6,4,0,0.0018226994340701124,False
2149,2150,OADMET-0003218,5.11,train,5to6,3,0,0.0009448533967014377,False
2150,2151,OADMET-0003217,4.220000000000001,train,4to5,3,0,0.0003221956681265646,False
2151,2152,OADMET-0003216,1.78,train,lt3,2,0,0.0011219410931953024,False
2152,2153,OADMET-0003215,5.14,train,5to6,0,0,0.07601879341641898,False
2153,2154,OADMET-0003214,5.66,train,5to6,2,0,0.006190992303972046,False
2154,2155,OADMET-0003213,1.75,train,lt3,4,0,0.00020805249317717522,False
2155,2156,OADMET-0003212,5.98,train,5to6,0,0,0.13298970479146008,False
2156,2157,OADMET-0003211,5.6,train,5to6,4,0,0.001891402913943644,False
2157,2158,OADMET-0003210,5.3,train,5to6,2,0,0.0025831522609997787,False
2158,2159,OADMET-0003209,4.95,train,4to5,2,0,0.0022826638206367125,False
2159,2160,OADMET-0003208,5.13,train,5to6,0,0,0.0007347142629182436,False
2160,2161,OADMET-0003207,5.67,train,5to6,1,0,0.0021333752930167487,False
2161,2162,OADMET-0003206,5.29,train,5to6,3,0,0.00109618559630183,False
2162,2163,OADMET-0003205,5.14,train,5to6,1,0,0.003089587529007868,False
2163,2164,OADMET-0003204,1.87,train,lt3,0,0,0.0004594099257459539,False
2164,2165,OADMET-0003203,5.78,train,5to6,1,0,0.0015373564804614021,False
2165,2166,OADMET-0003202,4.96,train,4to5,2,0,0.005033692856989215,False
2166,2167,OADMET-0003201,5.71,train,5to6,1,0,0.002410670599759285,False
2167,2168,OADMET-0003200,5.89,train,5to6,2,0,0.1109542949558942,False
2168,2169,OADMET-0003199,5.78,train,5to6,2,0,0.0036293077051813773,False
2169,2170,OADMET-0003198,5.68,train,5to6,4,0,0.001000077776201847,False
2170,2171,OADMET-0003197,5.02,train,5to6,0,0,0.020122511593623056,False
2171,2172,OADMET-0003196,5.16,train,5to6,0,0,0.0005610719294110571,False
2172,2173,OADMET-0003195,5.22,train,5to6,4,0,0.0031645942876091866,False
2173,2174,OADMET-0003194,5.35,train,5to6,2,0,0.00046512038611390053,False
2174,2175,OADMET-0003193,1.76,train,lt3,1,0,0.0009299306774726098,False
2175,2176,OADMET-0003192,5.975,train,5to6,2,0,0.05335564787749166,False
2176,2177,OADMET-0003191,5.05,train,5to6,4,0,0.0007774661194796564,False
2177,2178,OADMET-0003190,5.66,train,5to6,1,0,0.0006803716756538993,False
2178,2179,OADMET-0003189,4.71,train,4to5,0,0,0.0007627074335629839,False
2179,2180,OADMET-0003188,5.18,train,5to6,2,0,0.058878679829359806,False
2180,2181,OADMET-0003187,5.23,train,5to6,4,0,0.0003202439945728294,False
2181,2182,OADMET-0003186,6.605,train,gte6,1,1,0.0012228073095708971,False
2182,2183,OADMET-0003185,5.27,train,5to6,2,0,0.0013972784367795887,False
2183,2184,OADMET-0003184,5.15,train,5to6,4,0,0.0005481081383184706,False
2184,2185,OADMET-0003183,5.4,train,5to6,1,0,0.00045498159581567016,False
2185,2186,OADMET-0003182,5.11,train,5to6,0,0,0.000767287699999187,False
2186,2187,OADMET-0003181,5.64,train,5to6,2,0,0.045067187615793536,False
2187,2188,OADMET-0003180,5.27,train,5to6,1,0,0.008129830054951798,False
2188,2189,OADMET-0003179,5.15,train,5to6,1,0,0.026290477750318352,False
2189,2190,OADMET-0003178,4.81,train,4to5,1,0,0.0008433610135300913,False
2190,2191,OADMET-0003177,4.6,train,4to5,2,0,0.00026464881121435386,False
2191,2192,OADMET-0003176,4.78,train,4to5,1,0,0.0020245828535578577,False
2192,2193,OADMET-0003175,4.86,train,4to5,3,0,0.0010187067913310281,False
2193,2194,OADMET-0003174,5.27,train,5to6,4,0,0.011982985710723962,False
2194,2195,OADMET-0003173,6.56,train,gte6,1,1,0.0065055225763075855,False
2195,2196,OADMET-0003172,5.46,train,5to6,3,0,0.0002423763414168814,False
2196,2197,OADMET-0003171,5.2,train,5to6,0,0,0.0016939875187432013,False
2197,2198,OADMET-0003170,5.54,train,5to6,2,0,0.008104830189085116,False
2198,2199,OADMET-0003168,5.08,train,5to6,2,0,0.003935821769405883,False
2199,2200,OADMET-0003167,5.63,train,5to6,2,0,0.004988611506492225,False
2200,2201,OADMET-0003166,5.77,train,5to6,1,0,0.0018646548287590513,False
2201,2202,OADMET-0003165,5.74,train,5to6,0,0,0.02337243731221804,False
2202,2203,OADMET-0003164,4.92,train,4to5,1,0,0.0009672638826308549,False
2203,2204,OADMET-0003163,5.3,train,5to6,2,0,0.06233543631155544,False
2204,2205,OADMET-0003162,5.55,train,5to6,0,0,0.0017448375294527045,False
2205,2206,OADMET-0003161,5.15,train,5to6,2,0,0.000706837230984224,False
2206,2207,OADMET-0003160,3.89,train,3to4,1,0,0.0009204917734057103,False
2207,2208,OADMET-0003159,5.1,train,5to6,2,0,0.0027169830851063717,False
2208,2209,OADMET-0003158,6.39,train,gte6,2,1,0.0005867474839179839,False
2209,2210,OADMET-0003157,3.03,train,3to4,1,0,0.0010643682201729751,False
2210,2211,OADMET-0003156,5.015000000000001,train,5to6,1,0,0.0007532822372181272,False
2211,2212,OADMET-0003155,5.75,train,5to6,1,0,0.00925222997824416,False
2212,2213,OADMET-0003154,5.6,train,5to6,0,0,0.0010024426871605096,False
2213,2214,OADMET-0003153,5.52,train,5to6,4,0,0.002306024058199609,False
2214,2215,OADMET-0003152,5.29,train,5to6,2,0,0.0023856232342537916,False
2215,2216,OADMET-0003151,5.63,train,5to6,3,0,0.000477578706377244,False
2216,2217,OADMET-0003150,4.86,train,4to5,0,0,0.0003368746904079773,False
2217,2218,OADMET-0003149,5.74,train,5to6,3,0,0.000534479809384528,False
2218,2219,OADMET-0003148,5.66,train,5to6,3,0,0.007945096454241497,False
2219,2220,OADMET-0003147,1.74,train,lt3,2,0,0.0005729605897209537,False
2220,2221,OADMET-0003146,3.64,train,3to4,2,0,0.0005704766937984616,False
2221,2222,OADMET-0003145,3.29,train,3to4,1,0,0.0011497855150510692,False
2222,2223,OADMET-0003144,5.11,train,5to6,0,0,0.0010639176320067281,False
2223,2224,OADMET-0003143,5.68,train,5to6,1,0,0.00321582216468391,False
2224,2225,OADMET-0003142,5.66,train,5to6,1,0,0.0009013885825009852,False
2225,2226,OADMET-0003141,5.69,train,5to6,1,0,0.0009673491098770915,False
2226,2227,OADMET-0003140,1.84,train,lt3,2,0,0.00019854798114944853,False
2227,2228,OADMET-0003139,5.25,train,5to6,0,0,0.01312960807565102,False
2228,2229,OADMET-0003138,5.47,train,5to6,1,0,0.021637188067269678,False
2229,2230,OADMET-0003137,5.28,train,5to6,2,0,0.026243422200607824,False
2230,2231,OADMET-0003136,5.12,train,5to6,1,0,0.0002935376379623778,False
2231,2232,OADMET-0003135,5.54,train,5to6,4,0,0.0035776095807612263,False
2232,2233,OADMET-0003134,5.09,train,5to6,4,0,0.00015059746752922866,False
2233,2234,OADMET-0003133,6.22,train,gte6,3,1,0.0003243008592312678,False
2234,2235,OADMET-0003132,4.62,train,4to5,3,0,0.0013214282710394432,False
2235,2236,OADMET-0003131,5.11,train,5to6,3,0,0.0008327956489340469,False
2236,2237,OADMET-0003130,5.56,train,5to6,0,0,0.05482852810502444,False
2237,2238,OADMET-0003129,2.87,train,lt3,1,0,0.0004108089679172821,False
2238,2239,OADMET-0003128,4.859999999999999,train,4to5,3,0,0.0014667564609399705,False
2239,2240,OADMET-0003127,5.44,train,5to6,0,0,0.006128143712489308,False
2240,2241,OADMET-0003126,5.2,train,5to6,3,0,0.0015506206462858707,False
2241,2242,OADMET-0003125,4.91,train,4to5,1,0,0.0003046816387250908,False
2242,2243,OADMET-0003124,5.99,train,5to6,1,0,0.0031419044981715006,False
2243,2244,OADMET-0003123,5.17,train,5to6,3,0,0.0001849787478543913,False
2244,2245,OADMET-0003122,5.37,train,5to6,0,0,0.00019747985970450073,False
2245,2246,OADMET-0003121,5.43,train,5to6,0,0,0.0018560408539531903,False
2246,2247,OADMET-0003120,5.37,train,5to6,2,0,0.00021491401287924647,False
2247,2248,OADMET-0003119,5.17,train,5to6,2,0,0.00015642487818610053,False
2248,2249,OADMET-0003118,6.3100000000000005,train,gte6,4,1,0.33740693498372315,False
2249,2250,OADMET-0003117,5.08,train,5to6,4,0,0.008236924363085043,False
2250,2251,OADMET-0003116,5.19,train,5to6,0,0,0.020747855414955593,False
2251,2252,OADMET-0003114,5.13,train,5to6,2,0,0.0005449132718070809,False
2252,2253,OADMET-0003113,5.62,train,5to6,3,0,0.0005440229768819342,False
2253,2254,OADMET-0003112,5.54,train,5to6,2,0,0.00361906809715838,False
2254,2255,OADMET-0003111,5.71,train,5to6,0,0,0.01354708165704007,False
2255,2256,OADMET-0003110,5.45,train,5to6,1,0,0.00038291249951762584,False
2256,2257,OADMET-0003109,5.64,train,5to6,1,0,0.008176786008438606,False
2257,2258,OADMET-0003108,5.15,train,5to6,4,0,0.004362988040307037,False
2258,2259,OADMET-0003107,5.48,train,5to6,1,0,0.0011555067016076706,False
2259,2260,OADMET-0003106,5.43,train,5to6,3,0,0.0020792365581530086,False
2260,2261,OADMET-0003105,5.5,train,5to6,1,0,0.0053047455337286165,False
2261,2262,OADMET-0003104,5.46,train,5to6,0,0,0.006402796610196401,False
2262,2263,OADMET-0003103,5.22,train,5to6,1,0,0.0016662367698335734,False
2263,2264,OADMET-0003102,5.82,train,5to6,1,0,0.00038953185354192993,False
2264,2265,OADMET-0003101,5.61,train,5to6,3,0,0.012689180372582902,False
2265,2266,OADMET-0003100,4.99,train,4to5,0,0,0.00036063781920626264,False
2266,2267,OADMET-0003099,5.7,train,5to6,4,0,0.04402073296139708,False
2267,2268,OADMET-0003098,5.14,train,5to6,1,0,0.000239542525344701,False
2268,2269,OADMET-0003097,5.9,train,5to6,4,0,0.03513215855783385,False
2269,2270,OADMET-0003095,4.77,train,4to5,4,0,0.0004123217866572137,False
2270,2271,OADMET-0003094,5.02,train,5to6,4,0,0.00018226448156189503,False
2271,2272,OADMET-0003093,4.76,train,4to5,4,0,0.002170439239268101,False
2272,2273,OADMET-0003092,3.69,train,3to4,3,0,9.434512236401308e-05,False
2273,2274,OADMET-0003090,4.86,train,4to5,0,0,0.0005965278537913404,False
2274,2275,OADMET-0003089,2.08,train,lt3,0,0,0.00034120003884602893,False
2275,2276,OADMET-0003088,6.14,train,gte6,0,1,0.014538753346598798,False
2276,2277,OADMET-0003087,3.13,train,3to4,3,0,0.00019570751842066912,False
2277,2278,OADMET-0003086,2.01,train,lt3,1,0,0.0005329704661903618,False
2278,2279,OADMET-0003085,4.21,train,4to5,0,0,0.0008481062454349365,False
2279,2280,OADMET-0003084,5.42,train,5to6,3,0,0.0018864754333914081,False
2280,2281,OADMET-0003083,1.76,train,lt3,3,0,0.00018454631373725417,False
2281,2282,OADMET-0003082,1.77,train,lt3,3,0,0.00020664331731209745,False
2282,2283,OADMET-0003081,5.59,train,5to6,3,0,0.004183140981822016,False
2283,2284,OADMET-0003080,4.89,train,4to5,3,0,0.0007552366417704182,False
2284,2285,OADMET-0003079,2.88,train,lt3,0,0,0.0015486744685557277,False
2285,2286,OADMET-0003078,5.28,train,5to6,2,0,0.0016137085980814333,False
2286,2287,OADMET-0003077,4.32,train,4to5,1,0,0.00036613835069296887,False
2287,2288,OADMET-0003076,3.86,train,3to4,0,0,0.0005020670892926789,False
2288,2289,OADMET-0003075,4.99,train,4to5,2,0,0.000230634342617169,False
2289,2290,OADMET-0003073,3.14,train,3to4,3,0,0.001013757139467418,False
2290,2291,OADMET-0003071,5.59,train,5to6,0,0,0.004199757384315338,False
2291,2292,OADMET-0003070,5.25,train,5to6,0,0,0.003712786360084216,False
2292,2293,OADMET-0003069,5.7,train,5to6,3,0,0.00028479084964187377,False
2293,2294,OADMET-0003068,5.41,train,5to6,0,0,0.00020731092954954307,False
2294,2295,OADMET-0003067,5.21,train,5to6,0,0,0.00035057588549890087,False
2295,2296,OADMET-0003066,5.07,train,5to6,4,0,0.004110491114151582,False
2296,2297,OADMET-0003065,5.14,train,5to6,1,0,0.0043259362137785225,False
2297,2298,OADMET-0003064,5.32,train,5to6,1,0,0.0006960784538485401,False
2298,2299,OADMET-0003063,5.11,train,5to6,0,0,0.003368078768268167,False
2299,2300,OADMET-0003062,4.84,train,4to5,0,0,0.0007664023278913151,False
2300,2301,OADMET-0003061,4.94,train,4to5,2,0,0.0005074728348405292,False
2301,2302,OADMET-0003060,5.45,train,5to6,4,0,0.0006257074186265424,False
2302,2303,OADMET-0003059,5.17,train,5to6,1,0,0.0006829652366575185,False
2303,2304,OADMET-0003057,2.1,train,lt3,2,0,0.0009253328804797066,False
2304,2305,OADMET-0003056,4.94,train,4to5,4,0,0.0006719182215815384,False
2305,2306,OADMET-0003055,5.63,train,5to6,0,0,0.044279619144957275,False
2306,2307,OADMET-0003054,3.63,train,3to4,3,0,0.00025789379011792885,False
2307,2308,OADMET-0003053,4.87,train,4to5,0,0,0.001499734238628647,False
2308,2309,OADMET-0003052,4.84,train,4to5,4,0,0.0003388928808618702,False
2309,2310,OADMET-0003051,5.21,train,5to6,1,0,0.0044288458848582065,False
2310,2311,OADMET-0003050,3.8,train,3to4,1,0,0.0008917181393214123,False
2311,2312,OADMET-0003049,5.18,train,5to6,4,0,0.0026043707164355437,False
2312,2313,OADMET-0003048,6.46,train,gte6,4,1,0.12626315105660135,False
2313,2314,OADMET-0003047,5.03,train,5to6,3,0,0.000796533404982225,False
2314,2315,OADMET-0003046,5.355,train,5to6,2,0,0.00023797964052194942,False
2315,2316,OADMET-0003045,5.22,train,5to6,4,0,0.059779054554116966,False
2316,2317,OADMET-0003044,5.59,train,5to6,3,0,0.23372548129380125,False
2317,2318,OADMET-0003043,6.34,train,gte6,4,1,0.10274085421155191,False
2318,2319,OADMET-0003042,5.0,train,4to5,1,0,0.0018635573408333362,False
2319,2320,OADMET-0003041,5.36,train,5to6,2,0,0.014855535998254265,False
2320,2321,OADMET-0003040,5.04,train,5to6,3,0,0.0003884593856875068,False
2321,2322,OADMET-0003039,5.42,train,5to6,0,0,0.008137205975786741,False
2322,2323,OADMET-0003038,4.87,train,4to5,4,0,0.010162573449169373,False
2323,2324,OADMET-0003037,5.58,train,5to6,0,0,0.011831555593389817,False
2324,2325,OADMET-0003036,5.11,train,5to6,4,0,0.0007154841704478078,False
2325,2326,OADMET-0003035,5.27,train,5to6,1,0,0.00016067551875684053,False
2326,2327,OADMET-0003034,5.22,train,5to6,2,0,0.01570759049432917,False
2327,2328,OADMET-0003033,5.16,train,5to6,2,0,0.0009281408024594988,False
2328,2329,OADMET-0003032,4.31,train,4to5,4,0,0.00010990258693489464,False
2329,2330,OADMET-0003031,4.99,train,4to5,1,0,0.001206206678671978,False
2330,2331,OADMET-0003030,5.04,train,5to6,1,0,0.011216466096099926,False
2331,2332,OADMET-0003029,5.44,train,5to6,0,0,0.006747382870052387,False
2332,2333,OADMET-0003028,5.22,train,5to6,2,0,0.016320452943815445,False
2333,2334,OADMET-0003027,4.98,train,4to5,3,0,0.0005280299593932348,False
2334,2335,OADMET-0003026,5.8,train,5to6,4,0,0.1402119463864566,False
2335,2336,OADMET-0003025,5.6,train,5to6,3,0,0.00080725195225329,False
2336,2337,OADMET-0003024,5.09,train,5to6,3,0,0.0009222194224803423,False
2337,2338,OADMET-0003023,4.88,train,4to5,0,0,0.0021505760784174465,False
2338,2339,OADMET-0003022,5.19,train,5to6,2,0,0.06474488805220624,False
2339,2340,OADMET-0003021,5.53,train,5to6,3,0,0.004624013192376572,False
2340,2341,OADMET-0003020,5.28,train,5to6,3,0,0.0014798667841771907,False
2341,2342,OADMET-0003019,4.63,train,4to5,4,0,0.0005442496108585213,False
2342,2343,OADMET-0003018,4.65,train,4to5,2,0,0.0002460109263598594,False
2343,2344,OADMET-0003017,6.205,train,gte6,4,1,0.00012635425778028113,False
2344,2345,OADMET-0003016,4.75,train,4to5,3,0,0.0046758169092349575,False
2345,2346,OADMET-0003015,4.91,train,4to5,0,0,0.00034176424517723614,False
2346,2347,OADMET-0003014,5.24,train,5to6,3,0,0.0018696339739275416,False
2347,2348,OADMET-0003013,4.78,train,4to5,4,0,0.0007501830892188473,False
2348,2349,OADMET-0003012,4.78,train,4to5,1,0,0.0016071864730421357,False
2349,2350,OADMET-0003011,5.72,train,5to6,3,0,0.01961500973181564,False
2350,2351,OADMET-0003010,5.63,train,5to6,2,0,0.04061571090117905,False
2351,2352,OADMET-0003009,4.94,train,4to5,1,0,0.008743934708901894,False
2352,2353,OADMET-0003008,5.27,train,5to6,0,0,0.0038632057615292114,False
2353,2354,OADMET-0003007,4.6,train,4to5,0,0,0.015098447014791613,False
2354,2355,OADMET-0003006,5.15,train,5to6,4,0,0.011238371511856183,False
2355,2356,OADMET-0003005,5.17,train,5to6,2,0,0.0009363297497348162,False
2356,2357,OADMET-0003004,5.16,train,5to6,3,0,0.0004411833076458986,False
2357,2358,OADMET-0003003,5.23,train,5to6,4,0,0.0010912240074179341,False
2358,2359,OADMET-0003002,5.38,train,5to6,1,0,0.0023587362604690115,False
2359,2360,OADMET-0003001,5.46,train,5to6,1,0,0.0027634719394474734,False
2360,2361,OADMET-0003000,4.69,train,4to5,4,0,0.00013185760779201584,False
2361,2362,OADMET-0002999,5.11,train,5to6,0,0,0.001332112990092316,False
2362,2363,OADMET-0002998,5.28,train,5to6,4,0,0.0005682170055353096,False
2363,2364,OADMET-0002997,5.25,train,5to6,2,0,0.02134448632063442,False
2364,2365,OADMET-0002996,3.65,train,3to4,1,0,0.0004499921876490033,False
2365,2366,OADMET-0002995,3.43,train,3to4,2,0,0.0002331549747022548,False
2366,2367,OADMET-0002994,4.73,train,4to5,3,0,0.0019251419416450779,False
2367,2368,OADMET-0002993,5.06,train,5to6,0,0,0.00023070106946374575,False
2368,2369,OADMET-0002992,6.02,train,gte6,2,1,0.019617315063061018,False
2369,2370,OADMET-0002991,5.15,train,5to6,4,0,0.001600283336055173,False
2370,2371,OADMET-0002990,3.35,train,3to4,2,0,0.00013206165879806495,False
2371,2372,OADMET-0002989,3.16,train,3to4,0,0,0.0002211205731268393,False
2372,2373,OADMET-0002988,5.18,train,5to6,4,0,0.0006653342310978791,False
2373,2374,OADMET-0002987,5.61,train,5to6,4,0,0.05948668661432287,False
2374,2375,OADMET-0002986,4.6,train,4to5,0,0,0.0008473576584181777,False
2375,2376,OADMET-0002985,5.105,train,5to6,4,0,0.0004201953068741664,False
2376,2377,OADMET-0002984,5.09,train,5to6,0,0,0.0005732254176566662,False
2377,2378,OADMET-0002983,4.95,train,4to5,1,0,0.001052403075227753,False
2378,2379,OADMET-0002982,5.31,train,5to6,0,0,0.0029877295109654784,False
2379,2380,OADMET-0002981,5.97,train,5to6,1,0,0.0014176767541649044,False
2380,2381,OADMET-0002980,3.17,train,3to4,1,0,0.00042139061154632167,False
2381,2382,OADMET-0002979,5.59,train,5to6,0,0,0.1742283419893079,False
2382,2383,OADMET-0002978,5.11,train,5to6,2,0,0.006952365348195227,False
2383,2384,OADMET-0002977,5.02,train,5to6,4,0,0.0007445076786296904,False
2384,2385,OADMET-0002976,4.93,train,4to5,4,0,0.02357846261351102,False
2385,2386,OADMET-0002975,5.71,train,5to6,4,0,0.0007516946216652526,False
2386,2387,OADMET-0002974,4.755,train,4to5,0,0,0.0002803154614275735,False
2387,2388,OADMET-0002973,5.55,train,5to6,4,0,0.0002486557619208855,False
2388,2389,OADMET-0002972,5.26,train,5to6,2,0,0.003948362580857611,False
2389,2390,OADMET-0002971,5.79,train,5to6,4,0,0.02081116730982284,False
2390,2391,OADMET-0002970,5.28,train,5to6,0,0,0.0034217293020844335,False
2391,2392,OADMET-0002969,5.08,train,5to6,2,0,0.0002044571560205323,False
2392,2393,OADMET-0002968,5.32,train,5to6,4,0,0.0004319154832449687,False
2393,2394,OADMET-0002967,4.83,train,4to5,1,0,0.004084269269636228,False
2394,2395,OADMET-0002966,4.96,train,4to5,3,0,0.00033868165232253244,False
2395,2396,OADMET-0002965,5.01,train,5to6,1,0,0.0022601768487271368,False
2396,2397,OADMET-0002964,5.404999999999999,train,5to6,4,0,0.00039912438834103787,False
2397,2398,OADMET-0002963,4.74,train,4to5,1,0,0.00021415987320868573,False
2398,2399,OADMET-0002962,5.88,train,5to6,1,0,0.0027967658854610184,False
2399,2400,OADMET-0002961,5.71,train,5to6,0,0,0.018926596774453477,False
2400,2401,OADMET-0002960,5.11,train,5to6,2,0,0.006318074926130415,False
2401,2402,OADMET-0002959,4.94,train,4to5,2,0,0.0008446787808223824,False
2402,2403,OADMET-0002958,5.35,train,5to6,2,0,0.2814533577558286,False
2403,2404,OADMET-0002957,5.12,train,5to6,1,0,0.0004010927150153005,False
2404,2405,OADMET-0002955,5.53,train,5to6,2,0,0.0002134687048561338,False
2405,2406,OADMET-0002954,5.12,train,5to6,3,0,0.0002612777798885864,False
2406,2407,OADMET-0002953,5.25,train,5to6,4,0,0.04520578856827018,False
2407,2408,OADMET-0002952,5.64,train,5to6,4,0,0.03855618958504061,False
2408,2409,OADMET-0002951,3.25,train,3to4,0,0,0.00029357905522099854,False
2409,2410,OADMET-0002950,5.800000000000001,train,5to6,1,0,0.3052728290234812,False
2410,2411,OADMET-0002949,4.97,train,4to5,1,0,0.006520104967623705,False
2411,2412,OADMET-0002948,4.64,train,4to5,4,0,9.789614841797291e-05,False
2412,2413,OADMET-0002947,3.34,train,3to4,3,0,0.00011581092081936782,False
2413,2414,OADMET-0002946,5.915,train,5to6,4,0,0.007109543856124775,False
2414,2415,OADMET-0002945,2.68,train,lt3,1,0,0.0002718318048139612,False
2415,2416,OADMET-0002944,6.04,train,gte6,1,1,0.07692738035384501,False
2416,2417,OADMET-0002943,5.16,train,5to6,2,0,0.0005955220058392956,False
2417,2418,OADMET-0002942,5.37,train,5to6,3,0,0.0027095723043884883,False
2418,2419,OADMET-0002941,5.51,train,5to6,1,0,0.008149539104100417,False
2419,2420,OADMET-0002940,5.05,train,5to6,4,0,0.007528593886887551,False
2420,2421,OADMET-0002939,5.17,train,5to6,2,0,0.0012125502877993156,False
2421,2422,OADMET-0002938,4.6,train,4to5,2,0,0.00019089957863112098,False
2422,2423,OADMET-0002937,4.85,train,4to5,4,0,0.0006642663908699759,False
2423,2424,OADMET-0002936,4.64,train,4to5,1,0,0.0005419760851996458,False
2424,2425,OADMET-0002935,5.28,train,5to6,1,0,0.0004433210779401711,False
2425,2426,OADMET-0002934,4.9,train,4to5,0,0,0.001589873951543015,False
2426,2427,OADMET-0002933,5.26,train,5to6,4,0,9.751783415272322e-05,False
2427,2428,OADMET-0002932,5.17,train,5to6,2,0,0.013904846962457357,False
2428,2429,OADMET-0002930,5.53,train,5to6,4,0,0.000948614021062305,False
2429,2430,OADMET-0002929,3.1,train,3to4,1,0,0.0011995702785832201,False
2430,2431,OADMET-0002928,5.54,train,5to6,1,0,0.0006171309347944417,False
2431,2432,OADMET-0002927,5.1,train,5to6,0,0,0.008853880564032997,False
2432,2433,OADMET-0002926,4.87,train,4to5,2,0,0.0029882675849664054,False
2433,2434,OADMET-0002925,3.58,train,3to4,2,0,0.0005339822907518552,False
2434,2435,OADMET-0002924,3.78,train,3to4,4,0,0.00014992714444030927,False
2435,2436,OADMET-0002923,5.27,train,5to6,1,0,0.00940615781129247,False
2436,2437,OADMET-0002922,5.42,train,5to6,4,0,0.07910757054299578,False
2437,2438,OADMET-0002921,5.79,train,5to6,3,0,0.0015196384208217303,False
2438,2439,OADMET-0002920,5.2,train,5to6,2,0,0.004738715113436075,False
2439,2440,OADMET-0002919,4.85,train,4to5,4,0,0.0015406423600370072,False
2440,2441,OADMET-0002918,4.8,train,4to5,4,0,0.00035648272960062333,False
2441,2442,OADMET-0002917,3.95,train,3to4,1,0,0.00025666621514017825,False
2442,2443,OADMET-0002916,5.22,train,5to6,2,0,0.0002507993658936612,False
2443,2444,OADMET-0002915,4.97,train,4to5,3,0,0.00022395189485898177,False
2444,2445,OADMET-0002914,5.46,train,5to6,0,0,0.0020383331299995474,False
2445,2446,OADMET-0002913,5.22,train,5to6,3,0,0.06514894310906688,False
2446,2447,OADMET-0002912,6.13,train,gte6,1,1,0.00199478900237913,False
2447,2448,OADMET-0002911,5.06,train,5to6,3,0,0.0012376123200298639,False
2448,2449,OADMET-0002910,5.035,train,5to6,1,0,0.00012026925909279817,False
2449,2450,OADMET-0002909,4.78,train,4to5,3,0,0.02559222798774524,False
2450,2451,OADMET-0002908,5.19,train,5to6,2,0,0.002673930882144391,False
2451,2452,OADMET-0002907,5.51,train,5to6,1,0,0.05215494930533928,False
2452,2453,OADMET-0002906,5.54,train,5to6,0,0,0.001498038048479215,False
2453,2454,OADMET-0002905,4.72,train,4to5,2,0,0.0004563619130757137,False
2454,2455,OADMET-0002904,5.44,train,5to6,4,0,0.15447195208719688,False
2455,2456,OADMET-0002903,5.4,train,5to6,2,0,0.0009666656331682104,False
2456,2457,OADMET-0002902,5.74,train,5to6,0,0,0.07576204840296052,False
2457,2458,OADMET-0002901,5.14,train,5to6,2,0,0.000573978710576678,False
2458,2459,OADMET-0002900,5.95,train,5to6,2,0,0.11005611384464185,False
2459,2460,OADMET-0002899,5.78,train,5to6,1,0,0.05405025821251908,False
2460,2461,OADMET-0002898,2.54,train,lt3,1,0,0.0002636037559211437,False
2461,2462,OADMET-0002897,4.89,train,4to5,0,0,0.013641922772165617,False
2462,2463,OADMET-0002896,5.42,train,5to6,1,0,0.00023631552918059023,False
2463,2464,OADMET-0002895,5.43,train,5to6,0,0,0.0003704759729794234,False
2464,2465,OADMET-0002894,5.1,train,5to6,4,0,0.003872309546716585,False
2465,2466,OADMET-0002893,5.09,train,5to6,0,0,0.004302439984097989,False
2466,2467,OADMET-0002892,5.42,train,5to6,0,0,0.036795624107332815,False
2467,2468,OADMET-0002889,4.79,train,4to5,4,0,0.0016700059978909175,False
2468,2469,OADMET-0002888,2.67,train,lt3,3,0,0.0003204449183434322,False
2469,2470,OADMET-0002887,4.96,train,4to5,3,0,0.00031432805515478726,False
2470,2471,OADMET-0002886,1.77,train,lt3,0,0,0.0001956792657456541,False
2471,2472,OADMET-0002885,1.78,train,lt3,1,0,0.00020636407041966476,False
2472,2473,OADMET-0002884,5.21,train,5to6,0,0,0.01332417852939295,False
2473,2474,OADMET-0002883,5.48,train,5to6,3,0,0.0011534094252317187,False
2474,2475,OADMET-0002882,5.25,train,5to6,3,0,0.004352814186712221,False
2475,2476,OADMET-0002881,1.76,train,lt3,1,0,0.0006381264915348688,False
2476,2477,OADMET-0002880,5.06,train,5to6,1,0,0.0003853667888835071,False
2477,2478,OADMET-0002879,5.42,train,5to6,3,0,0.00018318109512954238,False
2478,2479,OADMET-0002878,5.0,train,4to5,4,0,0.00043606372471772473,False
2479,2480,OADMET-0002877,3.08,train,3to4,2,0,0.00011279025440771021,False
2480,2481,OADMET-0002876,5.34,train,5to6,4,0,0.009854718736752198,False
2481,2482,OADMET-0002875,1.99,train,lt3,1,0,0.0003444889691964773,False
2482,2483,OADMET-0002874,5.33,train,5to6,0,0,0.0009891927047382036,False
2483,2484,OADMET-0002873,5.22,train,5to6,1,0,0.02028283264427708,False
2484,2485,OADMET-0002872,4.74,train,4to5,1,0,0.0002329016329055784,False
2485,2486,OADMET-0002871,5.16,train,5to6,4,0,0.0006795708492664947,False
2486,2487,OADMET-0002870,5.07,train,5to6,4,0,0.00010008534131491447,False
2487,2488,OADMET-0002869,5.51,train,5to6,2,0,0.006383791520474125,False
2488,2489,OADMET-0002868,5.44,train,5to6,0,0,0.0003998471207920191,False
2489,2490,OADMET-0002867,5.12,train,5to6,2,0,0.001656356750727663,False
2490,2491,OADMET-0002866,3.47,train,3to4,4,0,0.0002427952283136233,False
2491,2492,OADMET-0002865,5.44,train,5to6,3,0,0.011138956798492028,False
2492,2493,OADMET-0002864,4.94,train,4to5,1,0,0.000433148861845785,False
2493,2494,OADMET-0002863,1.79,train,lt3,2,0,8.625609174873121e-05,False
2494,2495,OADMET-0002862,2.57,train,lt3,1,0,0.0007830963758571468,False
2495,2496,OADMET-0002861,5.83,train,5to6,0,0,0.004067504573951406,False
2496,2497,OADMET-0002860,5.3,train,5to6,4,0,0.003333461324269123,False
2497,2498,OADMET-0002859,5.83,train,5to6,0,0,0.00033558791399864433,False
2498,2499,OADMET-0002858,2.82,train,lt3,1,0,0.0008711316250940538,False
2499,2500,OADMET-0002857,5.86,train,5to6,3,0,0.00040204760230477365,False
2500,2501,OADMET-0002856,5.545,train,5to6,1,0,0.00039060416781133944,False
2501,2502,OADMET-0002855,5.33,train,5to6,1,0,0.0007719171184232273,False
2502,2503,OADMET-0002854,5.59,train,5to6,4,0,0.0737314076628005,False
2503,2504,OADMET-0002853,1.76,train,lt3,1,0,0.00014932791202870458,False
2504,2505,OADMET-0002852,4.86,train,4to5,4,0,0.023313646314759764,False
2505,2506,OADMET-0002851,4.97,train,4to5,1,0,0.0027894502760536775,False
2506,2507,OADMET-0002850,5.35,train,5to6,1,0,0.002585845172133524,False
2507,2508,OADMET-0002849,5.44,train,5to6,1,0,0.0009540211257178061,False
2508,2509,OADMET-0002848,5.69,train,5to6,4,0,0.930163224610453,True
2509,2510,OADMET-0002847,5.27,train,5to6,1,0,0.0008899424400973191,False
2510,2511,OADMET-0002846,5.4,train,5to6,2,0,0.06775478542453815,False
2511,2512,OADMET-0002845,5.71,train,5to6,1,0,0.003750838833378787,False
2512,2513,OADMET-0002844,5.88,train,5to6,0,0,0.012731358039007469,False
2513,2514,OADMET-0002843,3.84,train,3to4,4,0,0.00023760165751661946,False
2514,2515,OADMET-0002842,5.04,train,5to6,3,0,0.0016009006553048745,False
2515,2516,OADMET-0002841,5.45,train,5to6,0,0,0.002532903536903628,False
2516,2517,OADMET-0002840,5.14,train,5to6,3,0,0.0020238616210730095,False
2517,2518,OADMET-0002839,1.74,train,lt3,1,0,0.0006577772934436194,False
2518,2519,OADMET-0002838,5.14,train,5to6,2,0,0.1532891120209079,False
2519,2520,OADMET-0002837,1.73,train,lt3,2,0,0.0003563671982226107,False
2520,2521,OADMET-0002836,2.91,train,lt3,1,0,0.0006998543977392663,False
2521,2522,OADMET-0002835,5.01,train,5to6,3,0,0.0008250303008621621,False
2522,2523,OADMET-0002834,5.64,train,5to6,0,0,0.006247353402520993,False
2523,2524,OADMET-0002833,4.885,train,4to5,1,0,0.004968856455901005,False
2524,2525,OADMET-0002832,5.38,train,5to6,2,0,0.0781329155092602,False
2525,2526,OADMET-0002831,4.04,train,4to5,1,0,0.0001872049450765518,False
2526,2527,OADMET-0002830,5.4,train,5to6,2,0,0.08410795309359588,False
2527,2528,OADMET-0002829,5.64,train,5to6,0,0,0.0027560972775253377,False
2528,2529,OADMET-0002828,3.73,train,3to4,0,0,0.0008211538833482451,False
2529,2530,OADMET-0002827,5.91,train,5to6,2,0,0.015466407763708901,False
2530,2531,OADMET-0002825,6.225,train,gte6,0,1,0.002293733973845739,False
2531,2532,OADMET-0002824,6.52,train,gte6,4,1,0.1340859341558706,False
2532,2533,OADMET-0002823,5.39,train,5to6,3,0,0.0014910622511824009,False
2533,2534,OADMET-0002822,5.47,train,5to6,2,0,0.001463481542920915,False
2534,2535,OADMET-0002821,5.52,train,5to6,3,0,0.05871549415190533,False
2535,2536,OADMET-0002820,5.73,train,5to6,3,0,0.006587520838259014,False
2536,2537,OADMET-0002819,6.345000000000001,train,gte6,4,1,0.06930416416182157,False
2537,2538,OADMET-0002818,5.74,train,5to6,0,0,0.06936291725405347,False
2538,2539,OADMET-0002817,5.3,train,5to6,4,0,0.0018434057915098626,False
2539,2540,OADMET-0002816,5.51,train,5to6,4,0,0.0004668628156665489,False
2540,2541,OADMET-0002815,5.72,train,5to6,3,0,0.0013456452863999779,False
2541,2542,OADMET-0002814,5.28,train,5to6,3,0,0.015155584481937729,False
2542,2543,OADMET-0002813,5.02,train,5to6,0,0,0.003502886847722768,False
2543,2544,OADMET-0002812,5.0,train,4to5,4,0,0.0010799655828087036,False
2544,2545,OADMET-0002811,5.03,train,5to6,0,0,0.005917513879480932,False
2545,2546,OADMET-0002810,5.949999999999999,train,5to6,4,0,0.10707743439206134,False
2546,2547,OADMET-0002809,5.74,train,5to6,1,0,0.11860470877000387,False
2547,2548,OADMET-0002808,5.19,train,5to6,3,0,0.002288440066722265,False
2548,2549,OADMET-0002807,5.775,train,5to6,0,0,0.002029655634337915,False
2549,2550,OADMET-0002806,3.26,train,3to4,4,0,0.00039573218530254527,False
2550,2551,OADMET-0002805,4.91,train,4to5,3,0,0.0002806021031020771,False
2551,2552,OADMET-0002804,4.95,train,4to5,2,0,0.0016746688668231391,False
2552,2553,OADMET-0002803,5.22,train,5to6,3,0,0.0030706494706794663,False
2553,2554,OADMET-0002802,5.55,train,5to6,0,0,0.0043106384081119655,False
2554,2555,OADMET-0002801,5.84,train,5to6,4,0,0.0015615082631927066,False
2555,2556,OADMET-0002800,5.09,train,5to6,3,0,0.033884607288699596,False
2556,2557,OADMET-0002799,3.4,train,3to4,4,0,0.0004055555809660466,False
2557,2558,OADMET-0002798,5.21,train,5to6,0,0,0.0010583881177744876,False
2558,2559,OADMET-0002797,5.84,train,5to6,1,0,0.00633060148524788,False
2559,2560,OADMET-0002796,5.0,train,4to5,3,0,0.0002802567293959689,False
2560,2561,OADMET-0002795,5.029999999999999,train,5to6,4,0,9.108710448905858e-05,False
2561,2562,OADMET-0002794,5.64,train,5to6,0,0,0.0017655002676647007,False
2562,2563,OADMET-0002793,4.96,train,4to5,3,0,0.002813423890497098,False
2563,2564,OADMET-0002792,5.39,train,5to6,4,0,0.002271078902729987,False
2564,2565,OADMET-0002791,6.125,train,gte6,4,1,0.02091608546934014,False
2565,2566,OADMET-0002790,4.93,train,4to5,4,0,0.0021914003527761915,False
2566,2567,OADMET-0002789,5.46,train,5to6,2,0,0.0005530547480401158,False
2567,2568,OADMET-0002788,5.3,train,5to6,3,0,0.0002496023830070898,False
2568,2569,OADMET-0002787,5.7,train,5to6,4,0,0.008969012011749695,False
2569,2570,OADMET-0002786,6.14,train,gte6,4,1,0.0002958192166308497,False
2570,2571,OADMET-0002785,5.41,train,5to6,2,0,0.00047214142473966616,False
2571,2572,OADMET-0002784,5.35,train,5to6,1,0,0.00022680815557065873,False
2572,2573,OADMET-0002783,5.69,train,5to6,2,0,0.008279527365072767,False
2573,2574,OADMET-0002782,5.41,train,5to6,4,0,0.01398814299645759,False
2574,2575,OADMET-0002781,5.5,train,5to6,3,0,0.00012918603531788785,False
2575,2576,OADMET-0002780,5.925000000000001,train,5to6,3,0,0.010359490592328997,False
2576,2577,OADMET-0002779,5.3,train,5to6,1,0,0.018257333946553374,False
2577,2578,OADMET-0002778,5.04,train,5to6,0,0,0.007010011785950555,False
2578,2579,OADMET-0002777,5.03,train,5to6,3,0,0.01076844010026144,False
2579,2580,OADMET-0002776,5.22,train,5to6,2,0,0.0012066834051432372,False
2580,2581,OADMET-0002775,5.23,train,5to6,1,0,0.0035824454706026676,False
2581,2582,OADMET-0002774,5.07,train,5to6,3,0,0.0007275084881715075,False
2582,2583,OADMET-0002773,5.91,train,5to6,2,0,0.016579500319125272,False
2583,2584,OADMET-0002772,5.215,train,5to6,1,0,0.003044307129137643,False
2584,2585,OADMET-0002771,1.8,train,lt3,1,0,0.001064701193769738,False
2585,2586,OADMET-0002769,5.22,train,5to6,1,0,0.004450735230735315,False
2586,2587,OADMET-0002768,5.25,train,5to6,4,0,0.0005679457491759215,False
2587,2588,OADMET-0002767,6.27,train,gte6,1,1,0.0026559230891351183,False
2588,2589,OADMET-0002766,5.904999999999999,train,5to6,1,0,0.009933079392624132,False
2589,2590,OADMET-0002765,3.1,train,3to4,0,0,0.001464300116159284,False
2590,2591,OADMET-0002764,4.79,train,4to5,3,0,0.00036085540741256927,False
2591,2592,OADMET-0002763,5.31,train,5to6,2,0,0.00024051409271302548,False
2592,2593,OADMET-0002762,5.6,train,5to6,4,0,0.0064705125802724415,False
2593,2594,OADMET-0002761,5.41,train,5to6,1,0,0.0002735672845873392,False
2594,2595,OADMET-0002760,6.32,train,gte6,4,1,0.057037187149170755,False
2595,2596,OADMET-0002759,4.74,train,4to5,0,0,0.0002611163131686104,False
2596,2597,OADMET-0002758,5.795,train,5to6,0,0,0.0003714349176865384,False
2597,2598,OADMET-0002757,4.77,train,4to5,1,0,0.00858875978716003,False
2598,2599,OADMET-0002756,4.87,train,4to5,3,0,0.0006107672482615045,False
2599,2600,OADMET-0002755,5.38,train,5to6,1,0,0.0008183422114486947,False
2600,2601,OADMET-0002754,5.6,train,5to6,0,0,0.008091726941151695,False
2601,2602,OADMET-0002753,6.15,train,gte6,1,1,0.000610789923806133,False
2602,2603,OADMET-0002752,4.95,train,4to5,2,0,0.0012781771828521496,False
2603,2604,OADMET-0002751,5.13,train,5to6,2,0,0.0025814581237162686,False
2604,2605,OADMET-0002750,3.43,train,3to4,4,0,0.00015466574590615318,False
2605,2606,OADMET-0002749,1.9,train,lt3,2,0,0.0008908106522201526,False
2606,2607,OADMET-0002748,1.79,train,lt3,4,0,0.00016512735095398781,False
2607,2608,OADMET-0002747,5.87,train,5to6,4,0,0.00035732019907425486,False
2608,2609,OADMET-0002746,4.78,train,4to5,1,0,0.0003602818760927649,False
2609,2610,OADMET-0002745,1.76,train,lt3,1,0,0.0002974925105144633,False
2610,2611,OADMET-0002744,5.34,train,5to6,1,0,0.0065020206278356306,False
2611,2612,OADMET-0002743,1.83,train,lt3,0,0,0.0005066252003742684,False
2612,2613,OADMET-0002742,1.82,train,lt3,3,0,0.012547566587343541,False
2613,2614,OADMET-0002740,5.67,train,5to6,0,0,0.0025268518464942346,False
2614,2615,OADMET-0002739,5.33,train,5to6,4,0,0.002688397035387065,False
2615,2616,OADMET-0002738,5.34,train,5to6,4,0,0.0004598086262726838,False
2616,2617,OADMET-0002736,4.91,train,4to5,3,0,0.0005445516122365698,False
2617,2618,OADMET-0002735,5.455,train,5to6,2,0,0.0007721346569395385,False
2618,2619,OADMET-0002734,1.81,train,lt3,1,0,0.001139418197740858,False
2619,2620,OADMET-0002733,5.76,train,5to6,0,0,0.07061793644306798,False
2620,2621,OADMET-0002732,5.66,train,5to6,4,0,0.004158531020989493,False
2621,2622,OADMET-0002731,5.61,train,5to6,2,0,0.05492123056494333,False
2622,2623,OADMET-0002730,5.58,train,5to6,4,0,0.0007761588656353633,False
2623,2624,OADMET-0002729,5.175,train,5to6,1,0,0.010527041981107656,False
2624,2625,OADMET-0002728,5.65,train,5to6,2,0,0.0007005586916777841,False
2625,2626,OADMET-0002727,5.71,train,5to6,1,0,0.0011405085425413332,False
2626,2627,OADMET-0002726,5.01,train,5to6,1,0,0.08333852195465036,False
2627,2628,OADMET-0002725,5.35,train,5to6,2,0,0.0006822398980590092,False
2628,2629,OADMET-0002724,2.6,train,lt3,3,0,0.0003105246491614652,False
2629,2630,OADMET-0002723,2.89,train,lt3,4,0,0.00045390221581448646,False
2630,2631,OADMET-0002722,5.47,train,5to6,3,0,0.00024563163739594576,False
2631,2632,OADMET-0002721,4.97,train,4to5,3,0,0.00044086238540427363,False
2632,2633,OADMET-0002720,5.46,train,5to6,1,0,0.0013487515065754344,False
2633,2634,OADMET-0002719,2.53,train,lt3,2,0,0.00012806582724729534,False
2634,2635,OADMET-0002718,6.115,train,gte6,3,1,0.0011092709471169783,False
2635,2636,OADMET-0002717,5.54,train,5to6,3,0,0.0031736024572076756,False
2636,2637,OADMET-0002716,4.79,train,4to5,0,0,0.004156311773336054,False
2637,2638,OADMET-0002715,5.83,train,5to6,4,0,0.010533015071854172,False
2638,2639,OADMET-0002714,5.82,train,5to6,4,0,0.005177238808315308,False
2639,2640,OADMET-0002713,5.44,train,5to6,3,0,0.0008859752953562159,False
2640,2641,OADMET-0002712,5.29,train,5to6,0,0,0.02203994547418459,False
2641,2642,OADMET-0002710,2.78,train,lt3,1,0,0.00029934437137025464,False
2642,2643,OADMET-0002709,5.49,train,5to6,1,0,0.07547662705933576,False
2643,2644,OADMET-0002708,1.84,train,lt3,1,0,0.00022415591527746138,False
2644,2645,OADMET-0002707,5.56,train,5to6,2,0,0.0004816006802705336,False
2645,2646,OADMET-0002706,4.94,train,4to5,1,0,0.0006870714002792129,False
2646,2647,OADMET-0002705,3.56,train,3to4,4,0,0.002225059925689254,False
2647,2648,OADMET-0002704,5.6,train,5to6,2,0,0.0002538505480559057,False
2648,2649,OADMET-0002703,5.16,train,5to6,1,0,0.0014939350055850197,False
2649,2650,OADMET-0002702,5.24,train,5to6,4,0,0.0015904382323179789,False
2650,2651,OADMET-0002701,5.365,train,5to6,2,0,0.00022166005974479843,False
2651,2652,OADMET-0002700,5.64,train,5to6,0,0,0.07569531633611595,False
2652,2653,OADMET-0002699,5.22,train,5to6,1,0,0.0010716828271085052,False
2653,2654,OADMET-0002698,5.7,train,5to6,1,0,0.006367350104800897,False
2654,2655,OADMET-0002697,5.36,train,5to6,2,0,0.0006273900805544088,False
2655,2656,OADMET-0002696,5.85,train,5to6,4,0,0.004175889870790988,False
2656,2657,OADMET-0002695,2.69,train,lt3,4,0,0.00041731402501187333,False
2657,2658,OADMET-0002694,1.91,train,lt3,3,0,0.03919508126691932,False
2658,2659,OADMET-0002693,5.06,train,5to6,0,0,0.0015441340140122124,False
2659,2660,OADMET-0002692,4.67,train,4to5,3,0,0.052103794254812645,False
2660,2661,OADMET-0002691,5.35,train,5to6,2,0,0.0007545799817815292,False
2661,2662,OADMET-0002690,5.27,train,5to6,2,0,0.02507706514235179,False
2662,2663,OADMET-0002689,4.07,train,4to5,4,0,0.00013615326458917777,False
2663,2664,OADMET-0002688,4.65,train,4to5,0,0,0.003615913427065394,False
2664,2665,OADMET-0002687,5.12,train,5to6,4,0,0.03508384339505906,False
2665,2666,OADMET-0002686,5.44,train,5to6,2,0,0.0009831644326637593,False
2666,2667,OADMET-0002685,5.98,train,5to6,2,0,0.026709267469861325,False
2667,2668,OADMET-0002684,3.2,train,3to4,2,0,0.00018063959803744605,False
2668,2669,OADMET-0002683,6.07,train,gte6,2,1,0.025377344053623175,False
2669,2670,OADMET-0002682,2.42,train,lt3,0,0,0.0005626106652007443,False
2670,2671,OADMET-0002681,5.33,train,5to6,1,0,0.0001918882487813524,False
2671,2672,OADMET-0002680,5.4,train,5to6,1,0,0.012748113643264412,False
2672,2673,OADMET-0002679,5.27,train,5to6,2,0,0.03351740656221894,False
2673,2674,OADMET-0002678,5.53,train,5to6,1,0,0.11762671209748027,False
2674,2675,OADMET-0002677,5.28,train,5to6,3,0,0.0007612449288508237,False
2675,2676,OADMET-0002676,5.57,train,5to6,1,0,0.03391548326395786,False
2676,2677,OADMET-0002675,5.8100000000000005,train,5to6,4,0,0.0017350119607741285,False
2677,2678,OADMET-0002674,5.28,train,5to6,3,0,0.004802063536649902,False
2678,2679,OADMET-0002673,4.81,train,4to5,1,0,0.01106357403385566,False
2679,2680,OADMET-0002672,1.72,train,lt3,2,0,0.00017824468335223828,False
2680,2681,OADMET-0002671,5.3,train,5to6,0,0,0.010493396257921186,False
2681,2682,OADMET-0002670,5.18,train,5to6,0,0,0.00039123645634532654,False
2682,2683,OADMET-0002669,3.36,train,3to4,4,0,0.0006797049612449,False
2683,2684,OADMET-0002668,5.03,train,5to6,0,0,0.002677024309208037,False
2684,2685,OADMET-0002667,1.8,train,lt3,0,0,0.000906294904149668,False
2685,2686,OADMET-0002666,6.325,train,gte6,4,1,0.08667468761904665,False
2686,2687,OADMET-0002665,5.42,train,5to6,1,0,0.0005333634317915384,False
2687,2688,OADMET-0002664,5.08,train,5to6,0,0,0.015569193233210748,False
2688,2689,OADMET-0002663,5.08,train,5to6,0,0,0.0014539901411484625,False
2689,2690,OADMET-0002662,5.87,train,5to6,2,0,0.0002461994191277847,False
2690,2691,OADMET-0002661,5.28,train,5to6,1,0,0.0015839989258370694,False
2691,2692,OADMET-0002660,1.8,train,lt3,3,0,0.0003022086251662242,False
2692,2693,OADMET-0002659,5.87,train,5to6,3,0,0.026809177678729014,False
2693,2694,OADMET-0002658,5.41,train,5to6,4,0,0.000354536446929436,False
2694,2695,OADMET-0002657,5.76,train,5to6,3,0,0.011311179730087509,False
2695,2696,OADMET-0002656,5.65,train,5to6,4,0,0.005389701180482732,False
2696,2697,OADMET-0002655,5.13,train,5to6,3,0,0.0004946932335477696,False
2697,2698,OADMET-0002654,4.73,train,4to5,4,0,0.08742781807021939,False
2698,2699,OADMET-0002653,5.44,train,5to6,1,0,0.0035901309009304114,False
2699,2700,OADMET-0002652,1.71,train,lt3,0,0,0.0008351713565177542,False
2700,2701,OADMET-0002651,5.57,train,5to6,3,0,0.0008258199474863958,False
2701,2702,OADMET-0002650,1.75,train,lt3,1,0,0.0022839011344758034,False
2702,2703,OADMET-0002649,1.79,train,lt3,2,0,0.00020558208382740972,False
2703,2704,OADMET-0002648,4.69,train,4to5,4,0,0.00018783882974185328,False
2704,2705,OADMET-0002647,1.73,train,lt3,2,0,0.00010104569736248202,False
2705,2706,OADMET-0002646,4.78,train,4to5,0,0,0.004995351874214307,False
2706,2707,OADMET-0002645,5.67,train,5to6,1,0,0.025954802380548786,False
2707,2708,OADMET-0002644,2.0,train,lt3,2,0,0.00014762802295179513,False
2708,2709,OADMET-0002643,5.98,train,5to6,4,0,0.0004679728952524832,False
2709,2710,OADMET-0002642,5.48,train,5to6,4,0,0.004956356017542248,False
2710,2711,OADMET-0002641,2.06,train,lt3,0,0,0.0008300218605647565,False
2711,2712,OADMET-0002640,5.12,train,5to6,1,0,0.005211899186756382,False
2712,2713,OADMET-0002639,3.52,train,3to4,4,0,0.007763035182317221,False
2713,2714,OADMET-0002638,5.26,train,5to6,0,0,0.3494619949523897,False
2714,2715,OADMET-0002637,5.31,train,5to6,3,0,0.0229292846663738,False
2715,2716,OADMET-0002636,5.19,train,5to6,2,0,0.00904978848314706,False
2716,2717,OADMET-0002635,5.45,train,5to6,0,0,0.000984743576175369,False
2717,2718,OADMET-0002634,4.7,train,4to5,3,0,0.005740751441294061,False
2718,2719,OADMET-0002633,6.045,train,gte6,0,1,0.17264443756040454,False
2719,2720,OADMET-0002632,5.79,train,5to6,4,0,0.0009962271984144835,False
2720,2721,OADMET-0002631,5.77,train,5to6,4,0,0.0007309989599655209,False
2721,2722,OADMET-0002630,4.705,train,4to5,2,0,0.0003117795918845962,False
2722,2723,OADMET-0002629,4.95,train,4to5,1,0,0.000848585228633011,False
2723,2724,OADMET-0002628,6.11,train,gte6,0,1,0.0007029193553815372,False
2724,2725,OADMET-0002627,5.29,train,5to6,4,0,0.031560599123104625,False
2725,2726,OADMET-0002626,5.19,train,5to6,0,0,0.0040339012726655415,False
2726,2727,OADMET-0002625,5.3,train,5to6,2,0,0.0006108779608488745,False
2727,2728,OADMET-0002624,1.74,train,lt3,4,0,0.00021099986208386574,False
2728,2729,OADMET-0002623,5.28,train,5to6,1,0,0.0010426678865515977,False
2729,2730,OADMET-0002622,5.52,train,5to6,1,0,0.001674210162651645,False
2730,2731,OADMET-0002621,5.15,train,5to6,4,0,0.0018313335066571035,False
2731,2732,OADMET-0002620,5.42,train,5to6,2,0,0.026137651286670643,False
2732,2733,OADMET-0002619,5.91,train,5to6,1,0,0.0054346382083179726,False
2733,2734,OADMET-0002618,4.87,train,4to5,1,0,0.007853057804944162,False
2734,2735,OADMET-0002617,5.67,train,5to6,4,0,0.00040295474348063607,False
2735,2736,OADMET-0002616,5.88,train,5to6,4,0,0.0021381614312397735,False
2736,2737,OADMET-0002615,5.33,train,5to6,4,0,0.07157364254087892,False
2737,2738,OADMET-0002614,5.5,train,5to6,2,0,0.015239632301817742,False
2738,2739,OADMET-0002613,5.29,train,5to6,1,0,0.0016277898574198321,False
2739,2740,OADMET-0002612,4.85,train,4to5,2,0,0.00028457705586856346,False
2740,2741,OADMET-0002611,5.27,train,5to6,1,0,0.000762113198505994,False
2741,2742,OADMET-0002610,4.6850000000000005,train,4to5,1,0,0.0013973454601043335,False
2742,2743,OADMET-0002609,4.67,train,4to5,0,0,0.007021113249969679,False
2743,2744,OADMET-0002608,4.76,train,4to5,0,0,0.0004167693954964335,False
2744,2745,OADMET-0002607,5.08,train,5to6,4,0,0.00012183150231017703,False
2745,2746,OADMET-0002606,5.33,train,5to6,0,0,0.0013298948601372135,False
2746,2747,OADMET-0002605,5.6,train,5to6,4,0,0.05628216285029686,False
2747,2748,OADMET-0002604,5.81,train,5to6,4,0,0.1613179062314012,False
2748,2749,OADMET-0002603,6.855,train,gte6,4,1,0.01672202754206804,False
2749,2750,OADMET-0002602,5.62,train,5to6,1,0,0.005052214371987368,False
2750,2751,OADMET-0002601,5.915,train,5to6,2,0,0.0027625967064874844,False
2751,2752,OADMET-0002600,5.28,train,5to6,2,0,0.0010871895164026343,False
2752,2753,OADMET-0002599,5.63,train,5to6,4,0,0.002421887381885679,False
2753,2754,OADMET-0002598,5.4,train,5to6,0,0,0.01942781587150737,False
2754,2755,OADMET-0002597,5.09,train,5to6,0,0,0.00036857191376329695,False
2755,2756,OADMET-0002596,5.47,train,5to6,0,0,0.005164510521407522,False
2756,2757,OADMET-0002595,2.69,train,lt3,3,0,0.0003573543165262044,False
2757,2758,OADMET-0002594,4.175,train,4to5,1,0,0.00022089213387987175,False
2758,2759,OADMET-0002593,4.609999999999999,train,4to5,0,0,0.000928636752535518,False
2759,2760,OADMET-0002592,5.68,train,5to6,2,0,0.00024614664629171094,False
2760,2761,OADMET-0002591,5.23,train,5to6,4,0,0.0010057853315510806,False
2761,2762,OADMET-0002590,5.12,train,5to6,2,0,0.0008435187560985426,False
2762,2763,OADMET-0002589,5.2,train,5to6,1,0,0.00028445495275363663,False
2763,2764,OADMET-0002588,5.41,train,5to6,1,0,0.004876427706182332,False
2764,2765,OADMET-0002587,5.02,train,5to6,0,0,0.15668816483366949,False
2765,2766,OADMET-0002586,5.62,train,5to6,4,0,0.010715002278450791,False
2766,2767,OADMET-0002585,5.35,train,5to6,2,0,0.0019786298628858253,False
2767,2768,OADMET-0002584,5.62,train,5to6,0,0,0.013912408849874627,False
2768,2769,OADMET-0002583,5.91,train,5to6,0,0,0.009757518478310273,False
2769,2770,OADMET-0002582,1.75,train,lt3,3,0,0.00032009806893108013,False
2770,2771,OADMET-0002581,5.29,train,5to6,3,0,0.0002035180027809948,False
2771,2772,OADMET-0002580,5.6,train,5to6,4,0,0.0011771179765314535,False
2772,2773,OADMET-0002579,5.15,train,5to6,1,0,0.000142757786574419,False
2773,2774,OADMET-0002578,4.65,train,4to5,4,0,0.00017015724435960432,False
2774,2775,OADMET-0002577,5.03,train,5to6,2,0,0.14669218105721077,False
2775,2776,OADMET-0002576,5.38,train,5to6,3,0,0.004616938552225844,False
2776,2777,OADMET-0002575,6.16,train,gte6,1,1,0.0026270938019517113,False
2777,2778,OADMET-0002574,4.79,train,4to5,0,0,0.0035627927200404604,False
2778,2779,OADMET-0002573,5.41,train,5to6,1,0,0.0007972351262009661,False
2779,2780,OADMET-0002572,5.58,train,5to6,4,0,0.20845171139133192,False
2780,2781,OADMET-0002571,6.0600000000000005,train,gte6,3,1,0.00030163985333979876,False
2781,2782,OADMET-0002570,5.14,train,5to6,0,0,0.3246086360479287,False
2782,2783,OADMET-0002569,5.58,train,5to6,2,0,0.007739709450404713,False
2783,2784,OADMET-0002568,5.53,train,5to6,0,0,0.294173392368401,False
2784,2785,OADMET-0002567,5.93,train,5to6,2,0,0.27541342994792445,False
2785,2786,OADMET-0002566,5.61,train,5to6,2,0,0.00039429623082636565,False
2786,2787,OADMET-0002565,5.55,train,5to6,1,0,0.002563076905622736,False
2787,2788,OADMET-0002564,5.52,train,5to6,1,0,0.0007151590960521888,False
2788,2789,OADMET-0002563,5.36,train,5to6,1,0,0.010051544369686867,False
2789,2790,OADMET-0002562,4.94,train,4to5,1,0,0.0178844268442273,False
2790,2791,OADMET-0002561,5.32,train,5to6,4,0,0.0007139758867619128,False
2791,2792,OADMET-0002560,5.4,train,5to6,2,0,0.0021747879687414448,False
2792,2793,OADMET-0002559,6.140000000000001,train,gte6,2,1,0.03670660324163173,False
2793,2794,OADMET-0002558,4.57,train,4to5,1,0,0.0005892655553091175,False
2794,2795,OADMET-0002557,5.13,train,5to6,4,0,0.003024050397747449,False
2795,2796,OADMET-0002556,5.6,train,5to6,4,0,0.0006840761118806892,False
2796,2797,OADMET-0002555,5.03,train,5to6,4,0,0.00018147496071772845,False
2797,2798,OADMET-0002554,5.08,train,5to6,0,0,0.2184462813750134,False
2798,2799,OADMET-0002553,5.89,train,5to6,4,0,0.003641633763169971,False
2799,2800,OADMET-0002552,5.52,train,5to6,1,0,0.0010729955077033828,False
2800,2801,OADMET-0002551,5.44,train,5to6,1,0,0.00360682315123819,False
2801,2802,OADMET-0002550,5.11,train,5to6,4,0,0.28277989105266516,False
2802,2803,OADMET-0002549,5.63,train,5to6,1,0,0.0004618662326681604,False
2803,2804,OADMET-0002547,5.16,train,5to6,0,0,0.0007373318713180618,False
2804,2805,OADMET-0002546,5.36,train,5to6,4,0,0.0030603269663012807,False
2805,2806,OADMET-0002545,4.96,train,4to5,4,0,0.0011841715316785147,False
2806,2807,OADMET-0002544,3.45,train,3to4,1,0,0.00030377245131909793,False
2807,2808,OADMET-0002543,5.14,train,5to6,0,0,0.0005799172644432449,False
2808,2809,OADMET-0002542,5.54,train,5to6,4,0,0.006936300451139306,False
2809,2810,OADMET-0002541,6.195,train,gte6,4,1,0.38484651281776144,False
2810,2811,OADMET-0002539,6.050000000000001,train,gte6,2,1,0.005312384298931264,False
2811,2812,OADMET-0002538,5.835,train,5to6,1,0,0.0032595195111084353,False
2812,2813,OADMET-0002537,5.45,train,5to6,0,0,0.023814519687730292,False
2813,2814,OADMET-0002338,6.12,train,gte6,1,1,0.001222501652617717,False
2814,2815,OADMET-0002337,6.87,train,gte6,1,1,0.011271285908481815,False
2815,2816,OADMET-0002333,2.17,train,lt3,3,0,0.0002973309954005485,False
2816,2817,OADMET-0002332,3.95,train,3to4,3,0,0.0006174668904171759,False
2817,2818,OADMET-0002331,3.77,train,3to4,3,0,0.00015085677222988214,False
2818,2819,OADMET-0002330,3.9,train,3to4,3,0,0.0002007732754769538,False
2819,2820,OADMET-0002329,1.87,train,lt3,2,0,0.00025430793789170836,False
2820,2821,OADMET-0002328,3.31,train,3to4,3,0,0.0001551992770395455,False
2821,2822,OADMET-0002327,2.65,train,lt3,0,0,0.00011822151045034743,False
2822,2823,OADMET-0002326,1.86,train,lt3,3,0,0.00012023426153696003,False
2823,2824,OADMET-0002325,2.96,train,lt3,1,0,0.0002375077999362384,False
2824,2825,OADMET-0002324,3.58,train,3to4,3,0,0.0004071776007401494,False
2825,2826,OADMET-0002323,1.96,train,lt3,0,0,0.00020987254772457164,False
2826,2827,OADMET-0002322,2.83,train,lt3,3,0,0.0005075676490130494,False
2827,2828,OADMET-0002321,2.54,train,lt3,2,0,0.00019828704923367183,False
2828,2829,OADMET-0002320,1.88,train,lt3,3,0,0.00025692711914511847,False
2829,2830,OADMET-0002319,3.0,train,lt3,2,0,0.00014843856884249018,False
2830,2831,OADMET-0002318,2.88,train,lt3,1,0,0.000195450714748008,False
2831,2832,OADMET-0002317,1.92,train,lt3,3,0,0.00020031010995474413,False
2832,2833,OADMET-0002316,2.11,train,lt3,2,0,0.0007765434177585142,False
2833,2834,OADMET-0002315,2.64,train,lt3,1,0,0.00018260059599630368,False
2834,2835,OADMET-0002314,2.63,train,lt3,1,0,0.0002013192557296477,False
2835,2836,OADMET-0002313,2.02,train,lt3,1,0,0.00013386585604389847,False
2836,2837,OADMET-0002312,2.47,train,lt3,1,0,0.0001250839644617303,False
2837,2838,OADMET-0002311,2.95,train,lt3,2,0,0.00015651358280712967,False
2838,2839,OADMET-0002310,1.97,train,lt3,2,0,0.00016960304007504706,False
2839,2840,OADMET-0002309,2.87,train,lt3,1,0,0.0001134697495378199,False
2840,2841,OADMET-0002308,2.32,train,lt3,2,0,0.000190423628386137,False
2841,2842,OADMET-0002307,2.89,train,lt3,3,0,0.0004086153311052289,False
2842,2843,OADMET-0002306,2.89,train,lt3,2,0,0.00047791116831316936,False
2843,2844,OADMET-0002305,2.18,train,lt3,3,0,0.00018603573312556932,False
2844,2845,OADMET-0002304,2.2,train,lt3,2,0,0.00045973617742769946,False
2845,2846,OADMET-0002303,2.76,train,lt3,1,0,0.00019089738659144298,False
2846,2847,OADMET-0002302,2.82,train,lt3,1,0,0.00015588645192555022,False
2847,2848,OADMET-0002301,2.91,train,lt3,2,0,0.000330327312706552,False
2848,2849,OADMET-0002300,2.1,train,lt3,1,0,0.00018661830627291393,False
2849,2850,OADMET-0002299,3.05,train,3to4,3,0,0.0006183125115777958,False
2850,2851,OADMET-0002298,2.13,train,lt3,1,0,0.00021526371679163393,False
2851,2852,OADMET-0002297,2.2,train,lt3,1,0,0.00020226747081877278,False
2852,2853,OADMET-0002296,2.01,train,lt3,4,0,0.00019301911069180352,False
2853,2854,OADMET-0002295,2.09,train,lt3,3,0,0.0007038192253273674,False
2854,2855,OADMET-0002294,2.06,train,lt3,3,0,0.0014549146232023555,False
2855,2856,OADMET-0002293,2.22,train,lt3,3,0,0.0017279330072292878,False
2856,2857,OADMET-0002292,1.92,train,lt3,2,0,0.00020867952259775947,False
2857,2858,OADMET-0002291,4.27,train,4to5,4,0,0.0003524885842172631,False
2858,2859,OADMET-0002290,2.12,train,lt3,3,0,0.0003322443701678988,False
2859,2860,OADMET-0002289,2.97,train,lt3,1,0,0.00021117627827102876,False
2860,2861,OADMET-0002288,2.96,train,lt3,0,0,0.00019046433588658276,False
2861,2862,OADMET-0002287,2.76,train,lt3,1,0,0.00015994997371208828,False
2862,2863,OADMET-0002286,2.55,train,lt3,1,0,0.00021447664375304795,False
2863,2864,OADMET-0002285,2.21,train,lt3,1,0,0.00024641448775136564,False
2864,2865,OADMET-0002284,3.5,train,3to4,2,0,0.0005500986452090717,False
2865,2866,OADMET-0002283,3.52,train,3to4,2,0,0.00020909037181591377,False
2866,2867,OADMET-0002282,2.73,train,lt3,2,0,0.00010775203512734814,False
2867,2868,OADMET-0002281,3.65,train,3to4,4,0,0.00025648345805419354,False
2868,2869,OADMET-0002280,1.96,train,lt3,2,0,0.00015700168371474103,False
2869,2870,OADMET-0002279,1.97,train,lt3,2,0,0.00019539699080552898,False
2870,2871,OADMET-0002278,2.91,train,lt3,4,0,0.00014873504062536138,False
2871,2872,OADMET-0002277,2.26,train,lt3,1,0,0.00017966912850479334,False
2872,2873,OADMET-0002276,2.88,train,lt3,2,0,0.0002292676289812505,False
2873,2874,OADMET-0002275,2.96,train,lt3,1,0,0.00015732750847458242,False
2874,2875,OADMET-0002274,1.85,train,lt3,3,0,0.00018383268031769433,False
2875,2876,OADMET-0002273,2.48,train,lt3,1,0,0.0001522009437777189,False
2876,2877,OADMET-0002272,3.13,train,3to4,2,0,0.00012689874650772482,False
2877,2878,OADMET-0002271,3.02,train,3to4,1,0,0.00011048203308017348,False
2878,2879,OADMET-0002270,2.11,train,lt3,2,0,0.00022178649749897227,False
2879,2880,OADMET-0002269,2.35,train,lt3,2,0,0.00017251329099339448,False
2880,2881,OADMET-0002268,2.5,train,lt3,2,0,0.0019440144408808058,False
2881,2882,OADMET-0002267,3.37,train,3to4,3,0,0.00023340199478598842,False
2882,2883,OADMET-0002266,3.88,train,3to4,3,0,0.0005554816439270867,False
2883,2884,OADMET-0002265,2.94,train,lt3,3,0,0.0001961110241336375,False
2884,2885,OADMET-0002264,2.02,train,lt3,3,0,0.0002807681986699204,False
2885,2886,OADMET-0002263,1.82,train,lt3,2,0,0.0007902954335374906,False
2886,2887,OADMET-0002262,1.97,train,lt3,2,0,0.00018184464830326203,False
2887,2888,OADMET-0002261,3.38,train,3to4,2,0,0.0005745457160072389,False
2888,2889,OADMET-0002260,2.01,train,lt3,1,0,0.00011721695135150979,False
2889,2890,OADMET-0002259,4.01,train,4to5,3,0,0.00022441549025758797,False
2890,2891,OADMET-0002258,2.66,train,lt3,2,0,0.00014944011813551526,False
2891,2892,OADMET-0002257,3.23,train,3to4,1,0,0.00017133895774421794,False
2892,2893,OADMET-0002256,3.03,train,3to4,2,0,0.00041571835750168535,False
2893,2894,OADMET-0002255,2.17,train,lt3,2,0,0.0026127760184065435,False
2894,2895,OADMET-0002254,2.45,train,lt3,2,0,0.0009385504608349879,False
2895,2896,OADMET-0002253,3.05,train,3to4,3,0,0.00025770421223818713,False
2896,2897,OADMET-0002252,2.04,train,lt3,1,0,0.00016586858330079181,False
2897,2898,OADMET-0002251,2.57,train,lt3,2,0,0.0005341145076477519,False
2898,2899,OADMET-0002250,4.14,train,4to5,1,0,0.00023815652781637535,False
2899,2900,OADMET-0002249,3.05,train,3to4,4,0,0.0003540348168874425,False
2900,2901,OADMET-0002248,2.45,train,lt3,2,0,0.0003576510939874734,False
2901,2902,OADMET-0002247,2.55,train,lt3,3,0,0.0003583419244664248,False
2902,2903,OADMET-0002246,1.92,train,lt3,2,0,0.00015948541574561695,False
2903,2904,OADMET-0002245,2.64,train,lt3,4,0,0.00020998456388994955,False
2904,2905,OADMET-0002244,2.05,train,lt3,2,0,0.000680417828735775,False
2905,2906,OADMET-0002243,3.18,train,3to4,2,0,0.00034937720902816034,False
2906,2907,OADMET-0002242,2.01,train,lt3,2,0,0.00018727077195170494,False
2907,2908,OADMET-0002241,2.75,train,lt3,2,0,0.0004553801940132566,False
2908,2909,OADMET-0002240,3.05,train,3to4,2,0,0.00010253656440149059,False
2909,2910,OADMET-0002239,2.07,train,lt3,1,0,0.00015921662736937924,False
2910,2911,OADMET-0002238,2.19,train,lt3,2,0,0.00029053310959917196,False
2911,2912,OADMET-0002237,3.72,train,3to4,2,0,0.00026802549975327573,False
2912,2913,OADMET-0002236,2.92,train,lt3,2,0,0.0001445623188092936,False
2913,2914,OADMET-0002235,2.88,train,lt3,0,0,0.000259116327978901,False
2914,2915,OADMET-0002234,3.75,train,3to4,2,0,0.002220500045659867,False
2915,2916,OADMET-0002233,1.88,train,lt3,2,0,0.00021754451721022795,False
2916,2917,OADMET-0002232,2.69,train,lt3,2,0,0.00027109618402857864,False
2917,2918,OADMET-0002231,3.7,train,3to4,2,0,0.00030991521379557886,False
2918,2919,OADMET-0002230,2.49,train,lt3,2,0,0.0002800151448840487,False
2919,2920,OADMET-0002229,2.61,train,lt3,2,0,0.00023719353899575622,False
2920,2921,OADMET-0002228,3.04,train,3to4,2,0,0.0004172396239657095,False
2921,2922,OADMET-0002227,2.87,train,lt3,1,0,0.00010597789867998109,False
2922,2923,OADMET-0002226,2.02,train,lt3,3,0,0.00013903199019088197,False
2923,2924,OADMET-0002225,3.54,train,3to4,2,0,0.0007189302222540566,False
2924,2925,OADMET-0002224,3.24,train,3to4,2,0,0.0002539949601595617,False
2925,2926,OADMET-0002223,2.1,train,lt3,2,0,0.0001804940606874405,False
2926,2927,OADMET-0002222,2.03,train,lt3,3,0,0.00017749025866031312,False
2927,2928,OADMET-0002221,2.64,train,lt3,2,0,0.0001951659035686179,False
2928,2929,OADMET-0002220,1.88,train,lt3,1,0,0.00013550665096757203,False
2929,2930,OADMET-0002219,1.98,train,lt3,2,0,0.0001870308411471714,False
2930,2931,OADMET-0002218,3.44,train,3to4,2,0,9.542400991618507e-05,False
2931,2932,OADMET-0002217,2.05,train,lt3,1,0,0.00012468146222588405,False
2932,2933,OADMET-0002216,2.96,train,lt3,2,0,0.0002499544417691089,False
2933,2934,OADMET-0002215,2.52,train,lt3,2,0,0.0003703930223726032,False
2934,2935,OADMET-0002214,3.93,train,3to4,3,0,0.00014687775611933003,False
2935,2936,OADMET-0002213,2.98,train,lt3,1,0,0.00034798069971373266,False
2936,2937,OADMET-0002212,2.01,train,lt3,2,0,0.0002613499889518536,False
2937,2938,OADMET-0002211,1.85,train,lt3,2,0,0.00018863863100431123,False
2938,2939,OADMET-0002210,1.91,train,lt3,2,0,0.0001343826099175198,False
2939,2940,OADMET-0002209,2.72,train,lt3,3,0,0.00022161899998159626,False
2940,2941,OADMET-0002208,3.05,train,3to4,3,0,0.00011865725311520963,False
2941,2942,OADMET-0002207,2.89,train,lt3,3,0,0.00019710221792621933,False
2942,2943,OADMET-0002206,2.84,train,lt3,4,0,8.614965882052975e-05,False
2943,2944,OADMET-0002205,2.33,train,lt3,2,0,0.00024457287773021493,False
2944,2945,OADMET-0002204,3.67,train,3to4,2,0,0.00014133970158807492,False
2945,2946,OADMET-0002203,4.08,train,4to5,3,0,0.00022826814393026495,False
2946,2947,OADMET-0002202,2.98,train,lt3,2,0,0.0006938604591334,False
2947,2948,OADMET-0002201,2.25,train,lt3,1,0,0.00021954490543469853,False
2948,2949,OADMET-0002200,2.24,train,lt3,2,0,0.00018919416692075844,False
2949,2950,OADMET-0002199,1.95,train,lt3,2,0,0.00022486577496481022,False
2950,2951,OADMET-0002198,2.77,train,lt3,2,0,0.00016270570234037953,False
2951,2952,OADMET-0002197,1.95,train,lt3,2,0,0.0002496819151559347,False
2952,2953,OADMET-0002196,3.01,train,3to4,2,0,0.00036409782999664744,False
2953,2954,OADMET-0002195,2.9,train,lt3,2,0,0.0004859160257900514,False
2954,2955,OADMET-0002194,2.54,train,lt3,3,0,0.0002273181175827261,False
2955,2956,OADMET-0002193,2.65,train,lt3,4,0,0.00015090039212491282,False
2956,2957,OADMET-0002192,3.05,train,3to4,3,0,0.00019675498242490802,False
2957,2958,OADMET-0002191,3.73,train,3to4,2,0,0.00016224066983145952,False
2958,2959,OADMET-0002190,2.93,train,lt3,3,0,0.00020633290158815788,False
2959,2960,OADMET-0002189,1.83,train,lt3,2,0,0.0001951883259158414,False
2960,2961,OADMET-0002188,2.1,train,lt3,2,0,0.0005081497547411436,False
2961,2962,OADMET-0002187,2.06,train,lt3,2,0,0.00012551489109528712,False
2962,2963,OADMET-0002186,3.79,train,3to4,2,0,0.00023138750934434025,False
2963,2964,OADMET-0002185,1.82,train,lt3,2,0,0.000774946502963268,False
2964,2965,OADMET-0002184,3.5,train,3to4,3,0,0.0004938181025873109,False
2965,2966,OADMET-0002183,1.92,train,lt3,2,0,0.0009930777173836713,False
2966,2967,OADMET-0002182,2.58,train,lt3,1,0,0.00018218106670133484,False
2967,2968,OADMET-0002181,2.14,train,lt3,2,0,0.0003096598407207877,False
2968,2969,OADMET-0002180,1.89,train,lt3,3,0,0.0016525741734069556,False
2969,2970,OADMET-0002179,3.03,train,3to4,2,0,0.00016816491770463743,False
2970,2971,OADMET-0002178,2.45,train,lt3,3,0,0.0003611391689659592,False
2971,2972,OADMET-0002177,2.36,train,lt3,1,0,0.00015326523423030936,False
2972,2973,OADMET-0002176,2.73,train,lt3,2,0,0.00022416472210899584,False
2973,2974,OADMET-0002175,3.03,train,3to4,3,0,0.00015238873693556145,False
2974,2975,OADMET-0002174,1.82,train,lt3,2,0,0.0007476316868095905,False
2975,2976,OADMET-0002173,2.61,train,lt3,2,0,0.00018106054522105586,False
2976,2977,OADMET-0002172,2.42,train,lt3,1,0,0.0001547682850175899,False
2977,2978,OADMET-0002171,3.36,train,3to4,2,0,0.0002727550664719152,False
2978,2979,OADMET-0002170,2.19,train,lt3,1,0,0.00046533641001620524,False
2979,2980,OADMET-0002169,2.86,train,lt3,2,0,0.0002211202579029079,False
2980,2981,OADMET-0002168,3.0,train,lt3,2,0,0.0010253353731826782,False
2981,2982,OADMET-0002167,3.11,train,3to4,1,0,0.0001944344351717211,False
2982,2983,OADMET-0002166,2.22,train,lt3,3,0,0.0001560227952069111,False
2983,2984,OADMET-0002165,2.92,train,lt3,3,0,0.00033739533386781837,False
2984,2985,OADMET-0002164,2.82,train,lt3,1,0,0.00011153706392606655,False
2985,2986,OADMET-0002163,2.99,train,lt3,2,0,0.0003640622578151279,False
2986,2987,OADMET-0002162,1.79,train,lt3,3,0,0.00037966559677259375,False
2987,2988,OADMET-0002161,2.57,train,lt3,3,0,0.00041557132911456356,False
2988,2989,OADMET-0002160,1.82,train,lt3,2,0,0.00019449105980858726,False
2989,2990,OADMET-0002159,1.99,train,lt3,2,0,0.00022680726489454213,False
2990,2991,OADMET-0002158,3.27,train,3to4,1,0,0.00030496064669920797,False
2991,2992,OADMET-0002157,2.17,train,lt3,2,0,0.00024070635604979586,False
2992,2993,OADMET-0002156,2.36,train,lt3,2,0,0.0002016141851941656,False
2993,2994,OADMET-0002155,3.02,train,3to4,2,0,0.001120823515842551,False
2994,2995,OADMET-0002154,3.47,train,3to4,1,0,0.01137931008958387,False
2995,2996,OADMET-0002153,1.8,train,lt3,3,0,0.0018558125072672537,False
2996,2997,OADMET-0002152,2.85,train,lt3,3,0,0.0006141766406649319,False
2997,2998,OADMET-0002151,2.77,train,lt3,3,0,0.00015657813558848273,False
2998,2999,OADMET-0002150,1.94,train,lt3,2,0,0.00026581226865186907,False
2999,3000,OADMET-0002149,1.98,train,lt3,2,0,0.0002072633367191107,False
3000,3001,OADMET-0002148,2.78,train,lt3,3,0,0.00023216406661187865,False
3001,3002,OADMET-0002147,3.19,train,3to4,3,0,0.00018122356566109224,False
3002,3003,OADMET-0002146,1.87,train,lt3,2,0,0.0002491270409890493,False
3003,3004,OADMET-0002145,2.02,train,lt3,2,0,0.0006114351584837873,False
3004,3005,OADMET-0002144,3.42,train,3to4,1,0,0.00017069804354700096,False
3005,3006,OADMET-0002143,3.01,train,3to4,3,0,0.00026252621307210473,False
3006,3007,OADMET-0002142,2.15,train,lt3,2,0,0.00037229108779264475,False
3007,3008,OADMET-0002141,2.83,train,lt3,1,0,0.00021096077380020298,False
3008,3009,OADMET-0002140,2.52,train,lt3,4,0,0.00025656051939237885,False
3009,3010,OADMET-0002139,2.96,train,lt3,3,0,0.0006832929914585843,False
3010,3011,OADMET-0002138,1.96,train,lt3,3,0,0.0002379376244042667,False
3011,3012,OADMET-0002137,3.22,train,3to4,3,0,0.0003783737472722837,False
3012,3013,OADMET-0002136,1.83,train,lt3,3,0,0.0003807156235408084,False
3013,3014,OADMET-0002135,3.41,train,3to4,3,0,0.00037384270035376624,False
3014,3015,OADMET-0002134,2.85,train,lt3,4,0,0.00010932905604461298,False
3015,3016,OADMET-0002133,3.95,train,3to4,3,0,0.0006095364116977662,False
3016,3017,OADMET-0002132,2.95,train,lt3,3,0,0.0005979927855276906,False
3017,3018,OADMET-0002131,3.1,train,3to4,3,0,0.00042345514652498766,False
3018,3019,OADMET-0002130,2.81,train,lt3,3,0,0.0002090396065890874,False
3019,3020,OADMET-0002129,2.45,train,lt3,3,0,0.000351623353956958,False
3020,3021,OADMET-0002128,2.87,train,lt3,3,0,0.00016358888616196227,False
3021,3022,OADMET-0002127,3.92,train,3to4,3,0,0.0002456013037889851,False
3022,3023,OADMET-0002126,3.22,train,3to4,3,0,0.000881268993198542,False
3023,3024,OADMET-0002125,2.16,train,lt3,3,0,0.00022148806575085427,False
3024,3025,OADMET-0002124,3.59,train,3to4,3,0,0.0007321941089134901,False
3025,3026,OADMET-0002123,3.56,train,3to4,0,0,0.00039176211324788864,False
3026,3027,OADMET-0002122,4.15,train,4to5,0,0,0.0002528558956659716,False
3027,3028,OADMET-0002121,2.91,train,lt3,3,0,0.0003646722448581059,False
3028,3029,OADMET-0002120,1.95,train,lt3,2,0,0.00020655421557848168,False
3029,3030,OADMET-0002119,2.73,train,lt3,2,0,0.0003422879935235689,False
3030,3031,OADMET-0002118,1.77,train,lt3,3,0,0.00023734998232363742,False
3031,3032,OADMET-0002117,2.4,train,lt3,2,0,0.00020153429214264567,False
3032,3033,OADMET-0002116,3.11,train,3to4,3,0,0.0003782269926758659,False
3033,3034,OADMET-0002115,3.65,train,3to4,3,0,0.00047440241729487516,False
3034,3035,OADMET-0002114,2.53,train,lt3,3,0,0.0006828988669628861,False
3035,3036,OADMET-0002113,3.0,train,lt3,3,0,0.00023318952711724478,False
3036,3037,OADMET-0002112,2.97,train,lt3,3,0,0.0005131434822369714,False
3037,3038,OADMET-0002111,2.97,train,lt3,3,0,0.00035403743012252074,False
3038,3039,OADMET-0002110,2.0,train,lt3,3,0,0.0002823891152023684,False
3039,3040,OADMET-0002109,2.53,train,lt3,1,0,0.00014741541949444528,False
3040,3041,OADMET-0002108,2.515,train,lt3,2,0,0.0003401011495245246,False
3041,3042,OADMET-0002107,2.6,train,lt3,2,0,0.00023647931824557304,False
3042,3043,OADMET-0002106,2.02,train,lt3,2,0,0.00023436628885355472,False
3043,3044,OADMET-0002105,1.86,train,lt3,3,0,0.0003428821078493456,False
3044,3045,OADMET-0002104,2.81,train,lt3,0,0,0.000244600517351148,False
3045,3046,OADMET-0002103,3.18,train,3to4,3,0,0.0005302825142550162,False
3046,3047,OADMET-0002102,2.82,train,lt3,3,0,0.001335341859228143,False
3047,3048,OADMET-0002101,3.26,train,3to4,3,0,0.0005084136527766405,False
3048,3049,OADMET-0002100,3.01,train,3to4,1,0,0.00015296706210698142,False
3049,3050,OADMET-0002099,1.98,train,lt3,3,0,0.00025211790276295277,False
3050,3051,OADMET-0002098,2.05,train,lt3,1,0,0.0003379806201970721,False
3051,3052,OADMET-0002097,2.67,train,lt3,3,0,0.00024888345740341645,False
3052,3053,OADMET-0002096,2.51,train,lt3,2,0,0.0002345010388870969,False
3053,3054,OADMET-0002095,2.85,train,lt3,3,0,0.000177132406293916,False
3054,3055,OADMET-0002094,1.93,train,lt3,1,0,0.0005585060823814937,False
3055,3056,OADMET-0002093,2.45,train,lt3,3,0,0.0002219040737256342,False
3056,3057,OADMET-0002092,1.98,train,lt3,3,0,0.0010466599107232615,False
3057,3058,OADMET-0002091,2.83,train,lt3,2,0,0.00011314693212655365,False
3058,3059,OADMET-0002090,1.91,train,lt3,1,0,0.0009621974691923773,False
3059,3060,OADMET-0002089,1.95,train,lt3,3,0,0.00023686980424357117,False
3060,3061,OADMET-0002088,2.08,train,lt3,2,0,0.00013091264349347442,False
3061,3062,OADMET-0002087,2.69,train,lt3,1,0,0.00042048865777151657,False
3062,3063,OADMET-0002086,1.85,train,lt3,3,0,0.00032277612208747976,False
3063,3064,OADMET-0002085,2.71,train,lt3,3,0,0.0003050855513089713,False
3064,3065,OADMET-0002084,1.84,train,lt3,3,0,0.00014197154804729492,False
3065,3066,OADMET-0002083,4.28,train,4to5,3,0,0.0005832890329145487,False
3066,3067,OADMET-0002082,2.64,train,lt3,2,0,0.00020476435822239212,False
3067,3068,OADMET-0002081,3.02,train,3to4,1,0,0.00012878571129756004,False
3068,3069,OADMET-0002080,3.32,train,3to4,4,0,0.00016029794420998922,False
3069,3070,OADMET-0002079,2.07,train,lt3,3,0,0.00044671206263327437,False
3070,3071,OADMET-0002078,1.91,train,lt3,3,0,0.0003231043265370146,False
3071,3072,OADMET-0002077,2.06,train,lt3,3,0,0.00022814859388049612,False
3072,3073,OADMET-0002076,2.9,train,lt3,3,0,0.00029875299436789765,False
3073,3074,OADMET-0002075,2.41,train,lt3,3,0,0.00016163898906265887,False
3074,3075,OADMET-0002074,1.82,train,lt3,3,0,0.0003248711834493972,False
3075,3076,OADMET-0002073,1.94,train,lt3,3,0,0.0001797544372185553,False
3076,3077,OADMET-0002072,2.09,train,lt3,2,0,0.00023296350105331243,False
3077,3078,OADMET-0002071,2.72,train,lt3,2,0,0.00010109218056269639,False
3078,3079,OADMET-0002070,2.92,train,lt3,3,0,0.0002356341765716343,False
3079,3080,OADMET-0002069,2.88,train,lt3,3,0,0.0002671574040991102,False
3080,3081,OADMET-0002068,1.87,train,lt3,3,0,0.0002520341792575332,False
3081,3082,OADMET-0002067,2.6,train,lt3,2,0,0.00033051036294582737,False
3082,3083,OADMET-0002066,2.69,train,lt3,3,0,0.00017993928387339075,False
3083,3084,OADMET-0002065,2.39,train,lt3,3,0,0.0002872096319472545,False
3084,3085,OADMET-0002064,2.12,train,lt3,2,0,0.00029982121381105244,False
3085,3086,OADMET-0002063,3.96,train,3to4,1,0,0.0001861012150768578,False
3086,3087,OADMET-0002062,2.44,train,lt3,3,0,0.0004342284745977718,False
3087,3088,OADMET-0002061,1.98,train,lt3,3,0,0.0002709395355303305,False
3088,3089,OADMET-0002060,2.49,train,lt3,1,0,0.0001225610945736887,False
3089,3090,OADMET-0002059,4.08,train,4to5,3,0,0.0002976398192761035,False
3090,3091,OADMET-0002058,2.13,train,lt3,2,0,0.00030808243313986804,False
3091,3092,OADMET-0002057,1.97,train,lt3,3,0,0.0013331133019816516,False
3092,3093,OADMET-0002056,2.82,train,lt3,1,0,0.000128095360142727,False
3093,3094,OADMET-0002055,1.94,train,lt3,3,0,0.00027816059348418194,False
3094,3095,OADMET-0002054,1.83,train,lt3,3,0,0.00027604204861259897,False
3095,3096,OADMET-0002053,2.49,train,lt3,3,0,0.0002288830970334996,False
3096,3097,OADMET-0002052,2.49,train,lt3,3,0,0.0005263604820261571,False
3097,3098,OADMET-0002051,2.01,train,lt3,2,0,0.0002918479836506204,False
3098,3099,OADMET-0002050,1.88,train,lt3,2,0,0.00036201581967346694,False
3099,3100,OADMET-0002049,2.86,train,lt3,2,0,0.000768540380159595,False
3100,3101,OADMET-0002048,2.01,train,lt3,1,0,0.00034803464134368573,False
3101,3102,OADMET-0002047,2.01,train,lt3,2,0,0.000536175585472104,False
3102,3103,OADMET-0002046,1.92,train,lt3,0,0,0.0004326804637446786,False
3103,3104,OADMET-0002045,4.51,train,4to5,3,0,0.00014699935064326958,False
3104,3105,OADMET-0002044,3.73,train,3to4,2,0,0.00015240344270432067,False
3105,3106,OADMET-0002043,4.46,train,4to5,2,0,0.0002883177721363139,False
3106,3107,OADMET-0002042,5.61,train,5to6,3,0,0.04548228979264377,False
3107,3108,OADMET-0002041,5.03,train,5to6,3,0,0.0031233182021904934,False
3108,3109,OADMET-0002040,3.55,train,3to4,3,0,0.00030484922547790875,False
3109,3110,OADMET-0002039,3.04,train,3to4,3,0,0.0006949611422908895,False
3110,3111,OADMET-0002038,2.0,train,lt3,2,0,9.053212448992724e-05,False
3111,3112,OADMET-0002037,2.98,train,lt3,3,0,9.437344560741795e-05,False
3112,3113,OADMET-0002036,4.09,train,4to5,3,0,0.0003198689795549176,False
3113,3114,OADMET-0002035,4.95,train,4to5,2,0,0.0001052722681752985,False
3114,3115,OADMET-0002034,4.17,train,4to5,3,0,0.00018445731523742312,False
3115,3116,OADMET-0002033,3.88,train,3to4,4,0,0.00018809801923414657,False
3116,3117,OADMET-0002032,3.89,train,3to4,1,0,0.0001417357836278913,False
3117,3118,OADMET-0002031,1.96,train,lt3,0,0,0.00025038528271777063,False
3118,3119,OADMET-0002030,4.57,train,4to5,3,0,0.00012830641475702328,False
3119,3120,OADMET-0002029,4.37,train,4to5,3,0,0.0006738384327212516,False
3120,3121,OADMET-0002028,3.95,train,3to4,3,0,0.00010691194710471256,False
3121,3122,OADMET-0002027,2.83,train,lt3,3,0,0.00017059197822361463,False
3122,3123,OADMET-0002026,1.95,train,lt3,3,0,0.0006340536751662922,False
3123,3124,OADMET-0002025,3.75,train,3to4,2,0,0.00024765484050612497,False
3124,3125,OADMET-0002024,3.1,train,3to4,4,0,0.000368753899859432,False
3125,3126,OADMET-0002023,2.7,train,lt3,4,0,9.776217605487739e-05,False
3126,3127,OADMET-0002022,3.85,train,3to4,3,0,0.00017383938329237723,False
3127,3128,OADMET-0002021,4.41,train,4to5,0,0,0.00014661073742355227,False
3128,3129,OADMET-0002020,3.82,train,3to4,0,0,0.00014179001229936818,False
3129,3130,OADMET-0002019,4.49,train,4to5,0,0,0.00023858819352718798,False
3130,3131,OADMET-0002018,2.36,train,lt3,4,0,0.00011912822981635058,False
3131,3132,OADMET-0002017,4.21,train,4to5,1,0,0.0005691239850334093,False
3132,3133,OADMET-0002016,2.99,train,lt3,3,0,0.00014045228133906365,False
3133,3134,OADMET-0002015,4.12,train,4to5,4,0,0.00026555511302538154,False
3134,3135,OADMET-0002014,5.29,train,5to6,1,0,0.00012853917506678732,False
3135,3136,OADMET-0002013,4.28,train,4to5,2,0,0.0004701211770949145,False
3136,3137,OADMET-0002012,4.33,train,4to5,2,0,0.0005802597780351643,False
3137,3138,OADMET-0002011,4.46,train,4to5,4,0,0.0005300893632504846,False
3138,3139,OADMET-0002010,4.87,train,4to5,3,0,0.00023799303149474942,False
3139,3140,OADMET-0002009,3.11,train,3to4,2,0,9.805478718642453e-05,False
3140,3141,OADMET-0002008,2.27,train,lt3,2,0,0.00010546961092830717,False
3141,3142,OADMET-0002007,4.83,train,4to5,3,0,0.0002013512830986452,False
3142,3143,OADMET-0002006,5.19,train,5to6,4,0,0.000200673227301273,False
3143,3144,OADMET-0002005,4.24,train,4to5,0,0,0.00022409957616528634,False
3144,3145,OADMET-0002004,2.3,train,lt3,1,0,0.00015292047076010334,False
3145,3146,OADMET-0002003,2.34,train,lt3,0,0,0.00023282772157556624,False
3146,3147,OADMET-0002002,2.58,train,lt3,2,0,0.00010439978461362237,False
3147,3148,OADMET-0002001,3.1100000000000003,train,3to4,4,0,0.0048055966636185304,False
3148,3149,OADMET-0002000,1.92,train,lt3,4,0,0.00012592050971580644,False
3149,3150,OADMET-0001999,3.82,train,3to4,3,0,0.00014206840646564944,False
3150,3151,OADMET-0001998,4.87,train,4to5,4,0,8.414139552896606e-05,False
3151,3152,OADMET-0001997,3.61,train,3to4,2,0,0.0003808060487961716,False
3152,3153,OADMET-0001996,3.0,train,lt3,3,0,0.00019857426369896148,False
3153,3154,OADMET-0001995,4.32,train,4to5,3,0,0.0002778668600880522,False
3154,3155,OADMET-0001994,3.47,train,3to4,2,0,0.000498003367025028,False
3155,3156,OADMET-0001993,2.98,train,lt3,2,0,0.0002629772685286343,False
3156,3157,OADMET-0001992,2.95,train,lt3,0,0,0.0001777042703647195,False
3157,3158,OADMET-0001991,4.45,train,4to5,0,0,0.00025147820886541175,False
3158,3159,OADMET-0001990,5.29,train,5to6,2,0,0.011522371971243289,False
3159,3160,OADMET-0001989,4.4,train,4to5,0,0,0.0015975299783423298,False
3160,3161,OADMET-0001988,1.77,train,lt3,1,0,0.0006934465082512615,False
3161,3162,OADMET-0001987,2.45,train,lt3,2,0,0.00016073695683937867,False
3162,3163,OADMET-0001986,3.85,train,3to4,4,0,0.00015622595401129695,False
3163,3164,OADMET-0001985,3.58,train,3to4,3,0,0.0007156188832752276,False
3164,3165,OADMET-0001984,3.41,train,3to4,0,0,0.00042342195650012926,False
3165,3166,OADMET-0001983,4.91,train,4to5,3,0,0.03211570821329833,False
3166,3167,OADMET-0001982,4.745,train,4to5,2,0,0.00024680353083468836,False
3167,3168,OADMET-0001981,1.81,train,lt3,3,0,0.000288471986647005,False
3168,3169,OADMET-0001980,4.06,train,4to5,0,0,0.0002480522132549177,False
3169,3170,OADMET-0001979,3.61,train,3to4,3,0,0.0007120929742037664,False
3170,3171,OADMET-0001978,4.03,train,4to5,3,0,0.0002338941390010036,False
3171,3172,OADMET-0001977,5.42,train,5to6,3,0,0.0005155992502118774,False
3172,3173,OADMET-0001976,4.58,train,4to5,3,0,0.0006441330267792253,False
3173,3174,OADMET-0001975,4.78,train,4to5,4,0,0.00010958458666210193,False
3174,3175,OADMET-0001974,3.67,train,3to4,2,0,0.00015246823596143835,False
3175,3176,OADMET-0001973,5.19,train,5to6,4,0,0.00035545642372178713,False
3176,3177,OADMET-0001972,1.81,train,lt3,4,0,0.002517808187702779,False
3177,3178,OADMET-0001971,2.84,train,lt3,4,0,0.0001074189143476117,False
3178,3179,OADMET-0001970,2.22,train,lt3,3,0,0.0001686166542702962,False
3179,3180,OADMET-0001969,4.27,train,4to5,4,0,0.00021405053256091046,False
3180,3181,OADMET-0001968,4.48,train,4to5,0,0,0.0009758293943884541,False
3181,3182,OADMET-0001967,2.18,train,lt3,3,0,0.00013635140829803275,False
3182,3183,OADMET-0001966,4.59,train,4to5,2,0,0.00012595817631472464,False
3183,3184,OADMET-0001965,2.08,train,lt3,3,0,0.00016165002552872803,False
3184,3185,OADMET-0001964,4.71,train,4to5,2,0,0.0025929797888019886,False
3185,3186,OADMET-0001963,4.39,train,4to5,2,0,0.004410036279226887,False
3186,3187,OADMET-0001962,1.84,train,lt3,2,0,0.0001258170210669791,False
3187,3188,OADMET-0001961,3.92,train,3to4,3,0,0.00031353279888020786,False
3188,3189,OADMET-0001960,4.84,train,4to5,0,0,0.00031781839828806045,False
3189,3190,OADMET-0001958,1.91,train,lt3,2,0,0.00015994064156785314,False
3190,3191,OADMET-0001957,1.89,train,lt3,2,0,0.0034972123376341875,False
3191,3192,OADMET-0001956,1.86,train,lt3,0,0,0.0002509373299984938,False
3192,3193,OADMET-0001955,4.57,train,4to5,3,0,8.003038057498088e-05,False
3193,3194,OADMET-0001954,2.28,train,lt3,1,0,0.0001717233272290929,False
3194,3195,OADMET-0001953,4.07,train,4to5,1,0,0.0001572139610193693,False
3195,3196,OADMET-0001951,5.95,train,5to6,1,0,0.20822827191246843,False
3196,3197,OADMET-0001950,5.66,train,5to6,3,0,0.000253172443772292,False
3197,3198,OADMET-0001949,3.47,train,3to4,1,0,0.00016942422217044493,False
3198,3199,OADMET-0001948,4.48,train,4to5,3,0,0.00033817759595308896,False
3199,3200,OADMET-0001947,3.6,train,3to4,0,0,0.0006887724143228509,False
3200,3201,OADMET-0001946,4.64,train,4to5,3,0,0.0005427762352754727,False
3201,3202,OADMET-0001945,1.81,train,lt3,3,0,0.0002700015235187336,False
3202,3203,OADMET-0001944,3.13,train,3to4,3,0,0.00015192609995429843,False
3203,3204,OADMET-0001943,5.52,train,5to6,3,0,0.001730897785620421,False
3204,3205,OADMET-0001942,2.82,train,lt3,3,0,0.00020524590947887297,False
3205,3206,OADMET-0001941,3.0,train,lt3,2,0,0.00036956641333255497,False
3206,3207,OADMET-0001940,2.27,train,lt3,2,0,0.00011718266037555741,False
3207,3208,OADMET-0001938,2.19,train,lt3,3,0,0.00039654402216234496,False
3208,3209,OADMET-0001937,5.25,train,5to6,3,0,0.0017194046583073124,False
3209,3210,OADMET-0001936,2.93,train,lt3,1,0,7.724327248460434e-05,False
3210,3211,OADMET-0001935,4.99,train,4to5,1,0,0.00027689745445166116,False
3211,3212,OADMET-0001934,5.29,train,5to6,0,0,0.00010594887599395048,False
3212,3213,OADMET-0001933,3.63,train,3to4,4,0,0.00032841623812058455,False
3213,3214,OADMET-0001932,5.37,train,5to6,3,0,0.0002988958384561105,False
3214,3215,OADMET-0001931,1.97,train,lt3,3,0,0.00018229256422478272,False
3215,3216,OADMET-0001930,3.63,train,3to4,2,0,0.00026020795033296254,False
3216,3217,OADMET-0001928,5.62,train,5to6,4,0,0.001516517625780131,False
3217,3218,OADMET-0001927,3.89,train,3to4,0,0,0.0001909650735039102,False
3218,3219,OADMET-0001926,5.23,train,5to6,3,0,0.0023216821597582143,False
3219,3220,OADMET-0001925,4.82,train,4to5,4,0,0.00012796683944871977,False
3220,3221,OADMET-0001924,3.9,train,3to4,2,0,0.0006050498648840839,False
3221,3222,OADMET-0001923,3.4,train,3to4,2,0,0.00555021850561431,False
3222,3223,OADMET-0001922,4.98,train,4to5,4,0,0.00043651266802077987,False
3223,3224,OADMET-0001921,1.84,train,lt3,3,0,0.0001090302431846192,False
3224,3225,OADMET-0001920,1.78,train,lt3,3,0,0.0005538213096531572,False
3225,3226,OADMET-0001919,1.88,train,lt3,2,0,0.00036333853565911943,False
3226,3227,OADMET-0001918,4.73,train,4to5,3,0,0.00017970075282703363,False
3227,3228,OADMET-0001917,4.16,train,4to5,4,0,0.002414863568019804,False
3228,3229,OADMET-0001916,4.95,train,4to5,3,0,0.00024183816597994647,False
3229,3230,OADMET-0001914,3.88,train,3to4,2,0,0.00010391165908063421,False
3230,3231,OADMET-0001913,4.875,train,4to5,2,0,0.00026947223861186246,False
3231,3232,OADMET-0001912,3.0,train,lt3,3,0,0.0002707955497184338,False
3232,3233,OADMET-0001911,4.18,train,4to5,3,0,0.00019141942103787217,False
3233,3234,OADMET-0001910,2.42,train,lt3,2,0,0.00035011815222231793,False
3234,3235,OADMET-0001909,2.415,train,lt3,3,0,0.00031809649334000196,False
3235,3236,OADMET-0001908,4.05,train,4to5,4,0,0.00017930749134374544,False
3236,3237,OADMET-0001906,4.25,train,4to5,4,0,0.0020679345015975396,False
3237,3238,OADMET-0001905,2.97,train,lt3,0,0,0.00023835540121734002,False
3238,3239,OADMET-0001904,4.84,train,4to5,1,0,0.00020785766689792234,False
3239,3240,OADMET-0001903,5.16,train,5to6,2,0,0.0007061542980034425,False
3240,3241,OADMET-0001902,4.7,train,4to5,3,0,0.00030683379448087254,False
3241,3242,OADMET-0001901,4.06,train,4to5,2,0,0.0005432506169077609,False
3242,3243,OADMET-0001900,4.81,train,4to5,2,0,0.00016909686275347552,False
3243,3244,OADMET-0001899,4.95,train,4to5,3,0,0.0006286719676715187,False
3244,3245,OADMET-0001898,5.13,train,5to6,3,0,0.0001694294357531667,False
3245,3246,OADMET-0001897,3.48,train,3to4,4,0,0.00033380266763938487,False
3246,3247,OADMET-0001895,3.94,train,3to4,0,0,0.0003746172058570847,False
3247,3248,OADMET-0001894,5.1,train,5to6,4,0,0.00013481499279421462,False
3248,3249,OADMET-0001893,1.94,train,lt3,2,0,0.00033333416739031555,False
3249,3250,OADMET-0001892,4.45,train,4to5,2,0,0.00024215873379362997,False
3250,3251,OADMET-0001890,3.37,train,3to4,3,0,0.00034402145140302647,False
3251,3252,OADMET-0001888,4.13,train,4to5,1,0,0.000391118537452898,False
3252,3253,OADMET-0001887,4.13,train,4to5,4,0,0.0001338036846491079,False
3253,3254,OADMET-0001885,3.1,train,3to4,1,0,0.00013563061566383667,False
3254,3255,OADMET-0001884,4.2,train,4to5,0,0,0.00048660310983573307,False
3255,3256,OADMET-0001883,4.75,train,4to5,0,0,0.00036090091874216095,False
3256,3257,OADMET-0001882,1.81,train,lt3,2,0,0.00018456804970628653,False
3257,3258,OADMET-0001881,4.6,train,4to5,2,0,0.00014512836534530298,False
3258,3259,OADMET-0001880,3.86,train,3to4,0,0,0.00015535685549564475,False
3259,3260,OADMET-0001879,3.53,train,3to4,1,0,0.0001887546172592058,False
3260,3261,OADMET-0001878,4.83,train,4to5,0,0,0.00025975725982235097,False
3261,3262,OADMET-0001877,4.88,train,4to5,4,0,0.000782895272362593,False
3262,3263,OADMET-0001876,3.1,train,3to4,4,0,0.00014914195895316258,False
3263,3264,OADMET-0001875,1.9,train,lt3,1,0,0.0003080873816993268,False
3264,3265,OADMET-0001874,4.77,train,4to5,3,0,0.001215833021669695,False
3265,3266,OADMET-0001872,3.92,train,3to4,2,0,0.00029148126212102276,False
3266,3267,OADMET-0001871,4.38,train,4to5,3,0,0.0003474503013617093,False
3267,3268,OADMET-0001870,4.12,train,4to5,2,0,0.000685326930316544,False
3268,3269,OADMET-0001869,2.54,train,lt3,2,0,0.00018017253092026918,False
3269,3270,OADMET-0001868,2.84,train,lt3,3,0,0.0010596411704730587,False
3270,3271,OADMET-0001867,3.55,train,3to4,2,0,0.0001800278572535156,False
3271,3272,OADMET-0001866,4.54,train,4to5,0,0,0.00045225709549378434,False
3272,3273,OADMET-0001865,2.81,train,lt3,2,0,0.003915759639243649,False
3273,3274,OADMET-0001864,3.49,train,3to4,1,0,0.00014493585150217526,False
3274,3275,OADMET-0001863,5.06,train,5to6,1,0,0.00012783975354640679,False
3275,3276,OADMET-0001862,3.27,train,3to4,1,0,0.00022478611639876645,False
3276,3277,OADMET-0001861,2.01,train,lt3,3,0,0.00016581553080838752,False
3277,3278,OADMET-0001859,2.82,train,lt3,0,0,0.00015804318585182142,False
3278,3279,OADMET-0001858,1.9,train,lt3,4,0,0.00013458690372475737,False
3279,3280,OADMET-0001857,4.0,train,3to4,2,0,0.0005247538056614773,False
3280,3281,OADMET-0001828,4.3,train,4to5,0,0,0.0005664130432811453,False
3281,3282,OADMET-0001827,3.62,train,3to4,2,0,0.0005315223924995818,False
3282,3283,OADMET-0001826,3.42,train,3to4,4,0,0.0002316418986447344,False
3283,3284,OADMET-0001825,1.62,train,lt3,2,0,0.0010946785366109533,False
3284,3285,OADMET-0001824,2.56,train,lt3,1,0,0.00011721469525894467,False
3285,3286,OADMET-0001823,5.23,train,5to6,0,0,0.0017146030399932735,False
3286,3287,OADMET-0001822,4.04,train,4to5,4,0,0.00014657503397063528,False
3287,3288,OADMET-0001821,4.17,train,4to5,2,0,8.584698003524908e-05,False
3288,3289,OADMET-0001820,4.45,train,4to5,3,0,0.00045745651635558217,False
3289,3290,OADMET-0001819,3.8,train,3to4,1,0,0.00012793111260839564,False
3290,3291,OADMET-0001818,4.05,train,4to5,1,0,9.534566546418704e-05,False
3291,3292,OADMET-0001817,3.77,train,3to4,4,0,0.0001322484632142291,False
3292,3293,OADMET-0001816,3.99,train,3to4,4,0,0.0007185313807212088,False
3293,3294,OADMET-0001815,2.81,train,lt3,4,0,0.00024852040516522105,False
3294,3295,OADMET-0001814,3.36,train,3to4,4,0,0.0001158131971257937,False
3295,3296,OADMET-0001813,4.07,train,4to5,4,0,0.0001345503184047073,False
3296,3297,OADMET-0001812,3.33,train,3to4,0,0,0.0008671850295832583,False
3297,3298,OADMET-0001811,1.7,train,lt3,0,0,0.00040966851212445447,False
3298,3299,OADMET-0001810,4.7,train,4to5,0,0,0.0009663301358320531,False
3299,3300,OADMET-0001809,4.33,train,4to5,1,0,0.0009904019946580776,False
3300,3301,OADMET-0001808,4.16,train,4to5,0,0,0.0003406490093044685,False
3301,3302,OADMET-0001807,4.63,train,4to5,0,0,0.00010096243847603906,False
3302,3303,OADMET-0001806,1.68,train,lt3,0,0,0.00033281690187310375,False
3303,3304,OADMET-0001805,4.64,train,4to5,0,0,0.00044660261597438005,False
3304,3305,OADMET-0001804,4.22,train,4to5,2,0,0.00019035699136763992,False
3305,3306,OADMET-0001803,4.17,train,4to5,0,0,0.00014393297744877943,False
3306,3307,OADMET-0001802,3.5,train,3to4,0,0,0.0005249952777133278,False
3307,3308,OADMET-0001801,1.75,train,lt3,0,0,0.0001919074278420458,False
3308,3309,OADMET-0001800,4.53,train,4to5,4,0,0.0004873402555760257,False
3309,3310,OADMET-0001799,5.22,train,5to6,2,0,0.0008641448800142802,False
3310,3311,OADMET-0001798,5.25,train,5to6,0,0,9.854876051076773e-05,False
3311,3312,OADMET-0001797,3.59,train,3to4,0,0,0.0003175794418312091,False
3312,3313,OADMET-0001796,4.1,train,4to5,4,0,0.05388466092705435,False
3313,3314,OADMET-0001795,3.81,train,3to4,0,0,0.0006157282065967995,False
3314,3315,OADMET-0001794,5.37,train,5to6,0,0,0.0004025264145215059,False
3315,3316,OADMET-0001793,5.21,train,5to6,0,0,0.0004504726847557528,False
3316,3317,OADMET-0001792,2.25,train,lt3,4,0,0.00018618118805957954,False
3317,3318,OADMET-0001791,1.91,train,lt3,4,0,0.00017403679634457925,False
3318,3319,OADMET-0001790,2.57,train,lt3,4,0,0.00041855376261768076,False
3319,3320,OADMET-0001789,1.73,train,lt3,4,0,0.00014538057509869877,False
3320,3321,OADMET-0001788,4.67,train,4to5,4,0,0.00034306882499428494,False
3321,3322,OADMET-0001787,3.96,train,3to4,4,0,0.0003544592269566946,False
3322,3323,OADMET-0001786,4.06,train,4to5,2,0,0.0003197077830787608,False
3323,3324,OADMET-0001785,4.09,train,4to5,4,0,0.00039676555117251603,False
3324,3325,OADMET-0001784,3.37,train,3to4,4,0,0.00011362862970825068,False
3325,3326,OADMET-0001783,3.99,train,3to4,4,0,0.00019054013891284656,False
3326,3327,OADMET-0001782,2.35,train,lt3,4,0,0.0001558665843106555,False
3327,3328,OADMET-0001781,2.37,train,lt3,4,0,0.0001048778470721272,False
3328,3329,OADMET-0001780,2.98,train,lt3,4,0,0.00013678070679581876,False
3329,3330,OADMET-0001779,3.76,train,3to4,3,0,0.00024912623055047196,False
3330,3331,OADMET-0001778,2.28,train,lt3,4,0,0.000121233480755172,False
3331,3332,OADMET-0001777,4.13,train,4to5,0,0,0.0003014566379932503,False
3332,3333,OADMET-0001776,3.98,train,3to4,0,0,0.0019832688063640136,False
3333,3334,OADMET-0001775,3.43,train,3to4,4,0,0.00016848109165703106,False
3334,3335,OADMET-0001774,4.45,train,4to5,0,0,0.0012803219297133435,False
3335,3336,OADMET-0001773,5.81,train,5to6,4,0,0.0004313054271901224,False
3336,3337,OADMET-0001772,2.82,train,lt3,4,0,0.00016898053832060166,False
3337,3338,OADMET-0001771,3.87,train,3to4,0,0,0.00013290980035744878,False
3338,3339,OADMET-0001770,1.94,train,lt3,4,0,0.00034485137247870193,False
3339,3340,OADMET-0001769,3.52,train,3to4,0,0,0.00025953005299419796,False
3340,3341,OADMET-0001768,4.19,train,4to5,0,0,0.00030259587328328435,False
3341,3342,OADMET-0001767,5.25,train,5to6,4,0,0.00024658729393003953,False
3342,3343,OADMET-0001766,4.28,train,4to5,2,0,0.000188526937760525,False
3343,3344,OADMET-0001765,3.9,train,3to4,4,0,0.0002764479876724326,False
3344,3345,OADMET-0001764,3.76,train,3to4,0,0,0.0003941673964317797,False
3345,3346,OADMET-0001763,1.88,train,lt3,4,0,0.00031301861145998565,False
3346,3347,OADMET-0001762,4.26,train,4to5,2,0,0.00016262752307075483,False
3347,3348,OADMET-0001761,4.1,train,4to5,0,0,0.0001517492536332423,False
3348,3349,OADMET-0001760,3.47,train,3to4,4,0,0.0004499559184365266,False
3349,3350,OADMET-0001759,3.4,train,3to4,0,0,0.00017585477081416987,False
3350,3351,OADMET-0001758,1.71,train,lt3,0,0,0.000374206833639436,False
3351,3352,OADMET-0001757,3.25,train,3to4,0,0,0.0005511992529843748,False
3352,3353,OADMET-0001756,2.94,train,lt3,4,0,0.00019121338369895155,False
3353,3354,OADMET-0001755,6.37,train,gte6,2,1,0.04617589841871938,False
3354,3355,OADMET-0001754,3.04,train,3to4,0,0,0.0006155140247139307,False
3355,3356,OADMET-0001753,4.63,train,4to5,2,0,0.0003961236395355382,False
3356,3357,OADMET-0001752,3.33,train,3to4,0,0,0.0001489902481521302,False
3357,3358,OADMET-0001751,4.62,train,4to5,4,0,0.00012756785976365606,False
3358,3359,OADMET-0001750,3.27,train,3to4,4,0,0.0002519343359907165,False
3359,3360,OADMET-0001749,1.65,train,lt3,4,0,0.00013919055230795745,False
3360,3361,OADMET-0001748,4.89,train,4to5,0,0,0.0010700493015072018,False
3361,3362,OADMET-0001747,3.91,train,3to4,0,0,0.00024776507336923804,False
3362,3363,OADMET-0001746,2.6,train,lt3,2,0,0.00017176732244647956,False
3363,3364,OADMET-0001745,3.87,train,3to4,0,0,0.0003368838271539881,False
3364,3365,OADMET-0001744,2.14,train,lt3,2,0,0.00017220936821708553,False
3365,3366,OADMET-0001743,4.11,train,4to5,4,0,0.00010640714341627075,False
3366,3367,OADMET-0001742,2.94,train,lt3,4,0,0.00045056698798763,False
3367,3368,OADMET-0001741,2.45,train,lt3,4,0,0.0003417146478992638,False
3368,3369,OADMET-0001740,2.82,train,lt3,4,0,0.0001589532014757753,False
3369,3370,OADMET-0001739,3.59,train,3to4,4,0,0.00017497753642130932,False
3370,3371,OADMET-0001738,5.09,train,5to6,4,0,0.003593619521565326,False
3371,3372,OADMET-0001737,3.99,train,3to4,2,0,0.00018239632700365734,False
3372,3373,OADMET-0001736,3.05,train,3to4,0,0,0.0005495550041506779,False
3373,3374,OADMET-0001735,4.27,train,4to5,4,0,0.00023740354322422617,False
3374,3375,OADMET-0001734,4.53,train,4to5,0,0,0.00028786857203100366,False
3375,3376,OADMET-0001733,3.44,train,3to4,0,0,0.00033937016422773956,False
3376,3377,OADMET-0001732,4.38,train,4to5,2,0,0.00013762494085538265,False
3377,3378,OADMET-0001731,2.75,train,lt3,4,0,9.316472639148763e-05,False
3378,3379,OADMET-0001730,3.26,train,3to4,4,0,0.0005403931080282445,False
3379,3380,OADMET-0001729,3.67,train,3to4,0,0,0.00028027364981665046,False
3380,3381,OADMET-0001727,2.54,train,lt3,4,0,0.0001555580482954712,False
3381,3382,OADMET-0001726,3.35,train,3to4,4,0,0.0010361328951260117,False
3382,3383,OADMET-0001725,2.55,train,lt3,4,0,0.00013824641616684138,False
3383,3384,OADMET-0001724,4.6,train,4to5,4,0,0.0004933676453740414,False
3384,3385,OADMET-0001723,4.07,train,4to5,4,0,0.00024307484240650954,False
3385,3386,OADMET-0001722,3.87,train,3to4,0,0,0.0010287770190108292,False
3386,3387,OADMET-0001721,3.91,train,3to4,4,0,0.00048435445656751154,False
3387,3388,OADMET-0001720,3.44,train,3to4,2,0,9.726566689890039e-05,False
3388,3389,OADMET-0001719,1.67,train,lt3,2,0,0.00011375887521761949,False
3389,3390,OADMET-0001718,4.08,train,4to5,2,0,9.257388307593771e-05,False
3390,3391,OADMET-0001717,3.36,train,3to4,0,0,0.00021057321499280042,False
3391,3392,OADMET-0001716,4.04,train,4to5,4,0,0.00020143363463829203,False
3392,3393,OADMET-0001715,3.41,train,3to4,0,0,0.0004908483626380786,False
3393,3394,OADMET-0001714,1.72,train,lt3,0,0,0.0011870437016077457,False
3394,3395,OADMET-0001713,3.49,train,3to4,0,0,0.00022014121475718882,False
3395,3396,OADMET-0001712,2.66,train,lt3,4,0,0.00012006227187046838,False
3396,3397,OADMET-0001711,1.62,train,lt3,4,0,0.0002846698407257407,False
3397,3398,OADMET-0001710,4.45,train,4to5,0,0,0.00016863734034161428,False
3398,3399,OADMET-0001709,4.56,train,4to5,4,0,0.00037576525391224937,False
3399,3400,OADMET-0001708,2.43,train,lt3,4,0,0.0029440725628567224,False
3400,3401,OADMET-0001707,2.81,train,lt3,2,0,0.0005669883132243654,False
3401,3402,OADMET-0001695,4.44,train,4to5,4,0,0.0007917988411681454,False
3402,3403,OADMET-0001694,3.67,train,3to4,3,0,0.000516462315627131,False
3403,3404,OADMET-0001693,4.52,train,4to5,1,0,0.00014070178860675427,False
3404,3405,OADMET-0001692,1.89,train,lt3,1,0,0.0006712973702346989,False
3405,3406,OADMET-0001691,3.47,train,3to4,3,0,0.00024164938238721844,False
3406,3407,OADMET-0001690,3.91,train,3to4,3,0,0.00025008008715069667,False
3407,3408,OADMET-0001689,3.28,train,3to4,3,0,0.0006485614185044499,False
3408,3409,OADMET-0001688,3.48,train,3to4,1,0,0.00011170566574099892,False
3409,3410,OADMET-0001687,4.18,train,4to5,3,0,0.00030006274814458976,False
3410,3411,OADMET-0001686,4.5,train,4to5,3,0,0.00010580847134327255,False
3411,3412,OADMET-0001685,2.27,train,lt3,3,0,0.00025237341606087235,False
3412,3413,OADMET-0001684,3.91,train,3to4,1,0,0.00023949509230944134,False
3413,3414,OADMET-0001683,4.58,train,4to5,1,0,0.0002696379497167155,False
3414,3415,OADMET-0001682,4.63,train,4to5,3,0,0.00030285106302223465,False
3415,3416,OADMET-0001681,4.09,train,4to5,0,0,0.000773085164017534,False
3416,3417,OADMET-0001680,4.31,train,4to5,3,0,0.0004344488214824122,False
3417,3418,OADMET-0001679,5.43,train,5to6,2,0,0.0003462185529561626,False
3418,3419,OADMET-0001678,2.37,train,lt3,3,0,0.00018397037615733956,False
3419,3420,OADMET-0001677,2.97,train,lt3,0,0,0.0005250210281582167,False
3420,3421,OADMET-0001676,3.94,train,3to4,3,0,0.0003421120230376457,False
3421,3422,OADMET-0001675,3.46,train,3to4,1,0,9.511837158391549e-05,False
3422,3423,OADMET-0001674,3.81,train,3to4,4,0,0.00021303333991293377,False
3423,3424,OADMET-0001673,2.73,train,lt3,2,0,0.0011219781898538779,False
3424,3425,OADMET-0001672,3.35,train,3to4,4,0,0.00018820383076187462,False
3425,3426,OADMET-0001671,3.66,train,3to4,4,0,0.0009255859570381368,False
3426,3427,OADMET-0001670,4.5,train,4to5,2,0,0.00027517550778192036,False
3427,3428,OADMET-0001669,3.72,train,3to4,4,0,0.00020967897004357827,False
3428,3429,OADMET-0001668,3.49,train,3to4,0,0,0.0027466814920464114,False
3429,3430,OADMET-0001667,4.56,train,4to5,0,0,0.00021948278312103396,False
3430,3431,OADMET-0001666,1.76,train,lt3,4,0,0.00011259633680519791,False
3431,3432,OADMET-0001665,2.36,train,lt3,2,0,0.00037720795566675765,False
3432,3433,OADMET-0001664,3.43,train,3to4,4,0,0.00032334292576779593,False
3433,3434,OADMET-0001663,1.89,train,lt3,4,0,0.0010923778673614477,False
3434,3435,OADMET-0001662,3.14,train,3to4,4,0,0.0001210809418809266,False
3435,3436,OADMET-0001661,4.26,train,4to5,0,0,0.004880610022768444,False
3436,3437,OADMET-0001660,3.33,train,3to4,0,0,0.0006992604858233546,False
3437,3438,OADMET-0001659,1.7,train,lt3,0,0,0.00039348915110097566,False
3438,3439,OADMET-0001658,2.2,train,lt3,0,0,0.00018316608726764693,False
3439,3440,OADMET-0001657,1.66,train,lt3,4,0,0.0004098864051251889,False
3440,3441,OADMET-0001656,2.5,train,lt3,4,0,0.0002609030369052746,False
3441,3442,OADMET-0001655,4.11,train,4to5,2,0,0.00036855249555140294,False
3442,3443,OADMET-0001654,3.66,train,3to4,0,0,0.0006202910591112218,False
3443,3444,OADMET-0001653,1.88,train,lt3,0,0,0.000804895420477639,False
3444,3445,OADMET-0001652,3.09,train,3to4,4,0,0.00032338840512156035,False
3445,3446,OADMET-0001651,4.37,train,4to5,4,0,0.00025054231364996394,False
3446,3447,OADMET-0001650,2.86,train,lt3,4,0,0.0001600380038992098,False
3447,3448,OADMET-0001649,3.95,train,3to4,0,0,0.00015560934842436,False
3448,3449,OADMET-0001648,2.64,train,lt3,4,0,0.0006154142388717677,False
3449,3450,OADMET-0001647,3.33,train,3to4,4,0,0.00019357759078067284,False
3450,3451,OADMET-0001646,4.22,train,4to5,4,0,0.00015489618258038672,False
3451,3452,OADMET-0001645,4.45,train,4to5,4,0,0.001573258200248671,False
3452,3453,OADMET-0001644,2.51,train,lt3,4,0,0.0008300246786072904,False
3453,3454,OADMET-0001643,4.1,train,4to5,0,0,0.00014938113384634324,False
3454,3455,OADMET-0001642,4.24,train,4to5,4,0,0.0021019116573413247,False
3455,3456,OADMET-0001641,3.27,train,3to4,0,0,0.0003828703089350036,False
3456,3457,OADMET-0001640,2.23,train,lt3,4,0,0.00014766442119801412,False
3457,3458,OADMET-0001639,2.58,train,lt3,0,0,0.0025562394338951053,False
3458,3459,OADMET-0001638,2.28,train,lt3,4,0,0.00020921999370217753,False
3459,3460,OADMET-0001637,3.62,train,3to4,2,0,0.00015483368303104101,False
3460,3461,OADMET-0001636,3.15,train,3to4,4,0,0.0001748784719725102,False
3461,3462,OADMET-0001635,3.63,train,3to4,4,0,0.000216406660470686,False
3462,3463,OADMET-0001634,4.83,train,4to5,4,0,0.0003176604062399222,False
3463,3464,OADMET-0001633,4.18,train,4to5,4,0,0.00019556930842678925,False
3464,3465,OADMET-0001632,2.45,train,lt3,4,0,0.00013047225298548433,False
3465,3466,OADMET-0001631,4.35,train,4to5,0,0,0.00033332697006975114,False
3466,3467,OADMET-0001630,5.82,train,5to6,4,0,0.008382870025333606,False
3467,3468,OADMET-0001629,3.27,train,3to4,4,0,0.0003266608729731329,False
3468,3469,OADMET-0001628,3.48,train,3to4,4,0,0.00018079998233436933,False
3469,3470,OADMET-0001627,4.67,train,4to5,4,0,0.00047586036629132576,False
3470,3471,OADMET-0001626,2.86,train,lt3,2,0,0.00014867419933489696,False
3471,3472,OADMET-0001625,2.97,train,lt3,4,0,0.00014877757540955578,False
3472,3473,OADMET-0001624,4.33,train,4to5,3,0,0.0007783977572000912,False
3473,3474,OADMET-0001623,4.87,train,4to5,4,0,0.00801918043096846,False
3474,3475,OADMET-0001622,4.2,train,4to5,4,0,0.006604941586583472,False
3475,3476,OADMET-0001621,4.65,train,4to5,4,0,0.0003352091391806965,False
3476,3477,OADMET-0001620,3.85,train,3to4,0,0,0.00034769610148679367,False
3477,3478,OADMET-0001619,5.05,train,5to6,4,0,0.00024412495675730887,False
3478,3479,OADMET-0001618,4.88,train,4to5,0,0,0.0010114807728224039,False
3479,3480,OADMET-0001617,3.92,train,3to4,0,0,0.00010423818917033004,False
3480,3481,OADMET-0001616,4.34,train,4to5,0,0,0.00011095679509725735,False
3481,3482,OADMET-0001615,2.79,train,lt3,4,0,0.0001065534690477734,False
3482,3483,OADMET-0001614,3.88,train,3to4,4,0,0.0004289397636361656,False
3483,3484,OADMET-0001613,4.08,train,4to5,2,0,0.0002817519322850231,False
3484,3485,OADMET-0001612,3.53,train,3to4,4,0,9.038065228359408e-05,False
3485,3486,OADMET-0001611,4.25,train,4to5,2,0,0.0015746247919934933,False
3486,3487,OADMET-0001610,5.01,train,5to6,2,0,0.00036760163497837425,False
3487,3488,OADMET-0001609,4.31,train,4to5,0,0,0.002196166656233483,False
3488,3489,OADMET-0001608,3.98,train,3to4,0,0,0.0002310175330708927,False
3489,3490,OADMET-0001607,2.28,train,lt3,4,0,0.0005206187449442068,False
3490,3491,OADMET-0001606,3.99,train,3to4,3,0,0.00017704715032799793,False
3491,3492,OADMET-0001605,4.21,train,4to5,0,0,0.0003605317747846072,False
3492,3493,OADMET-0001604,2.68,train,lt3,0,0,0.0005839278768305595,False
3493,3494,OADMET-0001602,1.77,train,lt3,4,0,0.0001656766754852775,False
3494,3495,OADMET-0001601,3.52,train,3to4,2,0,0.00031678151017418255,False
3495,3496,OADMET-0001600,1.96,train,lt3,4,0,0.0003191240645151679,False
3496,3497,OADMET-0001599,4.29,train,4to5,0,0,0.0027583287252918604,False
3497,3498,OADMET-0001598,3.71,train,3to4,4,0,0.003026535272835183,False
3498,3499,OADMET-0001597,4.5,train,4to5,4,0,0.0014461611507691693,False
3499,3500,OADMET-0001596,2.23,train,lt3,4,0,0.00013420219272347513,False
3500,3501,OADMET-0001595,1.8,train,lt3,4,0,0.00027402033392828887,False
3501,3502,OADMET-0001594,1.7,train,lt3,4,0,0.00032885565793289146,False
3502,3503,OADMET-0001593,4.84,train,4to5,4,0,0.00018004946013230752,False
3503,3504,OADMET-0001592,2.44,train,lt3,4,0,0.0002206060319464003,False
3504,3505,OADMET-0001591,3.5,train,3to4,2,0,0.0001854493024809982,False
3505,3506,OADMET-0001590,2.88,train,lt3,4,0,0.00013351278495501342,False
3506,3507,OADMET-0001589,3.04,train,3to4,1,0,0.0010323842643824184,False
3507,3508,OADMET-0001588,4.34,train,4to5,0,0,0.0005409573119279209,False
3508,3509,OADMET-0001587,5.09,train,5to6,4,0,0.0001139613340123963,False
3509,3510,OADMET-0001586,2.57,train,lt3,4,0,0.00025783857851204115,False
3510,3511,OADMET-0001585,2.25,train,lt3,4,0,0.00035169011401742494,False
3511,3512,OADMET-0001584,5.28,train,5to6,4,0,0.0010292527161182012,False
3512,3513,OADMET-0001583,5.28,train,5to6,2,0,0.000198717665920755,False
3513,3514,OADMET-0001582,3.01,train,3to4,4,0,8.89420051988177e-05,False
3514,3515,OADMET-0001581,5.01,train,5to6,4,0,0.00014648941433159985,False
3515,3516,OADMET-0001580,5.26,train,5to6,0,0,0.003472426579451623,False
3516,3517,OADMET-0001579,2.77,train,lt3,4,0,0.00010483612763958401,False
3517,3518,OADMET-0001578,3.58,train,3to4,4,0,0.0003937894155965557,False
3518,3519,OADMET-0001577,3.83,train,3to4,2,0,0.0004977466529569428,False
3519,3520,OADMET-0001576,2.7,train,lt3,4,0,0.0002586248493358658,False
3520,3521,OADMET-0001575,2.48,train,lt3,4,0,0.0002177319114285387,False
3521,3522,OADMET-0001574,4.01,train,4to5,0,0,0.0005103245351189406,False
3522,3523,OADMET-0001573,2.61,train,lt3,0,0,9.797348921434118e-05,False
3523,3524,OADMET-0001572,2.37,train,lt3,2,0,0.0001409318593053864,False
3524,3525,OADMET-0001571,4.35,train,4to5,0,0,0.00017792153602586561,False
3525,3526,OADMET-0001570,4.63,train,4to5,2,0,0.0005737438341110591,False
3526,3527,OADMET-0001569,4.28,train,4to5,4,0,0.00019464721914679546,False
3527,3528,OADMET-0001568,2.55,train,lt3,2,0,0.00010324648672706959,False
3528,3529,OADMET-0001567,1.85,train,lt3,4,0,0.00020659396888970404,False
3529,3530,OADMET-0001566,4.66,train,4to5,0,0,0.00028977458435468315,False
3530,3531,OADMET-0001565,3.07,train,3to4,4,0,0.0005187243262063743,False
3531,3532,OADMET-0001564,2.92,train,lt3,4,0,0.00046858487312540024,False
3532,3533,OADMET-0001563,3.97,train,3to4,1,0,0.0001562702169966702,False
3533,3534,OADMET-0001562,4.52,train,4to5,4,0,0.0006707516820689823,False
3534,3535,OADMET-0001561,3.95,train,3to4,0,0,0.001699415034541651,False
3535,3536,OADMET-0001558,3.69,train,3to4,0,0,0.0031427762091824876,False
3536,3537,OADMET-0001557,4.81,train,4to5,4,0,0.00014743712701029225,False
3537,3538,OADMET-0001556,3.58,train,3to4,4,0,0.0002159186077825083,False
3538,3539,OADMET-0001555,3.25,train,3to4,4,0,0.00017523998980946263,False
3539,3540,OADMET-0001554,2.02,train,lt3,0,0,0.00020303777584311953,False
3540,3541,OADMET-0001553,2.96,train,lt3,4,0,0.0007177019569905312,False
3541,3542,OADMET-0001552,4.64,train,4to5,2,0,0.0011109917504108359,False
3542,3543,OADMET-0001551,4.07,train,4to5,1,0,0.00012808294037278912,False
3543,3544,OADMET-0001550,5.04,train,5to6,3,0,0.0006603324445679308,False
3544,3545,OADMET-0001549,2.58,train,lt3,3,0,0.0001496485502798561,False
3545,3546,OADMET-0001548,4.7,train,4to5,2,0,0.0003256713688543545,False
3546,3547,OADMET-0001547,3.25,train,3to4,3,0,0.0004295316949566429,False
3547,3548,OADMET-0001545,1.69,train,lt3,3,0,0.0015896485551944884,False
3548,3549,OADMET-0001544,2.68,train,lt3,4,0,0.00022321241505308828,False
3549,3550,OADMET-0001543,4.2,train,4to5,1,0,0.00010954695529883666,False
3550,3551,OADMET-0001542,1.68,train,lt3,2,0,0.0001027190928988604,False
3551,3552,OADMET-0001540,3.37,train,3to4,3,0,0.0005376040464852173,False
3552,3553,OADMET-0001539,3.34,train,3to4,3,0,0.0006412892812286227,False
3553,3554,OADMET-0001538,4.12,train,4to5,3,0,0.002211621035522189,False
3554,3555,OADMET-0001537,3.49,train,3to4,1,0,0.00012389044286033245,False
3555,3556,OADMET-0001536,4.82,train,4to5,1,0,0.00010231500701028504,False
3556,3557,OADMET-0001535,4.87,train,4to5,0,0,0.00036662159045318697,False
3557,3558,OADMET-0001533,5.2,train,5to6,1,0,0.00013344626229702176,False
3558,3559,OADMET-0001532,4.67,train,4to5,3,0,0.00023012508919823747,False
3559,3560,OADMET-0001531,3.29,train,3to4,0,0,0.00029067433673908,False
3560,3561,OADMET-0001530,3.87,train,3to4,3,0,0.00019903180723647367,False
3561,3562,OADMET-0001529,5.1,train,5to6,4,0,0.0012375186267355731,False
3562,3563,OADMET-0001528,4.56,train,4to5,3,0,0.0003318119820165477,False
3563,3564,OADMET-0001527,3.79,train,3to4,0,0,0.00012818042917436058,False
3564,3565,OADMET-0001526,3.53,train,3to4,3,0,0.000484670777676238,False
3565,3566,OADMET-0001525,4.91,train,4to5,3,0,0.0002693599791904635,False
3566,3567,OADMET-0001524,3.01,train,3to4,1,0,0.00012520162871094514,False
3567,3568,OADMET-0001522,4.53,train,4to5,0,0,0.0021486742797396244,False
3568,3569,OADMET-0001520,4.55,train,4to5,4,0,0.004515487728630863,False
3569,3570,OADMET-0001519,3.81,train,3to4,4,0,0.0003498124376420953,False
3570,3571,OADMET-0001518,3.66,train,3to4,3,0,0.00031842259785725834,False
3571,3572,OADMET-0001517,3.1,train,3to4,1,0,9.536218164664918e-05,False
3572,3573,OADMET-0001516,4.79,train,4to5,0,0,0.0003266824938173154,False
3573,3574,OADMET-0001514,4.53,train,4to5,3,0,0.001471558591044255,False
3574,3575,OADMET-0001513,4.98,train,4to5,3,0,0.00036593312985654455,False
3575,3576,OADMET-0001512,1.82,train,lt3,1,0,0.00016376638479890553,False
3576,3577,OADMET-0001511,3.62,train,3to4,3,0,0.00011061260448668155,False
3577,3578,OADMET-0001510,1.67,train,lt3,1,0,0.00013150366946731857,False
3578,3579,OADMET-0001509,2.86,train,lt3,3,0,9.684051612801473e-05,False
3579,3580,OADMET-0001508,4.58,train,4to5,3,0,0.0002829667721280866,False
3580,3581,OADMET-0001507,4.61,train,4to5,3,0,0.0014123389125475663,False
3581,3582,OADMET-0001506,4.47,train,4to5,1,0,0.000269245551320951,False
3582,3583,OADMET-0001505,3.86,train,3to4,3,0,0.0008999971562708212,False
3583,3584,OADMET-0001504,5.16,train,5to6,3,0,0.0004091136675900173,False
3584,3585,OADMET-0001503,3.52,train,3to4,2,0,0.00015153164149928303,False
3585,3586,OADMET-0001502,4.57,train,4to5,3,0,0.0002010491105197633,False
3586,3587,OADMET-0001501,3.91,train,3to4,3,0,0.0007189027916388133,False
3587,3588,OADMET-0001500,4.41,train,4to5,2,0,0.0013614425371243518,False
3588,3589,OADMET-0001499,3.88,train,3to4,1,0,7.08435696389058e-05,False
3589,3590,OADMET-0001498,5.51,train,5to6,4,0,0.009926555377367198,False
3590,3591,OADMET-0001497,4.95,train,4to5,2,0,0.0006462081006126107,False
3591,3592,OADMET-0001496,1.85,train,lt3,1,0,0.0006891106807878775,False
3592,3593,OADMET-0001495,5.09,train,5to6,4,0,0.0004134954023122326,False
3593,3594,OADMET-0001494,2.26,train,lt3,4,0,0.00020972498794879414,False
3594,3595,OADMET-0001493,2.33,train,lt3,2,0,0.0002509077731786306,False
3595,3596,OADMET-0001492,4.19,train,4to5,4,0,0.0021016241430186246,False
3596,3597,OADMET-0001491,5.18,train,5to6,1,0,0.00033705876680823675,False
3597,3598,OADMET-0001490,5.3,train,5to6,4,0,0.0009332049883030966,False
3598,3599,OADMET-0001489,4.09,train,4to5,2,0,0.00016649444693414228,False
3599,3600,OADMET-0001488,5.22,train,5to6,3,0,0.0003023931061178541,False
3600,3601,OADMET-0001487,3.76,train,3to4,4,0,0.0074983795712730405,False
3601,3602,OADMET-0001486,5.08,train,5to6,3,0,0.0026761420595566203,False
3602,3603,OADMET-0001485,5.78,train,5to6,1,0,0.0009226111448274361,False
3603,3604,OADMET-0001484,2.44,train,lt3,3,0,0.00019005159793415878,False
3604,3605,OADMET-0001482,5.67,train,5to6,3,0,0.17656898111469016,False
3605,3606,OADMET-0001481,4.41,train,4to5,4,0,0.00016257262316632623,False
3606,3607,OADMET-0001480,4.83,train,4to5,2,0,0.0003811540775560873,False
3607,3608,OADMET-0001479,4.61,train,4to5,0,0,0.014719219705050864,False
3608,3609,OADMET-0001478,5.04,train,5to6,4,0,0.004415971843112919,False
3609,3610,OADMET-0001477,5.33,train,5to6,0,0,0.0011069052891846114,False
3610,3611,OADMET-0001476,4.38,train,4to5,4,0,0.001189007450318998,False
3611,3612,OADMET-0001474,2.86,train,lt3,4,0,0.0016276447120377306,False
3612,3613,OADMET-0001473,2.52,train,lt3,4,0,0.003681163707542783,False
3613,3614,OADMET-0001472,3.57,train,3to4,4,0,0.00023081648125713558,False
3614,3615,OADMET-0001471,1.73,train,lt3,4,0,0.00020828852606879882,False
3615,3616,OADMET-0001470,6.43,train,gte6,4,1,0.0022139778296050286,False
3616,3617,OADMET-0001469,4.34,train,4to5,3,0,0.0009934617162808378,False
3617,3618,OADMET-0001468,4.01,train,4to5,4,0,0.0002598527660395989,False
3618,3619,OADMET-0001467,3.87,train,3to4,4,0,0.00032988134875095327,False
3619,3620,OADMET-0001466,3.16,train,3to4,4,0,0.001363388780814719,False
3620,3621,OADMET-0001465,4.41,train,4to5,4,0,0.0014452650491737838,False
3621,3622,OADMET-0001464,4.45,train,4to5,3,0,0.0003466436166246786,False
3622,3623,OADMET-0001463,3.21,train,3to4,0,0,0.0005012256234082493,False
3623,3624,OADMET-0001462,5.16,train,5to6,0,0,0.00033548359188431486,False
3624,3625,OADMET-0001461,5.18,train,5to6,0,0,0.0005600263437146665,False
3625,3626,OADMET-0001460,2.48,train,lt3,0,0,0.0001611237728958479,False
3626,3627,OADMET-0001459,3.69,train,3to4,0,0,0.0002345641366452109,False
3627,3628,OADMET-0001458,3.0,train,lt3,0,0,0.0001164146222857123,False
3628,3629,OADMET-0001457,2.9,train,lt3,0,0,0.00016016097125362447,False
3629,3630,OADMET-0001456,3.16,train,3to4,0,0,0.00023178376799591984,False
3630,3631,OADMET-0001454,2.3,train,lt3,3,0,0.0001816393506101812,False
3631,3632,OADMET-0001453,5.52,train,5to6,1,0,0.0025162285416888835,False
3632,3633,OADMET-0001452,5.06,train,5to6,1,0,0.0002662320800135531,False
3633,3634,OADMET-0001451,5.04,train,5to6,0,0,0.00022408272956654898,False
3634,3635,OADMET-0001450,3.66,train,3to4,0,0,0.0003727955398741674,False
3635,3636,OADMET-0001449,5.2,train,5to6,2,0,0.00026515463324738327,False
3636,3637,OADMET-0001448,4.54,train,4to5,0,0,0.000404704316326137,False
3637,3638,OADMET-0001447,4.65,train,4to5,0,0,0.0004588056391665853,False
3638,3639,OADMET-0001446,2.51,train,lt3,0,0,0.0004131869102332188,False
3639,3640,OADMET-0001445,4.36,train,4to5,2,0,0.001390847433672909,False
3640,3641,OADMET-0001444,4.56,train,4to5,3,0,0.0001626785886974366,False
3641,3642,OADMET-0001442,3.69,train,3to4,3,0,0.00030694459720347967,False
3642,3643,OADMET-0001441,5.05,train,5to6,0,0,0.0002095795470958886,False
3643,3644,OADMET-0001440,4.59,train,4to5,0,0,0.00017309288267097593,False
3644,3645,OADMET-0001439,5.33,train,5to6,0,0,0.0004929909855965462,False
3645,3646,OADMET-0001438,1.67,train,lt3,0,0,0.0002213389053930828,False
3646,3647,OADMET-0001437,4.53,train,4to5,3,0,0.0004339851800642224,False
3647,3648,OADMET-0001436,5.35,train,5to6,3,0,0.0005278086918247883,False
3648,3649,OADMET-0001435,3.09,train,3to4,2,0,0.0020251034130108142,False
3649,3650,OADMET-0001434,2.86,train,lt3,3,0,0.00037366386720571744,False
3650,3651,OADMET-0001433,2.36,train,lt3,2,0,0.00013126029215350466,False
3651,3652,OADMET-0001432,4.61,train,4to5,0,0,0.0003782676380908987,False
3652,3653,OADMET-0001431,3.64,train,3to4,4,0,0.0015255445515903682,False
3653,3654,OADMET-0001430,4.92,train,4to5,0,0,0.000670601622053385,False
3654,3655,OADMET-0001429,3.34,train,3to4,3,0,0.00023060596648906927,False
3655,3656,OADMET-0001427,4.79,train,4to5,3,0,0.0005404475811918429,False
3656,3657,OADMET-0001426,4.87,train,4to5,0,0,0.0005657450360684874,False
3657,3658,OADMET-0001425,5.15,train,5to6,3,0,0.0002445194634795716,False
3658,3659,OADMET-0001424,4.98,train,4to5,2,0,9.981190108779703e-05,False
3659,3660,OADMET-0001423,1.88,train,lt3,4,0,0.0002552267223970765,False
3660,3661,OADMET-0001422,4.77,train,4to5,0,0,0.0005096463735999957,False
3661,3662,OADMET-0001420,5.19,train,5to6,3,0,0.0003877779227413601,False
3662,3663,OADMET-0001419,3.61,train,3to4,3,0,0.007170256797013488,False
3663,3664,OADMET-0001418,4.24,train,4to5,2,0,0.0004920534076745564,False
3664,3665,OADMET-0001417,3.38,train,3to4,3,0,0.00014627327145593527,False
3665,3666,OADMET-0001416,4.71,train,4to5,0,0,0.0010407482128501546,False
3666,3667,OADMET-0001415,3.83,train,3to4,3,0,0.0004145256053931157,False
3667,3668,OADMET-0001414,4.86,train,4to5,0,0,0.0011754474844154709,False
3668,3669,OADMET-0001413,3.4,train,3to4,3,0,0.0005319191440328502,False
3669,3670,OADMET-0001412,4.11,train,4to5,3,0,0.0005015926903569928,False
3670,3671,OADMET-0001410,4.8,train,4to5,4,0,0.0019423468150291652,False
3671,3672,OADMET-0001409,4.1,train,4to5,1,0,0.0014696267784765798,False
3672,3673,OADMET-0001408,5.27,train,5to6,1,0,0.005148984222011236,False
3673,3674,OADMET-0001407,3.2,train,3to4,2,0,0.00039412420274257336,False
3674,3675,OADMET-0001406,5.86,train,5to6,4,0,0.19112915554974788,False
3675,3676,OADMET-0001405,5.8,train,5to6,1,0,0.005362529400143489,False
3676,3677,OADMET-0001404,4.09,train,4to5,3,0,0.00031209433919454345,False
3677,3678,OADMET-0001403,4.05,train,4to5,3,0,0.0001463419198998818,False
3678,3679,OADMET-0001402,4.39,train,4to5,0,0,0.0036817471526186044,False
3679,3680,OADMET-0001401,3.49,train,3to4,3,0,0.003650094456203111,False
3680,3681,OADMET-0001400,4.99,train,4to5,3,0,0.0003128881005302542,False
3681,3682,OADMET-0001399,5.01,train,5to6,3,0,0.0012983681959191752,False
3682,3683,OADMET-0001398,1.66,train,lt3,3,0,0.0005891912943953359,False
3683,3684,OADMET-0001397,4.38,train,4to5,3,0,0.0007074935244604109,False
3684,3685,OADMET-0001396,5.48,train,5to6,1,0,0.0003755404281402621,False
3685,3686,OADMET-0001395,5.48,train,5to6,2,0,0.0007083321840659827,False
3686,3687,OADMET-0001394,4.74,train,4to5,2,0,0.00016494100959704215,False
3687,3688,OADMET-0001393,3.04,train,3to4,3,0,0.00037394272303923557,False
3688,3689,OADMET-0001392,2.85,train,lt3,4,0,0.0004054752285576728,False
3689,3690,OADMET-0001391,4.33,train,4to5,2,0,0.0005893878145641652,False
3690,3691,OADMET-0001390,1.75,train,lt3,1,0,0.00036592911751682946,False
3691,3692,OADMET-0001388,6.14,train,gte6,0,1,0.0003660665721366578,False
3692,3693,OADMET-0001387,1.63,train,lt3,2,0,0.0005295696207032658,False
3693,3694,OADMET-0001385,4.75,train,4to5,2,0,0.0004079303587680083,False
3694,3695,OADMET-0001384,1.71,train,lt3,3,0,0.0017084938221913991,False
3695,3696,OADMET-0001383,3.93,train,3to4,0,0,0.00023512783673543895,False
3696,3697,OADMET-0001382,4.76,train,4to5,1,0,0.00035018647953038165,False
3697,3698,OADMET-0001381,4.44,train,4to5,3,0,0.00013669693632065177,False
3698,3699,OADMET-0001380,2.42,train,lt3,3,0,9.879376501885922e-05,False
3699,3700,OADMET-0001379,4.88,train,4to5,3,0,0.00027941663693192744,False
3700,3701,OADMET-0001377,3.19,train,3to4,4,0,0.0014202183607095896,False
3701,3702,OADMET-0001376,3.92,train,3to4,4,0,0.0006635807240224158,False
3702,3703,OADMET-0001375,3.39,train,3to4,0,0,0.0005062435656295784,False
3703,3704,OADMET-0001374,5.25,train,5to6,2,0,0.006066803455184824,False
3704,3705,OADMET-0001373,4.38,train,4to5,2,0,0.005459612278997083,False
3705,3706,OADMET-0001372,3.41,train,3to4,3,0,0.0009594066941847239,False
3706,3707,OADMET-0001371,5.14,train,5to6,2,0,0.007687259767276489,False
3707,3708,OADMET-0001370,5.26,train,5to6,2,0,0.021966156283694385,False
3708,3709,OADMET-0001369,4.26,train,4to5,2,0,0.0003322688294723928,False
3709,3710,OADMET-0001368,5.6,train,5to6,3,0,0.0006309444641298924,False
3710,3711,OADMET-0001367,5.43,train,5to6,4,0,0.0010645323156470924,False
3711,3712,OADMET-0001366,5.2,train,5to6,3,0,0.0783108483789383,False
3712,3713,OADMET-0001365,4.8,train,4to5,3,0,0.0007665220601340037,False
3713,3714,OADMET-0001364,5.09,train,5to6,3,0,0.0009532684179688577,False
3714,3715,OADMET-0001363,3.57,train,3to4,3,0,0.0002035035062847047,False
3715,3716,OADMET-0001362,3.53,train,3to4,3,0,0.00018092408652995015,False
3716,3717,OADMET-0001361,3.55,train,3to4,3,0,0.0001455941964696139,False
3717,3718,OADMET-0001360,3.02,train,3to4,3,0,0.00019701976028944635,False
3718,3719,OADMET-0001359,4.38,train,4to5,1,0,0.0005578979826895417,False
3719,3720,OADMET-0001358,3.43,train,3to4,4,0,0.007526794013504735,False
3720,3721,OADMET-0001357,3.38,train,3to4,1,0,0.00015795159499703383,False
3721,3722,OADMET-0001356,3.94,train,3to4,1,0,0.0003162506459489691,False
3722,3723,OADMET-0001355,3.78,train,3to4,2,0,0.0005555575009434201,False
3723,3724,OADMET-0001354,3.62,train,3to4,0,0,0.0005586641555160106,False
3724,3725,OADMET-0001353,3.24,train,3to4,3,0,0.00022202311351927873,False
3725,3726,OADMET-0001352,2.61,train,lt3,4,0,0.0005024961968089823,False
3726,3727,OADMET-0001351,4.55,train,4to5,1,0,0.00015905735880364648,False
3727,3728,OADMET-0001350,3.7,train,3to4,0,0,0.00025270009676093164,False
3728,3729,OADMET-0001349,3.36,train,3to4,3,0,0.0003248973326006469,False
3729,3730,OADMET-0001347,4.64,train,4to5,0,0,0.0004879023945369666,False
3730,3731,OADMET-0001346,4.38,train,4to5,3,0,0.00031358397454339556,False
3731,3732,OADMET-0001345,3.28,train,3to4,2,0,0.00010457309403078579,False
3732,3733,OADMET-0001344,4.08,train,4to5,0,0,0.0001652016098727771,False
3733,3734,OADMET-0001343,3.71,train,3to4,1,0,0.0007830229102553367,False
3734,3735,OADMET-0001342,1.81,train,lt3,0,0,0.00022852601924971207,False
3735,3736,OADMET-0001341,3.44,train,3to4,4,0,0.00014830471287341295,False
3736,3737,OADMET-0001340,3.16,train,3to4,1,0,0.0004820435187378862,False
3737,3738,OADMET-0001339,2.05,train,lt3,3,0,0.0004794140457297962,False
3738,3739,OADMET-0001338,4.87,train,4to5,0,0,0.0001951788256872839,False
3739,3740,OADMET-0001337,4.99,train,4to5,4,0,0.0006193992681734483,False
3740,3741,OADMET-0001336,4.96,train,4to5,3,0,0.005509594760611646,False
3741,3742,OADMET-0001335,4.74,train,4to5,0,0,0.00040378466049595044,False
3742,3743,OADMET-0001334,3.49,train,3to4,0,0,0.0001276289079672819,False
3743,3744,OADMET-0001333,3.73,train,3to4,4,0,0.000249129803069328,False
3744,3745,OADMET-0001332,4.69,train,4to5,2,0,0.0010687669403387139,False
3745,3746,OADMET-0001331,3.09,train,3to4,1,0,0.0003338340815943031,False
3746,3747,OADMET-0001330,4.56,train,4to5,2,0,0.0002347696518075687,False
3747,3748,OADMET-0001329,3.05,train,3to4,3,0,0.00024660642822932463,False
3748,3749,OADMET-0001328,3.67,train,3to4,3,0,0.00027976259507403147,False
3749,3750,OADMET-0001327,1.91,train,lt3,3,0,0.00013184901036469905,False
3750,3751,OADMET-0001326,4.8,train,4to5,0,0,0.0005679793110094143,False
3751,3752,OADMET-0001325,3.98,train,3to4,1,0,0.00030300175524856026,False
3752,3753,OADMET-0001324,3.39,train,3to4,0,0,0.0003607690771715493,False
3753,3754,OADMET-0001323,3.58,train,3to4,0,0,0.00024172323526602303,False
3754,3755,OADMET-0001322,2.55,train,lt3,0,0,0.0002890183090902921,False
3755,3756,OADMET-0001321,2.59,train,lt3,2,0,0.00030335360541424046,False
3756,3757,OADMET-0001320,2.51,train,lt3,1,0,0.00016689629396130995,False
3757,3758,OADMET-0001319,3.69,train,3to4,1,0,0.00032726997470921816,False
3758,3759,OADMET-0001318,4.66,train,4to5,0,0,0.00018820186854269185,False
3759,3760,OADMET-0001317,3.25,train,3to4,0,0,0.0003192114865561861,False
3760,3761,OADMET-0001316,2.36,train,lt3,2,0,0.00012915597957813496,False
3761,3762,OADMET-0001315,4.46,train,4to5,0,0,0.00043382686717053926,False
3762,3763,OADMET-0001314,3.43,train,3to4,4,0,0.0001461994951193423,False
3763,3764,OADMET-0001313,3.53,train,3to4,0,0,0.0003128300814720255,False
3764,3765,OADMET-0001312,3.53,train,3to4,2,0,0.000343681331474769,False
3765,3766,OADMET-0001311,3.81,train,3to4,1,0,0.00030784051214499035,False
3766,3767,OADMET-0001308,3.23,train,3to4,0,0,0.00020429357245406712,False
3767,3768,OADMET-0001307,3.03,train,3to4,2,0,0.0002121696277390897,False
3768,3769,OADMET-0001306,3.56,train,3to4,3,0,0.0008242205815129772,False
3769,3770,OADMET-0001305,3.17,train,3to4,3,0,0.0003499423713442754,False
3770,3771,OADMET-0001304,2.56,train,lt3,0,0,0.00013024038365747523,False
3771,3772,OADMET-0001303,4.15,train,4to5,0,0,0.000250570403507069,False
3772,3773,OADMET-0001302,3.94,train,3to4,3,0,0.0005186672761899382,False
3773,3774,OADMET-0001301,4.68,train,4to5,1,0,0.00019550331309536122,False
3774,3775,OADMET-0001300,3.18,train,3to4,4,0,0.0003277362359311225,False
3775,3776,OADMET-0001299,4.92,train,4to5,2,0,0.000361193795681517,False
3776,3777,OADMET-0001297,2.6,train,lt3,1,0,0.0002043170115708781,False
3777,3778,OADMET-0001296,2.71,train,lt3,4,0,0.00010525076770471348,False
3778,3779,OADMET-0001295,4.6,train,4to5,1,0,0.0001721231193688132,False
3779,3780,OADMET-0001294,2.34,train,lt3,3,0,0.0005006047262932499,False
3780,3781,OADMET-0001293,4.19,train,4to5,4,0,8.333189859764785e-05,False
3781,3782,OADMET-0001292,3.68,train,3to4,3,0,0.00027492632708179393,False
3782,3783,OADMET-0001290,3.41,train,3to4,4,0,0.00015521755710378108,False
3783,3784,OADMET-0001289,4.21,train,4to5,3,0,0.0001799223014215967,False
3784,3785,OADMET-0001288,2.76,train,lt3,3,0,0.0002790196245700396,False
3785,3786,OADMET-0001287,2.5,train,lt3,1,0,0.000277030701471313,False
3786,3787,OADMET-0001286,2.39,train,lt3,4,0,0.0001667909639448058,False
3787,3788,OADMET-0001284,3.35,train,3to4,3,0,0.00039349978575352757,False
3788,3789,OADMET-0001283,4.0,train,3to4,2,0,0.00039816113822805277,False
3789,3790,OADMET-0001282,2.37,train,lt3,2,0,0.00011411341456235521,False
3790,3791,OADMET-0001281,2.28,train,lt3,4,0,0.00028652497803442073,False
3791,3792,OADMET-0001280,3.14,train,3to4,0,0,0.0002113200775294823,False
3792,3793,OADMET-0001279,4.83,train,4to5,3,0,0.0010322748557557524,False
3793,3794,OADMET-0001278,2.56,train,lt3,0,0,0.00014278988193307065,False
3794,3795,OADMET-0001277,1.61,train,lt3,1,0,0.0006789158931396894,False
3795,3796,OADMET-0001276,4.6,train,4to5,0,0,0.00016750544113950703,False
3796,3797,OADMET-0001275,3.8,train,3to4,4,0,0.0001778922703456629,False
3797,3798,OADMET-0001274,3.68,train,3to4,2,0,0.0001101436673981492,False
3798,3799,OADMET-0001273,3.39,train,3to4,0,0,0.00013498723907688333,False
3799,3800,OADMET-0001272,2.95,train,lt3,2,0,8.457408332378039e-05,False
3800,3801,OADMET-0001270,4.39,train,4to5,0,0,0.0009917318830541333,False
3801,3802,OADMET-0001268,2.43,train,lt3,3,0,0.0002071443062573327,False
3802,3803,OADMET-0001267,3.29,train,3to4,0,0,0.00024324994826289221,False
3803,3804,OADMET-0001266,2.79,train,lt3,2,0,0.00013073963389989674,False
3804,3805,OADMET-0001264,2.91,train,lt3,3,0,0.00020435623426017725,False
3805,3806,OADMET-0001263,4.5,train,4to5,4,0,0.00036888882562134234,False
3806,3807,OADMET-0001262,3.18,train,3to4,3,0,0.000161087347212458,False
3807,3808,OADMET-0001261,3.15,train,3to4,2,0,0.0003042398931783584,False
3808,3809,OADMET-0001260,3.37,train,3to4,4,0,0.0001471620092785132,False
3809,3810,OADMET-0001259,2.88,train,lt3,3,0,0.0002069739435657121,False
3810,3811,OADMET-0001258,1.64,train,lt3,4,0,0.00032696509380454836,False
3811,3812,OADMET-0001257,3.77,train,3to4,3,0,0.0002478514179595417,False
3812,3813,OADMET-0001256,3.21,train,3to4,0,0,0.00022659373271899155,False
3813,3814,OADMET-0001255,3.39,train,3to4,2,0,0.00017532310720795038,False
3814,3815,OADMET-0001254,5.05,train,5to6,4,0,0.013045042289068423,False
3815,3816,OADMET-0001253,4.36,train,4to5,1,0,0.0007338689007319658,False
3816,3817,OADMET-0001252,3.73,train,3to4,3,0,0.0002490384244435824,False
3817,3818,OADMET-0001251,4.47,train,4to5,0,0,0.0005547298748763292,False
3818,3819,OADMET-0001250,3.09,train,3to4,4,0,0.00024125423721565984,False
3819,3820,OADMET-0001248,3.28,train,3to4,4,0,0.0001611623545064801,False
3820,3821,OADMET-0001247,3.55,train,3to4,3,0,0.0001894135472562192,False
3821,3822,OADMET-0001246,2.77,train,lt3,4,0,0.00023112345316716776,False
3822,3823,OADMET-0001245,2.84,train,lt3,3,0,0.0033488813300830414,False
3823,3824,OADMET-0001244,2.8,train,lt3,2,0,0.00036357404311451237,False
3824,3825,OADMET-0001243,3.03,train,3to4,2,0,0.00019825793419724498,False
3825,3826,OADMET-0001242,2.62,train,lt3,4,0,0.0003115097634104344,False
3826,3827,OADMET-0001241,1.66,train,lt3,4,0,0.00016664646795965549,False
3827,3828,OADMET-0001240,3.38,train,3to4,3,0,0.00017265110547519348,False
3828,3829,OADMET-0001239,7.54855421686747,train,gte6,1,1,0.010214949412764537,False
3829,3830,OADMET-0001238,3.33,train,3to4,1,0,0.00017429669941073386,False
3830,3831,OADMET-0001237,3.94,train,3to4,3,0,0.0002349652056538881,False
3831,3832,OADMET-0001236,2.57,train,lt3,0,0,0.00017943730029701445,False
3832,3833,OADMET-0001235,3.35,train,3to4,3,0,0.00021157563619057877,False
3833,3834,OADMET-0001234,4.11,train,4to5,3,0,0.00013680858267938516,False
3834,3835,OADMET-0001233,3.4,train,3to4,2,0,7.739407783412386e-05,False
3835,3836,OADMET-0001232,3.35,train,3to4,3,0,0.00018558158883273052,False
3836,3837,OADMET-0001231,3.95,train,3to4,3,0,0.00021840682609622645,False
3837,3838,OADMET-0001230,4.19,train,4to5,1,0,0.00021642877091385858,False
3838,3839,OADMET-0001229,3.49,train,3to4,1,0,0.00014472407667425063,False
3839,3840,OADMET-0001228,2.71,train,lt3,0,0,0.0005929332203615938,False
3840,3841,OADMET-0001227,2.79,train,lt3,1,0,0.0005350943411804469,False
3841,3842,OADMET-0001226,3.19,train,3to4,0,0,0.0003492039444429688,False
3842,3843,OADMET-0001225,3.52,train,3to4,4,0,0.0001400002073126699,False
3843,3844,OADMET-0001224,3.76,train,3to4,0,0,0.00019780025814377704,False
3844,3845,OADMET-0001223,2.9,train,lt3,4,0,0.00012058375179115661,False
3845,3846,OADMET-0001222,3.19,train,3to4,2,0,0.0002852917367620942,False
3846,3847,OADMET-0001221,2.97,train,lt3,1,0,0.00035942333074556683,False
3847,3848,OADMET-0001220,3.16,train,3to4,1,0,0.00011328850962231468,False
3848,3849,OADMET-0001219,2.74,train,lt3,2,0,0.00013713858580897872,False
3849,3850,OADMET-0001218,3.82,train,3to4,1,0,0.0001949966952406904,False
3850,3851,OADMET-0001217,4.01,train,4to5,0,0,0.0009220126122591513,False
3851,3852,OADMET-0001216,3.11,train,3to4,4,0,0.00016936039800527744,False
3852,3853,OADMET-0001215,2.24,train,lt3,3,0,0.00015616218680198,False
3853,3854,OADMET-0001214,4.57,train,4to5,0,0,0.0004651170258716444,False
3854,3855,OADMET-0001213,4.36,train,4to5,4,0,0.0002528448765526651,False
3855,3856,OADMET-0001212,4.28,train,4to5,3,0,0.00017602226001924435,False
3856,3857,OADMET-0001211,2.67,train,lt3,4,0,0.0001526439416294419,False
3857,3858,OADMET-0001210,3.23,train,3to4,2,0,0.0001652661470312704,False
3858,3859,OADMET-0001209,4.0,train,3to4,3,0,0.00014090005400799538,False
3859,3860,OADMET-0001208,4.11,train,4to5,1,0,0.00012883963692003397,False
3860,3861,OADMET-0001207,2.75,train,lt3,0,0,0.0001304299137025671,False
3861,3862,OADMET-0001206,2.77,train,lt3,4,0,0.0002274894419363483,False
3862,3863,OADMET-0001204,5.33,train,5to6,3,0,0.00013754787423926043,False
3863,3864,OADMET-0001203,3.05,train,3to4,2,0,0.0001795730786591048,False
3864,3865,OADMET-0001202,2.49,train,lt3,3,0,0.0003125380657085028,False
3865,3866,OADMET-0001201,3.95,train,3to4,4,0,0.0005150352131897299,False
3866,3867,OADMET-0001200,4.17,train,4to5,2,0,0.0001343344612711061,False
3867,3868,OADMET-0001199,2.53,train,lt3,0,0,0.00020729173403679483,False
3868,3869,OADMET-0001198,2.79,train,lt3,3,0,0.00023282243682138135,False
3869,3870,OADMET-0001197,2.68,train,lt3,3,0,0.00010594687690547805,False
3870,3871,OADMET-0001196,4.98,train,4to5,0,0,0.0007815560673006174,False
3871,3872,OADMET-0001195,3.78,train,3to4,3,0,0.00030806721963582117,False
3872,3873,OADMET-0001194,3.32,train,3to4,3,0,0.00018452767479416545,False
3873,3874,OADMET-0001193,2.48,train,lt3,3,0,0.0001492401341690819,False
3874,3875,OADMET-0001192,3.06,train,3to4,0,0,0.0001733621217397831,False
3875,3876,OADMET-0001191,3.66,train,3to4,3,0,0.0002476285373221901,False
3876,3877,OADMET-0001190,3.48,train,3to4,3,0,0.00034992527237012635,False
3877,3878,OADMET-0001189,3.05,train,3to4,0,0,0.00017955355473262653,False
3878,3879,OADMET-0001188,3.19,train,3to4,0,0,0.00018330056584030772,False
3879,3880,OADMET-0001187,4.19,train,4to5,2,0,0.00021236368365203619,False
3880,3881,OADMET-0001186,3.7,train,3to4,1,0,0.0004065061949723013,False
3881,3882,OADMET-0001185,5.54,train,5to6,4,0,0.0013486832037830647,False
3882,3883,OADMET-0001184,3.34,train,3to4,3,0,9.881733701788853e-05,False
3883,3884,OADMET-0001183,3.85,train,3to4,0,0,0.0001950535891903983,False
3884,3885,OADMET-0001182,2.69,train,lt3,3,0,0.0002705060826605069,False
3885,3886,OADMET-0001181,4.56,train,4to5,1,0,0.0010248776061750288,False
3886,3887,OADMET-0001180,4.77,train,4to5,0,0,0.0001225466441592898,False
3887,3888,OADMET-0001179,2.66,train,lt3,3,0,0.00024022978950708878,False
3888,3889,OADMET-0001178,2.53,train,lt3,0,0,0.00019504708293048185,False
3889,3890,OADMET-0001177,4.84,train,4to5,4,0,0.00038525453279077625,False
3890,3891,OADMET-0001176,4.47,train,4to5,2,0,0.0013181511967248947,False
3891,3892,OADMET-0001175,3.9,train,3to4,3,0,0.00011088743568476318,False
3892,3893,OADMET-0001174,3.81,train,3to4,0,0,0.0010357603122160377,False
3893,3894,OADMET-0001173,3.3,train,3to4,1,0,0.00022755046480443293,False
3894,3895,OADMET-0001172,2.43,train,lt3,2,0,0.00010872178033620786,False
3895,3896,OADMET-0001171,3.55,train,3to4,0,0,0.00025191464022835845,False
3896,3897,OADMET-0001170,3.24,train,3to4,4,0,0.0001198940535239793,False
3897,3898,OADMET-0001169,3.01,train,3to4,4,0,0.00016286064146413807,False
3898,3899,OADMET-0001168,4.55,train,4to5,1,0,0.000265141634758707,False
3899,3900,OADMET-0001167,2.28,train,lt3,0,0,9.874110649264993e-05,False
3900,3901,OADMET-0001166,2.4,train,lt3,3,0,0.00013766519249969574,False
3901,3902,OADMET-0001165,2.49,train,lt3,2,0,0.00021466269747899032,False
3902,3903,OADMET-0001164,2.51,train,lt3,3,0,0.0001558967422365191,False
3903,3904,OADMET-0001163,3.93,train,3to4,4,0,0.0007810094620408631,False
3904,3905,OADMET-0001162,3.5,train,3to4,1,0,0.0001420057878695004,False
3905,3906,OADMET-0001161,3.62,train,3to4,3,0,0.00024949680360561503,False
3906,3907,OADMET-0001160,3.31,train,3to4,4,0,0.0001827673927790653,False
3907,3908,OADMET-0001159,3.41,train,3to4,4,0,0.0001085257141874812,False
3908,3909,OADMET-0001158,3.2,train,3to4,0,0,0.00016025096060766903,False
3909,3910,OADMET-0001157,3.15,train,3to4,4,0,0.00013468376229944877,False
3910,3911,OADMET-0001156,4.16,train,4to5,3,0,0.00015737927435140322,False
3911,3912,OADMET-0001155,1.72,train,lt3,4,0,0.00022204716973368187,False
3912,3913,OADMET-0001154,2.74,train,lt3,0,0,0.0005135647444886022,False
3913,3914,OADMET-0001153,3.48,train,3to4,4,0,0.0003865307045471503,False
3914,3915,OADMET-0001152,3.86,train,3to4,0,0,0.00014896375575460652,False
3915,3916,OADMET-0001151,2.87,train,lt3,3,0,0.00016844556603574267,False
3916,3917,OADMET-0001150,3.69,train,3to4,3,0,0.0005590605111792178,False
3917,3918,OADMET-0001149,4.71,train,4to5,0,0,0.0034268935550490418,False
3918,3919,OADMET-0001148,2.59,train,lt3,4,0,9.741005298918413e-05,False
3919,3920,OADMET-0001147,3.72,train,3to4,0,0,0.001258270284158261,False
3920,3921,OADMET-0001146,4.13,train,4to5,3,0,0.0001729559526054979,False
3921,3922,OADMET-0001145,3.48,train,3to4,0,0,0.00028173884651136894,False
3922,3923,OADMET-0001144,3.74,train,3to4,3,0,0.0001475414358017889,False
3923,3924,OADMET-0001143,3.04,train,3to4,4,0,0.00010165746379741,False
3924,3925,OADMET-0001142,4.24,train,4to5,3,0,0.0004443459366138914,False
3925,3926,OADMET-0001141,4.41,train,4to5,2,0,0.00022837255720241001,False
3926,3927,OADMET-0001140,2.77,train,lt3,4,0,0.00014625238302545538,False
3927,3928,OADMET-0001139,3.79,train,3to4,2,0,0.0011754247886470697,False
3928,3929,OADMET-0001138,2.9,train,lt3,3,0,0.00013768227538002637,False
3929,3930,OADMET-0001137,2.75,train,lt3,1,0,0.00015342093472598228,False
3930,3931,OADMET-0001136,4.16,train,4to5,1,0,0.00016765289901212745,False
3931,3932,OADMET-0001135,2.22,train,lt3,0,0,0.00021319922118729145,False
3932,3933,OADMET-0001134,3.34,train,3to4,3,0,0.0005977480466483911,False
3933,3934,OADMET-0001133,4.61,train,4to5,1,0,0.0006265873658074853,False
3934,3935,OADMET-0001132,2.67,train,lt3,3,0,0.00019822251391576776,False
3935,3936,OADMET-0001131,3.75,train,3to4,4,0,8.357416650939478e-05,False
3936,3937,OADMET-0001130,3.85,train,3to4,1,0,0.0003671607674375367,False
3937,3938,OADMET-0001129,2.76,train,lt3,2,0,0.00018746406110634007,False
3938,3939,OADMET-0001128,4.28,train,4to5,2,0,0.0001844083369686178,False
3939,3940,OADMET-0001127,3.29,train,3to4,3,0,0.00015564129516798325,False
3940,3941,OADMET-0001126,2.5,train,lt3,0,0,0.0002561052856514009,False
3941,3942,OADMET-0001125,3.63,train,3to4,1,0,0.00016421145113031948,False
3942,3943,OADMET-0001124,4.12,train,4to5,1,0,0.00023452097593092337,False
3943,3944,OADMET-0001123,4.26,train,4to5,0,0,0.00048312035467207716,False
3944,3945,OADMET-0001122,2.2,train,lt3,0,0,0.000334499839102225,False
3945,3946,OADMET-0001121,2.84,train,lt3,0,0,0.0004543651615088144,False
3946,3947,OADMET-0001120,2.95,train,lt3,0,0,0.00022122760693410999,False
3947,3948,OADMET-0001119,3.52,train,3to4,0,0,0.00018617867909679803,False
3948,3949,OADMET-0001118,3.14,train,3to4,1,0,0.0002501912335722988,False
3949,3950,OADMET-0001117,3.42,train,3to4,1,0,0.0001216309885056021,False
3950,3951,OADMET-0001116,3.21,train,3to4,3,0,0.00011472184525437864,False
3951,3952,OADMET-0001115,2.53,train,lt3,0,0,0.0003629767396739735,False
3952,3953,OADMET-0001114,2.55,train,lt3,4,0,0.00017559063138039015,False
3953,3954,OADMET-0001113,3.2,train,3to4,0,0,0.00024477448054005774,False
3954,3955,OADMET-0001112,3.08,train,3to4,3,0,0.00051448120289178,False
3955,3956,OADMET-0001111,4.24,train,4to5,1,0,0.0001280177411863352,False
3956,3957,OADMET-0001110,2.74,train,lt3,1,0,0.0002294783425628854,False
3957,3958,OADMET-0001109,2.47,train,lt3,0,0,0.0003795742387000838,False
3958,3959,OADMET-0001108,3.16,train,3to4,0,0,0.00013517953500133986,False
3959,3960,OADMET-0001107,2.23,train,lt3,0,0,0.0005206905770049888,False
3960,3961,OADMET-0001106,2.45,train,lt3,3,0,0.00016025468999861876,False
3961,3962,OADMET-0001105,2.88,train,lt3,1,0,0.00023280408885941324,False
3962,3963,OADMET-0001104,3.73,train,3to4,0,0,0.00023332610270996234,False
3963,3964,OADMET-0001103,3.94,train,3to4,0,0,0.0001474308069782057,False
3964,3965,OADMET-0001102,3.53,train,3to4,1,0,0.00016233118850684272,False
3965,3966,OADMET-0001101,4.26,train,4to5,0,0,0.0003046676341177535,False
3966,3967,OADMET-0001100,3.43,train,3to4,3,0,0.00015692106013648504,False
3967,3968,OADMET-0001099,3.92,train,3to4,1,0,0.00026147220763868875,False
3968,3969,OADMET-0001098,3.49,train,3to4,0,0,0.0009722599653821649,False
3969,3970,OADMET-0001097,4.31,train,4to5,2,0,0.00019654476558197427,False
3970,3971,OADMET-0001096,2.3,train,lt3,3,0,0.00013571785558288987,False
3971,3972,OADMET-0001095,3.87,train,3to4,2,0,0.00042928267174322367,False
3972,3973,OADMET-0001094,3.09,train,3to4,3,0,0.0006707617159181225,False
3973,3974,OADMET-0001093,4.08,train,4to5,4,0,0.0007657697170397019,False
3974,3975,OADMET-0001092,4.82,train,4to5,4,0,0.00019620348015466678,False
3975,3976,OADMET-0001091,4.1,train,4to5,4,0,0.00011258179894650337,False
3976,3977,OADMET-0001090,4.32,train,4to5,1,0,0.0001473825129431859,False
3977,3978,OADMET-0001089,2.55,train,lt3,3,0,0.00024341708361467102,False
3978,3979,OADMET-0001088,5.11,train,5to6,0,0,0.001683583245620933,False
3979,3980,OADMET-0001087,4.88,train,4to5,4,0,0.00023102017162928443,False
3980,3981,OADMET-0001086,3.39,train,3to4,1,0,0.00015804833360957444,False
3981,3982,OADMET-0001085,3.53,train,3to4,3,0,0.00021551762703596035,False
3982,3983,OADMET-0001084,3.46,train,3to4,1,0,0.00021439847112544668,False
3983,3984,OADMET-0001083,3.46,train,3to4,2,0,0.0005371741257431078,False
3984,3985,OADMET-0001082,2.11,train,lt3,4,0,0.00015849895289584863,False
3985,3986,OADMET-0001081,3.64,train,3to4,3,0,9.076828839604559e-05,False
3986,3987,OADMET-0001080,5.22,train,5to6,4,0,0.0020539773427619436,False
3987,3988,OADMET-0001079,3.43,train,3to4,3,0,0.00021315494973028653,False
3988,3989,OADMET-0001078,2.93,train,lt3,3,0,0.000440464083333126,False
3989,3990,OADMET-0001077,3.91,train,3to4,0,0,0.0001782181945146864,False
3990,3991,OADMET-0001076,4.87,train,4to5,1,0,0.0014796377639596117,False
3991,3992,OADMET-0001075,2.27,train,lt3,4,0,9.479883002247295e-05,False
3992,3993,OADMET-0001074,3.04,train,3to4,3,0,0.0003150418180017086,False
3993,3994,OADMET-0001073,3.98,train,3to4,3,0,0.00018369228981458824,False
3994,3995,OADMET-0001072,3.62,train,3to4,4,0,0.0007705413475553877,False
3995,3996,OADMET-0001071,2.86,train,lt3,3,0,0.0004684670991401726,False
3996,3997,OADMET-0001070,3.61,train,3to4,0,0,0.0002759529941855715,False
3997,3998,OADMET-0001069,2.67,train,lt3,3,0,0.00010136543177561135,False
3998,3999,OADMET-0001068,3.97,train,3to4,2,0,0.00026435905373760495,False
3999,4000,OADMET-0001067,3.11,train,3to4,4,0,0.00011820146270371177,False
4000,4001,OADMET-0001066,2.42,train,lt3,0,0,0.00012537603851287156,False
4001,4002,OADMET-0001065,3.31,train,3to4,3,0,0.0001442464482865718,False
4002,4003,OADMET-0001064,3.14,train,3to4,4,0,0.00011454957606332415,False
4003,4004,OADMET-0001063,2.44,train,lt3,1,0,0.00016625891774768668,False
4004,4005,OADMET-0001062,3.3,train,3to4,3,0,0.00030015666965804244,False
4005,4006,OADMET-0001061,4.08,train,4to5,3,0,0.00035751527490343187,False
4006,4007,OADMET-0001060,3.97,train,3to4,2,0,0.0003450690824535075,False
4007,4008,OADMET-0001059,3.61,train,3to4,0,0,0.0005912543292579151,False
4008,4009,OADMET-0001058,4.1,train,4to5,4,0,0.00021382504024796114,False
4009,4010,OADMET-0001057,3.65,train,3to4,3,0,9.601438532026183e-05,False
4010,4011,OADMET-0001056,3.92,train,3to4,4,0,0.00012191917996103957,False
4011,4012,OADMET-0001055,2.8,train,lt3,3,0,0.00022290908867582051,False
4012,4013,OADMET-0001054,2.56,train,lt3,3,0,0.0002629409253590216,False
4013,4014,OADMET-0001053,4.64,train,4to5,4,0,0.0003148286480058498,False
4014,4015,OADMET-0001052,2.85,train,lt3,2,0,0.00013201375422841505,False
4015,4016,OADMET-0001051,2.49,train,lt3,0,0,0.00013328683443509026,False
4016,4017,OADMET-0001050,2.16,train,lt3,0,0,0.000269490528267917,False
4017,4018,OADMET-0001049,4.01,train,4to5,3,0,0.00015717540752801948,False
4018,4019,OADMET-0001048,2.97,train,lt3,4,0,0.00011598922596846236,False
4019,4020,OADMET-0001047,3.79,train,3to4,3,0,0.00014937048714365792,False
4020,4021,OADMET-0001046,4.23,train,4to5,3,0,0.00020519705891137026,False
4021,4022,OADMET-0001045,4.29,train,4to5,3,0,0.00018231295329594488,False
4022,4023,OADMET-0001044,3.2,train,3to4,1,0,0.0001251219549001403,False
4023,4024,OADMET-0001043,3.76,train,3to4,1,0,0.00035490338342436875,False
4024,4025,OADMET-0001042,3.87,train,3to4,4,0,0.0002714507484517074,False
4025,4026,OADMET-0001041,3.76,train,3to4,4,0,0.00012767836807834918,False
4026,4027,OADMET-0001040,3.08,train,3to4,3,0,0.00030758017708200645,False
4027,4028,OADMET-0001039,3.33,train,3to4,4,0,0.0006674322956832884,False
4028,4029,OADMET-0001038,3.97,train,3to4,1,0,0.0001968319266126592,False
4029,4030,OADMET-0001037,2.68,train,lt3,3,0,0.00021543300622055132,False
4030,4031,OADMET-0001036,2.5,train,lt3,4,0,0.00021298895421014634,False
4031,4032,OADMET-0001035,3.12,train,3to4,0,0,0.00017637398973429985,False
4032,4033,OADMET-0001034,3.56,train,3to4,0,0,0.0005413590985985585,False
4033,4034,OADMET-0001033,2.04,train,lt3,0,0,0.00010635830589977387,False
4034,4035,OADMET-0001032,2.5,train,lt3,3,0,0.0002297144409249925,False
4035,4036,OADMET-0001031,3.73,train,3to4,0,0,0.00025571058635004537,False
4036,4037,OADMET-0001030,3.39,train,3to4,3,0,0.000200010137346262,False
4037,4038,OADMET-0001029,2.7,train,lt3,4,0,0.00018772322830262975,False
4038,4039,OADMET-0001028,3.44,train,3to4,1,0,0.002697407938829089,False
4039,4040,OADMET-0001027,3.67,train,3to4,0,0,0.00025809873094987035,False
4040,4041,OADMET-0001026,2.94,train,lt3,4,0,0.0002823144967859972,False
4041,4042,OADMET-0001025,2.39,train,lt3,4,0,0.00034279974963155005,False
4042,4043,OADMET-0001024,4.24,train,4to5,3,0,0.00012404098684997472,False
4043,4044,OADMET-0001023,5.58,train,5to6,0,0,0.002471259955434598,False
4044,4045,OADMET-0001022,2.31,train,lt3,1,0,0.00014119672518461527,False
4045,4046,OADMET-0001021,1.62,train,lt3,4,0,0.0002059249864945626,False
4046,4047,OADMET-0001020,2.74,train,lt3,1,0,0.00019480460794435894,False
4047,4048,OADMET-0001019,2.31,train,lt3,2,0,0.00012662973180577408,False
4048,4049,OADMET-0001018,3.34,train,3to4,3,0,0.00022211642306041782,False
4049,4050,OADMET-0001017,4.26,train,4to5,3,0,0.0003417398403651631,False
4050,4051,OADMET-0001016,3.28,train,3to4,3,0,0.00017068276227734594,False
4051,4052,OADMET-0001015,4.0,train,3to4,2,0,0.002265235505777712,False
4052,4053,OADMET-0001014,4.11,train,4to5,1,0,0.00025312272872472644,False
4053,4054,OADMET-0001013,2.37,train,lt3,3,0,0.00031617790350426257,False
4054,4055,OADMET-0001012,3.47,train,3to4,3,0,0.0002220937919545062,False
4055,4056,OADMET-0001011,3.14,train,3to4,3,0,0.00030506873710505633,False
4056,4057,OADMET-0001010,5.6,train,5to6,3,0,0.00030232990496092076,False
4057,4058,OADMET-0001009,3.21,train,3to4,0,0,0.00018176461099182024,False
4058,4059,OADMET-0001008,2.78,train,lt3,0,0,0.0002635776441647203,False
4059,4060,OADMET-0001007,1.63,train,lt3,0,0,0.00039812200626266334,False
4060,4061,OADMET-0001006,4.26,train,4to5,0,0,0.0001608758911841014,False
4061,4062,OADMET-0001005,2.67,train,lt3,3,0,0.00022315207233922514,False
4062,4063,OADMET-0001004,2.79,train,lt3,1,0,0.0002479692941623754,False
4063,4064,OADMET-0001003,3.49,train,3to4,0,0,0.00022376266164265792,False
4064,4065,OADMET-0001002,3.6,train,3to4,3,0,0.00016898611615347514,False
4065,4066,OADMET-0001001,2.92,train,lt3,0,0,0.0001640199161740441,False
4066,4067,OADMET-0001000,2.65,train,lt3,1,0,0.00016332734461882586,False
4067,4068,OADMET-0000999,4.84,train,4to5,3,0,0.0005815928618623095,False
4068,4069,OADMET-0000998,2.57,train,lt3,0,0,0.0002973566113787287,False
4069,4070,OADMET-0000997,3.07,train,3to4,4,0,0.0001148699843196331,False
4070,4071,OADMET-0000996,4.55,train,4to5,3,0,0.000203955918452041,False
4071,4072,OADMET-0000995,2.93,train,lt3,1,0,0.0001785216092515575,False
4072,4073,OADMET-0000994,3.14,train,3to4,2,0,8.463668515267316e-05,False
4073,4074,OADMET-0000993,2.75,train,lt3,4,0,0.00035166374622092245,False
4074,4075,OADMET-0000992,3.26,train,3to4,1,0,0.0009651076939002221,False
4075,4076,OADMET-0000991,3.17,train,3to4,3,0,0.00020562950424939802,False
4076,4077,OADMET-0000990,4.39,train,4to5,4,0,0.00024591710546178623,False
4077,4078,OADMET-0000989,3.63,train,3to4,0,0,0.0002840885828707518,False
4078,4079,OADMET-0000988,3.79,train,3to4,0,0,0.00041517119088406326,False
4079,4080,OADMET-0000987,4.19,train,4to5,3,0,0.0003752706186079161,False
4080,4081,OADMET-0000986,3.86,train,3to4,1,0,0.0005534235721691555,False
4081,4082,OADMET-0000985,4.55,train,4to5,4,0,0.00026825802771286077,False
4082,4083,OADMET-0000984,3.92,train,3to4,3,0,0.00018522601228047945,False
4083,4084,OADMET-0000983,2.32,train,lt3,4,0,0.00019667577215767615,False
4084,4085,OADMET-0000982,3.01,train,3to4,1,0,0.000117600462902389,False
4085,4086,OADMET-0000981,3.99,train,3to4,3,0,0.00021415018917556313,False
4086,4087,OADMET-0000980,2.74,train,lt3,3,0,0.00017260739824411184,False
4087,4088,OADMET-0000979,3.6,train,3to4,2,0,9.735157116817158e-05,False
4088,4089,OADMET-0000978,4.25,train,4to5,3,0,0.0007326908553729733,False
4089,4090,OADMET-0000977,2.68,train,lt3,1,0,0.00013273779176012316,False
4090,4091,OADMET-0000976,3.81,train,3to4,1,0,0.00031431750051709787,False
4091,4092,OADMET-0000975,3.28,train,3to4,0,0,0.0001407502800213979,False
4092,4093,OADMET-0000974,3.64,train,3to4,3,0,0.0002850143235358528,False
4093,4094,OADMET-0000973,4.06,train,4to5,0,0,0.0001432585745176345,False
4094,4095,OADMET-0000972,4.36,train,4to5,1,0,0.0007060999109358742,False
4095,4096,OADMET-0000971,3.09,train,3to4,0,0,0.0002233256211494664,False
4096,4097,OADMET-0000970,4.25,train,4to5,4,0,0.000136775658258163,False
4097,4098,OADMET-0000969,3.92,train,3to4,2,0,0.00022559164566637074,False
4098,4099,OADMET-0000968,3.94,train,3to4,0,0,0.0002459727400948348,False
4099,4100,OADMET-0000967,3.13,train,3to4,2,0,0.0006652010984675006,False
4100,4101,OADMET-0000966,3.9,train,3to4,3,0,0.0001375068754580885,False
4101,4102,OADMET-0000965,2.96,train,lt3,0,0,0.00017505740348205192,False
4102,4103,OADMET-0000964,3.15,train,3to4,4,0,0.0002446272230769689,False
4103,4104,OADMET-0000963,3.93,train,3to4,3,0,0.0007121125827537917,False
4104,4105,OADMET-0000962,4.39,train,4to5,4,0,0.0006013046119984571,False
4105,4106,OADMET-0000961,2.44,train,lt3,1,0,0.00019146120236994088,False
4106,4107,OADMET-0000960,3.63,train,3to4,3,0,0.00021465589866290785,False
4107,4108,OADMET-0000959,2.7,train,lt3,4,0,0.00017658944248364502,False
4108,4109,OADMET-0000958,2.56,train,lt3,2,0,0.00013124992261635997,False
4109,4110,OADMET-0000957,3.56,train,3to4,2,0,0.00040187888786778444,False
4110,4111,OADMET-0000956,2.94,train,lt3,3,0,0.00030262931041507424,False
4111,4112,OADMET-0000955,3.66,train,3to4,0,0,0.0002031612330448008,False
4112,4113,OADMET-0000954,2.48,train,lt3,4,0,0.0001699377720374054,False
4113,4114,OADMET-0000953,2.73,train,lt3,0,0,0.00015440344931369474,False
4114,4115,OADMET-0000952,3.99,train,3to4,1,0,0.00017550072260897858,False
4115,4116,OADMET-0000951,3.33,train,3to4,0,0,0.0004079093766308372,False
4116,4117,OADMET-0000950,3.79,train,3to4,1,0,0.000194376961807347,False
4117,4118,OADMET-0000949,3.08,train,3to4,3,0,0.00017651163223844713,False
4118,4119,OADMET-0000948,3.13,train,3to4,3,0,0.0004473380765595153,False
4119,4120,OADMET-0000947,2.15,train,lt3,1,0,0.0002150918626214437,False
4120,4121,OADMET-0000946,2.52,train,lt3,0,0,0.0021328920891269345,False
4121,4122,OADMET-0000945,3.26,train,3to4,4,0,0.00022058436283535295,False
4122,4123,OADMET-0000944,2.54,train,lt3,1,0,0.00015754928873339943,False
4123,4124,OADMET-0000943,2.61,train,lt3,3,0,0.0004249551153228976,False
4124,4125,OADMET-0000942,2.26,train,lt3,4,0,0.0001934620636310572,False
4125,4126,OADMET-0000941,3.86,train,3to4,0,0,0.0003111378201462066,False
4126,4127,OADMET-0000940,3.09,train,3to4,3,0,0.0005641260888359766,False
4127,4128,OADMET-0000939,4.76,train,4to5,1,0,0.0003084152598749759,False
4128,4129,OADMET-0000938,2.34,train,lt3,4,0,0.00016100864679479099,False
4129,4130,OADMET-0000937,2.83,train,lt3,0,0,0.00016426228756146163,False
4130,4131,OADMET-0000936,3.96,train,3to4,3,0,0.00020496148529144237,False
4131,4132,OADMET-0000935,2.59,train,lt3,0,0,0.00017417561458374543,False
4132,4133,OADMET-0000934,2.14,train,lt3,4,0,0.0006984825184343097,False
4133,4134,OADMET-0000933,4.05,train,4to5,4,0,0.00023869263267029553,False
4134,4135,OADMET-0000932,2.64,train,lt3,3,0,0.00028218011374895604,False
4135,4136,OADMET-0000931,4.35,train,4to5,1,0,0.0007213898359501637,False
4136,4137,OADMET-0000930,2.76,train,lt3,4,0,0.0007467310181842714,False
4137,4138,OADMET-0000929,2.13,train,lt3,4,0,0.0002445122695809563,False
4138,4139,OADMET-0000928,1.88,train,lt3,0,0,0.00014931802365357393,False
4139,4140,OADMET-0000927,2.32,train,lt3,3,0,0.000326406700773624,False
4140,4141,OADMET-0006617,3.515,as1,3to4,0,0,0.00019475506135694615,False
4141,4143,OADMET-0006615,5.335,as1,5to6,0,0,0.001010922196408275,False
4142,4146,OADMET-0006612,4.28,as1,4to5,4,0,8.982415195242125e-05,False
4143,4148,OADMET-0006610,4.949999999999999,as1,4to5,0,0,0.0010538349104795297,False
4144,4149,OADMET-0006609,2.015,as1,lt3,4,0,0.00013054272366245118,False
4145,4152,OADMET-0006606,5.49,as1,5to6,1,0,0.004102116923087445,False
4146,4154,OADMET-0006604,4.715,as1,4to5,4,0,0.0016089220573420025,False
4147,4155,OADMET-0006603,2.275,as1,lt3,1,0,0.0014304724166634612,False
4148,4158,OADMET-0006600,3.99,as1,3to4,0,0,0.00027934064904359956,False
4149,4159,OADMET-0006599,2.3600000000000003,as1,lt3,3,0,0.00010084613264872056,False
4150,4161,OADMET-0006597,5.215,as1,5to6,0,0,0.019183399893357062,False
4151,4162,OADMET-0006596,4.89,as1,4to5,4,0,0.0018476294492306756,False
4152,4165,OADMET-0006593,4.46,as1,4to5,4,0,0.00038831732720272184,False
4153,4169,OADMET-0006589,3.42,as1,3to4,3,0,0.0004764817441224104,False
4154,4171,OADMET-0006587,5.31,as1,5to6,3,0,0.000571958758705295,False
4155,4173,OADMET-0006585,4.215,as1,4to5,2,0,0.0003865478620561581,False
4156,4176,OADMET-0006582,4.67,as1,4to5,3,0,0.00020915162596296105,False
4157,4177,OADMET-0006581,5.395,as1,5to6,2,0,0.005715131874832988,False
4158,4178,OADMET-0006580,5.265,as1,5to6,2,0,0.0003396439165726797,False
4159,4179,OADMET-0006579,5.15,as1,5to6,3,0,0.00034687877489398633,False
4160,4180,OADMET-0006578,4.890000000000001,as1,4to5,3,0,0.00022916093688275696,False
4161,4184,OADMET-0006574,5.405,as1,5to6,0,0,0.0013680962864817472,False
4162,4185,OADMET-0006573,4.775,as1,4to5,0,0,0.00032867718866137974,False
4163,4188,OADMET-0006570,4.84,as1,4to5,4,0,0.006809110091583599,False
4164,4189,OADMET-0006568,5.105,as1,5to6,0,0,0.0005897218406718082,False
4165,4190,OADMET-0006567,4.835,as1,4to5,2,0,0.0002694783255298058,False
4166,4191,OADMET-0006566,1.945,as1,lt3,3,0,0.0005801509318016498,False
4167,4192,OADMET-0006565,4.975,as1,4to5,0,0,0.0016914431903837454,False
4168,4193,OADMET-0006564,5.13,as1,5to6,3,0,0.0005495802630005696,False
4169,4195,OADMET-0006561,5.305,as1,5to6,4,0,0.0038633336258302167,False
4170,4197,OADMET-0006559,4.245,as1,4to5,0,0,0.0009937136935254786,False
4171,4199,OADMET-0006557,4.63,as1,4to5,4,0,0.0016094038024380476,False
4172,4201,OADMET-0006555,5.335,as1,5to6,3,0,0.0017061728786492024,False
4173,4204,OADMET-0006552,5.41,as1,5to6,4,0,0.0002472092224395021,False
4174,4208,OADMET-0006548,4.065,as1,4to5,2,0,9.768039303538122e-05,False
4175,4209,OADMET-0006547,4.925000000000001,as1,4to5,1,0,9.98155899934238e-05,False
4176,4210,OADMET-0006546,6.72,as1,gte6,1,1,0.011918537644415224,False
4177,4211,OADMET-0006545,4.96,as1,4to5,3,0,0.0003545032380504979,False
4178,4212,OADMET-0006544,4.87,as1,4to5,4,0,0.0001505931044017862,False
4179,4214,OADMET-0006542,5.565,as1,5to6,1,0,0.007362307263479456,False
4180,4216,OADMET-0006540,5.805,as1,5to6,1,0,0.006372828626511228,False
4181,4217,OADMET-0006539,5.390000000000001,as1,5to6,3,0,0.00034717017336809326,False
4182,4219,OADMET-0006536,4.605,as1,4to5,4,0,0.00028417238097400025,False
4183,4221,OADMET-0006534,2.8200000000000003,as1,lt3,2,0,0.00016684089859503822,False
4184,4222,OADMET-0006533,4.655,as1,4to5,3,0,0.00020845726005987693,False
4185,4223,OADMET-0006532,5.25,as1,5to6,0,0,0.0003562469642162571,False
4186,4224,OADMET-0006531,5.955,as1,5to6,2,0,0.017654004502849468,False
4187,4225,OADMET-0006530,5.445,as1,5to6,4,0,0.004475044962532088,False
4188,4226,OADMET-0006529,5.375,as1,5to6,4,0,0.0004686552243842004,False
4189,4229,OADMET-0006525,4.415,as1,4to5,1,0,9.368693150275476e-05,False
4190,4231,OADMET-0006523,4.76,as1,4to5,2,0,0.0007843476076818207,False
4191,4232,OADMET-0006522,5.625,as1,5to6,2,0,0.00023677408368498644,False
4192,4234,OADMET-0006520,4.845000000000001,as1,4to5,4,0,0.00012538035236496427,False
4193,4237,OADMET-0006517,4.244999999999999,as1,4to5,1,0,0.0008711199982175147,False
4194,4239,OADMET-0006515,5.23,as1,5to6,0,0,0.00017732481642885345,False
4195,4240,OADMET-0006514,2.725,as1,lt3,3,0,0.0006188128591414903,False
4196,4243,OADMET-0006511,3.655,as1,3to4,2,0,0.0003082103519081525,False
4197,4247,OADMET-0006507,4.465,as1,4to5,2,0,0.0002930011603116972,False
4198,4248,OADMET-0006506,2.2,as1,lt3,4,0,0.0002876830284093384,False
4199,4250,OADMET-0006504,5.15,as1,5to6,0,0,0.0007776191075241837,False
4200,4253,OADMET-0006501,4.27,as1,4to5,3,0,0.0003065142140967538,False
4201,4255,OADMET-0006499,5.065,as1,5to6,0,0,0.0003578602120596493,False
4202,4260,OADMET-0006494,4.295,as1,4to5,3,0,0.00018830204636363442,False
4203,4264,OADMET-0006490,3.245,as1,3to4,1,0,0.00020220974455107042,False
4204,4270,OADMET-0006484,5.51,as1,5to6,4,0,0.007585887843315383,False
4205,4272,OADMET-0006482,6.035,as1,gte6,0,1,0.06410184521771241,False
4206,4276,OADMET-0006477,5.35,as1,5to6,0,0,0.00174773055807478,False
4207,4280,OADMET-0006472,1.755,as1,lt3,4,0,0.00013129067185413848,False
4208,4283,OADMET-0006469,4.58,as1,4to5,2,0,0.0004376380762759543,False
4209,4284,OADMET-0006468,5.87,as1,5to6,2,0,0.0005330627559036068,False
4210,4289,OADMET-0006463,5.54,as1,5to6,0,0,0.00017622932429764676,False
4211,4290,OADMET-0006462,5.550000000000001,as1,5to6,1,0,0.009380602136096849,False
4212,4291,OADMET-0006461,5.34,as1,5to6,3,0,0.0064379286754731955,False
4213,4292,OADMET-0006460,1.98,as1,lt3,2,0,0.0004659419529052641,False
4214,4294,OADMET-0006458,1.945,as1,lt3,0,0,0.00034784898912956004,False
4215,4297,OADMET-0006455,6.225,as1,gte6,0,1,0.000341739015184746,False
4216,4299,OADMET-0006453,5.135,as1,5to6,2,0,0.003811095785236403,False
4217,4300,OADMET-0006452,4.72,as1,4to5,2,0,0.0001368121655572718,False
4218,4301,OADMET-0006451,5.11,as1,5to6,4,0,0.000982799896364775,False
4219,4303,OADMET-0006449,4.465,as1,4to5,2,0,0.0007630392714636857,False
4220,4307,OADMET-0006445,5.029999999999999,as1,5to6,0,0,0.0022527339854286547,False
4221,4308,OADMET-0006443,4.6850000000000005,as1,4to5,2,0,0.000413983140050921,False
4222,4309,OADMET-0006442,4.75,as1,4to5,0,0,0.00043764319126447706,False
4223,4310,OADMET-0006441,4.734999999999999,as1,4to5,2,0,0.008567949975691375,False
4224,4311,OADMET-0006440,5.165,as1,5to6,0,0,0.005314173386676135,False
4225,4312,OADMET-0006439,1.745,as1,lt3,3,0,0.0009874900397519545,False
4226,4316,OADMET-0006435,2.475,as1,lt3,1,0,0.00033744797763466376,False
4227,4318,OADMET-0006433,1.845,as1,lt3,4,0,0.0002436285745550073,False
4228,4320,OADMET-0006431,4.005,as1,4to5,2,0,0.0005398441810347871,False
4229,4321,OADMET-0006430,5.285,as1,5to6,0,0,0.003990858979298314,False
4230,4322,OADMET-0006429,5.37,as1,5to6,4,0,0.16030445343279096,False
4231,4324,OADMET-0006427,3.38,as1,3to4,0,0,0.0008028121912391597,False
4232,4327,OADMET-0006424,5.38,as1,5to6,2,0,0.09586064026135381,False
4233,4331,OADMET-0006420,6.140000000000001,as1,gte6,2,1,0.09650441014158273,False
4234,4333,OADMET-0006418,3.84,as1,3to4,4,0,0.00031318722386272467,False
4235,4335,OADMET-0006416,6.015,as1,gte6,2,1,0.17170257471571063,False
4236,4336,OADMET-0006415,5.505000000000001,as1,5to6,0,0,0.027532449976704586,False
4237,4337,OADMET-0006414,3.74,as1,3to4,2,0,0.00037650473183752564,False
4238,4338,OADMET-0006413,5.995,as1,5to6,2,0,0.0034797569441396125,False
4239,4339,OADMET-0006412,5.735,as1,5to6,2,0,0.007861869052996349,False
4240,4341,OADMET-0006410,2.535,as1,lt3,1,0,0.0002933085440598077,False
4241,4342,OADMET-0006409,6.005,as1,gte6,2,1,0.0010259638161170003,False
4242,4343,OADMET-0006408,5.805,as1,5to6,2,0,0.03674863016519043,False
4243,4347,OADMET-0006404,5.465,as1,5to6,3,0,0.005567773864769042,False
4244,4348,OADMET-0006401,4.74,as1,4to5,1,0,0.00019759674557755762,False
4245,4349,OADMET-0006400,4.835,as1,4to5,3,0,0.000764745458409442,False
4246,4350,OADMET-0006399,5.17,as1,5to6,3,0,0.002156375925525523,False
4247,4353,OADMET-0006396,5.779999999999999,as1,5to6,2,0,0.0001249091134960109,False
4248,4354,OADMET-0006395,5.07,as1,5to6,0,0,0.0002931719703502911,False
4249,4356,OADMET-0006393,5.3100000000000005,as1,5to6,1,0,0.00211451603880956,False
4250,4362,OADMET-0006386,6.26,as1,gte6,2,1,0.0017718736399584861,False
4251,4363,OADMET-0006385,4.125,as1,4to5,1,0,8.68360750319449e-05,False
4252,4369,OADMET-0006379,2.97,as1,lt3,1,0,0.00022574766204663555,False
4253,4370,OADMET-0006378,4.859999999999999,as1,4to5,3,0,0.00026874456565286316,False
4254,4372,OADMET-0006375,4.970000000000001,as1,4to5,2,0,0.0005421063485478333,False
4255,4373,OADMET-0006374,5.6,as1,5to6,0,0,0.003263722659378344,False
4256,4375,OADMET-0006372,4.855,as1,4to5,4,0,0.00027755054932191787,False
4257,4376,OADMET-0006371,4.895,as1,4to5,3,0,0.0008855343822982435,False
4258,4378,OADMET-0006369,3.47,as1,3to4,4,0,0.0002644370503371614,False
4259,4379,OADMET-0006368,5.79,as1,5to6,0,0,0.5150860408942749,True
4260,4381,OADMET-0006366,5.915,as1,5to6,1,0,0.014708043608823199,False
4261,4384,OADMET-0006363,3.445,as1,3to4,3,0,0.00013635801922050943,False
4262,4387,OADMET-0006360,5.475,as1,5to6,2,0,0.0013553869747230211,False
4263,4396,OADMET-0006351,5.58,as1,5to6,2,0,0.014049842625027145,False
4264,4397,OADMET-0006350,4.87,as1,4to5,3,0,0.0020855605169279646,False
4265,4400,OADMET-0006347,5.58,as1,5to6,4,0,0.0025105397789577,False
4266,4403,OADMET-0006344,4.195,as1,4to5,3,0,0.0001651044596189552,False
4267,4406,OADMET-0006341,4.65,as1,4to5,1,0,0.003796960896879022,False
4268,4407,OADMET-0006340,5.2,as1,5to6,4,0,0.001408006677724793,False
4269,4411,OADMET-0006336,1.805,as1,lt3,2,0,0.0001702818737154334,False
4270,4412,OADMET-0006335,3.665,as1,3to4,1,0,0.0005210847972374086,False
4271,4413,OADMET-0006334,4.91,as1,4to5,0,0,0.0008160461750376714,False
4272,4416,OADMET-0006331,4.88,as1,4to5,4,0,0.004941744819475042,False
4273,4419,OADMET-0006328,4.869999999999999,as1,4to5,3,0,0.00016654784014589086,False
4274,4421,OADMET-0006326,5.24,as1,5to6,0,0,0.0015346722127494385,False
4275,4423,OADMET-0006324,4.215,as1,4to5,2,0,0.00012899428518183274,False
4276,4429,OADMET-0006318,5.745,as1,5to6,1,0,0.0004174411009823948,False
4277,4434,OADMET-0006313,5.07,as1,5to6,3,0,0.00027822087036378465,False
4278,4436,OADMET-0006311,4.725,as1,4to5,3,0,0.00040871462430909294,False
4279,4439,OADMET-0006308,4.795,as1,4to5,2,0,0.0025853272747828663,False
4280,4441,OADMET-0006306,5.24,as1,5to6,1,0,0.0004136110561838126,False
4281,4442,OADMET-0006305,3.565,as1,3to4,3,0,0.00014179342734311776,False
4282,4443,OADMET-0006304,5.025,as1,5to6,2,0,0.00014650901083682695,False
4283,4444,OADMET-0006303,5.875,as1,5to6,1,0,0.008105761085838586,False
4284,4445,OADMET-0006302,5.495,as1,5to6,0,0,0.014961635054086242,False
4285,4446,OADMET-0006301,5.58,as1,5to6,3,0,0.00026643490726528576,False
4286,4448,OADMET-0006299,4.725,as1,4to5,2,0,0.00011241273967328384,False
4287,4449,OADMET-0006298,4.26,as1,4to5,3,0,0.00015121946855147883,False
4288,4451,OADMET-0006296,5.890000000000001,as1,5to6,2,0,0.0006096178743097006,False
4289,4453,OADMET-0006294,5.185,as1,5to6,0,0,0.0006001875441050905,False
4290,4455,OADMET-0006292,4.34,as1,4to5,1,0,0.0003428849650457567,False
4291,4457,OADMET-0006290,3.2750000000000004,as1,3to4,1,0,0.000355596088680824,False
4292,4459,OADMET-0006288,4.98,as1,4to5,1,0,0.00018386044790795765,False
4293,4460,OADMET-0006287,4.055,as1,4to5,3,0,0.0005888896903476955,False
4294,4462,OADMET-0006285,3.57,as1,3to4,0,0,0.0003760231607191116,False
4295,4463,OADMET-0006284,6.08,as1,gte6,4,1,0.00021063971360177016,False
4296,4464,OADMET-0006283,5.16,as1,5to6,4,0,0.0008691390166180536,False
4297,4467,OADMET-0006280,5.275,as1,5to6,4,0,0.014028455917619425,False
4298,4470,OADMET-0006277,2.505,as1,lt3,1,0,0.0003247419932445954,False
4299,4472,OADMET-0006275,3.415,as1,3to4,1,0,9.261829139721696e-05,False
4300,4473,OADMET-0006274,4.5600000000000005,as1,4to5,3,0,0.0010497130848773745,False
4301,4474,OADMET-0006273,5.55,as1,5to6,4,0,0.039126409635011135,False
4302,4475,OADMET-0006272,4.824999999999999,as1,4to5,2,0,0.0001522866390356221,False
4303,4476,OADMET-0006271,5.4,as1,5to6,3,0,0.0005523439450492811,False
4304,4477,OADMET-0006270,2.765,as1,lt3,1,0,0.0010087797758070425,False
4305,4479,OADMET-0006268,5.335,as1,5to6,4,0,0.001471845899328385,False
4306,4481,OADMET-0006266,2.815,as1,lt3,1,0,0.0005447318990489609,False
4307,4483,OADMET-0006264,4.275,as1,4to5,2,0,0.00019666289346209753,False
4308,4485,OADMET-0006262,4.96,as1,4to5,3,0,0.00022572283221836486,False
4309,4486,OADMET-0006260,3.1100000000000003,as1,3to4,3,0,0.00017048216797792978,False
4310,4487,OADMET-0006259,5.59,as1,5to6,3,0,0.0015878873385361614,False
4311,4489,OADMET-0006257,3.58,as1,3to4,0,0,0.00020846140222001726,False
4312,4490,OADMET-0006256,3.735,as1,3to4,1,0,0.00038830308825243926,False
4313,4491,OADMET-0006255,5.775,as1,5to6,4,0,0.0029986525835995377,False
4314,4493,OADMET-0006252,4.69,as1,4to5,3,0,0.0003307126787314383,False
4315,4494,OADMET-0006251,5.445,as1,5to6,4,0,0.008549844665994443,False
4316,4496,OADMET-0006249,1.96,as1,lt3,3,0,0.00016306006696028747,False
4317,4499,OADMET-0006246,3.5700000000000003,as1,3to4,1,0,0.00028514282280411694,False
4318,4500,OADMET-0006245,5.87,as1,5to6,4,0,0.0022684275852153887,False
4319,4501,OADMET-0006244,3.875,as1,3to4,1,0,0.0003592650469415802,False
4320,4508,OADMET-0006237,3.125,as1,3to4,1,0,0.00071529052724423,False
4321,4511,OADMET-0006234,5.365,as1,5to6,2,0,0.0002685465810052035,False
4322,4512,OADMET-0006233,4.515000000000001,as1,4to5,3,0,0.00012109573140411966,False
4323,4513,OADMET-0006232,4.815,as1,4to5,4,0,0.00018209930137197668,False
4324,4515,OADMET-0006230,3.035,as1,3to4,3,0,0.0001385142895466491,False
4325,4517,OADMET-0006228,5.470000000000001,as1,5to6,1,0,0.001474298719890057,False
4326,4518,OADMET-0006227,3.795,as1,3to4,1,0,0.00020346512069949476,False
4327,4519,OADMET-0006226,4.955,as1,4to5,3,0,0.0005369845144406011,False
4328,4520,OADMET-0006225,5.055,as1,5to6,4,0,0.00015644466490058684,False
4329,4521,OADMET-0006224,2.6100000000000003,as1,lt3,3,0,0.00026048936588838207,False
4330,4522,OADMET-0006222,3.665,as1,3to4,2,0,0.00028815541281842767,False
4331,4524,OADMET-0006219,4.949999999999999,as1,4to5,2,0,0.0001462877439076823,False
4332,4525,OADMET-0006218,5.165,as1,5to6,2,0,0.00017037987451610525,False
4333,4530,OADMET-0006213,3.475,as1,3to4,4,0,0.00018943575721124431,False
4334,4533,OADMET-0006210,4.8100000000000005,as1,4to5,3,0,0.00029359097576805526,False
4335,4534,OADMET-0006209,3.41,as1,3to4,4,0,0.00012998947627878562,False
4336,4535,OADMET-0006208,5.105,as1,5to6,1,0,0.0002883843220804554,False
4337,4537,OADMET-0006206,4.02,as1,4to5,3,0,0.0001589460520256324,False
4338,4539,OADMET-0006204,4.67,as1,4to5,2,0,0.05302208261027259,False
4339,4540,OADMET-0006203,4.895,as1,4to5,0,0,0.00029147833311638324,False
4340,4541,OADMET-0006202,6.0600000000000005,as1,gte6,1,1,0.01619801376243098,False
4341,4542,OADMET-0006201,3.995,as1,3to4,2,0,0.00034709234184691494,False
4342,4543,OADMET-0006200,5.41,as1,5to6,2,0,0.0024528856114231115,False
4343,4547,OADMET-0006196,4.710000000000001,as1,4to5,0,0,0.0006892362913384821,False
4344,4551,OADMET-0006192,4.44,as1,4to5,0,0,0.0005134606668055064,False
4345,4552,OADMET-0006191,4.21,as1,4to5,3,0,0.002958595431312029,False
4346,4557,OADMET-0006186,4.84,as1,4to5,1,0,0.0007694315931340846,False
4347,4558,OADMET-0006185,5.92,as1,5to6,4,0,0.322372910977939,False
4348,4560,OADMET-0006183,3.3200000000000003,as1,3to4,1,0,0.00033737348184677306,False
4349,4561,OADMET-0006182,5.505,as1,5to6,4,0,0.004173499659883344,False
4350,4563,OADMET-0006180,5.86,as1,5to6,4,0,0.34959886314088146,False
4351,4567,OADMET-0006176,4.185,as1,4to5,1,0,0.00047196131082120635,False
4352,4573,OADMET-0006170,4.74,as1,4to5,0,0,0.00015961816369410372,False
4353,4582,OADMET-0006161,4.34,as1,4to5,2,0,0.0002872014504492368,False
4354,4583,OADMET-0006160,5.405,as1,5to6,3,0,0.013910617001072477,False
4355,4584,OADMET-0006158,3.9,as1,3to4,3,0,0.00013145270237197043,False
4356,4587,OADMET-0006155,5.25,as1,5to6,4,0,0.0002969845579700352,False
4357,4590,OADMET-0006151,5.145,as1,5to6,4,0,0.001109348910192319,False
4358,4591,OADMET-0006150,4.68,as1,4to5,0,0,0.0030224463482975915,False
4359,4592,OADMET-0006149,4.66,as1,4to5,1,0,0.00020329662836770268,False
4360,4593,OADMET-0006148,5.164999999999999,as1,5to6,4,0,0.3204845664119465,False
4361,4595,OADMET-0006146,6.345000000000001,as1,gte6,0,1,0.008813011814100444,False
4362,4599,OADMET-0006141,5.390000000000001,as1,5to6,0,0,0.01902962997209669,False
4363,4600,OADMET-0006140,5.13,as1,5to6,0,0,0.0005606530259360363,False
4364,4601,OADMET-0006139,4.49,as1,4to5,1,0,0.00017773070432184962,False
4365,4605,OADMET-0006135,5.4350000000000005,as1,5to6,0,0,0.002039972196975317,False
4366,4606,OADMET-0006134,5.59,as1,5to6,0,0,0.004675621157693004,False
4367,4608,OADMET-0006132,5.465,as1,5to6,4,0,0.04341440303664324,False
4368,4609,OADMET-0006131,5.495,as1,5to6,1,0,0.000326728067090896,False
4369,4611,OADMET-0006129,5.44,as1,5to6,1,0,0.0019621238638290696,False
4370,4612,OADMET-0006128,5.335,as1,5to6,4,0,0.013431718248348629,False
4371,4615,OADMET-0006125,5.470000000000001,as1,5to6,1,0,0.0011292842762329872,False
4372,4617,OADMET-0006123,2.56,as1,lt3,3,0,0.00025684095633961225,False
4373,4619,OADMET-0006121,5.195,as1,5to6,1,0,0.0005418715687232839,False
4374,4620,OADMET-0006120,4.725,as1,4to5,3,0,0.0003966758221214523,False
4375,4621,OADMET-0006119,3.955,as1,3to4,2,0,0.00026885823557212655,False
4376,4623,OADMET-0006117,4.92,as1,4to5,0,0,0.004454430819201039,False
4377,4624,OADMET-0006116,4.485,as1,4to5,2,0,0.00014914250772942678,False
4378,4625,OADMET-0006115,5.27,as1,5to6,4,0,0.00020024094592317136,False
4379,4627,OADMET-0006113,4.800000000000001,as1,4to5,1,0,0.0007136916873456098,False
4380,4629,OADMET-0006111,5.31,as1,5to6,0,0,0.00040220727713058125,False
4381,4632,OADMET-0006108,2.56,as1,lt3,1,0,0.000493188073027486,False
4382,4635,OADMET-0006105,5.905,as1,5to6,4,0,0.005211786898196516,False
4383,4637,OADMET-0006103,3.765,as1,3to4,1,0,0.00045238028736591123,False
4384,4638,OADMET-0006102,4.955,as1,4to5,2,0,0.0001316752916161488,False
4385,4640,OADMET-0006100,5.234999999999999,as1,5to6,3,0,0.00032637367588196257,False
4386,4644,OADMET-0006096,2.49,as1,lt3,3,0,0.000866831213864353,False
4387,4646,OADMET-0006094,5.165,as1,5to6,3,0,0.011490650719414448,False
4388,4648,OADMET-0006092,5.795,as1,5to6,4,0,0.015997511854446818,False
4389,4649,OADMET-0006091,4.94,as1,4to5,0,0,0.0006305808358193119,False
4390,4651,OADMET-0004676,5.085,as1,5to6,0,0,0.0008094453582536052,False
4391,4652,OADMET-0004675,4.895,as1,4to5,4,0,0.0002294859625854571,False
4392,4653,OADMET-0004674,4.995,as1,4to5,0,0,0.0012349037803776025,False
