pool_idx,compound_id,molecule_name,pec50,source,true_bin,fold,p_lt3,p_3to4,p_4to5,p_5to6,p_gte6,pred_bin
0,1,OADMET-0006089,5.27,train,5to6,4,0.0024609935299562567,0.03847836231088773,0.6633356042135852,0.2669018438025134,0.028823196143057485,4to5
1,2,OADMET-0006088,5.08,train,5to6,2,0.061228903846703216,0.35398694279439286,0.5145979437392549,0.06109124319661187,0.009094966423037093,4to5
2,3,OADMET-0006087,5.12,train,5to6,0,0.0003276487386160646,0.00819518784950336,0.3190309089012127,0.5761928525313854,0.09625340197928249,5to6
3,4,OADMET-0006086,5.23,train,5to6,3,0.03569944349344619,0.186492654791567,0.5240843560195191,0.18380417255807321,0.06991937313739455,4to5
4,5,OADMET-0006085,5.28,train,5to6,0,0.0006256522139781111,0.016486782873309496,0.4685430609915425,0.4676334940961222,0.04671100982504769,4to5
5,6,OADMET-0006084,4.5,train,4to5,3,0.03798937226887341,0.30183486556377964,0.5865874580583557,0.06427190862668038,0.009316395482310889,4to5
6,7,OADMET-0006083,4.66,train,4to5,0,0.0005637784973111578,0.009610691872985598,0.1931474324452698,0.5627531311976677,0.23392496598676576,5to6
7,8,OADMET-0006082,5.18,train,5to6,1,0.06989356979569152,0.29896429626590454,0.5146362262164984,0.09015786037084252,0.026348047351063004,4to5
8,9,OADMET-0006081,4.31,train,4to5,1,0.05888918688520289,0.3364011588923439,0.5255107791543062,0.06430157166213887,0.014897303406008089,4to5
9,10,OADMET-0006080,4.24,train,4to5,3,0.005185193406349017,0.04464809244800402,0.40057769604296284,0.4249870498896905,0.12460196821299367,5to6
10,11,OADMET-0006079,5.3,train,5to6,1,0.022756949766519798,0.2154753721418672,0.651367445937475,0.09722166062175744,0.013178571532380638,4to5
11,12,OADMET-0006078,4.19,train,4to5,0,0.005722339344988661,0.13015975239909838,0.7272541028529513,0.12340807342074914,0.013455731982212496,4to5
12,13,OADMET-0006077,5.07,train,5to6,1,0.0019588463086397537,0.023854990948998782,0.3941902142236549,0.48639892569186427,0.09359702282684228,5to6
13,14,OADMET-0006076,5.12,train,5to6,4,0.0052261687425809444,0.031172577059473267,0.342652199099569,0.4239918558002125,0.19695719929816424,5to6
14,15,OADMET-0006075,5.03,train,5to6,3,0.000253816977724419,0.006639048883196519,0.25197234599460117,0.6159471236673079,0.12518766447717,5to6
15,16,OADMET-0006074,5.14,train,5to6,0,0.001955129694602565,0.05057561083901221,0.7140359365618315,0.2202097948199347,0.013223528084619065,4to5
16,17,OADMET-0006073,5.07,train,5to6,0,0.0008003991455193616,0.016653969417642845,0.36771791143853244,0.49648757378975145,0.1183401462085539,5to6
17,18,OADMET-0006072,5.44,train,5to6,0,0.007147128497399119,0.1811747352176768,0.7039236232957367,0.1000798913162604,0.007674621672927086,4to5
18,19,OADMET-0006071,3.96,train,3to4,0,0.09846091252107003,0.4587581745185737,0.38798335122320177,0.042678799400704355,0.01211876233645014,3to4
19,20,OADMET-0006070,4.36,train,4to5,0,0.0005637871895159062,0.03207790905741239,0.7131087900373124,0.24498750682957338,0.009262006886185961,4to5
20,21,OADMET-0006069,5.19,train,5to6,0,0.00010725140537567214,0.006749765907730321,0.40297856689714784,0.5534754362905978,0.03668897949914838,5to6
21,22,OADMET-0006068,4.76,train,4to5,3,0.02114281295772003,0.17020935232326684,0.6386297499801716,0.1480892634487905,0.021928821290050964,4to5
22,23,OADMET-0006067,4.74,train,4to5,1,0.02710907191532558,0.22179013738546674,0.6088373729084139,0.11972693487696649,0.022536482913827333,4to5
23,24,OADMET-0006066,5.02,train,5to6,2,0.0006296417379545692,0.010299240875935225,0.26370774945939746,0.581801815094386,0.14356155283232672,5to6
24,25,OADMET-0006065,5.2,train,5to6,4,0.0011917532541463004,0.011822648927238518,0.2058436226642235,0.5064865599546265,0.27465541519976516,5to6
25,26,OADMET-0006064,4.61,train,4to5,4,0.005826244741912521,0.04586970554076822,0.3763496966989412,0.41455808984215625,0.15739626317622185,5to6
26,27,OADMET-0006063,5.44,train,5to6,3,0.0034745118514033107,0.039082380169138405,0.4324982985888194,0.4311539455587454,0.09379086383189349,4to5
27,28,OADMET-0006062,4.81,train,4to5,1,0.003366228349850478,0.047299272243857986,0.6413938854319958,0.2687288462029076,0.03921176777138806,4to5
28,29,OADMET-0006061,4.69,train,4to5,3,0.008262162027545778,0.09901151723125609,0.6728138271203968,0.20183999667264524,0.018072496948156064,4to5
29,30,OADMET-0006060,4.87,train,4to5,0,0.0007009926072786019,0.01960568387284056,0.5924443850311899,0.36492768764862765,0.022321250840063245,4to5
30,31,OADMET-0006059,4.45,train,4to5,3,0.000494334419686246,0.01975668515926794,0.577262617117036,0.38981257323976826,0.01267379006424156,4to5
31,32,OADMET-0006058,5.26,train,5to6,1,0.00015897114593402376,0.004469377439931824,0.23989693742977222,0.5388413054224981,0.2166334085618638,5to6
32,33,OADMET-0006057,4.48,train,4to5,1,0.0014430906604814943,0.04298557101680919,0.6783730597755911,0.26129577372976065,0.01590250481735755,4to5
33,34,OADMET-0006056,4.58,train,4to5,4,0.0036143360538845367,0.06275427401366765,0.6645717684290006,0.23870282103000573,0.03035680047344156,4to5
34,35,OADMET-0006055,4.95,train,4to5,2,0.00011300996356584657,0.005301189310022057,0.38727895222373393,0.571277705412215,0.03602914309046318,5to6
35,36,OADMET-0006054,4.68,train,4to5,4,0.04289667433165591,0.4510679580585906,0.4633258611651106,0.03880402594259977,0.003905480502043114,4to5
36,37,OADMET-0006053,5.31,train,5to6,2,6.034233912517296e-05,0.0020518747474119136,0.16304351270303824,0.6842333028400737,0.15061096737035107,5to6
37,38,OADMET-0006052,4.6,train,4to5,4,0.0006216154028644048,0.025073266370502955,0.7319211572123137,0.2313437974736512,0.011040163540667853,4to5
38,39,OADMET-0006051,5.11,train,5to6,0,0.0010554707693271382,0.018928087981150178,0.39730861223368646,0.4906749060177636,0.09203292299807261,5to6
39,40,OADMET-0006050,5.18,train,5to6,4,0.0003882027825661442,0.013271321585048146,0.5731202978362339,0.3908659530278311,0.0223542247683207,4to5
40,41,OADMET-0006049,4.85,train,4to5,0,0.01797367649128359,0.16121117920811456,0.6323083698033203,0.158169688267351,0.030337086229930504,4to5
41,42,OADMET-0006048,4.99,train,4to5,0,0.005334058746691465,0.06616444848758476,0.606580373235529,0.28725948769267934,0.034661631837515354,4to5
42,43,OADMET-0006047,4.93,train,4to5,0,0.0009701320150295976,0.019823686091803024,0.3731854060557553,0.48679942271661303,0.11922135312079905,5to6
43,44,OADMET-0006046,5.13,train,5to6,1,0.0012893452447869012,0.023422085171698016,0.4784587625616432,0.4200809935803101,0.07674881344156183,4to5
44,45,OADMET-0006045,5.42,train,5to6,4,0.000440817857745643,0.008484185818980612,0.3307093438668675,0.5626476503664777,0.09771800208992852,5to6
45,46,OADMET-0006044,4.93,train,4to5,0,0.0032195124723607767,0.03418861647159454,0.3126569638090836,0.4800966602920858,0.1698382469548753,5to6
46,47,OADMET-0006043,4.72,train,4to5,2,0.0020865634849893027,0.03617511661025836,0.584442193649934,0.35764041259890095,0.019655713655917378,4to5
47,48,OADMET-0006042,5.24,train,5to6,3,0.00011263875884185956,0.0035776670887206477,0.25471536883061535,0.6737804632678215,0.06781386205400065,5to6
48,49,OADMET-0006041,5.09,train,5to6,1,0.0003474277671214213,0.011810382016919857,0.5251382824695219,0.4291290346083545,0.033574873138082315,4to5
49,50,OADMET-0006040,5.3,train,5to6,1,0.03298784780134317,0.19592320846049782,0.5749068238775923,0.16621275184224266,0.029969368018324047,4to5
50,51,OADMET-0006039,4.18,train,4to5,2,0.015393050960426894,0.1377198813082678,0.6305829139756292,0.1949566408303417,0.02134751292533444,4to5
51,52,OADMET-0006038,4.94,train,4to5,2,0.0008915839342822528,0.016202774277033313,0.32987595374464623,0.5489961037032445,0.10403358434079374,5to6
52,53,OADMET-0006037,4.74,train,4to5,1,0.09402143815127853,0.46246465351485233,0.3946707785923663,0.037033557340002694,0.01180957240150016,3to4
53,54,OADMET-0006036,5.2,train,5to6,0,0.0018201454309998077,0.03858903844896637,0.5525643896290663,0.3561320946522209,0.050894331838746615,4to5
54,55,OADMET-0006035,5.53,train,5to6,0,0.002203435968304932,0.03718809929134277,0.5719990381356915,0.356927045268266,0.03168238133639472,4to5
55,56,OADMET-0006034,4.93,train,4to5,2,0.00037016735656550094,0.008348472103938253,0.2784987881852593,0.6246698860973855,0.08811268625685147,5to6
56,57,OADMET-0006033,5.14,train,5to6,2,0.0005104970063335056,0.012928932592130966,0.455260742607732,0.4938456296548374,0.03745419813896608,5to6
57,58,OADMET-0006032,4.76,train,4to5,0,0.004236858896507122,0.07855004989162662,0.6627136613929374,0.23191839964136704,0.022581030177561762,4to5
58,59,OADMET-0006031,4.42,train,4to5,0,0.3209763133416737,0.4190266383548084,0.13594826903997062,0.04036052852466112,0.08368825073888618,3to4
59,60,OADMET-0006030,5.06,train,5to6,2,0.05515860789382333,0.2269725506807366,0.49413508027681574,0.15175165765070103,0.07198210349792332,4to5
60,61,OADMET-0006029,4.74,train,4to5,1,6.764309259046991e-05,0.0030711977264410006,0.1786419125397974,0.6077836657302611,0.21043558091091005,5to6
61,62,OADMET-0006028,5.23,train,5to6,2,4.001126756984826e-05,0.0016591093301405306,0.19275818122928892,0.6993551561896427,0.10618754198335799,5to6
62,63,OADMET-0006027,5.23,train,5to6,1,0.006001977612230381,0.036330419897928116,0.3105546480554519,0.351430380249897,0.29568257418449256,5to6
63,64,OADMET-0006026,4.64,train,4to5,2,0.061753743879128235,0.4147241262958935,0.47265006375186847,0.042667644411289944,0.008204421661819849,4to5
64,65,OADMET-0006025,5.22,train,5to6,4,0.0007489981218724639,0.019159195576646915,0.5742157587379217,0.37008138780209365,0.035794659761465286,4to5
65,66,OADMET-0006024,4.61,train,4to5,2,0.08298624028684139,0.4468357115182228,0.416406408892357,0.042265473379234746,0.011506165923343996,3to4
66,67,OADMET-0006023,4.98,train,4to5,4,0.0007675591870925732,0.009719279908137458,0.30574877055971994,0.5528647481863778,0.1308996421586723,5to6
67,68,OADMET-0006022,4.97,train,4to5,2,0.07531697331114476,0.319290996787291,0.4706917124639888,0.09280940179828331,0.041890915639292134,4to5
68,69,OADMET-0006021,4.93,train,4to5,0,0.0003933014154126181,0.011117902364991087,0.40005873844377277,0.5266550675420982,0.061774990233725305,5to6
69,70,OADMET-0006020,5.07,train,5to6,0,0.16833076869455668,0.4112062629697841,0.30277081421700675,0.05797084993210882,0.0597213041865437,3to4
70,71,OADMET-0006019,4.73,train,4to5,0,0.00048715022535901,0.01674958061084506,0.536478437054843,0.4207258343859869,0.025558997722966083,4to5
71,72,OADMET-0006018,4.63,train,4to5,0,0.01647726491474698,0.29405040009633004,0.6250721872722346,0.06046937260480385,0.003930775111884521,4to5
72,73,OADMET-0006017,5.16,train,5to6,3,0.04678900247918147,0.3484917661650587,0.5341230893635684,0.06121709933360512,0.009379042658586188,4to5
73,74,OADMET-0006016,4.26,train,4to5,2,0.03159472659985113,0.12115765882362316,0.41496109189538116,0.2916565185104214,0.1406300041707232,4to5
74,75,OADMET-0006015,4.51,train,4to5,1,0.049538515139084194,0.18352073294281412,0.4748311305431192,0.2036127879946471,0.08849683338033532,4to5
75,76,OADMET-0006014,5.39,train,5to6,1,0.0016701257836735154,0.027298974334070376,0.4803513667605524,0.4188139807349103,0.07186555238679343,4to5
76,77,OADMET-0006013,4.34,train,4to5,0,0.029071834804768406,0.22619327086786242,0.576387780201071,0.13985146998916476,0.028495644137133482,4to5
77,78,OADMET-0006012,4.93,train,4to5,3,0.013080520701563217,0.17054407489162768,0.658240087236167,0.13614241931001567,0.02199289786062648,4to5
78,79,OADMET-0006011,5.11,train,5to6,2,0.006151268338894245,0.07377392149794372,0.6745234219760894,0.23050919475697793,0.015042193430094707,4to5
79,80,OADMET-0006010,5.28,train,5to6,1,0.0004072364290300654,0.007679087577666283,0.2216292783950012,0.5305119432659771,0.2397724543323254,5to6
80,81,OADMET-0006009,4.11,train,4to5,0,0.006546052775612276,0.12696272400828199,0.7146364600205052,0.1438127786254394,0.008041984570161117,4to5
81,82,OADMET-0006008,4.81,train,4to5,1,0.003662130976237825,0.04971839789468276,0.5719335594009731,0.323273326335551,0.05141258539255529,4to5
82,83,OADMET-0006007,4.99,train,4to5,0,0.09483265673634493,0.4269417730908275,0.40545599784190955,0.05947576708351947,0.01329380524739854,3to4
83,84,OADMET-0006006,4.81,train,4to5,1,0.00714429243402896,0.09499151370245397,0.6985757432246551,0.18044874282144874,0.018839707817413235,4to5
84,85,OADMET-0006005,4.4,train,4to5,3,0.006718092066664279,0.09146192580428886,0.6895804337779111,0.20005065007085743,0.012188898280278377,4to5
85,86,OADMET-0006004,4.69,train,4to5,0,0.008550720623411195,0.06916860007900279,0.5539485425258608,0.3179470674637425,0.050385069307982734,4to5
86,87,OADMET-0006003,4.38,train,4to5,3,0.012603550820705087,0.16437011528540102,0.6995076354721432,0.11541671749980367,0.008101980921946963,4to5
87,88,OADMET-0006002,4.61,train,4to5,0,0.0013818872109295293,0.04367365598093752,0.6940401053469281,0.24705166605672044,0.013852685404484472,4to5
88,89,OADMET-0006001,5.16,train,5to6,4,0.0009527245453859329,0.013090379582631468,0.312438071883442,0.5277931112909794,0.14572571269756115,5to6
89,90,OADMET-0006000,5.22,train,5to6,1,0.0003208744487998501,0.01084032386155423,0.3657423592255185,0.530816023864873,0.09228041859925443,5to6
90,91,OADMET-0005999,4.98,train,4to5,3,0.0002535847996029396,0.0030840021930942075,0.07551714352234294,0.4728242954883521,0.4483209739966078,5to6
91,92,OADMET-0005998,4.83,train,4to5,1,0.0018810155518330404,0.036102359495858945,0.6726507180259345,0.2659392746535625,0.023426632272811044,4to5
92,93,OADMET-0005997,5.11,train,5to6,1,0.0029143375920516325,0.03815223169130738,0.6346738755713359,0.28467678221736786,0.03958277292793721,4to5
93,94,OADMET-0005996,4.85,train,4to5,3,0.0006475221808589767,0.022298718452870663,0.6424996483752531,0.3265677800912876,0.007986330899729591,4to5
94,95,OADMET-0005995,5.1,train,5to6,1,0.00015802981445704322,0.004499628791097747,0.2739664401827143,0.5442953283860521,0.1770805728256788,5to6
95,96,OADMET-0005994,5.16,train,5to6,4,0.001311020786179679,0.012474522706627272,0.17386956207287685,0.4672921515813662,0.34505274285294996,5to6
96,97,OADMET-0005993,5.08,train,5to6,0,0.005029825315686537,0.0930262845614936,0.7021220077940856,0.18385379855852169,0.015968083770212547,4to5
97,98,OADMET-0005992,4.56,train,4to5,4,0.008014296181499958,0.09282909333705902,0.7023278474807739,0.1812189519405365,0.015609811060130596,4to5
98,99,OADMET-0005991,4.65,train,4to5,1,0.00015606859431270006,0.005076431733711048,0.24365921627716797,0.5959767774866741,0.15513150590813418,5to6
99,100,OADMET-0005990,4.84,train,4to5,2,0.027519895293717688,0.2672265638636599,0.5896646094857159,0.10406819972065615,0.01152073163625035,4to5
100,101,OADMET-0005989,4.7,train,4to5,1,0.0008441422055985048,0.01895138950065584,0.586502061642164,0.3656761859791909,0.028026220672390797,4to5
101,102,OADMET-0005988,4.52,train,4to5,4,0.0017814616441937934,0.02801554836658942,0.5651233196916435,0.3592613339842369,0.04581833631333643,4to5
102,103,OADMET-0005987,4.83,train,4to5,2,0.001480799246665948,0.035876202405355787,0.6827568236168872,0.27242138280939243,0.007464791921698603,4to5
103,104,OADMET-0005986,4.63,train,4to5,0,0.014943682851924768,0.1931502434693168,0.6705568729092088,0.11053217453365738,0.010817026235892195,4to5
104,105,OADMET-0005985,4.82,train,4to5,4,0.0045217291252764875,0.10568879933534896,0.730820742312278,0.1522200163572008,0.00674871286989577,4to5
105,106,OADMET-0005984,5.35,train,5to6,2,0.15133662940786793,0.4676521387495449,0.29543940121923157,0.052177742155726625,0.03339408846762895,3to4
106,107,OADMET-0005983,4.56,train,4to5,2,0.0064078502250285285,0.09551521842181478,0.6722477467878017,0.190940761658321,0.03488842290703398,4to5
107,108,OADMET-0005982,4.42,train,4to5,1,0.00403972461428054,0.031116605059270205,0.4338265135163707,0.4023067743256446,0.12871038248443395,4to5
108,109,OADMET-0005981,4.5,train,4to5,1,0.014592798236478887,0.16860282201279,0.6974889545097525,0.10667969892405366,0.012635726316924981,4to5
109,110,OADMET-0005980,4.42,train,4to5,1,0.02625735271198896,0.11380927864464055,0.42334383394487013,0.30269346253364265,0.13389607216485772,4to5
110,111,OADMET-0005979,5.2,train,5to6,3,9.29701578568988e-05,0.002644938691004522,0.14060032587754032,0.6704204783460187,0.18624128692757955,5to6
111,112,OADMET-0005978,4.26,train,4to5,0,0.00918793415145087,0.1834446671283326,0.6711388945129132,0.12584075554364765,0.010387748663655692,4to5
112,113,OADMET-0005977,5.36,train,5to6,3,0.0008989479994942579,0.01366897307566384,0.3351249783343969,0.5480574622858715,0.10224963830457351,5to6
113,114,OADMET-0005976,5.0,train,4to5,3,0.20198936745603624,0.6083989286125504,0.15626475540811155,0.014050419326840391,0.01929652919646135,3to4
114,115,OADMET-0005975,4.71,train,4to5,3,0.0512905741729262,0.375489583459935,0.5143270368012572,0.050105343290847794,0.008787462275033799,4to5
115,116,OADMET-0005974,4.06,train,4to5,4,0.14047110360355103,0.715368523533458,0.13830662049008907,0.0046989411119742934,0.001154811260927553,3to4
116,117,OADMET-0005973,4.68,train,4to5,1,0.05433313961575284,0.3313511038672261,0.5222899356655026,0.06796489706609321,0.024060923785425153,4to5
117,118,OADMET-0005972,5.11,train,5to6,1,0.0013095511164962627,0.028322559291610604,0.578846365972098,0.3542034448285489,0.03731807879124629,4to5
118,119,OADMET-0005971,4.68,train,4to5,1,0.07387777675913333,0.46240364139912327,0.4278234392808554,0.028933943328468943,0.006961199232418995,3to4
119,120,OADMET-0005970,4.46,train,4to5,3,0.0028989083389948335,0.06287803253475868,0.7381709523613353,0.18685696283848335,0.009195143926427857,4to5
120,121,OADMET-0005969,4.57,train,4to5,3,0.02594859428895286,0.1844287445981523,0.5691964414270058,0.17520881536570135,0.045217404320187705,4to5
121,122,OADMET-0005968,3.85,train,3to4,1,0.025759375577891454,0.2570583421770014,0.6331896534245783,0.0738326431243019,0.010159985696226918,4to5
122,123,OADMET-0005967,5.2,train,5to6,4,0.0025054063008330563,0.05542931397712456,0.6614570694679519,0.2576483518077102,0.02295985844638034,4to5
123,124,OADMET-0005966,4.34,train,4to5,0,0.030486569109595102,0.39192778844756226,0.5164190266252994,0.05564195750252562,0.005524658315017627,4to5
124,125,OADMET-0005965,5.07,train,5to6,4,0.014952237550703016,0.16777278295413275,0.6505587624323507,0.15256076880662775,0.014155448256185857,4to5
125,126,OADMET-0005964,5.22,train,5to6,3,0.00047431455796272354,0.015231487449389037,0.472596767920582,0.47611847857982237,0.03557895149224392,5to6
126,127,OADMET-0005963,5.0,train,4to5,2,0.00014912991060221577,0.005934969653141562,0.3946824149315991,0.5597374123692463,0.03949607313541074,5to6
127,128,OADMET-0005962,4.51,train,4to5,3,0.014310445038379287,0.1276239335449397,0.6370772867714355,0.1854008926404848,0.03558744200476077,4to5
128,129,OADMET-0005961,4.61,train,4to5,0,0.0009011951404288787,0.016570898438449944,0.4509678366109617,0.4777840567794046,0.053776013030754924,5to6
129,130,OADMET-0005960,4.42,train,4to5,1,0.0015237705875197631,0.01772207909710279,0.37838309078239263,0.48626978996714393,0.11610126956584088,5to6
130,131,OADMET-0005959,4.53,train,4to5,2,0.00758397083160398,0.036503596632131693,0.2584144667612183,0.48831240367383383,0.20918556210121217,5to6
131,132,OADMET-0005958,5.09,train,5to6,2,9.149160298402276e-05,0.004464644531843126,0.2989151219156074,0.634431370507233,0.06209737144233253,5to6
132,133,OADMET-0005957,5.31,train,5to6,3,3.6521371442219584e-05,0.0007494662945366381,0.07068745186893037,0.6501569191450768,0.27836964132001396,5to6
133,134,OADMET-0005956,4.45,train,4to5,4,0.14721614543082254,0.6717876899992676,0.17200997712390664,0.007585172921751171,0.0014010145242520301,3to4
134,135,OADMET-0005955,4.87,train,4to5,0,0.007410733277710526,0.17016850982426326,0.7190811279108008,0.09924326424743748,0.004096364739787886,4to5
135,136,OADMET-0005954,4.91,train,4to5,3,0.0031891952913654905,0.07235785297428074,0.7492180180568818,0.16971372910005703,0.005521204577414889,4to5
136,137,OADMET-0005953,5.52,train,5to6,0,0.005377474771726105,0.12665107999598985,0.7301888554286725,0.13069968083789185,0.007082908965719693,4to5
137,138,OADMET-0005952,5.03,train,5to6,1,0.0012111646162893679,0.01312212904475959,0.265948052933104,0.4792887790055756,0.24042987440027147,5to6
138,139,OADMET-0005951,4.8,train,4to5,0,0.0009218056823471128,0.018601993828913806,0.5138981029427717,0.4191700858965103,0.04740801164945703,4to5
139,140,OADMET-0005950,4.83,train,4to5,4,0.010143627667685921,0.04460834078902863,0.26657027676459166,0.39910302569696837,0.2795747290817254,5to6
140,141,OADMET-0005949,5.28,train,5to6,2,4.3701013473364453e-05,0.0011409615508440325,0.11915548259734265,0.6973042554790041,0.18235559935933587,5to6
141,142,OADMET-0005948,5.04,train,5to6,0,4.885103771687879e-05,0.0016806522616688577,0.12826135754258638,0.6308850049811874,0.2391241341768405,5to6
142,143,OADMET-0005947,5.18,train,5to6,1,0.0002599672504926678,0.007041738140880739,0.307595123835543,0.5709755236063558,0.11412764716672781,5to6
143,144,OADMET-0005946,5.06,train,5to6,0,0.0002268273110362892,0.0055203787489754436,0.24865921039262218,0.5938026952239491,0.15179088832341694,5to6
144,145,OADMET-0005945,5.26,train,5to6,4,0.00014956432494606908,0.0034396192556448157,0.2954720599474855,0.612311908518867,0.08862684795305667,5to6
145,146,OADMET-0005944,5.24,train,5to6,1,0.03127846415665137,0.3019260688200557,0.5858338923961715,0.06939512316727235,0.011566451459849077,4to5
146,147,OADMET-0005943,5.0,train,4to5,2,0.0009533053049163854,0.0072093691965568925,0.107252988962571,0.5125874698852003,0.37199686665075543,5to6
147,148,OADMET-0005942,4.41,train,4to5,1,0.03697159289361769,0.2938417611971458,0.5794295304598936,0.07519934627560143,0.01455776917374141,4to5
148,149,OADMET-0005941,5.07,train,5to6,0,0.0005228876745253233,0.02059082837928415,0.6018006698618761,0.3592164752999295,0.01786913878438489,4to5
149,150,OADMET-0005940,5.22,train,5to6,2,7.220109048508726e-05,0.003382705725350787,0.27293468390283165,0.6535283535088312,0.07008205577250128,5to6
150,151,OADMET-0005939,4.44,train,4to5,4,0.0029199012602832593,0.05127167128564805,0.7081358670190826,0.2171105219200056,0.020562038514980476,4to5
151,152,OADMET-0005938,4.82,train,4to5,3,0.000623939649638406,0.019325238789686783,0.5834740756584391,0.3804252587386737,0.016151487163561982,4to5
152,153,OADMET-0005937,4.89,train,4to5,3,0.0009719420661546037,0.024900748656122837,0.6004217701617828,0.3601695500315207,0.013535989084419157,4to5
153,154,OADMET-0005936,4.97,train,4to5,2,0.00035850949207152856,0.01533665985901129,0.5178002441892213,0.4443093899889813,0.022195196470714548,4to5
154,155,OADMET-0005935,4.49,train,4to5,0,0.00029586673391802573,0.009508990279716386,0.3170311912662171,0.5781116836666301,0.09505226805351842,5to6
155,156,OADMET-0005934,5.25,train,5to6,0,0.00021197187103389313,0.005005956182455579,0.26319781054550806,0.6338644053905954,0.09771985601040709,5to6
156,157,OADMET-0005933,5.18,train,5to6,2,0.00012633456311779968,0.00614477186841405,0.4299710726201551,0.5368169590107275,0.026940861937585655,5to6
157,158,OADMET-0005932,4.94,train,4to5,3,0.00025210921182753434,0.007574835871825413,0.3542375980099304,0.589721590030167,0.04821386687624964,5to6
158,159,OADMET-0005931,5.21,train,5to6,4,0.0007826118872994246,0.012233383834580823,0.3808003933122044,0.5227733997691676,0.08341021119674775,5to6
159,160,OADMET-0005930,5.19,train,5to6,0,0.0004124293850782842,0.005661732423918422,0.1445149904525756,0.5838347577242392,0.26557609001418847,5to6
160,161,OADMET-0005929,5.38,train,5to6,4,0.0015977641583118907,0.009945999550757477,0.21003443901097235,0.46595181702166566,0.3124699802582926,5to6
161,162,OADMET-0005928,4.44,train,4to5,2,0.0180706823762699,0.3400916659783,0.6005849669756161,0.03933281341111194,0.0019198712587020158,4to5
162,163,OADMET-0005927,4.63,train,4to5,1,0.0005288866879490657,0.012150320374399186,0.49441877617598395,0.44611585690736316,0.04678615985430462,4to5
163,164,OADMET-0005926,5.25,train,5to6,1,0.0022404999294837477,0.025037871475497346,0.4409546519181556,0.44450243955639124,0.08726453712047211,5to6
164,165,OADMET-0005925,4.02,train,4to5,0,0.008692920661348438,0.08780810694885811,0.6476595739544706,0.23089067351992962,0.024948724915393253,4to5
165,166,OADMET-0005924,4.48,train,4to5,1,0.008080454618488015,0.09100710685371521,0.6595406593712109,0.20594588113898302,0.03542589801760295,4to5
166,167,OADMET-0005923,5.53,train,5to6,0,0.00048538090651858073,0.021781656834687822,0.6065270885015805,0.35600358155543455,0.015202292201778503,4to5
167,168,OADMET-0005922,4.26,train,4to5,4,0.016781946855183954,0.21972367443728225,0.6628319704423021,0.09290699032530596,0.007755417939925699,4to5
168,169,OADMET-0005921,4.6,train,4to5,3,0.005668853613912823,0.10503673069242558,0.7217060590866489,0.15888888401445023,0.008699472592562537,4to5
169,170,OADMET-0005920,5.41,train,5to6,0,0.0016002701699751347,0.025278989390426245,0.3403516135946487,0.49322221004642125,0.13954691679852868,5to6
170,171,OADMET-0005919,4.54,train,4to5,1,0.14002240568299268,0.42436392198366274,0.37527791968235735,0.04157514311782376,0.01876060953316348,3to4
171,172,OADMET-0005918,4.77,train,4to5,1,0.0034928928076365085,0.045220420901618305,0.6316855112607673,0.2835730087537982,0.03602816627617971,4to5
172,173,OADMET-0005917,4.67,train,4to5,0,0.0049648292329553525,0.04939253439652369,0.5329029356604252,0.3646479109762569,0.04809178973383887,4to5
173,174,OADMET-0005916,4.64,train,4to5,2,0.0011874846892899892,0.02895542180248682,0.5533435241627782,0.38430013536847873,0.03221343397696626,4to5
174,175,OADMET-0005915,4.67,train,4to5,2,0.0037989588631268537,0.030525883801867645,0.4094891567225063,0.49573034278922873,0.060455657823270455,5to6
175,176,OADMET-0005914,3.92,train,3to4,1,0.06078066088148511,0.1943579127888913,0.28676477277322077,0.20085656187582535,0.25724009168057743,4to5
176,177,OADMET-0005913,4.48,train,4to5,2,0.0010327308638273611,0.046018490207186735,0.7679528223000908,0.18128561097738233,0.003710345651512797,4to5
177,178,OADMET-0005912,5.1,train,5to6,1,0.0020798617497801326,0.03476561682018637,0.6370497485349598,0.2969003086696912,0.02920446422538246,4to5
178,179,OADMET-0005911,5.23,train,5to6,1,0.00045173971307677893,0.008543849565891312,0.2532147659407,0.5516935356520051,0.18609610912832675,5to6
179,180,OADMET-0005910,4.57,train,4to5,2,0.0017609810874844136,0.05320038772803721,0.7271338277886739,0.21237879005787816,0.005526013337926325,4to5
180,181,OADMET-0005909,4.77,train,4to5,1,0.08529046732283084,0.33604510867494847,0.4911447653663583,0.06737579254711137,0.02014386608875097,4to5
181,182,OADMET-0005908,4.87,train,4to5,0,0.008814310265071934,0.1714075578918131,0.7120067758296413,0.10030409995052521,0.007467256062948459,4to5
182,183,OADMET-0005907,4.83,train,4to5,2,0.0010789419424348029,0.027353751560586486,0.6049468926723434,0.3502944897827646,0.016325924041870762,4to5
183,184,OADMET-0005906,4.89,train,4to5,3,0.00010623939532033746,0.002278849065307572,0.11187902330710951,0.6398626701923703,0.24587321803989232,5to6
184,185,OADMET-0005905,4.67,train,4to5,1,0.04586021701334613,0.23591849291810435,0.538873461552056,0.12923222009943605,0.05011560841705749,4to5
185,186,OADMET-0005904,4.39,train,4to5,2,0.003749819741058771,0.0813430182950254,0.7391254972443323,0.16973720652964558,0.006044458189937935,4to5
186,187,OADMET-0005903,4.38,train,4to5,3,0.006226106771842175,0.11985341741338668,0.7544355696914008,0.11527817250784099,0.004206733615529309,4to5
187,188,OADMET-0005902,4.73,train,4to5,4,0.011102017759667038,0.1042905892328568,0.6661056726794768,0.18701418998187563,0.03148753034612367,4to5
188,189,OADMET-0005901,4.26,train,4to5,1,5.795243550898287e-05,0.0022148064115343562,0.24590809913440337,0.6396598886195456,0.11215925339900766,5to6
189,190,OADMET-0005900,4.45,train,4to5,0,0.1207696671196564,0.6075100427169547,0.24850500139138665,0.01865482368544314,0.0045604650865590495,3to4
190,191,OADMET-0005899,4.59,train,4to5,1,0.0001836946338339287,0.0062065399823585145,0.3882603979112003,0.5415438463503561,0.06380552112225116,5to6
191,192,OADMET-0005898,4.15,train,4to5,3,0.020687392896647717,0.249490897963585,0.6522177150289914,0.07288334096033004,0.004720653150445804,4to5
192,193,OADMET-0005897,4.75,train,4to5,0,0.00038022213646944717,0.008601675169093376,0.2875938224187273,0.6095045995512187,0.09391968072449118,5to6
193,194,OADMET-0005896,4.86,train,4to5,2,0.0001928374387699723,0.006471890435501933,0.3425655335877924,0.6072643347631329,0.04350540377480275,5to6
194,195,OADMET-0005895,5.25,train,5to6,3,0.0003424716368237066,0.0071240667214715146,0.203682732788045,0.6227431212480943,0.16610760760556556,5to6
195,196,OADMET-0005894,4.71,train,4to5,3,0.005144427449018446,0.11437388328429683,0.7514846801988412,0.12475950073365913,0.004237508334184399,4to5
196,197,OADMET-0005893,5.01,train,5to6,2,0.0017262254528129508,0.04807645367692146,0.7032387724955044,0.23940604490375345,0.00755250347100774,4to5
197,198,OADMET-0005892,5.1,train,5to6,3,0.001192993559604617,0.02457999911854745,0.39291639757620056,0.513811630126781,0.06749897961886635,5to6
198,199,OADMET-0005891,5.11,train,5to6,3,0.0007328572167728842,0.016079506637525977,0.39518431030547674,0.5247268903843312,0.06327643545589329,5to6
199,200,OADMET-0005890,4.09,train,4to5,2,0.005250047850833881,0.09924747851651046,0.7607411164737231,0.13146610130060862,0.003295255858323952,4to5
200,201,OADMET-0005889,4.76,train,4to5,3,0.01163039277418992,0.12239984571113996,0.6752057753295405,0.16953808274492163,0.021225903440207937,4to5
201,202,OADMET-0005888,4.98,train,4to5,3,6.151387084069062e-05,0.0015617328522892166,0.07980804920937978,0.5976362847312462,0.32093241933624417,5to6
202,203,OADMET-0005887,5.02,train,5to6,0,0.0063150005944748195,0.15516267160534591,0.7196845750251262,0.11210827127455879,0.006729481500494259,4to5
203,204,OADMET-0005886,4.58,train,4to5,4,0.0014774182335398499,0.034943122392327206,0.6920661325389057,0.25713381153265913,0.01437951530256808,4to5
204,205,OADMET-0005885,5.17,train,5to6,4,0.00058209445452516,0.0034118011562919107,0.10632203074372722,0.46017507772974897,0.42950899591570674,5to6
205,206,OADMET-0005884,5.04,train,5to6,2,0.0001569370375633609,0.0037663877366050386,0.2224375328567397,0.653430408450023,0.12020873391906889,5to6
206,207,OADMET-0005883,4.56,train,4to5,2,0.01799153360347189,0.10906217308190934,0.5795896085701302,0.24477535623000202,0.04858132851448652,4to5
207,208,OADMET-0005882,4.07,train,4to5,0,0.0009325478635734531,0.02581838567373306,0.5924949758426148,0.3590600260680989,0.02169406455197983,4to5
208,209,OADMET-0005881,4.68,train,4to5,2,0.003161709642293098,0.08358504323472812,0.750323149480446,0.15886844124977012,0.004061656392762651,4to5
209,210,OADMET-0005880,5.19,train,5to6,4,0.00400999934228137,0.027819460309705623,0.5150688300189913,0.3656412369862967,0.08746047334272503,4to5
210,211,OADMET-0005879,4.22,train,4to5,3,0.015059391196568947,0.10960199867551222,0.5749232474521002,0.2542823720858149,0.0461329905900038,4to5
211,212,OADMET-0005878,4.99,train,4to5,3,0.0007544768136002082,0.022469121893468343,0.5982371550224157,0.3628709901105518,0.015668256159963926,4to5
212,213,OADMET-0005877,4.44,train,4to5,3,0.012320373668209351,0.20154865806596822,0.6859536505079832,0.09548426799955313,0.004693049758286178,4to5
213,214,OADMET-0005876,4.72,train,4to5,1,0.0006545850086654509,0.013925382642929269,0.38140838723337955,0.49236994187891986,0.11164170323610587,5to6
214,215,OADMET-0005875,4.95,train,4to5,0,0.001928265347309784,0.04242441228194988,0.5792315921880127,0.3461349143279583,0.030280815854769376,4to5
215,216,OADMET-0005874,5.65,train,5to6,2,0.0003051937395515216,0.010721950926415865,0.42732681112097304,0.5265581535269347,0.03508789068612487,5to6
216,217,OADMET-0005873,4.38,train,4to5,1,0.0025067837572870645,0.05054533601636632,0.6874264641938497,0.23727612760899705,0.02224528842349989,4to5
217,218,OADMET-0005872,5.48,train,5to6,1,0.001283447859824131,0.021638572546030976,0.5678190675545831,0.36778420770770537,0.04147470433185649,4to5
218,219,OADMET-0005871,5.37,train,5to6,0,8.354640807963703e-05,0.0033419418302385647,0.2443964011504389,0.6317963541180163,0.12038175649322662,5to6
219,220,OADMET-0005870,4.88,train,4to5,2,0.00694097710466783,0.09859056660618,0.7366073049238998,0.15261173077734116,0.005249420587911227,4to5
220,221,OADMET-0005869,4.47,train,4to5,2,0.005918862824428352,0.08770117253504033,0.7293224409432587,0.1699475216394502,0.007110002057822442,4to5
221,222,OADMET-0005868,4.43,train,4to5,2,0.0007872505856881941,0.023249197883905226,0.5609600575974959,0.3891764603403451,0.025827033592565527,4to5
222,223,OADMET-0005867,4.47,train,4to5,4,0.02688231772830957,0.23502660368465134,0.6130150912826565,0.10469968952481919,0.020376297779563343,4to5
223,224,OADMET-0005866,4.48,train,4to5,4,0.0029716719530685455,0.03251792707774906,0.6281904401934372,0.2924998598050931,0.043820100970652184,4to5
224,225,OADMET-0005865,5.2,train,5to6,0,0.00013218200376208358,0.005021973586292261,0.33171383030097434,0.5967223135218338,0.06640970058713748,5to6
225,226,OADMET-0005864,4.77,train,4to5,2,0.0010813762987483188,0.03982136632008363,0.6929662581661393,0.2600052563937408,0.006125742821287964,4to5
226,227,OADMET-0005863,4.69,train,4to5,2,0.021627571805901535,0.13569892007697365,0.5649728981703571,0.23480050137710096,0.04290010856966671,4to5
227,228,OADMET-0005862,4.89,train,4to5,4,0.0017337184109143065,0.03434962579903519,0.5608467742389363,0.3531790255716208,0.04989085597949343,4to5
228,229,OADMET-0005861,4.63,train,4to5,2,0.0009293079727939893,0.020268686628951614,0.4726172209244973,0.4600067553170339,0.04617802915672321,4to5
229,230,OADMET-0005860,4.36,train,4to5,0,0.02714627507529128,0.21715707267980752,0.5754143977383376,0.15250513879563143,0.027777115710932176,4to5
230,231,OADMET-0005859,4.4,train,4to5,3,0.02530347406233605,0.28868905982770465,0.6169660322579155,0.06360428404168036,0.005437149810363527,4to5
231,232,OADMET-0005858,5.29,train,5to6,4,3.659079781497903e-05,0.00046794098647624994,0.07266732990230408,0.5464068605996392,0.3804212777137655,5to6
232,233,OADMET-0005857,5.06,train,5to6,2,0.0029218326002319345,0.04164080143396103,0.6190728279972914,0.3230305771721466,0.013333960796369056,4to5
233,234,OADMET-0005856,5.04,train,5to6,3,0.006468254340302565,0.06190309491269489,0.5027426635758093,0.33670769176571985,0.09217829540547333,4to5
234,235,OADMET-0005855,4.48,train,4to5,2,0.02936168485974954,0.22809890677366465,0.6353767131209016,0.09438831675609519,0.01277437848958897,4to5
235,236,OADMET-0005854,3.96,train,3to4,2,0.016410408724960784,0.1693558115812668,0.6568032576531536,0.13687801514057088,0.02055250690004796,4to5
236,237,OADMET-0005853,4.06,train,4to5,2,0.06056765475389686,0.4243284171787022,0.45857948128866893,0.04965813464903012,0.006866312129701924,4to5
237,238,OADMET-0005852,4.73,train,4to5,1,0.0010847499812086745,0.0208960612607065,0.5024450630150837,0.42219458784948427,0.05337953789351683,4to5
238,239,OADMET-0005851,4.34,train,4to5,0,0.004912856968544823,0.14069138473863313,0.7440516356118264,0.10526899253263557,0.005075130148360101,4to5
239,240,OADMET-0005850,4.07,train,4to5,2,0.00280622461892643,0.07304930664840131,0.764484701226861,0.15559449744812948,0.004065270057681829,4to5
240,241,OADMET-0005849,4.42,train,4to5,1,0.08189201684378561,0.5531410890201206,0.34373612447304763,0.01732368679331529,0.003907082869730874,3to4
241,242,OADMET-0005848,4.41,train,4to5,0,0.03631850115084188,0.4141561268374155,0.502790651403712,0.042354153421047196,0.004380567186983386,4to5
242,243,OADMET-0005847,5.21,train,5to6,3,0.010709128862478243,0.18423686213812737,0.7224036177628215,0.08025070716595122,0.002399684070621647,4to5
243,244,OADMET-0005846,4.61,train,4to5,1,0.001743876324910516,0.02915488285589836,0.5660678580886651,0.3634155883771523,0.039617794353373696,4to5
244,245,OADMET-0005845,4.84,train,4to5,4,0.008938431639912372,0.09027981657222119,0.6886481565760655,0.1876058706536233,0.02452772455817769,4to5
245,246,OADMET-0005844,4.25,train,4to5,1,0.017680595720456556,0.2248876733060262,0.6726646103841298,0.07620378966779143,0.008563330921596031,4to5
246,247,OADMET-0005843,4.74,train,4to5,2,0.005976407745069537,0.06346374209324605,0.658252898389343,0.2542239210927032,0.01808303067963821,4to5
247,248,OADMET-0005842,5.12,train,5to6,3,0.006665063317301741,0.10445230079683142,0.704740797046087,0.1722122071029898,0.011929631736789997,4to5
248,249,OADMET-0005841,4.87,train,4to5,4,0.004765147227892812,0.045424676331652716,0.5364550818243696,0.3494756137147863,0.06387948090129858,4to5
249,250,OADMET-0005840,4.81,train,4to5,4,0.010237851596582694,0.05312857882218132,0.491016750675715,0.3518986524990506,0.09371816640647036,4to5
250,251,OADMET-0005839,5.06,train,5to6,0,0.00821693878982045,0.08655492808246647,0.5625725288978982,0.29855033227013766,0.04410527195967718,4to5
251,252,OADMET-0005838,5.23,train,5to6,2,0.0014431194898178977,0.02041231472597244,0.36358752922906723,0.5158141266187484,0.09874290993639412,5to6
252,253,OADMET-0005837,4.5,train,4to5,1,0.2081764542453601,0.6617422394862018,0.1229177582222698,0.004340403978852558,0.002823144067315728,3to4
253,254,OADMET-0005836,4.83,train,4to5,2,0.00018738306965318275,0.007041074991174788,0.2693234278594996,0.6320765366993443,0.09137157738032817,5to6
254,255,OADMET-0005835,3.63,train,3to4,0,0.006632259491674823,0.05173621256819453,0.41982370048068124,0.3986909335655919,0.12311689389385752,4to5
255,256,OADMET-0005834,4.52,train,4to5,1,0.004564886576709375,0.04780844734810073,0.5735805793611404,0.32268101893530327,0.05136506777874619,4to5
256,257,OADMET-0005833,4.66,train,4to5,3,0.00027945100299077067,0.0052026641755422405,0.17815363690194014,0.6342699694045444,0.18209427851498242,5to6
257,258,OADMET-0005832,5.07,train,5to6,4,0.00028945048618990725,0.004947609721838625,0.2341783041065559,0.6053434595744036,0.15524117611101196,5to6
258,259,OADMET-0005831,3.9,train,3to4,4,0.002294256965446552,0.02723394978554034,0.47339920437185246,0.4203196608389667,0.07675292803819395,4to5
259,260,OADMET-0005830,3.93,train,3to4,0,0.00783355119233395,0.17785360448480672,0.7031670428964416,0.10448721976926667,0.006658581657151006,4to5
260,261,OADMET-0005829,5.38,train,5to6,4,0.00011097853739059991,0.0015819756246494476,0.12638731992835855,0.5905383452388756,0.28138138067072577,5to6
261,262,OADMET-0005828,4.67,train,4to5,1,0.00011408538347744726,0.00429186356741534,0.26044249055558893,0.6003385671817821,0.13481299331173616,5to6
262,263,OADMET-0005827,4.69,train,4to5,2,0.11987812727780545,0.3926354021382674,0.38293003750644594,0.06905408152152537,0.03550235155595577,3to4
263,264,OADMET-0005826,5.19,train,5to6,3,0.016537793703566554,0.10871508713353756,0.552387855130526,0.25944180488708096,0.06291745914528894,4to5
264,265,OADMET-0005825,4.41,train,4to5,2,0.00433680992240394,0.09791661905668365,0.7833432640563431,0.11140081305237774,0.003002493912191527,4to5
265,266,OADMET-0005824,4.44,train,4to5,4,0.014294252597780409,0.18573082810518493,0.680412405352924,0.10522869876372909,0.014333815180381619,4to5
266,267,OADMET-0005823,5.63,train,5to6,0,0.000474609755036852,0.008806130854207114,0.14853549012679274,0.526633024537566,0.31555074472639727,5to6
267,268,OADMET-0005822,4.65,train,4to5,4,0.019362409556684907,0.1082353835509059,0.44473613052093325,0.32502849255545196,0.10263758381602399,4to5
268,269,OADMET-0005821,5.23,train,5to6,3,0.001089309010586463,0.021330146464157193,0.49452585782146713,0.44458893660896714,0.03846575009482206,4to5
269,270,OADMET-0005820,4.47,train,4to5,1,0.015610256392241287,0.16598355940153744,0.6831528614411889,0.12148808812384397,0.013765234641188366,4to5
270,271,OADMET-0005819,4.99,train,4to5,0,0.00863474194729971,0.12815449535127285,0.6705112145044275,0.1702274749880901,0.022472073208909798,4to5
271,272,OADMET-0005818,4.92,train,4to5,2,9.929544648064176e-05,0.0038481828061306886,0.25964978810721634,0.661927533298079,0.07447520034209339,5to6
272,273,OADMET-0005817,4.66,train,4to5,2,0.1023074697961003,0.3457882144949013,0.41922763458521256,0.08609537876503966,0.046581302358746184,4to5
273,274,OADMET-0005816,4.4,train,4to5,4,0.04510377595305702,0.3585396009998736,0.5412589012964397,0.0472259919963158,0.007871729754313878,4to5
274,275,OADMET-0005815,4.9,train,4to5,1,0.007802635925430099,0.07696152220795258,0.6797218157174844,0.21400162442783868,0.021512401721294334,4to5
275,276,OADMET-0005814,4.58,train,4to5,0,0.0005403248814451376,0.014639500181756648,0.45215540053164305,0.47487329311707116,0.057791481288084014,5to6
276,277,OADMET-0005813,4.13,train,4to5,0,0.0025826058127311254,0.05702991156146325,0.6805068546307003,0.24225861241257432,0.017622015582530993,4to5
277,278,OADMET-0005812,4.69,train,4to5,1,0.0005397982498220524,0.011456573470431096,0.4085974392674885,0.5081919057786832,0.07121428323357518,5to6
278,279,OADMET-0005811,5.22,train,5to6,2,0.0011520780085677155,0.014044077695812373,0.24537032194213673,0.5687765328781361,0.17065698947534702,5to6
279,280,OADMET-0005810,4.75,train,4to5,1,0.001017241251759298,0.02718021849956837,0.6608908633980486,0.28793081037845164,0.02298086647217209,4to5
280,281,OADMET-0005809,5.62,train,5to6,0,0.04754848635990293,0.15387863665976478,0.2733166052144612,0.18522954884165577,0.3400267229242153,gte6
281,282,OADMET-0005808,5.32,train,5to6,1,8.330784155175918e-05,0.0020855126564653654,0.12394969432852208,0.5446825413666807,0.3291989438067801,5to6
282,283,OADMET-0005807,5.56,train,5to6,0,0.0023357476778058596,0.02220523891368614,0.301241871328184,0.5103179755398858,0.16389916654043832,5to6
283,284,OADMET-0005806,5.22,train,5to6,0,0.0004637444812931991,0.011891956476060662,0.4145308745171531,0.5134778037859726,0.05963562073952046,5to6
284,285,OADMET-0005805,4.91,train,4to5,4,0.000987463450979865,0.015052090364775877,0.4732733363316385,0.44890567761065575,0.06178143224195005,4to5
285,286,OADMET-0005804,5.57,train,5to6,3,8.319849751818042e-05,0.001517973648065663,0.08571011145333138,0.6022717056113351,0.31041701078974965,5to6
286,287,OADMET-0005803,5.15,train,5to6,3,0.08782374146515035,0.37224599857719987,0.4218735412578044,0.07789103715826212,0.040165681541583245,4to5
287,288,OADMET-0005802,4.53,train,4to5,2,0.005757047004717082,0.07655944243832839,0.6873466581250794,0.21348919261610494,0.016847659815770185,4to5
288,289,OADMET-0005801,4.5,train,4to5,0,0.010937021225976975,0.10481106597270977,0.6415078109657261,0.21033753670166516,0.032406565133922004,4to5
289,290,OADMET-0005800,5.05,train,5to6,3,3.834611376523303e-05,0.0008870828468577558,0.04018060296542448,0.46212232862512226,0.4967716394488303,gte6
290,291,OADMET-0005799,3.56,train,3to4,2,0.007167070341357374,0.13746132877000689,0.7260815200296904,0.12462200452976004,0.004668076329185258,4to5
291,292,OADMET-0005798,4.82,train,4to5,4,0.00021302551534056348,0.003191333703090354,0.18897644906052238,0.5906691932756883,0.2169499984453584,5to6
292,293,OADMET-0005797,4.85,train,4to5,1,0.018401787439061932,0.13437532439130756,0.6443327333318445,0.1599574750644424,0.04293267977334364,4to5
293,294,OADMET-0005796,4.63,train,4to5,4,0.004954637819251014,0.058473214621061115,0.5605795155473574,0.3256666874135858,0.05032594459874471,4to5
294,295,OADMET-0005795,4.68,train,4to5,1,0.0006912368214269699,0.01083294224352413,0.37101519630440033,0.5043661665437168,0.11309445808693178,5to6
295,296,OADMET-0005794,4.71,train,4to5,1,0.005488136681017714,0.08189198222212526,0.7175329193932392,0.17929678821383438,0.015790173489783454,4to5
296,297,OADMET-0005793,4.25,train,4to5,1,0.014921797383644837,0.18045346007549015,0.6696113144843958,0.11815717019504096,0.016856257861428192,4to5
297,298,OADMET-0005792,4.58,train,4to5,2,0.03957798239826266,0.32637479141413256,0.5636591184032355,0.06459997443948001,0.005788133344889308,4to5
298,299,OADMET-0005791,4.63,train,4to5,0,0.043199661314493765,0.16271739895050602,0.43730490585221155,0.22959821988645532,0.12717981399633338,4to5
299,300,OADMET-0005790,4.57,train,4to5,3,0.0021744492458360175,0.04541286160718588,0.6442780079168714,0.28784314921764836,0.02029153201245834,4to5
300,301,OADMET-0005789,4.36,train,4to5,0,0.0024017140234196513,0.05906222494034826,0.7005521184630955,0.22763367405342705,0.010350268519709509,4to5
301,302,OADMET-0005788,6.23,train,gte6,1,0.0008169532745650556,0.014337987943562391,0.38701255417857156,0.4965965530751266,0.10123595152817436,5to6
302,303,OADMET-0005787,4.67,train,4to5,0,0.021023937886632645,0.2903883720582633,0.6244112730002156,0.05851646214954104,0.005659954905347477,4to5
303,304,OADMET-0005786,5.05,train,5to6,4,0.0006996793869651725,0.01585437456481252,0.5574928215454148,0.3965126951979184,0.029440429304889073,4to5
304,305,OADMET-0005785,4.57,train,4to5,2,0.021765448191305308,0.27356842847433077,0.6308963366032855,0.0692836360675029,0.004486150663575567,4to5
305,306,OADMET-0005784,4.84,train,4to5,3,0.00034532983233070936,0.008086227600302122,0.34267737564901585,0.5843026485152053,0.06458841840314597,5to6
306,307,OADMET-0005783,5.22,train,5to6,0,0.00021626426339637237,0.010472605243739698,0.4016021522565253,0.531487072132917,0.05622190610342162,5to6
307,308,OADMET-0005782,4.83,train,4to5,0,0.0076165582976731915,0.12448790211484569,0.7053665259275792,0.14752347224654894,0.01500554141335293,4to5
308,309,OADMET-0005781,4.85,train,4to5,2,0.0019325485482213065,0.021400106587491384,0.4505788880153205,0.4695111705123951,0.056577286336571726,5to6
309,310,OADMET-0005780,4.03,train,4to5,1,0.013125880794781624,0.14130956608690964,0.6883022983793705,0.13871774766547573,0.018544507073462533,4to5
310,311,OADMET-0005779,5.11,train,5to6,3,0.00044706461903967114,0.011193141591721386,0.3608967742629355,0.5716626176031002,0.05580040192320329,5to6
311,312,OADMET-0005778,4.53,train,4to5,2,0.00012376173593536398,0.006002293245853221,0.3620499557021597,0.5862284715005643,0.045595517815487326,5to6
312,313,OADMET-0005777,4.72,train,4to5,0,0.00032894377955489486,0.017640341390556744,0.6064669598940696,0.3611592119325765,0.014404543003242218,4to5
313,314,OADMET-0005776,4.99,train,4to5,0,0.007736379858026177,0.13146159242620195,0.699872325032969,0.1485770813216872,0.012352621361115604,4to5
314,315,OADMET-0005775,4.78,train,4to5,3,0.05449335330858983,0.22935346073069676,0.4965247900300495,0.15001408439239775,0.06961431153826618,4to5
315,316,OADMET-0005774,5.05,train,5to6,3,0.0009435874780019913,0.026168198345195116,0.599949458219939,0.3565744633535197,0.016364292603344252,4to5
316,317,OADMET-0005773,4.38,train,4to5,0,0.04075419978712126,0.24431676127606558,0.5719888316837853,0.12057566122292841,0.02236454603009943,4to5
317,318,OADMET-0005772,4.78,train,4to5,2,0.001258185914410168,0.031390900810796526,0.5810185514605505,0.36557229370260613,0.020760068111636706,4to5
318,319,OADMET-0005771,5.46,train,5to6,4,5.0721561749812205e-05,0.0005751763126550539,0.05938443426831523,0.4900807047603359,0.44990896309694406,5to6
319,320,OADMET-0005770,4.85,train,4to5,1,0.023163378411258595,0.15061974637672115,0.637247686365602,0.1611554485645551,0.027813740281863064,4to5
320,321,OADMET-0005769,4.78,train,4to5,3,0.0013708033981318156,0.038619092050361487,0.6798107351811029,0.27198748691430136,0.00821188245610246,4to5
321,322,OADMET-0005768,4.86,train,4to5,1,0.007847666301894953,0.06041135673906523,0.6087882774627799,0.2693037836270155,0.05364891586924442,4to5
322,323,OADMET-0005767,4.28,train,4to5,0,0.0018330671319530883,0.06257420337712591,0.7497786648347371,0.17926529922207063,0.006548765434113326,4to5
323,324,OADMET-0005766,4.75,train,4to5,1,0.13492957393153474,0.4272248474403381,0.3704804841497234,0.04678840266390575,0.020576691814498005,3to4
324,325,OADMET-0005765,4.16,train,4to5,2,0.005978249573735746,0.12840445542975865,0.7272828336468042,0.1339052936773654,0.004429167672335962,4to5
325,326,OADMET-0005764,4.65,train,4to5,1,0.0003309354025915768,0.01220149065078362,0.5146892002763664,0.43488838694060317,0.03788998672965524,4to5
326,327,OADMET-0005763,4.21,train,4to5,2,0.10301886209603021,0.5448156836244696,0.31893862704707754,0.025745646304374748,0.007481180928047834,3to4
327,328,OADMET-0005762,4.79,train,4to5,3,0.003245906569483367,0.04717379287619562,0.6340580979367152,0.29095726290735635,0.024564939710249457,4to5
328,329,OADMET-0005761,4.4,train,4to5,0,0.008843933322730722,0.0757350258837317,0.5658075867443192,0.28923195896814724,0.060381495081071226,4to5
329,330,OADMET-0005760,5.24,train,5to6,1,0.000565357604196122,0.014504824290534525,0.6011706393993286,0.35725464248231675,0.026504536223624055,4to5
330,331,OADMET-0005759,4.14,train,4to5,2,0.0010788481747367206,0.02859358195875293,0.6311550314519254,0.3207643716620696,0.018408166752515304,4to5
331,332,OADMET-0005758,4.29,train,4to5,0,0.009830774959119595,0.1522925679153033,0.6714921743756274,0.14697073728525797,0.01941374546469179,4to5
332,333,OADMET-0005757,4.52,train,4to5,4,0.030626152811938843,0.3030213454012165,0.6032636244778955,0.057957722496138446,0.005131154812810716,4to5
333,334,OADMET-0005756,4.54,train,4to5,4,0.00020553079201217955,0.007225770703022512,0.44942988291429103,0.5102615168659922,0.032877298724682064,5to6
334,335,OADMET-0005755,4.69,train,4to5,2,0.019679237743593387,0.1176819612885106,0.5695582201945252,0.24781876050885798,0.045261820264512906,4to5
335,336,OADMET-0005754,4.6,train,4to5,0,0.04707449933147339,0.3381309725424226,0.499781864700533,0.09229398295316514,0.022718680472405915,4to5
336,337,OADMET-0005753,4.29,train,4to5,4,0.00603180043443599,0.07201881596044594,0.5970843342580912,0.2889850691256545,0.0358799802213724,4to5
337,338,OADMET-0005752,4.62,train,4to5,1,0.00019546969652447648,0.004895768224157048,0.3293541138261394,0.5684041492132176,0.09715049903996145,5to6
338,339,OADMET-0005751,4.28,train,4to5,3,0.017820060817414957,0.17555666525748242,0.6289994319770306,0.15548226729631154,0.02214157465176055,4to5
339,340,OADMET-0005750,4.44,train,4to5,4,0.0052513679306382165,0.04339808493761903,0.5762916170038183,0.3182584889656848,0.05680044116223971,4to5
340,341,OADMET-0005749,4.3,train,4to5,4,0.0021607194218794287,0.041990471285042616,0.5765468039214555,0.3417741749406742,0.03752783043094821,4to5
341,342,OADMET-0005748,4.74,train,4to5,3,0.0022431501242123585,0.037380186466800996,0.5141853382471875,0.4077324921294929,0.03845883303230626,4to5
342,343,OADMET-0005747,5.58,train,5to6,0,0.003727140362078463,0.03985553598065037,0.5294836747239259,0.38068139464435774,0.0462522542889876,4to5
343,344,OADMET-0005746,5.46,train,5to6,0,0.000981652420528944,0.023595609007079896,0.5282709055383804,0.4037572483908296,0.04339458464318122,4to5
344,345,OADMET-0005745,4.82,train,4to5,2,0.0007212962959180005,0.018612807987383764,0.5326036980029142,0.4184057973240978,0.029656400389686265,4to5
345,346,OADMET-0005744,4.78,train,4to5,2,0.03171390862871472,0.2682934849545275,0.6107639329081066,0.07763064963944351,0.011598023869207658,4to5
346,347,OADMET-0005743,4.61,train,4to5,3,0.0015907495634781465,0.035881265216763526,0.6285156470802117,0.32053833502104173,0.013474003118504935,4to5
347,348,OADMET-0005742,4.06,train,4to5,2,0.37536129932241646,0.5244801125060039,0.06929811941778191,0.006726469482282872,0.024133999271514814,3to4
348,349,OADMET-0005741,4.59,train,4to5,0,0.010687301199837419,0.1497690882212213,0.6238360015703253,0.18064411347438059,0.03506349553423543,4to5
349,350,OADMET-0005740,4.81,train,4to5,2,0.0009832687111849536,0.01619512012778079,0.3055029778888849,0.5609068814388021,0.11641175183334729,5to6
350,351,OADMET-0005739,4.46,train,4to5,2,0.0034582161129871948,0.058655634724266416,0.6602224907052231,0.26220188950000156,0.015461768957521676,4to5
351,352,OADMET-0005738,4.3,train,4to5,4,0.0004346673750201831,0.012561934396880919,0.4227801954377407,0.42694164252450834,0.13728156026584987,5to6
352,353,OADMET-0005737,4.67,train,4to5,1,0.01797597389048474,0.13944467174922898,0.601731388180556,0.1993992671683813,0.04144869901134898,4to5
353,354,OADMET-0005736,5.46,train,5to6,0,0.0026766824491415387,0.045459254147638135,0.5327412755239888,0.37282886004631005,0.04629392783292158,4to5
354,355,OADMET-0005735,5.09,train,5to6,2,0.0070121982755287394,0.05350812944427806,0.46993422924017086,0.3770911428913156,0.09245430014870674,4to5
355,356,OADMET-0005734,4.85,train,4to5,1,0.0009418916372797038,0.01813484368579905,0.4439283342633471,0.43437397785946097,0.10262095255411319,4to5
356,357,OADMET-0005733,5.22,train,5to6,4,0.13932952077195762,0.47461807020577684,0.3497880049081444,0.026295741628173865,0.009968662485947273,3to4
357,358,OADMET-0005732,5.12,train,5to6,2,0.0008981167112720129,0.026358883010130337,0.5977517603354615,0.3590445064770354,0.015946733466100732,4to5
358,359,OADMET-0005731,5.11,train,5to6,4,0.005088050655452463,0.037820460693315704,0.5198787848325165,0.36444218555267005,0.07277051826604526,4to5
359,360,OADMET-0005730,4.59,train,4to5,4,0.003956569770937542,0.06971574480563561,0.6942261959740148,0.21279726635146853,0.019304223097943482,4to5
360,361,OADMET-0005729,4.23,train,4to5,4,0.00573073114191339,0.07311523954263538,0.6993015646231427,0.20198362262211947,0.019868842070189057,4to5
361,362,OADMET-0005728,4.9,train,4to5,2,7.272302159532342e-05,0.0024095589715809394,0.1502158191982362,0.6541424977515964,0.19315940105699114,5to6
362,363,OADMET-0005727,5.12,train,5to6,4,0.003738221015230103,0.06737214654660993,0.7224651127644535,0.19315351839670075,0.013271001277005687,4to5
363,364,OADMET-0005726,4.83,train,4to5,2,0.0031392927101877304,0.03324625523448205,0.49691559105851457,0.39671044137794825,0.06998841961886738,4to5
364,365,OADMET-0005725,4.8,train,4to5,0,0.0007911503608854755,0.014396184614943677,0.32419583092510146,0.5556302137226646,0.10498662037640474,5to6
365,366,OADMET-0005724,4.84,train,4to5,1,0.004013722021784468,0.03766659826133075,0.540027465244197,0.35174624802457044,0.06654596644811732,4to5
366,367,OADMET-0005723,4.17,train,4to5,4,0.0799121883563883,0.2906939512077599,0.5200711774783625,0.06040983287037415,0.04891285008711516,4to5
367,368,OADMET-0005722,4.2,train,4to5,0,0.005727866952591404,0.09929985307361192,0.7216374640990263,0.16111291265124203,0.012221903223528317,4to5
368,369,OADMET-0005721,5.02,train,5to6,4,2.9469533230462147e-05,0.00028562602619480103,0.05945535465155365,0.5470526553112159,0.39317689447780513,5to6
369,370,OADMET-0005720,5.0,train,4to5,1,0.0007150594844421844,0.01053573791761809,0.28939907332957815,0.5388861036016799,0.16046402566668172,5to6
370,371,OADMET-0005719,4.86,train,4to5,0,0.0011173412960805201,0.04049951808103952,0.7124411204138222,0.23778607574908042,0.008155944459977256,4to5
371,372,OADMET-0005718,4.73,train,4to5,4,0.0022824066021518707,0.023316274644376103,0.44571070555608044,0.439739065382834,0.08895154781455755,4to5
372,373,OADMET-0005717,4.33,train,4to5,1,0.1752529999184683,0.567267762856161,0.2270459034954182,0.01991737961953775,0.010515954110414815,3to4
373,374,OADMET-0005716,4.51,train,4to5,2,0.006862083965879439,0.08241099365361539,0.6524380646567101,0.23564107779723586,0.02264777992655924,4to5
374,375,OADMET-0005715,4.82,train,4to5,4,0.01139283375811403,0.10479273621120848,0.7082175091382272,0.15234953534266604,0.02324738554978421,4to5
375,376,OADMET-0005714,4.96,train,4to5,3,0.0003078578618433811,0.013986762067586499,0.5255861673421033,0.4426547712309579,0.017464441497508913,4to5
376,377,OADMET-0005713,4.39,train,4to5,0,0.05940539297642837,0.2761901400983596,0.4176999301772619,0.17543929932927607,0.07126523741867398,4to5
377,378,OADMET-0005712,4.49,train,4to5,1,0.00033559856453650104,0.007030108401194138,0.3623492678196351,0.544320756216758,0.08596426899787618,5to6
378,379,OADMET-0005711,4.34,train,4to5,1,0.055934470355266594,0.2675171504449738,0.5508425256268774,0.0962311033019092,0.02947475027097296,4to5
379,380,OADMET-0005710,4.16,train,4to5,1,0.05142029235960126,0.4429199277938549,0.4653184884281492,0.0333931027274579,0.006948188690936685,4to5
380,381,OADMET-0005709,4.95,train,4to5,1,0.0002230740139026751,0.006997881698635531,0.33176009784022265,0.5354161090947124,0.12560283735252672,5to6
381,382,OADMET-0005708,4.83,train,4to5,1,0.01000323039475041,0.08667378751551098,0.6132569823424754,0.2509353125802896,0.03913068716697366,4to5
382,383,OADMET-0005707,4.3,train,4to5,0,0.06221927642807451,0.4718387662240242,0.40888669162977614,0.04150270506846353,0.015552560649661604,3to4
383,384,OADMET-0005706,4.86,train,4to5,0,7.333665661928499e-05,0.003400860130564417,0.2288517056347546,0.6387879428226692,0.12888615475539256,5to6
384,385,OADMET-0005705,4.52,train,4to5,2,0.0001457716566924598,0.005256524294217454,0.35575649038726553,0.5874284488747699,0.05141276478705473,5to6
385,386,OADMET-0005704,4.68,train,4to5,0,0.04878957069841402,0.12412310813046337,0.2899732514105262,0.2719345915930638,0.26517947816753257,4to5
386,387,OADMET-0005703,4.97,train,4to5,2,0.03815684073703266,0.21035250903841568,0.5849822726939864,0.13741516990168856,0.029093207628876672,4to5
387,388,OADMET-0005702,5.22,train,5to6,3,0.00031964188510641824,0.010006217781354685,0.34246035125470536,0.5634360592348017,0.08377772984403181,5to6
388,389,OADMET-0005701,4.97,train,4to5,4,0.0062728097973443414,0.0566004231520761,0.6551619508821677,0.2410197758643511,0.04094504030406083,4to5
389,390,OADMET-0005700,4.04,train,4to5,2,0.02828003093600273,0.1409461945295334,0.5310332179069519,0.23815913498401642,0.06158142164349556,4to5
390,391,OADMET-0005699,4.95,train,4to5,3,0.0014307798357449375,0.025617370808413722,0.4631232696383525,0.46206805879200485,0.047760520925483954,4to5
391,392,OADMET-0005698,4.41,train,4to5,0,0.0009859514961662636,0.03878992360646378,0.7138654474137238,0.23107187076017843,0.015286806723467758,4to5
392,393,OADMET-0005697,4.9,train,4to5,2,0.0006440130325724139,0.014158250667521959,0.46889936708583607,0.4911999396040069,0.025098429610062693,5to6
393,394,OADMET-0005696,4.22,train,4to5,0,0.037546332226203155,0.14838799557857224,0.5298237701910777,0.20828371852107871,0.07595818348306821,4to5
394,395,OADMET-0005695,3.94,train,3to4,4,0.01484292268002208,0.2027992909655477,0.6923012839491501,0.08149332721392356,0.008563175191356508,4to5
395,396,OADMET-0005694,4.96,train,4to5,4,0.00042641837396126524,0.008242318274285653,0.359115773630564,0.544967642612111,0.0872478471090781,5to6
396,397,OADMET-0005693,4.82,train,4to5,4,0.008210144287103541,0.15495045746603153,0.6937900828456907,0.1294478671596677,0.01360144824150661,4to5
397,398,OADMET-0005692,4.9,train,4to5,0,0.0013587857663314201,0.049822948264026834,0.745057216120068,0.1965986019183354,0.00716244793123833,4to5
398,399,OADMET-0005691,4.25,train,4to5,1,0.05647812049179919,0.37777686189446014,0.4793709823477473,0.06937585784006092,0.01699817742593247,4to5
399,400,OADMET-0005690,4.7,train,4to5,3,0.000544428467702937,0.014107939568772451,0.4398114315123623,0.5094968597680467,0.03603934068311561,5to6
400,401,OADMET-0005689,5.05,train,5to6,4,0.00491373426296984,0.02923311287680061,0.4017265133527545,0.40512746497033636,0.1589991745371387,5to6
401,402,OADMET-0005688,4.59,train,4to5,2,0.0003555897559814889,0.015305262036255783,0.6032710066424094,0.36904686634599376,0.012021275219359522,4to5
402,403,OADMET-0005687,5.04,train,5to6,0,0.0010065684284499112,0.018747007393553006,0.4591535012018076,0.4761168042178823,0.04497611875830726,5to6
403,404,OADMET-0005686,5.1,train,5to6,1,0.00022649623492253468,0.005124869672949292,0.2048360821032609,0.5407895357763701,0.2490230162124971,5to6
404,405,OADMET-0005685,4.22,train,4to5,4,5.1805043611245545e-05,0.0005938131344269462,0.048572413476667485,0.45894065360727565,0.4918413147380187,gte6
405,406,OADMET-0005684,4.67,train,4to5,3,0.002369713743870677,0.04048330349062638,0.5915653127455965,0.33599460226668276,0.029587067753223676,4to5
406,407,OADMET-0005683,4.77,train,4to5,4,0.00037576816941074266,0.007190006778398522,0.34284841982382497,0.5572490090902439,0.09233679613812194,5to6
407,408,OADMET-0005682,4.9,train,4to5,4,0.004096241181223349,0.0522425134784227,0.6190543739080437,0.27960270500014084,0.04500416643216935,4to5
408,409,OADMET-0005681,5.17,train,5to6,1,0.0030211718947113506,0.0388991556475508,0.5001683036031248,0.3825616982257808,0.07534967062883226,4to5
409,410,OADMET-0005680,4.27,train,4to5,0,0.012648328549772103,0.1309915571011809,0.6247197694741297,0.2048917913394146,0.026748553535502706,4to5
410,411,OADMET-0005679,4.4,train,4to5,0,0.012732744952133099,0.1369136352917602,0.6628737832402574,0.1594142707844123,0.028065565731437016,4to5
411,412,OADMET-0005678,5.14,train,5to6,3,0.046061471362010414,0.3171308058339961,0.5454547435722579,0.07482110005703438,0.016531879174701194,4to5
412,413,OADMET-0005677,5.13,train,5to6,4,6.14189397298882e-05,0.0014044617668176878,0.19226713022654748,0.5990168310221936,0.2072501580447114,5to6
413,414,OADMET-0005676,5.66,train,5to6,4,0.00034003047168382796,0.004416520724019143,0.1588385558177546,0.5543382784835987,0.2820666145029437,5to6
414,415,OADMET-0005675,4.41,train,4to5,1,0.018773052911360014,0.10878890048261322,0.5382227917694404,0.2494999775644391,0.08471527727214723,4to5
415,416,OADMET-0005674,5.2,train,5to6,4,0.05832778774226661,0.2381941718670351,0.5792389253122094,0.10117585504759007,0.023063260030898747,4to5
416,417,OADMET-0005673,4.39,train,4to5,0,0.001136224628131714,0.029772522652342127,0.6325293337226182,0.304261513006717,0.032300405990190906,4to5
417,418,OADMET-0005672,4.92,train,4to5,4,0.00021282843179436223,0.0051750932424659245,0.3917239105348761,0.5388591234140572,0.06402904437680643,5to6
418,419,OADMET-0005671,4.94,train,4to5,1,0.013059004533150953,0.1227779331254804,0.662468879368674,0.17722114095365904,0.024473042019035572,4to5
419,420,OADMET-0005670,4.6,train,4to5,1,0.0034945670392656798,0.04551972190225214,0.6182878858264899,0.3032717532482213,0.029426071983771035,4to5
420,421,OADMET-0005669,4.68,train,4to5,2,0.0005128037020012106,0.016438948952764567,0.5072204788858962,0.4469927006505819,0.028835067808756207,4to5
421,422,OADMET-0005668,5.27,train,5to6,4,4.8611858554215805e-05,0.001073569868819138,0.17780806033779056,0.6982033813252626,0.12286637660957352,5to6
422,423,OADMET-0005667,5.14,train,5to6,1,0.01526839870478136,0.1377386771880986,0.6313708530409964,0.1802636713206266,0.0353583997454971,4to5
423,424,OADMET-0005666,5.25,train,5to6,1,0.0005738056907715549,0.010299169149711256,0.32360713703920624,0.5182182037456441,0.1473016843746668,5to6
424,425,OADMET-0005665,4.39,train,4to5,1,0.011419345954432827,0.14017093586297613,0.6920243105411098,0.14042205023866478,0.01596335740281649,4to5
425,426,OADMET-0005664,5.28,train,5to6,3,0.006562044831808573,0.049534145650390264,0.4046885959716726,0.4161494962570267,0.12306571728910186,5to6
426,427,OADMET-0005663,4.85,train,4to5,1,0.0012978557330310693,0.019575649727351565,0.5425841251834512,0.3955561112979271,0.040986258058239085,4to5
427,428,OADMET-0005662,4.28,train,4to5,0,0.020036508234210357,0.21015194472078516,0.6422357826279774,0.11573019030954645,0.01184557410748063,4to5
428,429,OADMET-0005661,5.08,train,5to6,3,0.001995969829548583,0.03578968405282767,0.5932486155351279,0.3429420051045908,0.02602372547790513,4to5
429,430,OADMET-0005660,4.75,train,4to5,1,0.0014344201526043997,0.01884247592968606,0.43003557138577453,0.44895772196358325,0.10072981056835176,5to6
430,431,OADMET-0005659,5.12,train,5to6,1,0.0001904990703794502,0.004266660010752866,0.1847009430110004,0.5612224098291416,0.24961948807872567,5to6
431,432,OADMET-0005658,4.51,train,4to5,2,0.010138688377665482,0.17145078983107176,0.7238699628647286,0.09118714720561624,0.003353411720917945,4to5
432,433,OADMET-0005657,4.63,train,4to5,0,0.023387948606836687,0.11768443224852351,0.5073855235770983,0.2683268635537365,0.08321523201380492,4to5
433,434,OADMET-0005656,4.89,train,4to5,1,0.0006016812641842406,0.011913532641536495,0.4177618085964294,0.4936326460012201,0.07609033149662978,5to6
434,435,OADMET-0005655,5.2,train,5to6,3,0.0027159828296032746,0.026162351133745692,0.3322194950268385,0.5115288245908327,0.12737334641897988,5to6
435,436,OADMET-0005654,5.16,train,5to6,2,0.01584521686973131,0.13442777147303436,0.6550961161222164,0.16322200061091036,0.03140889492410755,4to5
436,437,OADMET-0005653,5.41,train,5to6,2,0.00020856833035223896,0.006816482877075053,0.3396086282357336,0.5926768583545367,0.06068946220230243,5to6
437,438,OADMET-0005652,4.45,train,4to5,2,0.0012838377339955832,0.04041296675475708,0.7464643826305997,0.20735308832098837,0.004485724559659289,4to5
438,439,OADMET-0005651,4.09,train,4to5,0,0.02385947237149756,0.3033833071554376,0.5911471566991277,0.07248928789457185,0.009120775879365392,4to5
439,440,OADMET-0005650,4.27,train,4to5,4,0.00032733845512714207,0.00408258546465481,0.20617013918647245,0.6094711789208809,0.1799487579728647,5to6
440,441,OADMET-0005649,4.79,train,4to5,0,0.002046415292768874,0.07191379169054767,0.7539269715274429,0.16419001958830926,0.007922801900931302,4to5
441,442,OADMET-0005648,4.53,train,4to5,1,0.004082754068025435,0.08479780316809904,0.7383986970581708,0.1615610346975823,0.01115971100812234,4to5
442,443,OADMET-0005647,4.53,train,4to5,1,0.09751864068265678,0.2837081040056975,0.42940293042072447,0.11164246087200823,0.07772786401891303,4to5
443,444,OADMET-0005646,4.64,train,4to5,0,0.13263297632326726,0.5080404518069007,0.31763545410680166,0.030883975003676397,0.010807142759353993,3to4
444,445,OADMET-0005645,4.65,train,4to5,1,0.0012075065969554466,0.02615667241921437,0.5739721482784037,0.36359136200391656,0.03507231070150988,4to5
445,446,OADMET-0005644,5.1,train,5to6,2,0.0018455541939187646,0.030348298710826033,0.5837851097404396,0.3531723576570418,0.03084867969777373,4to5
446,447,OADMET-0005643,4.29,train,4to5,0,0.06222490573507997,0.5601809602597417,0.34941783433504175,0.024350833068389525,0.0038254666017469643,3to4
447,448,OADMET-0005642,5.14,train,5to6,3,0.0046063777111184385,0.08001106824704735,0.6944910155264048,0.20995376603300478,0.010937772482424661,4to5
448,449,OADMET-0005641,5.1,train,5to6,1,0.003027218969128253,0.03891159435512288,0.4515084738344925,0.40587518945612056,0.10067752338513579,4to5
449,450,OADMET-0005640,4.67,train,4to5,0,0.0004579915006586074,0.02051628771455977,0.599383538234253,0.3583996029198135,0.021242579630715012,4to5
450,451,OADMET-0005639,4.8,train,4to5,0,0.00020866989408348474,0.004451360066724834,0.17831410383033802,0.5749164792443804,0.24210938696447323,5to6
451,452,OADMET-0005638,4.84,train,4to5,0,0.013758730312209155,0.3068687149708266,0.6231159818587816,0.05266304394840159,0.0035935289097810443,4to5
452,453,OADMET-0005637,4.09,train,4to5,1,0.037723008543252945,0.2082868218421936,0.5600295662879944,0.15818312764167786,0.03577747568488121,4to5
453,454,OADMET-0005636,5.12,train,5to6,3,0.007857897077397813,0.07354998362516103,0.506601318048459,0.30993606687719916,0.10205473437178299,4to5
454,455,OADMET-0005635,4.89,train,4to5,1,0.0006931860831537871,0.007709246742542101,0.1668045999858015,0.4964733219144514,0.32831964527405116,5to6
455,456,OADMET-0005634,4.09,train,4to5,3,0.0013692765288349368,0.038914296600826855,0.6941881080046342,0.2577545980542539,0.0077737208114502,4to5
456,457,OADMET-0005633,4.43,train,4to5,4,0.0037560895649353596,0.054645645829123186,0.6141770422003614,0.2720110389812701,0.055410183424309895,4to5
457,458,OADMET-0005632,5.1,train,5to6,0,0.033354585463411336,0.4238363674142992,0.492690255107061,0.041536757523269,0.008582034491959477,4to5
458,459,OADMET-0005631,4.35,train,4to5,0,0.0012599255063173275,0.047894167273542246,0.7082563435855483,0.23339083122390503,0.009198732410687001,4to5
459,460,OADMET-0005630,4.63,train,4to5,0,0.005397693863648542,0.09575990761757448,0.6843871066339549,0.19953881504900367,0.01491647683581848,4to5
460,461,OADMET-0005629,4.73,train,4to5,2,0.0022774703253090013,0.05461799296207313,0.6753150614626089,0.255466267316517,0.012323207933491927,4to5
461,462,OADMET-0005628,5.27,train,5to6,1,0.0009160215177268455,0.01806305703528227,0.46948849690303646,0.45239039807892595,0.059142026465028495,4to5
462,463,OADMET-0005627,4.68,train,4to5,2,0.0824388937697539,0.3604520566024856,0.4746707388659394,0.06688784075321227,0.01555047000860883,4to5
463,464,OADMET-0005626,3.51,train,3to4,0,0.052790198070577686,0.25920463560783363,0.5356754241541628,0.11164896806840476,0.0406807740990212,4to5
464,465,OADMET-0005625,4.57,train,4to5,4,0.00032532643926572977,0.010255161051015661,0.5168204463536037,0.4402184917273284,0.032380574428786515,4to5
465,466,OADMET-0005624,4.16,train,4to5,4,0.04016620259270196,0.4033366781677766,0.5069597790761479,0.04292294372294695,0.006614396440426705,4to5
466,467,OADMET-0005623,4.87,train,4to5,0,0.013429624684665591,0.1463719725420853,0.631492840225955,0.1834489516579761,0.02525661088931799,4to5
467,468,OADMET-0005622,5.15,train,5to6,3,0.0008555426596127321,0.018128504943918457,0.44058492700230956,0.490060537169229,0.050370488224930295,5to6
468,469,OADMET-0005621,4.95,train,4to5,1,0.00013595248881502817,0.0045798294649688626,0.22201384348103653,0.6108824540305228,0.16238792053465684,5to6
469,470,OADMET-0005620,4.67,train,4to5,3,0.001659311858776019,0.04596982681729126,0.7122525836325616,0.2330709139977772,0.007047363693593904,4to5
470,471,OADMET-0005619,5.05,train,5to6,4,0.00043945537378812843,0.004725249380214124,0.1549213196523337,0.5348165513621261,0.30509742423153796,5to6
471,472,OADMET-0005618,4.96,train,4to5,1,0.0002922050361353611,0.008236170300224582,0.32173829185771474,0.550302239886128,0.11943109291979728,5to6
472,473,OADMET-0005617,4.87,train,4to5,0,0.003262938138128429,0.07098801227437762,0.6698226733766882,0.2374856700921178,0.018440706118687925,4to5
473,474,OADMET-0005616,4.54,train,4to5,3,0.013625720147838924,0.1691443725440774,0.7006715942924132,0.10950022640125215,0.007058086614418298,4to5
474,475,OADMET-0005615,4.93,train,4to5,3,0.05613761064512737,0.25738117290572204,0.4868877864397152,0.13822166724668195,0.061371762762753385,4to5
475,476,OADMET-0005614,5.32,train,5to6,4,0.00016342395907963317,0.003085912425490949,0.21465416164839088,0.635309872413606,0.14678662955343252,5to6
476,477,OADMET-0005613,5.04,train,5to6,2,0.005043654213456185,0.10466977905170163,0.7431748474800268,0.14208233290313588,0.005029386351679516,4to5
477,478,OADMET-0005612,4.53,train,4to5,4,0.12780320644378662,0.4351443350315094,0.37181809544563293,0.03773602470755577,0.027498338371515274,3to4
478,479,OADMET-0005611,4.85,train,4to5,1,0.0027384504165572222,0.0647463946479315,0.7138680208015544,0.20439225401944813,0.014254880114508756,4to5
479,480,OADMET-0005610,4.85,train,4to5,4,0.021842492093369602,0.1831853484158114,0.6573130888547573,0.12066967425734776,0.016989396378713953,4to5
480,481,OADMET-0005609,4.15,train,4to5,2,0.0033139177258984446,0.061326992279250814,0.7396553963370471,0.1892647048028748,0.0064389888549287585,4to5
481,482,OADMET-0005608,4.53,train,4to5,1,0.012843494910218784,0.12075419288204028,0.6349433635649707,0.2006320608161703,0.030826887826599904,4to5
482,483,OADMET-0005607,4.73,train,4to5,2,0.0029961859931207464,0.08084706124814553,0.7251750744102572,0.18577943530325025,0.005202243045226226,4to5
483,484,OADMET-0005606,4.59,train,4to5,0,0.0638807287773355,0.5625989024443194,0.3438050858985428,0.02541683510838936,0.004298447771412946,3to4
484,485,OADMET-0005605,4.91,train,4to5,1,0.0014587021792825383,0.03612223729234122,0.6856172254019012,0.25933093472595303,0.017470900400522037,4to5
485,486,OADMET-0005604,3.91,train,3to4,1,0.0008558962928917683,0.01479537346814352,0.4348487958900147,0.4603481088272757,0.0891518255216743,5to6
486,487,OADMET-0005603,4.29,train,4to5,2,0.010952338104001447,0.08269655306017482,0.5866452701380822,0.2730473394385821,0.0466584992591594,4to5
487,488,OADMET-0005602,4.47,train,4to5,0,0.002564579832317961,0.06526940616856851,0.6831605153311467,0.2331989813068412,0.015806517361125545,4to5
488,489,OADMET-0005601,4.87,train,4to5,3,0.0001512671788292455,0.004414456166030311,0.24826239050398619,0.6660335856520332,0.08113830049912103,5to6
489,490,OADMET-0005600,4.73,train,4to5,2,0.07560024747176622,0.41484615946088244,0.44594973897087864,0.05360211514968176,0.010001738946790939,4to5
490,491,OADMET-0005599,4.43,train,4to5,2,0.004818658702403485,0.08390471151684124,0.7262404994761832,0.1790628542215484,0.005973276083023635,4to5
491,492,OADMET-0005598,4.92,train,4to5,3,0.014312199953270708,0.14936952503212142,0.7138405426653754,0.11582667878265078,0.006651053566581636,4to5
492,493,OADMET-0005597,4.77,train,4to5,4,0.014647463694965956,0.1896016523584077,0.6907848445577888,0.09704479195561143,0.00792124743322619,4to5
493,494,OADMET-0005596,4.79,train,4to5,4,6.333926969104295e-05,0.0008822431494228348,0.08836560635476613,0.5633314213084315,0.3473573899176885,5to6
494,495,OADMET-0005595,4.93,train,4to5,3,0.19473193229245558,0.6433647649458589,0.14972881354210046,0.008336518445082384,0.0038379707745026547,3to4
495,496,OADMET-0005594,4.24,train,4to5,3,0.07777174189198324,0.5032132026595251,0.38952965656223026,0.025014544568723956,0.004470854317537512,3to4
496,497,OADMET-0005593,4.74,train,4to5,3,0.025378017452220913,0.28979644975531405,0.6236537270227307,0.05706733249452552,0.00410447327520881,4to5
497,498,OADMET-0005592,4.65,train,4to5,0,0.0032005532741402353,0.04824543618515859,0.5619943591432254,0.34328203498209175,0.04327761641538398,4to5
498,499,OADMET-0005591,4.9,train,4to5,0,0.03437000795979032,0.33858423542197924,0.5532439802858685,0.06455008517261372,0.009251691159748145,4to5
499,500,OADMET-0005590,4.63,train,4to5,2,0.0018150061990068534,0.03921019168605338,0.7178041124162664,0.2350710113051755,0.006099678393497906,4to5
500,501,OADMET-0005589,5.16,train,5to6,3,0.004150778920796475,0.0516271024219126,0.5731905608025942,0.3318936176205133,0.03913794023418335,4to5
501,502,OADMET-0005588,4.45,train,4to5,2,0.03515080234885096,0.3593418169633198,0.5434793632517614,0.05672533604103317,0.005302681395034702,4to5
502,503,OADMET-0005587,4.26,train,4to5,2,0.002489757661125389,0.04362009018209913,0.642411275819527,0.2931295237240732,0.01834935261317536,4to5
503,504,OADMET-0005586,4.68,train,4to5,2,0.015594382872023322,0.16466383743346377,0.6767472072851196,0.12561887584564474,0.017375696563748527,4to5
504,505,OADMET-0005585,5.04,train,5to6,4,0.0025095930954059714,0.019292524569573033,0.39907557775735913,0.4553857858250069,0.12373651875265503,5to6
505,506,OADMET-0005584,4.05,train,4to5,1,0.0009256155853745566,0.016241697258909553,0.3983499623477554,0.484482635977251,0.10000008883070949,5to6
506,507,OADMET-0005583,4.27,train,4to5,1,0.012364928001740933,0.13050654870847553,0.674978273827016,0.15724517815081868,0.02490507131194882,4to5
507,508,OADMET-0005582,4.85,train,4to5,0,0.0021317354373656186,0.023441698369418694,0.3856921786642277,0.4608136111020852,0.12792077642690283,5to6
508,509,OADMET-0005581,4.66,train,4to5,0,0.005444254802226854,0.15590934673197587,0.7382615907806194,0.09555855526903488,0.004826252416142995,4to5
509,510,OADMET-0005580,4.11,train,4to5,4,0.04695577821088488,0.3803204516347403,0.5187017212893918,0.047940014788275274,0.006082034076707655,4to5
510,511,OADMET-0005579,4.85,train,4to5,1,0.00290597147559081,0.03646926421376622,0.4972904403722162,0.3656926590213756,0.09764166491705117,4to5
511,512,OADMET-0005578,4.77,train,4to5,4,0.0016280170226838995,0.04394575871628227,0.6575102683620477,0.2785599477857361,0.018356008113249986,4to5
512,513,OADMET-0005577,4.9,train,4to5,2,0.00018110639821218832,0.007777863596969681,0.4249448152433583,0.5402341449725626,0.026862069788897217,5to6
513,514,OADMET-0005576,4.12,train,4to5,4,0.0013025386673065002,0.026706522224934102,0.5667331196287501,0.35265210131297686,0.052605718166032524,4to5
514,515,OADMET-0005575,4.82,train,4to5,0,0.016099521200565646,0.154970803178235,0.6098543144266135,0.1814032864341967,0.037672074760389106,4to5
515,516,OADMET-0005574,5.28,train,5to6,4,7.81973505208016e-05,0.00300549553331363,0.33749833765413917,0.6110947739450645,0.048323195516961945,5to6
516,517,OADMET-0005573,4.73,train,4to5,2,0.00013090826992878562,0.00604999518277192,0.40504180529212025,0.5457199100581739,0.043057381197005196,5to6
517,518,OADMET-0005572,4.77,train,4to5,4,0.013733567542083864,0.10398167274909399,0.5563912339844626,0.239840922506145,0.08605260321821456,4to5
518,519,OADMET-0005571,4.75,train,4to5,0,0.0009463496185773626,0.022164984061008274,0.5035266791032046,0.4295893449321289,0.04377264228508083,4to5
519,520,OADMET-0005570,5.08,train,5to6,0,0.010182627266160838,0.048786267366033344,0.23480601780606186,0.37585064448849204,0.3303744430732519,5to6
520,521,OADMET-0005569,4.68,train,4to5,1,0.00789251867697442,0.05274935810924394,0.5606122216148964,0.3133536951477818,0.06539220645110339,4to5
521,522,OADMET-0005568,4.35,train,4to5,0,0.2649240772059256,0.6152985646180915,0.09803524540338482,0.008338690673271636,0.013403422099326386,3to4
522,523,OADMET-0005567,5.12,train,5to6,4,0.0034915484093227876,0.026903586875562727,0.38056356299603245,0.46295157786337754,0.1260897238557045,5to6
523,524,OADMET-0005566,5.31,train,5to6,3,0.0006783412117279154,0.013283385074059772,0.3574772852216337,0.5521035449152134,0.07645744357736518,5to6
524,525,OADMET-0005565,5.28,train,5to6,0,0.00033004963154812175,0.00240551773213685,0.058749485701082974,0.3959880467195884,0.5425269002156436,gte6
525,526,OADMET-0005564,4.88,train,4to5,4,0.00012297439345982487,0.004264214061209184,0.35845553749780334,0.5932614186548345,0.04389585539269312,5to6
526,527,OADMET-0005563,5.18,train,5to6,3,0.0013985942440250287,0.033908978321705224,0.6391238611135414,0.3107714374890119,0.014797128831716497,4to5
527,528,OADMET-0005562,5.03,train,5to6,2,0.0636352077126503,0.3745303750038147,0.49393197894096375,0.05948908254504204,0.00841335579752922,4to5
528,529,OADMET-0005561,4.59,train,4to5,3,0.00674344112546623,0.125845324047079,0.7454908257593004,0.11762168636515132,0.004298722703003128,4to5
529,530,OADMET-0005560,4.8,train,4to5,4,0.022521155500365462,0.15231021117425103,0.6236840637547761,0.1550955958966962,0.04638897367391113,4to5
530,531,OADMET-0005559,4.96,train,4to5,0,0.012090087747654242,0.21893043794016495,0.6769002533860674,0.08813420529073364,0.003945015635379707,4to5
531,532,OADMET-0005558,4.61,train,4to5,0,0.0012530105946787441,0.03548387082466375,0.6642500193829475,0.28627184170032216,0.012741257497387887,4to5
532,533,OADMET-0005557,5.13,train,5to6,3,0.010460768479524282,0.07526274446003574,0.4938499309411234,0.3413071227059023,0.07911943341341429,4to5
533,534,OADMET-0005556,5.22,train,5to6,0,0.0007698990081395648,0.006574791015016963,0.14403080117806,0.5025884818146412,0.3460360269841422,5to6
534,535,OADMET-0005555,4.53,train,4to5,4,0.07218993831671452,0.3203073609035576,0.3174509571653359,0.07987593530961534,0.2101758083047767,3to4
535,536,OADMET-0005554,4.58,train,4to5,3,0.049965510890658704,0.24496884096483496,0.5599548095474808,0.10811273511992242,0.03699810347710319,4to5
536,537,OADMET-0005553,4.79,train,4to5,1,0.007252557270718341,0.05368215640710813,0.5245712448337231,0.31618315275929076,0.09831088872915962,4to5
537,538,OADMET-0005552,5.14,train,5to6,4,0.0006961012187813284,0.01419506766260998,0.4632465195882025,0.4619829607365536,0.0598793507938526,4to5
538,539,OADMET-0005551,5.3,train,5to6,4,8.76943371298616e-05,0.0020293351129033717,0.2105562076993816,0.656557853662224,0.1307689091883612,5to6
539,540,OADMET-0005550,5.0,train,4to5,4,0.0022853248659299203,0.0349278097407225,0.6426003941886818,0.29584862489321107,0.02433784631145474,4to5
540,541,OADMET-0005549,5.09,train,5to6,4,0.0058572031073980384,0.058888029777383694,0.6388122894513795,0.2530742765964774,0.0433682010673614,4to5
541,542,OADMET-0005548,4.83,train,4to5,1,0.035248611827499894,0.2071020574743028,0.5910210103039323,0.13062848521599488,0.035999835178270156,4to5
542,543,OADMET-0005547,5.37,train,5to6,2,0.00014256134926070928,0.007915732835879243,0.4619391241792571,0.5063576348890215,0.023644946746581446,5to6
543,544,OADMET-0005546,4.93,train,4to5,1,0.003922034621104554,0.048057386019805554,0.567146554213511,0.3367265549115653,0.04414747023401357,4to5
544,545,OADMET-0005545,5.43,train,5to6,4,0.00016352884998854908,0.002429377288156548,0.1678100526699149,0.5962069035877808,0.23339013760415914,5to6
545,546,OADMET-0005544,4.8,train,4to5,0,0.0019613503094602167,0.028949772860497568,0.5087988035441248,0.40721360098628395,0.05307647229963354,4to5
546,547,OADMET-0005543,5.1,train,5to6,1,0.0027022535881311553,0.01472510463481693,0.18774987411865962,0.383246712787894,0.4115760548704983,gte6
547,548,OADMET-0005542,5.28,train,5to6,2,9.594759574266117e-05,0.004140986327450312,0.26927257822656814,0.6398274484667781,0.08666303938346086,5to6
548,549,OADMET-0005541,4.68,train,4to5,1,0.002345172263109765,0.04595154975550591,0.660954188767497,0.2664737747328028,0.024275314481084533,4to5
549,550,OADMET-0005540,4.63,train,4to5,0,0.0023764352039287624,0.09599013139357589,0.7687899080113973,0.12677527320640872,0.0060682521846892835,4to5
550,551,OADMET-0005539,4.82,train,4to5,4,0.01804998535527833,0.29631308024697367,0.6181729499249742,0.06267008994647394,0.004793894526299872,4to5
551,552,OADMET-0005538,4.43,train,4to5,3,0.0022924847873999703,0.059595643287324876,0.7597413032901423,0.17416639680627163,0.0042041718288611555,4to5
552,553,OADMET-0005537,5.19,train,5to6,2,0.0006268747269153441,0.008694117729904074,0.23395157922869572,0.6152326352205681,0.14149479309391666,5to6
553,554,OADMET-0005536,4.49,train,4to5,2,0.016279577223423384,0.12995401728245326,0.6765468307067231,0.16213538261242222,0.015084192174978096,4to5
554,555,OADMET-0005535,5.23,train,5to6,3,0.006198130779877029,0.04589097028730037,0.36536263041460276,0.4233278472490815,0.1592204212691383,5to6
555,556,OADMET-0005534,5.49,train,5to6,4,0.0003996587723048817,0.006196911831625325,0.28792055249279536,0.5883228548185717,0.1171600220847027,5to6
556,557,OADMET-0005533,4.21,train,4to5,1,0.055287511786353986,0.4370900815887083,0.47080753833426536,0.0313911952680762,0.005423673022596161,4to5
557,558,OADMET-0005532,5.22,train,5to6,0,0.043757307459464156,0.23282306952731555,0.46141745780748394,0.1965556257114629,0.06544653949427345,4to5
558,559,OADMET-0005531,4.4,train,4to5,4,0.0019787210159578237,0.025045884924752872,0.4206140960883271,0.4728454678072553,0.07951583016370693,5to6
559,560,OADMET-0005530,4.88,train,4to5,1,0.003936325572080629,0.039677153330512895,0.5587727890827636,0.3373951831799213,0.06021854883472156,4to5
560,561,OADMET-0005529,5.3,train,5to6,0,0.00015253278986239363,0.006312623458155515,0.41390772665607584,0.539984907863692,0.03964220923221417,5to6
561,562,OADMET-0005528,3.86,train,3to4,0,0.001556976394588253,0.020309197378532092,0.31864310241996063,0.508363023353638,0.15112770045328103,5to6
562,563,OADMET-0005527,4.09,train,4to5,1,0.08945633537662279,0.3805421023111202,0.4377619656753686,0.06617526014279768,0.02606433649409068,4to5
563,564,OADMET-0005526,5.07,train,5to6,4,0.0001360905033739848,0.004366039847257694,0.33300873699706274,0.5872830233997799,0.07520610925252573,5to6
564,565,OADMET-0005525,5.54,train,5to6,3,0.001977679834150258,0.026644237997077692,0.47448207118900015,0.43929646503306585,0.057599545946706056,4to5
565,566,OADMET-0005524,5.3,train,5to6,0,7.791556390036594e-05,0.00227546566164696,0.1541280683368349,0.6583257048060447,0.18519284563157307,5to6
566,567,OADMET-0005523,4.43,train,4to5,0,0.004452508125370702,0.08147397971232898,0.6921502039345064,0.2022391640567437,0.01968414417105014,4to5
567,568,OADMET-0005522,5.37,train,5to6,2,0.0002897395630067001,0.004702419316440967,0.1505097238454606,0.5909368739947876,0.2535612432803041,5to6
568,569,OADMET-0005521,4.49,train,4to5,1,0.04663117541667404,0.3372878984342976,0.545378558677342,0.06009495552505424,0.010607411946632185,4to5
569,570,OADMET-0005520,4.29,train,4to5,3,0.00035936088239134497,0.01306743722860069,0.5025817710636167,0.4626569709953251,0.021334459830066255,4to5
570,571,OADMET-0005519,4.81,train,4to5,3,0.018501255575095975,0.1651305697619423,0.6703028647680633,0.13434772130871322,0.011717588586185181,4to5
571,572,OADMET-0005518,5.39,train,5to6,4,0.0008373784556699883,0.016207379460862113,0.48928285332671967,0.44090906699817867,0.05276332175856956,4to5
572,573,OADMET-0005517,4.92,train,4to5,3,0.013231027723502058,0.10444573196270616,0.5952407651181434,0.2414112362107869,0.045671238984861535,4to5
573,574,OADMET-0005516,4.46,train,4to5,1,0.14481248042441427,0.43499407415274943,0.3564103563674373,0.04206275218387741,0.021720336871521567,3to4
574,575,OADMET-0005515,5.1,train,5to6,4,0.06468023600728198,0.22259549135697973,0.49815766879013434,0.10577980077936504,0.10878680306623888,4to5
575,576,OADMET-0005514,4.7,train,4to5,1,0.010715458482231245,0.15894728810183356,0.7164019306205105,0.10445377172276132,0.009481551072663342,4to5
576,577,OADMET-0005513,5.2,train,5to6,1,0.004752001464024106,0.05170678808288602,0.5896215114857357,0.2998168899778309,0.05410280898952323,4to5
577,578,OADMET-0005512,5.01,train,5to6,1,0.0017147103051605153,0.019258343716432903,0.3570231641527998,0.4856128781478893,0.1363909036777175,5to6
578,579,OADMET-0005511,4.73,train,4to5,3,0.007440501801152363,0.07608542836827906,0.595965823144102,0.28474290289508675,0.035765343791379835,4to5
579,580,OADMET-0005510,4.99,train,4to5,3,0.005468880121402923,0.038544173081191443,0.35365732400909033,0.44820110591618617,0.1541285168721291,5to6
580,581,OADMET-0005509,5.68,train,5to6,4,0.00035448615313444864,0.003008577377749019,0.07977603778273823,0.45078809112999524,0.4660728075563831,gte6
581,582,OADMET-0005508,5.34,train,5to6,2,0.0031733928972904678,0.02749363460998965,0.3115304344451824,0.4993586732443331,0.15844386480320438,5to6
582,583,OADMET-0005507,5.31,train,5to6,2,0.0009377451587951135,0.021177301936574994,0.5326116402080239,0.4211515861658596,0.024121726530746446,4to5
583,584,OADMET-0005506,5.18,train,5to6,4,0.0006047216651596922,0.0115420193659069,0.5095837270922152,0.43170272545111044,0.04656680642560777,4to5
584,585,OADMET-0005505,4.48,train,4to5,3,0.009239872676584465,0.09551639605829577,0.6448042820631341,0.2282402604904703,0.022199188711515362,4to5
585,586,OADMET-0005504,4.77,train,4to5,3,0.000992039779718127,0.02766293228988178,0.6339476571017264,0.3261834612303406,0.011213909598333105,4to5
586,587,OADMET-0005503,4.95,train,4to5,0,0.09454396380280698,0.5384063728224575,0.33365663932681544,0.02595918629219642,0.00743383775572363,3to4
587,588,OADMET-0005502,4.87,train,4to5,3,0.0489972015565223,0.3461269510640888,0.5387518650734513,0.053773809444004055,0.012350172861933614,4to5
588,589,OADMET-0005501,5.29,train,5to6,2,0.0005775546743856825,0.01645182756688046,0.574782593929076,0.3897350726081524,0.01845295122150538,4to5
589,590,OADMET-0005500,4.64,train,4to5,1,0.0005510109840404196,0.011225207263815325,0.4470224501319294,0.47826946866107706,0.06293186295913773,5to6
590,591,OADMET-0005499,5.17,train,5to6,4,0.0008847697999017345,0.010874618145488414,0.30489514121001077,0.5455970915010326,0.13774837934356648,5to6
591,592,OADMET-0005498,3.8,train,3to4,2,0.009816032386398327,0.04500320720937368,0.24708578353076857,0.45810554321187397,0.23998943366158546,5to6
592,593,OADMET-0005497,4.9,train,4to5,4,0.0009809124906740528,0.03238434024027537,0.6742787469470021,0.2742178186124725,0.018138181709576057,4to5
593,594,OADMET-0005496,5.08,train,5to6,4,0.00011275094635761668,0.003878949908671042,0.3356874085748664,0.5960200667455104,0.06430082382459447,5to6
594,595,OADMET-0005495,5.03,train,5to6,1,0.00010173974881118367,0.003300961246153385,0.2969442521689087,0.5981167385088818,0.10153630832724492,5to6
595,596,OADMET-0005494,5.36,train,5to6,1,7.886533974736548e-05,0.0032143431469883084,0.28729900081843107,0.6083713635259068,0.10103642716892637,5to6
596,597,OADMET-0005493,5.13,train,5to6,3,0.00175396737319857,0.04838456962475227,0.7027220731739717,0.24001008291729617,0.007129306910781324,4to5
597,598,OADMET-0005492,5.35,train,5to6,3,0.0002676028231069527,0.010120389039070091,0.464782475843512,0.499121605725312,0.02570792656899893,5to6
598,599,OADMET-0005491,4.84,train,4to5,4,0.0005015766314013886,0.013534716194175072,0.4919173965986289,0.4610439492528907,0.033002361322903975,4to5
599,600,OADMET-0005490,4.96,train,4to5,3,0.001022037879444282,0.02882920239152304,0.6442170993985166,0.31566969868381123,0.01026196164670487,4to5
600,601,OADMET-0005489,4.94,train,4to5,0,0.0018095592976592292,0.04805137964340457,0.6939683559788243,0.23982177685937928,0.01634892822073257,4to5
601,602,OADMET-0005488,5.04,train,5to6,3,0.0014108726018957182,0.030634336438474394,0.6249956162648699,0.32889689279885403,0.014062281895905932,4to5
602,603,OADMET-0005487,4.78,train,4to5,3,0.055994715437302896,0.36182930998163426,0.5053811063889766,0.06261911976594642,0.014175748426139823,4to5
603,604,OADMET-0005486,4.93,train,4to5,4,0.006384989222940098,0.09588877821010061,0.701886770494704,0.17791251771929667,0.01792694435295856,4to5
604,605,OADMET-0005485,4.61,train,4to5,3,0.015875041647465393,0.18784764601506676,0.6903426121862314,0.09879133206485273,0.007143368086383724,4to5
605,606,OADMET-0005484,4.93,train,4to5,0,0.0001222560617255862,0.005635880589839491,0.36216996331052265,0.5778411344535898,0.05423076558432251,5to6
606,607,OADMET-0005483,5.17,train,5to6,1,0.010882025827810745,0.11703122668783128,0.6719711573117485,0.17601953840299409,0.024096051769615375,4to5
607,608,OADMET-0005482,4.99,train,4to5,0,0.009007127015844801,0.08046410225288561,0.47168147520005566,0.343868493713561,0.09497880181765296,4to5
608,609,OADMET-0005481,4.96,train,4to5,0,5.248483003493525e-05,0.001809161184796187,0.14727097980733547,0.6401335697455796,0.21073380443225384,5to6
609,610,OADMET-0005480,5.11,train,5to6,0,0.00017703198104799934,0.0040989743317855175,0.195565999038265,0.6486004708886324,0.15155752376026918,5to6
610,611,OADMET-0005479,4.7,train,4to5,3,0.0010010830874394284,0.02958253109350015,0.6524120753029969,0.30687279373677634,0.010131516779287144,4to5
611,612,OADMET-0005478,5.06,train,5to6,3,0.015034446219558802,0.18351056484970873,0.6868893804809086,0.10130482610438654,0.013260782345437231,4to5
612,613,OADMET-0005477,4.5,train,4to5,0,0.024796995018573728,0.2569776048168627,0.5932321846163479,0.10420637053703516,0.02078684501118061,4to5
613,614,OADMET-0005476,5.3,train,5to6,3,0.00016319204464002013,0.00824780197160934,0.4648364151112774,0.5107549986337457,0.01599759223872755,5to6
614,615,OADMET-0005475,4.85,train,4to5,3,0.004910787909672341,0.11240385190127045,0.7593830632946056,0.11945045439045665,0.0038518425039949385,4to5
615,616,OADMET-0005474,5.27,train,5to6,1,0.002413253056385599,0.025667214652598584,0.3430565580450756,0.4449607710227709,0.18390220322316936,5to6
616,617,OADMET-0005473,4.33,train,4to5,4,0.0011425343185109617,0.03035287206644585,0.6056931059021161,0.33607357963409673,0.02673790807883031,4to5
617,618,OADMET-0005472,4.92,train,4to5,4,0.0014213963549774514,0.030359250724882395,0.5952557188155325,0.35525964871731,0.017703985387297685,4to5
618,619,OADMET-0005471,5.32,train,5to6,4,0.01771299567390972,0.06570962169333729,0.4692925880743949,0.2907556338720863,0.1565291606862718,4to5
619,620,OADMET-0005470,4.23,train,4to5,0,0.012757601090309678,0.14491266301160025,0.5912991272046955,0.22079977053107733,0.030230838162317315,4to5
620,621,OADMET-0005469,4.87,train,4to5,3,0.004454703251769493,0.09613692667089455,0.7587014346918313,0.13685367009525423,0.0038532652902504294,4to5
621,622,OADMET-0005468,4.38,train,4to5,4,0.027786982504221104,0.1657097746539357,0.62573127423505,0.13356348548768962,0.047208483119103535,4to5
622,623,OADMET-0005467,5.22,train,5to6,3,0.01910609537204958,0.16816419112437678,0.6644419332676837,0.12953099415405103,0.018756786081838814,4to5
623,624,OADMET-0005466,4.43,train,4to5,4,0.045926113109347536,0.33823925571738983,0.527359192514412,0.062010210584944214,0.026465228073906416,4to5
624,625,OADMET-0005465,5.19,train,5to6,0,0.004180302648790988,0.043423259471391355,0.39532099313470564,0.4475813299612454,0.10949411478386657,5to6
625,626,OADMET-0005464,4.81,train,4to5,4,0.004251356272271095,0.03911491143706646,0.5086687249858105,0.3529087334649438,0.09505627383990815,4to5
626,627,OADMET-0005463,5.34,train,5to6,3,0.06286184442891296,0.3331223999476254,0.47397985701277956,0.09700742291653586,0.03302847569414619,4to5
627,628,OADMET-0005462,4.86,train,4to5,2,0.0006080799887470951,0.017781160193281915,0.5646211321219329,0.39611505173214745,0.020874575963890647,4to5
628,629,OADMET-0005461,5.23,train,5to6,2,0.00048377539502500737,0.015376584606172585,0.4735893905714142,0.4825157523716935,0.028034497055694753,5to6
629,630,OADMET-0005460,5.15,train,5to6,2,0.0032838062793922123,0.04967883825102585,0.638832549934881,0.2891699584892661,0.01903484704543481,4to5
630,631,OADMET-0005459,4.72,train,4to5,0,0.04112352173189228,0.20566776969473166,0.5651605883192435,0.1569200499985381,0.03112807025559443,4to5
631,632,OADMET-0005458,4.75,train,4to5,2,0.009316233377187049,0.12102008373095073,0.6790681169909102,0.17716256526514462,0.01343300063580743,4to5
632,633,OADMET-0005457,4.59,train,4to5,3,0.06559178636116904,0.2763385628583287,0.3914921675589295,0.1267636650253411,0.13981381819623168,4to5
633,634,OADMET-0005456,5.22,train,5to6,3,0.0035066119182060305,0.04389988034159938,0.5053153804668062,0.39317427412845884,0.054103853144929444,4to5
634,635,OADMET-0005455,5.09,train,5to6,3,0.1089142623292551,0.34783789126756165,0.42878952143204,0.08258227166627789,0.031876053304865364,4to5
635,636,OADMET-0005454,4.69,train,4to5,3,0.00467181456429906,0.09551771143063069,0.7508016363224872,0.14320469512463557,0.005804142557947515,4to5
636,637,OADMET-0005453,4.93,train,4to5,4,0.0009534800064691574,0.011257110944184502,0.2784101031700659,0.49796878624865665,0.21141051963062377,5to6
637,638,OADMET-0005452,4.61,train,4to5,0,0.0005328307019059743,0.0182534395507493,0.5423663113962527,0.4075508307049586,0.03129658764613343,4to5
638,639,OADMET-0005451,4.3,train,4to5,4,0.008154739283990797,0.08044531604271454,0.5722630380170078,0.2667348273069903,0.07240207934929657,4to5
639,640,OADMET-0005450,5.43,train,5to6,4,0.0006416137112128544,0.00892600852456008,0.22448980045143727,0.5416105801530311,0.22433199715975868,5to6
640,641,OADMET-0005449,5.32,train,5to6,1,0.0004048779459876095,0.006994299236188091,0.3194356398849792,0.5383929933496343,0.1347721895832108,5to6
641,642,OADMET-0005448,5.31,train,5to6,2,0.0006370974462493303,0.013541451388122978,0.38927625841666874,0.5238023296947946,0.0727428630541643,5to6
642,643,OADMET-0005447,5.07,train,5to6,0,0.005280151707522674,0.049998552911053644,0.4462516687763047,0.43067131340977893,0.06779831319534006,4to5
643,644,OADMET-0005446,5.24,train,5to6,3,0.006166620975901099,0.0782362413579448,0.6486633171310097,0.23956401438911523,0.027369806146029248,4to5
644,645,OADMET-0005445,4.5,train,4to5,2,0.006855268554075446,0.08411842828283142,0.7057538207916129,0.19402332937578384,0.009249152995696485,4to5
645,646,OADMET-0005444,4.57,train,4to5,1,0.0005905008631317964,0.012066384537924824,0.3311526667201762,0.5320517725818206,0.12413867529694661,5to6
646,647,OADMET-0005443,5.61,train,5to6,0,4.402148493615172e-05,0.0008486436893013792,0.057168426153104294,0.5224804722713626,0.4194584364012956,5to6
647,648,OADMET-0005442,5.03,train,5to6,1,0.009407106480329552,0.16974923951437382,0.7111002571056513,0.09971733811301474,0.010026058786630578,4to5
648,649,OADMET-0005441,4.56,train,4to5,0,0.0007367217722713818,0.010744719405770814,0.15019557678190534,0.5249525587587668,0.3133704232812857,5to6
649,650,OADMET-0005440,5.01,train,5to6,3,0.0024084514836899052,0.02961826053995233,0.39997352547852366,0.47503440228875066,0.09296536020908348,5to6
650,651,OADMET-0005439,4.46,train,4to5,4,0.006704030183338036,0.06209468180348434,0.6641855329560956,0.23112434460902867,0.03589141044805334,4to5
651,652,OADMET-0005438,4.63,train,4to5,0,9.406311257901247e-05,0.005649146516055331,0.3141862392045391,0.59379671870467,0.0862738324621566,5to6
652,653,OADMET-0005437,5.16,train,5to6,0,0.00043625287349550014,0.017250451725233325,0.5753685676793492,0.3840835586875485,0.02286116903437349,4to5
653,654,OADMET-0005436,4.58,train,4to5,2,0.0008177904944036463,0.01795761064363389,0.483667155187373,0.45078121697452,0.04677622670006942,4to5
654,655,OADMET-0005435,5.18,train,5to6,0,0.0009887983951740837,0.010182119353573348,0.20258626732914703,0.5526954231834892,0.23354739173861633,5to6
655,656,OADMET-0005434,5.01,train,5to6,3,0.0003424195539372272,0.010416379497066839,0.43502372841192055,0.5235972682495049,0.030620204287570483,5to6
656,657,OADMET-0005433,4.78,train,4to5,1,0.0010961188862792185,0.02195422290585975,0.5820043419678849,0.3619233874725624,0.03302192876741372,4to5
657,658,OADMET-0005432,5.48,train,5to6,1,0.0010453888780579306,0.01163495343109432,0.3310933442727726,0.518596177283312,0.13763013613476316,5to6
658,659,OADMET-0005431,5.04,train,5to6,2,0.06344798715978908,0.2924888621088541,0.4958086723160493,0.11476178039752764,0.033492698017779814,4to5
659,660,OADMET-0005430,4.75,train,4to5,1,0.001097650523270992,0.017680913584531083,0.49644659021325405,0.42411995832689947,0.060654887352044405,4to5
660,661,OADMET-0005429,4.97,train,4to5,4,0.0004863674306763341,0.017251749282037935,0.6161390193502637,0.34824915133773415,0.017873712599287824,4to5
661,662,OADMET-0005428,5.0,train,4to5,2,0.00048767725342997617,0.013448323794012743,0.440142564079851,0.4963566014413726,0.049564833431333666,5to6
662,663,OADMET-0005427,4.7,train,4to5,2,0.00440056146326125,0.10229921852580193,0.7639785830700069,0.12565488826619017,0.0036667486747397646,4to5
663,664,OADMET-0005426,5.16,train,5to6,0,0.003840055259465348,0.014666873743133638,0.10990264848019707,0.4092886088894515,0.46230181362775247,gte6
664,665,OADMET-0005425,5.88,train,5to6,4,6.674831453893036e-05,0.0011199456024607245,0.14397644206044635,0.6380547530759998,0.21678211094655422,5to6
665,666,OADMET-0005424,3.9,train,3to4,0,0.02635991333060144,0.2075320588744196,0.5739098669718792,0.14788201148304692,0.044316149340052825,4to5
666,667,OADMET-0005423,5.19,train,5to6,0,0.0061056796866315165,0.1382031918016961,0.7143151916436916,0.13244839302500452,0.008927543842976242,4to5
667,668,OADMET-0005422,4.86,train,4to5,0,0.0006349415780744703,0.0223048483493281,0.5995078224692022,0.3505930683158956,0.026959319287499596,4to5
668,669,OADMET-0005421,4.68,train,4to5,3,0.005936779832229168,0.0982605787556803,0.7002113201291142,0.18405937541188472,0.011531945871091645,4to5
669,670,OADMET-0005420,5.25,train,5to6,1,0.00017519106949571197,0.0037505509093544885,0.12059548121125967,0.520959063019614,0.354519713790276,5to6
670,671,OADMET-0005419,5.38,train,5to6,3,0.00033340061682954943,0.009971317805551388,0.3971108484400522,0.5505962355481223,0.041988197589444574,5to6
671,672,OADMET-0005418,4.84,train,4to5,3,0.005534668159227739,0.03293568093577976,0.23146598302427585,0.38390428770096563,0.34615938017975106,5to6
672,673,OADMET-0005417,4.88,train,4to5,1,0.006334309236111064,0.08092952970764446,0.6777140848051297,0.20753810545989673,0.027483970791218,4to5
673,674,OADMET-0005416,5.28,train,5to6,1,0.0008726775410331282,0.01509851403007103,0.4713763294957894,0.43984740957157425,0.0728050693615322,4to5
674,675,OADMET-0005415,4.79,train,4to5,0,0.0027649467733736706,0.07717755415334118,0.7415894249223468,0.17040747356487213,0.008060600586066207,4to5
675,676,OADMET-0005414,4.42,train,4to5,1,0.03264864407902599,0.2834383761123833,0.6015223718465419,0.07064102377921615,0.011749584182832687,4to5
676,677,OADMET-0005413,4.22,train,4to5,1,0.0011226714528198528,0.025004598283142023,0.6011321165541834,0.33791000870430177,0.03483060500555294,4to5
677,678,OADMET-0005412,4.89,train,4to5,4,0.0003224802552985842,0.0048183576146209614,0.23879260257724066,0.5830640302519573,0.17300252930088247,5to6
678,679,OADMET-0005411,4.91,train,4to5,0,0.00016968334031630534,0.0060009762621201805,0.35057983876789717,0.575807767871464,0.06744173375820234,5to6
679,680,OADMET-0005410,5.15,train,5to6,2,0.02400912189495536,0.14996476666955905,0.5854256229437503,0.2021901186841183,0.03841036980761697,4to5
680,681,OADMET-0005409,4.89,train,4to5,4,0.0024968234222785247,0.026272239022827357,0.5251292558205377,0.38814061672258326,0.057961065011773144,4to5
681,682,OADMET-0005408,5.82,train,5to6,1,0.0003761675742928021,0.005974301338203561,0.20930200029870072,0.5429183427522809,0.24142918803652197,5to6
682,683,OADMET-0005407,5.17,train,5to6,0,0.00010226886691170573,0.004806379336020942,0.3851050149737582,0.5679112689416821,0.042075067881627015,5to6
683,684,OADMET-0005406,4.69,train,4to5,4,0.000575021355423816,0.010531209051246633,0.42678083518752785,0.5097256129561133,0.05238732144968842,5to6
684,685,OADMET-0005405,4.56,train,4to5,1,0.002187846089924188,0.04079236949432537,0.6520543877596983,0.2813196898161071,0.023645706839945105,4to5
685,686,OADMET-0005404,5.31,train,5to6,0,0.00010685793407554987,0.0028883155172385894,0.13605506374949686,0.6262495955801034,0.23470016721908557,5to6
686,687,OADMET-0005403,4.98,train,4to5,1,0.023878106802928994,0.08742501570391466,0.4131979934625365,0.3355379992434047,0.13996088478721513,4to5
687,688,OADMET-0005402,5.1,train,5to6,0,0.0018161966633208372,0.05294551918174544,0.720612624092753,0.21392103404572937,0.01070462601645138,4to5
688,689,OADMET-0005401,4.15,train,4to5,2,0.0020155620103147714,0.04981475648414227,0.7150560549187245,0.22457252228458566,0.008541104302232788,4to5
689,690,OADMET-0005400,4.83,train,4to5,1,0.0002496827132455226,0.005188202770964536,0.23932895723499106,0.5611339612679784,0.19409919601282044,5to6
690,691,OADMET-0005399,4.98,train,4to5,4,0.0003162711162408491,0.005179220253073578,0.20175963282609544,0.6159132609874017,0.17683161481718843,5to6
691,692,OADMET-0005398,4.93,train,4to5,1,0.0012717652874862128,0.03137414340012144,0.6569899106974428,0.2857926356252653,0.02457154498968419,4to5
692,693,OADMET-0005397,4.53,train,4to5,3,0.007847082603842736,0.09208767629566858,0.646712346504225,0.23290030072600756,0.020452593870256063,4to5
693,694,OADMET-0005396,4.29,train,4to5,4,0.012609137507618813,0.10179042294763656,0.6965893150191639,0.16265306533694399,0.026358059188636714,4to5
694,695,OADMET-0005395,4.2,train,4to5,1,0.00527442429992692,0.05348722234282332,0.5626324979813816,0.32356628594789866,0.055039569427969476,4to5
695,696,OADMET-0005394,5.26,train,5to6,2,0.0004401135865156152,0.013110963354485292,0.49270390437520123,0.46567135078888716,0.028073667894910725,4to5
696,697,OADMET-0005393,4.4,train,4to5,3,0.03428931032426928,0.31498970393363107,0.5942520275086098,0.05120252252211593,0.005266435711373904,4to5
697,698,OADMET-0005392,4.43,train,4to5,0,0.033616415467521976,0.2551824398208282,0.5792838216347209,0.11223155030133751,0.01968577277559135,4to5
698,699,OADMET-0005391,4.54,train,4to5,2,0.02904897061437026,0.24482161270736477,0.6346710058299869,0.08269103269921944,0.008767378149058654,4to5
699,700,OADMET-0005390,3.34,train,3to4,4,0.0369782587183721,0.1516994198341074,0.6311563684862309,0.14471727232254705,0.035448680638742576,4to5
700,701,OADMET-0005389,4.87,train,4to5,1,0.0003750903881418003,0.011887787473137552,0.5396302175310397,0.41134883679696466,0.03675806781071633,4to5
701,702,OADMET-0005388,6.06,train,gte6,2,0.005975044884358715,0.09220387919727725,0.7283214435810059,0.16802804414595915,0.005471588191398994,4to5
702,703,OADMET-0005387,4.79,train,4to5,1,0.0016017001003147693,0.021508962068712185,0.5162606275980243,0.4130007057908274,0.0476280044421214,4to5
703,704,OADMET-0005386,4.88,train,4to5,2,0.0024261380121407277,0.03317105584753365,0.533448070281293,0.406476951773635,0.024477784085397566,4to5
704,705,OADMET-0005385,4.57,train,4to5,0,0.04485963895637488,0.370720495591935,0.5115882429858016,0.06324307211195594,0.009588550353932539,4to5
705,706,OADMET-0005384,4.62,train,4to5,2,0.003842200326124873,0.08780260035621572,0.73336038325725,0.16981174818786773,0.005183067872541762,4to5
706,707,OADMET-0005383,4.18,train,4to5,0,0.015145418432018012,0.12687919419471352,0.65397634915377,0.17947991813257733,0.024519120086921153,4to5
707,708,OADMET-0005382,4.74,train,4to5,2,0.12169483731737785,0.5577288720603953,0.28456114980605224,0.023452814056837194,0.012562326759337309,3to4
708,709,OADMET-0005381,4.59,train,4to5,1,0.001182838300121302,0.032644892788351684,0.6951150641688262,0.2544484642115514,0.01660874053114943,4to5
709,710,OADMET-0005380,4.16,train,4to5,4,0.016412636356871405,0.11822395092746588,0.6663999594733117,0.16789318714976229,0.03107026609258875,4to5
710,711,OADMET-0005379,4.34,train,4to5,1,0.007311162803620749,0.0786922775940763,0.6534961282479244,0.22703556092684246,0.033464870427536146,4to5
711,712,OADMET-0005378,4.89,train,4to5,1,0.0042671263853777406,0.044687998215675324,0.587648638898859,0.31258780229967537,0.05080843420041255,4to5
712,713,OADMET-0005377,4.91,train,4to5,2,0.0037815042050407216,0.046592615230198524,0.5725207290139279,0.3430993831833168,0.034005768367516044,4to5
713,714,OADMET-0005376,4.8,train,4to5,1,0.0003728841148183856,0.01238045246594024,0.5424527963915825,0.4078910529992152,0.03690281402844363,4to5
714,715,OADMET-0005375,4.53,train,4to5,0,0.004655827387039209,0.0801515519273982,0.5926122176981887,0.25381318195663116,0.06876722103074269,4to5
715,716,OADMET-0005374,4.68,train,4to5,4,0.0033872422177189123,0.03236153098814376,0.45111946973049877,0.41200380091197225,0.10112795615166632,4to5
716,717,OADMET-0005373,5.19,train,5to6,0,0.002348313686838211,0.0371944885361956,0.5216135116682018,0.39991594301965283,0.03892774308911158,4to5
717,718,OADMET-0005372,5.23,train,5to6,4,0.0003344028084449023,0.010141125886970139,0.484892398443554,0.4775361123897406,0.02709596047129037,4to5
718,719,OADMET-0005371,4.69,train,4to5,2,0.005545634302945387,0.07553370286403173,0.6521648159453206,0.24861012364466192,0.01814572324304042,4to5
719,720,OADMET-0005370,4.5,train,4to5,4,0.02472884566674654,0.1910107423122372,0.6540297829320852,0.11342995550429473,0.01680067358463626,4to5
720,721,OADMET-0005369,4.15,train,4to5,1,0.10344032313794259,0.48988575290760866,0.3712703329094164,0.02871409463190393,0.0066894964131284105,3to4
721,722,OADMET-0005368,3.98,train,3to4,2,0.001365797444861374,0.026821813831092386,0.57028578337641,0.36617343735439917,0.03535316799323706,4to5
722,723,OADMET-0005367,4.75,train,4to5,1,0.025746163836364744,0.29554935133729804,0.6066769124190972,0.06385282922366743,0.008174743183572577,4to5
723,724,OADMET-0005366,4.83,train,4to5,3,0.00969931830414466,0.1305133046475219,0.6917067653294722,0.15630873639430407,0.011771875324557209,4to5
724,725,OADMET-0005365,4.9,train,4to5,3,0.01785230257417149,0.11629693166800986,0.4633779210471439,0.282079516790511,0.12039332792016369,4to5
725,726,OADMET-0005364,4.62,train,4to5,4,0.004212450542855778,0.072028365994665,0.6941295600382171,0.21149141288790646,0.018138210536355594,4to5
726,727,OADMET-0005363,4.84,train,4to5,1,0.026613871184610602,0.32051677909922854,0.5800578903937077,0.06475230731826993,0.008059152004183218,4to5
727,728,OADMET-0005362,4.58,train,4to5,3,0.016182291167671826,0.16614585000788681,0.6833976644979494,0.11617373641160408,0.018100457914887954,4to5
728,729,OADMET-0005361,5.11,train,5to6,1,0.010726702629322335,0.13626753085679674,0.7014991791308681,0.13927012980283515,0.012236457580177601,4to5
729,730,OADMET-0005360,3.98,train,3to4,4,0.0070598380026349866,0.047162684511092415,0.4997268805805764,0.35018923112242767,0.0958613657832685,4to5
730,731,OADMET-0005359,4.47,train,4to5,4,0.0659111635462255,0.28837715344005355,0.5450434451252236,0.06963257193276816,0.03103566595572919,4to5
731,732,OADMET-0005358,4.43,train,4to5,3,0.03318848343457806,0.21381383377599933,0.5868359000424257,0.13599371428809953,0.030168068458897433,4to5
732,733,OADMET-0005357,4.78,train,4to5,1,0.025539072404360267,0.3038058080056567,0.589969715207955,0.07169437679434125,0.008991027587686704,4to5
733,734,OADMET-0005356,4.72,train,4to5,3,0.17088662368489113,0.4639198451694956,0.28918288091393285,0.04271169449566977,0.033298955736010674,3to4
734,735,OADMET-0005355,4.41,train,4to5,3,0.002482543924759824,0.04629895077043065,0.5471536500582012,0.35964828620771233,0.04441656903889603,4to5
735,736,OADMET-0005354,4.45,train,4to5,3,0.01258552312805009,0.12177183827197706,0.6988318930760806,0.15470119806514873,0.012109547458743526,4to5
736,737,OADMET-0005353,4.26,train,4to5,0,0.0076319285960054425,0.0734784149925171,0.6611950342070727,0.21647806284175947,0.041216559362645226,4to5
737,738,OADMET-0005352,5.17,train,5to6,2,0.0023752352236097105,0.0259251472764708,0.39958022480590333,0.4888937284340246,0.08322566425999155,5to6
738,739,OADMET-0005351,4.41,train,4to5,4,0.05425820228193332,0.310594504896449,0.5006890986243095,0.08068908901306035,0.053769105184247816,4to5
739,740,OADMET-0005350,4.71,train,4to5,0,0.0011899389213190334,0.042921451625744025,0.6879856251671455,0.2558595413633985,0.01204344292239296,4to5
740,741,OADMET-0005349,4.8,train,4to5,2,0.09167681651502255,0.45642957176348115,0.3975742168679353,0.04181701697747599,0.012502377876085002,3to4
741,742,OADMET-0005348,4.5,train,4to5,0,0.09167563573734329,0.35042642241617955,0.41393925197648807,0.10231689727615947,0.04164179259382961,4to5
742,743,OADMET-0005347,4.51,train,4to5,0,0.004762980339630273,0.05813434748767776,0.48589685665960386,0.3795042111552158,0.07170160435787228,4to5
743,744,OADMET-0005346,4.51,train,4to5,4,0.003927736798445819,0.0647789056182028,0.690236829511246,0.22375771695182778,0.017298811120277608,4to5
744,745,OADMET-0005345,4.87,train,4to5,4,0.027989223078093994,0.13758539897230643,0.6152807955577821,0.1682005344293912,0.05094404796242625,4to5
745,746,OADMET-0005344,5.04,train,5to6,2,0.0016212121627106541,0.028060323356542245,0.5287421132119473,0.39914660033492017,0.04242975093387957,4to5
746,747,OADMET-0005343,3.98,train,3to4,4,0.00011074270038861309,0.003138236177445829,0.32690023212866637,0.6040749289614357,0.06577586003206358,5to6
747,748,OADMET-0005342,5.2,train,5to6,1,0.0006641592224090196,0.008413368510379802,0.25932170937018606,0.501466076036744,0.2301346868602811,5to6
748,749,OADMET-0005341,4.33,train,4to5,1,0.002487641055512063,0.04761896272456025,0.6884385928986717,0.24217574247634466,0.019279060844911367,4to5
749,750,OADMET-0005340,4.22,train,4to5,0,0.09859929435810491,0.6216215022613043,0.2579213433659352,0.018130824341325215,0.0037270356733303377,3to4
750,751,OADMET-0005339,4.44,train,4to5,0,0.007150329642789131,0.12994937586602814,0.7053549879180687,0.14702616618291833,0.010519140390195754,4to5
751,752,OADMET-0005338,5.06,train,5to6,2,0.0014706764563627594,0.029237371796622794,0.571054558216001,0.3668559961693223,0.031381397361691085,4to5
752,753,OADMET-0005337,4.87,train,4to5,0,0.00028300085528590844,0.007972993239964846,0.3854518669726307,0.5440756275876292,0.06221651134448942,5to6
753,754,OADMET-0005336,4.75,train,4to5,1,0.004616682241406318,0.032267155756285984,0.27302436978183764,0.4434128830396308,0.2466789091808393,5to6
754,755,OADMET-0005335,4.35,train,4to5,1,0.059850498922447676,0.4000559441744239,0.47496586949570874,0.04857213413608794,0.016555553271331725,4to5
755,756,OADMET-0005334,4.47,train,4to5,2,0.0005383177223571827,0.014217387960990873,0.372730435936898,0.5445222287727546,0.06799162960699934,5to6
756,757,OADMET-0005333,5.27,train,5to6,4,0.0012292248016169797,0.03790210432446234,0.6856775649170372,0.2653360873597989,0.009855018597084519,4to5
757,758,OADMET-0005332,4.98,train,4to5,1,0.03344610880406768,0.168491625632654,0.6007184103505975,0.154200547035067,0.043143308177613894,4to5
758,759,OADMET-0005331,4.46,train,4to5,4,0.13313022716919998,0.5907911201606849,0.2561692993510032,0.015375324267752549,0.00453402905135936,3to4
759,760,OADMET-0005330,4.21,train,4to5,3,0.04459697337849314,0.2665968885089375,0.5587685183837527,0.10462909707528566,0.025408522653531038,4to5
760,761,OADMET-0005329,4.62,train,4to5,3,0.0010415849689426287,0.023489711163555957,0.5543277111990595,0.3990903983607139,0.02205059430772792,4to5
761,762,OADMET-0005328,4.74,train,4to5,0,0.010349938260393654,0.14539285952624456,0.6704061973688678,0.15925356152454162,0.014597443319952365,4to5
762,763,OADMET-0005327,4.4,train,4to5,1,0.17018179000846215,0.5781646079069938,0.2284987540079091,0.018206342150139,0.004948505926495963,3to4
763,764,OADMET-0005326,4.4,train,4to5,2,0.006653545936477924,0.07978282924589815,0.6841707873449483,0.20971249190423982,0.019680345568435818,4to5
764,765,OADMET-0005325,5.14,train,5to6,2,0.012702814152823514,0.09771454934883887,0.5989218126319718,0.25242234827938953,0.03823847558697629,4to5
765,766,OADMET-0005324,4.08,train,4to5,1,0.021593575372077088,0.16182563505696207,0.657156618098538,0.1337501200358332,0.02567405143658969,4to5
766,767,OADMET-0005323,5.02,train,5to6,3,0.0012079774973399193,0.012574001771986431,0.2710667171756411,0.5774918622525972,0.13765944130243535,5to6
767,768,OADMET-0005322,4.88,train,4to5,3,0.0014334906552720017,0.020540077184277847,0.32365468057756575,0.5279531464745614,0.12641860510832306,5to6
768,769,OADMET-0005321,4.29,train,4to5,4,0.04608931185486065,0.5479575898737883,0.3824779506451233,0.020908731201031514,0.0025664164251962517,3to4
769,770,OADMET-0005320,4.54,train,4to5,1,0.0010110892574869412,0.023462810373240637,0.5026144743240333,0.4143740934494119,0.05853753259582727,4to5
770,771,OADMET-0005319,5.04,train,5to6,2,0.015540072278327237,0.2720042394286749,0.6519243542637442,0.05842815928178879,0.002103174747464923,4to5
771,772,OADMET-0005318,4.42,train,4to5,2,0.08090711761764799,0.31981144844607673,0.47875954950039973,0.09208202790850903,0.028439856527366515,4to5
772,773,OADMET-0005317,5.34,train,5to6,3,0.03644639903633001,0.21841686394468676,0.6004501424612441,0.12405999426387265,0.020626600293866537,4to5
773,774,OADMET-0005316,5.07,train,5to6,3,0.0002526641694329564,0.00434667418635662,0.09787007146954772,0.4899923664092014,0.40753822376546134,5to6
774,775,OADMET-0005315,4.77,train,4to5,4,0.01666935856135611,0.1107283648631464,0.6756157673711846,0.1588632417063939,0.03812326749791898,4to5
775,776,OADMET-0005314,4.34,train,4to5,0,0.0016421854491371637,0.06405789221657422,0.7594641825617071,0.16791787262682376,0.006917867145757736,4to5
776,777,OADMET-0005313,5.06,train,5to6,1,0.0015694778383346687,0.026950038919318395,0.5918901551665922,0.3345091932741754,0.04508113480157939,4to5
777,778,OADMET-0005312,4.57,train,4to5,1,0.016442581459942335,0.1180264388686495,0.6635962502197689,0.17075786912135474,0.0311768603302846,4to5
778,779,OADMET-0005311,4.7,train,4to5,4,0.003078314315273833,0.06816549759467953,0.6827036302893112,0.22246042417094644,0.023592133629788993,4to5
779,780,OADMET-0005310,5.14,train,5to6,1,5.706837650596951e-05,0.0018419170376220446,0.1316282655755064,0.6090036198400354,0.25746912917033027,5to6
780,781,OADMET-0005309,4.64,train,4to5,1,0.0009058263683551682,0.01910232506365555,0.580179196275038,0.36087628066817323,0.038936371624778005,4to5
781,782,OADMET-0005308,4.49,train,4to5,0,0.0024579098134033766,0.05677893362545847,0.6498483563063996,0.2724895287597624,0.018425271494976202,4to5
782,783,OADMET-0005307,4.55,train,4to5,0,0.001092059756105904,0.04039347490704896,0.7344015739250719,0.21516869676657585,0.00894419464519734,4to5
783,784,OADMET-0005306,5.16,train,5to6,2,0.0006104125428102255,0.014451212676316057,0.41753952237057307,0.5161400853141647,0.051258767096135985,5to6
784,785,OADMET-0005305,4.64,train,4to5,0,0.00039136701886736757,0.013797118712392562,0.4950138766211826,0.459170324464993,0.03162731318256443,4to5
785,786,OADMET-0005304,4.6,train,4to5,1,0.05693979061529508,0.30085229201199953,0.5510241266111107,0.07387199832785134,0.017311792433743346,4to5
786,787,OADMET-0005303,4.98,train,4to5,0,0.0025735647492946307,0.05251139980319775,0.6595413346781731,0.26500241004871317,0.02037129072062132,4to5
787,788,OADMET-0005302,4.96,train,4to5,4,0.008476627595879716,0.06688768105173105,0.5870043958069572,0.28755407186438925,0.05007722368104273,4to5
788,789,OADMET-0005301,4.68,train,4to5,0,0.02670720400902032,0.16676500408581457,0.5082318177293393,0.2311504776940672,0.06714549648175855,4to5
789,790,OADMET-0005300,4.38,train,4to5,2,0.020157381742020086,0.14590574692259917,0.6154957963861838,0.1911520347658393,0.027289040183357594,4to5
790,791,OADMET-0005299,4.56,train,4to5,1,0.0005123068025805064,0.00714768177788221,0.22949724999412446,0.5178079517092601,0.2450348097161527,5to6
791,792,OADMET-0005298,4.26,train,4to5,3,0.17387770942203998,0.6437155314064511,0.1588076130479465,0.011525997508155063,0.012073148615407366,3to4
792,793,OADMET-0005297,5.23,train,5to6,4,0.0008804706239091674,0.026461599638041386,0.646321481449925,0.30030653156854864,0.026029916719575812,4to5
793,794,OADMET-0005296,4.43,train,4to5,1,0.0025045029319201635,0.030711159639206207,0.46681574791305824,0.4108128022402868,0.0891557872755286,4to5
794,795,OADMET-0005295,5.27,train,5to6,2,0.04316436207228083,0.1522541372525345,0.4195652980276439,0.28540570075448046,0.09961050189306031,4to5
795,796,OADMET-0005294,4.97,train,4to5,1,0.0024372729541581382,0.03865294021664958,0.6396096718449448,0.285479684501674,0.03382043048257347,4to5
796,797,OADMET-0005293,4.6,train,4to5,1,0.0013371045147956139,0.029277764402181956,0.6087556123475563,0.32322518117391547,0.037404337561550725,4to5
797,798,OADMET-0005292,4.39,train,4to5,4,0.0030924351120038005,0.07980835841000401,0.7002595420825111,0.20386507647082247,0.012974587924658689,4to5
798,799,OADMET-0005291,4.65,train,4to5,4,0.0016163330846824778,0.03370378039311328,0.6271465184172299,0.30815290242415616,0.029380465680818205,4to5
799,800,OADMET-0005290,5.16,train,5to6,3,0.007596970835208134,0.1651323401549738,0.7408183054912554,0.08440538311048737,0.002047000408075275,4to5
800,801,OADMET-0005289,5.12,train,5to6,4,0.00010957062772981524,0.0014803183147241048,0.11001114113656257,0.5827928551808226,0.305606114740161,5to6
801,802,OADMET-0005288,4.53,train,4to5,3,0.003941226585437361,0.07275263660227074,0.7121824323682027,0.2018588994781948,0.009264804965894461,4to5
802,803,OADMET-0005287,4.73,train,4to5,2,0.018410016102212004,0.12163660355485907,0.5873407207336019,0.23074019915463523,0.04187246045469187,4to5
803,804,OADMET-0005286,3.26,train,3to4,4,0.015229746803428527,0.12766406807999775,0.6279565522827472,0.18373279032529677,0.04541684250852978,4to5
804,805,OADMET-0005285,4.79,train,4to5,1,0.003510652204672754,0.04176879509842806,0.5745487583105592,0.33030079495608006,0.049870999430259945,4to5
805,806,OADMET-0005284,4.93,train,4to5,4,0.0001163194154771271,0.004128829506770055,0.37287797898003555,0.5474637058869211,0.07541316621079623,5to6
806,807,OADMET-0005283,4.46,train,4to5,0,0.0009004989159739058,0.0408711086953163,0.7360874213068113,0.21428904841212482,0.00785192266977371,4to5
807,808,OADMET-0005282,4.54,train,4to5,1,0.00018439927606068285,0.007355919900604053,0.41097184241811097,0.5115728878012259,0.06991495060399835,5to6
808,809,OADMET-0005281,4.42,train,4to5,2,0.005709631214310131,0.0868076658645437,0.6962954213911973,0.201484153193384,0.009703128336564898,4to5
809,810,OADMET-0005280,5.02,train,5to6,2,8.552875762098887e-05,0.0013603398040344357,0.05959492518470512,0.5242974134978761,0.41466179275576337,5to6
810,811,OADMET-0005279,5.39,train,5to6,4,0.09763175994157791,0.41445842385292053,0.44034039974212646,0.037777628749608994,0.009791787713766098,4to5
811,812,OADMET-0005278,4.78,train,4to5,1,0.0008447331466729021,0.01893449010074092,0.5238324387602555,0.3983997094261469,0.057988628566183774,4to5
812,813,OADMET-0005277,4.38,train,4to5,0,0.01455811591563517,0.24015614247750638,0.6534909161694005,0.0853814052112004,0.0064134202262575955,4to5
813,814,OADMET-0005276,4.92,train,4to5,1,0.0002160643703182282,0.005522780854394267,0.29461913248393146,0.5605085887939119,0.13913343349744423,5to6
814,815,OADMET-0005275,4.43,train,4to5,1,8.517876967201833e-05,0.0027124727987546046,0.226580887292695,0.6125732640281393,0.1580481971107391,5to6
815,816,OADMET-0005274,4.26,train,4to5,1,0.02213161730847035,0.28897075795581606,0.6110079066554938,0.06766690068039193,0.010222817399827876,4to5
816,817,OADMET-0005273,4.13,train,4to5,4,0.009999919291588841,0.08223079568362476,0.6830554337349457,0.20015656165166237,0.02455728963817827,4to5
817,818,OADMET-0005272,4.3,train,4to5,3,0.0007748745177464716,0.027124082361744014,0.6708375139387025,0.2943514850107872,0.0069120441710198875,4to5
818,819,OADMET-0005271,4.45,train,4to5,3,0.004320750912124284,0.08627213473415274,0.7386983578004065,0.1643195885098011,0.006389168043515324,4to5
819,820,OADMET-0005270,4.28,train,4to5,4,0.02268478488423036,0.3237277043242214,0.5695045192606385,0.07177946215173261,0.012303529379177183,4to5
820,821,OADMET-0005269,4.58,train,4to5,2,0.222605673826079,0.6169258127764352,0.136432819749881,0.011668015966893194,0.012367677680711607,3to4
821,822,OADMET-0005268,4.73,train,4to5,2,0.0012314750275605182,0.03385863805970504,0.6371327005493647,0.31147542414560786,0.016301762217761934,4to5
822,823,OADMET-0005267,4.24,train,4to5,3,0.0317273261928462,0.39751064370179184,0.537532999008643,0.03146994963334837,0.0017590814633705151,4to5
823,824,OADMET-0005266,5.09,train,5to6,1,0.0008232742899566113,0.02210969974782984,0.6075381466521736,0.34251989955361517,0.027008979756424713,4to5
824,825,OADMET-0005265,5.0,train,4to5,3,0.0045707478235729035,0.0639835237261104,0.6664286994634756,0.24654232493645836,0.01847470405038278,4to5
825,826,OADMET-0005264,4.75,train,4to5,1,0.003669372797350493,0.0498837051435567,0.6569602556774047,0.2627573934293644,0.02672927295232378,4to5
826,827,OADMET-0005263,5.08,train,5to6,2,0.001259989812457863,0.05075429042862466,0.7720522338434977,0.1735749554837236,0.0023585304316961937,4to5
827,828,OADMET-0005262,4.24,train,4to5,4,0.05527521251004477,0.436332847991031,0.4539409539797636,0.04592940917856555,0.008521576340595086,4to5
828,829,OADMET-0005261,5.05,train,5to6,0,0.0028288629929544597,0.04793880895505271,0.5243730562136562,0.35601958748518353,0.06883968435315313,4to5
829,830,OADMET-0005260,4.55,train,4to5,0,0.002410900817239018,0.022434981895046953,0.2878743157664904,0.4866466003218593,0.2006332011993643,5to6
830,831,OADMET-0005259,4.38,train,4to5,2,0.0020607103431033997,0.03613563435177211,0.5955871027442954,0.3388615666747938,0.027354985886035306,4to5
831,832,OADMET-0005258,4.36,train,4to5,2,0.0017718789078235756,0.041431205997436577,0.6923786225646341,0.25775455011638354,0.006663742413722188,4to5
832,833,OADMET-0005257,5.46,train,5to6,0,0.0001822303625389338,0.010003352664832009,0.43368256643014147,0.5097936456593721,0.046338204883115436,5to6
833,834,OADMET-0005256,4.93,train,4to5,4,0.000863796172893636,0.028866960143275357,0.6671509406440476,0.28593744386326136,0.01718085917652212,4to5
834,835,OADMET-0005255,5.3,train,5to6,0,0.004193642605245481,0.05547166939174676,0.5124850823836324,0.3805946078005724,0.04725499781880297,4to5
835,836,OADMET-0005254,4.04,train,4to5,1,0.07333991642417426,0.4017162304291677,0.4712659992684331,0.044702548325515595,0.008975305552709357,4to5
836,837,OADMET-0005253,4.51,train,4to5,2,0.003750734852825667,0.04051395266141447,0.5457374036658961,0.3746642891382018,0.035333619681662036,4to5
837,838,OADMET-0005252,4.86,train,4to5,1,0.001115897138733912,0.02810661701041257,0.6540771335979011,0.2956417922179645,0.021058560034987923,4to5
838,839,OADMET-0005251,4.53,train,4to5,4,0.0023130761935524573,0.03272087369224303,0.603643214510989,0.3105041559095935,0.050818679693622,4to5
839,840,OADMET-0005250,4.35,train,4to5,1,0.030828917345238658,0.3032739638409202,0.5972916238283481,0.05839330300574944,0.010212191979743629,4to5
840,841,OADMET-0005249,4.7,train,4to5,2,0.01034104458278726,0.16786734869244643,0.7207742380401303,0.09686939481467545,0.004147973869960585,4to5
841,842,OADMET-0005248,4.53,train,4to5,1,0.012643062520255335,0.07694026656003793,0.5129524255508502,0.31046571660531436,0.08699852876354223,4to5
842,843,OADMET-0005247,4.72,train,4to5,1,0.014249885481316383,0.18444599245571716,0.6868844045081817,0.10319208372978882,0.011227633824995968,4to5
843,844,OADMET-0005246,4.81,train,4to5,0,0.002530545995930055,0.058451482742180115,0.6943093129759376,0.22633855656144966,0.018370101724502583,4to5
844,845,OADMET-0005245,5.01,train,5to6,0,0.0004502774333327603,0.01767752483253037,0.5424118568736942,0.40904461814874704,0.030415722711695643,4to5
845,846,OADMET-0005244,4.81,train,4to5,2,0.0009314362983969876,0.016504456972578196,0.38172929905784786,0.5393912711202313,0.061443536550945574,5to6
846,847,OADMET-0005243,3.98,train,3to4,4,0.19801728547281805,0.5391040477009269,0.2410395309019433,0.015249315741584219,0.0065898201827274926,3to4
847,848,OADMET-0005242,4.46,train,4to5,1,0.04153080599106654,0.36454349246979467,0.535734467174842,0.050495620111530366,0.007695614252766395,4to5
848,849,OADMET-0005241,4.3,train,4to5,1,0.0065790834701881604,0.08758313314857029,0.7283005206546809,0.16081154541163714,0.016725717314923484,4to5
849,850,OADMET-0005240,4.24,train,4to5,1,0.0010424589952522493,0.018797417229487388,0.48112306744231564,0.4197257562225479,0.07931130011039685,4to5
850,851,OADMET-0005239,5.15,train,5to6,4,0.04630676691462671,0.14202524827439522,0.49416998396940515,0.1942136749194091,0.12328432592216376,4to5
851,852,OADMET-0005238,4.73,train,4to5,1,0.002760156493874453,0.03848584327605814,0.6240984730635467,0.2934539286655186,0.04120159850100206,4to5
852,853,OADMET-0005237,4.47,train,4to5,1,0.004394369671672168,0.05234945572775247,0.5536122329816393,0.32920303986762145,0.06044090175131462,4to5
853,854,OADMET-0005236,5.19,train,5to6,0,0.03244005906827781,0.28467077175902633,0.5809559258499514,0.0824857135255954,0.019447529797149057,4to5
854,855,OADMET-0005235,4.54,train,4to5,4,0.00037911062511773665,0.007604604523660473,0.36156296429087503,0.5537894918122389,0.07666382874810791,5to6
855,856,OADMET-0005234,4.87,train,4to5,3,0.0012025948612052193,0.029687481571272302,0.6262015820624378,0.329200125103586,0.01370821640149873,4to5
856,857,OADMET-0005233,4.88,train,4to5,3,0.006729805136353695,0.09450321961391336,0.6966203088670327,0.19174582409006513,0.010400842292635071,4to5
857,858,OADMET-0005232,5.45,train,5to6,2,0.0035465437776756726,0.030536136596999653,0.36435296028715447,0.4758437131858238,0.1257206461523464,5to6
858,859,OADMET-0005231,4.81,train,4to5,1,0.006373512196555507,0.0907037355630399,0.6991120775734664,0.18558055598250225,0.01823011868443597,4to5
859,860,OADMET-0005230,5.21,train,5to6,3,0.07006874680519104,0.2838231325149536,0.4237472712993622,0.1277320832014084,0.09462876617908478,4to5
860,861,OADMET-0005229,4.6,train,4to5,4,0.003488400938032564,0.0520197449176768,0.6841997478745887,0.23781694383242374,0.022475162437278172,4to5
861,862,OADMET-0005228,4.89,train,4to5,2,0.01129784326118636,0.051284573255787974,0.291577275494431,0.3956816439188787,0.25015866406971593,5to6
862,863,OADMET-0005227,4.63,train,4to5,3,0.001886380009188004,0.03595487155607497,0.5759303772944024,0.36121818939295375,0.02501018174738082,4to5
863,864,OADMET-0005226,4.2,train,4to5,0,0.000787185363782659,0.018698356455744407,0.42813490470585425,0.4860237683504306,0.06635578512418808,5to6
864,865,OADMET-0005225,4.62,train,4to5,1,0.000968785800093192,0.015134239853846345,0.3603489764729002,0.5026971792319783,0.12085081864118194,5to6
865,866,OADMET-0005224,4.91,train,4to5,4,0.0007184411694047961,0.01152787479353152,0.39435396578565374,0.5160331258286108,0.07736659242279914,5to6
866,867,OADMET-0005223,5.2,train,5to6,2,2.8146332965251777e-05,0.0006799646296094967,0.07590712208217491,0.6688312536853074,0.25455351326994297,5to6
867,868,OADMET-0005222,5.48,train,5to6,2,0.0004885060469059256,0.008207754213834725,0.20699675335398196,0.6092738495701687,0.17503313681510863,5to6
868,869,OADMET-0005221,5.04,train,5to6,0,0.007098511112200458,0.04743236159761273,0.3858868064905319,0.42234941038642465,0.1372329104132302,5to6
869,870,OADMET-0005220,5.16,train,5to6,1,6.614604228780824e-05,0.0024764728264821535,0.19097096857462265,0.6194379808771078,0.18704843167949964,5to6
870,871,OADMET-0005219,4.16,train,4to5,0,0.01580401703624063,0.17110002120537693,0.6438859135093443,0.15507809890004853,0.014131949348989639,4to5
871,872,OADMET-0005218,5.57,train,5to6,1,0.0007487007168434502,0.009760465928731138,0.26670246016991095,0.5281424265089905,0.19464594667552404,5to6
872,873,OADMET-0005217,4.47,train,4to5,1,0.0012021620599361744,0.022817211903576214,0.5830744202189158,0.35392744491672606,0.03897876090084582,4to5
873,874,OADMET-0005216,4.14,train,4to5,1,0.01452676919415364,0.21544464941073993,0.6725570409173435,0.08712538882064695,0.010346151657116004,4to5
874,875,OADMET-0005215,4.65,train,4to5,0,0.004614535135310407,0.11865268343784958,0.7387626577951265,0.1287638810081345,0.009206242623579062,4to5
875,876,OADMET-0005214,5.12,train,5to6,4,0.003984838037660473,0.01896744488872311,0.2654195876862244,0.4793363543967595,0.23229177499063255,5to6
876,877,OADMET-0005213,5.15,train,5to6,3,0.025323028216567418,0.19527930385022058,0.6451513887411242,0.11783446591039125,0.01641181328169654,4to5
877,878,OADMET-0005212,4.87,train,4to5,0,0.003395298949277123,0.06678562300121152,0.6428460300327378,0.26304732481720944,0.023925723199564212,4to5
878,879,OADMET-0005211,4.46,train,4to5,0,0.0006708331015870513,0.01020551559797144,0.20147272821314188,0.5854248368722847,0.20222608621501487,5to6
879,880,OADMET-0005210,4.52,train,4to5,4,0.0009021339264073504,0.046152758873257975,0.7604890388270384,0.18376734665599154,0.00868872171730465,4to5
880,881,OADMET-0005209,4.57,train,4to5,0,0.000618103461383173,0.018381796099962846,0.5343875092065838,0.40892235918157654,0.037690232050493544,4to5
881,882,OADMET-0005208,4.93,train,4to5,0,0.0013681676926117887,0.024853704476964666,0.4579481776797169,0.4503116902019617,0.06551825994874493,4to5
882,883,OADMET-0005207,4.3,train,4to5,1,0.0034114085806104372,0.060557399723563214,0.7068643822021187,0.2078436958977644,0.02132311359594326,4to5
883,884,OADMET-0005206,5.13,train,5to6,3,0.011790700891661529,0.11273702695602576,0.660332901562575,0.19580694540702967,0.019332425182708092,4to5
884,885,OADMET-0005205,4.34,train,4to5,3,0.06585568385886204,0.2559238450504495,0.4887716319790969,0.13260926701454123,0.05683957209705031,4to5
885,886,OADMET-0005204,4.61,train,4to5,0,0.00020216355247377557,0.009843106987771856,0.34714718506403575,0.5538472946320928,0.0889602497636258,5to6
886,887,OADMET-0005203,4.57,train,4to5,4,0.1448933561011641,0.34451101542024615,0.3144606795609413,0.04173484615030512,0.1544001027673433,3to4
887,888,OADMET-0005202,4.47,train,4to5,4,0.006938134649623993,0.04956335809801823,0.5701844963053329,0.3035620595157752,0.06975195143124975,4to5
888,889,OADMET-0005201,4.31,train,4to5,4,0.08494194074890754,0.3035759441219156,0.5129090232290369,0.07306453136516822,0.02550856053497177,4to5
889,890,OADMET-0005200,5.33,train,5to6,4,0.001222834800296169,0.020855307605283955,0.5622448238342154,0.378765825959832,0.036911207800372464,4to5
890,891,OADMET-0005199,4.58,train,4to5,3,0.04857733628553139,0.20425183157987156,0.5300378562493091,0.168740264978695,0.048392710906593014,4to5
891,892,OADMET-0005198,4.8,train,4to5,2,0.00342217812150062,0.037202723610142686,0.5047985354108624,0.4075358541330051,0.047040708724489295,4to5
892,893,OADMET-0005197,4.44,train,4to5,1,0.010901414616662964,0.10129337597453278,0.574998608068585,0.2476274182929973,0.06517918304722187,4to5
893,894,OADMET-0005196,5.07,train,5to6,2,0.007357111519565125,0.050019917755649033,0.4399047963033423,0.41069437472569376,0.09202379969574982,4to5
894,895,OADMET-0005195,4.26,train,4to5,0,0.05607009306550026,0.5646581053733826,0.3548298478126526,0.021158257499337196,0.003283696249127388,3to4
895,896,OADMET-0005194,4.92,train,4to5,1,0.004718597435787827,0.0551366163744677,0.6337166921328361,0.275216038509942,0.03121205554696641,4to5
896,897,OADMET-0005193,4.81,train,4to5,2,0.009600767615417491,0.11084516802461379,0.7012285407312222,0.16620878441832404,0.012116739210422433,4to5
897,898,OADMET-0005192,4.39,train,4to5,1,0.006023216925301959,0.041034996050950186,0.45566471901910693,0.3791269021578852,0.11815016584675574,4to5
898,899,OADMET-0005191,5.21,train,5to6,4,0.0013439709784368473,0.0204767449948921,0.4600485583381778,0.4537237600320849,0.0644069656564083,4to5
899,900,OADMET-0005190,5.57,train,5to6,1,0.048916822076780345,0.3325974456719198,0.5385496200879908,0.062117627110550716,0.017818485052758327,4to5
900,901,OADMET-0005189,4.37,train,4to5,1,0.0310288182944972,0.29283262479402755,0.5994026888529048,0.06884849393367712,0.007887374124893274,4to5
901,902,OADMET-0005188,4.78,train,4to5,0,0.04265190153367384,0.27168013785302203,0.5415089554979424,0.11889662217117367,0.02526238294418806,4to5
902,903,OADMET-0005187,5.2,train,5to6,3,0.00022149883195202963,0.009796516216380577,0.41962176314408106,0.5429739534503119,0.02738626835727441,5to6
903,904,OADMET-0005186,4.4,train,4to5,1,0.0005497895424994904,0.009904091568394518,0.30257410929649875,0.525568333714867,0.1614036758777403,5to6
904,905,OADMET-0005185,4.5,train,4to5,1,0.0023300469807795115,0.03560271337430729,0.6362559528727849,0.2930480416983721,0.03276324507375618,4to5
905,906,OADMET-0005184,4.82,train,4to5,1,0.0347170924718596,0.1836795270896187,0.5883124185798263,0.14950432649420112,0.04378663536449425,4to5
906,907,OADMET-0005183,4.46,train,4to5,1,0.07311596721410751,0.3264637887477875,0.5004929304122925,0.07621268182992935,0.02371463179588318,4to5
907,908,OADMET-0005182,4.87,train,4to5,1,0.002284834900855154,0.04218035639447333,0.7051456697043536,0.23399065854430215,0.01639848045601579,4to5
908,909,OADMET-0005181,5.33,train,5to6,4,0.000780267146610943,0.019670646309972135,0.5323113206359816,0.40823693498053726,0.03900083092689808,4to5
909,910,OADMET-0005180,4.86,train,4to5,1,0.00402039365008613,0.05816651626133708,0.6845937667638929,0.22974884994496036,0.023470473379723494,4to5
910,911,OADMET-0005179,5.21,train,5to6,3,0.002017134073412703,0.027704735824375208,0.4338276026622663,0.4678179257230616,0.06863260171688425,5to6
911,912,OADMET-0005178,5.0,train,4to5,1,0.00015861851737005198,0.005459357275444898,0.22851509327719083,0.5713205082955625,0.19454642263443173,5to6
912,913,OADMET-0005177,5.21,train,5to6,4,0.0014082063915918201,0.018912955799328793,0.32711326523783807,0.504772594991137,0.1477929775801043,5to6
913,914,OADMET-0005176,4.86,train,4to5,1,0.0020047606002794077,0.015821176043913195,0.18690774310359928,0.43448723444951093,0.36077908580269713,5to6
914,915,OADMET-0005175,4.2,train,4to5,1,0.0008452003122072856,0.02387213673760179,0.47242786823130095,0.43755128370977725,0.06530351100911275,4to5
915,916,OADMET-0005174,4.62,train,4to5,4,0.000921737726287697,0.01313216554813693,0.3867106222497749,0.5150314480667707,0.08420402640902977,5to6
916,917,OADMET-0005173,4.82,train,4to5,0,0.0023233638462858133,0.049095675247565154,0.5279065760193357,0.37833607008972536,0.04233831479708799,4to5
917,918,OADMET-0005172,5.2,train,5to6,2,0.0004850389875480825,0.010049525473745111,0.3072469181082441,0.5765206117595428,0.10569790567091987,5to6
918,919,OADMET-0005171,4.72,train,4to5,2,0.0016797330907196053,0.043036078308847474,0.7351671055521505,0.21505402596868387,0.005063057079598535,4to5
919,920,OADMET-0005170,5.14,train,5to6,2,0.0002510862817588927,0.006840128876835045,0.3440778831180706,0.5590671267857942,0.08976377493754127,5to6
920,921,OADMET-0005169,4.87,train,4to5,1,0.0001221378487614831,0.0021576511353340534,0.07287382383569756,0.47079837639437244,0.45404801078583445,5to6
921,922,OADMET-0005168,4.95,train,4to5,2,0.00023714549057028017,0.00497693336318235,0.2196750643874032,0.6496302494352166,0.1254806073236276,5to6
922,923,OADMET-0005167,5.28,train,5to6,4,0.2401387214557289,0.35848278116563104,0.26816977052615804,0.05909700251393001,0.07411172433855204,3to4
923,924,OADMET-0005166,5.37,train,5to6,1,0.0014922333684909274,0.0173274539834676,0.34102565133496404,0.4868728828411934,0.153281778471884,5to6
924,925,OADMET-0005165,5.25,train,5to6,0,0.0019233433261304684,0.059257284993211146,0.7015539393185644,0.22716893648545755,0.01009649587663648,4to5
925,926,OADMET-0005164,4.84,train,4to5,1,0.000500951626062513,0.012093284734006402,0.3779927371235188,0.515389466593538,0.09402355992287431,5to6
926,927,OADMET-0005163,4.54,train,4to5,3,0.1030733442105726,0.5011265901911627,0.3508271594578055,0.028691496860374678,0.016281409280084497,3to4
927,928,OADMET-0005162,4.9,train,4to5,1,5.364125815842522e-05,0.0016219950957669324,0.140923065714142,0.591987421752093,0.26541387617983964,5to6
928,929,OADMET-0005161,5.07,train,5to6,1,0.0009159696862903297,0.013420061695347037,0.3507678447231782,0.5118731331657276,0.12302299072945684,5to6
929,930,OADMET-0005160,4.49,train,4to5,1,0.029452529215987715,0.279130403126549,0.6114845361302309,0.07132379065254411,0.008608740874688246,4to5
930,931,OADMET-0005159,4.4,train,4to5,4,0.22911530825583945,0.6586137608259904,0.10198009882150547,0.005399772102306529,0.004891059994358169,3to4
931,932,OADMET-0005158,4.61,train,4to5,0,0.017813639507935852,0.3292129299462199,0.5952125122396681,0.05408554833748438,0.003675369968691725,4to5
932,933,OADMET-0005157,4.8,train,4to5,1,0.0847646532471823,0.49012365357052073,0.39006167796923696,0.029019083582341187,0.006030931630718832,3to4
933,934,OADMET-0005156,4.31,train,4to5,0,0.019546746115382048,0.13343138247180455,0.5757133639018965,0.2167466310739537,0.054561876436963135,4to5
934,935,OADMET-0005155,4.83,train,4to5,2,0.042922936379909515,0.21401427686214447,0.5581113696098328,0.14193612337112427,0.04301529377698898,4to5
935,936,OADMET-0005154,4.89,train,4to5,2,0.0011978385587957773,0.03338051173233954,0.6956058653968121,0.26187166245418275,0.007944121857869784,4to5
936,937,OADMET-0005153,4.53,train,4to5,0,0.015508856393264884,0.19607720976952897,0.6366779709357325,0.13234643440922447,0.019389528492249123,4to5
937,938,OADMET-0005152,5.06,train,5to6,2,0.001586154735665373,0.025013114214561077,0.518758811788208,0.41672225049853256,0.037919668763032946,4to5
938,939,OADMET-0005151,4.83,train,4to5,4,0.00625643339853347,0.06678595104669525,0.6707097001485517,0.2207576238874071,0.03549029151881248,4to5
939,940,OADMET-0005150,5.02,train,5to6,0,0.00013310300297778604,0.006353079144527066,0.39490892259693505,0.560464364807869,0.03814053044769113,5to6
940,941,OADMET-0005149,4.64,train,4to5,2,0.004558540090240243,0.07341735286970856,0.6846222389735269,0.2263949054114425,0.011006962655081746,4to5
941,942,OADMET-0005148,4.92,train,4to5,3,0.0005028819365157487,0.014928997294414475,0.375235761148842,0.5418976472785895,0.0674347123416383,5to6
942,943,OADMET-0005147,4.62,train,4to5,4,0.0022024793313491,0.043124361450775174,0.602156500682365,0.3205370204724437,0.03197963806306701,4to5
943,944,OADMET-0005146,4.45,train,4to5,0,0.006214710970350011,0.08263102414800591,0.6350679010181245,0.24558755747416522,0.030498806389354337,4to5
944,945,OADMET-0005145,4.99,train,4to5,4,0.001004131416999428,0.013148112517966158,0.336116559904825,0.5312182426598296,0.11851295350037981,5to6
945,946,OADMET-0005144,4.6,train,4to5,0,0.006191763679432827,0.07192618537180759,0.64025826484458,0.2510506856688662,0.030573100435313357,4to5
946,947,OADMET-0005143,4.63,train,4to5,1,0.004207751772474755,0.06845525002743001,0.6774610375630814,0.2260616602291585,0.023814300407855312,4to5
947,948,OADMET-0005142,4.49,train,4to5,3,0.13854427584057943,0.4610780162324085,0.3212759780836255,0.046644676302952034,0.03245705354043449,3to4
948,949,OADMET-0005141,4.8,train,4to5,3,0.0013501537509708213,0.030424496473802142,0.6106458591702114,0.34107635670220854,0.01650313390280708,4to5
949,950,OADMET-0005140,4.87,train,4to5,1,0.00011583852198850957,0.0027560208529152303,0.13620647132578886,0.5654138650596192,0.29550780423968814,5to6
950,951,OADMET-0005139,5.12,train,5to6,0,0.0008030541648913821,0.015119863126627468,0.4340533158985687,0.482387197434155,0.06763656937575747,5to6
951,952,OADMET-0005138,4.84,train,4to5,2,0.03043913897944873,0.24532792429119207,0.5932179799902808,0.11069816557128291,0.020316791167795493,4to5
952,953,OADMET-0005137,5.44,train,5to6,2,0.0002986157711209427,0.008882816680326774,0.3509881417160272,0.5742599238401249,0.06557050199240011,5to6
953,954,OADMET-0005136,5.05,train,5to6,2,0.0018700639538876246,0.03428943092669777,0.6536964197110396,0.29475680079414973,0.015387284614225165,4to5
954,955,OADMET-0005135,4.34,train,4to5,0,0.004459601606839444,0.09181373113195622,0.7088257320525462,0.1827500670349658,0.012150868173692363,4to5
955,956,OADMET-0005134,4.42,train,4to5,2,0.02450092696498708,0.23528719255099984,0.6140725485551627,0.11053427407872907,0.015605057850121281,4to5
956,957,OADMET-0005133,5.03,train,5to6,1,0.0006094511378701846,0.010971330851743854,0.4015605083635247,0.4923541164447642,0.09450459320209707,5to6
957,958,OADMET-0005132,5.33,train,5to6,0,0.0005683884466291114,0.013339792160381773,0.4027216385568012,0.5268876694728533,0.056482511363334674,5to6
958,959,OADMET-0005131,4.46,train,4to5,4,0.056324400900381016,0.2719770235132805,0.5594315843569995,0.09679343064609426,0.015473560583244757,4to5
959,960,OADMET-0005130,5.1,train,5to6,0,0.003202185802581552,0.022039153159046834,0.2367366007567625,0.49079535474161806,0.24722670553999107,5to6
960,961,OADMET-0005129,5.01,train,5to6,0,0.0008831096810055148,0.021436215569998255,0.43253820420268363,0.4779985797474348,0.0671438907988778,5to6
961,962,OADMET-0005128,5.46,train,5to6,1,0.0013022825792386626,0.020212037750923784,0.4142235058876483,0.47043402967997,0.09382814410221928,5to6
962,963,OADMET-0005127,5.25,train,5to6,0,0.002774212096697975,0.02989053783263641,0.3938848749498277,0.4677637904781454,0.10568658464269245,5to6
963,964,OADMET-0005126,4.15,train,4to5,0,0.010394520399321441,0.14101102055166903,0.6672747904670557,0.1660383089533029,0.015281359628650867,4to5
964,965,OADMET-0005125,4.67,train,4to5,0,0.014883116109417619,0.1229851413217953,0.6315837596592867,0.19439600697749865,0.03615197593200171,4to5
965,966,OADMET-0005124,4.5,train,4to5,1,0.015174327939697066,0.12389201336273142,0.6738766249805482,0.158984150168914,0.02807288354810921,4to5
966,967,OADMET-0005123,4.6,train,4to5,1,0.023114690729340095,0.18088092044652193,0.6582177330420742,0.11647402581925709,0.021312629962806626,4to5
967,968,OADMET-0005122,4.52,train,4to5,2,0.0014277696449931378,0.04849003573704471,0.7353153742628317,0.2090944475409264,0.005672372814204103,4to5
968,969,OADMET-0005121,4.94,train,4to5,2,0.004615896720281846,0.0709397177279725,0.717083732454134,0.19764968209837971,0.009710970999231893,4to5
969,970,OADMET-0005120,4.19,train,4to5,0,0.08518205725230617,0.4165545705164342,0.4014025642475161,0.0699288870072035,0.02693192097654008,3to4
970,971,OADMET-0005119,4.97,train,4to5,2,0.0005358938417358253,0.010584660917893535,0.32231068952594333,0.5794153274883045,0.08715342822612286,5to6
971,972,OADMET-0005118,4.36,train,4to5,1,0.004822423938435769,0.05808282019491201,0.6241060225098114,0.2737886191055451,0.03920011425129574,4to5
972,973,OADMET-0005117,4.46,train,4to5,1,0.016149611632258823,0.09824410514878149,0.5470943873736922,0.2781385095261882,0.06037338631907931,4to5
973,974,OADMET-0005116,5.3,train,5to6,3,0.0046273094657019445,0.07307198201464787,0.6931374360291436,0.21512042877530593,0.014042843715200709,4to5
974,975,OADMET-0005115,5.12,train,5to6,0,0.004996250188124825,0.12477319944605755,0.7230018690544381,0.13888416641099846,0.008344514900381093,4to5
975,976,OADMET-0005114,4.01,train,4to5,0,0.09134205549842564,0.4344187733548347,0.3960059634820404,0.054644980249022805,0.0235882274156764,3to4
976,977,OADMET-0005113,4.23,train,4to5,2,0.0027273465140621564,0.058620011264491935,0.7627913464857649,0.1668573474144486,0.009003948321232452,4to5
977,978,OADMET-0005112,4.26,train,4to5,4,0.005380931618158383,0.04488647970005487,0.6127850233551784,0.27103849450339323,0.0659090708232152,4to5
978,979,OADMET-0005111,5.19,train,5to6,0,0.0009586669363811695,0.02831914944951842,0.627026123864399,0.32664530592833846,0.017050753821362886,4to5
979,980,OADMET-0005110,4.93,train,4to5,4,0.0012337104411638759,0.016583966083552705,0.38702571374037037,0.5217967627002873,0.07335984703462578,5to6
980,981,OADMET-0005109,5.3,train,5to6,3,0.004985763029357657,0.05886539389769812,0.5424078995917534,0.35384886388036807,0.03989207960082276,4to5
981,982,OADMET-0005108,5.1,train,5to6,1,0.006652645167864979,0.08777347776374801,0.7152721142597958,0.17697283271242314,0.013328930096168074,4to5
982,983,OADMET-0005107,5.03,train,5to6,2,0.0016139570739823375,0.05306734402308636,0.7393680054784695,0.2016679898940206,0.004282703530441172,4to5
983,984,OADMET-0005106,4.73,train,4to5,1,0.002108906665390357,0.036277384199389216,0.6495947951263771,0.28880519179170705,0.023213722217136336,4to5
984,985,OADMET-0005105,5.15,train,5to6,3,0.000156086507177719,0.00478292400697815,0.20646618496820293,0.655559843856745,0.13303496066089618,5to6
985,986,OADMET-0005104,5.26,train,5to6,1,0.005057968594943511,0.05568200040356073,0.6065229055918046,0.2917632688843781,0.04097385652531306,4to5
986,987,OADMET-0005103,5.06,train,5to6,4,0.0011892960164317545,0.02434618769092214,0.6252211923272641,0.3070983884216183,0.04214493554376362,4to5
987,988,OADMET-0005102,5.09,train,5to6,2,0.002518631651613687,0.04280962999099226,0.6245814316081204,0.31159983839365357,0.018490468355620012,4to5
988,989,OADMET-0005101,4.57,train,4to5,1,0.01672606104752555,0.16522968659210313,0.6723783945293235,0.12686481575637845,0.01880104207466937,4to5
989,990,OADMET-0005100,4.44,train,4to5,2,0.01641656363585317,0.13558439127520447,0.6584648705787752,0.16885455467832983,0.020679619831837314,4to5
990,991,OADMET-0005099,4.84,train,4to5,0,0.004622120399442221,0.1222859841718199,0.7495282870961161,0.11772324117430663,0.005840367158315221,4to5
991,992,OADMET-0005098,5.09,train,5to6,0,2.5895733083298332e-05,0.0008222017681027456,0.09794735782901831,0.63289063357319,0.2683139110966057,5to6
992,993,OADMET-0005097,4.73,train,4to5,2,0.0011729252549327945,0.03040706876312689,0.5924365062525216,0.35717708091652234,0.018806418812896346,4to5
993,994,OADMET-0005096,5.23,train,5to6,3,0.0016667393319456027,0.022332120442388192,0.38230418740578537,0.5011458342071031,0.09255111861277777,5to6
994,995,OADMET-0005095,5.47,train,5to6,1,0.00019062447600853307,0.004382702138080264,0.2066589185405862,0.5968065969224853,0.1919611579228397,5to6
995,996,OADMET-0005094,5.24,train,5to6,1,0.00033549963365589496,0.011492365607302235,0.3982511334675005,0.5022728284101224,0.08764817288141895,5to6
996,997,OADMET-0005093,5.31,train,5to6,4,0.003350457973713341,0.033090139345381415,0.5949963688991555,0.32169552349214675,0.04686751028960297,4to5
997,998,OADMET-0005092,4.73,train,4to5,0,8.124158934718694e-05,0.0031127163725640362,0.2368807051483466,0.6556100260023395,0.10431531088740263,5to6
998,999,OADMET-0005091,5.31,train,5to6,0,0.011312793898162268,0.057027898516402026,0.2791138877007593,0.417306391830346,0.2352390280543304,5to6
999,1000,OADMET-0005090,5.44,train,5to6,4,7.112732900612666e-05,0.0014240003164035623,0.19909881856790318,0.6705969340108435,0.1288091197758436,5to6
1000,1001,OADMET-0005089,5.06,train,5to6,2,0.00014033311678913674,0.005850582598629577,0.2883189724568179,0.6172742474480001,0.08841586437976327,5to6
1001,1002,OADMET-0005088,4.57,train,4to5,0,0.01867309707132672,0.23095924356440825,0.640762008998362,0.10130180814474178,0.0083038422211612,4to5
1002,1003,OADMET-0005087,5.0,train,4to5,2,0.020308307689007658,0.15504568278138997,0.6280375509061649,0.1807790658729322,0.015829392750505284,4to5
1003,1004,OADMET-0005086,3.99,train,3to4,4,0.05410349852090522,0.25531395033344123,0.5561734764640958,0.09887288777028196,0.03553618691127587,4to5
1004,1005,OADMET-0005085,5.25,train,5to6,1,0.002137597102010362,0.04253413363810019,0.6540800080221888,0.27832980868342605,0.022918452554274556,4to5
1005,1006,OADMET-0005084,4.58,train,4to5,0,0.0011715943780906538,0.034467861317145986,0.5926635906243619,0.34530106448155934,0.026395889198842084,4to5
1006,1007,OADMET-0005083,4.27,train,4to5,2,0.005003150084520154,0.0808826610069337,0.6872862574237929,0.2151441275071613,0.011683803977592009,4to5
1007,1008,OADMET-0005082,5.32,train,5to6,1,0.00014246687382565138,0.004580349671474437,0.22176255334468653,0.59843820464978,0.1750764254602333,5to6
1008,1009,OADMET-0005081,4.91,train,4to5,2,0.1843672517636235,0.5087955110733005,0.2409536311614603,0.03884926441812425,0.02703434158349145,3to4
1009,1010,OADMET-0005080,4.43,train,4to5,2,0.0062793109959200484,0.09387162804231394,0.6908733003331301,0.19596471887089048,0.01301104175774546,4to5
1010,1011,OADMET-0005079,4.94,train,4to5,1,4.125537488192634e-05,0.0015396747172325902,0.19031652972211252,0.6601576862009589,0.14794485398481397,5to6
1011,1012,OADMET-0005078,5.24,train,5to6,0,6.484378108176118e-05,0.0027266043564591748,0.23231979785978327,0.6574825351692691,0.1074062188334066,5to6
1012,1013,OADMET-0005077,5.07,train,5to6,4,0.021392277128212706,0.22680205761535446,0.6503182837365817,0.09032254926860242,0.011164832251248695,4to5
1013,1014,OADMET-0005076,4.35,train,4to5,3,0.00472364270704066,0.10783413554700723,0.7661189793664487,0.11702309348728011,0.004300148892223318,4to5
1014,1015,OADMET-0005075,5.18,train,5to6,1,0.0007666109693617568,0.02052861850919994,0.5436304877278574,0.39104363823016175,0.04403064456341915,4to5
1015,1016,OADMET-0005074,5.08,train,5to6,2,0.0004554361133102662,0.0064267589396267005,0.19703924273990164,0.599562633337083,0.1965159288700784,5to6
1016,1017,OADMET-0005073,4.85,train,4to5,3,0.0011784206939633975,0.02408902271651347,0.5644793333666235,0.38918678733854956,0.021066435884350067,4to5
1017,1018,OADMET-0005072,5.06,train,5to6,3,0.0001183743918215898,0.004003522582350466,0.22500545519232704,0.6737222294874715,0.09715041834602942,5to6
1018,1019,OADMET-0005071,4.41,train,4to5,4,0.0018055699007207284,0.03767243857388159,0.5977568760708762,0.3149319063850979,0.04783320906942354,4to5
1019,1020,OADMET-0005070,5.3,train,5to6,3,0.008591434542278365,0.07339527881743563,0.5327137475483621,0.32234148760321557,0.06295805148870831,4to5
1020,1021,OADMET-0005069,5.02,train,5to6,2,0.011619321991800317,0.1250269311691234,0.6629822909091978,0.18559581027660937,0.014775645653269094,4to5
1021,1022,OADMET-0005068,5.43,train,5to6,0,0.0027440760488372487,0.07653026209731104,0.7212834885407651,0.19001744506165497,0.009424728251431636,4to5
1022,1023,OADMET-0005067,4.73,train,4to5,0,0.0049829855901956,0.1366260678449419,0.7439327787740636,0.11047912922263237,0.0039790385681664694,4to5
1023,1024,OADMET-0005066,4.72,train,4to5,2,0.0010008909921323643,0.028306926183388623,0.6453861115360904,0.31312102648044005,0.01218504480794852,4to5
1024,1025,OADMET-0005065,5.19,train,5to6,1,0.003067037197094042,0.02611341033548265,0.3772211813442062,0.4333948314397398,0.16020353968347736,5to6
1025,1026,OADMET-0005064,4.99,train,4to5,2,0.018752002913951845,0.15528656397679294,0.6605087457177347,0.1513399318667135,0.014112755524807093,4to5
1026,1027,OADMET-0005063,4.33,train,4to5,1,0.0007271575853210876,0.021188516495386625,0.5867978424599063,0.3559811169967879,0.03530536646259813,4to5
1027,1028,OADMET-0005062,4.99,train,4to5,2,0.00011342278053957027,0.0054749768199489875,0.4163107642685122,0.5449034065520458,0.03319742957895338,5to6
1028,1029,OADMET-0005061,5.39,train,5to6,4,8.236540511374132e-05,0.001295180185667068,0.14581725105839718,0.5941860122349552,0.2586191911158669,5to6
1029,1030,OADMET-0005060,5.25,train,5to6,1,6.27443242512007e-05,0.0022575299474182956,0.16569714750435607,0.6049789969717858,0.22700358125218859,5to6
1030,1031,OADMET-0005059,4.92,train,4to5,0,0.0006161450754990706,0.027366570599510948,0.6336237069706507,0.32201417658310927,0.016379400771229933,4to5
1031,1032,OADMET-0005058,4.96,train,4to5,0,0.002713810895128032,0.09447510640100595,0.7616787041734491,0.1356050940398956,0.005527284490521356,4to5
1032,1033,OADMET-0005057,4.26,train,4to5,4,0.05942978548042362,0.5714540325896531,0.34853749517842963,0.01826233180782459,0.0023163549436690453,3to4
1033,1034,OADMET-0005056,4.83,train,4to5,1,0.01172195800234336,0.0891136198330634,0.6333232899820789,0.21649122982269572,0.049349902359818676,4to5
1034,1035,OADMET-0005055,4.83,train,4to5,4,0.04452219149987788,0.1568761438713196,0.554278840231172,0.14748811447083737,0.09683470992679316,4to5
1035,1036,OADMET-0005054,4.79,train,4to5,0,0.0004964533622429576,0.020740404285635616,0.49271502046914145,0.42247768341436304,0.06357043846861694,4to5
1036,1037,OADMET-0005053,4.95,train,4to5,4,0.002938452638306023,0.025039559195228538,0.39743840638905986,0.4615927034128559,0.11299087836454966,5to6
1037,1038,OADMET-0005052,4.82,train,4to5,1,0.001658873888520048,0.01807838017914239,0.37547773991760935,0.47223708358470917,0.13254792243001906,5to6
1038,1039,OADMET-0005051,4.84,train,4to5,0,0.000839522604980639,0.02845987782270198,0.6366213794299815,0.3155290004456374,0.01855021969669841,4to5
1039,1040,OADMET-0005050,5.22,train,5to6,4,0.0001423150189299867,0.0038254322443788107,0.32061209070059093,0.5826008100953871,0.09281935194071314,5to6
1040,1041,OADMET-0005049,4.21,train,4to5,0,0.005509925235211335,0.07188945610316225,0.619064237145407,0.27547903322521367,0.028057348291005733,4to5
1041,1042,OADMET-0005048,5.05,train,5to6,4,0.0071558895743925955,0.0910314029752948,0.679688879554202,0.2015967515962771,0.02052707629983347,4to5
1042,1043,OADMET-0005047,4.88,train,4to5,4,0.002229664644741122,0.053148689113792176,0.6981928151842833,0.2334258639615659,0.013002967095617433,4to5
1043,1044,OADMET-0005046,5.1,train,5to6,1,0.0038666749504086663,0.0725391452572353,0.6981237722510949,0.2057200130715411,0.019750394469719972,4to5
1044,1045,OADMET-0005045,5.05,train,5to6,3,0.0030290525018131613,0.036527776444207884,0.45121489477430704,0.44029025709291614,0.06893801918675582,4to5
1045,1046,OADMET-0005044,4.84,train,4to5,0,0.0010841506079623526,0.030663264290654187,0.6105368609023338,0.3350084355768659,0.022707288622183783,4to5
1046,1047,OADMET-0005043,4.94,train,4to5,0,0.002550320801943349,0.07222558847228093,0.7189064909824907,0.19402787866368776,0.012289721079597256,4to5
1047,1048,OADMET-0005042,4.69,train,4to5,2,0.08001970507206368,0.4803519253436028,0.40537732877338056,0.02842225323284255,0.005828787578110385,3to4
1048,1049,OADMET-0005041,4.63,train,4to5,1,0.045704745438052995,0.4600998154868029,0.461777358299977,0.028786500861649578,0.003631579913517494,4to5
1049,1050,OADMET-0005040,4.68,train,4to5,0,0.0032649554192550555,0.0579510432523139,0.6602288366207806,0.26020183692790066,0.01835332777974982,4to5
1050,1051,OADMET-0005039,4.57,train,4to5,4,0.08583540020129625,0.521130997018746,0.3613592510766278,0.02373326092784354,0.007941090775486416,3to4
1051,1052,OADMET-0005038,4.86,train,4to5,2,0.026788151163845662,0.39558703338850904,0.5355360190007639,0.03906056425523854,0.0030282321916429303,4to5
1052,1053,OADMET-0005037,4.09,train,4to5,2,0.02171324805070239,0.15566306349471007,0.6218005632619958,0.1799884774915506,0.020834647701041077,4to5
1053,1054,OADMET-0005036,4.93,train,4to5,4,0.0017566372262405646,0.012994835045813433,0.22415017896393982,0.5066328602876825,0.2544654884763237,5to6
1054,1055,OADMET-0005035,4.54,train,4to5,0,0.0005251487946711207,0.009198030043575028,0.3613821701736285,0.5428560132227813,0.08603863776534398,5to6
1055,1056,OADMET-0005034,4.88,train,4to5,4,0.009638853658403565,0.0736343659053554,0.5126781616413045,0.24602711933932064,0.15802149945561586,4to5
1056,1057,OADMET-0005033,4.83,train,4to5,3,0.00037863304442228206,0.012646702411679572,0.490266208955106,0.46613515052559623,0.030573305063195944,4to5
1057,1058,OADMET-0005032,4.82,train,4to5,2,8.976670842506222e-05,0.00582696146094518,0.4526458483451956,0.5176914704831227,0.02374595300231143,5to6
1058,1059,OADMET-0005031,4.53,train,4to5,0,0.0017646060266289852,0.07338474115009638,0.7723543225934445,0.14694322984371794,0.005553100386112215,4to5
1059,1060,OADMET-0005030,5.07,train,5to6,0,0.00033472165779010484,0.004749943279338197,0.11443574566362569,0.4992616431759509,0.3812179462232951,5to6
1060,1061,OADMET-0005029,4.73,train,4to5,1,0.0073612639103040126,0.07704062441728744,0.6401269194554088,0.23511138371110646,0.04035980850589332,4to5
1061,1062,OADMET-0005028,5.3,train,5to6,4,8.539080434202744e-05,0.0026409439258529327,0.29369097409793493,0.6219755297151542,0.08160716145671584,5to6
1062,1063,OADMET-0005027,5.69,train,5to6,1,0.00012753288576463793,0.004126549781460466,0.274847423601226,0.5695634002870965,0.15133509344445242,5to6
1063,1064,OADMET-0005026,5.0,train,4to5,3,0.0004376026995892019,0.013140539929433597,0.4681450198362899,0.49082652321858256,0.027450314316104733,5to6
1064,1065,OADMET-0005025,4.71,train,4to5,2,0.0013189342143034276,0.048498755608318275,0.7608893862590033,0.1853148430000477,0.003978080918327373,4to5
1065,1066,OADMET-0005024,5.02,train,5to6,3,0.00035905266244111314,0.011403858231160035,0.3728263839903233,0.5585878140674034,0.0568228910486721,5to6
1066,1067,OADMET-0005023,5.23,train,5to6,0,0.0002913642370163314,0.015086269867643803,0.5524740193550426,0.41213580775279574,0.02001253878750158,4to5
1067,1068,OADMET-0005022,4.74,train,4to5,1,0.002621274876626268,0.03558193105759645,0.5444036658806299,0.3483373482206679,0.06905577996447938,4to5
1068,1069,OADMET-0005021,5.0,train,4to5,1,0.0001367887437277715,0.003663212484637214,0.2396517070504212,0.5992432764090414,0.15730501531217236,5to6
1069,1070,OADMET-0005020,5.24,train,5to6,0,0.027484873636539637,0.12039739710852147,0.34932870700981244,0.3342194966476692,0.16856952559745728,4to5
1070,1071,OADMET-0005019,5.38,train,5to6,3,0.0006174001992999467,0.011495051687450911,0.2278145246004152,0.6053206700174972,0.15475235349533664,5to6
1071,1072,OADMET-0005018,4.7,train,4to5,0,0.0028404407620226547,0.09182676055051064,0.757792064221132,0.14060123808827302,0.0069394963780617215,4to5
1072,1073,OADMET-0005017,5.14,train,5to6,0,0.000641464362532261,0.011064634492232248,0.20956571085448647,0.5723081741216879,0.20642001616906117,5to6
1073,1074,OADMET-0005016,5.13,train,5to6,1,0.0053228861577954804,0.04973461844529777,0.5689882032075131,0.31137472347629996,0.06457956871309378,4to5
1074,1075,OADMET-0005015,4.8,train,4to5,4,0.007540328342545987,0.09249963680168476,0.6570100900015867,0.21874427686312634,0.024205667991056164,4to5
1075,1076,OADMET-0005014,4.66,train,4to5,2,0.0028188239165800747,0.03904970212765018,0.539309659743194,0.38591153927254396,0.03291027494003173,4to5
1076,1077,OADMET-0005013,4.7,train,4to5,2,0.01929665492819032,0.22713109258593006,0.6284490659864863,0.11381388903894565,0.01130929746044769,4to5
1077,1078,OADMET-0005012,5.33,train,5to6,2,0.0017482519008942103,0.03328623507180041,0.5703004996816687,0.366778808028893,0.027886205316743677,4to5
1078,1079,OADMET-0005011,4.51,train,4to5,0,0.0006253274098374184,0.020748058523601225,0.49977776864922546,0.4334447721514635,0.045404073265872404,4to5
1079,1080,OADMET-0005010,4.61,train,4to5,4,0.18746840683206886,0.6984907287856505,0.10651165093208609,0.004191653742482296,0.0033375597077122186,3to4
1080,1081,OADMET-0005009,5.09,train,5to6,1,0.004266909952941205,0.03625787910483888,0.5388314938627243,0.33627325896474747,0.08437045811474805,4to5
1081,1082,OADMET-0005008,4.57,train,4to5,1,0.022476133733280976,0.20195225393258295,0.6295267634695473,0.12996230390105415,0.016082544963534607,4to5
1082,1083,OADMET-0005007,4.82,train,4to5,3,0.034575323346339504,0.14585887896742705,0.4854700998618048,0.21604707112750546,0.11804862669692323,4to5
1083,1084,OADMET-0005006,5.05,train,5to6,4,0.00012526019093145557,0.0012110720540027037,0.053761123216011286,0.42119665841173787,0.5237058861273167,gte6
1084,1085,OADMET-0005005,5.0,train,4to5,3,0.0007290588374984086,0.016026124941204214,0.45547060835344777,0.4910544037649526,0.03671980410289704,5to6
1085,1086,OADMET-0005004,4.35,train,4to5,2,0.010519995363913473,0.1159776152260393,0.7116698629331495,0.14846557392595855,0.01336695255093924,4to5
1086,1087,OADMET-0005003,4.81,train,4to5,3,0.0013738098275515261,0.02764820997608705,0.5860786120314236,0.36296080286707816,0.021938565297859564,4to5
1087,1088,OADMET-0005002,4.87,train,4to5,2,0.002674260632417125,0.06490772938390177,0.7447996707826865,0.18275682560072531,0.004861513600269282,4to5
1088,1089,OADMET-0005001,4.63,train,4to5,4,0.00015336738259136967,0.0044156374651786465,0.3001392861486869,0.5862220085464853,0.10906970045705781,5to6
1089,1090,OADMET-0005000,4.57,train,4to5,0,0.0006250598660320508,0.02875688599921892,0.7078282059476503,0.25249185524741247,0.01029799293968623,4to5
1090,1091,OADMET-0004999,4.99,train,4to5,1,0.004360251502267214,0.06218980040537346,0.6175826125010851,0.2699837319911489,0.045883603600125326,4to5
1091,1092,OADMET-0004998,5.08,train,5to6,2,0.0013443794425554547,0.018963682540004512,0.39200611131983215,0.4917192833047498,0.09596654339285814,5to6
1092,1093,OADMET-0004997,5.02,train,5to6,4,0.00019574867526360164,0.0038292234373644347,0.22468895434958525,0.6307537934114626,0.1405322801263241,5to6
1093,1094,OADMET-0004996,5.03,train,5to6,0,0.004937557310445787,0.0630215977813051,0.5967655544503095,0.2889107352735001,0.04636455518443946,4to5
1094,1095,OADMET-0004995,5.34,train,5to6,0,0.001359207618742603,0.021232384355353014,0.39345849996950544,0.49676118332327823,0.08718872473312074,5to6
1095,1096,OADMET-0004994,5.16,train,5to6,2,0.00027673067444045963,0.004847137970684699,0.16414492583810192,0.6313345148215548,0.19939669069521818,5to6
1096,1097,OADMET-0004993,4.65,train,4to5,0,0.0335687578872843,0.35506785209450625,0.5327749743542843,0.0689040113440688,0.009684404319856342,4to5
1097,1098,OADMET-0004992,4.78,train,4to5,0,0.0675106629540623,0.29075189775037996,0.4745628727697684,0.12328011267006145,0.0438944538557279,4to5
1098,1099,OADMET-0004991,5.41,train,5to6,1,0.0015428315659049038,0.01995193435258673,0.4811911371191306,0.42197797458905356,0.07533612237332422,4to5
1099,1100,OADMET-0004990,5.51,train,5to6,1,0.0006299928782383994,0.008560574799374119,0.20697245451160273,0.5195869916238559,0.26424998618692885,5to6
1100,1101,OADMET-0004989,5.56,train,5to6,1,0.00021547927079530415,0.0050498114616530886,0.2938690033689527,0.5599703471231426,0.1408953587754562,5to6
1101,1102,OADMET-0004988,4.87,train,4to5,1,0.1462024574804639,0.5287821800279624,0.2914195905946636,0.0249155699755249,0.008680201921385121,3to4
1102,1103,OADMET-0004987,5.23,train,5to6,0,0.0002270083676389323,0.011471453494395484,0.42277849637937764,0.5150555120929329,0.05046752966565506,5to6
1103,1104,OADMET-0004986,4.87,train,4to5,2,0.0028119495098424883,0.026138160773315572,0.30354419810007627,0.5350272736458045,0.13247841797096124,5to6
1104,1105,OADMET-0004985,4.78,train,4to5,4,0.0001768849893641528,0.010859130802716166,0.6320084883481578,0.3488329921613841,0.008122503698377814,4to5
1105,1106,OADMET-0004984,5.33,train,5to6,2,0.0005683057678537761,0.009717171761166125,0.2672872474412288,0.6033569418774496,0.11907033315230175,5to6
1106,1107,OADMET-0004983,4.65,train,4to5,4,0.00018800492894723318,0.004831379033072393,0.37910009477133527,0.5574843599172501,0.058396161349395036,5to6
1107,1108,OADMET-0004982,4.47,train,4to5,0,0.002896828733399572,0.052376727608824336,0.57977977546605,0.3019349142091582,0.0630117539825679,4to5
1108,1109,OADMET-0004981,5.53,train,5to6,4,4.7411852039631975e-05,0.001417279671393517,0.2647410560688885,0.6492883986206224,0.08450585378705602,5to6
1109,1110,OADMET-0004980,5.35,train,5to6,4,0.00028543727507089503,0.0052688867347484205,0.2075512577672345,0.6020150837095238,0.1848793345134224,5to6
1110,1111,OADMET-0004979,4.2,train,4to5,0,0.0006815091973943401,0.024259751370306563,0.6312643809551532,0.32739781938892853,0.01639653908821733,4to5
1111,1112,OADMET-0004978,5.05,train,5to6,4,0.01505516445050301,0.10079074365901429,0.6570271553418884,0.1876631911802072,0.03946374536838711,4to5
1112,1113,OADMET-0004977,5.33,train,5to6,0,0.00017087602786525105,0.004438988016879993,0.2600241650543662,0.6219264982302946,0.11343947267059405,5to6
1113,1114,OADMET-0004976,4.56,train,4to5,0,0.002387333027791564,0.055236615081909635,0.6073473860931325,0.3059816145323106,0.029047051264855666,4to5
1114,1115,OADMET-0004975,4.6,train,4to5,4,0.004825676188633662,0.047826251519191385,0.5341713872810572,0.35797466810957773,0.05520201690154009,4to5
1115,1116,OADMET-0004974,4.98,train,4to5,0,0.000979953203765169,0.03822758386589685,0.6777788935151471,0.27094241730711555,0.012071152108075345,4to5
1116,1117,OADMET-0004973,5.21,train,5to6,4,0.002320262115110874,0.03606831247106448,0.6188030778454315,0.3041783541498029,0.03862999341859023,4to5
1117,1118,OADMET-0004972,4.24,train,4to5,0,0.025810226618047678,0.259401666147743,0.6110088031465338,0.09147964269255753,0.012299661395117917,4to5
1118,1119,OADMET-0004971,4.6,train,4to5,4,0.0027823692595024306,0.035974971874669484,0.5860393035052452,0.31778260998892516,0.05742074537165773,4to5
1119,1120,OADMET-0004970,5.22,train,5to6,3,0.0038716007708906055,0.030942014780729273,0.34985258531795016,0.4896976857711288,0.12563611335930114,5to6
1120,1121,OADMET-0004969,4.97,train,4to5,4,0.00027703295053495915,0.00698294841074629,0.3688681307291538,0.5539465371845859,0.06992535072497906,5to6
1121,1122,OADMET-0004968,4.73,train,4to5,1,0.0008627258367133205,0.0217335615547454,0.5575510269609204,0.3811455671234153,0.038707118524205594,4to5
1122,1123,OADMET-0004967,4.8,train,4to5,1,0.001763152467384302,0.03128565345320638,0.5983612884749915,0.337519035617088,0.031070869987329865,4to5
1123,1124,OADMET-0004966,5.15,train,5to6,1,0.00015230960321142322,0.0034823742078567196,0.21838018787538005,0.5968347921607431,0.1811503361528087,5to6
1124,1125,OADMET-0004965,4.93,train,4to5,0,0.018270444932610184,0.1304248049051148,0.6002338182046109,0.18703757636590884,0.06403335559175531,4to5
1125,1126,OADMET-0004964,5.21,train,5to6,4,0.00028629517987872275,0.012144391710172987,0.5368879151812548,0.42537150504128335,0.02530989288741012,4to5
1126,1127,OADMET-0004963,4.78,train,4to5,4,0.003034006996793114,0.05604883954050395,0.681736162198018,0.2363878457168799,0.022793145547805052,4to5
1127,1128,OADMET-0004962,4.27,train,4to5,1,0.00045245273679403306,0.007660740380437935,0.17662609373502988,0.5370761384138047,0.2781845747339334,5to6
1128,1129,OADMET-0004961,4.67,train,4to5,3,0.03469966992015087,0.29059781744663693,0.5991515931930144,0.06907756417522129,0.006473355264976578,4to5
1129,1130,OADMET-0004960,5.39,train,5to6,3,0.0027634445984065425,0.03599418683385695,0.46774150589251423,0.43945033726431276,0.05405052541090951,4to5
1130,1131,OADMET-0004959,4.68,train,4to5,3,0.002228171902678374,0.03375044271754825,0.46970519713417663,0.4412403151986381,0.05307587304695864,4to5
1131,1132,OADMET-0004958,4.97,train,4to5,0,0.0012271896853175617,0.02430173598133054,0.4719848094459629,0.4391316825185002,0.06335458236888879,4to5
1132,1133,OADMET-0004957,4.95,train,4to5,1,0.02494372423236688,0.21026025596881193,0.567069964017964,0.14945115497801945,0.04827490080283781,4to5
1133,1134,OADMET-0004956,5.42,train,5to6,4,0.0009211825226118776,0.011445008386833775,0.3031024679474605,0.5519161901689831,0.13261515097411078,5to6
1134,1135,OADMET-0004955,4.57,train,4to5,3,0.009685461265065353,0.13934294671799322,0.719059933438004,0.12266878600912115,0.009242872569816223,4to5
1135,1136,OADMET-0004954,5.03,train,5to6,0,0.0003377095260209674,0.0116693293258045,0.5159664731628764,0.43938979349201124,0.03263669449328697,4to5
1136,1137,OADMET-0004953,4.6,train,4to5,4,0.011224955676707846,0.21118800750436223,0.6735364449727307,0.09485708436263758,0.009193507483561606,4to5
1137,1138,OADMET-0004952,5.03,train,5to6,3,0.00022658449149232316,0.006075851498998847,0.22724262920310173,0.6393991582214533,0.12705577658495376,5to6
1138,1139,OADMET-0004951,4.56,train,4to5,0,0.003760888610571216,0.09136318181409733,0.6321177320710964,0.2248858751874775,0.04787232231675753,4to5
1139,1140,OADMET-0004950,5.33,train,5to6,3,0.003803361501113481,0.04006443364254662,0.4691726055416545,0.42191816450745706,0.06504143480722831,4to5
1140,1141,OADMET-0004949,4.9,train,4to5,4,0.003808358099702749,0.05143722358797957,0.6225486799558804,0.27776958671837937,0.04443615163805794,4to5
1141,1142,OADMET-0004948,4.54,train,4to5,3,0.0003861345518178157,0.01449409518915692,0.5382414531300781,0.4312717673542613,0.015606549774685804,4to5
1142,1143,OADMET-0004947,4.89,train,4to5,2,0.0007546370186528102,0.011065331511180268,0.2925315856414649,0.5983572127082125,0.09729123312048951,5to6
1143,1144,OADMET-0004946,4.56,train,4to5,0,0.0035590092217411273,0.07678903746589605,0.6803113913207044,0.22068295191064877,0.018657610081009707,4to5
1144,1145,OADMET-0004945,5.51,train,5to6,0,0.0017283124948352995,0.052551300343005515,0.7232381244346372,0.21041495012101563,0.01206731260650635,4to5
1145,1146,OADMET-0004944,4.37,train,4to5,4,0.03707661176243074,0.24589939873478187,0.5788493264252195,0.11019073631969721,0.02798392675787074,4to5
1146,1147,OADMET-0004943,5.2,train,5to6,4,0.02406060552235809,0.04981434048328755,0.13299321335594574,0.24233095393592394,0.5508008867024847,gte6
1147,1148,OADMET-0004942,5.06,train,5to6,4,0.012329631842224307,0.07028893054048854,0.5913118444703592,0.25729222887697495,0.06877736426995303,4to5
1148,1149,OADMET-0004941,5.24,train,5to6,1,0.001212248806700057,0.015640819383344162,0.39466345153998617,0.4760283510916676,0.11245512917830208,5to6
1149,1150,OADMET-0004940,5.67,train,5to6,2,0.001475620360779002,0.008032694998465106,0.08644775624601056,0.44792807897531134,0.456115849419434,gte6
1150,1151,OADMET-0004939,4.71,train,4to5,4,0.16777383603550444,0.44855146792221473,0.3365546329886102,0.03209504640562685,0.015025016648043753,3to4
1151,1152,OADMET-0004938,5.01,train,5to6,1,0.0024008269196458994,0.056845393600955585,0.7283123208483285,0.19799177546837515,0.014449683162694885,4to5
1152,1153,OADMET-0004937,4.9,train,4to5,1,0.0008771185604889941,0.024113603141192933,0.5843309809751996,0.3587601811380001,0.031918116185118264,4to5
1153,1154,OADMET-0004936,3.97,train,3to4,2,0.3239088928408258,0.5935152128821968,0.07025719381677215,0.004558970186420007,0.007759730273785216,3to4
1154,1155,OADMET-0004935,3.78,train,3to4,1,0.13205602174746894,0.5617772089640554,0.27361534802845056,0.020827732049179135,0.011723689210846013,3to4
1155,1156,OADMET-0004934,4.83,train,4to5,0,0.0007625880614359813,0.024157701331044203,0.5757545449448432,0.3725889973708693,0.02673616829180726,4to5
1156,1157,OADMET-0004933,5.33,train,5to6,3,0.013443687054274516,0.10903506015198844,0.6049247585751739,0.2332079556541919,0.039388538564371224,4to5
1157,1158,OADMET-0004932,5.49,train,5to6,1,0.00034143844016630434,0.005348500079931476,0.23788280253844807,0.5348631955213358,0.22156406342011842,5to6
1158,1159,OADMET-0004931,5.36,train,5to6,2,8.839306665134031e-05,0.002826815604932127,0.16476848144738204,0.662157214351185,0.1701590955298495,5to6
1159,1160,OADMET-0004930,4.1,train,4to5,2,0.012104580929807113,0.14659309168766302,0.7114047898142816,0.11923836739006091,0.010659170178187337,4to5
1160,1161,OADMET-0004929,4.81,train,4to5,2,0.05468673570431692,0.18927247610756223,0.520976954836656,0.16181531367657356,0.07324851967489139,4to5
1161,1162,OADMET-0004928,5.55,train,5to6,0,0.004488071451828283,0.016820009891800637,0.0715402145211038,0.2779988065995209,0.6291528975357463,gte6
1162,1163,OADMET-0004927,4.81,train,4to5,1,0.007335390895605087,0.06789323687553406,0.6356023550033569,0.24275407195091248,0.046414945274591446,4to5
1163,1164,OADMET-0004926,5.54,train,5to6,2,0.0003525269583656152,0.014201054416497086,0.49263143771695594,0.46513918261487697,0.02767579829330438,4to5
1164,1165,OADMET-0004925,5.2,train,5to6,0,0.0019902038946219476,0.029426387202419323,0.4308189866183706,0.4631230933998525,0.07464132888473558,5to6
1165,1166,OADMET-0004924,4.3,train,4to5,0,0.03921695690890753,0.43389459252367685,0.4826390014608851,0.039593088284138496,0.004656360822392028,4to5
1166,1167,OADMET-0004923,4.4,train,4to5,0,0.00847879138187587,0.12348044560167565,0.6585040633319537,0.18692214630330045,0.022614553381194377,4to5
1167,1168,OADMET-0004922,5.34,train,5to6,2,0.000788336188947753,0.015357501552888495,0.41794593991006923,0.5210650793747895,0.044843142973304995,5to6
1168,1169,OADMET-0004921,4.72,train,4to5,3,0.012293778111916832,0.14214502401562643,0.6922310522759348,0.13780948687868458,0.015520658717837326,4to5
1169,1170,OADMET-0004920,4.68,train,4to5,2,0.0011615987221363874,0.027243362863372447,0.487870725224139,0.43791055878141333,0.04581375440893886,4to5
1170,1171,OADMET-0004919,4.65,train,4to5,0,0.005153388855465014,0.12356694376416631,0.7448755703879442,0.12020445194647564,0.0061996450459488725,4to5
1171,1172,OADMET-0004918,4.53,train,4to5,0,0.002574116575921672,0.0668665574024381,0.7179437610676662,0.20094130369517443,0.01167426125879952,4to5
1172,1173,OADMET-0004917,4.65,train,4to5,3,0.0032608736372227794,0.04200487099854385,0.4701172584683244,0.41970004517449877,0.06491695172141015,4to5
1173,1174,OADMET-0004916,4.79,train,4to5,3,0.0007974400162401785,0.012572642577205553,0.25656790950397024,0.5718097336622979,0.15825227424028607,5to6
1174,1175,OADMET-0004915,5.19,train,5to6,0,0.0065390902992485895,0.0493487174162426,0.39762286740435054,0.44991190812708487,0.09657741675307334,5to6
1175,1176,OADMET-0004914,5.16,train,5to6,3,0.004352723736260068,0.07434769012863962,0.7221245802675236,0.19108231463558295,0.008092691231993774,4to5
1176,1177,OADMET-0004913,5.23,train,5to6,2,0.0019243612023444885,0.027387464186259907,0.448793526650182,0.46363684141013195,0.058257806551081606,5to6
1177,1178,OADMET-0004912,5.47,train,5to6,0,0.003053021552871472,0.04379491749671182,0.5202231694229159,0.36210154504935865,0.07082734647814211,4to5
1178,1179,OADMET-0004911,5.16,train,5to6,2,0.00023801039225987628,0.009337844677535779,0.43190615009932604,0.5292253096831274,0.029292685147750817,5to6
1179,1180,OADMET-0004910,5.09,train,5to6,2,0.00046208769896439105,0.012811759965824171,0.4465031466211566,0.5001874389497283,0.040035566764326576,5to6
1180,1181,OADMET-0004909,5.15,train,5to6,0,0.0008181924889794935,0.024381218353196326,0.610291835519853,0.34422176900019896,0.020286984637772277,4to5
1181,1182,OADMET-0004908,5.58,train,5to6,0,0.001016375405492011,0.029184159740810275,0.5854536465326571,0.36143226483348595,0.0229135534875547,4to5
1182,1183,OADMET-0004907,4.76,train,4to5,2,0.015446761119517833,0.17624556443784875,0.6965143453534673,0.10581957203924189,0.005973757049924231,4to5
1183,1184,OADMET-0004906,5.1,train,5to6,2,0.0002583778178878617,0.005662782259789479,0.24011314517636584,0.6286720791224895,0.12529361562346739,5to6
1184,1185,OADMET-0004905,5.08,train,5to6,4,0.00034042487252862827,0.007232539545668207,0.3366032710487988,0.5771321434282259,0.0786916211047785,5to6
1185,1186,OADMET-0004904,4.86,train,4to5,0,0.001007830322663708,0.01936886545513464,0.3577351086782148,0.5295135104524074,0.09237468509157946,5to6
1186,1187,OADMET-0004903,4.51,train,4to5,0,0.005610436897287461,0.06697448807409781,0.6208021380602418,0.2672880477942879,0.039324889174085095,4to5
1187,1188,OADMET-0004902,4.98,train,4to5,4,0.00028127130453599656,0.0028723358536047908,0.15972601595034847,0.5975404650264675,0.2395799118650432,5to6
1188,1189,OADMET-0004901,4.66,train,4to5,4,0.019292877591733534,0.09059121274109308,0.6326635946346455,0.20112382953546545,0.05632848549706239,4to5
1189,1190,OADMET-0004900,4.73,train,4to5,2,0.00016391830557938182,0.0034480768362235917,0.17689723069871024,0.6771783941073717,0.14231238005211508,5to6
1190,1191,OADMET-0004899,4.73,train,4to5,4,0.00033162507496217096,0.007504494736930108,0.32580935417401186,0.574568262155511,0.09178626385858482,5to6
1191,1192,OADMET-0004898,4.56,train,4to5,3,0.005519495741917573,0.057642634233296325,0.561265401936059,0.33029481353333223,0.04527765455539493,4to5
1192,1193,OADMET-0004897,5.12,train,5to6,3,0.0049697502296661335,0.06498903250983977,0.5450977863287287,0.34600384187245403,0.03893958905931135,4to5
1193,1194,OADMET-0004896,4.77,train,4to5,2,0.009315723397132922,0.07462718212670715,0.49076487791373596,0.3307866696695238,0.09450554689290017,4to5
1194,1195,OADMET-0004895,4.63,train,4to5,0,0.015323189932909664,0.14743526197540427,0.5866399374605719,0.21151625991882983,0.03908535071228435,4to5
1195,1196,OADMET-0004894,4.73,train,4to5,2,0.009901453853857526,0.19785326945008946,0.7104777178758309,0.07838838636899156,0.003379172451230569,4to5
1196,1197,OADMET-0004893,5.17,train,5to6,1,0.002297766999082721,0.011000479699583721,0.14360480177687482,0.4373832097903733,0.40571374173408536,5to6
1197,1198,OADMET-0004892,5.08,train,5to6,4,0.004210071245102508,0.06105389923741774,0.6698144789706616,0.23503190683954422,0.02988964370727391,4to5
1198,1199,OADMET-0004891,4.7,train,4to5,0,0.013462097726093053,0.28395174690919733,0.633078845446272,0.06406870203909558,0.00543860787934198,4to5
1199,1200,OADMET-0004890,4.66,train,4to5,0,0.004334378175310936,0.10636645847727594,0.7464761939095778,0.13563143089518623,0.007191538542649138,4to5
1200,1201,OADMET-0004889,4.38,train,4to5,4,0.013376375548180771,0.12319658593389274,0.6933256925643131,0.1546978639510639,0.01540348200254949,4to5
1201,1202,OADMET-0004888,4.59,train,4to5,4,0.0024358428610191914,0.05974197631116161,0.6810996809956721,0.24143303424370963,0.015289465588437504,4to5
1202,1203,OADMET-0004887,5.02,train,5to6,4,0.00434889798056053,0.08119699619831179,0.7223093145710149,0.1753327753851011,0.016812015865011652,4to5
1203,1204,OADMET-0004886,4.25,train,4to5,2,0.1954591546542208,0.3554132859039349,0.2762019983349444,0.07354230521241081,0.09938325589448906,3to4
1204,1205,OADMET-0004885,4.72,train,4to5,0,0.03608701305535242,0.515611572208193,0.4266492184982102,0.01999427171842079,0.0016579245198236438,3to4
1205,1206,OADMET-0004884,5.09,train,5to6,1,0.03051089090070511,0.10943471445653083,0.5085924523547222,0.2676190868499043,0.0838428554381376,4to5
1206,1207,OADMET-0004883,4.76,train,4to5,2,0.003514160643592473,0.06715681720502491,0.7022112159976099,0.21718420192867718,0.009933604225095465,4to5
1207,1208,OADMET-0004882,4.49,train,4to5,0,0.0012536447978193312,0.026405146480927386,0.4815266496725756,0.4346177906847517,0.05619676836392603,4to5
1208,1209,OADMET-0004881,4.42,train,4to5,0,0.0013001031098275359,0.027294664783825688,0.4621601864837708,0.4212615069823671,0.08798353864020887,4to5
1209,1210,OADMET-0004880,4.93,train,4to5,1,0.005041469071635319,0.08739373405310849,0.7423265845987357,0.15374753437578104,0.011490677900739422,4to5
1210,1211,OADMET-0004879,4.86,train,4to5,1,0.0006011772917728259,0.015544358054315695,0.4173567983678624,0.487365256627449,0.07913240965860012,5to6
1211,1212,OADMET-0004878,4.72,train,4to5,0,0.0003518941790914981,0.009258071835918848,0.28560820049005253,0.5949666464074671,0.10981518708747,5to6
1212,1213,OADMET-0004877,4.11,train,4to5,0,0.011830096998270059,0.08808774451862418,0.48740762199792476,0.29199421242627754,0.12068032405890343,4to5
1213,1214,OADMET-0004876,4.8,train,4to5,1,0.00021778599029921025,0.005822700562636936,0.3608060251969048,0.5472843754438017,0.08586911280635734,5to6
1214,1215,OADMET-0004875,4.65,train,4to5,2,0.021793560224086076,0.27471651578007533,0.6237390995274269,0.07474063051457903,0.005010193953832656,4to5
1215,1216,OADMET-0004874,4.89,train,4to5,2,0.008657405136791235,0.05883671332367377,0.4445359400575311,0.3803047828743145,0.10766515860768937,4to5
1216,1217,OADMET-0004873,5.01,train,5to6,2,0.0016399599940485317,0.03512022541595492,0.664740971141616,0.290830157691136,0.007668685757244541,4to5
1217,1218,OADMET-0004872,4.77,train,4to5,1,0.02423715465024052,0.12120135986499847,0.5624686782264654,0.21855636291284455,0.07353644434545106,4to5
1218,1219,OADMET-0004871,5.27,train,5to6,0,0.011007603134874965,0.06991574090068332,0.28118458075987646,0.3944714919350502,0.24342058326951507,5to6
1219,1220,OADMET-0004870,4.79,train,4to5,0,0.00013772881284045742,0.0038339574618212573,0.21780575696493476,0.6091871229328665,0.16903543382753708,5to6
1220,1221,OADMET-0004869,4.92,train,4to5,4,0.002843499806010519,0.048477257235235396,0.6512027208487706,0.2577440371642438,0.03973248494573967,4to5
1221,1222,OADMET-0004868,4.71,train,4to5,1,0.00031974945888491995,0.008088663036784937,0.3602741576901799,0.5540218227503059,0.0772956070638444,5to6
1222,1223,OADMET-0004867,4.05,train,4to5,2,0.011204429262992012,0.10251688479489905,0.5777781756387921,0.25214061798522,0.05635989231809693,4to5
1223,1224,OADMET-0004866,4.51,train,4to5,1,0.007420407345541307,0.06514558710573957,0.6534823544022352,0.23289991090987194,0.041051740236611914,4to5
1224,1225,OADMET-0004865,5.37,train,5to6,4,0.0006215728728472456,0.012449296707436034,0.3553118885265598,0.539462727196972,0.09215451469618496,5to6
1225,1226,OADMET-0004864,4.2,train,4to5,4,0.0005323704784980499,0.016712930414082682,0.574095197580581,0.3774644989284462,0.03119500259839208,4to5
1226,1227,OADMET-0004863,4.9,train,4to5,0,0.00257266886007053,0.05056541323096007,0.6509561306399925,0.27959822190543016,0.01630756536354676,4to5
1227,1228,OADMET-0004862,4.54,train,4to5,3,0.0008612775988252283,0.02724295758630677,0.6317701713286251,0.32910584244475266,0.01101975104149027,4to5
1228,1229,OADMET-0004861,5.52,train,5to6,2,0.0010131426344758042,0.012628204134846624,0.26471009736481665,0.5829845045727646,0.13866405129309628,5to6
1229,1230,OADMET-0004860,4.22,train,4to5,1,0.061115510221014406,0.43781163901164144,0.4619302112717768,0.032823722519143145,0.006318916976424203,4to5
1230,1231,OADMET-0004859,5.29,train,5to6,4,0.0003781299553482505,0.006007038680650846,0.26876776034587263,0.59397438107987,0.1308726899382582,5to6
1231,1232,OADMET-0004858,5.27,train,5to6,4,0.0006713130148000464,0.008342642174891517,0.2736568695748344,0.5714551099304804,0.14587406530499356,5to6
1232,1233,OADMET-0004857,4.97,train,4to5,1,0.0025718365640221745,0.05004408552750335,0.6812934238199077,0.24755354075776598,0.018537113330800797,4to5
1233,1234,OADMET-0004856,4.49,train,4to5,2,0.019096283010904044,0.28742053756819386,0.6267279310641223,0.062280754736019475,0.004474493620760351,4to5
1234,1235,OADMET-0004855,4.97,train,4to5,3,0.0031982443381309367,0.06680149505686102,0.7273632201609378,0.1954119778317374,0.007225062612332824,4to5
1235,1236,OADMET-0004854,4.05,train,4to5,4,0.040629305248180814,0.1397648762148982,0.4920332468452546,0.19184856259710015,0.13572400909456617,4to5
1236,1237,OADMET-0004853,4.37,train,4to5,3,0.004167459074737445,0.0786706973290426,0.7367199837739762,0.173671652111656,0.006770207710587793,4to5
1237,1238,OADMET-0004852,5.61,train,5to6,2,0.022025386441872134,0.1862110237299516,0.6342146620568598,0.14213416636506795,0.015414761406248464,4to5
1238,1239,OADMET-0004851,4.86,train,4to5,4,0.010224971150815962,0.10159592491307363,0.7284844633045009,0.1444997661341876,0.015194874497421892,4to5
1239,1240,OADMET-0004850,5.0,train,4to5,1,0.00017724611435315335,0.005702166926616837,0.2904375846831297,0.5701794136809574,0.1335035885949429,5to6
1240,1241,OADMET-0004849,4.3,train,4to5,2,0.0219346846965129,0.3148586530104289,0.5975175678601324,0.059176634588979565,0.006512459843946166,4to5
1241,1242,OADMET-0004848,4.81,train,4to5,2,0.00011031737842485365,0.0025516829987206995,0.1328276995391044,0.6440077441246165,0.2205025559591336,5to6
1242,1243,OADMET-0004847,4.48,train,4to5,0,0.001836125897790822,0.04884638440552529,0.6953003126459769,0.23868911496987172,0.015328062080835286,4to5
1243,1244,OADMET-0004846,4.95,train,4to5,0,2.2271913260680168e-05,0.0005492336260506481,0.09110769481752141,0.6737397203874645,0.23458107925570268,5to6
1244,1245,OADMET-0004845,5.4,train,5to6,2,0.0056261801830205125,0.03894988801819325,0.3359424158188402,0.47198927182709205,0.147492244152854,5to6
1245,1246,OADMET-0004844,5.37,train,5to6,0,4.697908823094542e-05,0.0022312997208915027,0.2371237359341247,0.6594269501913207,0.1011710350654322,5to6
1246,1247,OADMET-0004843,5.24,train,5to6,4,0.0010463736553739632,0.013110326980037005,0.30392701307660575,0.5060982849689056,0.1758180013190776,5to6
1247,1248,OADMET-0004842,5.11,train,5to6,2,0.0026046420019126396,0.025510013178336906,0.4119664439927089,0.48463618339144365,0.07528271743559792,5to6
1248,1249,OADMET-0004841,5.41,train,5to6,0,0.0005897371900651381,0.014316199034051338,0.2575808111083237,0.5536833880361546,0.17382986463140526,5to6
1249,1250,OADMET-0004840,4.95,train,4to5,0,0.04190227373725819,0.2310188255048587,0.5238485912835278,0.15945292949880313,0.043777379975552186,4to5
1250,1251,OADMET-0004839,5.06,train,5to6,2,0.0005672017597844886,0.01617070293113602,0.419556499992811,0.5117483156910689,0.05195727962519955,5to6
1251,1252,OADMET-0004838,5.09,train,5to6,2,0.001951981019877706,0.0364679343361333,0.6348848072383739,0.3028654923140106,0.023829785091604414,4to5
1252,1253,OADMET-0004837,5.37,train,5to6,2,0.0001378528518647018,0.004696800297492272,0.27938988352716043,0.6355034010094855,0.08027206231399711,5to6
1253,1254,OADMET-0004836,4.11,train,4to5,0,0.004183210031150808,0.06681238217503234,0.6350362398457694,0.26013729375998057,0.03383087418806686,4to5
1254,1255,OADMET-0004835,5.28,train,5to6,0,0.0003923595639615937,0.014608206188307523,0.47066709273199747,0.4708626853733042,0.0434696561424292,5to6
1255,1256,OADMET-0004834,4.64,train,4to5,0,0.006777528706695218,0.07382430410295275,0.6224078138964854,0.27055932345491496,0.02643102983895173,4to5
1256,1257,OADMET-0004833,5.21,train,5to6,3,0.0003031167051478195,0.005660909521849574,0.18507460688028907,0.6098419838798818,0.19911938301283177,5to6
1257,1258,OADMET-0004832,4.81,train,4to5,0,0.006704175419711638,0.05952623522553642,0.3402285596462764,0.43676218654862997,0.15677884315984555,5to6
1258,1259,OADMET-0004831,4.42,train,4to5,3,0.0027179929223177363,0.053209457067045794,0.5851659535694588,0.3274387022920279,0.03146789414914983,4to5
1259,1260,OADMET-0004830,4.67,train,4to5,2,0.000790025276197395,0.026657551223531976,0.6436671687662969,0.31970927501597046,0.009175979718003208,4to5
1260,1261,OADMET-0004829,4.49,train,4to5,3,0.09758018520511341,0.518917729725731,0.351420485388106,0.024702129425441297,0.007379470255608293,3to4
1261,1262,OADMET-0004828,4.46,train,4to5,0,0.006731263956046581,0.09302449403982807,0.6466963414636208,0.22342318722994564,0.03012471331055893,4to5
1262,1263,OADMET-0004827,4.97,train,4to5,0,0.00019158844086525353,0.0058512945808743685,0.28328500897793507,0.6080814325148687,0.10259067548545663,5to6
1263,1264,OADMET-0004826,5.03,train,5to6,2,0.003496545583491467,0.10185347450034006,0.7606856787545342,0.13096220730355845,0.0030020938580758226,4to5
1264,1265,OADMET-0004825,5.3,train,5to6,1,6.715058301648561e-05,0.002431625927731691,0.16140515848413667,0.5728943853857515,0.26320167961936364,5to6
1265,1266,OADMET-0004824,4.13,train,4to5,1,0.0008738905752572199,0.015395890679391422,0.5103263774777226,0.4221290581641459,0.05127478310348283,4to5
1266,1267,OADMET-0004823,4.24,train,4to5,1,5.029515662644199e-05,0.0025083705080623064,0.2215800793742861,0.6062890459131395,0.16957220904788564,5to6
1267,1268,OADMET-0004822,3.92,train,3to4,4,0.1692351667352921,0.43282841829902646,0.30606436159341854,0.034316069738640084,0.05755598363362283,3to4
1268,1269,OADMET-0004821,4.73,train,4to5,3,8.79734318191653e-05,0.0022779624736282587,0.12425325479549715,0.6378300402336046,0.23555076906545086,5to6
1269,1270,OADMET-0004820,4.93,train,4to5,0,0.0019151647423590532,0.03440507846656892,0.6066003989837101,0.33500343295975665,0.022075924847605302,4to5
1270,1271,OADMET-0004819,4.63,train,4to5,4,0.3087781252114357,0.6267403134405191,0.05900131138258827,0.0020776529613628267,0.003402597004094126,3to4
1271,1272,OADMET-0004818,4.88,train,4to5,2,0.002816262973689113,0.06551052084702026,0.7506525745465158,0.17542569874338027,0.005594942889394592,4to5
1272,1273,OADMET-0004817,4.78,train,4to5,1,0.00025379852100615045,0.006308221099047581,0.2949634119945905,0.57248352513581,0.12599104324954577,5to6
1273,1274,OADMET-0004816,4.64,train,4to5,4,0.00022152100219250147,0.0029233813913088005,0.16926264047595457,0.593477641298391,0.23411481583215318,5to6
1274,1275,OADMET-0004815,4.8,train,4to5,3,0.0025483472486353713,0.047289073863627074,0.5708892989326303,0.33196744601028694,0.04730583394482034,4to5
1275,1276,OADMET-0004814,4.83,train,4to5,0,0.001270588261951857,0.01910941127634963,0.3374323864550818,0.5109181433853119,0.13126947062130476,5to6
1276,1277,OADMET-0004813,5.17,train,5to6,1,0.00012734294564648176,0.0024654759338362175,0.15904145689273427,0.5428325280063886,0.29553319622139446,5to6
1277,1278,OADMET-0004812,4.72,train,4to5,2,0.03761787467333374,0.3390536683297187,0.5634960164830823,0.05527045589971178,0.004561984614153464,4to5
1278,1279,OADMET-0004811,4.76,train,4to5,0,0.0007950207211123586,0.02590887246103131,0.6108596915278028,0.3386664983456335,0.023769916944420044,4to5
1279,1280,OADMET-0004810,4.49,train,4to5,2,0.03174737329396741,0.35181780109606997,0.5576353425077525,0.05447932466815388,0.004320158434056262,4to5
1280,1281,OADMET-0004809,4.53,train,4to5,4,0.005178235157499469,0.1673618306144119,0.7354974366428044,0.08799950291587444,0.003962994669409778,4to5
1281,1282,OADMET-0004808,4.51,train,4to5,4,0.0019833052956447755,0.030894774469242308,0.6194635311971561,0.3113435050680527,0.036314883969904066,4to5
1282,1283,OADMET-0004807,4.59,train,4to5,4,0.0028329858814914338,0.06439052369263176,0.7426094236443376,0.1769390958250063,0.013227970956532975,4to5
1283,1284,OADMET-0004806,4.11,train,4to5,0,0.05910569592750031,0.5181436951370347,0.384297625531154,0.031445148219433026,0.007007835184877983,3to4
1284,1285,OADMET-0004805,5.0,train,4to5,0,0.01373140013929867,0.13586861477229398,0.6062521598186338,0.20080108310733905,0.04334674216243451,4to5
1285,1286,OADMET-0004804,4.67,train,4to5,2,0.0009006225534458467,0.02306046285076657,0.6329607821347388,0.33196165411865813,0.011116478342390582,4to5
1286,1287,OADMET-0004803,5.2,train,5to6,4,0.0008787249306201324,0.0207484076272327,0.5342834364218011,0.40353990861964334,0.04054952240070268,4to5
1287,1288,OADMET-0004802,4.67,train,4to5,0,0.0032432007306359223,0.07610821962194732,0.7285448423671013,0.18458786867742183,0.007515868602893683,4to5
1288,1289,OADMET-0004801,4.99,train,4to5,2,0.0013104293402153035,0.021146543908974122,0.42638385699907994,0.4718604994826485,0.07929867026908208,5to6
1289,1290,OADMET-0004800,4.44,train,4to5,2,0.00030986556624915183,0.0130051278683954,0.4576153961048155,0.49722175788840234,0.031847852572137667,5to6
1290,1291,OADMET-0004799,5.38,train,5to6,2,0.00027317368231903464,0.011898484402388379,0.624199884107147,0.3545433974654959,0.009085060342649696,4to5
1291,1292,OADMET-0004798,4.63,train,4to5,3,0.0006325016186114325,0.017414355756977303,0.46499684737207536,0.48040479715229617,0.03655149810003974,5to6
1292,1293,OADMET-0004797,5.19,train,5to6,1,1.6226190442987142e-05,0.0003877369833344731,0.04303332938112789,0.5104457468952187,0.446116960549876,5to6
1293,1294,OADMET-0004796,4.72,train,4to5,3,0.15637348917324176,0.29701263479794304,0.2059466387371243,0.09513992852420147,0.24552730876748943,3to4
1294,1295,OADMET-0004795,4.66,train,4to5,2,0.11609254647687957,0.4104435099984313,0.3833690838884292,0.05291743144857774,0.03717742818768217,3to4
1295,1296,OADMET-0004794,4.58,train,4to5,2,0.0016215670705381356,0.034114719890800796,0.6435394454625711,0.30714268427276803,0.013581583303321891,4to5
1296,1297,OADMET-0004793,4.66,train,4to5,0,0.0001038395216282175,0.005903372150532944,0.38855743902667716,0.5661034060039299,0.03933194329723169,5to6
1297,1298,OADMET-0004792,4.04,train,4to5,1,0.058880276100631415,0.36751165438426053,0.49283712367956156,0.06221917551429308,0.018551770321253384,4to5
1298,1299,OADMET-0004791,4.79,train,4to5,0,0.000309588274374678,0.006771593718967775,0.26870179906676417,0.6135914407989891,0.1106255781409043,5to6
1299,1300,OADMET-0004790,5.31,train,5to6,2,0.0009047235020819725,0.018873785193155045,0.4774536319424113,0.46812404447309025,0.034643814889261465,4to5
1300,1301,OADMET-0004789,5.06,train,5to6,2,0.00013161194314640845,0.0025975058865173773,0.18865145461780647,0.6726702351470256,0.1359491924055041,5to6
1301,1302,OADMET-0004788,5.12,train,5to6,1,0.00035044213899130454,0.010317356504649636,0.38169119424093373,0.49256498475933713,0.1150760223560882,5to6
1302,1303,OADMET-0004787,4.75,train,4to5,3,0.0025305649118746213,0.074898515430645,0.7699374228486445,0.14960690695371853,0.003026589855117271,4to5
1303,1304,OADMET-0004786,5.01,train,5to6,4,0.0001932841663024381,0.006103970929776729,0.3555621710816713,0.5498363098223954,0.08830426399985415,5to6
1304,1305,OADMET-0004785,4.37,train,4to5,4,0.0001744675324235494,0.004811991285394167,0.34100385179405196,0.5717197435163259,0.08228994587180444,5to6
1305,1306,OADMET-0004784,4.73,train,4to5,1,0.009690186550292365,0.11853805846747338,0.6572391758061484,0.19299767499776604,0.02153490417831973,4to5
1306,1307,OADMET-0004783,4.91,train,4to5,4,0.00023352802881009354,0.005834064425674853,0.33939358471526015,0.5785138586484044,0.07602496418185051,5to6
1307,1308,OADMET-0004782,4.22,train,4to5,4,0.0016389822768787623,0.04087217023172903,0.6581311614306707,0.2743151399377497,0.02504254612297169,4to5
1308,1309,OADMET-0004781,4.7,train,4to5,0,0.0015457839574792521,0.021432470672490406,0.34499931564379493,0.4779212506536291,0.1541011790726063,5to6
1309,1310,OADMET-0004780,5.58,train,5to6,0,0.02610865913769179,0.27282590011703445,0.6177732346128519,0.07568605256141213,0.007606153571009662,4to5
1310,1311,OADMET-0004779,4.93,train,4to5,0,0.0002000184390874853,0.0042370959707633635,0.1870208744802981,0.634867928354922,0.17367408275492907,5to6
1311,1312,OADMET-0004778,4.74,train,4to5,0,0.00011857551892014142,0.004451358287413745,0.2697396316083165,0.6343515603991497,0.0913388741861998,5to6
1312,1313,OADMET-0004777,4.93,train,4to5,1,0.00018390141473868343,0.004707245711977579,0.17087175079040845,0.5516094125352858,0.2726276895475895,5to6
1313,1314,OADMET-0004776,4.98,train,4to5,0,0.000828152756167481,0.022945912829443676,0.3559862128885226,0.5117512587183012,0.10848846280756509,5to6
1314,1315,OADMET-0004775,5.16,train,5to6,4,0.12214070649549891,0.2600030322373139,0.44222230048643274,0.07358696366538825,0.10204699711536613,4to5
1315,1316,OADMET-0004774,4.72,train,4to5,3,0.00030066946549275826,0.009804037560518982,0.38591916002503146,0.5668329093516152,0.03714322359734151,5to6
1316,1317,OADMET-0004773,4.76,train,4to5,2,0.03626520152888073,0.23181660257450676,0.610384816207133,0.1052798171967285,0.016253562492750933,4to5
1317,1318,OADMET-0004772,4.68,train,4to5,4,0.002316805260777382,0.03450199156355826,0.629552412960578,0.2899112650790846,0.043717525136001786,4to5
1318,1319,OADMET-0004771,4.63,train,4to5,0,0.02281457930803299,0.11281484365463257,0.5885453820228577,0.2412387728691101,0.03458642214536667,4to5
1319,1320,OADMET-0004770,4.15,train,4to5,2,0.02075158056462659,0.11198057702360996,0.46747376228456505,0.3307524021587005,0.0690416779684979,4to5
1320,1321,OADMET-0004769,4.76,train,4to5,0,0.017807170499947334,0.2217378436344977,0.6373997241621876,0.10933207567782967,0.013723186025537746,4to5
1321,1322,OADMET-0004768,4.58,train,4to5,4,0.0006286482389415864,0.01545056537155803,0.5389507763321478,0.4081925265715255,0.03677748348582713,4to5
1322,1323,OADMET-0004767,5.32,train,5to6,1,0.0007155029669390669,0.016495576628611622,0.3779249901940883,0.5040599260604487,0.10080400414991228,5to6
1323,1324,OADMET-0004766,3.97,train,3to4,1,0.0020118639795054386,0.05696877834528276,0.7148004766950382,0.21043866862988161,0.015780212350292033,4to5
1324,1325,OADMET-0004765,4.85,train,4to5,3,0.010487640882128602,0.1041356087256295,0.5436192468780962,0.2843170330185965,0.05744047049554919,4to5
1325,1326,OADMET-0004764,4.95,train,4to5,0,0.005584748128965609,0.07759135499052078,0.614522360889771,0.27638058207150806,0.02592095391923464,4to5
1326,1327,OADMET-0004763,4.91,train,4to5,3,0.0018845183569166557,0.035657870244315326,0.609367646921135,0.3281701984326261,0.024919766045006876,4to5
1327,1328,OADMET-0004762,4.8,train,4to5,3,0.0013372701523375425,0.02237445143392745,0.4557955320759829,0.44999948694020814,0.070493259397544,4to5
1328,1329,OADMET-0004761,4.61,train,4to5,1,0.0012732911428078254,0.028194951810857034,0.5925892988841843,0.3470205250263783,0.030921933135772503,4to5
1329,1330,OADMET-0004760,5.27,train,5to6,0,0.0007827485287545501,0.019788846856188428,0.4456579197856288,0.458795558674921,0.07497492615450721,5to6
1330,1331,OADMET-0004759,4.96,train,4to5,1,0.0002907282742857584,0.010074954847100507,0.5094327045328529,0.43439794134518483,0.04580367100057591,4to5
1331,1332,OADMET-0004758,4.96,train,4to5,2,0.0008288953789383878,0.013392559419502953,0.29160598283655015,0.5755573582817611,0.11861520408324744,5to6
1332,1333,OADMET-0004757,4.55,train,4to5,4,0.0001084522404129403,0.002493321733701217,0.22653701055794745,0.6520717329520301,0.11878948251590829,5to6
1333,1334,OADMET-0004756,4.5,train,4to5,4,0.00013621738098208009,0.003667862443577311,0.28036606741407694,0.6125423406048079,0.10328751215655575,5to6
1334,1335,OADMET-0004755,5.18,train,5to6,4,3.975250619592596e-05,0.00029169176483529217,0.031034096220347255,0.37925111202476575,0.5893833474838558,gte6
1335,1336,OADMET-0004754,4.82,train,4to5,2,0.021808227812743136,0.20518232891184232,0.6612282514151284,0.10465925921584239,0.007121932644443792,4to5
1336,1337,OADMET-0004753,5.06,train,5to6,3,0.0009382011521875088,0.021455923179021737,0.4869522471345146,0.43909526042520197,0.05155836810907411,4to5
1337,1338,OADMET-0004752,4.45,train,4to5,1,0.008541080272788222,0.0944763805979797,0.6794069491627536,0.19420862433008115,0.023366965636397296,4to5
1338,1339,OADMET-0004751,4.99,train,4to5,4,0.06576906218121643,0.29292205303447755,0.5192859826902224,0.09005050461795745,0.03197239747612623,4to5
1339,1340,OADMET-0004750,3.92,train,3to4,0,0.02850634039261765,0.45202222361224187,0.485643415512416,0.03064847357885802,0.003179546903866467,4to5
1340,1341,OADMET-0004749,4.26,train,4to5,0,0.005293780282560453,0.12442526125145575,0.7151081935000223,0.14369042967135465,0.011482335294606887,4to5
1341,1342,OADMET-0004748,5.11,train,5to6,0,0.0006932261950333179,0.010138363020342385,0.2850048385418156,0.565633385095401,0.13853018714740775,5to6
1342,1343,OADMET-0004747,4.69,train,4to5,4,0.0026469743401828496,0.04765721085398393,0.6935610298036174,0.23570777357966227,0.020427011422553484,4to5
1343,1344,OADMET-0004746,5.04,train,5to6,1,0.006687652170189049,0.048565151947025535,0.5488809224468263,0.33642645918369757,0.0594398142522615,4to5
1344,1345,OADMET-0004745,4.35,train,4to5,2,0.0029136420542068865,0.07208822860618734,0.7473776540598902,0.1688754454768906,0.008745029802824936,4to5
1345,1346,OADMET-0004744,4.4,train,4to5,3,0.0016449103911143042,0.031300253433716604,0.540140318152471,0.39254554187626883,0.03436897614642929,4to5
1346,1347,OADMET-0004743,4.97,train,4to5,2,0.0035283993683168707,0.08817718861500834,0.7850155775550596,0.12006710385856845,0.0032117306030467344,4to5
1347,1348,OADMET-0004742,4.98,train,4to5,1,0.0031849393327498766,0.038053006695713515,0.5920297025969612,0.3177431885446222,0.04898916282995325,4to5
1348,1349,OADMET-0004741,4.94,train,4to5,1,0.001050374003522507,0.015298168153551173,0.37975436395999834,0.4685208194863226,0.1353762743966054,5to6
1349,1350,OADMET-0004740,4.81,train,4to5,1,0.01906825720836057,0.1277137055498354,0.6233792680423593,0.18978049679504813,0.04005827240439658,4to5
1350,1351,OADMET-0004739,4.77,train,4to5,0,0.003510500925244394,0.10055046306171128,0.7423900201620879,0.1460141209253712,0.007534894925585245,4to5
1351,1352,OADMET-0004738,4.31,train,4to5,3,0.0988882645798961,0.42188239726248977,0.4074988723918628,0.05473975546270245,0.016990710303048943,3to4
1352,1353,OADMET-0004737,4.78,train,4to5,1,0.014351273249581466,0.12113026032677454,0.639131916743612,0.18884908049803206,0.03653746918199986,4to5
1353,1354,OADMET-0004736,4.33,train,4to5,1,0.033831200737553815,0.1586996281437659,0.5830252636292891,0.1652499549407522,0.059193952548639045,4to5
1354,1355,OADMET-0004735,4.25,train,4to5,1,0.0026258945202269433,0.038330316513020324,0.4743162552749109,0.4082877135442368,0.07643982014760504,4to5
1355,1356,OADMET-0004734,4.61,train,4to5,2,0.00061724288590285,0.013485294810681168,0.42181003231213904,0.5245940702372037,0.03949335975407321,5to6
1356,1357,OADMET-0004733,4.23,train,4to5,3,0.005960696956323727,0.08739287573057596,0.6819948088199772,0.20673600233913217,0.01791561615399097,4to5
1357,1358,OADMET-0004732,4.95,train,4to5,2,0.0018572128522040174,0.0341330206255133,0.5850903363911547,0.35974293775513533,0.01917649237599268,4to5
1358,1359,OADMET-0004731,5.25,train,5to6,0,0.014445027094324596,0.1654812963878146,0.6632987745670808,0.14161909879265,0.01515580315813007,4to5
1359,1360,OADMET-0004730,5.33,train,5to6,0,0.00023107357106585328,0.00359969397402229,0.061459451492593485,0.4138200254687511,0.5208897554935673,gte6
1360,1361,OADMET-0004729,3.95,train,3to4,1,0.0006583693622421489,0.012513628627640652,0.457061122254891,0.47241015209558934,0.05735672765963684,5to6
1361,1362,OADMET-0004728,4.34,train,4to5,0,0.19278484654718953,0.5089375991707206,0.24642780514965879,0.02954094309188777,0.02230880604054334,3to4
1362,1363,OADMET-0004727,5.01,train,5to6,0,0.00030759691365099355,0.007924616693617485,0.35720075785035654,0.5511569032864566,0.08341012525591836,5to6
1363,1364,OADMET-0004726,4.89,train,4to5,0,0.0017281085789774915,0.029262564408655437,0.6209234453620162,0.3249724433181576,0.023113438332193308,4to5
1364,1365,OADMET-0004725,4.38,train,4to5,3,0.002844316431134403,0.056635651974808826,0.6781639485170485,0.24883741244652155,0.0135186706304867,4to5
1365,1366,OADMET-0004724,4.43,train,4to5,2,0.0004190248919545451,0.010767147619989504,0.36224385233609147,0.5731748802105124,0.05339509494145204,5to6
1366,1367,OADMET-0004723,4.31,train,4to5,0,0.003781222214558938,0.045921146163997326,0.4921134038643249,0.3943794607117203,0.06380476704539856,4to5
1367,1368,OADMET-0004722,4.49,train,4to5,4,0.024615805504412183,0.15481613518738696,0.6513043021734644,0.13231086681667392,0.036952890318062565,4to5
1368,1369,OADMET-0004721,5.41,train,5to6,0,9.194054356311356e-05,0.00438116179857074,0.2810595130939421,0.6345073123278201,0.07996007223610391,5to6
1369,1370,OADMET-0004720,4.59,train,4to5,0,0.010651643209411225,0.20883933849715805,0.6916941884434825,0.08163750034805853,0.00717732950188971,4to5
1370,1371,OADMET-0004719,4.64,train,4to5,4,0.0013689958135178948,0.04584199365744185,0.7564973506206272,0.1851062695141633,0.011185390394249808,4to5
1371,1372,OADMET-0004718,4.38,train,4to5,1,0.00013958871376151078,0.004374187617121475,0.22498323030996736,0.5616009461383643,0.20890204722078531,5to6
1372,1373,OADMET-0004717,4.68,train,4to5,1,0.03382093492440862,0.37860241902556774,0.5433732324330313,0.039681252480161515,0.00452216113683087,4to5
1373,1374,OADMET-0004716,4.29,train,4to5,3,0.04105034098029137,0.25326845049858093,0.5952572822570801,0.09528674930334091,0.01513717696070671,4to5
1374,1375,OADMET-0004715,5.04,train,5to6,2,0.0003246835400248346,0.011618201087301093,0.5426321376501142,0.4261163873478171,0.01930859037474276,4to5
1375,1376,OADMET-0004714,4.41,train,4to5,1,0.005776223430696606,0.0846434117710333,0.7303201778162179,0.16387543732938445,0.015384749652667687,4to5
1376,1377,OADMET-0004713,3.82,train,3to4,2,0.008820909452241484,0.1372919294357251,0.7184822703734476,0.1304648585558143,0.004940032182771552,4to5
1377,1378,OADMET-0004712,4.39,train,4to5,1,0.0031703440992314593,0.06656758852557763,0.6946915587877315,0.21881969514982186,0.016750813437637572,4to5
1378,1379,OADMET-0004711,4.9,train,4to5,4,0.0003471821263700768,0.0073700896638031485,0.33054384667118,0.5739361061274779,0.08780277541116883,5to6
1379,1380,OADMET-0004710,4.56,train,4to5,3,0.01559780296616581,0.10402574022023181,0.5263063721362109,0.28494455401981894,0.06912553065757251,4to5
1380,1381,OADMET-0004709,4.48,train,4to5,3,0.04788771945405425,0.2873419480421849,0.5536705173005086,0.08578342816556352,0.025316387037688688,4to5
1381,1382,OADMET-0004708,4.97,train,4to5,1,0.00011423877275719879,0.002842321593905464,0.13410540244264682,0.5582254065808615,0.304712630609829,5to6
1382,1383,OADMET-0004707,4.93,train,4to5,4,0.001464258408988915,0.00850217041582093,0.11412636153451887,0.4019088732016449,0.47399833643902634,gte6
1383,1384,OADMET-0004706,4.44,train,4to5,1,0.0021108807540139106,0.03286426060862916,0.6209779932612124,0.2995586064951096,0.04448825888103494,4to5
1384,1385,OADMET-0004705,4.66,train,4to5,1,0.0011349218219873717,0.014818857755188444,0.4078704209894781,0.46149073082560443,0.11468506860774164,5to6
1385,1386,OADMET-0004704,4.75,train,4to5,0,0.0002577246183647404,0.011814537666331374,0.49075275636123705,0.460906000537643,0.03626898081642382,4to5
1386,1387,OADMET-0004703,4.79,train,4to5,0,0.00023104623403606648,0.010216761864398191,0.4929544709841138,0.47235671597705575,0.024241004940396178,4to5
1387,1388,OADMET-0004702,4.85,train,4to5,3,0.007162991313403068,0.10700008026324587,0.70009693783228,0.17221156564595017,0.01352842494512093,4to5
1388,1389,OADMET-0004701,4.89,train,4to5,2,0.0002296161171463452,0.01092133817196798,0.5592251214623072,0.41845084679997036,0.011173077448608128,4to5
1389,1390,OADMET-0004700,5.36,train,5to6,4,0.00027124524215681075,0.008124388365642677,0.43363530349171375,0.5202573288900589,0.03771173401042788,5to6
1390,1391,OADMET-0004699,5.04,train,5to6,3,0.0013979244873082303,0.040899619155379985,0.6906715580025944,0.2589879314676826,0.008042966887034722,4to5
1391,1392,OADMET-0004698,4.23,train,4to5,1,0.0037562773691815748,0.0653119214181256,0.704614555889482,0.20619552631435187,0.020121719008858955,4to5
1392,1393,OADMET-0004697,5.03,train,5to6,3,0.0035048275794294374,0.04069090961637822,0.5248422564024972,0.38865643305342906,0.042305573348266186,4to5
1393,1394,OADMET-0004696,4.21,train,4to5,0,0.03463044358653663,0.42076806286238144,0.5005912196831309,0.04069634797310682,0.0033139258948441425,4to5
1394,1395,OADMET-0004695,5.2,train,5to6,0,0.002577534163268666,0.06516444645144251,0.7292066770069844,0.19163182266270845,0.011419519715595992,4to5
1395,1396,OADMET-0004694,4.76,train,4to5,0,0.0006942899676884258,0.025758584870878103,0.6520116777786638,0.30632044992355933,0.015214997459210396,4to5
1396,1397,OADMET-0004693,4.66,train,4to5,2,0.0006000133756901344,0.012065251712509903,0.33531702550448816,0.5646342205081765,0.08738348889913537,5to6
1397,1398,OADMET-0004692,4.35,train,4to5,0,0.008191937483430651,0.2068900739421617,0.7126473103777942,0.06943028337765847,0.0028403948189550695,4to5
1398,1399,OADMET-0004691,4.13,train,4to5,2,0.040266251503902104,0.22059654890988006,0.5838937478753154,0.13255838275736775,0.022685068953534587,4to5
1399,1400,OADMET-0004690,4.79,train,4to5,0,0.015051789693920237,0.15164059513539518,0.6565520216267706,0.1578511160452002,0.018904477498713712,4to5
1400,1401,OADMET-0004689,4.22,train,4to5,2,0.04799014814175079,0.3145032300265327,0.5585250388487484,0.06975910975036932,0.009222473232598817,4to5
1401,1402,OADMET-0004688,4.48,train,4to5,2,0.0009795642443274333,0.028731609900160767,0.6372142869192757,0.3173155704446278,0.01575896849160826,4to5
1402,1403,OADMET-0004687,4.05,train,4to5,2,0.05543393890334802,0.20533768373718075,0.5436976430483689,0.15411884738239243,0.04141188692870989,4to5
1403,1404,OADMET-0004686,4.89,train,4to5,0,0.0002787305216246489,0.006883965660119687,0.22564696790160366,0.5905651921764599,0.17662514374019217,5to6
1404,1405,OADMET-0004685,4.63,train,4to5,3,0.004318128496787522,0.05310701026690509,0.613602958554882,0.3026314487705254,0.026340453910900005,4to5
1405,1406,OADMET-0004684,5.0,train,4to5,0,0.01690535184348554,0.05112201530031803,0.2287396554373333,0.42865721774633164,0.2745757596725315,5to6
1406,1407,OADMET-0004683,5.31,train,5to6,2,0.017199115090855123,0.13990352448489318,0.661739321015767,0.16257568497352162,0.018582354434963033,4to5
1407,1408,OADMET-0004682,4.88,train,4to5,4,5.0445903253617927e-05,0.001836637889688677,0.29970992260450097,0.6387465138461966,0.059656479756360084,5to6
1408,1409,OADMET-0004681,4.84,train,4to5,1,0.0005232717206853514,0.013056598181168748,0.4756524110874894,0.4635797290975269,0.04718798991312957,4to5
1409,1410,OADMET-0004680,5.15,train,5to6,2,0.0012333298589452765,0.0384575904284993,0.7272871012204322,0.2258258423306515,0.007196136161471715,4to5
1410,1411,OADMET-0004679,5.23,train,5to6,3,0.0018336064976930133,0.02772666120732828,0.42569175045421903,0.4726872110911666,0.072060770749593,5to6
1411,1412,OADMET-0004678,5.08,train,5to6,3,0.08818160701458526,0.5250911092148577,0.34855836467557416,0.02689585077159176,0.011273068323391172,3to4
1412,1413,OADMET-0004677,3.93,train,3to4,4,0.13317618668781878,0.38906256605405065,0.2416126918071795,0.053669584378469685,0.18247897107248137,3to4
1413,1414,OADMET-0004673,4.78,train,4to5,2,0.2135021958610106,0.5168532901601032,0.1506692494648565,0.031618674488325275,0.08735659002570442,3to4
1414,1415,OADMET-0004662,4.63,train,4to5,1,0.0003327313410017054,0.010821451266081738,0.4586948979672657,0.4736862407574166,0.05646467866823427,5to6
1415,1416,OADMET-0004653,4.72,train,4to5,4,0.02041745581114553,0.08857549017528803,0.5562087447997629,0.2066470666121247,0.12815124260167884,4to5
1416,1417,OADMET-0004642,4.65,train,4to5,2,0.0039538772557315745,0.10264955162275724,0.755650319518454,0.13482315445949922,0.0029230971435580534,4to5
1417,1418,OADMET-0004629,4.41,train,4to5,3,0.0007962798606499706,0.01918994658860889,0.5038566162041919,0.4510605548744073,0.025096602472141977,4to5
1418,1419,OADMET-0004628,4.15,train,4to5,1,0.01963474168633439,0.2354306357268142,0.6488748589410723,0.08630337300895591,0.009756390636823242,4to5
1419,1420,OADMET-0004625,4.72,train,4to5,2,0.0013666421684168258,0.030908189285770694,0.6269835742876114,0.32390337733732283,0.016838216920878293,4to5
1420,1421,OADMET-0004617,4.99,train,4to5,3,0.01678088055476827,0.2085721858218016,0.6872967808819703,0.08198137260673787,0.005368780134721877,4to5
1421,1422,OADMET-0004611,4.66,train,4to5,3,0.015616195130942435,0.13911239673278855,0.6439455687632266,0.17442291812577362,0.02690292124726883,4to5
1422,1423,OADMET-0004605,4.95,train,4to5,1,0.005585313134619534,0.08148555882572317,0.7026188143963493,0.1944108110731518,0.01589950257015614,4to5
1423,1424,OADMET-0004590,5.48,train,5to6,3,0.0026538266901448893,0.06019967339192966,0.6451305062364089,0.27277889473038847,0.019237098951128115,4to5
1424,1425,OADMET-0004588,4.85,train,4to5,3,0.04010264660426994,0.31930563544246005,0.5668162893086166,0.06621910156787297,0.007556327076780438,4to5
1425,1426,OADMET-0004581,4.76,train,4to5,1,0.008273929665756586,0.07790416769326358,0.6019609794751175,0.2654438415707589,0.0464170815951035,4to5
1426,1427,OADMET-0004579,4.65,train,4to5,1,0.24775960856855206,0.5128285250602027,0.2057870611117254,0.02084545030560009,0.012779354953919686,3to4
1427,1428,OADMET-0004577,4.8,train,4to5,2,0.07693746514013115,0.3140640188590284,0.49625935041324754,0.09277390481291924,0.019965260774673654,4to5
1428,1429,OADMET-0004575,4.36,train,4to5,0,0.01955777143926695,0.046242075094797504,0.10675086408524188,0.2856729514913038,0.5417763378893898,gte6
1429,1430,OADMET-0004570,5.04,train,5to6,2,0.0023665702956881616,0.03147853545723142,0.5092170846397455,0.4031395921556735,0.0537982174516614,4to5
1430,1431,OADMET-0004567,4.92,train,4to5,0,0.0017638163287116723,0.0300285627865599,0.3671678577476526,0.48163824942700373,0.11940151371007211,5to6
1431,1432,OADMET-0004566,4.71,train,4to5,2,0.009654255003217557,0.07825750396777191,0.5476996501537844,0.323520880767437,0.04086771010778909,4to5
1432,1433,OADMET-0004560,5.02,train,5to6,0,5.1957010556232935e-05,0.0029636873834508405,0.3065271528087227,0.6396349956759801,0.05082220712129007,5to6
1433,1434,OADMET-0004551,4.43,train,4to5,4,0.005940355338378417,0.0412572509003533,0.519059417698311,0.36698183280608865,0.06676114325686863,4to5
1434,1435,OADMET-0004547,4.12,train,4to5,4,0.12572422436290645,0.4742704261203047,0.3595600372618431,0.0284359488124259,0.012009363442519853,3to4
1435,1436,OADMET-0004514,5.26,train,5to6,2,0.0002682512164316877,0.007905666311279022,0.377003694832309,0.5665974994134297,0.04822488822655052,5to6
1436,1437,OADMET-0004510,4.78,train,4to5,2,0.0036469442670700463,0.06720534120363264,0.706145898718922,0.2159381558098689,0.007063660000506481,4to5
1437,1438,OADMET-0004498,5.18,train,5to6,4,7.661154132501964e-05,0.0012175780794538864,0.13443672738199883,0.6112142838196295,0.2530547991775928,5to6
1438,1439,OADMET-0004490,5.01,train,5to6,0,0.08611998434357394,0.3025672041929467,0.4834638084864528,0.09706617584428752,0.030782827132739013,4to5
1439,1440,OADMET-0004489,5.41,train,5to6,3,0.000184243122708108,0.0027594601236482384,0.07413791856155953,0.5000846379915743,0.4228337402005098,5to6
1440,1441,OADMET-0004478,5.41,train,5to6,0,0.0008249892718742487,0.012202188173738967,0.34032096904179365,0.5435539991481276,0.1030978543644655,5to6
1441,1442,OADMET-0004472,4.86,train,4to5,0,0.0010759847076607992,0.029064127713551775,0.6006059762304293,0.34651443571138457,0.02273947563697354,4to5
1442,1443,OADMET-0004458,5.18,train,5to6,4,0.011845791348338951,0.1510030282818713,0.6849834112409012,0.1435763046722691,0.00859146445661939,4to5
1443,1444,OADMET-0004452,4.89,train,4to5,4,0.0007034160791826133,0.008311738412973316,0.29390436951500487,0.5632982357639262,0.13378224022891302,5to6
1444,1445,OADMET-0004444,4.36,train,4to5,3,0.021467268187048142,0.20585973292399545,0.6537020717264814,0.1076909289623862,0.011279998200088763,4to5
1445,1446,OADMET-0004442,4.7,train,4to5,1,0.014613908375289562,0.09914723552886313,0.565297054003527,0.2585944473139372,0.062347354778383046,4to5
1446,1447,OADMET-0004440,4.97,train,4to5,0,0.00035540282761256,0.00893487607607618,0.20240478502714296,0.6024752940167103,0.18582964205245797,5to6
1447,1448,OADMET-0004439,4.2,train,4to5,4,0.008513718958093736,0.12104180784215572,0.6875269349522196,0.16366411665696276,0.019253421590568105,4to5
1448,1449,OADMET-0004428,4.61,train,4to5,1,0.0028186364281990272,0.05411477809460294,0.6597337925592784,0.25498594313943723,0.02834684977848233,4to5
1449,1450,OADMET-0004419,4.55,train,4to5,0,0.00018127242966149026,0.004664484603570475,0.1063088520437894,0.5115508647823146,0.37729452614066405,5to6
1450,1451,OADMET-0004418,5.2,train,5to6,2,0.0005066918529749154,0.004812246516368743,0.10795676399053028,0.5667028264830709,0.32002147115705515,5to6
1451,1452,OADMET-0004415,4.17,train,4to5,4,0.07573760961289396,0.3814750569148914,0.4573726304914136,0.07473637080114666,0.010678332179654403,4to5
1452,1453,OADMET-0004413,4.66,train,4to5,2,0.0015057328862855554,0.02030470252489861,0.3538860108744391,0.5461989817568883,0.07810457195748836,5to6
1453,1454,OADMET-0004402,4.66,train,4to5,4,0.000749130491328647,0.012628966838097415,0.4683824786293721,0.4680903562461987,0.05014906779500314,4to5
1454,1455,OADMET-0004396,4.57,train,4to5,4,0.01941223668592908,0.12123810003254396,0.5865034581190683,0.23246312617714404,0.04038307898531457,4to5
1455,1456,OADMET-0004394,4.1,train,4to5,1,0.09190504766470088,0.3291598444335076,0.44280707330296226,0.10334519129312734,0.03278284330570195,4to5
1456,1457,OADMET-0004388,4.24,train,4to5,4,0.25702715350919286,0.5697583055641963,0.1510918314751731,0.011631425665100722,0.010491283786336993,3to4
1457,1458,OADMET-0004379,4.78,train,4to5,0,0.0409767090910409,0.20843089340512105,0.4932331855135714,0.18340610774583713,0.07395310424442945,4to5
1458,1459,OADMET-0004372,4.82,train,4to5,4,0.00018106615891279345,0.006005253495636179,0.4216287628802407,0.5381023155908872,0.03408260187432313,5to6
1459,1460,OADMET-0004349,4.1,train,4to5,2,0.05879365017442479,0.24270081925239476,0.5375465510392241,0.13180752999450876,0.029151449539447597,4to5
1460,1461,OADMET-0004348,4.55,train,4to5,0,0.0038210895179588422,0.04881390784881862,0.5695000718518838,0.337497164760218,0.040367766021120764,4to5
1461,1462,OADMET-0004345,4.53,train,4to5,4,0.007387298270644749,0.0631622120245789,0.5033305641994588,0.3192256237937886,0.10689430171152899,4to5
1462,1463,OADMET-0004332,5.42,train,5to6,0,0.07269735268415115,0.13409680827466888,0.1520828684015578,0.17608384216269027,0.4650391284769319,gte6
1463,1464,OADMET-0004327,4.89,train,4to5,2,0.05907384262178955,0.1805524365562764,0.41510706830690003,0.20536310817775794,0.13990354433727603,4to5
1464,1465,OADMET-0004321,5.11,train,5to6,1,0.0005891867081903191,0.010640332956360533,0.38247434666503394,0.5061277532976309,0.1001683803727843,5to6
1465,1466,OADMET-0004315,4.04,train,4to5,4,0.0009901435017618287,0.020923554692699273,0.4908263039275294,0.4406479255977988,0.046612072280210665,4to5
1466,1467,OADMET-0004313,4.81,train,4to5,4,0.0013301440873996406,0.037877558696178565,0.6480573846580732,0.2879529521961584,0.024781960362190228,4to5
1467,1468,OADMET-0004305,5.19,train,5to6,4,0.044100262306817364,0.29755225833049465,0.5553704510542945,0.08487088249040932,0.018106145817984167,4to5
1468,1469,OADMET-0004301,4.27,train,4to5,4,0.012715321934190083,0.07568884431603566,0.5443403510096173,0.2998612735322274,0.06739420920792957,4to5
1469,1470,OADMET-0004297,5.04,train,5to6,1,0.01304242544526401,0.11045156917456755,0.6759070602974208,0.17729423543898234,0.023304709643765322,4to5
1470,1471,OADMET-0004296,4.71,train,4to5,4,0.015468457512037452,0.21912507427134453,0.6531200919824827,0.09570081407221835,0.01658556216191699,4to5
1471,1472,OADMET-0004294,5.48,train,5to6,4,0.0001222576503660892,0.0021605542244068437,0.19229210364170857,0.6535653881394641,0.15185969634405447,5to6
1472,1473,OADMET-0004285,4.66,train,4to5,1,0.0006223081401142039,0.013776072509805594,0.4836855575092668,0.4477217260633319,0.05419433577748152,4to5
1473,1474,OADMET-0004281,4.85,train,4to5,4,0.07369283095620083,0.6155476186194102,0.29525310818512457,0.01433819954331348,0.001168242695950884,3to4
1474,1475,OADMET-0004280,5.0,train,4to5,4,0.0071424112222733364,0.17081511362690938,0.705213203245852,0.11176984980986618,0.005059422095099068,4to5
1475,1476,OADMET-0004279,4.63,train,4to5,3,0.001256767179693521,0.01957184047942113,0.4049546747274685,0.4977280303050677,0.07648868730834922,5to6
1476,1477,OADMET-0004273,4.63,train,4to5,0,0.00012858946510919172,0.0027702354526971374,0.17595788350747746,0.6445895255487073,0.1765537660260089,5to6
1477,1478,OADMET-0004272,4.23,train,4to5,0,0.024136956466438816,0.19570024056378438,0.6192199507084868,0.14181081765764258,0.019132034603647437,4to5
1478,1479,OADMET-0004270,5.08,train,5to6,2,0.0009251355209072471,0.02917879675217003,0.6603357886070309,0.3009528858664828,0.008607393253409033,4to5
1479,1480,OADMET-0004267,4.3,train,4to5,0,0.008332950179459762,0.16978840767110337,0.7125973801025755,0.10361050959132392,0.005670752455537474,4to5
1480,1481,OADMET-0004263,4.98,train,4to5,4,0.14636340628293598,0.2760052958428465,0.3617940220103113,0.11525938574031452,0.10057789012359164,4to5
1481,1482,OADMET-0004261,5.0,train,4to5,3,0.026939891573815305,0.15433612211878087,0.5792678462500076,0.1986819366800101,0.04077420337738608,4to5
1482,1483,OADMET-0004259,4.21,train,4to5,0,0.018091080272227444,0.16036969034968693,0.5730982284056452,0.19700225710677105,0.051438743865669385,4to5
1483,1484,OADMET-0004256,5.3,train,5to6,0,0.021542889555968746,0.13610851485804903,0.5711430790227393,0.23011239891641513,0.04109311764682774,4to5
1484,1485,OADMET-0004247,4.41,train,4to5,2,0.004492087452850687,0.06382715933887215,0.6788711198381835,0.2403729049251818,0.01243672844491192,4to5
1485,1486,OADMET-0004239,4.91,train,4to5,3,0.0015115974902531963,0.02919714428810531,0.5465526996156007,0.39361830244450857,0.029120256161532278,4to5
1486,1487,OADMET-0004238,4.6,train,4to5,0,0.07461549174899999,0.2993558578337165,0.49292399377545726,0.10306244858214747,0.03004220805967879,4to5
1487,1488,OADMET-0004237,4.4,train,4to5,4,0.00068113091385897,0.0076445802097105005,0.22344397003216576,0.5829988120628989,0.18523150678136585,5to6
1488,1489,OADMET-0004225,3.99,train,3to4,3,0.008658837414138277,0.1158542319927744,0.6733230860656843,0.18395924328320715,0.018204601244195907,4to5
1489,1490,OADMET-0004220,4.36,train,4to5,4,0.0781831661002102,0.3482927356042509,0.44828045034199615,0.05484518367912483,0.07039846427441787,4to5
1490,1491,OADMET-0004216,4.24,train,4to5,3,0.011441793755219387,0.15651365473251713,0.716793567371632,0.11015959377677913,0.00509139036385233,4to5
1491,1492,OADMET-0004214,5.24,train,5to6,3,0.00035388442827504493,0.009177374931298835,0.2993602843295869,0.607216078540797,0.08389237777004231,5to6
1492,1493,OADMET-0004210,5.06,train,5to6,4,0.0005839334298469586,0.012473647404278516,0.3606093205193869,0.5346693959003143,0.09166370274617337,5to6
1493,1494,OADMET-0004207,4.22,train,4to5,4,0.0016624668099442257,0.05807583064465198,0.7557799966977119,0.17495812935186394,0.009523576495827909,4to5
1494,1495,OADMET-0004205,1.72,train,lt3,0,0.03648706503910986,0.32239156458766993,0.5562785858956016,0.06842572992911128,0.01641705454850725,4to5
1495,1496,OADMET-0004203,5.07,train,5to6,3,0.004998363682645031,0.0568082629529768,0.5801683868633508,0.3223424932269093,0.03568249327411804,4to5
1496,1497,OADMET-0004193,4.62,train,4to5,1,0.0010789241953256075,0.012765626791617303,0.3084025174011272,0.5221507103989571,0.15560222121297276,5to6
1497,1498,OADMET-0004187,4.73,train,4to5,3,0.0053046270710916535,0.10371450238195712,0.7213402323299998,0.16380983438519917,0.005830803831752354,4to5
1498,1499,OADMET-0004182,4.9,train,4to5,2,0.01647272290546797,0.08542587385333658,0.45441945202299894,0.3632252717667188,0.08045667945147769,4to5
1499,1500,OADMET-0004180,4.85,train,4to5,0,0.0042077331852105725,0.10938201354309017,0.7071718738221534,0.16275166354029588,0.016486715909249987,4to5
1500,1501,OADMET-0004176,5.07,train,5to6,3,0.005450808978487644,0.061464718734614496,0.567729133849151,0.3208791082458846,0.044476230191862254,4to5
1501,1502,OADMET-0004172,4.71,train,4to5,3,0.03374071153549868,0.2247443717357783,0.5984296988198624,0.11335873962770882,0.02972647828115175,4to5
1502,1503,OADMET-0004170,5.47,train,5to6,2,0.0008475291365111194,0.012631687070976049,0.3119297558270213,0.5763513325081161,0.09823969545737547,5to6
1503,1504,OADMET-0004168,4.79,train,4to5,4,0.004097858191972002,0.0365017779086555,0.47172191819767784,0.37898013646463957,0.1086983092370551,4to5
1504,1505,OADMET-0004153,5.36,train,5to6,0,0.0016267903773760394,0.024636130668128715,0.3310280427208527,0.5218523717075304,0.12085666452611216,5to6
1505,1506,OADMET-0004129,4.51,train,4to5,4,0.001330308364436773,0.04854202574094209,0.7404683127141168,0.20346024343486063,0.006199109745643638,4to5
1506,1507,OADMET-0004128,5.13,train,5to6,0,0.011908188817149067,0.08069390299004027,0.31888515707508197,0.3648204912191776,0.2236922598985511,5to6
1507,1508,OADMET-0004116,5.66,train,5to6,0,0.0026813701579230555,0.021762304266420545,0.2485345333524191,0.49613747589825913,0.23088431632497816,5to6
1508,1509,OADMET-0004106,4.73,train,4to5,0,0.0005945434017126211,0.02335440895531231,0.6071881572003172,0.3513181163348552,0.01754477410780272,4to5
1509,1510,OADMET-0004105,5.18,train,5to6,0,0.00027351929977245974,0.015069702896075834,0.4816214226390878,0.4693074910105923,0.033727864154471585,4to5
1510,1511,OADMET-0004101,5.57,train,5to6,1,0.0007207576635615242,0.013603691421839884,0.3959823370165454,0.4919341652899688,0.09775904860808439,5to6
1511,1512,OADMET-0004094,4.41,train,4to5,1,0.01507940786403089,0.15306831261524814,0.6847187067224852,0.13009696435725118,0.01703660844098451,4to5
1512,1513,OADMET-0004092,4.9,train,4to5,4,0.01719929679258479,0.16433131970275544,0.661006878966581,0.13591169048697727,0.021550814051101593,4to5
1513,1514,OADMET-0004090,3.75,train,3to4,4,0.03176546167803097,0.13597277110754186,0.5459855320897444,0.18187058378466778,0.1044056513400149,4to5
1514,1515,OADMET-0004088,3.99,train,3to4,1,0.010921434422396582,0.060398944722033436,0.5013388191465855,0.3169293353539558,0.11041146635502873,4to5
1515,1516,OADMET-0004080,4.66,train,4to5,3,0.06769888567496053,0.5086424139937503,0.3991724683314796,0.02193464992931865,0.0025515820704909023,3to4
1516,1517,OADMET-0004069,4.26,train,4to5,1,0.10998778134657256,0.23464548679319103,0.4442817303966444,0.141651830574761,0.06943317088883097,4to5
1517,1518,OADMET-0004067,4.82,train,4to5,4,0.0020659480663518374,0.0433113172200054,0.6329874550233976,0.2979669958841757,0.023668283806069487,4to5
1518,1519,OADMET-0004065,4.77,train,4to5,1,0.007798698087159448,0.044691408895943766,0.4051512983383547,0.36687781569687045,0.17548077898167158,4to5
1519,1520,OADMET-0004064,4.52,train,4to5,3,0.028171048591403704,0.25270157299335083,0.5909305038770883,0.11105279293499014,0.017144081603167008,4to5
1520,1521,OADMET-0004060,4.92,train,4to5,2,0.047979332730077824,0.34257781665109943,0.5381603862073291,0.060567174388874205,0.010715290022619488,4to5
1521,1522,OADMET-0004056,4.92,train,4to5,4,0.04899909493324443,0.15500727757833235,0.562719540677057,0.1571387993436694,0.07613528746769689,4to5
1522,1523,OADMET-0004054,4.87,train,4to5,3,0.008170460069266127,0.1101758889141419,0.6944656728811284,0.17527323357285032,0.011914744562613266,4to5
1523,1524,OADMET-0004053,4.86,train,4to5,4,0.006852726126565568,0.04738741888035241,0.5582625004729372,0.3291456841058751,0.058351670414269724,4to5
1524,1525,OADMET-0004051,4.6,train,4to5,0,0.0005708701573193868,0.01592536395795091,0.32205887393578897,0.5308795963734357,0.13056529557550503,5to6
1525,1526,OADMET-0004047,5.05,train,5to6,3,0.004548817451822183,0.06080560073112958,0.602255648303483,0.30716598334279177,0.025223950170773526,4to5
1526,1527,OADMET-0004040,5.28,train,5to6,0,0.003427476602022051,0.029345120931415974,0.29919511851741637,0.43835612876366525,0.22967615518548032,5to6
1527,1528,OADMET-0004029,4.45,train,4to5,2,0.057422496894980024,0.1442906328873355,0.2902228670070208,0.281268491525101,0.2267955116855626,4to5
1528,1529,OADMET-0004025,4.55,train,4to5,2,0.18028811438798478,0.29689215507760064,0.2132473359537372,0.10811817988313065,0.2014542146975467,3to4
1529,1530,OADMET-0004024,5.08,train,5to6,1,0.0007400127731178496,0.013640667853320023,0.47557212543290145,0.45245622295443866,0.05759097098622199,4to5
1530,1531,OADMET-0004021,5.2,train,5to6,4,0.0022825071764839768,0.032474047362032646,0.5103893111284631,0.40121956333211206,0.05363457100090825,4to5
1531,1532,OADMET-0004014,5.13,train,5to6,4,0.0025626162288088197,0.02838896746655282,0.43802961288969633,0.43102356380038753,0.09999523961455449,4to5
1532,1533,OADMET-0004004,5.15,train,5to6,0,0.009825395811630085,0.14186768944357178,0.6294443261463053,0.1808377703005183,0.03802481829797451,4to5
1533,1534,OADMET-0004003,5.12,train,5to6,0,0.00046513149455276775,0.014570514159151003,0.40315793123794824,0.4895445845226655,0.09226183858568246,5to6
1534,1535,OADMET-0003997,4.29,train,4to5,0,0.015795700899335408,0.13688697481809825,0.6151684774713712,0.19694993706959973,0.03519890974159542,4to5
1535,1536,OADMET-0003994,4.3,train,4to5,0,0.0009521163238363072,0.03974546838254997,0.7030944181517254,0.2455591543115592,0.010648842830329198,4to5
1536,1537,OADMET-0003975,5.04,train,5to6,4,0.0007186524959723246,0.012807560843282077,0.5370941266388946,0.4092543346483104,0.040125325373540584,4to5
1537,1538,OADMET-0003971,5.0,train,4to5,1,4.142559450750393e-05,0.0017420600193669995,0.18617684668518303,0.6496940686966842,0.16234559900425824,5to6
1538,1539,OADMET-0003969,5.04,train,5to6,3,0.0007582379823084256,0.010862586474770824,0.23654264514917972,0.5908880533332993,0.16094847706044166,5to6
1539,1540,OADMET-0003963,5.17,train,5to6,2,0.0492981720163543,0.2504868372080507,0.5443108383845271,0.12944190995057042,0.026462242440497444,4to5
1540,1541,OADMET-0003961,4.41,train,4to5,4,0.00106205573205717,0.025861598348587696,0.6650983756108343,0.2901068694175556,0.017871100890965292,4to5
1541,1542,OADMET-0003960,4.97,train,4to5,2,0.18995129496004298,0.4254256062082766,0.2038572071833251,0.07541667445252316,0.10534921719583222,3to4
1542,1543,OADMET-0003956,3.89,train,3to4,4,0.06258605885866021,0.2744765755023103,0.5233987931877914,0.09808690407483708,0.04145166837640099,4to5
1543,1544,OADMET-0003950,5.05,train,5to6,3,0.18695656607008415,0.49149747767490376,0.21687183870241347,0.04883814512122152,0.05583597243137709,3to4
1544,1545,OADMET-0003946,4.66,train,4to5,4,0.1579943406029937,0.5255540569107724,0.2746580506623289,0.025332414272042126,0.016461137551862858,3to4
1545,1546,OADMET-0003942,5.44,train,5to6,0,0.022643109657002,0.18641117110991196,0.6061137880788345,0.15399993870034848,0.030831992453903,4to5
1546,1547,OADMET-0003932,4.64,train,4to5,0,0.008111008397614536,0.12258348545478572,0.6734272203961729,0.1817870576952376,0.01409122805618926,4to5
1547,1548,OADMET-0003930,4.9,train,4to5,1,0.08683749709883716,0.5300937693531153,0.34355811984993073,0.029549247415764354,0.009961366282352571,3to4
1548,1549,OADMET-0003921,4.4,train,4to5,3,0.011222193749205732,0.06739609382834898,0.4055551554903955,0.373339081307627,0.14248747562442282,4to5
1549,1550,OADMET-0003914,5.16,train,5to6,0,0.0005320942077324249,0.025454682901880882,0.5954331082995796,0.35715001362083987,0.02143010096996718,4to5
1550,1551,OADMET-0003911,4.4,train,4to5,2,0.13059295951068653,0.5818570957949509,0.266256098814303,0.01704882675078895,0.004245019129270569,3to4
1551,1552,OADMET-0003900,5.29,train,5to6,1,0.00042641626458435046,0.01122470780841041,0.412916936617493,0.5042089322620482,0.07122300704746401,5to6
1552,1553,OADMET-0003898,4.85,train,4to5,0,0.027472836776501638,0.33602846223655547,0.5690892524044802,0.06223949340771815,0.005169955174744571,4to5
1553,1554,OADMET-0003889,4.89,train,4to5,4,0.01439514286519454,0.1421582843861777,0.6756085138518125,0.15352676765939194,0.014311291237423314,4to5
1554,1555,OADMET-0003884,4.58,train,4to5,4,0.0013976999825959103,0.024073147002858578,0.5193357220980136,0.4057290659358889,0.04946436498064304,4to5
1555,1556,OADMET-0003879,4.21,train,4to5,1,0.0013558824054920808,0.03272397866086583,0.6490317086017637,0.2919907614415034,0.024897668890375018,4to5
1556,1557,OADMET-0003872,4.39,train,4to5,0,0.04979920088945629,0.3205851364222934,0.500495322056045,0.09607213878739088,0.03304820184481445,4to5
1557,1558,OADMET-0003866,5.07,train,5to6,1,0.03150476485952022,0.20471946704462668,0.640885883561467,0.10533759644871954,0.017552288085666595,4to5
1558,1559,OADMET-0003864,4.92,train,4to5,4,0.001197328844547071,0.020417029950783996,0.504080675724775,0.4030495466165042,0.07125541886338974,4to5
1559,1560,OADMET-0003862,4.37,train,4to5,0,0.046388559561839994,0.3266620672493659,0.517121916828177,0.09139140797471339,0.01843604838590378,4to5
1560,1561,OADMET-0003860,4.97,train,4to5,4,0.017396768457833108,0.10058419350208234,0.5783045855631795,0.2383494810852251,0.06536497139167988,4to5
1561,1562,OADMET-0003858,4.64,train,4to5,2,0.008493119101358335,0.04967442261289034,0.3878919565319223,0.42775456033493847,0.12618594141889053,5to6
1562,1563,OADMET-0003857,5.11,train,5to6,0,0.000688694615511519,0.022279982260717975,0.5930104552108635,0.3622464354598251,0.02177443245308198,4to5
1563,1564,OADMET-0003853,4.92,train,4to5,4,0.0019243003318428207,0.03323530946916341,0.5665685186882492,0.3652046396789554,0.03306723183178911,4to5
1564,1565,OADMET-0003848,4.07,train,4to5,2,0.00015684400832102963,0.007170017929081233,0.4221276115733092,0.5434123964965388,0.027133129992749774,5to6
1565,1566,OADMET-0003844,4.54,train,4to5,1,0.0011597649296166844,0.017467569362563752,0.4259276341978716,0.45333930338105277,0.1021057281288952,5to6
1566,1567,OADMET-0003835,3.9,train,3to4,4,0.028955893022830474,0.14024207622894985,0.5882892275581909,0.19238037730963725,0.05013242588039156,4to5
1567,1568,OADMET-0003834,5.26,train,5to6,3,0.002719744928489647,0.03132175898351018,0.38030119171994514,0.4734644099767934,0.11219289439126165,5to6
1568,1569,OADMET-0003833,4.76,train,4to5,2,0.004621742692182761,0.074481434044929,0.7190503374251721,0.19295197446760198,0.008894511370114119,4to5
1569,1570,OADMET-0003832,5.34,train,5to6,2,0.005821795237406417,0.06756476557683305,0.6373907451773395,0.2660886746327862,0.023134019375634807,4to5
1570,1571,OADMET-0003829,4.49,train,4to5,4,0.005514386413895365,0.059260876973422597,0.627517800995325,0.26763411571227513,0.04007281990508192,4to5
1571,1572,OADMET-0003828,4.77,train,4to5,2,0.005695066692144733,0.07230798661063097,0.6704555528227499,0.2315713686674986,0.019970025206975738,4to5
1572,1573,OADMET-0003827,4.17,train,4to5,3,0.010203942190849379,0.06341356328433809,0.33050628024601164,0.4128066489729339,0.18306956530586696,5to6
1573,1574,OADMET-0003823,5.02,train,5to6,4,0.0023105994047453236,0.01804788574656985,0.3036369941912683,0.5284334951995464,0.14757102545787013,5to6
1574,1575,OADMET-0003816,4.83,train,4to5,4,0.00015941663750912533,0.0031799117315299864,0.22597430466217455,0.6295016953813767,0.1411846715874097,5to6
1575,1576,OADMET-0003812,3.27,train,3to4,1,0.36308666015445584,0.13072649757142976,0.012888590433126033,0.050514342667586525,0.4427839091734018,gte6
1576,1577,OADMET-0003811,4.56,train,4to5,1,0.12372638089270473,0.5163488306310678,0.31198048097671177,0.03359748369906356,0.01434682380045205,3to4
1577,1578,OADMET-0003810,4.86,train,4to5,3,0.0026831677127768057,0.029387057609121525,0.28298067005561994,0.40929423257045244,0.27565487205202927,5to6
1578,1579,OADMET-0003809,4.67,train,4to5,2,0.0037030998488157313,0.0448571324592591,0.4056208068533252,0.4575720355910085,0.08824692524759149,5to6
1579,1580,OADMET-0003808,3.54,train,3to4,2,0.8407571081863867,0.13980241722041908,0.0020388274866116897,0.0015293169494074853,0.01587233015717498,lt3
1580,1581,OADMET-0003807,4.92,train,4to5,3,0.001478487136648706,0.007156565206440531,0.06829783957352557,0.27911015903123404,0.6439569490521512,gte6
1581,1582,OADMET-0003806,3.28,train,3to4,0,0.6099384092326898,0.2695015486302518,0.017723294734276418,0.01572813906100988,0.0871086083417721,lt3
1582,1583,OADMET-0003805,4.42,train,4to5,3,0.2696483717457708,0.6561554040677335,0.06438092854423905,0.00416547989201719,0.0056498157502394295,3to4
1583,1584,OADMET-0003804,4.4,train,4to5,1,0.06634574296992235,0.3350885764777287,0.49567993829071605,0.08622874207123891,0.016657000190393997,4to5
1584,1585,OADMET-0003803,3.27,train,3to4,0,0.32774116307019363,0.13297150508984623,0.028890636550815092,0.03275787329689536,0.47763882199224966,gte6
1585,1586,OADMET-0003802,4.61,train,4to5,1,0.11191574317342426,0.3211544406242007,0.4252142842827099,0.09084349735314402,0.05087203456652113,4to5
1586,1587,OADMET-0003801,3.96,train,3to4,4,0.004325270108559385,0.04392533297041059,0.3088873568705251,0.40059378015661734,0.24226825989388762,5to6
1587,1588,OADMET-0003800,4.48,train,4to5,0,0.06431322592730243,0.24746401792365325,0.46400976526744486,0.13775326414222466,0.08645972673937474,4to5
1588,1589,OADMET-0003799,5.88,train,5to6,1,0.00025691136077560635,0.00263153626100938,0.051302590289849084,0.2961253570796782,0.6496836050086877,gte6
1589,1590,OADMET-0003798,4.23,train,4to5,1,0.020594280426289777,0.15399888414525983,0.5519328271353402,0.22386321122549832,0.0496107970676119,4to5
1590,1591,OADMET-0003797,4.26,train,4to5,1,0.0002710264420782605,0.001378406717332333,0.021979629145207923,0.23498741375534707,0.7413835239400344,gte6
1591,1592,OADMET-0003796,4.86,train,4to5,4,0.010367738411299052,0.04578065644627653,0.2167896846037817,0.21539828863324767,0.5116636319053951,gte6
1592,1593,OADMET-0003794,4.6,train,4to5,1,0.06728474050760269,0.30164602398872375,0.4325616657733917,0.13008444011211395,0.06842312961816788,4to5
1593,1594,OADMET-0003793,4.16,train,4to5,1,0.23184621398609823,0.4323356441484451,0.20955155704888712,0.0632503969166694,0.06301618789990016,3to4
1594,1595,OADMET-0003792,5.04,train,5to6,2,0.0028314700418499003,0.021924540813986166,0.20161508403970435,0.38007552148451035,0.39355338361994924,gte6
1595,1596,OADMET-0003791,5.1,train,5to6,1,0.0016631186938335465,0.008613555570803557,0.10279892240200779,0.35475149250997573,0.5321729108233794,gte6
1596,1597,OADMET-0003790,3.27,train,3to4,2,0.6835184597850061,0.18292236072585413,0.0165942308968739,0.01498349641938466,0.1019814521728812,lt3
1597,1598,OADMET-0003789,3.24,train,3to4,3,0.6740344116536199,0.2855901398838301,0.015354096775098913,0.005693839820520283,0.019327511866930783,lt3
1598,1599,OADMET-0003788,1.77,train,lt3,2,0.6491133570671082,0.11220591515302658,0.008909043855965137,0.012134711258113384,0.21763697266578674,lt3
1599,1600,OADMET-0003787,4.06,train,4to5,2,0.03323776250155447,0.17656823861175597,0.3682386549693446,0.18665450672317663,0.23530083719416828,4to5
1600,1601,OADMET-0003786,2.92,train,lt3,2,0.35280789347851754,0.2170069865730262,0.050467276552292266,0.03990721896705542,0.3398106244291086,lt3
1601,1602,OADMET-0003785,2.02,train,lt3,1,0.16493379823962154,0.4272410209888068,0.24314324195469555,0.07548390961462394,0.08919802920225219,3to4
1602,1603,OADMET-0003784,2.59,train,lt3,2,0.8576721651411708,0.13651083031312164,0.0012256187453540406,0.0006062743398464402,0.003985111460507087,lt3
1603,1604,OADMET-0003783,4.86,train,4to5,3,0.03369441415069609,0.30014560705991344,0.518510428016345,0.10275133048455187,0.04489822028849369,4to5
1604,1605,OADMET-0003782,4.17,train,4to5,4,0.0012405617712951786,0.026376497558083915,0.6096130307897066,0.3090082850157608,0.053761624865153505,4to5
1605,1606,OADMET-0003781,5.46,train,5to6,4,0.009707894194327098,0.027351262098832544,0.14188182380400938,0.17864599857227131,0.6424130213305597,gte6
1606,1607,OADMET-0003780,6.22,train,gte6,1,0.007310767420484413,0.020011479659364156,0.07973759125099453,0.20131371053309116,0.6916264511360658,gte6
1607,1608,OADMET-0003779,4.67,train,4to5,1,0.003375878952483389,0.04899534480423177,0.36261170342679755,0.39043789283851854,0.19457917997796875,5to6
1608,1609,OADMET-0003777,1.89,train,lt3,2,0.8729891470118051,0.08817431020682658,0.001721781385133744,0.0020248861271520598,0.03508987526908257,lt3
1609,1610,OADMET-0003775,3.06,train,3to4,2,0.5050271648372672,0.46530663035428843,0.016674860978024536,0.0022136554610043837,0.01077768836941542,lt3
1610,1611,OADMET-0003773,4.85,train,4to5,1,0.0028502333515604632,0.02509601774331042,0.2808995918589967,0.4159688918317148,0.27518526521441755,5to6
1611,1612,OADMET-0003772,1.78,train,lt3,2,0.6821066996532911,0.16826588574974616,0.014980841619908246,0.017039327972489984,0.11760724500456454,lt3
1612,1613,OADMET-0003771,2.51,train,lt3,2,0.8101355022262923,0.11159838914674501,0.005676330710425951,0.007476028141152548,0.06511374977538421,lt3
1613,1614,OADMET-0003770,3.79,train,3to4,4,0.31442738395618586,0.6489695479069149,0.03256188045038135,0.0013323295043210358,0.0027088581821968984,3to4
1614,1615,OADMET-0003769,4.12,train,4to5,0,0.047526256319530884,0.09420354882980424,0.1383600902728686,0.17888938381023423,0.541020720767562,gte6
1615,1616,OADMET-0003768,2.54,train,lt3,3,0.8330890308317365,0.1628343981918476,0.0015469570163486278,0.00038308925523683105,0.002146524704830503,lt3
1616,1617,OADMET-0003767,2.03,train,lt3,4,0.5104474384907604,0.3628542990570315,0.05544577495074916,0.007486612011086007,0.06376587549037306,lt3
1617,1618,OADMET-0003766,3.89,train,3to4,4,0.045718248315843445,0.25174376957317396,0.5710980945713765,0.10036010086840923,0.03107978667119682,4to5
1618,1619,OADMET-0003765,2.79,train,lt3,2,0.9105923032702458,0.0778416308447928,0.0009521276656844147,0.0009259782236759713,0.009687959995601023,lt3
1619,1620,OADMET-0003764,3.94,train,3to4,1,0.18014531656558377,0.3854747867034828,0.27215715228925824,0.06641465923135507,0.09580808521032017,3to4
1620,1621,OADMET-0003763,1.79,train,lt3,3,0.9138606961203221,0.0676046920808928,0.001663657868378783,0.0009334036327291042,0.01593755029767731,lt3
1621,1622,OADMET-0003762,4.18,train,4to5,1,0.18137715013642366,0.4957100545882784,0.21244027340098096,0.04619192515272209,0.06428059672159492,3to4
1622,1623,OADMET-0003761,1.89,train,lt3,2,0.8748174590066294,0.12297156009343643,0.0006587371807302667,0.00029516504245098176,0.0012570786767529337,lt3
1623,1624,OADMET-0003760,3.26,train,3to4,1,0.5658881036608213,0.3781919458236995,0.013630584737487595,0.009763305020909914,0.032526060757081615,lt3
1624,1625,OADMET-0003759,1.76,train,lt3,2,0.6942532023736097,0.23061166574836708,0.010369988100398398,0.0057741962050598325,0.058990947572565,lt3
1625,1626,OADMET-0003758,5.11,train,5to6,4,0.0005622242069345951,0.013529740732297598,0.4983685185463679,0.4146139464169576,0.07292557009744235,4to5
1626,1627,OADMET-0003757,3.98,train,3to4,4,0.0006880578365347082,0.039579866676345665,0.762578408358005,0.18820672728628202,0.00894693984283254,4to5
1627,1628,OADMET-0003756,4.0,train,3to4,1,0.12311079593666362,0.5154592779649345,0.2586991680946542,0.05488150341921844,0.04784925458452925,3to4
1628,1629,OADMET-0003755,1.87,train,lt3,1,0.7442103687372645,0.2515933236926112,0.0031373508074602893,0.00038347984406842837,0.0006754769185954875,lt3
1629,1630,OADMET-0003754,3.93,train,3to4,1,0.6644172215505021,0.3231867621407787,0.010843592929428525,0.0005812454162550161,0.0009711779630356379,lt3
1630,1631,OADMET-0003753,1.76,train,lt3,2,0.6570001687621658,0.23415816775154863,0.015715865052401436,0.009073118467975443,0.08405267996590864,lt3
1631,1632,OADMET-0003752,4.27,train,4to5,4,0.00949976107245823,0.031324240639379684,0.13245737268913577,0.23436487709135545,0.5923537485076709,gte6
1632,1633,OADMET-0003751,1.78,train,lt3,2,0.9027745846687614,0.08162669203597156,0.0013167227332080435,0.001364316926294132,0.01291768363576487,lt3
1633,1634,OADMET-0003750,2.05,train,lt3,0,0.8733571369760531,0.11733854772313015,0.0014068652467350774,0.0008425226167487442,0.007054927437332914,lt3
1634,1635,OADMET-0003749,1.75,train,lt3,3,0.9389787556013238,0.05869472921657356,0.0004805979078315527,0.0001416326504931501,0.0017042846237778678,lt3
1635,1636,OADMET-0003748,2.01,train,lt3,2,0.8545302035246785,0.10543785099386396,0.0025018488178939835,0.0023659420806005174,0.03516415458296306,lt3
1636,1637,OADMET-0003747,5.28,train,5to6,3,0.0003485452233542887,0.0012792513833765114,0.015595989821433242,0.19277508047971065,0.7900011330921253,gte6
1637,1638,OADMET-0003746,3.89,train,3to4,2,0.13501779785386397,0.5094323177241993,0.31936872124436766,0.02771660323335455,0.008464559944214523,3to4
1638,1639,OADMET-0003745,2.69,train,lt3,1,0.7372312659065388,0.2251551036863208,0.006885434141019046,0.01085595523856884,0.019872241027552612,lt3
1639,1640,OADMET-0003744,4.46,train,4to5,2,0.020896160002045333,0.09995632153207802,0.29361583415345127,0.23867349705316607,0.3468581872592593,gte6
1640,1641,OADMET-0003743,4.78,train,4to5,2,0.0684421892232029,0.28796759676885003,0.3626553470291994,0.10608598002919525,0.1748488869495524,4to5
1641,1642,OADMET-0003742,2.13,train,lt3,0,0.37232743516659983,0.468769394211479,0.09599594491700561,0.018114683164249662,0.04479254254066591,3to4
1642,1643,OADMET-0003741,4.61,train,4to5,1,0.006149422959317639,0.06631050627218477,0.3803338490423143,0.3311656525348268,0.21604056919135645,4to5
1643,1644,OADMET-0003740,1.86,train,lt3,0,0.6394356632106527,0.1884918255021831,0.0223566466351594,0.02029586442476208,0.1294200002272427,lt3
1644,1645,OADMET-0003739,4.04,train,4to5,2,0.7278274024247315,0.2662231524098289,0.002903693013688675,0.0004275318481975812,0.0026182203035533193,lt3
1645,1646,OADMET-0003738,5.01,train,5to6,1,0.1820694377504599,0.42046136133888395,0.3041083250653929,0.05301415979505509,0.04034671605020817,3to4
1646,1647,OADMET-0003737,5.21,train,5to6,3,0.1913536695735768,0.5083514405123583,0.1922534315859881,0.03319338695186459,0.0748480713762122,3to4
1647,1648,OADMET-0003736,2.69,train,lt3,3,0.9647358802033924,0.033579496963323796,0.0002581698233926104,8.66195874169967e-05,0.0013398334224742413,lt3
1648,1649,OADMET-0003735,3.25,train,3to4,2,0.65296759776195,0.17925730902849762,0.011967323096310633,0.010607852978594819,0.14519991713464692,lt3
1649,1650,OADMET-0003734,4.67,train,4to5,2,0.0025801495757053357,0.05352351836939886,0.7072160869673568,0.2286551604317019,0.008025084655837044,4to5
1650,1651,OADMET-0003733,3.2,train,3to4,3,0.3147460072747931,0.5481876470543724,0.09819621871411134,0.01290209623239291,0.025968030724330276,3to4
1651,1652,OADMET-0003732,4.98,train,4to5,1,0.0007136600872482065,0.005057661304029992,0.07225211674831077,0.36005854432675644,0.5619180175336546,gte6
1652,1653,OADMET-0003731,4.74,train,4to5,2,0.0003318916399642919,0.011363165369075607,0.423422810285428,0.5250593981075483,0.039822734597983814,5to6
1653,1654,OADMET-0003730,5.74,train,5to6,4,0.6923653563992744,0.23669043458870653,0.009588917828967303,0.0028140335671374755,0.058541257615914305,lt3
1654,1655,OADMET-0003729,2.93,train,lt3,4,0.7898763835853876,0.17137848943851108,0.003667655318099408,0.001802263042233066,0.03327520861576888,lt3
1655,1656,OADMET-0003728,2.74,train,lt3,0,0.7239238865263368,0.2620126478144362,0.005015847030259627,0.0012706047239979304,0.007777013904969466,lt3
1656,1657,OADMET-0003727,2.54,train,lt3,3,0.5017413408187353,0.1780742971381064,0.018913106658170906,0.01459732719012609,0.28667392819486126,lt3
1657,1658,OADMET-0003726,1.98,train,lt3,1,0.18800167459247002,0.36074649750074,0.2960096851585852,0.07931092263294871,0.075931220115256,3to4
1658,1659,OADMET-0003725,4.09,train,4to5,1,0.018934732197217276,0.15769003243545052,0.6252089107863107,0.17288467191410434,0.025281652666917148,4to5
1659,1660,OADMET-0003724,4.55,train,4to5,1,0.0005921603984525424,0.015798315377768546,0.5715156861216408,0.3849417120194246,0.027152126082713456,4to5
1660,1661,OADMET-0003723,1.84,train,lt3,3,0.6543815941054083,0.29544050734446176,0.018527635208792206,0.006070439810424179,0.025579823530913523,lt3
1661,1662,OADMET-0003722,3.1,train,3to4,3,0.5736195688518775,0.4150535805211064,0.009089966677187197,0.0009756283234884317,0.0012612556263405165,lt3
1662,1663,OADMET-0003721,1.99,train,lt3,2,0.8365860491797891,0.1341095850409379,0.0031787515277456094,0.0028495834835151118,0.0232760307680123,lt3
1663,1664,OADMET-0003720,2.89,train,lt3,3,0.8625020933642985,0.1314929269510126,0.0016725402001047751,0.0006470044573758252,0.003685435027208244,lt3
1664,1665,OADMET-0003719,1.81,train,lt3,3,0.9025166816505645,0.09374079427148913,0.0009929218343766434,0.000401680397701427,0.00234792184586829,lt3
1665,1666,OADMET-0003718,3.25,train,3to4,2,0.7171521687753617,0.20824527704938853,0.015094258945499938,0.009716903538226863,0.049791391691523024,lt3
1666,1667,OADMET-0003717,4.3,train,4to5,2,0.0015646717926423494,0.017379401712969828,0.18221201486237573,0.4930191170899615,0.3058247945420506,5to6
1667,1668,OADMET-0003716,5.64,train,5to6,3,0.6632150192334008,0.1975267911216234,0.012780515985835048,0.006852519006222091,0.1196251546529187,lt3
1668,1669,OADMET-0003715,1.89,train,lt3,1,0.35437210602226615,0.4684475853641126,0.06907454723698167,0.018758073029859223,0.08934768834678035,3to4
1669,1670,OADMET-0003714,4.54,train,4to5,3,0.00011332936517610153,0.004305979522222842,0.21576279987957822,0.6161150078144404,0.16370288341858247,5to6
1670,1671,OADMET-0003713,1.73,train,lt3,1,0.5698457312503722,0.358768221709026,0.013117202447676266,0.014288544535080995,0.043980300057844535,lt3
1671,1672,OADMET-0003712,1.81,train,lt3,1,0.6784687981184979,0.316167611008077,0.0037629034828848013,0.000807042203534275,0.0007936451870059498,lt3
1672,1673,OADMET-0003711,4.87,train,4to5,3,5.863433274747191e-05,0.00040012128623674695,0.00586931162264334,0.10994118220613155,0.8837307505522409,gte6
1673,1674,OADMET-0003710,4.4,train,4to5,2,0.0014465306205211242,0.020544187130889437,0.3332612953803545,0.46261669009724365,0.1821312967709913,5to6
1674,1675,OADMET-0003709,1.82,train,lt3,1,0.02525776825057958,0.1353940822299239,0.5705361994199615,0.21083596466576288,0.05797598543377212,4to5
1675,1676,OADMET-0003708,4.68,train,4to5,1,0.20823651629774464,0.6464226269961246,0.1261475090911519,0.011763836300983415,0.0074295113139953885,3to4
1676,1677,OADMET-0003707,6.08,train,gte6,1,0.5281322149969325,0.3656661314610242,0.04273215800706739,0.014492163839531053,0.04897733169544484,lt3
1677,1678,OADMET-0003706,4.92,train,4to5,1,0.00351338652837908,0.023462473160737036,0.23068569925176055,0.41887075572857774,0.3234676853305456,5to6
1678,1679,OADMET-0003705,1.83,train,lt3,3,0.5497471880470731,0.41876169928641555,0.017698430081270092,0.003889155519925454,0.00990352706531573,lt3
1679,1680,OADMET-0003704,4.19,train,4to5,2,0.10414040078954734,0.44209906417680994,0.3983129259214616,0.04625300313695054,0.009194605975230592,3to4
1680,1681,OADMET-0003703,4.49,train,4to5,3,0.000537910964715698,0.0024517511500407136,0.029575871324336065,0.2229751946099395,0.7444592719509681,gte6
1681,1682,OADMET-0003702,1.81,train,lt3,3,0.7977624511604279,0.17174751798115567,0.005108984087958722,0.0024061200071789704,0.02297492676327877,lt3
1682,1683,OADMET-0003701,2.24,train,lt3,3,0.6214959297425194,0.3137923616433898,0.021821017400909047,0.009891312071021336,0.03299937914216036,lt3
1683,1684,OADMET-0003700,5.52,train,5to6,3,0.0016101951112518964,0.006819935826364964,0.03638258493801066,0.160126429141423,0.7950608549829494,gte6
1684,1685,OADMET-0003699,5.06,train,5to6,2,0.0009128028834397699,0.0073586782075268165,0.07959439908080669,0.3029236625127903,0.6092104573154364,gte6
1685,1686,OADMET-0003697,5.13,train,5to6,3,0.004663800485352068,0.0065978902372873455,0.02606069928204732,0.12314670131951667,0.8395309086757966,gte6
1686,1687,OADMET-0003696,3.68,train,3to4,3,0.01757462128263609,0.2569564568951891,0.6671232550073264,0.0548718941636761,0.0034737726511723703,4to5
1687,1688,OADMET-0003695,4.48,train,4to5,2,0.22447955022991875,0.45979957573638475,0.20364035134955324,0.03527958971650478,0.07680093296763849,3to4
1688,1689,OADMET-0003694,4.79,train,4to5,3,0.003156615133374199,0.02378689445472054,0.18685508827188316,0.3421472205779579,0.4440541815620642,gte6
1689,1690,OADMET-0003693,3.92,train,3to4,1,0.04682101152319795,0.2829405272511216,0.47403843601664186,0.1380104227286063,0.058189602480432305,4to5
1690,1691,OADMET-0003692,1.86,train,lt3,2,0.9014493342441771,0.08834746593123084,0.0011275932337198472,0.0012806488830679303,0.0077949577078043186,lt3
1691,1692,OADMET-0003691,2.4,train,lt3,1,0.44982424007175564,0.3042355847183179,0.05151130247776937,0.03908557526129668,0.15534329747086037,lt3
1692,1693,OADMET-0003690,4.57,train,4to5,1,0.000653858809747365,0.010034909307734952,0.1540295456488208,0.46237107355111096,0.37291061268258596,5to6
1693,1694,OADMET-0003689,3.95,train,3to4,4,0.03375069847331492,0.1316068937123849,0.2648099104286717,0.2300056998432532,0.33982679754237527,gte6
1694,1695,OADMET-0003688,2.08,train,lt3,1,0.30247055357431796,0.5890489001181386,0.07766398498177585,0.01135535309630062,0.019461208229466967,3to4
1695,1696,OADMET-0003687,1.84,train,lt3,1,0.8486027068073604,0.14972257519795856,0.0009140830313001359,0.00023276913124152583,0.0005278658321394191,lt3
1696,1697,OADMET-0003686,1.76,train,lt3,3,0.7574608488209541,0.16491923089431815,0.008865120079273136,0.0059708572340474615,0.06278394297140714,lt3
1697,1698,OADMET-0003685,1.93,train,lt3,1,0.6858288511611467,0.1792544836510493,0.007412860956350267,0.015705147450968533,0.11179865678048526,lt3
1698,1699,OADMET-0003684,1.98,train,lt3,3,0.3043838543794249,0.5848776918309175,0.08553409771821206,0.008950777707990574,0.016253578363454986,3to4
1699,1700,OADMET-0003683,4.39,train,4to5,1,0.05126548835513204,0.36740561635409263,0.46301361056019347,0.08761413232210777,0.03070115240847408,4to5
1700,1701,OADMET-0003682,3.33,train,3to4,1,0.4558435617985476,0.512694530835471,0.02959969041701817,0.0008638353205196063,0.0009983816284435446,3to4
1701,1702,OADMET-0003681,2.97,train,lt3,2,0.9038421507441242,0.08008763935412856,0.0012514286203070412,0.0012378126842725033,0.013580968597167653,lt3
1702,1703,OADMET-0003680,2.68,train,lt3,0,0.5064145948600771,0.45911661025615536,0.01984732049439127,0.004277750405974339,0.010343723983401882,lt3
1703,1704,OADMET-0003679,2.44,train,lt3,2,0.8462760648453866,0.08092859008660386,0.0027537742737893415,0.0037008815575676987,0.06634068923665244,lt3
1704,1705,OADMET-0003678,2.63,train,lt3,3,0.693377423624082,0.30091487858662325,0.0032839348456770354,0.0005759859244974819,0.0018477770191202868,lt3
1705,1706,OADMET-0003677,1.86,train,lt3,2,0.6453623965016747,0.21858134991959627,0.013796323049484152,0.0095966610657272,0.11266326946351765,lt3
1706,1707,OADMET-0003676,1.79,train,lt3,2,0.8998460701562004,0.07699476869256934,0.0015625439000356298,0.00164097488081742,0.019955642370377114,lt3
1707,1708,OADMET-0003675,1.98,train,lt3,2,0.48607308351536865,0.1529003552100671,0.014785472510179587,0.015376922889290231,0.3308641658750945,lt3
1708,1709,OADMET-0003674,1.78,train,lt3,2,0.5314068801055518,0.44314765986923876,0.019507415617651024,0.0017623506741814615,0.00417569373337699,lt3
1709,1710,OADMET-0003673,1.83,train,lt3,1,0.5973921309698871,0.3748381069774338,0.014858009023842237,0.005339817047001392,0.00757193598183547,lt3
1710,1711,OADMET-0003672,1.95,train,lt3,3,0.9277898522890726,0.06571087882576696,0.0008754817980076438,0.00029389280362258723,0.0053298942835302236,lt3
1711,1712,OADMET-0003671,3.25,train,3to4,2,0.6679099527615281,0.30438213307352474,0.01244612173977653,0.0035307783134385417,0.011731014111732026,lt3
1712,1713,OADMET-0003670,4.41,train,4to5,1,0.6051395924399793,0.3590020116480776,0.030201806584450982,0.0021421666455225794,0.003514422681969559,lt3
1713,1714,OADMET-0003669,4.71,train,4to5,4,0.046669831623515796,0.1742715174603642,0.5299783747651289,0.14982678928126433,0.09925348686972682,4to5
1714,1715,OADMET-0003668,2.94,train,lt3,1,0.6628062750916008,0.33047554025786585,0.005560961573651551,0.0005335101180095911,0.0006237129588721301,lt3
1715,1716,OADMET-0003667,2.25,train,lt3,2,0.9297184148415635,0.06855752171845376,0.0001952741544195356,0.00018904826314195472,0.0013397410224212545,lt3
1716,1717,OADMET-0003666,4.43,train,4to5,3,0.12595030336956634,0.5366744259121977,0.2787140237130293,0.03161757729454696,0.027043669710659652,3to4
1717,1718,OADMET-0003665,4.95,train,4to5,3,0.3639457984288857,0.4422885908823985,0.09636477767062271,0.019541322456996052,0.07785951056109702,3to4
1718,1719,OADMET-0003664,3.4,train,3to4,1,0.5024705810575222,0.47008782277259076,0.023963767514397875,0.0014341182179994489,0.0020437104374897573,lt3
1719,1720,OADMET-0003663,4.57,train,4to5,2,0.019799084928278,0.05721687035749559,0.16489195485820712,0.18802177520796745,0.5700703146480518,gte6
1720,1721,OADMET-0003662,2.02,train,lt3,2,0.8941691198258288,0.09006778573957153,0.0012927094478088197,0.0011361791579044655,0.013334205828886342,lt3
1721,1722,OADMET-0003661,4.9,train,4to5,3,0.009455147655142496,0.16493511860585175,0.672314192815715,0.13476517118763248,0.018530369735658202,4to5
1722,1723,OADMET-0003660,4.58,train,4to5,1,0.018442602038048494,0.14092231683207063,0.5766551843600921,0.2123227922554608,0.05165710451432801,4to5
1723,1724,OADMET-0003659,2.89,train,lt3,1,0.5729615844140474,0.4121922533904566,0.00762977206198853,0.0023510370459774916,0.004865353087529885,lt3
1724,1725,OADMET-0003658,1.87,train,lt3,2,0.7154244627293547,0.20999866274188342,0.017840679352790465,0.010223707896521984,0.0465124872794494,lt3
1725,1726,OADMET-0003656,4.53,train,4to5,2,0.0009556221851359947,0.015790451443026623,0.38209361140410947,0.5321829361129132,0.06897737885481466,5to6
1726,1727,OADMET-0003655,3.96,train,3to4,3,0.08107607207625567,0.4212905152670655,0.3699386440263209,0.07369018542094637,0.05400458320941156,3to4
1727,1728,OADMET-0003654,2.27,train,lt3,3,0.9030284520745607,0.0944200492918396,0.0007514406160996305,0.0002430675279543585,0.0015569904895456291,lt3
1728,1729,OADMET-0003653,3.4,train,3to4,1,0.41505545547885786,0.5122636349401308,0.05549798582036593,0.00542491110240133,0.011758012658244029,3to4
1729,1730,OADMET-0003652,6.58,train,gte6,1,0.4245060249853834,0.5329698155438772,0.03058690294627594,0.004576290347060308,0.007360966177403136,3to4
1730,1731,OADMET-0003651,4.83,train,4to5,0,0.3654929314392402,0.49444772641994694,0.10481323802812868,0.014049649842790099,0.021196454269894065,3to4
1731,1732,OADMET-0003650,1.82,train,lt3,1,0.4595727718255436,0.5270132874001027,0.011056102828273047,0.0010148831348579827,0.0013429548112227046,3to4
1732,1733,OADMET-0003649,6.69,train,gte6,1,0.007316743914130643,0.022780850402372793,0.10934570370607616,0.2346072034839138,0.6259494984935066,gte6
1733,1734,OADMET-0003648,4.45,train,4to5,1,0.09234618347141972,0.4549321279390737,0.4034841066992028,0.03725650442557117,0.011981077464732598,3to4
1734,1735,OADMET-0003647,4.75,train,4to5,1,0.0037087712014428936,0.04391784226046624,0.3608779613404511,0.39046341226257314,0.20103201293506662,5to6
1735,1736,OADMET-0003646,4.21,train,4to5,2,0.0006217636472492713,0.020064315058566536,0.5800017185299855,0.3834393664682863,0.01587283629591237,4to5
1736,1737,OADMET-0003645,3.68,train,3to4,3,0.9851944330940123,0.013953809462636893,9.152808963237616e-05,4.035985282752923e-05,0.000719869500890858,lt3
1737,1738,OADMET-0003644,4.67,train,4to5,2,0.003972259400063662,0.005519039532641911,0.009463211640485894,0.07187216819289538,0.9091733212339131,gte6
1738,1739,OADMET-0003643,1.87,train,lt3,2,0.8823605344139139,0.11434567187625304,0.0006239912006816119,0.00037210580887470036,0.0022976967002767456,lt3
1739,1740,OADMET-0003642,2.74,train,lt3,3,0.5989497869329306,0.3434559387257251,0.02581916736252101,0.007618806751534867,0.024156300227288482,lt3
1740,1741,OADMET-0003641,1.98,train,lt3,1,0.6208983810090999,0.2685065334487426,0.017217269584209667,0.026395418389030617,0.06698239756891722,lt3
1741,1742,OADMET-0003640,5.03,train,5to6,2,0.00057149031615203,0.0038424031305743437,0.06525032881872472,0.27182301522930047,0.6585127625052485,gte6
1742,1743,OADMET-0003639,2.04,train,lt3,2,0.5883006342357081,0.37319842076679716,0.01896242394873362,0.004088092466626487,0.015450428582134591,lt3
1743,1744,OADMET-0003638,5.33,train,5to6,0,0.0058995512970744105,0.012672508076427001,0.04513914117059139,0.10806366750940835,0.8282251319464988,gte6
1744,1745,OADMET-0003637,3.88,train,3to4,4,0.13206431972597124,0.495698899287051,0.3041401622211836,0.030098693513948113,0.037997925251846,3to4
1745,1746,OADMET-0003636,4.3,train,4to5,1,0.026350173608396695,0.16258862311786743,0.4705233486271771,0.22991892267169575,0.11061893197486304,4to5
1746,1747,OADMET-0003634,3.9,train,3to4,1,0.14812875345828955,0.3500062059613394,0.32352627528929245,0.08091792765699057,0.09742083763408801,3to4
1747,1748,OADMET-0003633,1.82,train,lt3,2,0.7616191307778138,0.1224316326639748,0.004126688357864251,0.004617890222649159,0.10720465797769797,lt3
1748,1749,OADMET-0003631,4.89,train,4to5,3,0.05286665387141268,0.38446069953680506,0.4952929981382099,0.05402704076715555,0.01335260768641682,4to5
1749,1750,OADMET-0003630,5.66,train,5to6,3,0.00014715789396033358,0.000675760756255663,0.007405718400757545,0.13552690332834322,0.8562444596206833,gte6
1750,1751,OADMET-0003629,4.89,train,4to5,3,0.0004290394328518877,0.008501368380076691,0.159488376302256,0.5519482366978405,0.27963297918697483,5to6
1751,1752,OADMET-0003628,2.54,train,lt3,1,0.7213665928469403,0.27406204787202587,0.00286013333371828,0.0007826511892662473,0.0009285747580493972,lt3
1752,1753,OADMET-0003627,2.95,train,lt3,3,0.7016370905593728,0.2724285428830023,0.007685598931621013,0.0022897655186984046,0.015959002107305456,lt3
1753,1754,OADMET-0003626,5.88,train,5to6,3,0.00013097883470111353,0.0004958342169994148,0.00533571698694691,0.10751160215282429,0.8865258678085283,gte6
1754,1755,OADMET-0003625,6.21,train,gte6,3,0.0013644361660674988,0.0033777696741541913,0.027103396657407262,0.20487916948404536,0.7632752280183257,gte6
1755,1756,OADMET-0003624,1.9,train,lt3,2,0.8534173053720328,0.1441930628128646,0.0006829452215454257,0.00035923424128598067,0.0013474523522713007,lt3
1756,1757,OADMET-0003623,4.7,train,4to5,3,0.01768970919791859,0.23931844284121084,0.6007058184081188,0.10734894836953099,0.034937081183220885,4to5
1757,1758,OADMET-0003622,1.74,train,lt3,2,0.7072799419777127,0.22828278202526145,0.017509809680684506,0.008886543553863162,0.03804092276247822,lt3
1758,1759,OADMET-0003621,1.77,train,lt3,3,0.7832856355100438,0.21324411383376207,0.0018616545880334805,0.00037119660751688756,0.001237399460643716,lt3
1759,1760,OADMET-0003620,3.89,train,3to4,2,0.1776373455866878,0.536870440979077,0.24595960446661655,0.021604691545848778,0.017927917421769846,3to4
1760,1761,OADMET-0003619,4.37,train,4to5,2,0.0003129095197069836,0.007018790730473445,0.27628523702353847,0.5976949461999403,0.11868811652634076,5to6
1761,1762,OADMET-0003618,4.35,train,4to5,4,9.192233154907268e-05,0.0016688844253525722,0.18071422050677394,0.5615506789922322,0.2559742937440922,5to6
1762,1763,OADMET-0003617,4.92,train,4to5,1,0.04954557120800018,0.31563666462898254,0.4343697726726532,0.13991592824459076,0.060532063245773315,4to5
1763,1764,OADMET-0003616,4.04,train,4to5,2,0.18681900371029575,0.4607883961685765,0.2601018959956764,0.05112380545082575,0.04116689867462563,3to4
1764,1765,OADMET-0003615,3.29,train,3to4,2,0.8065028131613052,0.15151361639911642,0.005297539642801587,0.00409780749398585,0.03258822330279086,lt3
1765,1766,OADMET-0003614,4.56,train,4to5,1,0.30084195673339786,0.6148909305076432,0.06727724587583805,0.006300173528894011,0.010689693354226901,3to4
1766,1767,OADMET-0003613,2.69,train,lt3,2,0.42934647514882435,0.550004367061806,0.017431784548038447,0.0008699853851429753,0.0023473878561882,3to4
1767,1768,OADMET-0003612,4.57,train,4to5,1,0.07934852453027592,0.33589794230765274,0.3653308342298617,0.12411676722416976,0.09530593170803989,4to5
1768,1769,OADMET-0003611,4.28,train,4to5,3,0.031350201194210475,0.3739461104246524,0.5398318480975783,0.04580596963787426,0.009065870645684537,4to5
1769,1770,OADMET-0003610,1.82,train,lt3,2,0.7226170370418807,0.24725660917757103,0.007385925460332759,0.002619369678989555,0.020121058641225893,lt3
1770,1771,OADMET-0003609,4.47,train,4to5,1,0.023498443055021728,0.18054411666404788,0.4976591291734512,0.1902648739236731,0.1080334371838061,4to5
1771,1772,OADMET-0003608,5.55,train,5to6,3,0.00179681613218745,0.005450318472341866,0.029250824949993027,0.13479250095770934,0.8287095394877684,gte6
1772,1773,OADMET-0003607,3.59,train,3to4,1,0.5015185749756323,0.4702426750462103,0.01917358220224078,0.0032379105130464236,0.005827257262870077,lt3
1773,1774,OADMET-0003606,3.81,train,3to4,3,0.05684455325329993,0.3146472187345693,0.537646159409187,0.07465901762268456,0.016203050980259173,4to5
1774,1775,OADMET-0003605,4.34,train,4to5,3,0.0705750702064453,0.47007886454110454,0.40977529839685717,0.03733809497931175,0.012232671876281267,3to4
1775,1776,OADMET-0003604,4.88,train,4to5,1,0.001141279940088391,0.009205713902435131,0.0624600464942308,0.2297340938066471,0.6974588658565986,gte6
1776,1777,OADMET-0003603,5.2,train,5to6,0,0.0011549687734157855,0.01813104602565276,0.1902187210672485,0.5102192276322345,0.2802760365014485,5to6
1777,1778,OADMET-0003602,5.09,train,5to6,3,0.03388506350811902,0.1010478415141619,0.24401145955979986,0.2760219121884807,0.34503372322943854,gte6
1778,1779,OADMET-0003600,2.65,train,lt3,0,0.3485090776392003,0.597804553872311,0.04657195194505281,0.0030831839345609614,0.0040312326088749245,3to4
1779,1780,OADMET-0003599,4.75,train,4to5,1,0.0026855042292450834,0.030946644408477716,0.37327164142875746,0.41639089628913434,0.1767053136443854,5to6
1780,1781,OADMET-0003598,1.78,train,lt3,3,0.9141211482460789,0.08347305429824017,0.0007038472541848148,0.00017032424116487463,0.001531625960331186,lt3
1781,1782,OADMET-0003597,2.06,train,lt3,2,0.8890882461892441,0.10623215563045298,0.000939792342964081,0.0005691389497728603,0.003170666887565975,lt3
1782,1783,OADMET-0003596,3.21,train,3to4,4,8.026094642112685e-05,0.002810641059608046,0.36773361024920653,0.5790630306440381,0.05031245710072628,5to6
1783,1784,OADMET-0003595,2.51,train,lt3,3,0.44577309397309184,0.24233648000946312,0.02808117672986623,0.020739041702180088,0.26307020758539873,lt3
1784,1785,OADMET-0003594,4.65,train,4to5,3,0.010602452268889201,0.10395848237928043,0.6780880354916063,0.18590918755793298,0.021441842302291056,4to5
1785,1786,OADMET-0003593,4.31,train,4to5,0,0.0018703320185290116,0.023626794603998594,0.23178878000208325,0.4828428537248202,0.25987123965056896,5to6
1786,1787,OADMET-0003592,5.08,train,5to6,1,0.004843508406408912,0.03843814172186003,0.20443891188745253,0.36580708980651055,0.386472348177768,gte6
1787,1788,OADMET-0003591,3.29,train,3to4,2,0.7849021916120591,0.17285242161594566,0.006489114176806385,0.004283259029440312,0.031473013565748525,lt3
1788,1789,OADMET-0003590,4.26,train,4to5,1,0.5943188971723796,0.2307522415103142,0.015337936434509702,0.029421794803998168,0.1301691300787983,lt3
1789,1790,OADMET-0003589,3.73,train,3to4,1,0.12623512180588595,0.4209874978220091,0.2930981683836206,0.08572510991729304,0.07395410207119128,3to4
1790,1791,OADMET-0003588,5.18,train,5to6,1,0.0006785346154025988,0.005840863531487423,0.08779750711220895,0.36530416982762787,0.5403789249132732,gte6
1791,1792,OADMET-0003587,5.14,train,5to6,1,0.08462136605584475,0.27939062061649766,0.29104362617238044,0.1603418218936702,0.18460256526160693,4to5
1792,1793,OADMET-0003586,1.77,train,lt3,1,0.6172531739710299,0.30403914537960236,0.01859939253443008,0.019385866495831315,0.04072242161910647,lt3
1793,1794,OADMET-0003585,1.74,train,lt3,4,0.5946176938874916,0.3389953242589296,0.03292298105401593,0.003438980952414218,0.0300250198471486,lt3
1794,1795,OADMET-0003584,4.43,train,4to5,1,0.0710653327216009,0.32826049847769356,0.42347650948416865,0.10262794582840518,0.07456971348813173,4to5
1795,1796,OADMET-0003583,2.59,train,lt3,3,0.7128195615941417,0.2838157892327581,0.002327475843523649,0.00025906019614556526,0.0007781131334309771,lt3
1796,1797,OADMET-0003582,1.79,train,lt3,2,0.6603714832426266,0.3057039704222892,0.014684625526534637,0.004316000349653854,0.01492392045889571,lt3
1797,1798,OADMET-0003581,2.04,train,lt3,1,0.5757745939556157,0.21867414697983822,0.01437574398585379,0.034884809473022554,0.1562907056056697,lt3
1798,1799,OADMET-0003580,4.81,train,4to5,3,0.00018621920421003015,0.0013957972701620371,0.029570539178004344,0.2946645381979891,0.6741829061496345,gte6
1799,1800,OADMET-0003579,2.45,train,lt3,1,0.47239955555797286,0.2204295363958249,0.019667766695204873,0.05695348148117242,0.23054965986982495,lt3
1800,1801,OADMET-0003578,1.79,train,lt3,2,0.8097642697848578,0.1716723599083366,0.00375398785692634,0.0020053091086694465,0.012804073341209784,lt3
1801,1802,OADMET-0003577,4.42,train,4to5,2,0.003820431254378801,0.03761167891698407,0.4667817735909942,0.4271124379913457,0.06467367824629723,4to5
1802,1803,OADMET-0003576,5.18,train,5to6,2,0.0007787933246738281,0.0061857977152234905,0.09500376482012736,0.36450864337115646,0.5335230007688189,gte6
1803,1804,OADMET-0003575,4.18,train,4to5,2,0.034610270164524386,0.17087365050339512,0.5041221788480066,0.2189933129029977,0.07140058758107619,4to5
1804,1805,OADMET-0003574,2.36,train,lt3,1,0.6589319880861432,0.3304196981871141,0.006145914248338487,0.0020100209464184913,0.002492378531985719,lt3
1805,1806,OADMET-0003573,4.52,train,4to5,4,0.03199215605854988,0.3211042582988739,0.5703109502792358,0.06846058368682861,0.008132051676511765,4to5
1806,1807,OADMET-0003572,1.82,train,lt3,2,0.7800934376180695,0.1789477618362498,0.009496553670091654,0.006383944375204822,0.02507830250038428,lt3
1807,1808,OADMET-0003571,2.24,train,lt3,3,0.2726473661013439,0.22306736098797345,0.041519732765718825,0.029957968986069596,0.43280757115889423,gte6
1808,1809,OADMET-0003570,4.65,train,4to5,0,0.0019384464093028626,0.029972307205456343,0.2877428931731739,0.450705795588101,0.22964055762396587,5to6
1809,1810,OADMET-0003569,1.75,train,lt3,1,0.49542875758878446,0.36397210983838507,0.04230627931936277,0.02947484800694001,0.06881800524652767,lt3
1810,1811,OADMET-0003567,5.24,train,5to6,3,9.976216417744203e-05,0.0007112824470222009,0.00934974227346401,0.1287647974150176,0.8610744157003187,gte6
1811,1812,OADMET-0003566,4.68,train,4to5,4,0.008351069805063654,0.04456464536387305,0.37226655767262073,0.39872246646461806,0.17609526069382453,5to6
1812,1813,OADMET-0003565,1.96,train,lt3,3,0.6695082993158004,0.09902307564445707,0.007354331709473798,0.009484238374957089,0.21463005495531168,lt3
1813,1814,OADMET-0003564,4.84,train,4to5,3,0.00010708591941343113,0.0008167601603751564,0.01351815620433567,0.19887779241972162,0.7866802052961541,gte6
1814,1815,OADMET-0003563,6.09,train,gte6,4,0.0425011024996474,0.05865875171633435,0.1611124253107246,0.201772478196435,0.5359552422768586,gte6
1815,1816,OADMET-0003562,5.42,train,5to6,2,0.17030455457557178,0.5052888478107743,0.2801669286964505,0.03073184988756971,0.013507819029633647,3to4
1816,1817,OADMET-0003561,2.11,train,lt3,3,0.7457754302022712,0.24996747527755928,0.0024729540009465326,0.00042347817784388206,0.001360662341379042,lt3
1817,1818,OADMET-0003560,3.0,train,lt3,3,0.37747210783600105,0.5305775654125683,0.04912037827221073,0.00770533965958862,0.03512460881963129,3to4
1818,1819,OADMET-0003557,4.69,train,4to5,0,0.0025881090337339808,0.06629478727678957,0.5005866135290281,0.36280765014453564,0.0677228400159127,4to5
1819,1820,OADMET-0003556,3.98,train,3to4,4,0.1519239442995526,0.2772058658685327,0.4294369528820174,0.07502688709466171,0.06640634985523561,4to5
1820,1821,OADMET-0003555,4.0,train,3to4,2,0.223353835532183,0.43649736481325574,0.2345328216448026,0.05266767407216562,0.05294830393759304,3to4
1821,1822,OADMET-0003554,4.71,train,4to5,3,0.0036810545433604157,0.018302874499001805,0.09643396661097163,0.23080566348121806,0.6507764408654481,gte6
1822,1823,OADMET-0003553,4.12,train,4to5,2,0.12076179978393764,0.4155195498645473,0.38734026300384616,0.05049592068434057,0.02588246666332831,3to4
1823,1824,OADMET-0003552,4.24,train,4to5,2,0.2261911793833268,0.431295726818101,0.24510692089158767,0.05004303976636888,0.04736313314061563,3to4
1824,1825,OADMET-0003551,4.94,train,4to5,4,0.0263974013194587,0.22829650214893835,0.5643916098528079,0.1384628705393735,0.04245161613942152,4to5
1825,1826,OADMET-0003550,5.25,train,5to6,4,0.000911995295453855,0.0037489917289431417,0.07506236372813985,0.19730974573040355,0.7229669035170596,gte6
1826,1827,OADMET-0003549,4.18,train,4to5,1,0.07093778521984766,0.47184869463266244,0.3833507936436151,0.05302890779629223,0.02083381870758259,3to4
1827,1828,OADMET-0003548,4.18,train,4to5,2,0.012221526400080049,0.0746808650891515,0.4382000283829869,0.36319482461808184,0.11170275550969971,4to5
1828,1829,OADMET-0003547,4.75,train,4to5,4,0.015682337367469334,0.1078254252348442,0.5399548260507688,0.2707300408539351,0.06580737049298258,4to5
1829,1830,OADMET-0003546,4.34,train,4to5,2,0.00011555516139417957,0.001164584147482479,0.029103153309234037,0.3666017822693926,0.6030149251124968,gte6
1830,1831,OADMET-0003545,4.6,train,4to5,0,0.06964638984903075,0.34222201277811853,0.3681164466168682,0.11161021392666282,0.10840493682931968,4to5
1831,1832,OADMET-0003544,4.7,train,4to5,2,0.013575857530489299,0.11143075695527858,0.49112325998232376,0.2489624028074786,0.13490772272442975,4to5
1832,1833,OADMET-0003543,1.82,train,lt3,3,0.8312595472553175,0.1665278491733695,0.0012872192047188814,0.0002012573818246785,0.0007241269847694628,lt3
1833,1834,OADMET-0003542,5.69,train,5to6,4,0.10928712540968227,0.374859026636354,0.38524260255897186,0.056921778837104614,0.0736894665578872,4to5
1834,1835,OADMET-0003541,2.92,train,lt3,0,0.4648999524173332,0.47414332142511706,0.03201229464995187,0.008359839122781315,0.020584592384816598,3to4
1835,1836,OADMET-0003540,2.09,train,lt3,1,0.6747007262305329,0.3207709425407617,0.003729737633718687,0.0003797761148453922,0.00041881748014127,lt3
1836,1837,OADMET-0003539,2.38,train,lt3,0,0.8825758860642192,0.11658919862977332,0.00032709017888317464,9.595140827307544e-05,0.0004118737188511827,lt3
1837,1838,OADMET-0003538,2.57,train,lt3,2,0.9128300958209611,0.08593923423946877,0.00022185012771365614,0.00017271311311767922,0.0008361066987388046,lt3
1838,1839,OADMET-0003537,1.77,train,lt3,3,0.8750186431895545,0.12354934776141263,0.0007019963127059132,0.00012578590934490285,0.0006042268269820964,lt3
1839,1840,OADMET-0003536,5.82,train,5to6,4,0.0026025566864425376,0.003843979859896267,0.02775281817788309,0.1797611242936405,0.7860395209821376,gte6
1840,1841,OADMET-0003535,2.62,train,lt3,0,0.2478957176208496,0.35076701641082764,0.2183644324541092,0.07724680006504059,0.10572603344917297,3to4
1841,1842,OADMET-0003534,5.66,train,5to6,1,2.120443959591563e-05,0.0005141987326010012,0.05082300282735612,0.4962353684263068,0.4524062255741402,5to6
1842,1843,OADMET-0003533,5.58,train,5to6,3,0.00021025816249333149,0.004367496789894779,0.0869450936026339,0.4539927512678731,0.4544844001771049,gte6
1843,1844,OADMET-0003532,5.62,train,5to6,1,7.083906026164072e-05,0.0022195273313868496,0.13864592155329597,0.6173921422323264,0.24167156982272914,5to6
1844,1845,OADMET-0003531,5.91,train,5to6,3,0.00032350341357485226,0.0013848174860628662,0.015229725732863455,0.1843905540128289,0.7986713993546699,gte6
1845,1846,OADMET-0003530,5.6,train,5to6,3,4.6420007594359426e-05,0.0010285271183924148,0.06825241193948284,0.5682291178256188,0.36244352310891165,5to6
1846,1847,OADMET-0003529,5.74,train,5to6,4,8.010917851246082e-05,0.0007398805817041244,0.05480726638191992,0.37524818209342814,0.5691245617644354,gte6
1847,1848,OADMET-0003528,1.91,train,lt3,3,0.4754881439023428,0.4642535329172647,0.032604041605618646,0.006668045480389846,0.020986236094383996,lt3
1848,1849,OADMET-0003527,5.005,train,5to6,4,0.0001167875199963874,0.00373452145774684,0.3836025780621709,0.541707738168348,0.07083837479173775,5to6
1849,1850,OADMET-0003526,6.63,train,gte6,4,0.00014861799723753138,0.0013594015040723757,0.08190155777334496,0.5013162495529527,0.4152741731723924,5to6
1850,1851,OADMET-0003525,5.42,train,5to6,4,0.0003669328127606278,0.007973539924479087,0.3888676601839389,0.5505075053010835,0.05228436177773782,5to6
1851,1852,OADMET-0003524,5.92,train,5to6,0,0.00018833429025228124,0.002276092513355832,0.0428891438659347,0.3391548065053849,0.6154916228250723,gte6
1852,1853,OADMET-0003523,5.38,train,5to6,4,0.00016469577056826427,0.0004067986800507963,0.009128907835827786,0.1362575909592018,0.8540420067543514,gte6
1853,1854,OADMET-0003522,1.73,train,lt3,3,0.4651410652442506,0.4705294142779619,0.03883627986583248,0.007166757832587317,0.018326482779367728,3to4
1854,1855,OADMET-0003521,4.79,train,4to5,1,8.378698320277161e-05,0.0030224545212377946,0.21397930915053717,0.5993421226561962,0.1835723266888261,5to6
1855,1856,OADMET-0003520,5.49,train,5to6,2,0.00019726716515894698,0.0005748299455326007,0.005691716601527774,0.14494930600057282,0.8485868802872079,gte6
1856,1857,OADMET-0003519,5.12,train,5to6,0,0.00012444876352165298,0.00460746274118693,0.22714158652663477,0.6455004147045358,0.12262608726412087,5to6
1857,1858,OADMET-0003518,5.25,train,5to6,4,4.094875911086747e-05,0.0009988368430255748,0.21932010735195914,0.689695370307488,0.08994473673841644,5to6
1858,1859,OADMET-0003517,4.91,train,4to5,0,0.000221315066107331,0.0014462963955486885,0.016641619271190237,0.21916768728233935,0.7625230819848144,gte6
1859,1860,OADMET-0003516,5.29,train,5to6,2,0.000930768327444535,0.018578324590223433,0.4367170064818195,0.4939627978200884,0.04981110278042416,5to6
1860,1861,OADMET-0003515,5.14,train,5to6,2,0.0013480228327977658,0.01528113982315735,0.22907085642055794,0.5704188924315701,0.18388108849191684,5to6
1861,1862,OADMET-0003514,5.35,train,5to6,3,0.00011551504680313601,0.002512034982700332,0.1064320737762062,0.6064279730064401,0.28451240318785015,5to6
1862,1863,OADMET-0003513,5.66,train,5to6,1,1.2160671963386385e-05,0.0002342439150562052,0.012283398976784899,0.2943600763809659,0.6931101200552297,gte6
1863,1864,OADMET-0003512,5.89,train,5to6,0,1.699256330603776e-05,0.00036630810452954087,0.03871142686608854,0.4914090880814975,0.46949618438457835,5to6
1864,1865,OADMET-0003511,5.55,train,5to6,4,2.877845034223088e-05,0.0002942278402165961,0.06493389356251185,0.5468766478560032,0.3878664522909261,5to6
1865,1866,OADMET-0003510,5.2,train,5to6,0,7.935163173379122e-05,0.0031009084244363406,0.2060783398336859,0.6524424685600149,0.13829893155012915,5to6
1866,1867,OADMET-0003509,2.94,train,lt3,3,0.16773255831578227,0.5903168029274879,0.21375690835610392,0.016936495064167084,0.011257235336458801,3to4
1867,1868,OADMET-0003508,5.23,train,5to6,1,4.80905388693768e-05,0.0018254277071041516,0.17070428598639822,0.6301623424679201,0.19725985329970816,5to6
1868,1869,OADMET-0003506,5.14,train,5to6,2,3.581502810435577e-05,0.0012544207227087722,0.13768514938312715,0.7238063188613559,0.13721829600470384,5to6
1869,1870,OADMET-0003505,5.74,train,5to6,2,0.020262173402510283,0.12793024802519762,0.5539369335500777,0.2525232619409295,0.04534738308128492,4to5
1870,1871,OADMET-0003504,5.58,train,5to6,1,5.2675137503272026e-05,0.0018412938228401668,0.1619588979835503,0.6415217317162468,0.19462540133985942,5to6
1871,1872,OADMET-0003503,6.140000000000001,train,gte6,4,0.00024398258448446816,0.00040091176757141176,0.005481261470371742,0.08423552932665644,0.909638314850916,gte6
1872,1873,OADMET-0003502,5.35,train,5to6,1,0.0026173455237008913,0.023632562684851633,0.2658906977950092,0.4529261760942095,0.25493321790222884,5to6
1873,1874,OADMET-0003501,5.23,train,5to6,4,0.0018505898646352468,0.03657417204991508,0.6056747777085888,0.3239922109628373,0.03190824941402353,4to5
1874,1875,OADMET-0003500,5.24,train,5to6,1,0.00011498228666170629,0.0035888858006789042,0.18423205784999208,0.5910339410298058,0.22103013303286148,5to6
1875,1876,OADMET-0003499,6.215,train,gte6,1,1.613042726394872e-05,0.00015177078892290706,0.006748707162197146,0.17040963795415898,0.822673753667457,gte6
1876,1877,OADMET-0003498,5.39,train,5to6,3,0.0011592842260608935,0.014396949201921725,0.17172334528498623,0.49546222263837436,0.3172581986486568,5to6
1877,1878,OADMET-0003497,2.95,train,lt3,2,0.15742879880669577,0.512711409491268,0.2891690415956286,0.028764198193874966,0.011926551912532585,3to4
1878,1879,OADMET-0003496,5.77,train,5to6,1,2.2186497134972803e-05,0.00033145391509450327,0.015629242836252697,0.2611091091925665,0.7229080075589512,gte6
1879,1880,OADMET-0003495,3.42,train,3to4,3,0.16555416314192317,0.6641073714737976,0.15769929926866877,0.008466564912195424,0.004172601203415058,3to4
1880,1881,OADMET-0003493,5.42,train,5to6,3,0.0015952244996635377,0.026801705578821642,0.46436319133562776,0.46376458188327035,0.043475296702616704,4to5
1881,1882,OADMET-0003492,5.47,train,5to6,0,9.77461508540355e-05,0.001150089754275945,0.041594157865107756,0.3704509646671823,0.5867070415625799,gte6
1882,1883,OADMET-0003491,4.98,train,4to5,2,0.0002977634271462054,0.007215283664409534,0.23533904102747338,0.5913413428424247,0.16580656903854624,5to6
1883,1884,OADMET-0003490,5.57,train,5to6,2,0.0001242875153585754,0.0020058236598117112,0.08449662496820311,0.601395310397892,0.31197795345873464,5to6
1884,1885,OADMET-0003489,5.3,train,5to6,0,0.00033914733417183136,0.0007220270722810436,0.004310152371487693,0.056469710808929555,0.9381589624131299,gte6
1885,1886,OADMET-0003488,5.37,train,5to6,1,0.00010425590416235329,0.0032334449585113925,0.14397000139433677,0.5822494176833168,0.2704428800596726,5to6
1886,1887,OADMET-0003487,4.94,train,4to5,2,0.00022850401026322368,0.005173031712084054,0.17853230257705516,0.6371610171688988,0.17890514453169876,5to6
1887,1888,OADMET-0003486,5.880000000000001,train,5to6,3,3.2830628543418595e-05,0.0004326904922068416,0.010132929632578945,0.22392608369760647,0.7654754655490643,gte6
1888,1889,OADMET-0003485,5.57,train,5to6,4,3.655701532036054e-05,0.00011493419713704613,0.006403379981450521,0.13931862809424458,0.8541265007118475,gte6
1889,1890,OADMET-0003484,5.39,train,5to6,2,0.0002173353876962938,0.002258231031633814,0.05926694371261027,0.5187613657970019,0.4194961240710577,5to6
1890,1891,OADMET-0003483,5.45,train,5to6,3,4.7762049048984886e-05,0.0015316228466085327,0.1181023633620981,0.6926673758202824,0.18765087592196203,5to6
1891,1892,OADMET-0003482,5.43,train,5to6,0,0.001206465068850103,0.008410637290432968,0.11410932274752107,0.46568933259422707,0.41058424229896884,5to6
1892,1893,OADMET-0003481,5.38,train,5to6,3,9.909433708775828e-05,0.0021179164735467145,0.06922252468257532,0.53298330245735,0.39557716204944016,5to6
1893,1894,OADMET-0003480,5.33,train,5to6,1,8.806884717594964e-05,0.0032427423209584667,0.19079944789859885,0.6193552114099563,0.18651452952331046,5to6
1894,1895,OADMET-0003479,4.92,train,4to5,0,3.095211085454248e-05,0.0008369042809240984,0.06518312120107823,0.4911662915101989,0.4427827308969442,5to6
1895,1896,OADMET-0003478,1.83,train,lt3,2,0.2578513814644322,0.5541604530224018,0.15654891087845704,0.01607557692814117,0.01536367770656774,3to4
1896,1897,OADMET-0003477,5.9,train,5to6,4,9.437228488492435e-05,0.0002948712806604649,0.010747029505180793,0.1720484653638315,0.8168152615654424,gte6
1897,1898,OADMET-0003476,4.79,train,4to5,1,7.249994716881773e-05,0.002813972727640856,0.15180501137150942,0.6107765353825458,0.23453198057113506,5to6
1898,1899,OADMET-0003475,4.9,train,4to5,3,9.198364188193987e-05,0.0030043549989294026,0.14679382133935537,0.6416188212931748,0.2084910187266584,5to6
1899,1900,OADMET-0003474,5.89,train,5to6,2,1.0739190333602049e-05,8.952502446333371e-05,0.004856955059560938,0.1772043056679912,0.817838475057651,gte6
1900,1901,OADMET-0003473,5.98,train,5to6,2,0.00011013921569730638,0.0018889052537971005,0.08075166037551146,0.5742397513830736,0.34300954377192056,5to6
1901,1902,OADMET-0003472,6.015000000000001,train,gte6,0,1.0888417604811034e-05,0.00018536649803718827,0.018621487176793565,0.3752844259848645,0.6058978319227,gte6
1902,1903,OADMET-0003471,5.4,train,5to6,0,0.0007438831329346123,0.013859333528179146,0.4135814902285875,0.503706848804408,0.06810844430589075,5to6
1903,1904,OADMET-0003470,5.82,train,5to6,1,2.9757950757698766e-05,0.0011004027532804678,0.11459786051532096,0.6216264749769594,0.26264550380368146,5to6
1904,1905,OADMET-0003469,4.82,train,4to5,4,0.0004032942271636371,0.007083173908029809,0.39884427565922803,0.4713659628970366,0.12230329330854196,5to6
1905,1906,OADMET-0003468,1.85,train,lt3,0,0.01117013947384354,0.08902748624406297,0.47806817026025705,0.3300557714138789,0.09167843260795754,4to5
1906,1907,OADMET-0003467,6.494999999999999,train,gte6,1,1.0820873645099064e-05,0.0001549930217740302,0.008928272238618314,0.2558561052492486,0.735049808616714,gte6
1907,1908,OADMET-0003466,5.3,train,5to6,0,0.00014394090462128425,0.00356643913605986,0.24424660823031927,0.6549086932725077,0.09713431845649195,5to6
1908,1909,OADMET-0003465,5.54,train,5to6,1,7.477339710439754e-05,0.0008526650859932943,0.02061393573849959,0.2675658580441446,0.7108927677342581,gte6
1909,1910,OADMET-0003464,5.16,train,5to6,1,0.00010103138168813173,0.004006194056670232,0.27547071112192567,0.5956305422872957,0.12479152115242029,5to6
1910,1911,OADMET-0003463,5.14,train,5to6,3,9.105914888330312e-05,0.0016941494712581899,0.052418411308183505,0.4748075950482057,0.4709887850234693,5to6
1911,1912,OADMET-0003462,4.92,train,4to5,1,0.0006827136355450189,0.005001837831506399,0.07363928077259647,0.3320532426643189,0.5886229250960332,gte6
1912,1913,OADMET-0003461,1.76,train,lt3,3,0.5782335252487828,0.3886548181176116,0.019754087046498996,0.004257807864723991,0.009099761722382672,lt3
1913,1914,OADMET-0003460,5.555,train,5to6,2,6.593081281762697e-05,0.0013759819429141297,0.06538423089598566,0.5240288923821852,0.4091449639660974,5to6
1914,1915,OADMET-0003459,5.04,train,5to6,1,0.00010003776482836762,0.0026272313572603553,0.1057318053858546,0.5496089340817017,0.34193199141035496,5to6
1915,1916,OADMET-0003458,2.05,train,lt3,1,0.4082089037578872,0.4768545841709764,0.08335252183646255,0.011498448449311251,0.020085541785362555,3to4
1916,1917,OADMET-0003457,5.25,train,5to6,4,0.00013063124037400076,0.0023474147124996595,0.15074763325386595,0.5700111657480867,0.2767631550451737,5to6
1917,1918,OADMET-0003456,1.79,train,lt3,0,0.39092187981339505,0.5653262576462815,0.0338790183734423,0.004761628673552665,0.005111215493328437,3to4
1918,1919,OADMET-0003455,5.47,train,5to6,1,0.00017296664025193457,0.005072561562986395,0.3044976892878673,0.5668933396768157,0.12336344283207869,5to6
1919,1920,OADMET-0003454,1.78,train,lt3,2,0.2292286492991274,0.7036422605754244,0.06338117374961315,0.0020954402039481362,0.0016524761718868586,3to4
1920,1921,OADMET-0003453,5.28,train,5to6,3,0.00010296849428068583,0.0026797943461864724,0.10738366168936919,0.5974350015490587,0.2923985739211049,5to6
1921,1922,OADMET-0003452,5.67,train,5to6,3,6.33050204631081e-05,0.0015045628704162927,0.0646599215461079,0.5122212031423135,0.42155100742069923,5to6
1922,1923,OADMET-0003451,5.66,train,5to6,4,1.8330818514337667e-05,0.00012870872226301134,0.036742121169285984,0.4842849994652679,0.4788258398246688,5to6
1923,1924,OADMET-0003450,5.28,train,5to6,4,0.00014041681167663265,0.0015525447386156698,0.09909418788941565,0.5436782737386636,0.3555345768216285,5to6
1924,1925,OADMET-0003449,5.57,train,5to6,0,0.0005637133408569532,0.011197635271719993,0.31738491054488327,0.5620132367386925,0.10884050410384725,5to6
1925,1926,OADMET-0003448,5.01,train,5to6,2,0.00021941642409708097,0.010678593895280404,0.5220199175829547,0.4514905169764742,0.015591555121193605,4to5
1926,1927,OADMET-0003447,5.49,train,5to6,1,0.0002302260005435009,0.006756257893232496,0.22685815863633516,0.5765391328883931,0.18961622458149577,5to6
1927,1928,OADMET-0003446,5.35,train,5to6,4,2.250705052237541e-05,8.810014610030668e-05,0.0071188350438362745,0.1824965011982639,0.8102740565612772,gte6
1928,1929,OADMET-0003445,5.21,train,5to6,3,5.522153394446535e-05,0.002000594235157903,0.15848609459396312,0.6865057795501756,0.1529523100867589,5to6
1929,1930,OADMET-0003444,2.55,train,lt3,4,0.361156664145801,0.611637220981046,0.025716883485380086,0.0007212855109424026,0.0007679458768305391,3to4
1930,1931,OADMET-0003443,2.49,train,lt3,2,0.5092777025043355,0.46711099251116495,0.019048789558225195,0.0011865742298011797,0.0033759411964731853,lt3
1931,1932,OADMET-0003442,6.325,train,gte6,4,9.984105202944546e-05,0.00023095365989412797,0.005896541162992349,0.10961407186945396,0.8841585922556301,gte6
1932,1933,OADMET-0003441,5.75,train,5to6,4,4.061842351961052e-05,0.0003047430156632094,0.032046252544151055,0.39544275693049874,0.5721656290861674,gte6
1933,1934,OADMET-0003440,5.49,train,5to6,0,3.942585546721149e-05,0.0009021157440324193,0.06399122407294014,0.5282917438533634,0.4067754904741968,5to6
1934,1935,OADMET-0003439,5.33,train,5to6,1,0.00029876812839173413,0.00800609287719639,0.34138377583884794,0.5185439447343797,0.1317674184211842,5to6
1935,1936,OADMET-0003438,6.0,train,5to6,2,2.4240200184809086e-05,0.0004474686277840948,0.041949097008591785,0.47235640817544233,0.485222785987997,gte6
1936,1937,OADMET-0003437,5.955,train,5to6,3,3.651148983619819e-05,0.0006502589033277417,0.044578883377540506,0.5417371937330886,0.412997152496207,5to6
1937,1938,OADMET-0003436,5.859999999999999,train,5to6,3,1.018689583573332e-05,0.0001336422505315103,0.005652550316391015,0.19633248925908767,0.797871131278154,gte6
1938,1939,OADMET-0003435,5.56,train,5to6,2,2.110829912679636e-05,0.0001998741792798133,0.012382609811355532,0.28263537045165416,0.7047610372585837,gte6
1939,1940,OADMET-0003434,6.01,train,gte6,0,3.4508995875039486e-05,0.0004334192578770428,0.028384818300803267,0.4020021370011475,0.5691451164442972,gte6
1940,1941,OADMET-0003433,5.83,train,5to6,4,1.2495778026125222e-05,4.040805791678478e-05,0.004288768623528855,0.13735184801622508,0.8583064795243032,gte6
1941,1942,OADMET-0003432,5.48,train,5to6,0,7.764047904286405e-05,0.0038307343483979473,0.29794675821182104,0.6081025733010432,0.09004229365969495,5to6
1942,1943,OADMET-0003431,5.7,train,5to6,4,3.4581666703593706e-05,0.0003168749735250817,0.04912935281142711,0.5037287559588746,0.44679043458946965,5to6
1943,1944,OADMET-0003430,3.79,train,3to4,3,0.03822785303916177,0.32755956572341977,0.5721474380479254,0.05370039205337564,0.0083647511361174,4to5
1944,1945,OADMET-0003429,5.31,train,5to6,1,0.0008809227673926507,0.018010214530705903,0.3583644369240504,0.46087708714940706,0.16186733862844402,5to6
1945,1946,OADMET-0003428,5.09,train,5to6,0,0.0011170365813778012,0.022312932113869886,0.43627230109992227,0.47952921052556124,0.060768519679268766,5to6
1946,1947,OADMET-0003427,5.34,train,5to6,2,6.23838668688227e-05,0.0006173940180526825,0.014120191023556918,0.23533774454248912,0.7498622865490324,gte6
1947,1948,OADMET-0003426,5.49,train,5to6,1,7.147326653263666e-05,0.001829807870736077,0.11677613054037457,0.554805931801248,0.3265166565211087,5to6
1948,1949,OADMET-0003425,5.59,train,5to6,4,0.000509424211354904,0.005071407249972374,0.1903385966015945,0.5470972226018994,0.2569833493351788,5to6
1949,1950,OADMET-0003424,5.69,train,5to6,0,3.906667272241673e-05,0.0009095050239414049,0.047430203377272856,0.46986208368864335,0.48175914123742,gte6
1950,1951,OADMET-0003423,3.0,train,lt3,3,0.33044977083554405,0.5867279431933831,0.06624463566202196,0.007079050005076849,0.009498600303974078,3to4
1951,1952,OADMET-0003422,5.53,train,5to6,2,9.7386432231203e-05,0.0035760158740787483,0.2635763751302887,0.6629980469780237,0.06975217558537765,5to6
1952,1953,OADMET-0003421,3.38,train,3to4,2,0.5030900342853497,0.44765795849636186,0.03663850961606657,0.0033365105267914637,0.009276987075430444,lt3
1953,1954,OADMET-0003420,5.3,train,5to6,1,4.486826520235932e-05,0.0009358656694248124,0.07338420943816845,0.48483496224420825,0.44080009438299617,5to6
1954,1955,OADMET-0003419,5.68,train,5to6,0,5.2004877416833266e-05,0.0005094027677180664,0.016802239992912523,0.2740286262891616,0.708607726072791,gte6
1955,1956,OADMET-0003418,5.44,train,5to6,1,3.496442156479119e-05,0.0009463721088343352,0.09436094032760572,0.5556343803834451,0.34902334275854996,5to6
1956,1957,OADMET-0003417,5.87,train,5to6,2,1.7056168967736904e-05,0.0001061561494276433,0.002865254662261407,0.1075223541338874,0.8894891788854559,gte6
1957,1958,OADMET-0003416,4.81,train,4to5,3,0.46726400856131284,0.47077525844631196,0.03696818136079662,0.0059132173262146205,0.01907933430536398,3to4
1958,1959,OADMET-0003415,5.89,train,5to6,2,7.755737265577434e-05,0.0010132623263237907,0.037848286798850224,0.38210928912729863,0.5789516043748716,gte6
1959,1960,OADMET-0003414,6.845,train,gte6,2,1.7246269424287436e-05,0.00019600717983900477,0.011203581330057727,0.2661639121359592,0.7224192530847198,gte6
1960,1961,OADMET-0003413,5.54,train,5to6,4,5.422865093338596e-05,0.0008596552107696586,0.13577343582676468,0.6713004141500929,0.19201226616143938,5to6
1961,1962,OADMET-0003412,5.975,train,5to6,1,2.7703321927993664e-05,0.00040633840698074534,0.015135035148438617,0.24846570531982173,0.7359652178028309,gte6
1962,1963,OADMET-0003411,5.8,train,5to6,1,2.2142462486685002e-05,0.0006256979276646127,0.04858822915372242,0.49529750043292015,0.45546643002320614,5to6
1963,1964,OADMET-0003410,2.28,train,lt3,3,0.12473561844185783,0.7256258859588869,0.1435917493290613,0.004502751947314806,0.0015439943228791355,3to4
1964,1965,OADMET-0003409,6.41,train,gte6,1,0.00010333293411419011,0.00041316415659716925,0.005303866350894657,0.12039733952642755,0.8737822970319664,gte6
1965,1966,OADMET-0003408,5.45,train,5to6,1,0.0006615269540518315,0.006967059049888587,0.16055966252951875,0.5041318328340302,0.32767991863251067,5to6
1966,1967,OADMET-0003407,5.48,train,5to6,2,1.9545921645885996e-05,0.0003080614569390107,0.04674041670979258,0.5625135335327165,0.390418442378906,5to6
1967,1968,OADMET-0003406,5.85,train,5to6,3,1.897644227935956e-05,0.0003224394586036686,0.027938295599021154,0.474526113005569,0.49719417549452677,gte6
1968,1969,OADMET-0003405,2.42,train,lt3,0,0.48773622924472165,0.5029438776503586,0.008176970364622579,0.0006285049656367174,0.00051441777466043,3to4
1969,1970,OADMET-0003404,5.88,train,5to6,0,2.6836399105595227e-05,0.0005358878563654184,0.028004084602656385,0.383466314580027,0.5879668765618455,gte6
1970,1971,OADMET-0003403,5.61,train,5to6,2,5.2572903804473134e-05,0.0009150953112767253,0.04827380100100974,0.47291436005173226,0.4778441707321768,gte6
1971,1972,OADMET-0003402,5.81,train,5to6,0,8.869647020279485e-05,0.002772673275409512,0.19376127487552552,0.6821666383030944,0.12121071707576771,5to6
1972,1973,OADMET-0003401,5.25,train,5to6,2,6.91109985901739e-05,0.0017901999547006184,0.09540488891978466,0.594300886126014,0.3084349140009106,5to6
1973,1974,OADMET-0003400,5.38,train,5to6,0,2.8545180197165185e-05,0.00105039196716086,0.13291335555829537,0.6843525827797102,0.18165512451463642,5to6
1974,1975,OADMET-0003399,5.3,train,5to6,3,3.464659677165791e-05,0.0009506476347860813,0.10319438580302326,0.686019659281948,0.209800660683471,5to6
1975,1976,OADMET-0003398,5.33,train,5to6,2,3.4094327315288e-05,0.0005582772043323709,0.02858606454392165,0.3951686462295865,0.5756529176948443,gte6
1976,1977,OADMET-0003397,6.470000000000001,train,gte6,2,1.6277120872053018e-05,0.00017948507985414888,0.013814089561627123,0.3362111982455938,0.6497789499920529,gte6
1977,1978,OADMET-0003396,5.33,train,5to6,0,2.0180600500028182e-05,0.000253768828983135,0.01766122604199075,0.3551673415909976,0.6268974829375284,gte6
1978,1979,OADMET-0003395,5.58,train,5to6,2,0.00027686286172792427,0.004694187763387105,0.17613505378017963,0.6661662104185526,0.15272768517615276,5to6
1979,1980,OADMET-0003394,1.74,train,lt3,3,0.4218473403437857,0.5356390058437672,0.03279699874413326,0.0030343593059782015,0.00668229576233563,3to4
1980,1981,OADMET-0003393,1.97,train,lt3,3,0.2622201259474698,0.5940803549455261,0.10939564289673717,0.01225601469728415,0.022047861512982745,3to4
1981,1982,OADMET-0003392,3.33,train,3to4,0,0.6970279403399241,0.289244510527495,0.007153137778539873,0.0016306655452415668,0.004943745808799464,lt3
1982,1983,OADMET-0003391,5.06,train,5to6,2,8.925021202566406e-05,0.003515809000801417,0.3079210155988687,0.6428187352189284,0.04565518996937581,5to6
1983,1984,OADMET-0003390,5.29,train,5to6,3,0.00022060422959436417,0.006555645390823021,0.2320539087402029,0.6167440098515521,0.14442583178782767,5to6
1984,1985,OADMET-0003389,5.31,train,5to6,4,2.1665331095524993e-05,0.0001974603174590817,0.05833760143983465,0.5641999116590463,0.3772433612525644,5to6
1985,1986,OADMET-0003388,5.5,train,5to6,4,0.0001275693314871162,0.0007857859920100154,0.04437267632178672,0.38880597247158727,0.5659079958831289,gte6
1986,1987,OADMET-0003387,4.97,train,4to5,4,0.0027731734940595865,0.062110933096270506,0.6902948886340592,0.22649728642428452,0.018323718351326176,4to5
1987,1988,OADMET-0003386,3.35,train,3to4,3,0.5897170111309905,0.3999097215739898,0.007884680965516906,0.0009128497031191316,0.0015757366263836625,lt3
1988,1989,OADMET-0003385,5.48,train,5to6,3,0.0008398363162245663,0.014642571148536466,0.28933093049454,0.5595368165786573,0.13564984546204162,5to6
1989,1990,OADMET-0003384,5.16,train,5to6,1,1.964922351889667e-05,0.0005345595353103931,0.05425361477546712,0.5206339891661222,0.4245581872995814,5to6
1990,1991,OADMET-0003383,5.38,train,5to6,0,0.00066753752338247,0.023220005014110062,0.5479613817096063,0.3954178160882346,0.0327332596646665,4to5
1991,1992,OADMET-0003381,4.635,train,4to5,0,0.12898906777078506,0.3918974311970749,0.3612529256659837,0.059428820920836456,0.058431754445319894,3to4
1992,1993,OADMET-0003380,5.02,train,5to6,4,0.0007410466434804731,0.009458499322175143,0.2986957523335086,0.5415530968519304,0.14955160484890534,5to6
1993,1994,OADMET-0003379,5.68,train,5to6,1,0.00023197589846855684,0.004900530714661458,0.21787900345412778,0.5747319228498493,0.20225656708289286,5to6
1994,1995,OADMET-0003378,5.51,train,5to6,4,0.0001435513815753792,0.002836035281857321,0.2605234338740075,0.6340948827857702,0.10240209667678962,5to6
1995,1996,OADMET-0003377,5.57,train,5to6,1,5.8262572859355444e-05,0.001242104574781686,0.09108310238749684,0.4902751768514332,0.41734135361342894,5to6
1996,1997,OADMET-0003376,5.81,train,5to6,0,1.2085715980857908e-05,0.00011698303637751939,0.019085914683358334,0.42532918439878614,0.5554558321654971,gte6
1997,1998,OADMET-0003375,5.19,train,5to6,1,0.00031489216303139773,0.005446240902932999,0.19407664538280675,0.5529994625168658,0.247162759034363,5to6
1998,1999,OADMET-0003374,5.16,train,5to6,3,0.0002319185918474941,0.007544058964197294,0.276508795594012,0.6130388101032881,0.10267641674665515,5to6
1999,2000,OADMET-0003373,1.86,train,lt3,1,0.545255262059336,0.42450468175315165,0.021353279025031296,0.00355818367385735,0.005328593488623729,lt3
2000,2001,OADMET-0003372,5.37,train,5to6,4,3.767216416987638e-05,0.0001928372735790825,0.018498988173744686,0.2032591480303431,0.7780113543581633,gte6
2001,2002,OADMET-0003371,5.05,train,5to6,1,0.0002698253269631347,0.008186011256868048,0.3318545987317995,0.5413016466429981,0.1183879180413712,5to6
2002,2003,OADMET-0003370,2.45,train,lt3,3,0.3639611801552826,0.551083609479084,0.04996180026895161,0.007398969293972375,0.0275944408027094,3to4
2003,2004,OADMET-0003369,1.96,train,lt3,0,0.5014557174676024,0.4685732360982225,0.022788086598341115,0.0031608631407539214,0.004022096695080025,lt3
2004,2005,OADMET-0003368,6.27,train,gte6,4,4.648100578314073e-05,0.0003133541801951627,0.014530435660815803,0.2177271324744797,0.7673825966787262,gte6
2005,2006,OADMET-0003367,5.56,train,5to6,2,0.00010670065450783257,0.0025386762508079427,0.09859387099460702,0.5522603125349026,0.34650043956517457,5to6
2006,2007,OADMET-0003366,5.59,train,5to6,4,0.0027633559457418836,0.02406796135417935,0.35042719303384307,0.47230041676021917,0.1504410729060165,5to6
2007,2008,OADMET-0003365,5.58,train,5to6,0,6.609553890370234e-05,0.0011681414516998164,0.05623790433614424,0.49116243268970816,0.45136542598354407,5to6
2008,2009,OADMET-0003364,3.18,train,3to4,4,0.36372241377830505,0.29812514781951904,0.19714845716953278,0.03394954651594162,0.10705443471670151,lt3
2009,2010,OADMET-0003363,5.84,train,5to6,4,0.00010057079095179354,0.0017700129286487441,0.17303166116722646,0.6032278650461315,0.22186989006704155,5to6
2010,2011,OADMET-0003362,5.61,train,5to6,0,6.853770063213255e-05,0.002265417446210382,0.09721600852763919,0.5673509744802501,0.3330990618452683,5to6
2011,2012,OADMET-0003361,1.88,train,lt3,4,0.5059945036777689,0.38575083394570625,0.04769634129555112,0.006868926409747198,0.05368939467122652,lt3
2012,2013,OADMET-0003360,5.39,train,5to6,1,7.38334093123703e-05,0.0014544111202980695,0.04509056140538089,0.3259812435140717,0.627399950550937,gte6
2013,2014,OADMET-0003358,4.86,train,4to5,0,0.00022828358308490864,0.006063651984037915,0.15963005385666595,0.5237820536509211,0.31029595692529016,5to6
2014,2015,OADMET-0003357,6.255,train,gte6,1,5.589283145577495e-05,0.0008212372522475103,0.030877661865420826,0.33498122249739026,0.6332639855534856,gte6
2015,2016,OADMET-0003356,5.45,train,5to6,1,1.3633634363716089e-05,0.0002871080848472823,0.025792385542738966,0.4131767913234514,0.5607300814145986,gte6
2016,2017,OADMET-0003355,2.96,train,lt3,0,0.3325010671257469,0.5245654793049355,0.11110082713638951,0.013027419857847555,0.018805206575080644,3to4
2017,2018,OADMET-0003354,3.9,train,3to4,1,0.38866741267567934,0.5396629501085526,0.0573433581668706,0.005750880670703044,0.008575398378194432,3to4
2018,2019,OADMET-0003353,5.64,train,5to6,3,3.3684647822052714e-05,0.0009135070041308437,0.12253090641933014,0.7419431601781109,0.13457874175060605,5to6
2019,2020,OADMET-0003352,5.59,train,5to6,3,5.882218193208279e-05,0.0015994029077570273,0.1086042547605526,0.6509611901245695,0.2387763300251887,5to6
2020,2021,OADMET-0003351,5.07,train,5to6,2,0.0011691827373209482,0.012542171703086373,0.211322104013645,0.5364573129887866,0.23850922855716103,5to6
2021,2022,OADMET-0003350,5.82,train,5to6,2,3.249123868705328e-05,0.0008244241762073024,0.05161013644303571,0.4827539750169758,0.46477897312509414,5to6
2022,2023,OADMET-0003349,5.41,train,5to6,0,3.5708351096593216e-05,0.0011532224957012303,0.10669103803182306,0.6449758881553985,0.24714414296598056,5to6
2023,2024,OADMET-0003348,6.33,train,gte6,1,1.1936419099644134e-05,0.00020684820716770097,0.014085585747104596,0.26438455956013956,0.7213110700664884,gte6
2024,2025,OADMET-0003347,5.83,train,5to6,3,3.1312155441366506e-05,0.0005749483076313966,0.036821043910382045,0.4656118019082643,0.4969608937182809,gte6
2025,2026,OADMET-0003346,5.34,train,5to6,3,0.001012311944102282,0.0191427958662931,0.4173296395570783,0.510883056838632,0.051632195793894275,5to6
2026,2027,OADMET-0003345,4.975,train,4to5,3,0.00011615572820818433,0.0021316271373364995,0.06451900192107107,0.5105291516959981,0.42270406351738615,5to6
2027,2028,OADMET-0003344,6.26,train,gte6,4,3.3509032093687714e-05,0.00017625830487528587,0.014899009200793664,0.2578330227609082,0.7270582007013292,gte6
2028,2029,OADMET-0003343,5.965,train,5to6,2,0.0003411986141073967,0.007056398850445264,0.24612061915027686,0.6381007494036791,0.10838103398149135,5to6
2029,2030,OADMET-0003342,5.38,train,5to6,2,7.68704533603837e-05,0.0023016251354621674,0.1490133357167251,0.6632705119135227,0.18533765678092967,5to6
2030,2031,OADMET-0003341,6.09,train,gte6,0,8.880374445750424e-06,7.562426588020685e-05,0.002788651723768292,0.12660881827810969,0.8705180253577961,gte6
2031,2032,OADMET-0003340,4.98,train,4to5,2,6.585824080988651e-05,0.002746773325306798,0.2835033738268564,0.6592329517964325,0.05445104281059438,5to6
2032,2033,OADMET-0003339,2.62,train,lt3,4,0.5879033905403546,0.4033455620282306,0.004539908453943374,0.00038036794941750685,0.003830771028053924,lt3
2033,2034,OADMET-0003338,5.42,train,5to6,0,0.0006225117831853283,0.014003857039730288,0.20829956234713898,0.5268579721757477,0.2502160966541977,5to6
2034,2035,OADMET-0003337,5.01,train,5to6,2,0.00014687700724459138,0.0027156204672568575,0.10080085032021856,0.5775187062679905,0.31881794593728946,5to6
2035,2036,OADMET-0003336,5.65,train,5to6,3,1.2597777262486085e-05,0.00015359461661402463,0.005724028046724836,0.20788597436616255,0.7862238051932361,gte6
2036,2037,OADMET-0003335,1.85,train,lt3,0,0.07203457209326218,0.40627957705752793,0.44366903275117514,0.059372348140568174,0.018644469957466537,4to5
2037,2038,OADMET-0003334,6.16,train,gte6,1,0.0004993082271519473,0.0010103776614716557,0.0049456879640512865,0.07450555286633768,0.9190390732809874,gte6
2038,2039,OADMET-0003333,5.44,train,5to6,4,1.512913449408887e-05,8.080969949456526e-05,0.017317868034628106,0.34004540789250526,0.6425407852388779,gte6
2039,2040,OADMET-0003332,5.29,train,5to6,0,2.8084774678235166e-05,0.000988223600267612,0.12638808918738884,0.6879864406842721,0.18460916175339326,5to6
2040,2041,OADMET-0003331,5.67,train,5to6,2,8.05877287642125e-05,0.0021209302557553818,0.13928455245198243,0.6878582899809775,0.17065563958252045,5to6
2041,2042,OADMET-0003330,5.29,train,5to6,0,2.1167760012551447e-05,0.0006124292920023713,0.04760705361898474,0.4849359150888989,0.4668234342401015,5to6
2042,2043,OADMET-0003329,5.67,train,5to6,0,0.0003767753415011129,0.0021327375693795127,0.03084800616181649,0.2424174278663263,0.7242250530609765,gte6
2043,2044,OADMET-0003328,5.13,train,5to6,0,0.00010779125647108268,0.0009148898215088312,0.014642124484432037,0.19678578583859635,0.7875494085989917,gte6
2044,2045,OADMET-0003327,5.69,train,5to6,4,3.9891025946890335e-05,0.00029407341907090894,0.049486781129695026,0.3998674051491868,0.5503118492761003,gte6
2045,2046,OADMET-0003326,5.39,train,5to6,2,0.0001495845964934841,0.0023888014718936343,0.08926490866918267,0.5603072751640629,0.3478894300983673,5to6
2046,2047,OADMET-0003325,5.69,train,5to6,4,2.0296239273476226e-05,0.00013150579802415592,0.027114919201876815,0.3942287401984052,0.5785045385624203,gte6
2047,2048,OADMET-0003324,5.86,train,5to6,4,0.0005633206969842603,0.003223411699846059,0.08794005853755328,0.4264333494532541,0.4818398596123623,gte6
2048,2049,OADMET-0003323,2.69,train,lt3,0,0.1479990839772481,0.6037959686976504,0.22948093813260925,0.015101368556181941,0.0036226406363103155,3to4
2049,2050,OADMET-0003322,6.23,train,gte6,3,6.212374378170028e-05,0.0012613810156702006,0.06440777581369508,0.5466113302495679,0.3876573891772851,5to6
2050,2051,OADMET-0003321,5.84,train,5to6,4,0.0002674147679498511,0.00038427379993982795,0.003942278448842126,0.07344758080930806,0.9219584521739601,gte6
2051,2052,OADMET-0003320,5.24,train,5to6,4,0.0001397960711303661,0.002130052974589287,0.15983161093683523,0.6323023344877369,0.20559620552970823,5to6
2052,2053,OADMET-0003319,5.13,train,5to6,4,0.00015564236779070552,0.002756380494749076,0.14635880390710668,0.5856762568135329,0.26505291641682066,5to6
2053,2054,OADMET-0003318,5.45,train,5to6,0,0.0003520587986345426,0.010153525686244114,0.23643397207664044,0.5938407882438179,0.159219655194663,5to6
2054,2055,OADMET-0003317,2.65,train,lt3,0,0.49971875222583184,0.4833666948754649,0.013710305936660486,0.001259089206518955,0.0019451577555238229,lt3
2055,2056,OADMET-0003316,5.945,train,5to6,2,1.4662103680683147e-05,0.00012084377135748405,0.008228115474365794,0.24414247983933388,0.7474938988112622,gte6
2056,2057,OADMET-0003315,5.1,train,5to6,1,0.0016473818120102276,0.01950968293399782,0.420347631467945,0.4554787556603813,0.1030165481256656,5to6
2057,2058,OADMET-0003314,5.77,train,5to6,3,5.763408532126655e-05,0.0009816450605330774,0.034746560632995756,0.38574984040844346,0.5784643198127065,gte6
2058,2059,OADMET-0003313,3.31,train,3to4,2,0.31971066497892797,0.6242365701929664,0.05069797748818251,0.002247108796382994,0.003107678543540159,3to4
2059,2060,OADMET-0003312,5.865,train,5to6,4,3.953946683604148e-05,0.0006603785953806959,0.1366123095672955,0.6798345971057959,0.18285317526469194,5to6
2060,2061,OADMET-0003311,5.78,train,5to6,3,3.27030290364912e-05,0.0005373627166803155,0.02526683036232739,0.4103396911584041,0.5638234127335517,gte6
2061,2062,OADMET-0003310,5.64,train,5to6,1,0.0007423672042246381,0.0076792717857399025,0.15735330249052346,0.5157520359007175,0.3184730226187945,5to6
2062,2063,OADMET-0003309,5.33,train,5to6,3,0.0003292327090089876,0.005508067914131255,0.14270601614765155,0.6068923276316424,0.24456435559756587,5to6
2063,2064,OADMET-0003308,5.0,train,4to5,1,7.408742276669059e-05,0.0022636064927213165,0.1310257445408937,0.5681980168838083,0.29843854465980996,5to6
2064,2065,OADMET-0003306,5.76,train,5to6,4,7.066257074168384e-06,2.5943694100925315e-05,0.004485716006823257,0.16050003092815515,0.8349812431138465,gte6
2065,2066,OADMET-0003305,1.83,train,lt3,1,0.2230262292156943,0.4381170244427752,0.2692529656549569,0.03630061177159758,0.033303168914976054,3to4
2066,2067,OADMET-0003303,5.62,train,5to6,0,1.5515971480422243e-05,0.0001304691767513953,0.005601405513785654,0.17355638329647552,0.820696226041507,gte6
2067,2068,OADMET-0003302,4.86,train,4to5,3,0.004976413384077838,0.05133255267551439,0.4898070701372354,0.3840521048872651,0.06983185891590729,4to5
2068,2069,OADMET-0003301,5.42,train,5to6,2,2.8492511147663198e-05,0.0006914641556147165,0.07662626932514861,0.6198786956909059,0.30277507831718314,5to6
2069,2070,OADMET-0003300,5.27,train,5to6,4,5.0392636571384677e-05,0.0008154280641709541,0.09027969395933604,0.5649553727483624,0.3438991125915592,5to6
2070,2071,OADMET-0003299,4.75,train,4to5,1,0.00018461913723358606,0.0041508230627594215,0.1722725264723848,0.5553130291305954,0.2680790021970267,5to6
2071,2072,OADMET-0003298,5.85,train,5to6,4,3.998115906579144e-05,0.0004994504543731825,0.08571435726750366,0.5939154258103514,0.319830785308706,5to6
2072,2073,OADMET-0003297,5.55,train,5to6,2,1.863129956346656e-05,0.00025792982257264585,0.020567218354394925,0.38101018424819366,0.5981460362752753,gte6
2073,2074,OADMET-0003296,5.77,train,5to6,1,1.2351024947826817e-05,0.00024183667036838574,0.021065890083356076,0.36783920486390925,0.6108407173574184,gte6
2074,2075,OADMET-0003295,1.73,train,lt3,3,0.13083423479148396,0.40089558957672733,0.34141751615080956,0.07508009560286856,0.05177256387811059,3to4
2075,2076,OADMET-0003294,5.23,train,5to6,2,7.697105691030799e-05,0.0016107137033636598,0.07681271822654333,0.5543692450915872,0.36713035192159543,5to6
2076,2077,OADMET-0003293,5.25,train,5to6,2,0.0001634807731440891,0.008262233946061074,0.3834020559185381,0.5489846559283537,0.05918757343390311,5to6
2077,2078,OADMET-0003292,5.43,train,5to6,4,0.00011042727010626847,0.0005129823842108752,0.017651346090428278,0.2407949040314574,0.7409303402237972,gte6
2078,2079,OADMET-0003291,5.865,train,5to6,4,0.00035081640992838724,0.0011534992430359669,0.02325105306224377,0.2154262523706221,0.7598183789141698,gte6
2079,2080,OADMET-0003289,5.2,train,5to6,1,3.0242386542336e-05,0.0010678867000183786,0.09118083769845635,0.5522534193913934,0.3554676138235895,5to6
2080,2081,OADMET-0003288,5.39,train,5to6,1,0.002910305094573741,0.03718745471225991,0.4869937288024738,0.37946060859314007,0.09344790279755244,4to5
2081,2082,OADMET-0003287,5.27,train,5to6,3,2.0426059840155103e-05,0.00031580697823171814,0.010248018567353957,0.21534988575510905,0.7740658626394651,gte6
2082,2083,OADMET-0003286,5.51,train,5to6,0,4.906287619078288e-05,0.001979855546009699,0.17027075230108535,0.660991177943368,0.1667091513333461,5to6
2083,2084,OADMET-0003285,1.73,train,lt3,4,0.012990476369999702,0.17094023270994077,0.7013792887124525,0.09830192330029722,0.016388078907309787,4to5
2084,2085,OADMET-0003284,4.89,train,4to5,2,2.420607353398639e-05,0.0004896788033063335,0.03882308949216339,0.4442345683416813,0.516428457289315,gte6
2085,2086,OADMET-0003283,5.79,train,5to6,2,0.000298534140030628,0.0011740206911098857,0.014956785286279287,0.22785541293858724,0.755715246943993,gte6
2086,2087,OADMET-0003282,5.55,train,5to6,3,2.7627658853140595e-05,0.0002956660188673877,0.00611090337295833,0.14730018453559082,0.8462656184137303,gte6
2087,2088,OADMET-0003281,5.45,train,5to6,4,0.0020899667466368435,0.026760182757606922,0.4191588082373652,0.45826565333734054,0.09372538892105052,5to6
2088,2089,OADMET-0003280,5.32,train,5to6,1,0.0004333234601959772,0.006077824920459553,0.14778991759296106,0.5061689860381068,0.3395299479882766,5to6
2089,2090,OADMET-0003279,4.98,train,4to5,4,3.133557134504931e-05,0.00036910992316674265,0.07264537587087329,0.5585251025822205,0.3684290760523944,5to6
2090,2091,OADMET-0003278,5.31,train,5to6,0,5.101512345377894e-05,0.001062810488706971,0.040148368128325465,0.32849352046696045,0.6302442857925533,gte6
2091,2092,OADMET-0003277,5.85,train,5to6,0,1.0821457130874021e-05,9.953744983518503e-05,0.01748943693283655,0.40433117559981563,0.5780690285603818,gte6
2092,2093,OADMET-0003276,5.79,train,5to6,4,0.0002128007694971034,0.0032052149894829783,0.1675649976388536,0.5714535529085236,0.2575634336936427,5to6
2093,2094,OADMET-0003275,5.96,train,5to6,0,1.8387706901067225e-05,0.00032841270866707683,0.025985689250051517,0.4025836198497834,0.571083890484597,gte6
2094,2095,OADMET-0003274,1.74,train,lt3,1,0.694093862541652,0.28215448658014314,0.010573247112037103,0.005414516504461177,0.007763887261706571,lt3
2095,2096,OADMET-0003273,5.54,train,5to6,4,2.591630730037308e-05,0.00025791464604031525,0.03736114772971002,0.42752088934888977,0.5348341319680595,gte6
2096,2097,OADMET-0003272,5.13,train,5to6,4,1.2250047050039405e-05,7.137365264862925e-05,0.02366076812617032,0.40458226721535423,0.5716733409587768,gte6
2097,2098,OADMET-0003271,5.62,train,5to6,0,0.00012140129259096305,0.0054807734796585815,0.2824981314853773,0.6197949872211048,0.09210470652126831,5to6
2098,2099,OADMET-0003270,5.99,train,5to6,2,4.706810284342547e-05,0.0009360115215339919,0.051776001465473745,0.4968640350128716,0.45037688389727726,5to6
2099,2100,OADMET-0003269,5.83,train,5to6,1,0.00048349611753851617,0.006781916640775705,0.19771054506778582,0.5048238665623173,0.29020017561158273,5to6
2100,2101,OADMET-0003268,4.99,train,4to5,2,0.0006401053967511242,0.019463028723644447,0.585561632053437,0.3805088393974715,0.013826394428695888,4to5
2101,2102,OADMET-0003267,1.75,train,lt3,1,0.5789281526391007,0.36221046987754535,0.021903027956921575,0.010000110259275809,0.026958239267156597,lt3
2102,2103,OADMET-0003266,6.18,train,gte6,4,8.395600607004118e-05,0.00023656387134252718,0.006777763604427867,0.09313923552334348,0.899762480994816,gte6
2103,2104,OADMET-0003265,5.15,train,5to6,0,3.1955015898332145e-05,0.0005669132151027015,0.018875591212977817,0.28252577416594593,0.6979997663900752,gte6
2104,2105,OADMET-0003264,5.265000000000001,train,5to6,1,2.905628909556501e-05,0.0009542390969946035,0.06013948790286912,0.4861945765412683,0.4526826401697724,5to6
2105,2106,OADMET-0003263,4.78,train,4to5,0,0.0008342546440708427,0.01656211499806004,0.33692892566112037,0.5105986470921061,0.13507605760464259,5to6
2106,2107,OADMET-0003262,5.2,train,5to6,1,3.208086110048927e-05,0.0006200217142665049,0.03673628697774404,0.3848831036713598,0.5777285067755292,gte6
2107,2108,OADMET-0003261,1.74,train,lt3,3,0.3886620235830051,0.552287078085164,0.04112449112187457,0.004364129900233843,0.013562277309722493,3to4
2108,2109,OADMET-0003260,5.98,train,5to6,4,4.04849088487602e-05,0.0002613821708883357,0.036014407896344164,0.39851182724864553,0.5651718977752732,gte6
2109,2110,OADMET-0003258,6.105,train,gte6,3,0.00024702271941004175,0.0011034907087491485,0.013025917127991464,0.17252603193340593,0.8130975375104434,gte6
2110,2111,OADMET-0003257,6.6850000000000005,train,gte6,2,5.689648337969953e-05,0.0010771097331440066,0.07025893151098325,0.5857408145554142,0.34286624771707885,5to6
2111,2112,OADMET-0003256,5.09,train,5to6,1,3.559906070739149e-05,0.0010880203135324937,0.105797879241475,0.6131669438086411,0.279911557575644,5to6
2112,2113,OADMET-0003255,5.18,train,5to6,2,0.00010681525296885547,0.005375640779734551,0.3225364593417553,0.6074623888988526,0.0645186957266887,5to6
2113,2114,OADMET-0003254,2.93,train,lt3,0,0.21914673999817308,0.6969476233479821,0.07939538980846035,0.003125386729510289,0.0013848601158741797,3to4
2114,2115,OADMET-0003253,5.47,train,5to6,0,0.0004884288666750583,0.005133231191988607,0.08562187141300963,0.46648794608115757,0.44226852244716913,5to6
2115,2116,OADMET-0003252,5.05,train,5to6,2,0.002070525099997416,0.024109161278788482,0.3886359452852241,0.49482262833628793,0.09036173999970208,5to6
2116,2117,OADMET-0003251,5.1,train,5to6,2,0.0016480238653369052,0.021808058345879358,0.3355446507472278,0.4819386672701466,0.15906059977140932,5to6
2117,2118,OADMET-0003250,5.06,train,5to6,4,6.611210303101695e-05,0.0004617374926086177,0.02955589898079359,0.2841876824170218,0.685728569006545,gte6
2118,2119,OADMET-0003249,5.08,train,5to6,1,0.00012813969332487672,0.00248202928477496,0.08210925454274379,0.505900483498508,0.40938009298064837,5to6
2119,2120,OADMET-0003248,1.83,train,lt3,2,0.05806233178682859,0.21286748921332777,0.49622921981647505,0.1797714109497394,0.05306954823362922,4to5
2120,2121,OADMET-0003247,5.26,train,5to6,1,7.837739151410403e-05,0.0025446155715480954,0.15822018191738232,0.6021039895045562,0.2370528356149993,5to6
2121,2122,OADMET-0003246,5.765000000000001,train,5to6,4,0.0009374438084488949,0.009509788483201128,0.1880071875552903,0.5383593773164331,0.2631862028366265,5to6
2122,2123,OADMET-0003245,5.31,train,5to6,4,5.1993325534160556e-05,0.0005845941690425161,0.044289992802518,0.41791306401841394,0.5371603556844914,gte6
2123,2124,OADMET-0003244,5.99,train,5to6,2,1.3733615182248713e-05,0.00010198629471494756,0.0036541224848312707,0.14469688732426694,0.8515332702810046,gte6
2124,2125,OADMET-0003243,1.91,train,lt3,3,0.25326577583747434,0.29208464300884734,0.10001834034974397,0.06916563419001204,0.28546560661392234,3to4
2125,2126,OADMET-0003242,5.21,train,5to6,3,0.0004506575891614643,0.013616785281439052,0.45468085584772544,0.499951387799677,0.031300313481997015,5to6
2126,2127,OADMET-0003241,5.83,train,5to6,1,1.2955232829364428e-05,0.00020703686657753246,0.009100510825953714,0.2251981369368528,0.7654813601377866,gte6
2127,2128,OADMET-0003240,6.215,train,gte6,1,2.3875086427040415e-05,0.0004820073505939867,0.02553774332850075,0.33036517015488864,0.6435912040795896,gte6
2128,2129,OADMET-0003239,3.78,train,3to4,1,0.5831497461623621,0.4016410513737556,0.011126147869378175,0.0018361096044280825,0.00224694499007599,lt3
2129,2130,OADMET-0003238,5.19,train,5to6,4,7.002059887170697e-05,0.0009415623333154946,0.07682423158208047,0.44115783986865215,0.48100634561708017,gte6
2130,2131,OADMET-0003237,5.38,train,5to6,4,0.00021511376798305672,0.0018827078787726906,0.09381823716725232,0.49006630559813996,0.41401763558785193,5to6
2131,2132,OADMET-0003236,1.77,train,lt3,3,0.18294682042421506,0.6189894914838034,0.17892612973840902,0.011796801601162461,0.007340756752410048,3to4
2132,2133,OADMET-0003235,5.19,train,5to6,2,7.19346047527054e-05,0.0028228153822447456,0.19708785007295532,0.6462665662690174,0.15375083367102985,5to6
2133,2134,OADMET-0003234,5.43,train,5to6,4,2.577683579777657e-05,0.00015452696982574358,0.01655264308356742,0.29078044140227965,0.6924866117085294,gte6
2134,2135,OADMET-0003233,5.58,train,5to6,4,5.944032542052225e-05,0.0009594342695652412,0.10396187904979996,0.5851759400372589,0.3098433063179553,5to6
2135,2136,OADMET-0003232,4.65,train,4to5,3,0.0010656289023523629,0.0201328312845981,0.35929657323326464,0.5108514188470875,0.10865354773269736,5to6
2136,2137,OADMET-0003231,5.48,train,5to6,1,9.819457090177171e-05,0.002464189671009943,0.12876208185099167,0.5698815014051501,0.2987940325019464,5to6
2137,2138,OADMET-0003230,5.29,train,5to6,0,0.000430766180700281,0.005864434981197272,0.12013544358673504,0.5473311642067853,0.32623819104458207,5to6
2138,2139,OADMET-0003229,4.97,train,4to5,4,0.0001023389202517821,0.0018373382174094784,0.1857782615367745,0.5146507656984077,0.29763129562715646,5to6
2139,2140,OADMET-0003228,5.4,train,5to6,2,3.916429892210305e-05,0.0009218491780321461,0.05213189635079983,0.5067875752843305,0.44011951488791545,5to6
2140,2141,OADMET-0003227,5.21,train,5to6,0,0.0008779922557491304,0.03446195297058082,0.5123766098047013,0.3956573631331339,0.05662608183583484,4to5
2141,2142,OADMET-0003226,5.77,train,5to6,3,2.2106181943794935e-05,0.00045988668164988086,0.03166842100211765,0.49064067193708377,0.4772089141972049,5to6
2142,2143,OADMET-0003225,1.82,train,lt3,1,0.613852490696485,0.37877535189445183,0.005820542011370707,0.0008382737147769494,0.0007133416829155921,lt3
2143,2144,OADMET-0003224,4.12,train,4to5,3,0.0023589682839813054,0.026112268661727684,0.3299294292300495,0.5153240970357882,0.12627523678845332,5to6
2144,2145,OADMET-0003223,5.76,train,5to6,4,0.0006047255831074403,0.0021845647996020815,0.03950901857967923,0.25869611926586183,0.6990055717717494,gte6
2145,2146,OADMET-0003222,5.1,train,5to6,1,0.0004440017805668773,0.007879239929719067,0.2418207668129337,0.5349172008443173,0.21493879063246313,5to6
2146,2147,OADMET-0003221,5.74,train,5to6,4,3.1587901435062806e-05,0.00035922058534013443,0.07476823976068232,0.5775032197246167,0.3473377320279258,5to6
2147,2148,OADMET-0003220,5.01,train,5to6,3,8.782053789755279e-05,0.0020177506078472617,0.07877696189330234,0.5402512470675772,0.3788662198933756,5to6
2148,2149,OADMET-0003219,5.17,train,5to6,4,0.003429608632405238,0.023653451215630332,0.2773709877081507,0.4884078772249173,0.2071380752188964,5to6
2149,2150,OADMET-0003218,5.11,train,5to6,3,6.999211395189976e-05,0.002578879212172876,0.18993901994838497,0.7079980294515191,0.09941407927397118,5to6
2150,2151,OADMET-0003217,4.220000000000001,train,4to5,3,0.2052627054925424,0.6398192042114035,0.13394972669524166,0.01018251198326935,0.010785851617543165,3to4
2151,2152,OADMET-0003216,1.78,train,lt3,2,0.16846733783282822,0.3525854244057708,0.3232180975908608,0.07937312634667378,0.07635601382386643,3to4
2152,2153,OADMET-0003215,5.14,train,5to6,0,2.7622849532158224e-05,0.00103590195929857,0.08464106242806663,0.5017468971072909,0.41254851565581174,5to6
2153,2154,OADMET-0003214,5.66,train,5to6,2,3.167631738362907e-05,0.0005046070915927942,0.03974777378890031,0.48503746591460944,0.4746784768875138,5to6
2154,2155,OADMET-0003213,1.75,train,lt3,4,0.7822424708449898,0.21371999493182506,0.0012093495463676874,0.0001289637334632079,0.0026992209433542814,lt3
2155,2156,OADMET-0003212,5.98,train,5to6,0,0.00017988071551510582,0.0018930708213152141,0.0376419488709134,0.328624656302033,0.6316604432902233,gte6
2156,2157,OADMET-0003211,5.6,train,5to6,4,5.4276666360314584e-05,0.0009166754557627191,0.15488890727378357,0.6439444183185272,0.20019572228556623,5to6
2157,2158,OADMET-0003210,5.3,train,5to6,2,0.00013515742307514792,0.0033653993280135883,0.13303201517980306,0.5672450885592718,0.29622233950983634,5to6
2158,2159,OADMET-0003209,4.95,train,4to5,2,0.00017600789240210935,0.004756195182562216,0.22202907647723558,0.6575921971590095,0.11544652328879054,5to6
2159,2160,OADMET-0003208,5.13,train,5to6,0,5.73464747155122e-05,0.002060976570132499,0.16466310558067573,0.6601963018258394,0.17302226954863675,5to6
2160,2161,OADMET-0003207,5.67,train,5to6,1,0.0014010395744613637,0.01636372734411766,0.30697778646382007,0.5022048481601123,0.17305259845748852,5to6
2161,2162,OADMET-0003206,5.29,train,5to6,3,0.0033165581395442185,0.0240457463423902,0.21537330360530307,0.4722310219980337,0.28503336991472883,5to6
2162,2163,OADMET-0003205,5.14,train,5to6,1,3.4787671080063505e-05,0.0010915911069361221,0.08446715216077058,0.5484173420582616,0.3659891270029516,5to6
2163,2164,OADMET-0003204,1.87,train,lt3,0,0.3668154139055079,0.2503071697394494,0.05116778554952384,0.045135359706707005,0.2865742710988119,lt3
2164,2165,OADMET-0003203,5.78,train,5to6,1,0.00015024289610416052,0.0016584776203269892,0.03482090750450632,0.29960266346405273,0.6637677085150098,gte6
2165,2166,OADMET-0003202,4.96,train,4to5,2,0.0001941548957513261,0.006254990045304048,0.24250425110744306,0.62190162397965,0.1291449799718516,5to6
2166,2167,OADMET-0003201,5.71,train,5to6,1,2.8405716158806e-05,0.0006636704034345969,0.03493292914101477,0.3823560379823121,0.5820189567570797,gte6
2167,2168,OADMET-0003200,5.89,train,5to6,2,3.1695500330064076e-05,0.0005237246388224378,0.03008246349397937,0.41609518718432137,0.5532669291825467,gte6
2168,2169,OADMET-0003199,5.78,train,5to6,2,8.881240163580856e-05,0.0016059198656507814,0.07624673433239175,0.546956145946564,0.3751023874537576,5to6
2169,2170,OADMET-0003198,5.68,train,5to6,4,4.848880437910019e-05,0.001097160279863989,0.21903695261334782,0.6718977718953023,0.10791962640710683,5to6
2170,2171,OADMET-0003197,5.02,train,5to6,0,0.00021207065725614612,0.007421285174813558,0.18422147123102142,0.541485473467067,0.26665969946984186,5to6
2171,2172,OADMET-0003196,5.16,train,5to6,0,0.002750707259268467,0.03802717759302535,0.3555842553569018,0.45149584532422565,0.15214201446657874,5to6
2172,2173,OADMET-0003195,5.22,train,5to6,4,3.523002226894231e-05,0.0004309565896401711,0.058051201144664256,0.4721769286624243,0.46930568358100233,5to6
2173,2174,OADMET-0003194,5.35,train,5to6,2,0.00012853381169806213,0.005406992217400444,0.3162886005569442,0.615341265827749,0.06283460758620839,5to6
2174,2175,OADMET-0003193,1.76,train,lt3,1,0.5070718527430519,0.4729028940751337,0.016022443773227563,0.001477454439908901,0.0025253549686778984,lt3
2175,2176,OADMET-0003192,5.975,train,5to6,2,3.48709486567706e-05,0.00019723367765542478,0.004765168455435831,0.1466802710773897,0.8483224558408623,gte6
2176,2177,OADMET-0003191,5.05,train,5to6,4,0.001270975054909059,0.013096835240364488,0.2658735955326525,0.5377710752102755,0.1819875189617985,5to6
2177,2178,OADMET-0003190,5.66,train,5to6,1,0.001092382193733219,0.01448354621093264,0.36042357910452744,0.5003105185325825,0.12368997395822426,5to6
2178,2179,OADMET-0003189,4.71,train,4to5,0,0.00018438993978541808,0.005301894741543912,0.22399289942066644,0.6039273346815048,0.16659348121649936,5to6
2179,2180,OADMET-0003188,5.18,train,5to6,2,0.000441909666524248,0.0029475173454709533,0.049259117191771826,0.3778999627393711,0.5694514930568618,gte6
2180,2181,OADMET-0003187,5.23,train,5to6,4,0.005592076347428851,0.03362617413215713,0.4436026107573138,0.2948627598245507,0.2223163789385496,4to5
2181,2182,OADMET-0003186,6.605,train,gte6,1,0.0006044402976747044,0.012541460167512324,0.36034963380201385,0.5225339654472883,0.10397050028551089,5to6
2182,2183,OADMET-0003185,5.27,train,5to6,2,0.001348078792001055,0.021849162212732327,0.2944243162818315,0.559227568800748,0.12315087391268717,5to6
2183,2184,OADMET-0003184,5.15,train,5to6,4,0.00016259563260304547,0.0035108273661120883,0.24071611016005184,0.6307293655306733,0.12488110131055977,5to6
2184,2185,OADMET-0003183,5.4,train,5to6,1,5.5431852573046475e-05,0.0015503426154639234,0.13034712937478043,0.6179321251449637,0.2501149710122189,5to6
2185,2186,OADMET-0003182,5.11,train,5to6,0,9.530225698088021e-05,0.0035682188746656656,0.1788426564324009,0.652280184705168,0.16521363773078449,5to6
2186,2187,OADMET-0003181,5.64,train,5to6,2,1.3854732631261413e-05,0.00018430440864120618,0.018413678570485915,0.3681173178270001,0.6132708444612415,gte6
2187,2188,OADMET-0003180,5.27,train,5to6,1,0.00016088666857433655,0.004279464824373577,0.17407355695981658,0.5732540321404221,0.24823205940681337,5to6
2188,2189,OADMET-0003179,5.15,train,5to6,1,3.387954451310486e-05,0.0008532045436424978,0.03802416962105268,0.39126170874644467,0.569827037544347,gte6
2189,2190,OADMET-0003178,4.81,train,4to5,1,0.00039413554499023067,0.010919316032705115,0.32665164346991643,0.5368862433918334,0.1251486615605548,5to6
2190,2191,OADMET-0003177,4.6,train,4to5,2,0.0038547613819562144,0.08067785237268577,0.7096531420885018,0.19907474601253528,0.006739498144320903,4to5
2191,2192,OADMET-0003176,4.78,train,4to5,1,0.00017691179312165939,0.004049218676034866,0.1444298309356644,0.5442212157641569,0.3071228228310221,5to6
2192,2193,OADMET-0003175,4.86,train,4to5,3,0.00010771006460756765,0.0037225737522114644,0.22243831387703247,0.6813563501083619,0.09237505219778658,5to6
2193,2194,OADMET-0003174,5.27,train,5to6,4,0.0004021479607234183,0.00401597741178423,0.11544373393935617,0.5012286202292705,0.3789095204588657,5to6
2194,2195,OADMET-0003173,6.56,train,gte6,1,2.142841299344306e-05,0.00021989740372608662,0.0062545838640310596,0.1622404553579109,0.8312636349613385,gte6
2195,2196,OADMET-0003172,5.46,train,5to6,3,0.0027721423211339706,0.01941202330936322,0.22379388670554895,0.5076886248811856,0.2463333227827683,5to6
2196,2197,OADMET-0003171,5.2,train,5to6,0,0.0004365016690630796,0.012543911331569235,0.27299039001899067,0.5510700627377652,0.16295913424261185,5to6
2197,2198,OADMET-0003170,5.54,train,5to6,2,7.555816985519208e-05,0.0015942711295315137,0.07149641072016617,0.5533834584526494,0.37345030152779773,5to6
2198,2199,OADMET-0003168,5.08,train,5to6,2,0.00025241132899546403,0.0031497511900009066,0.07960988788084447,0.5251808302996936,0.39180711930046547,5to6
2199,2200,OADMET-0003167,5.63,train,5to6,2,0.00021245521339795335,0.00462411253913495,0.17297443859531814,0.6239284913411856,0.1982605023109634,5to6
2200,2201,OADMET-0003166,5.77,train,5to6,1,0.02326945960521698,0.10320357233285904,0.5066140294075012,0.26785263419151306,0.0990603044629097,4to5
2201,2202,OADMET-0003165,5.74,train,5to6,0,0.0004911736363858959,0.001192906147462982,0.006159845608015117,0.10138238004831751,0.8907736945598185,gte6
2202,2203,OADMET-0003164,4.92,train,4to5,1,0.0010119214455301083,0.01563508627626783,0.30766260727800143,0.48593980237984263,0.18975058262035796,5to6
2203,2204,OADMET-0003163,5.3,train,5to6,2,1.6981759036578954e-05,0.000136040176731711,0.005443939333766066,0.18548804045521908,0.8089149982752466,gte6
2204,2205,OADMET-0003162,5.55,train,5to6,0,0.0011339199758487024,0.024557795788766528,0.5432718671580268,0.39322049085018357,0.0378159262271744,4to5
2205,2206,OADMET-0003161,5.15,train,5to6,2,0.00035443832026201965,0.014677778759616837,0.5201222279942413,0.431338636359955,0.03350691856592483,4to5
2206,2207,OADMET-0003160,3.89,train,3to4,1,0.16716109371894128,0.44693607508145344,0.3272751898251026,0.03864008224234061,0.0199875591321621,3to4
2207,2208,OADMET-0003159,5.1,train,5to6,2,3.230569451659157e-05,0.000731085750919585,0.050529508025053814,0.48531414370309417,0.46339295682641585,5to6
2208,2209,OADMET-0003158,6.39,train,gte6,2,0.00118018811159881,0.011908828842027893,0.22559221877796548,0.5695013822921471,0.1918173819762607,5to6
2209,2210,OADMET-0003157,3.03,train,3to4,1,0.005570562635541972,0.04604642518753309,0.503245795618918,0.36285609469490215,0.0822811218631048,4to5
2210,2211,OADMET-0003156,5.015000000000001,train,5to6,1,0.0014140503734850957,0.01765905206959511,0.2622757981253652,0.4635718464437836,0.25507925298777095,5to6
2211,2212,OADMET-0003155,5.75,train,5to6,1,6.138576763184468e-05,0.0015831837028029163,0.10584684036547572,0.569981611741106,0.32252697842298356,5to6
2212,2213,OADMET-0003154,5.6,train,5to6,0,0.0012587745618438024,0.02229663947339791,0.2707193233954066,0.525701470627668,0.1800237919416836,5to6
2213,2214,OADMET-0003153,5.52,train,5to6,4,0.00027822518848284267,0.002562840850035717,0.10634474849462337,0.51878456544777,0.37202962001908807,5to6
2214,2215,OADMET-0003152,5.29,train,5to6,2,9.1604303088677e-05,0.003195940402667771,0.2073641643323006,0.6620174409775815,0.12733084998436145,5to6
2215,2216,OADMET-0003151,5.63,train,5to6,3,0.1060454253332519,0.43538686795304293,0.3897522106384941,0.04979675654246195,0.01901873953274913,3to4
2216,2217,OADMET-0003150,4.86,train,4to5,0,0.00020310747574035638,0.009569086691456249,0.3653826868663795,0.5637982863192186,0.061046832647205354,5to6
2217,2218,OADMET-0003149,5.74,train,5to6,3,0.00041940040354655853,0.007210053537533382,0.15973078248305772,0.5828329571846583,0.24980680639120398,5to6
2218,2219,OADMET-0003148,5.66,train,5to6,3,8.05770853203074e-06,9.036849452460318e-05,0.0035954570376270536,0.16209230237114408,0.8342138143881722,gte6
2219,2220,OADMET-0003147,1.74,train,lt3,2,0.7227459942334645,0.25840210186628293,0.007725558491704851,0.0019310076642660593,0.009195337744281658,lt3
2220,2221,OADMET-0003146,3.64,train,3to4,2,0.5232184060292583,0.431321552475263,0.032457419555609456,0.003732825527634046,0.009269796412235215,lt3
2221,2222,OADMET-0003145,3.29,train,3to4,1,0.545701101402103,0.412321742359257,0.026986566954461957,0.004855164860138197,0.010135424424039806,lt3
2222,2223,OADMET-0003144,5.11,train,5to6,0,0.0005965453374555711,0.012450522572857281,0.37547751747553604,0.5357636140016577,0.07571180061249336,5to6
2223,2224,OADMET-0003143,5.68,train,5to6,1,1.831601787861089e-05,0.0002110885755288716,0.007681292722810588,0.19438136234030098,0.7977079403434809,gte6
2224,2225,OADMET-0003142,5.66,train,5to6,1,0.004495641638334619,0.03206782384150461,0.38163083418540306,0.42228856269826187,0.1595171376364958,5to6
2225,2226,OADMET-0003141,5.69,train,5to6,1,8.416238545022484e-05,0.0017712446766400044,0.08881476635394339,0.5082406636503106,0.4010891629336558,5to6
2226,2227,OADMET-0003140,1.84,train,lt3,2,0.3272327549747383,0.4486350509058415,0.11793323847887223,0.026622819328403123,0.0795761363121448,3to4
2227,2228,OADMET-0003139,5.25,train,5to6,0,3.195369504920807e-05,0.0007770961801097288,0.08335913541462413,0.6368504031924699,0.2789814115177471,5to6
2228,2229,OADMET-0003138,5.47,train,5to6,1,5.161452104271865e-05,0.0012126902166988732,0.043496461952132234,0.41048897881431246,0.5447502544958137,gte6
2229,2230,OADMET-0003137,5.28,train,5to6,2,2.4291927243605938e-05,0.0004162695622432919,0.031837095129957325,0.4202924145982276,0.5474299287823282,gte6
2230,2231,OADMET-0003136,5.12,train,5to6,1,0.00011518156274696466,0.0037680364751236026,0.1759675381281189,0.5741944707140205,0.24595477311999003,5to6
2231,2232,OADMET-0003135,5.54,train,5to6,4,9.81032587227935e-05,0.0011311072660001472,0.09463633043149189,0.5580324204078589,0.3461020386359262,5to6
2232,2233,OADMET-0003134,5.09,train,5to6,4,0.21424763117744736,0.43936822179745305,0.25660298725348785,0.038020761280014435,0.05176039849159727,3to4
2233,2234,OADMET-0003133,6.22,train,gte6,3,0.0003989171049857001,0.006573906339960929,0.1379057204962426,0.5632386950666873,0.2918827609921234,5to6
2234,2235,OADMET-0003132,4.62,train,4to5,3,6.818537432976955e-05,0.0016991519093433863,0.10297779532264713,0.6402017212857722,0.2550531461079074,5to6
2235,2236,OADMET-0003131,5.11,train,5to6,3,0.014804869283536217,0.05697650601438595,0.233483453958042,0.34433560152466736,0.3503995692193685,gte6
2236,2237,OADMET-0003130,5.56,train,5to6,0,1.2288714298915689e-05,0.00019033693076422209,0.01419832759293479,0.31876991438383395,0.6668291323781681,gte6
2237,2238,OADMET-0003129,2.87,train,lt3,1,0.6738511165466712,0.3029444146441794,0.012646856420363183,0.0034328342073792,0.007124778181406996,lt3
2238,2239,OADMET-0003128,4.859999999999999,train,4to5,3,0.00035742609218067855,0.007235154051674201,0.2260803284695422,0.645174802044391,0.12115228934221187,5to6
2239,2240,OADMET-0003127,5.44,train,5to6,0,1.5904992466465726e-05,0.00025600617165775905,0.040300038072667646,0.533984129441287,0.4254439213219211,5to6
2240,2241,OADMET-0003126,5.2,train,5to6,3,0.00015126424112550497,0.004379466896283057,0.14977218978972098,0.6130617561508475,0.23263532292202305,5to6
2241,2242,OADMET-0003125,4.91,train,4to5,1,0.00014995034768492007,0.005427125075138785,0.28558750359012575,0.5878281863802974,0.12100723460675313,5to6
2242,2243,OADMET-0003124,5.99,train,5to6,1,0.0013970309702827843,0.00896732856088836,0.08088000633106548,0.32284288677660433,0.5859127473611591,gte6
2243,2244,OADMET-0003123,5.17,train,5to6,3,0.00016857126123758528,0.007161140824084959,0.4456282504114173,0.5275726852911506,0.0194693522121095,5to6
2244,2245,OADMET-0003122,5.37,train,5to6,0,0.00036715581064128997,0.019408322246000042,0.5152861906126337,0.4345613578152592,0.03037697351546572,4to5
2245,2246,OADMET-0003121,5.43,train,5to6,0,7.303766830019456e-05,0.0035749235036335028,0.2586333673150727,0.646194378783045,0.09152429272994869,5to6
2246,2247,OADMET-0003120,5.37,train,5to6,2,0.00010250784618401901,0.00232581539835401,0.11408680015115925,0.6180524870884134,0.2654323895158893,5to6
2247,2248,OADMET-0003119,5.17,train,5to6,2,0.052229207815832956,0.2270752362678627,0.5256330673229098,0.16736803013637494,0.02769445845701964,4to5
2248,2249,OADMET-0003118,6.3100000000000005,train,gte6,4,0.00038870735100417144,0.0008842005549256932,0.011064286246183365,0.07762869379013153,0.9100341120577552,gte6
2249,2250,OADMET-0003117,5.08,train,5to6,4,8.906731411400008e-05,0.0003423735168243525,0.013321139240748615,0.16917959572343244,0.8170678242048806,gte6
2250,2251,OADMET-0003116,5.19,train,5to6,0,5.681030946490285e-05,0.001988515125218476,0.08478758663722678,0.5522927273536687,0.36087436057442107,5to6
2251,2252,OADMET-0003114,5.13,train,5to6,2,0.00019339664427773934,0.006038030699110696,0.26218235881862356,0.6252693030659384,0.10631691077204958,5to6
2252,2253,OADMET-0003113,5.62,train,5to6,3,0.00011744302906760856,0.004987351598714143,0.26870805037808915,0.6350088122510029,0.09117834274312621,5to6
2253,2254,OADMET-0003112,5.54,train,5to6,2,2.7584918302346056e-05,0.0004055059187907027,0.033611284685800234,0.4575829268254476,0.508372697651659,gte6
2254,2255,OADMET-0003111,5.71,train,5to6,0,6.514650429955966e-05,0.0015932065483746775,0.09413242426268756,0.5705397325757642,0.33366949010887403,5to6
2255,2256,OADMET-0003110,5.45,train,5to6,1,0.0006506722226538591,0.016966567800445323,0.4411122965481193,0.47001175671780837,0.07125870671097319,5to6
2256,2257,OADMET-0003109,5.64,train,5to6,1,1.665225853306048e-05,0.0003254231685504226,0.024641545335778177,0.3155783097139602,0.6594380695231781,gte6
2257,2258,OADMET-0003108,5.15,train,5to6,4,0.002872830179838797,0.046212876859959284,0.6110137436460243,0.2951476436037107,0.04475290571046691,4to5
2258,2259,OADMET-0003107,5.48,train,5to6,1,3.504678173566029e-05,0.0004655978122701965,0.018126819298992625,0.3026537897911215,0.67871874631588,gte6
2259,2260,OADMET-0003106,5.43,train,5to6,3,0.00026256500174289086,0.005002167876607721,0.11538516428844035,0.5382533528954588,0.34109674993775013,5to6
2260,2261,OADMET-0003105,5.5,train,5to6,1,6.447074736909589e-05,0.0013465148004019793,0.05732768805065862,0.4383728229888175,0.5028885034127528,gte6
2261,2262,OADMET-0003104,5.46,train,5to6,0,2.754709146571314e-05,0.0009215294686298394,0.11117778479213952,0.6730138369616708,0.2148593016860941,5to6
2262,2263,OADMET-0003103,5.22,train,5to6,1,1.1992021753683136e-05,0.00021619392506819066,0.01993571089800473,0.36784265446047115,0.6119934486947023,gte6
2263,2264,OADMET-0003102,5.82,train,5to6,1,0.00012569645345362305,0.0035421171074405495,0.2381138666196657,0.5935309787902874,0.16468734102915272,5to6
2264,2265,OADMET-0003101,5.61,train,5to6,3,3.948800650942743e-05,0.0008610689212701097,0.0457372833917504,0.5033366484782211,0.450025511202249,5to6
2265,2266,OADMET-0003100,4.99,train,4to5,0,0.0013492855962296845,0.026052778626173514,0.4905346043381083,0.4378339058826492,0.04422942555683927,4to5
2266,2267,OADMET-0003099,5.7,train,5to6,4,1.5060954620518854e-05,7.317685553980661e-05,0.02020486533385232,0.378248320818183,0.6014585760378044,gte6
2267,2268,OADMET-0003098,5.14,train,5to6,1,0.0002750556265047193,0.005888354259616345,0.2741593525909267,0.5925417770267141,0.12713546049623817,5to6
2268,2269,OADMET-0003097,5.9,train,5to6,4,2.1833565685324476e-05,9.313752320420576e-05,0.007622147872261679,0.15948736072290315,0.8327755203159456,gte6
2269,2270,OADMET-0003095,4.77,train,4to5,4,0.29344762273484054,0.6380312638869804,0.06186788719300206,0.0021887939164696255,0.004464432268707328,3to4
2270,2271,OADMET-0003094,5.02,train,5to6,4,0.4012450855634457,0.5703006360864121,0.022767303408132305,0.0012120542759925456,0.0044749206660173475,3to4
2271,2272,OADMET-0003093,4.76,train,4to5,4,3.1298477202567566e-05,0.0004701293021121939,0.11306796096726428,0.6243058969435133,0.26212471430990764,5to6
2272,2273,OADMET-0003092,3.69,train,3to4,3,0.2765686655149879,0.6751814702569638,0.0456920464083233,0.0015435192335358878,0.0010142985861890926,3to4
2273,2274,OADMET-0003090,4.86,train,4to5,0,0.00046248575656939324,0.0160138082927911,0.4273697864721478,0.48650773281344045,0.06964618666505126,5to6
2274,2275,OADMET-0003089,2.08,train,lt3,0,0.04337797743875325,0.33780807782986194,0.5343221037861666,0.07601352973929111,0.008478311205927028,4to5
2275,2276,OADMET-0003088,6.14,train,gte6,0,1.668124557952914e-05,0.0003319709118487462,0.03794905808364504,0.4920768300387492,0.4696254597201775,5to6
2276,2277,OADMET-0003087,3.13,train,3to4,3,0.399058174943252,0.5583743200812913,0.03583547311088029,0.002813704650416341,0.003918327214160124,3to4
2277,2278,OADMET-0003086,2.01,train,lt3,1,0.48210437941023926,0.46730183445271406,0.038159693616375154,0.00516179377993034,0.007272298740741221,lt3
2278,2279,OADMET-0003085,4.21,train,4to5,0,0.0016134090986222142,0.03525682816464369,0.5440802427843986,0.37029274302329596,0.04875677692903957,4to5
2279,2280,OADMET-0003084,5.42,train,5to6,3,2.426793198030102e-05,0.000540136230958015,0.05562801532856475,0.6132622818046485,0.3305452987038485,5to6
2280,2281,OADMET-0003083,1.76,train,lt3,3,0.22535574855921495,0.6409914785152624,0.11159952944929152,0.009005040433949733,0.01304820304228146,3to4
2281,2282,OADMET-0003082,1.77,train,lt3,3,0.7081451594921003,0.2747750716474622,0.007770389326403732,0.0027157865261905846,0.006593593007843236,lt3
2282,2283,OADMET-0003081,5.59,train,5to6,3,4.39369671439295e-05,0.001287003583591208,0.09638128083295927,0.6640755891576603,0.23821218945864528,5to6
2283,2284,OADMET-0003080,4.89,train,4to5,3,6.762350431355629e-05,0.0021380080531829145,0.12230066511586109,0.6529058577283082,0.22258784559833422,5to6
2284,2285,OADMET-0003079,2.88,train,lt3,0,0.4852309082849797,0.4342067944078515,0.04642388284428817,0.00999344605891463,0.024144968403966016,lt3
2285,2286,OADMET-0003078,5.28,train,5to6,2,0.000693424656219503,0.0056859584897217,0.09634261483548315,0.4499935165484841,0.4472844854700916,5to6
2286,2287,OADMET-0003077,4.32,train,4to5,1,0.02769601277449782,0.1784397291096184,0.6186248925111676,0.1391182601446658,0.03612110546005038,4to5
2287,2288,OADMET-0003076,3.86,train,3to4,0,0.6940227576082324,0.29970266677123564,0.004145664526521223,0.0005859722588289142,0.0015429388351818124,lt3
2288,2289,OADMET-0003075,4.99,train,4to5,2,0.00026938929118123275,0.0074187699937154,0.254826921145724,0.6262152496138508,0.11126966995552863,5to6
2289,2290,OADMET-0003073,3.14,train,3to4,3,0.05478630270999803,0.3696721187349949,0.5071062246308875,0.054842319904598286,0.013593034019521305,4to5
2290,2291,OADMET-0003071,5.59,train,5to6,0,0.003808522026658617,0.022722411276482852,0.21974627069894692,0.4267466845093042,0.32697611148860745,5to6
2291,2292,OADMET-0003070,5.25,train,5to6,0,0.0001834339656824895,0.003792025587843144,0.1368053163839009,0.5973528214766656,0.26186640258590793,5to6
2292,2293,OADMET-0003069,5.7,train,5to6,3,0.005662552464968,0.04886686731368634,0.4589506917505192,0.41977989067641247,0.06673999779441397,4to5
2293,2294,OADMET-0003068,5.41,train,5to6,0,0.0008396426585052017,0.018699979454203226,0.4413236986202113,0.47133445852230726,0.06780222074477299,5to6
2294,2295,OADMET-0003067,5.21,train,5to6,0,0.0002763754038511275,0.012510639431911212,0.47836971162385855,0.47464439130037733,0.03419888224000182,4to5
2295,2296,OADMET-0003066,5.07,train,5to6,4,2.9691056615418467e-05,0.0005163176099988858,0.1574809848760939,0.675408601545866,0.1665644049114257,5to6
2296,2297,OADMET-0003065,5.14,train,5to6,1,0.0003979337971301347,0.009170684398166208,0.3048420956574974,0.548313166674713,0.13727611947249327,5to6
2297,2298,OADMET-0003064,5.32,train,5to6,1,0.0002836296285994834,0.0068993581201526105,0.278115178323229,0.5783284206883276,0.13637341323969127,5to6
2298,2299,OADMET-0003063,5.11,train,5to6,0,0.0008160097197556658,0.021692784871806692,0.48765859836691006,0.43419454239686056,0.05563806464466702,4to5
2299,2300,OADMET-0003062,4.84,train,4to5,0,0.00046968872025967537,0.010615573895059963,0.34093322383504826,0.5544765434443207,0.09350497010531134,5to6
2300,2301,OADMET-0003061,4.94,train,4to5,2,0.0001733698880547938,0.004873862951180094,0.21093147973443244,0.6473163360289146,0.1367049513974181,5to6
2301,2302,OADMET-0003060,5.45,train,5to6,4,3.6875329835071624e-05,0.0003306494740668607,0.06136740803597133,0.5091676452300863,0.4290974219300404,5to6
2302,2303,OADMET-0003059,5.17,train,5to6,1,8.099689734464082e-05,0.003424116350497182,0.23612099473447226,0.6327646860207605,0.12760920599692543,5to6
2303,2304,OADMET-0003057,2.1,train,lt3,2,0.4537291264802163,0.38454297944748334,0.06924668299658751,0.018310312987082262,0.07417089808863059,lt3
2304,2305,OADMET-0003056,4.94,train,4to5,4,0.004606245969730704,0.01829413678382011,0.15451547345177252,0.4034567433986588,0.4191274003960179,gte6
2305,2306,OADMET-0003055,5.63,train,5to6,0,1.0915608231241016e-05,0.00013957065150969032,0.0100810240557214,0.24873736862383847,0.7410311210606992,gte6
2306,2307,OADMET-0003054,3.63,train,3to4,3,0.4482675264759843,0.5030391818071371,0.03311332299161824,0.004332024095733617,0.011247944629526675,3to4
2307,2308,OADMET-0003053,4.87,train,4to5,0,0.00027182227807278026,0.008338686397678508,0.26871953442161517,0.5934655893307,0.12920436757193351,5to6
2308,2309,OADMET-0003052,4.84,train,4to5,4,0.00020880727705849657,0.007713154326219848,0.430363381414696,0.5241611533486231,0.037553503633402555,5to6
2309,2310,OADMET-0003051,5.21,train,5to6,1,0.0003450754738978889,0.007984077558153778,0.2443389594626013,0.5552204251450958,0.1921114623602512,5to6
2310,2311,OADMET-0003050,3.8,train,3to4,1,0.24671715885175055,0.33889918004427044,0.24854371330691666,0.07489458136731768,0.09094536642974467,3to4
2311,2312,OADMET-0003049,5.18,train,5to6,4,0.00047260820753599724,0.007154619971235178,0.3210043184902509,0.5347719578282875,0.1365964955026905,5to6
2312,2313,OADMET-0003048,6.46,train,gte6,4,9.38052282311523e-06,3.233850995411173e-05,0.003155429822645421,0.12394135347579567,0.8728614976687816,gte6
2313,2314,OADMET-0003047,5.03,train,5to6,3,0.000928190758173794,0.020964003840672735,0.41113444655432235,0.4844944715317788,0.08247888731505232,5to6
2314,2315,OADMET-0003046,5.355,train,5to6,2,0.0006473698110726712,0.012629646430781075,0.4272466174339925,0.5194078528755212,0.04006851344863259,5to6
2315,2316,OADMET-0003045,5.22,train,5to6,4,1.757687938581874e-05,7.644558063668998e-05,0.008875277487031229,0.16945723544564764,0.8215734646072986,gte6
2316,2317,OADMET-0003044,5.59,train,5to6,3,1.4550051654680351e-05,0.00023763757750024482,0.011866659841802062,0.2950462397051783,0.6928349128238648,gte6
2317,2318,OADMET-0003043,6.34,train,gte6,4,1.3648146930555561e-05,4.6772126414914634e-05,0.004168408526006671,0.12469105628351104,0.8710801149171368,gte6
2318,2319,OADMET-0003042,5.0,train,4to5,1,1.9020851758730734e-05,0.0004957662819210465,0.04591301385606887,0.5162078658962957,0.4373643331139556,5to6
2319,2320,OADMET-0003041,5.36,train,5to6,2,2.8144521993403367e-05,0.00039833611348066367,0.023996399087387217,0.3897568779484732,0.5858202423286655,gte6
2320,2321,OADMET-0003040,5.04,train,5to6,3,0.00034830887846225376,0.008597988588757991,0.29578977663137196,0.617334124084325,0.07792980181708282,5to6
2321,2322,OADMET-0003039,5.42,train,5to6,0,5.6417402048653476e-05,0.0012474016134757103,0.06726519187726031,0.5407527821279237,0.3906782069792917,5to6
2322,2323,OADMET-0003038,4.87,train,4to5,4,0.00015243528452806967,0.0028196172758786697,0.18051132540600773,0.5698022240307827,0.24671439800280276,5to6
2323,2324,OADMET-0003037,5.58,train,5to6,0,0.012311699261283627,0.05418510125326015,0.14381980266465738,0.29839433913628205,0.4912890576845168,gte6
2324,2325,OADMET-0003036,5.11,train,5to6,4,8.045720721329854e-05,0.001927122361950079,0.2991781359251114,0.5983912001700354,0.10042308433568975,5to6
2325,2326,OADMET-0003035,5.27,train,5to6,1,0.006058047570720669,0.13129268684456263,0.7495515402373041,0.10679107983999758,0.006306645507414978,4to5
2326,2327,OADMET-0003034,5.22,train,5to6,2,8.664040299150182e-05,0.0019256083106525,0.08222944507345993,0.5642526299271272,0.3515056762857688,5to6
2327,2328,OADMET-0003033,5.16,train,5to6,2,0.00013973366079939089,0.0031247327740842523,0.12571747669818828,0.6163536343919837,0.2546644224749445,5to6
2328,2329,OADMET-0003032,4.31,train,4to5,4,0.004842166262334916,0.08471389753405227,0.7231802253397805,0.17613272147458817,0.011130989389244134,4to5
2329,2330,OADMET-0003031,4.99,train,4to5,1,5.825978467503831e-05,0.0017117206819184788,0.13702600912431406,0.6209232679395718,0.24028074246952064,5to6
2330,2331,OADMET-0003030,5.04,train,5to6,1,0.0008502039585902364,0.011336933657125542,0.14473444013630066,0.3981942774756826,0.444884144772301,gte6
2331,2332,OADMET-0003029,5.44,train,5to6,0,1.9494819377023893e-05,0.00029734371713821664,0.01684835069529626,0.3088113461927508,0.6740234645754377,gte6
2332,2333,OADMET-0003028,5.22,train,5to6,2,1.980921498810563e-05,0.00035706339972681964,0.05526825333080398,0.6022428973109231,0.342111976743558,5to6
2333,2334,OADMET-0003027,4.98,train,4to5,3,0.003315225060910366,0.03751456049234756,0.45221469490648136,0.4374130136407553,0.06954250589950543,4to5
2334,2335,OADMET-0003026,5.8,train,5to6,4,3.070022909531684e-05,8.983626747133674e-05,0.004215630561012296,0.10746697720361237,0.8881968557388087,gte6
2335,2336,OADMET-0003025,5.6,train,5to6,3,7.173682010384763e-05,0.0011914946908014494,0.039321144833493374,0.41039703114005316,0.5490185925155482,gte6
2336,2337,OADMET-0003024,5.09,train,5to6,3,0.00030385424479301767,0.0078096585165836445,0.25671900708243583,0.6260102599400607,0.10915722021612682,5to6
2337,2338,OADMET-0003023,4.88,train,4to5,0,3.6541051009757515e-05,0.0009258995063589229,0.056225718660800734,0.52097533157704,0.4218365092047906,5to6
2338,2339,OADMET-0003022,5.19,train,5to6,2,9.024955413647445e-05,0.0022474972558081336,0.10049061697411335,0.6015697849501753,0.2956018512657667,5to6
2339,2340,OADMET-0003021,5.53,train,5to6,3,0.012943259741721204,0.050815181127171524,0.21806887299914082,0.38746170111609857,0.3307109850158679,5to6
2340,2341,OADMET-0003020,5.28,train,5to6,3,2.368502068656016e-05,0.00047954066475832166,0.0604739777043284,0.6061811961484588,0.3328416004617679,5to6
2341,2342,OADMET-0003019,4.63,train,4to5,4,0.0024167578307277286,0.028423742898944872,0.44175358948478716,0.410010778754789,0.1173951310307513,4to5
2342,2343,OADMET-0003018,4.65,train,4to5,2,0.0006211561259671418,0.017695199676579842,0.4516614968024141,0.477355300796657,0.05266684659838189,5to6
2343,2344,OADMET-0003017,6.205,train,gte6,4,0.29074999879603275,0.5262173448535813,0.1490470478714717,0.013247204099530754,0.020738404379383502,3to4
2344,2345,OADMET-0003016,4.75,train,4to5,3,0.0001517425027894005,0.004610279771090367,0.238230259198329,0.6568086955367859,0.10019902299100542,5to6
2345,2346,OADMET-0003015,4.91,train,4to5,0,0.0002824258598363308,0.008824335095043163,0.37060491903060305,0.5572682419443384,0.06302007807017898,5to6
2346,2347,OADMET-0003014,5.24,train,5to6,3,0.004244481617780901,0.030732208419265942,0.28296282478987816,0.4538011485394856,0.22825933663358938,5to6
2347,2348,OADMET-0003013,4.78,train,4to5,4,3.906774425832e-05,0.0006053096019897321,0.13751440946749588,0.6710748529226576,0.19076636026359847,5to6
2348,2349,OADMET-0003012,4.78,train,4to5,1,9.534845082605771e-05,0.002186564611270292,0.10858053876370792,0.5545149147939664,0.33462263338022935,5to6
2349,2350,OADMET-0003011,5.72,train,5to6,3,1.81939208597491e-05,0.00023130243985506198,0.008543329117000042,0.245960721679782,0.7452464528425031,gte6
2350,2351,OADMET-0003010,5.63,train,5to6,2,4.9105575494249774e-05,0.0006361420293738692,0.027415018145118084,0.36923038442888334,0.6026693498211304,gte6
2351,2352,OADMET-0003009,4.94,train,4to5,1,0.0002712285396375056,0.0023417078500933236,0.04724194309553723,0.29376019955451804,0.656384920960214,gte6
2352,2353,OADMET-0003008,5.27,train,5to6,0,9.989661050876868e-06,9.814414510862946e-05,0.008329277293072573,0.266562473574379,0.7250001153263889,gte6
2353,2354,OADMET-0003007,4.6,train,4to5,0,0.0001459479082998527,0.006755237858539029,0.2927537826109201,0.5250118912807514,0.17533314034148953,5to6
2354,2355,OADMET-0003006,5.15,train,5to6,4,6.674427902206722e-05,0.0017875119536240145,0.2168980952549553,0.62993912920915,0.15130851930324868,5to6
2355,2356,OADMET-0003005,5.17,train,5to6,2,0.0002633936411372596,0.00713759535826442,0.2978349791551683,0.6090256896801212,0.08573834216530886,5to6
2356,2357,OADMET-0003004,5.16,train,5to6,3,0.0027427503124421316,0.03251542493978013,0.42743548362749073,0.45734262051145497,0.07996372060883206,5to6
2357,2358,OADMET-0003003,5.23,train,5to6,4,9.527307307934651e-05,0.0018746123339020782,0.16369319774758398,0.622265015121641,0.2120719017237936,5to6
2358,2359,OADMET-0003002,5.38,train,5to6,1,2.468654319122044e-05,0.0007792954353770894,0.06577117308230844,0.5541116858275752,0.3793131591115481,5to6
2359,2360,OADMET-0003001,5.46,train,5to6,1,2.0730489485404957e-05,0.0005201190415288244,0.03802918682583191,0.4290709540476409,0.532359009595513,gte6
2360,2361,OADMET-0003000,4.69,train,4to5,4,9.730452079160776e-05,0.0028080191822319653,0.3368137354335793,0.6112726104819386,0.04900833038145852,5to6
2361,2362,OADMET-0002999,5.11,train,5to6,0,3.411911277280701e-05,0.001280227601358637,0.07701736194659897,0.5388666567062427,0.38280163463302685,5to6
2362,2363,OADMET-0002998,5.28,train,5to6,4,4.1825971166886324e-05,0.0003662228221810736,0.05994283472975814,0.4858149040883649,0.453834212388529,5to6
2363,2364,OADMET-0002997,5.25,train,5to6,2,6.218220138947638e-05,0.0010346659308894965,0.043187143544641926,0.40926219497679767,0.5464538133462814,gte6
2364,2365,OADMET-0002996,3.65,train,3to4,1,0.5306644675687219,0.44994624469888694,0.014648301247001052,0.0023695857852210488,0.0023714007001690413,lt3
2365,2366,OADMET-0002995,3.43,train,3to4,2,0.5545713073055177,0.4282655536458363,0.012859496680388832,0.001112239155871084,0.0031914032123860486,lt3
2366,2367,OADMET-0002994,4.73,train,4to5,3,4.012400459220885e-05,0.0009665025632698546,0.06329915157349071,0.5218188356113228,0.41387538624732445,5to6
2367,2368,OADMET-0002993,5.06,train,5to6,0,0.0011081364581075424,0.029880174406928927,0.5281971523325873,0.3844069118965059,0.05640762490587024,4to5
2368,2369,OADMET-0002992,6.02,train,gte6,2,2.5018065803337148e-05,0.0003562300440846765,0.02289367115878234,0.3448507519771441,0.6318743287541856,gte6
2369,2370,OADMET-0002991,5.15,train,5to6,4,2.092298320823821e-05,0.0002259763699047574,0.09675415417606438,0.6494216100955472,0.2535773363752754,5to6
2370,2371,OADMET-0002990,3.35,train,3to4,2,0.3513145938123884,0.6004634916644248,0.03847007338791867,0.0021768849625621745,0.007574956172706003,3to4
2371,2372,OADMET-0002989,3.16,train,3to4,0,0.4829580186148379,0.4967533041758566,0.01628101516075187,0.0014045196878014839,0.002603142360752113,3to4
2372,2373,OADMET-0002988,5.18,train,5to6,4,0.00029838526177213486,0.0034883586478664046,0.15664801769510203,0.5652879811993288,0.2742772571959307,5to6
2373,2374,OADMET-0002987,5.61,train,5to6,4,3.200131192774763e-05,0.00046245242566822335,0.11220079949042214,0.6040965668980505,0.28320817987393143,5to6
2374,2375,OADMET-0002986,4.6,train,4to5,0,0.007434629006015115,0.061768785824197106,0.5338736511502725,0.33536664991942317,0.0615562841000921,4to5
2375,2376,OADMET-0002985,5.105,train,5to6,4,0.0011307814505511606,0.024007232113516543,0.4984223687696768,0.4173165430054631,0.05912307466079237,4to5
2376,2377,OADMET-0002984,5.09,train,5to6,0,0.0006954851007770289,0.021353708670871607,0.5733630085512704,0.3774789587801767,0.027108838896904214,4to5
2377,2378,OADMET-0002983,4.95,train,4to5,1,0.00010937484153828593,0.004510284328623448,0.24987005783833208,0.5730817821441337,0.1724285008473724,5to6
2378,2379,OADMET-0002982,5.31,train,5to6,0,0.003288651435112501,0.028595532091685694,0.1747657850441142,0.4116632447771162,0.3816867866519714,5to6
2379,2380,OADMET-0002981,5.97,train,5to6,1,4.73277370103014e-05,0.0007206465394575162,0.022602210324815436,0.2574800906315453,0.7191497247671714,gte6
2380,2381,OADMET-0002980,3.17,train,3to4,1,0.2376009664383357,0.6353959816951722,0.11654367987115279,0.005420272093440665,0.005039099901898618,3to4
2381,2382,OADMET-0002979,5.59,train,5to6,0,0.00041782743396258896,0.0070748218679551065,0.08694147648179483,0.3765618621163717,0.5290040120999158,gte6
2382,2383,OADMET-0002978,5.11,train,5to6,2,4.4578877022822244e-05,0.0006303879410444915,0.03572993845072238,0.4527684303599326,0.5108266643712778,gte6
2383,2384,OADMET-0002977,5.02,train,5to6,4,5.0452237489332545e-05,0.0006171326582370836,0.11309399070937758,0.5235691237316048,0.3626693006632912,5to6
2384,2385,OADMET-0002976,4.93,train,4to5,4,7.0072437967727e-05,0.0004403697175342018,0.04189431467883332,0.3347916443705491,0.6228035987951156,gte6
2385,2386,OADMET-0002975,5.71,train,5to6,4,5.666364274705259e-05,0.00039005007668679956,0.026780688306669714,0.2739225839270597,0.6988500140468368,gte6
2386,2387,OADMET-0002974,4.755,train,4to5,0,0.002057667927045129,0.05397440397049507,0.7090303068949533,0.22510875424461577,0.009828866962890776,4to5
2387,2388,OADMET-0002973,5.55,train,5to6,4,0.0017676586433396934,0.025497542907928942,0.5196502848312748,0.4035607610196312,0.04952375259782539,4to5
2388,2389,OADMET-0002972,5.26,train,5to6,2,0.0003742701109207438,0.007302696867844496,0.20618929113528048,0.5779197256569358,0.2082140162290184,5to6
2389,2390,OADMET-0002971,5.79,train,5to6,4,1.843178538541589e-05,0.00016857160082391252,0.03740869899982654,0.40692553630818673,0.5554787613057774,gte6
2390,2391,OADMET-0002970,5.28,train,5to6,0,9.982740800597042e-05,0.0038217952426618062,0.17633164551231661,0.6340000257107031,0.18574670612631253,5to6
2391,2392,OADMET-0002969,5.08,train,5to6,2,0.00012693713622630572,0.0057795287120062854,0.36260960739691217,0.5917158437866682,0.03976808296818701,5to6
2392,2393,OADMET-0002968,5.32,train,5to6,4,0.00020647522725484864,0.004821966258105841,0.3053797988213758,0.6061699805275836,0.08342177916567985,5to6
2393,2394,OADMET-0002967,4.83,train,4to5,1,0.0001901252360149271,0.0066931064736792415,0.31256040292614135,0.5611939315661572,0.11936243379800734,5to6
2394,2395,OADMET-0002966,4.96,train,4to5,3,0.0005339824756662958,0.007492415205423315,0.1569732888063342,0.5721789647423609,0.2628213487702153,5to6
2395,2396,OADMET-0002965,5.01,train,5to6,1,0.004903143643853772,0.027365935443898964,0.23940529962274373,0.42480914973785394,0.30351647155164957,5to6
2396,2397,OADMET-0002964,5.404999999999999,train,5to6,4,3.184425006048183e-05,0.0005047837508979879,0.1592937821394604,0.7032349548894598,0.13693463497012134,5to6
2397,2398,OADMET-0002963,4.74,train,4to5,1,0.0016546351828654,0.022883068508552873,0.46300301214968903,0.44616046689246325,0.06629881726642944,4to5
2398,2399,OADMET-0002962,5.88,train,5to6,1,2.1320787714093117e-05,0.0005805275869859937,0.025334695359495816,0.3258996606566693,0.6481637956091347,gte6
2399,2400,OADMET-0002961,5.71,train,5to6,0,2.5468706430369884e-05,0.0004341627469739476,0.02741022855666598,0.3239310252457971,0.6481991147441326,gte6
2400,2401,OADMET-0002960,5.11,train,5to6,2,0.00016510849266225468,0.002251177371440598,0.06366992865513536,0.4713091345794629,0.4626046509012989,5to6
2401,2402,OADMET-0002959,4.94,train,4to5,2,0.0004437122061247211,0.013018600056157655,0.34160093914256856,0.5611952886471319,0.08374145994801714,5to6
2402,2403,OADMET-0002958,5.35,train,5to6,2,0.0001977875071640443,0.003294202964081795,0.09708074478317386,0.5681319235597934,0.3312953411857869,5to6
2403,2404,OADMET-0002957,5.12,train,5to6,1,7.286377510484944e-05,0.0025766524477057393,0.15929622942490448,0.6235381958645785,0.2145160584877064,5to6
2404,2405,OADMET-0002955,5.53,train,5to6,2,8.492706345629261e-05,0.0024841611149472175,0.1630821040297676,0.6822811799190568,0.15206762787277206,5to6
2405,2406,OADMET-0002954,5.12,train,5to6,3,0.00027088998432183727,0.006567973169278156,0.30337795575463655,0.6286703935972715,0.06111278749449192,5to6
2406,2407,OADMET-0002953,5.25,train,5to6,4,6.26752749562385e-05,0.0009281320594914896,0.07800174684314358,0.49366528933701653,0.42734215648539214,5to6
2407,2408,OADMET-0002952,5.64,train,5to6,4,2.4274961917040163e-05,9.361891327476808e-05,0.00888371523830716,0.20514903110678936,0.7858493597797117,gte6
2408,2409,OADMET-0002951,3.25,train,3to4,0,0.5419887312299692,0.43842662584343745,0.014156958414906957,0.0019730332029439805,0.003454651308742466,lt3
2409,2410,OADMET-0002950,5.800000000000001,train,5to6,1,1.4162058417412635e-05,0.0003457593535462266,0.021901763839450306,0.34719449065831076,0.6305438240902753,gte6
2410,2411,OADMET-0002949,4.97,train,4to5,1,1.6038748690752937e-05,0.00020880541056501748,0.009461721770479024,0.22869842636897322,0.761615007701292,gte6
2411,2412,OADMET-0002948,4.64,train,4to5,4,0.06528068143112456,0.5412456831135011,0.3703606318495564,0.021501013380853185,0.0016119902249647367,3to4
2412,2413,OADMET-0002947,3.34,train,3to4,3,0.6803709686775542,0.3147181167932187,0.003813145683768778,0.0004796769066328889,0.0006180919388253875,lt3
2413,2414,OADMET-0002946,5.915,train,5to6,4,3.93521323355655e-05,0.0004103861487359423,0.0627952502737598,0.5566801310523735,0.38007488039279524,5to6
2414,2415,OADMET-0002945,2.68,train,lt3,1,0.5572578996538173,0.4331553647964541,0.007653346408177377,0.0007572049629518628,0.0011761841785993214,lt3
2415,2416,OADMET-0002944,6.04,train,gte6,1,1.2255476093088639e-05,0.00020418919284754253,0.014564817346146511,0.2884123425576359,0.696806395427277,gte6
2416,2417,OADMET-0002943,5.16,train,5to6,2,0.00014793566062035047,0.005871393249101481,0.29965884081425026,0.6203518014626754,0.07397002881335243,5to6
2417,2418,OADMET-0002942,5.37,train,5to6,3,0.0005350897860739811,0.013729883581926873,0.39370183108688095,0.5349129758892823,0.057120219655835865,5to6
2418,2419,OADMET-0002941,5.51,train,5to6,1,0.00010561015189717462,0.0008800348582723992,0.02335647640082235,0.24074793941988226,0.7349099391691258,gte6
2419,2420,OADMET-0002940,5.05,train,5to6,4,1.854880595130915e-05,0.0001362493191784428,0.024084631146747363,0.38854455614144645,0.5872160145866764,gte6
2420,2421,OADMET-0002939,5.17,train,5to6,2,0.00030776888384863717,0.005549846854233688,0.2313673120723131,0.616759140480956,0.14601593170864854,5to6
2421,2422,OADMET-0002938,4.6,train,4to5,2,0.0008961308835540689,0.02349330758389815,0.48707378838203014,0.43874598680692173,0.04979078634359587,4to5
2422,2423,OADMET-0002937,4.85,train,4to5,4,8.943979262155458e-05,0.0011897994453244343,0.12779228905587356,0.5956638696059342,0.2752646021002462,5to6
2423,2424,OADMET-0002936,4.64,train,4to5,1,0.1975746826240911,0.4277330477635172,0.28581177123592155,0.051150688858677115,0.037729809517793006,3to4
2424,2425,OADMET-0002935,5.28,train,5to6,1,0.00024195853079948132,0.006449400303153687,0.31064533492970464,0.5680883995870859,0.11457490664925635,5to6
2425,2426,OADMET-0002934,4.9,train,4to5,0,3.460395999539079e-05,0.001130902685404331,0.12007691831754454,0.6609686083403116,0.21778896669674414,5to6
2426,2427,OADMET-0002933,5.26,train,5to6,4,9.512985293902252e-05,0.0028109006759281414,0.3018499481648331,0.6298944080355475,0.06534961327075223,5to6
2427,2428,OADMET-0002932,5.17,train,5to6,2,0.00012822978635035367,0.003480494184090438,0.149843719520423,0.6028785582392957,0.24366899826984048,5to6
2428,2429,OADMET-0002930,5.53,train,5to6,4,2.7174027674211014e-05,0.00032896140396798944,0.08743022952124846,0.6312978737216738,0.28091576132543555,5to6
2429,2430,OADMET-0002929,3.1,train,3to4,1,0.5975009905359827,0.36370214819368996,0.02229961011338449,0.005356663399016131,0.011140587757926692,lt3
2430,2431,OADMET-0002928,5.54,train,5to6,1,3.0326192376390185e-05,0.0009711021890231401,0.09349952398122917,0.6193690140987111,0.2861300335386601,5to6
2431,2432,OADMET-0002927,5.1,train,5to6,0,4.521610262297176e-05,0.002081514910548538,0.1752676757326045,0.6788564082902356,0.1437491849639884,5to6
2432,2433,OADMET-0002926,4.87,train,4to5,2,5.2717515954781534e-05,0.0018709116131546456,0.1585733531769844,0.6981683106022897,0.14133470709161655,5to6
2433,2434,OADMET-0002925,3.58,train,3to4,2,0.6127739493040871,0.36705642605312155,0.010209272522907325,0.0016675747313919908,0.00829277738849206,lt3
2434,2435,OADMET-0002924,3.78,train,3to4,4,0.13314687805810307,0.7120466018435518,0.14503207367166468,0.006463874402958947,0.0033105720237214605,3to4
2435,2436,OADMET-0002923,5.27,train,5to6,1,2.57352255045784e-05,0.0007151318052518131,0.06830891890950759,0.5076745692133756,0.42327564484636043,5to6
2436,2437,OADMET-0002922,5.42,train,5to6,4,0.00012816876436645632,0.002534799864651757,0.24288870065549084,0.6242979467416161,0.13015038397387488,5to6
2437,2438,OADMET-0002921,5.79,train,5to6,3,0.0002652736810389666,0.002995491118673868,0.054505316330892374,0.3428919717347434,0.5993419471346514,gte6
2438,2439,OADMET-0002920,5.2,train,5to6,2,5.174624391761462e-05,0.0025976231294735576,0.2637720559486576,0.6712710489420273,0.062307525735924,5to6
2439,2440,OADMET-0002919,4.85,train,4to5,4,5.4016079183313795e-05,0.0008956641412513962,0.12567533372553902,0.6202195197873346,0.2531554662666917,5to6
2440,2441,OADMET-0002918,4.8,train,4to5,4,0.0004797538515160791,0.012453682584017564,0.47143375356301764,0.48313557571550736,0.03249723428594131,5to6
2441,2442,OADMET-0002917,3.95,train,3to4,1,0.160442977247147,0.557983156900947,0.2571841165953272,0.016907025034127617,0.007482724222451127,3to4
2442,2443,OADMET-0002916,5.22,train,5to6,2,0.3219176278535685,0.6289887517616883,0.04441463265318717,0.002132688912119256,0.002546298819436745,3to4
2443,2444,OADMET-0002915,4.97,train,4to5,3,0.0006313938036397967,0.012411805744019067,0.3337744459062709,0.5837143036703678,0.0694680508757024,5to6
2444,2445,OADMET-0002914,5.46,train,5to6,0,2.289626052675799e-05,0.0006848110537165976,0.04952375352388052,0.46495876975369566,0.48480976940818044,gte6
2445,2446,OADMET-0002913,5.22,train,5to6,3,0.0004541299427427856,0.002637301638475519,0.03013564084006383,0.18572533451591447,0.7810475930628034,gte6
2446,2447,OADMET-0002912,6.13,train,gte6,1,2.2782995237803336e-05,0.00047843088738776295,0.03099229395249429,0.393142911629153,0.5753635805357271,gte6
2447,2448,OADMET-0002911,5.06,train,5to6,3,0.00010136850219544454,0.004296060764674816,0.27799267275839984,0.6632219008765489,0.05438799709818099,5to6
2448,2449,OADMET-0002910,5.035,train,5to6,1,0.0006273420099750723,0.014929733706377575,0.5456216761748088,0.40798436327234083,0.03083688483649769,4to5
2449,2450,OADMET-0002909,4.78,train,4to5,3,0.00010522371780153955,0.0031148515830101424,0.13038831638250192,0.6392399516231049,0.22715165669358153,5to6
2450,2451,OADMET-0002908,5.19,train,5to6,2,5.518518164210772e-05,0.0015907450814120812,0.09341637183156813,0.6112785429664733,0.2936591549389044,5to6
2451,2452,OADMET-0002907,5.51,train,5to6,1,2.1847699880937364e-05,0.0006269836464529177,0.03741591432978745,0.405175537870342,0.5567597164535367,gte6
2452,2453,OADMET-0002906,5.54,train,5to6,0,1.9244322498725493e-05,0.000523554635661422,0.04786673641277468,0.4852984033223224,0.4662920613067428,5to6
2453,2454,OADMET-0002905,4.72,train,4to5,2,0.0007690857075028388,0.013304014535341243,0.23166434197146046,0.5224217711665927,0.23184078661910273,5to6
2454,2455,OADMET-0002904,5.44,train,5to6,4,1.318810572492809e-05,7.550556201249815e-05,0.02777166964418116,0.40988125092829375,0.5622583857597876,gte6
2455,2456,OADMET-0002903,5.4,train,5to6,2,4.5659644285469625e-05,0.0010703020495485597,0.07411786590843973,0.5310211546252197,0.3937450177725066,5to6
2456,2457,OADMET-0002902,5.74,train,5to6,0,0.00011776465665317272,0.0015761294797053485,0.0403786305764152,0.31967735619185333,0.6382501190953729,gte6
2457,2458,OADMET-0002901,5.14,train,5to6,2,0.00033887398885388257,0.011275725048672384,0.48243091819770656,0.48295242901910707,0.02300205374566012,5to6
2458,2459,OADMET-0002900,5.95,train,5to6,2,0.00037880888664804205,0.005858488037342514,0.13771396067768713,0.588473225892127,0.26757551650619527,5to6
2459,2460,OADMET-0002899,5.78,train,5to6,1,2.5628337465647938e-05,0.0003923056792534669,0.01469562164008515,0.2697874407591378,0.715099003584058,gte6
2460,2461,OADMET-0002898,2.54,train,lt3,1,0.37820262777428776,0.5558605507999659,0.0526328581678767,0.005598859111650082,0.007705104146219626,3to4
2461,2462,OADMET-0002897,4.89,train,4to5,0,9.05787253032654e-05,0.0035029440299360766,0.18706347355088046,0.6520714347344688,0.15727156895941138,5to6
2462,2463,OADMET-0002896,5.42,train,5to6,1,0.007721232093976274,0.04218030008618165,0.40621751254627964,0.40333497255251266,0.1405459827210498,4to5
2463,2464,OADMET-0002895,5.43,train,5to6,0,0.00034538181552996823,0.006293637116202168,0.21849065685215188,0.6077541020037925,0.16711622221232345,5to6
2464,2465,OADMET-0002894,5.1,train,5to6,4,0.0003713561511835413,0.008509232126453206,0.3519331889129432,0.5568989760450122,0.08228724676440792,5to6
2465,2466,OADMET-0002893,5.09,train,5to6,0,4.5068342901451384e-05,0.001697402881086869,0.17948484082019658,0.6899067033255561,0.12886598463025903,5to6
2466,2467,OADMET-0002892,5.42,train,5to6,0,0.00019666750775863595,0.004386048046537914,0.09600118741619103,0.3875187412957685,0.511897355733744,gte6
2467,2468,OADMET-0002889,4.79,train,4to5,4,3.537030061221828e-05,0.0006834262307877336,0.15484266302053276,0.6759999533660875,0.16843858708197978,5to6
2468,2469,OADMET-0002888,2.67,train,lt3,3,0.6273001175219256,0.360852022589573,0.008216668364188415,0.001082577568282838,0.0025486139560300944,lt3
2469,2470,OADMET-0002887,4.96,train,4to5,3,0.0027774010636254444,0.03185084764244255,0.39047609896044494,0.43446888558693597,0.14042676674655108,5to6
2470,2471,OADMET-0002886,1.77,train,lt3,0,0.3612349439321325,0.5718987879228951,0.051750750351774136,0.006234545398269021,0.008880972394929323,3to4
2471,2472,OADMET-0002885,1.78,train,lt3,1,0.5682518164672805,0.3905174513989621,0.023362644573898358,0.006426103985341043,0.01144198357451799,lt3
2472,2473,OADMET-0002884,5.21,train,5to6,0,0.0013657022454303964,0.011951222975437359,0.0901987624103478,0.4291570768172905,0.46732723555149397,gte6
2473,2474,OADMET-0002883,5.48,train,5to6,3,6.185331712001038e-05,0.0009734105168485995,0.032146592350180275,0.40783337592150165,0.5589847678943495,gte6
2474,2475,OADMET-0002882,5.25,train,5to6,3,9.33924238038906e-05,0.0031869946953710865,0.17314338670350388,0.6739082927127601,0.14966793346456103,5to6
2475,2476,OADMET-0002881,1.76,train,lt3,1,0.2998448688496429,0.5566346194462565,0.1223998399704653,0.00963042235900818,0.01149024937462712,3to4
2476,2477,OADMET-0002880,5.06,train,5to6,1,0.0008629413460868612,0.020197762774807705,0.5912831600850407,0.3564392433867077,0.031216892407357123,4to5
2477,2478,OADMET-0002879,5.42,train,5to6,3,0.0040979942223078525,0.01551190596902072,0.08239714409946058,0.3210559632872659,0.576936992421945,gte6
2478,2479,OADMET-0002878,5.0,train,4to5,4,0.0005311076215232406,0.006445928095545215,0.21530927934484628,0.5727718729795759,0.20494181195850944,5to6
2479,2480,OADMET-0002877,3.08,train,3to4,2,0.00728380352184926,0.18739749733459105,0.7348973261703189,0.06874861855476515,0.0016727544184756084,4to5
2480,2481,OADMET-0002876,5.34,train,5to6,4,2.6696165308414364e-05,0.00022070190010294496,0.033714398941154695,0.4431118097290884,0.5229263932643455,gte6
2481,2482,OADMET-0002875,1.99,train,lt3,1,0.3532190859709461,0.5434445051643987,0.07945422695001952,0.00797343985780895,0.015908742056826727,3to4
2482,2483,OADMET-0002874,5.33,train,5to6,0,0.0011497944485082854,0.01683495770739986,0.20750387237615187,0.539221948262728,0.23528942720521204,5to6
2483,2484,OADMET-0002873,5.22,train,5to6,1,0.002405480872296161,0.032957314416700946,0.44260506441139646,0.4300177857227662,0.09201435457684018,4to5
2484,2485,OADMET-0002872,4.74,train,4to5,1,0.00018257522688652273,0.006911155333254401,0.3505476132947626,0.5564456011124732,0.08591305503262334,5to6
2485,2486,OADMET-0002871,5.16,train,5to6,4,0.00959427182827154,0.054342593643443515,0.4210831495490092,0.3904606674488404,0.1245193175304353,4to5
2486,2487,OADMET-0002870,5.07,train,5to6,4,8.165201539094183e-05,0.003134484322009215,0.4339749129463074,0.5376333855043522,0.025175565211940136,5to6
2487,2488,OADMET-0002869,5.51,train,5to6,2,0.0001249860248240994,0.0013657260345795413,0.03685814611407665,0.33488217874339443,0.6267689630831252,gte6
2488,2489,OADMET-0002868,5.44,train,5to6,0,5.395176746555199e-05,0.002147111796844186,0.19441845904075727,0.6790798268395083,0.12430065055542472,5to6
2489,2490,OADMET-0002867,5.12,train,5to6,2,0.003760848434106704,0.045624793560431164,0.344713667189673,0.4963860511622389,0.10951463965355022,5to6
2490,2491,OADMET-0002866,3.47,train,3to4,4,0.4635936176269429,0.4693470749950127,0.04978325063801083,0.003040569041763506,0.014235487698270039,3to4
2491,2492,OADMET-0002865,5.44,train,5to6,3,4.018198601813488e-05,0.0011264637940320396,0.07084512951168392,0.6058848664870875,0.32210335822117836,5to6
2492,2493,OADMET-0002864,4.94,train,4to5,1,0.005717402569018787,0.03329145678450075,0.35602410172774335,0.4093347069149805,0.19563233200375668,5to6
2493,2494,OADMET-0002863,1.79,train,lt3,2,0.3077581319197584,0.6249902426795569,0.06157811692149389,0.002521015768048464,0.003152492711142309,3to4
2494,2495,OADMET-0002862,2.57,train,lt3,1,0.586821360301288,0.28461482208218064,0.026817662726880697,0.024206608429658653,0.07753954645999206,lt3
2495,2496,OADMET-0002861,5.83,train,5to6,0,3.5675816978648984e-05,0.000984266739506978,0.051606468328025214,0.4835758159723542,0.4637977731431349,5to6
2496,2497,OADMET-0002860,5.3,train,5to6,4,2.617684204048153e-05,0.00014028688598407313,0.026859177461207598,0.3187507191848004,0.6542236396259674,gte6
2497,2498,OADMET-0002859,5.83,train,5to6,0,0.00010011494252989059,0.0020482577276663447,0.12298037792660084,0.6165125933909473,0.25835865601225555,5to6
2498,2499,OADMET-0002858,2.82,train,lt3,1,0.5476154307615553,0.37900013099796165,0.04038671870844701,0.009292240545502118,0.023705478986533874,lt3
2499,2500,OADMET-0002857,5.86,train,5to6,3,0.0017613138551287606,0.00965948483981601,0.11506503677089246,0.43297540602176815,0.4405387585123946,gte6
2500,2501,OADMET-0002856,5.545,train,5to6,1,0.0005297784620922643,0.009604581289016157,0.2693429791189703,0.5333471107912612,0.18717555033866012,5to6
2501,2502,OADMET-0002855,5.33,train,5to6,1,5.4310044712084634e-05,0.0010826875963816,0.049447862361311004,0.4452034359009641,0.5042117040966312,gte6
2502,2503,OADMET-0002854,5.59,train,5to6,4,0.0001958512474072308,0.0004952067481154266,0.01040683239623278,0.09655827455984961,0.892343835048395,gte6
2503,2504,OADMET-0002853,1.76,train,lt3,1,0.5957392609107576,0.38740164153424045,0.01035168504066862,0.002880628007454866,0.0036267845068784724,lt3
2504,2505,OADMET-0002852,4.86,train,4to5,4,0.0001740032416119163,0.0013359776611272932,0.03566814128661027,0.325910262417216,0.6369116153934345,gte6
2505,2506,OADMET-0002851,4.97,train,4to5,1,0.00032437979775736664,0.0059534138908047774,0.12437073122152219,0.5084120027329239,0.36093947235699186,5to6
2506,2507,OADMET-0002850,5.35,train,5to6,1,0.0001750485395708797,0.0032035329027226838,0.10510648824341454,0.5221585649910658,0.3693563653232261,5to6
2507,2508,OADMET-0002849,5.44,train,5to6,1,6.373145835658777e-05,0.002159275332520227,0.12942172497930346,0.6077067810235682,0.26064848720625144,5to6
2508,2509,OADMET-0002848,5.69,train,5to6,4,4.2081981118665205e-05,0.00026889986219185395,0.01765447838200467,0.22494493210895236,0.7570896076657324,gte6
2509,2510,OADMET-0002847,5.27,train,5to6,1,0.00010109293199851723,0.0033150142458691235,0.2629550355247197,0.6035405300674044,0.13008832723000827,5to6
2510,2511,OADMET-0002846,5.4,train,5to6,2,4.70366908021332e-05,0.0011294940588989582,0.06020658890372952,0.49550736399869444,0.443109516347875,5to6
2511,2512,OADMET-0002845,5.71,train,5to6,1,4.56098847591944e-05,0.0011649131457650954,0.08574877445820557,0.5119828442377053,0.40105785827356477,5to6
2512,2513,OADMET-0002844,5.88,train,5to6,0,0.00024322910463948883,0.0065222082978702856,0.12780687822969863,0.4351766913224062,0.4302509930453854,5to6
2513,2514,OADMET-0002843,3.84,train,3to4,4,0.4226114915215249,0.15032797149734087,0.040898294856518864,0.022561944041030155,0.36360029808358524,lt3
2514,2515,OADMET-0002842,5.04,train,5to6,3,0.00024012530830104742,0.00609387207460826,0.2361017250407615,0.6430879055029465,0.11447637207338276,5to6
2515,2516,OADMET-0002841,5.45,train,5to6,0,0.029039215915087672,0.09803093549849183,0.32870380662346715,0.31983976186008284,0.22438628010287054,4to5
2516,2517,OADMET-0002840,5.14,train,5to6,3,0.00010314032634555304,0.0027423451179481545,0.13218295120719548,0.6383434315081884,0.22662813184032243,5to6
2517,2518,OADMET-0002839,1.74,train,lt3,1,0.7409074275436965,0.245199321672882,0.003887569049844462,0.0032662460443581387,0.0067394356892188445,lt3
2518,2519,OADMET-0002838,5.14,train,5to6,2,6.827009919027601e-05,0.000719578120725969,0.025552190802503212,0.3374432022355834,0.6362167587419971,gte6
2519,2520,OADMET-0002837,1.73,train,lt3,2,0.7348407509509151,0.24445039042427102,0.00548323011217286,0.0014939169637488378,0.013731711548892215,lt3
2520,2521,OADMET-0002836,2.91,train,lt3,1,0.03766951485457928,0.14041038510737508,0.4797382068790074,0.23043485102445774,0.11174704213458049,4to5
2521,2522,OADMET-0002835,5.01,train,5to6,3,0.0006402295051731959,0.007584453195848024,0.12933042817846105,0.47806528847879676,0.38437960064172094,5to6
2522,2523,OADMET-0002834,5.64,train,5to6,0,2.812558140716034e-05,0.0011028717198921026,0.0993174084401944,0.6078604419493281,0.2916911523091782,5to6
2523,2524,OADMET-0002833,4.885,train,4to5,1,2.5238809423344147e-05,0.0005523481608710516,0.02394008301230313,0.3212200155217684,0.6542623144956341,gte6
2524,2525,OADMET-0002832,5.38,train,5to6,2,4.896702960589533e-05,0.00037506815348871343,0.011660880068998822,0.2461485343888304,0.7417665503590762,gte6
2525,2526,OADMET-0002831,4.04,train,4to5,1,0.22573719771563971,0.5845978817975287,0.16760291049888323,0.013205374504963289,0.008856635482985108,3to4
2526,2527,OADMET-0002830,5.4,train,5to6,2,5.808857401132081e-05,0.00046283747776867224,0.012479509878181212,0.21818507718052596,0.7688144868895128,gte6
2527,2528,OADMET-0002829,5.64,train,5to6,0,0.0006081012723103309,0.005491600068619756,0.088959428318275,0.45986024905048584,0.4450806212903091,5to6
2528,2529,OADMET-0002828,3.73,train,3to4,0,0.42206174960666965,0.49189964898851946,0.05940873664578746,0.012155754729426326,0.014474110029597125,3to4
2529,2530,OADMET-0002827,5.91,train,5to6,2,0.00040417176069214696,0.0051500010130286645,0.1355658467007557,0.6110724786155506,0.24780750190997292,5to6
2530,2531,OADMET-0002825,6.225,train,gte6,0,0.0004162001759030817,0.003835902590298101,0.05670391828783142,0.3531177379654898,0.5859262409804776,gte6
2531,2532,OADMET-0002824,6.52,train,gte6,4,2.7014532773278862e-05,0.00016707275901036323,0.012647486756110759,0.2350154879331068,0.7521429380189988,gte6
2532,2533,OADMET-0002823,5.39,train,5to6,3,2.5669242052568738e-05,0.0005790196033093201,0.04365551116659077,0.5244535824791862,0.43128621750886115,5to6
2533,2534,OADMET-0002822,5.47,train,5to6,2,7.654337732894778e-05,0.0006094363446374411,0.018809984788881007,0.25442781259129127,0.7260762228978613,gte6
2534,2535,OADMET-0002821,5.52,train,5to6,3,0.000111580333204879,0.0015248635710415266,0.038082649866257305,0.41090009516751186,0.5493808110619844,gte6
2535,2536,OADMET-0002820,5.73,train,5to6,3,2.0570459612124748e-05,0.000348454188566531,0.015296109635679811,0.3040080603667381,0.6803268053494034,gte6
2536,2537,OADMET-0002819,6.345000000000001,train,gte6,4,5.69092288187782e-05,0.00033830341358203155,0.01781174506759565,0.24920989100652685,0.7325831512834767,gte6
2537,2538,OADMET-0002818,5.74,train,5to6,0,6.341279331738724e-06,3.9020905332910563e-05,0.003071444280337973,0.1665110554692365,0.8303721380657608,gte6
2538,2539,OADMET-0002817,5.3,train,5to6,4,7.020779848319581e-05,0.0008306124385809532,0.09072812034617234,0.527300024226144,0.3810710351906195,5to6
2539,2540,OADMET-0002816,5.51,train,5to6,4,0.0033893250418564457,0.012848508778563108,0.13050923533536218,0.3443179241786533,0.5089350066655649,gte6
2540,2541,OADMET-0002815,5.72,train,5to6,3,2.5278370668709357e-05,0.0004081541623976256,0.04149246734183589,0.5901943122752048,0.367879787849893,5to6
2541,2542,OADMET-0002814,5.28,train,5to6,3,0.00024450730203221075,0.001947439840811872,0.026788048213067628,0.28623267759151144,0.6847873270525768,gte6
2542,2543,OADMET-0002813,5.02,train,5to6,0,0.00010854902190094192,0.002307568206541629,0.054374683540737066,0.3700533203907653,0.5731558788400551,gte6
2543,2544,OADMET-0002812,5.0,train,4to5,4,0.00017300746852032026,0.0021209315807498704,0.13607826494896968,0.5654811124263995,0.29614668357536056,5to6
2544,2545,OADMET-0002811,5.03,train,5to6,0,0.0006348960689977072,0.006797085614659856,0.060891531843963224,0.28619463685966195,0.6454818496127173,gte6
2545,2546,OADMET-0002810,5.949999999999999,train,5to6,4,0.0003925346252720827,0.0006876910932863986,0.004204864155760339,0.06007277231502186,0.9346421378106593,gte6
2546,2547,OADMET-0002809,5.74,train,5to6,1,9.114667741334127e-06,0.00013715357861794446,0.0073071123371915596,0.22580938412790527,0.7667372352885439,gte6
2547,2548,OADMET-0002808,5.19,train,5to6,3,0.00012707901369054216,0.004204562090323674,0.21674690457034498,0.6499414089761585,0.12898004534948232,5to6
2548,2549,OADMET-0002807,5.775,train,5to6,0,9.652535766851108e-06,0.00012244003662323575,0.010424725087641678,0.2802184604840367,0.7092247218559316,gte6
2549,2550,OADMET-0002806,3.26,train,3to4,4,0.5083885677885767,0.47452153322175106,0.01437691550025277,0.0005078700972021958,0.002205113392217367,lt3
2550,2551,OADMET-0002805,4.91,train,4to5,3,0.0012759917076225968,0.0285620466479299,0.5050745287735021,0.4310366835419691,0.03405074932897625,4to5
2551,2552,OADMET-0002804,4.95,train,4to5,2,0.0004052879713933789,0.0065515221363275766,0.19907308629992845,0.602462694274108,0.19150740931824253,5to6
2552,2553,OADMET-0002803,5.22,train,5to6,3,0.00021313229847042247,0.0055868448790391085,0.2234992090920263,0.6390680086223355,0.13163280510812864,5to6
2553,2554,OADMET-0002802,5.55,train,5to6,0,3.854212283882675e-05,0.0009185393621501545,0.05605591862753486,0.48934331790864577,0.45364368197883037,5to6
2554,2555,OADMET-0002801,5.84,train,5to6,4,2.982696466568914e-05,0.000229352696118711,0.027352002105586307,0.374369961452697,0.5980188567809323,gte6
2555,2556,OADMET-0002800,5.09,train,5to6,3,5.1881313814622976e-05,0.0008328133816078689,0.0293308700355689,0.3665970551258673,0.6031873801431413,gte6
2556,2557,OADMET-0002799,3.4,train,3to4,4,0.6179798844354134,0.2944197954118344,0.03693712876967021,0.0049534956947683804,0.045709695688313665,lt3
2557,2558,OADMET-0002798,5.21,train,5to6,0,0.0016380949022159674,0.03376825914610298,0.3731034713476127,0.4697209320483773,0.12176924255569113,5to6
2558,2559,OADMET-0002797,5.84,train,5to6,1,0.0006049574128561584,0.0034749152391214686,0.04095663214914992,0.302485800079446,0.6524776951194264,gte6
2559,2560,OADMET-0002796,5.0,train,4to5,3,0.0016135732588734584,0.025779732975142643,0.3954475749629225,0.48496811718212884,0.09219100162093256,5to6
2560,2561,OADMET-0002795,5.029999999999999,train,5to6,4,0.24469436645580742,0.4256660966712101,0.239092901108491,0.04222768650252122,0.048318949261970306,3to4
2561,2562,OADMET-0002794,5.64,train,5to6,0,0.0007194719635332054,0.012437004737511035,0.1968662464769397,0.5420936597846342,0.24788361703738185,5to6
2562,2563,OADMET-0002793,4.96,train,4to5,3,0.00010974517053278567,0.002371250246898232,0.06728019737804523,0.4875138526950563,0.44272495450946747,5to6
2563,2564,OADMET-0002792,5.39,train,5to6,4,0.0009027929226030109,0.008602593266363959,0.17764495668873803,0.5257748470680408,0.28707481005425417,5to6
2564,2565,OADMET-0002791,6.125,train,gte6,4,0.0006646820669676173,0.0008535542262213532,0.00441289132756726,0.04939581436261391,0.9446730580166298,gte6
2565,2566,OADMET-0002790,4.93,train,4to5,4,0.00026530287339618705,0.007357996803765075,0.3367655025362229,0.5460056850210935,0.10960551276552236,5to6
2566,2567,OADMET-0002789,5.46,train,5to6,2,1.782831252777419e-05,0.00023762667998249274,0.031030688600367805,0.5278884479775625,0.4408254084295594,5to6
2567,2568,OADMET-0002788,5.3,train,5to6,3,0.0011072529808406712,0.023244003919997588,0.42426644338242836,0.4735276540854903,0.07785464563124309,5to6
2568,2569,OADMET-0002787,5.7,train,5to6,4,0.0001382600848377139,0.0012081899510587857,0.08806618009717951,0.5049680303218801,0.4056193395450439,5to6
2569,2570,OADMET-0002786,6.14,train,gte6,4,7.357543702312152e-05,0.0024411715725725387,0.31355229223847125,0.623162810083045,0.06077015066888813,5to6
2570,2571,OADMET-0002785,5.41,train,5to6,2,0.0009900115512246057,0.017831285304886098,0.4182732440791808,0.516244736943518,0.046660722121190476,5to6
2571,2572,OADMET-0002784,5.35,train,5to6,1,0.0069310489663985805,0.04591960185780269,0.4987210738198689,0.37228725157920906,0.07614102377672079,4to5
2572,2573,OADMET-0002783,5.69,train,5to6,2,4.2431252435687216e-05,0.0007076084644389389,0.04312569595720171,0.5084862051324562,0.44763805919346744,5to6
2573,2574,OADMET-0002782,5.41,train,5to6,4,0.0005032842338233091,0.007557047327074871,0.2796915270397706,0.5609261587815746,0.15132198261775656,5to6
2574,2575,OADMET-0002781,5.5,train,5to6,3,0.006999303456828117,0.07279366603947598,0.6187826095775742,0.277591629229457,0.023832791696664666,4to5
2575,2576,OADMET-0002780,5.925000000000001,train,5to6,3,4.603437182321592e-05,0.0006873683182826272,0.029365887341517696,0.42827736567315805,0.5416233442952184,gte6
2576,2577,OADMET-0002779,5.3,train,5to6,1,0.00018711095053721832,0.0042437271798734,0.1236654110236695,0.5026532260090633,0.36925052483685666,5to6
2577,2578,OADMET-0002778,5.04,train,5to6,0,3.4029713776801806e-05,0.0006671348460673882,0.04384134846552356,0.4540178233559217,0.5014396636187105,gte6
2578,2579,OADMET-0002777,5.03,train,5to6,3,0.0012364808990371267,0.01678080677959028,0.26802981018381344,0.5240395092304682,0.18991339290709106,5to6
2579,2580,OADMET-0002776,5.22,train,5to6,2,8.356674569735965e-05,0.0037415549399160333,0.23738844845048596,0.6733695907890213,0.08541683907487933,5to6
2580,2581,OADMET-0002775,5.23,train,5to6,1,6.656656362494211e-05,0.0018040084664725565,0.15817075692621962,0.6140442979799997,0.22591437006368317,5to6
2581,2582,OADMET-0002774,5.07,train,5to6,3,1.3934875322340151e-05,0.0002084412760351364,0.012359450001725798,0.31584058136464666,0.6715775924822701,gte6
2582,2583,OADMET-0002773,5.91,train,5to6,2,0.00012071190439696405,0.0007073280787006868,0.014758660290725,0.24726704972823746,0.7371462499979399,gte6
2583,2584,OADMET-0002772,5.215,train,5to6,1,1.578351629695481e-05,0.00036188159085479395,0.04654294915840359,0.5038040191999776,0.4492753665344671,5to6
2584,2585,OADMET-0002771,1.8,train,lt3,1,0.49738533590216477,0.4815010254845521,0.01764457718435397,0.0013260033789990412,0.00214305804993013,lt3
2585,2586,OADMET-0002769,5.22,train,5to6,1,2.222763458140441e-05,0.0006077097665157764,0.05784666326710393,0.525767519802264,0.41575587952953486,5to6
2586,2587,OADMET-0002768,5.25,train,5to6,4,3.425991927528961e-05,0.0004987724190141122,0.11814915266451631,0.6317211324112211,0.2495966825859732,5to6
2587,2588,OADMET-0002767,6.27,train,gte6,1,0.00017765347871622964,0.0009465156548042957,0.013100307539646298,0.1819566949863828,0.8038188283404504,gte6
2588,2589,OADMET-0002766,5.904999999999999,train,5to6,1,4.426769594032239e-05,0.001466295401502103,0.0672196128022549,0.47356332792591044,0.45770649617439224,5to6
2589,2590,OADMET-0002765,3.1,train,3to4,0,0.7763025215213352,0.10870798003017516,0.006150498095018311,0.01073485061074044,0.09810414974273093,lt3
2590,2591,OADMET-0002764,4.79,train,4to5,3,0.0035095047794013153,0.041700404836430484,0.49856881142988674,0.40377537092934984,0.052445908024931646,4to5
2591,2592,OADMET-0002763,5.31,train,5to6,2,0.0008988136547784641,0.03622503953511334,0.7809857135051188,0.17919388424902763,0.002696549055961778,4to5
2592,2593,OADMET-0002762,5.6,train,5to6,4,1.6833429397243964e-05,6.118415779792698e-05,0.007683283747298296,0.19110309989306642,0.8011355987724401,gte6
2593,2594,OADMET-0002761,5.41,train,5to6,1,0.0009181282070022335,0.017881260607152966,0.44825990540067157,0.4606138318986238,0.07232687388654943,5to6
2594,2595,OADMET-0002760,6.32,train,gte6,4,2.7670608896189113e-05,0.00014560560630801046,0.018898712613377708,0.2908083222343791,0.690119688937039,gte6
2595,2596,OADMET-0002759,4.74,train,4to5,0,0.004355703115450888,0.10200505593749226,0.7245554316695884,0.15852286082966488,0.010560948447803632,4to5
2596,2597,OADMET-0002758,5.795,train,5to6,0,0.0008144376545634698,0.013906866611140848,0.28676982410442825,0.5698312261934516,0.12867764543641586,5to6
2597,2598,OADMET-0002757,4.77,train,4to5,1,4.974924717413746e-05,0.0016217097774357803,0.12051234946118601,0.5155547455873505,0.36226144592685355,5to6
2598,2599,OADMET-0002756,4.87,train,4to5,3,0.0003835846312553491,0.005995888068241443,0.15366784729141167,0.5757345370214972,0.2642181429875943,5to6
2599,2600,OADMET-0002755,5.38,train,5to6,1,5.798014284186604e-05,0.0025296616857955773,0.25204000365142193,0.6259111883277043,0.1194611661922363,5to6
2600,2601,OADMET-0002754,5.6,train,5to6,0,1.715396280398773e-05,0.00038624350255750606,0.038493691987969945,0.4855354912464862,0.4755674193001823,5to6
2601,2602,OADMET-0002753,6.15,train,gte6,1,0.21096452209247715,0.24780216061479332,0.17719415358287555,0.12317334482590392,0.2408658188839501,3to4
2602,2603,OADMET-0002752,4.95,train,4to5,2,5.1068707566486176e-05,0.0020085644581527124,0.17624632318906105,0.6934351051473266,0.12825893849789308,5to6
2603,2604,OADMET-0002751,5.13,train,5to6,2,6.71973386978068e-05,0.001967722762993077,0.10651679974511122,0.5813336909712877,0.3101145891819102,5to6
2604,2605,OADMET-0002750,3.43,train,3to4,4,0.16060889092576072,0.6731558578472024,0.155491653254203,0.006883174786073204,0.003860423186760586,3to4
2605,2606,OADMET-0002749,1.9,train,lt3,2,0.22947171779247566,0.5830620641301417,0.1652015330914708,0.012857184065506668,0.009407500920405164,3to4
2606,2607,OADMET-0002748,1.79,train,lt3,4,0.7506188022271452,0.24667429490389553,0.001362756103536094,9.428115861531638e-05,0.0012498656068079049,lt3
2607,2608,OADMET-0002747,5.87,train,5to6,4,0.027702684563307104,0.09968410785123342,0.3863913553607385,0.30156342262347235,0.18465842960124865,4to5
2608,2609,OADMET-0002746,4.78,train,4to5,1,0.38313053342765124,0.4913281367046879,0.0791163098515823,0.019876821633023747,0.02654819838305483,3to4
2609,2610,OADMET-0002745,1.76,train,lt3,1,0.6057650459585444,0.379861147007614,0.009136207420897173,0.0024111459547887354,0.0028264536581556507,lt3
2610,2611,OADMET-0002744,5.34,train,5to6,1,2.8271312373150723e-05,0.0009712169045022175,0.07049366987524285,0.49398935932548693,0.43451748258239486,5to6
2611,2612,OADMET-0002743,1.83,train,lt3,0,0.5334001863932059,0.43631826626064124,0.022870447155408508,0.002364480641166208,0.00504661954957823,lt3
2612,2613,OADMET-0002742,1.82,train,lt3,3,0.3812114220034231,0.4706906509648925,0.08143301994362835,0.015893839593281042,0.05077106749477502,3to4
2613,2614,OADMET-0002740,5.67,train,5to6,0,3.220583950553524e-05,0.0011734598922360693,0.1279890352779313,0.654838961095945,0.21596633789438216,5to6
2614,2615,OADMET-0002739,5.33,train,5to6,4,6.789219530846399e-05,0.0010585468571127844,0.11394766305385735,0.6073799310425149,0.2775459668512066,5to6
2615,2616,OADMET-0002738,5.34,train,5to6,4,3.278202894762191e-05,0.00044960139048944,0.10442792047688955,0.6218368067748256,0.2732528893288478,5to6
2616,2617,OADMET-0002736,4.91,train,4to5,3,0.0017946484512139475,0.029592869441577782,0.5261149938169315,0.41213812920328885,0.030359359086987947,4to5
2617,2618,OADMET-0002735,5.455,train,5to6,2,4.07961435318014e-05,0.0019591440583799622,0.24268404155653744,0.6870564539863333,0.06825956425521754,5to6
2618,2619,OADMET-0002734,1.81,train,lt3,1,0.3732437913658195,0.5328049411622369,0.07405510199930976,0.008346230334312173,0.011549935138321707,3to4
2619,2620,OADMET-0002733,5.76,train,5to6,0,1.9476627267926106e-05,0.00036506686849795025,0.022522974918095365,0.375218423865538,0.6018740577206008,gte6
2620,2621,OADMET-0002732,5.66,train,5to6,4,2.0991449780179745e-05,0.000126400652046954,0.02104105347379796,0.3457754420106248,0.63303611241375,gte6
2621,2622,OADMET-0002731,5.61,train,5to6,2,2.273650861903331e-05,0.00025530714949765636,0.01597693350784914,0.3447249476816241,0.6390200751524101,gte6
2622,2623,OADMET-0002730,5.58,train,5to6,4,1.788328201900419e-05,0.00011517613471948432,0.0302877843980708,0.45414249316097705,0.5154366630242136,gte6
2623,2624,OADMET-0002729,5.175,train,5to6,1,3.507399614228e-05,0.0008616994867987235,0.049073828453953104,0.4889571786094277,0.4610722194536782,5to6
2624,2625,OADMET-0002728,5.65,train,5to6,2,6.18685446097879e-05,0.001660911487447692,0.13268083371425865,0.6664453167656086,0.19915106948807526,5to6
2625,2626,OADMET-0002727,5.71,train,5to6,1,0.00046788051645904204,0.009509319858021054,0.34784115465155163,0.5255783512869184,0.11660329368704979,5to6
2626,2627,OADMET-0002726,5.01,train,5to6,1,0.0012348786305342674,0.005947199462483281,0.04857565309340111,0.2237350870119165,0.7205071818016648,gte6
2627,2628,OADMET-0002725,5.35,train,5to6,2,3.962667845806259e-05,0.001061360296560815,0.07946031127515267,0.6068714541586816,0.31256724759114685,5to6
2628,2629,OADMET-0002724,2.6,train,lt3,3,0.2842053641322415,0.6421435778354897,0.059423049062742477,0.004713431716935565,0.009514577252590762,3to4
2629,2630,OADMET-0002723,2.89,train,lt3,4,0.4288029805003459,0.4155935188389064,0.09943087764394844,0.011274401599308042,0.04489822141749125,lt3
2630,2631,OADMET-0002722,5.47,train,5to6,3,4.023594536846208e-05,0.0009666929352858964,0.08603327291031213,0.6832315580040788,0.22972824020495472,5to6
2631,2632,OADMET-0002721,4.97,train,4to5,3,0.0003118192298635094,0.010545450416488767,0.3531631878849223,0.5726091945217109,0.0633703479470145,5to6
2632,2633,OADMET-0002720,5.46,train,5to6,1,6.861112950533393e-05,0.0009098835713065545,0.03322132618972788,0.2912308821017597,0.6745692970077005,gte6
2633,2634,OADMET-0002719,2.53,train,lt3,2,0.8267610662398711,0.1651727704847919,0.0020881302172065584,0.0011491883769579791,0.004828844681172409,lt3
2634,2635,OADMET-0002718,6.115,train,gte6,3,0.00014039862675898132,0.0043054191396263665,0.2596562578160017,0.6580485728322126,0.07784935158540036,5to6
2635,2636,OADMET-0002717,5.54,train,5to6,3,5.394584076419125e-05,0.0020091037457381127,0.1531387844640386,0.692220201580457,0.152577964369002,5to6
2636,2637,OADMET-0002716,4.79,train,4to5,0,0.0010522067075152523,0.031189234219270213,0.4189741516369442,0.4448025125618454,0.10398189487442497,5to6
2637,2638,OADMET-0002715,5.83,train,5to6,4,2.048101634078786e-05,0.00019805600120935952,0.026235421671389106,0.3759003515411599,0.5976456897699008,gte6
2638,2639,OADMET-0002714,5.82,train,5to6,4,0.000330155053135992,0.0011295726535548098,0.026187463301526007,0.2290751238795672,0.743277685112216,gte6
2639,2640,OADMET-0002713,5.44,train,5to6,3,0.00023806834226349876,0.007237215462308123,0.2837869980442312,0.6276376595659879,0.08110005858520924,5to6
2640,2641,OADMET-0002712,5.29,train,5to6,0,5.186757888361507e-05,0.0011570524269044714,0.03628305969130521,0.37052215883081113,0.5919858614720955,gte6
2641,2642,OADMET-0002710,2.78,train,lt3,1,0.588997499709879,0.3956317416103112,0.01070142660387121,0.001971104004544318,0.0026982280713942295,lt3
2642,2643,OADMET-0002709,5.49,train,5to6,1,6.912963920691079e-05,0.0009713885646830234,0.02799299624103151,0.2903564653775842,0.6806100201774944,gte6
2643,2644,OADMET-0002708,1.84,train,lt3,1,0.2711320622977005,0.49660171974512796,0.20079588166683088,0.02028160805957944,0.011188728230761232,3to4
2644,2645,OADMET-0002707,5.56,train,5to6,2,3.7138119556875375e-05,0.0006929628240544254,0.041769328072090495,0.49811965036154165,0.4593809206227566,5to6
2645,2646,OADMET-0002706,4.94,train,4to5,1,3.278932168264144e-05,0.0013481780359035922,0.13378730585869553,0.6567101561812821,0.20812157060243608,5to6
2646,2647,OADMET-0002705,3.56,train,3to4,4,0.3266372911762256,0.37033434943542287,0.20127942745746355,0.02546275168640489,0.07628618024448308,3to4
2647,2648,OADMET-0002704,5.6,train,5to6,2,0.08758355318226262,0.337070719496243,0.4008962645759474,0.11793200933466813,0.056517453410878826,4to5
2648,2649,OADMET-0002703,5.16,train,5to6,1,0.0005920289937350677,0.009227093937032154,0.17154043348736916,0.5252538150660457,0.29338662851581787,5to6
2649,2650,OADMET-0002702,5.24,train,5to6,4,0.0003540315559795035,0.004242678512105986,0.24570644659678798,0.5095264759800888,0.24017036735503772,5to6
2650,2651,OADMET-0002701,5.365,train,5to6,2,0.0001267788839104513,0.006005933207366207,0.352338624228987,0.5969942509043729,0.044534412775363554,5to6
2651,2652,OADMET-0002700,5.64,train,5to6,0,0.0002824411825398883,0.004742223836088498,0.07720353562877594,0.4043263551805177,0.5134454441720779,gte6
2652,2653,OADMET-0002699,5.22,train,5to6,1,0.00220223389551216,0.026711892053675974,0.3505295126313568,0.4482675161817924,0.17228884523766272,5to6
2653,2654,OADMET-0002698,5.7,train,5to6,1,1.8287191918563493e-05,0.0005166531230734891,0.04538301040680552,0.48271197449919157,0.47137007477901083,5to6
2654,2655,OADMET-0002697,5.36,train,5to6,2,0.0004712174899528421,0.009175874105379228,0.2831738235315999,0.603762793126473,0.10341629174659503,5to6
2655,2656,OADMET-0002696,5.85,train,5to6,4,0.0001231545480693855,0.00208990930279434,0.17515705734882484,0.6252356246214653,0.19739425417884615,5to6
2656,2657,OADMET-0002695,2.69,train,lt3,4,0.006195332207574542,0.07426870396410658,0.6420937588196681,0.2350717117965604,0.042370493212090306,4to5
2657,2658,OADMET-0002694,1.91,train,lt3,3,0.4076228618263129,0.30155441055913906,0.03810825926073965,0.025243721178910387,0.22747074717489799,lt3
2658,2659,OADMET-0002693,5.06,train,5to6,0,0.0011799687582154834,0.02270244312109063,0.2891511165214508,0.46088174481547345,0.22608472678376962,5to6
2659,2660,OADMET-0002692,4.67,train,4to5,3,2.8385958845683143e-05,0.0006633504487667317,0.03981504938426611,0.4773986311485584,0.4820945830595631,gte6
2660,2661,OADMET-0002691,5.35,train,5to6,2,4.8255012924622105e-05,0.0006408192543539544,0.027977961946198032,0.32360052946008755,0.6477324343264358,gte6
2661,2662,OADMET-0002690,5.27,train,5to6,2,0.0009372976974996542,0.012008884608970424,0.20413130083215664,0.6032126856643723,0.17970983119700107,5to6
2662,2663,OADMET-0002689,4.07,train,4to5,4,0.6609679395120737,0.314148244133382,0.011441945916441572,0.0011471981302006355,0.012294672307902115,lt3
2663,2664,OADMET-0002688,4.65,train,4to5,0,0.002048245426464472,0.006121533541281353,0.02036873279180267,0.17242950437901094,0.7990319838614406,gte6
2664,2665,OADMET-0002687,5.12,train,5to6,4,0.00024592960173366353,0.004244234298649339,0.29145678093198446,0.45766063292580406,0.24639242224182845,5to6
2665,2666,OADMET-0002686,5.44,train,5to6,2,0.00013310703471625367,0.003102779079471867,0.1721649872740066,0.6627868847359978,0.16181224187580753,5to6
2666,2667,OADMET-0002685,5.98,train,5to6,2,0.0004419288718105681,0.0039012542348131865,0.08249593207039016,0.5142185489124255,0.39894233591056066,5to6
2667,2668,OADMET-0002684,3.2,train,3to4,2,0.2747693601577301,0.5875851391564374,0.11278425671043465,0.00893137771963113,0.01592986625576666,3to4
2668,2669,OADMET-0002683,6.07,train,gte6,2,0.0001828840882307886,0.0007498132089808746,0.011831545126527397,0.20468292880499245,0.7825528287712685,gte6
2669,2670,OADMET-0002682,2.42,train,lt3,0,0.011158392712667619,0.1044868076942544,0.5864049168936679,0.2542166102015571,0.04373327249785293,4to5
2670,2671,OADMET-0002681,5.33,train,5to6,1,0.0005962284362131591,0.014087260065272767,0.4307348235848192,0.4922657386920213,0.06231594922167362,5to6
2671,2672,OADMET-0002680,5.4,train,5to6,1,1.6592690734332846e-05,0.00037375864574295306,0.020910002747927706,0.3457183317357444,0.6329813141798506,gte6
2672,2673,OADMET-0002679,5.27,train,5to6,2,9.491993085621877e-05,0.0016334613270044798,0.058383561494064914,0.42849117387775676,0.5113968833703176,gte6
2673,2674,OADMET-0002678,5.53,train,5to6,1,1.690197833912261e-05,0.00037671255420400763,0.03313177773438836,0.4078292486394077,0.5586453590936608,gte6
2674,2675,OADMET-0002677,5.28,train,5to6,3,0.0003135865191714185,0.006880090880815663,0.2187888870448893,0.6261051750555532,0.1479122604995704,5to6
2675,2676,OADMET-0002676,5.57,train,5to6,1,6.46324893692537e-05,0.0022295393691727354,0.12627608646515795,0.5758245392361466,0.2956052024401534,5to6
2676,2677,OADMET-0002675,5.8100000000000005,train,5to6,4,0.06291500244606277,0.11260717687729087,0.2643867930625829,0.14252143567348138,0.4175695919405821,gte6
2677,2678,OADMET-0002674,5.28,train,5to6,3,0.000169273913081843,0.0017914177902884788,0.034732426647949156,0.34878491551896845,0.6145219661297121,gte6
2678,2679,OADMET-0002673,4.81,train,4to5,1,8.204564366391933e-05,0.001461183587971469,0.03920354461396762,0.36848069551287255,0.5907725306415245,gte6
2679,2680,OADMET-0002672,1.72,train,lt3,2,0.16126239419924016,0.31891191243314676,0.2858517191250005,0.11038788490286383,0.12358608933974868,3to4
2680,2681,OADMET-0002671,5.3,train,5to6,0,0.0006035416590474902,0.017196932392152555,0.2974902915617875,0.5326037874311109,0.15210544695590153,5to6
2681,2682,OADMET-0002670,5.18,train,5to6,0,0.0007633050196283572,0.016465254611014873,0.41922424473386605,0.5012627987095882,0.062284396925902465,5to6
2682,2683,OADMET-0002669,3.36,train,3to4,4,0.4482946975769699,0.5182769531380937,0.02533101299204051,0.001235560660272893,0.006861775632623009,3to4
2683,2684,OADMET-0002668,5.03,train,5to6,0,0.0012791825920122173,0.006866223983032441,0.06124422213320722,0.30316802298141227,0.6274423483103359,gte6
2684,2685,OADMET-0002667,1.8,train,lt3,0,0.29883919365172423,0.5184570241894112,0.11733905271655007,0.024236223147140554,0.041128506295173985,3to4
2685,2686,OADMET-0002666,6.325,train,gte6,4,0.0005363442326403654,0.0017361969922681908,0.022123397669492048,0.17751404169822163,0.7980900194073778,gte6
2686,2687,OADMET-0002665,5.42,train,5to6,1,0.00017404119679474247,0.0053889518487621555,0.3660827271206618,0.5544716703871119,0.07388260944666943,5to6
2687,2688,OADMET-0002664,5.08,train,5to6,0,6.170170226907137e-05,0.0014974863816311717,0.04894216750111283,0.4490367445764796,0.5004618998385073,gte6
2688,2689,OADMET-0002663,5.08,train,5to6,0,7.413771585934999e-05,0.0032776620032348796,0.23449267632283624,0.6673181705752179,0.09483735338285162,5to6
2689,2690,OADMET-0002662,5.87,train,5to6,2,0.00017426297877865156,0.005914240935318252,0.29676827084861707,0.6199956985369064,0.07714752670037966,5to6
2690,2691,OADMET-0002661,5.28,train,5to6,1,0.0002580286046145588,0.0043908117190026245,0.09332333869378191,0.4348115792696576,0.4672162417129433,gte6
2691,2692,OADMET-0002660,1.8,train,lt3,3,0.3262895905268611,0.44256284338351887,0.09276455537120377,0.031441177821444226,0.10694183289697208,3to4
2692,2693,OADMET-0002659,5.87,train,5to6,3,1.821774319991786e-05,0.00024040054116630623,0.00797489025188607,0.21521570304341828,0.7765507884203294,gte6
2693,2694,OADMET-0002658,5.41,train,5to6,4,2.0685664704631373e-05,0.0001753514865683124,0.05954619201482995,0.48402774911549706,0.45623002171840005,5to6
2694,2695,OADMET-0002657,5.76,train,5to6,3,3.943657963784874e-05,0.0009209550465077102,0.04876116423862408,0.5139577732522148,0.4363206708830155,5to6
2695,2696,OADMET-0002656,5.65,train,5to6,4,1.2950872444886566e-05,7.515302339827021e-05,0.014253469958207627,0.2781337766975268,0.7075246494484224,gte6
2696,2697,OADMET-0002655,5.13,train,5to6,3,0.0002594823236180669,0.005932484587505527,0.19456239990615093,0.6285341802279771,0.17071145295474835,5to6
2697,2698,OADMET-0002654,4.73,train,4to5,4,4.833753752843795e-05,0.0008917361942858897,0.1891383996049532,0.5838017526359144,0.2261197740273181,5to6
2698,2699,OADMET-0002653,5.44,train,5to6,1,9.456249792376779e-05,0.0015412612990144165,0.06459669645716533,0.38989024611420936,0.5438772336316872,gte6
2699,2700,OADMET-0002652,1.71,train,lt3,0,0.5045891281968753,0.40402658795500984,0.04444139715705409,0.010709808880039463,0.036233077811021336,lt3
2700,2701,OADMET-0002651,5.57,train,5to6,3,4.036902112880515e-05,0.0014025223250634677,0.1401176903871855,0.7281559131515695,0.1302835051150527,5to6
2701,2702,OADMET-0002650,1.75,train,lt3,1,0.2648319264526378,0.42717414457836533,0.2142244396474296,0.04063411741503898,0.0531353719065283,3to4
2702,2703,OADMET-0002649,1.79,train,lt3,2,0.46062197980996794,0.4951651660109347,0.03388104565705422,0.0025860350410433063,0.007745773480999829,3to4
2703,2704,OADMET-0002648,4.69,train,4to5,4,0.44280772597086554,0.545216788880781,0.010415456068607613,0.00044566950882733296,0.001114359570918594,3to4
2704,2705,OADMET-0002647,1.73,train,lt3,2,0.7396011857090395,0.23582421361852776,0.007383686528406141,0.0036694179463990636,0.013521496197627481,lt3
2705,2706,OADMET-0002646,4.78,train,4to5,0,0.0001948178725530497,0.0033988459697525237,0.0768768206305858,0.36459965223671076,0.5549298632903978,gte6
2706,2707,OADMET-0002645,5.67,train,5to6,1,8.794579172581507e-06,0.00012555629735302285,0.008885107059799885,0.2638507204188441,0.7271298216448304,gte6
2707,2708,OADMET-0002644,2.0,train,lt3,2,0.4368717752823568,0.44818500452320537,0.06656293987498077,0.012034982780130498,0.036345297539326575,3to4
2708,2709,OADMET-0002643,5.98,train,5to6,4,0.00017496716450698596,0.002732935592326792,0.1469770668824959,0.5993205304379129,0.2507944999227575,5to6
2709,2710,OADMET-0002642,5.48,train,5to6,4,4.996178149943005e-05,0.0013340932710617832,0.21064713483421058,0.644219454620506,0.14374935549272216,5to6
2710,2711,OADMET-0002641,2.06,train,lt3,0,0.2606794751592892,0.5570977153803014,0.15322646013489027,0.013344376856732357,0.015651972468786815,3to4
2711,2712,OADMET-0002640,5.12,train,5to6,1,1.7876647347992888e-05,0.00043047553387106616,0.02875952181451579,0.41030939630182345,0.5604827297024417,gte6
2712,2713,OADMET-0002639,3.52,train,3to4,4,0.36114566879182336,0.4376294833468644,0.09371853453977765,0.009143340239558867,0.09836297308197572,3to4
2713,2714,OADMET-0002638,5.26,train,5to6,0,2.78231862081006e-05,0.0002771883042645945,0.011930401883782756,0.1991726973229946,0.7885918893027499,gte6
2714,2715,OADMET-0002637,5.31,train,5to6,3,9.873217229774325e-05,0.0025606312212177627,0.07277576858438939,0.4616731553126391,0.46289171270945606,gte6
2715,2716,OADMET-0002636,5.19,train,5to6,2,0.00581242827713324,0.03591190559083838,0.2993506712539648,0.42367177116593935,0.23525322371212426,5to6
2716,2717,OADMET-0002635,5.45,train,5to6,0,0.004051131509471606,0.04974881199109498,0.33240091389909,0.4638092280329819,0.1499899145673615,5to6
2717,2718,OADMET-0002634,4.7,train,4to5,3,0.00010624414161280644,0.0017445459526766825,0.06232325949790441,0.4942507024513077,0.44157524795649844,5to6
2718,2719,OADMET-0002633,6.045,train,gte6,0,3.679910061769036e-05,0.0006673049485874344,0.029856412880308714,0.3064898774363586,0.6629496056341276,gte6
2719,2720,OADMET-0002632,5.79,train,5to6,4,3.558038470459977e-05,0.00016462936218968575,0.012518738912892471,0.21230190288744658,0.7749791484527667,gte6
2720,2721,OADMET-0002631,5.77,train,5to6,4,5.466641021580552e-05,0.000775083694971681,0.09223918260905872,0.5834706200559379,0.3234604472298159,5to6
2721,2722,OADMET-0002630,4.705,train,4to5,2,6.984970075130316e-05,0.0022639491988003,0.1839561865669622,0.688234551267473,0.12547546326601322,5to6
2722,2723,OADMET-0002629,4.95,train,4to5,1,0.009761680730709946,0.07796476686974804,0.5715169241375103,0.2783935036332202,0.062363124628811495,4to5
2723,2724,OADMET-0002628,6.11,train,gte6,0,0.00021247271404950375,0.0058075700744577045,0.23213176000270563,0.6094180828955582,0.15243011431322892,5to6
2724,2725,OADMET-0002627,5.29,train,5to6,4,5.905313090505842e-05,0.001137434273614193,0.13900102693519648,0.6126669653489399,0.24713552031134436,5to6
2725,2726,OADMET-0002626,5.19,train,5to6,0,4.0748306365401307e-05,0.0017726263292861396,0.2085667730343203,0.6841021281071666,0.10551772422286147,5to6
2726,2727,OADMET-0002625,5.3,train,5to6,2,3.968970450748842e-05,0.001069680894453544,0.1196507353790375,0.7155463035364281,0.1636935904855734,5to6
2727,2728,OADMET-0002624,1.74,train,lt3,4,0.2904430178321814,0.5854493670303704,0.10529573457635834,0.006342078228335473,0.012469802332754312,3to4
2728,2729,OADMET-0002623,5.28,train,5to6,1,0.00015416412268596857,0.004266265250624229,0.17266092937702385,0.5864976557291723,0.2364209855204936,5to6
2729,2730,OADMET-0002622,5.52,train,5to6,1,0.17419178524327597,0.2447390817889708,0.22715361077854618,0.1532147354898641,0.20070078669934294,3to4
2730,2731,OADMET-0002621,5.15,train,5to6,4,8.179087281336634e-05,0.002669436149833308,0.280891268521643,0.5999129394828877,0.11644456497282267,5to6
2731,2732,OADMET-0002620,5.42,train,5to6,2,4.925992559971975e-05,0.0010580421849727276,0.06852142636814859,0.5681872470694782,0.3621840244518008,5to6
2732,2733,OADMET-0002619,5.91,train,5to6,1,1.4553649291422417e-05,0.00038492536079085866,0.036345644927887694,0.4247956473747997,0.5384592286872304,gte6
2733,2734,OADMET-0002618,4.87,train,4to5,1,0.00012422149304607095,0.00384619273312498,0.15914723279871057,0.5583840013525421,0.2784983516225763,5to6
2734,2735,OADMET-0002617,5.67,train,5to6,4,9.398694878892598e-05,0.001039464133575349,0.07349187068321221,0.4929913535221632,0.4323833247122603,5to6
2735,2736,OADMET-0002616,5.88,train,5to6,4,3.2595301100216736e-05,0.0002812705687787093,0.03790777609496009,0.4061768119624675,0.5556015460726935,gte6
2736,2737,OADMET-0002615,5.33,train,5to6,4,1.300583471014675e-05,7.51298819944811e-05,0.021269545691955508,0.37668295012464137,0.6019593684666985,gte6
2737,2738,OADMET-0002614,5.5,train,5to6,2,0.00017777536819806673,0.004823381262266615,0.18985604119565327,0.6112759348656412,0.19386686730824082,5to6
2738,2739,OADMET-0002613,5.29,train,5to6,1,0.00013576406765538205,0.0033046790693431914,0.13898542059826163,0.5594593695964304,0.2981147666683094,5to6
2739,2740,OADMET-0002612,4.85,train,4to5,2,9.513778167105087e-05,0.004088785698734631,0.2945996033037485,0.6354634347997654,0.06575303841608042,5to6
2740,2741,OADMET-0002611,5.27,train,5to6,1,0.0010950733598547315,0.011779355233741694,0.20002809667355134,0.5108075485223429,0.2762899262105093,5to6
2741,2742,OADMET-0002610,4.6850000000000005,train,4to5,1,4.3427940729956745e-05,0.0009593713110273342,0.04632113676331602,0.437438653535267,0.5152374104496596,gte6
2742,2743,OADMET-0002609,4.67,train,4to5,0,1.1036021968058832e-05,0.00013545185501835798,0.018727067052784974,0.39554302183815127,0.5855834232320773,gte6
2743,2744,OADMET-0002608,4.76,train,4to5,0,9.37778496694168e-05,0.004334355542199093,0.26018976191017634,0.6463377829782677,0.08904432171968743,5to6
2744,2745,OADMET-0002607,5.08,train,5to6,4,0.7969148861915827,0.2010724421092295,0.0006470970877885838,8.905297908248041e-05,0.001276521632316777,lt3
2745,2746,OADMET-0002606,5.33,train,5to6,0,5.7730437036135645e-05,0.002832242001224033,0.221323560456911,0.6682112686441256,0.10757519846070324,5to6
2746,2747,OADMET-0002605,5.6,train,5to6,4,1.4320174688483727e-05,7.66042240794588e-05,0.011700685568350357,0.26523990419049037,0.7229684858423914,gte6
2747,2748,OADMET-0002604,5.81,train,5to6,4,4.7047775497900466e-05,0.0005749410508541797,0.054793846096174006,0.4086554365922402,0.5359287284852338,gte6
2748,2749,OADMET-0002603,6.855,train,gte6,4,4.621639820071804e-05,0.00023891040104464324,0.010511405603756815,0.1727548512972177,0.8164486162997802,gte6
2749,2750,OADMET-0002602,5.62,train,5to6,1,0.00014717629623267454,0.0022675169312022987,0.03673759498979805,0.29368362019607097,0.667164091586696,gte6
2750,2751,OADMET-0002601,5.915,train,5to6,2,0.00010973560903158897,0.0019281558098534495,0.0596085536479846,0.4717641555368958,0.46658939939623456,5to6
2751,2752,OADMET-0002600,5.28,train,5to6,2,3.586010438495792e-05,0.0012844130965132792,0.12938555157447656,0.6869094079672949,0.1823847672573303,5to6
2752,2753,OADMET-0002599,5.63,train,5to6,4,3.1861671496181e-05,0.0005490045610191476,0.1600917499619,0.6579815424259708,0.18134584137961388,5to6
2753,2754,OADMET-0002598,5.4,train,5to6,0,0.00014973412367122612,0.004347829922398353,0.13424881807674224,0.5128407889077253,0.3484128289694628,5to6
2754,2755,OADMET-0002597,5.09,train,5to6,0,0.00013161267928220937,0.0023324292602788337,0.1456346125592697,0.6546312173998775,0.19727012810129171,5to6
2755,2756,OADMET-0002596,5.47,train,5to6,0,6.512170334454988e-05,0.0009184529521630378,0.04432182265682881,0.4757534731859904,0.47894112950167317,gte6
2756,2757,OADMET-0002595,2.69,train,lt3,3,0.5903990538279118,0.40085599590016086,0.00697483223478248,0.00046141256820748445,0.001308705468937394,lt3
2757,2758,OADMET-0002594,4.175,train,4to5,1,0.3256313009853142,0.6053374601355508,0.05453826659759606,0.007984024725348541,0.006508947556190395,3to4
2758,2759,OADMET-0002593,4.609999999999999,train,4to5,0,0.00026091085820955447,0.008552534339203107,0.2786686664205819,0.6050205708959034,0.10749731748610196,5to6
2759,2760,OADMET-0002592,5.68,train,5to6,2,0.00016661986006918098,0.0034073245446011213,0.16374785622920426,0.6804664491989241,0.15221175016720132,5to6
2760,2761,OADMET-0002591,5.23,train,5to6,4,8.262105090199172e-05,0.0015169940582588715,0.13802979607838872,0.6042877313673783,0.2560828574450721,5to6
2761,2762,OADMET-0002590,5.12,train,5to6,2,0.00013036961702010187,0.005587977272315063,0.3263786981589603,0.6066785362582248,0.061224418693479776,5to6
2762,2763,OADMET-0002589,5.2,train,5to6,1,6.872233360150399e-05,0.0025460404690526087,0.19976233611922037,0.6317877508828202,0.16583515019530531,5to6
2763,2764,OADMET-0002588,5.41,train,5to6,1,2.2808887285775834e-05,0.0007629031528626829,0.09351409519534137,0.5950233052544636,0.31067688751004663,5to6
2764,2765,OADMET-0002587,5.02,train,5to6,0,9.376339813499308e-05,0.0026264892423503534,0.09196937339427086,0.5380109262024054,0.3672994477628384,5to6
2765,2766,OADMET-0002586,5.62,train,5to6,4,1.3015966537629502e-05,7.268377295466748e-05,0.01509018009158438,0.31148006543270934,0.673344054736214,gte6
2766,2767,OADMET-0002585,5.35,train,5to6,2,6.799304436538823e-05,0.0029068002044775757,0.21839475306757034,0.68725108077758,0.09137937290600663,5to6
2767,2768,OADMET-0002584,5.62,train,5to6,0,1.828321290397291e-05,0.00048583140540610245,0.059238966309385674,0.5699091888508101,0.3703477302214942,5to6
2768,2769,OADMET-0002583,5.91,train,5to6,0,4.0377219686767506e-05,0.0002665124105825272,0.006876575534841452,0.17548924108536473,0.8173272937495245,gte6
2769,2770,OADMET-0002582,1.75,train,lt3,3,0.13227049562918222,0.6000247396520426,0.23928642960795066,0.01747406774287444,0.010944267367950058,3to4
2770,2771,OADMET-0002581,5.29,train,5to6,3,0.00018542032722018424,0.007933327842756079,0.38383328501314634,0.5726130543082595,0.035434912508617925,5to6
2771,2772,OADMET-0002580,5.6,train,5to6,4,0.00023678353838758038,0.006393295656855179,0.36941003476363504,0.5513982724603504,0.07256161358077182,5to6
2772,2773,OADMET-0002579,5.15,train,5to6,1,0.0006312258952981668,0.01376538390118958,0.38409776582100397,0.48818071077437053,0.11332491360813775,5to6
2773,2774,OADMET-0002578,4.65,train,4to5,4,7.483554033179004e-05,0.002953270495196601,0.44330263298037664,0.5143195063523639,0.039349754631731015,5to6
2774,2775,OADMET-0002577,5.03,train,5to6,2,0.0006258796468238781,0.010769937575239695,0.2319939019426987,0.5087992292171734,0.2478110516180644,5to6
2775,2776,OADMET-0002576,5.38,train,5to6,3,4.147105183140057e-05,0.0013470703183055405,0.1212674520507569,0.6991738631749123,0.1781701434041939,5to6
2776,2777,OADMET-0002575,6.16,train,gte6,1,0.0076120484343056745,0.024053870564245065,0.17864615315751958,0.3603214740673195,0.4293664537766102,gte6
2777,2778,OADMET-0002574,4.79,train,4to5,0,0.00022554701759500896,0.005166372161455468,0.12558693527064205,0.4911260930753631,0.37789505247494437,5to6
2778,2779,OADMET-0002573,5.41,train,5to6,1,0.0005870186136566755,0.005438743620087558,0.10323527446316269,0.4405297931162671,0.45020917018682594,gte6
2779,2780,OADMET-0002572,5.58,train,5to6,4,2.6295212730270548e-05,0.00041215875751639063,0.11930798801826832,0.5591330557611546,0.3211205022503305,5to6
2780,2781,OADMET-0002571,6.0600000000000005,train,gte6,3,0.028600643148246875,0.17426545203879487,0.5811890125532481,0.1760466473679501,0.03989824489176015,4to5
2781,2782,OADMET-0002570,5.14,train,5to6,0,0.00027704136540385583,0.001569468500397388,0.0175121721522049,0.13766786213705035,0.8429734558449435,gte6
2782,2783,OADMET-0002569,5.58,train,5to6,2,0.00035499975817205643,0.0036184177174762647,0.07805999247794226,0.48128347845161545,0.43668311159479395,5to6
2783,2784,OADMET-0002568,5.53,train,5to6,0,3.084777496055446e-05,0.00047560489164706474,0.02311199853073215,0.3581013899413813,0.618280158861279,gte6
2784,2785,OADMET-0002567,5.93,train,5to6,2,3.0136360051653986e-05,0.00018360256381232934,0.004953505515544647,0.11731522634987629,0.8775175292107151,gte6
2785,2786,OADMET-0002566,5.61,train,5to6,2,4.8631875192551916e-05,0.0013306746491453705,0.13812950776115973,0.7041897280514064,0.15630145766309592,5to6
2786,2787,OADMET-0002565,5.55,train,5to6,1,3.4346013746062136e-05,0.0011123038566259666,0.11107458609996078,0.5873643390300896,0.3004144249995776,5to6
2787,2788,OADMET-0002564,5.52,train,5to6,1,0.0003082893407713402,0.008533042122945356,0.31519255316181716,0.560039650994674,0.11592646437979216,5to6
2788,2789,OADMET-0002563,5.36,train,5to6,1,2.475569296091664e-05,0.0007616348544576679,0.06322187527167311,0.5362190262252573,0.39977270795565095,5to6
2789,2790,OADMET-0002562,4.94,train,4to5,1,4.173818525898686e-05,0.0011424046246225378,0.05388327689684173,0.3984970451662566,0.5464355351270201,gte6
2790,2791,OADMET-0002561,5.32,train,5to6,4,0.004405330173209473,0.03544537167323927,0.4675236102681976,0.3740322992589394,0.11859338862641429,4to5
2791,2792,OADMET-0002560,5.4,train,5to6,2,4.3269539586166745e-05,0.0005391249195584527,0.026030466676067433,0.32316862112732814,0.6502185177374599,gte6
2792,2793,OADMET-0002559,6.140000000000001,train,gte6,2,4.2856656699063385e-05,0.000375982027644966,0.012193794457533914,0.2100742475713177,0.7773131192868044,gte6
2793,2794,OADMET-0002558,4.57,train,4to5,1,9.7631025413213e-05,0.0038194104447283202,0.24145576284406337,0.6135976295883024,0.14102956609749265,5to6
2794,2795,OADMET-0002557,5.13,train,5to6,4,2.2409096956308862e-05,0.00025774274374497336,0.11790589564470469,0.6806081122853177,0.20120584022927632,5to6
2795,2796,OADMET-0002556,5.6,train,5to6,4,0.00013989997055764177,0.0023686745573858084,0.19650277029573027,0.6217344851930761,0.17925416998325028,5to6
2796,2797,OADMET-0002555,5.03,train,5to6,4,0.0674281169687168,0.1431515163499297,0.28251944919975663,0.21610962539502884,0.290791292086568,gte6
2797,2798,OADMET-0002554,5.08,train,5to6,0,0.00018182076008937614,0.004934391737958006,0.11833779778788768,0.4856007796209455,0.39094521009311944,5to6
2798,2799,OADMET-0002553,5.89,train,5to6,4,0.0008072110899746241,0.00730386552837877,0.14346321309961957,0.4961697970330045,0.3522559132490225,5to6
2799,2800,OADMET-0002552,5.52,train,5to6,1,2.5395046518019298e-05,0.0005942221969850153,0.05109826652916939,0.46542016875891984,0.48286194746840777,gte6
2800,2801,OADMET-0002551,5.44,train,5to6,1,1.4898549020235182e-05,0.0003272312528719795,0.022938974502592087,0.38285985962671426,0.5938590360688014,gte6
2801,2802,OADMET-0002550,5.11,train,5to6,4,0.00014729830937630954,0.001020538362054008,0.061061254092182556,0.301579259172431,0.6361916500639562,gte6
2802,2803,OADMET-0002549,5.63,train,5to6,1,0.003263769762509589,0.035273102166310945,0.5072113417241166,0.3702106877288973,0.08404109861816556,4to5
2803,2804,OADMET-0002547,5.16,train,5to6,0,8.394964028107072e-05,0.0030553333144655486,0.18436719005121163,0.6444840266199078,0.16800950037413398,5to6
2804,2805,OADMET-0002546,5.36,train,5to6,4,3.755261092725539e-05,0.0004319591719026649,0.08216504825840167,0.5490445543568425,0.3683208856019259,5to6
2805,2806,OADMET-0002545,4.96,train,4to5,4,0.0003549263023776561,0.006969420641908369,0.29071980451659013,0.5755154438379307,0.12644040470119317,5to6
2806,2807,OADMET-0002544,3.45,train,3to4,1,0.6488185667792405,0.33802432440982727,0.005323136319187261,0.003546678679063077,0.004287293812681887,lt3
2807,2808,OADMET-0002543,5.14,train,5to6,0,0.0013066666669367501,0.025425253894752167,0.5562210779420876,0.3752244182582694,0.04182258323795399,4to5
2808,2809,OADMET-0002542,5.54,train,5to6,4,0.00010030419738431623,0.0008909270346766871,0.05614185299592728,0.4372739169607397,0.5055929988112721,gte6
2809,2810,OADMET-0002541,6.195,train,gte6,4,1.551964514060767e-05,8.269734239630084e-05,0.013596827396208848,0.25430900292241043,0.7319959526938438,gte6
2810,2811,OADMET-0002539,6.050000000000001,train,gte6,2,6.249931791491087e-05,0.0006331624350378493,0.02430564308070083,0.3487442669715186,0.6262544281948278,gte6
2811,2812,OADMET-0002538,5.835,train,5to6,1,1.4277192637701256e-05,0.00028795811724879894,0.01910662940478517,0.30504916771506796,0.6755419675702604,gte6
2812,2813,OADMET-0002537,5.45,train,5to6,0,8.325977988161543e-05,0.0029603012406055344,0.13787738994813484,0.6161635525202291,0.24291549651114885,5to6
2813,2814,OADMET-0002338,6.12,train,gte6,1,0.005964140435513763,0.019525922925797863,0.10340956646674111,0.23767429700900938,0.6334260731629379,gte6
2814,2815,OADMET-0002337,6.87,train,gte6,1,0.06576974885969605,0.1904043910027859,0.1986146926467029,0.1570560829954172,0.38815508449539793,gte6
2815,2816,OADMET-0002333,2.17,train,lt3,3,0.8813610556623538,0.11710317278320759,0.0006847376262731701,0.0001423065968400321,0.0007087273313254164,lt3
2816,2817,OADMET-0002332,3.95,train,3to4,3,0.8106977443009702,0.18670441439305172,0.0016295344303027016,0.00017765468728267152,0.0007906521883927023,lt3
2817,2818,OADMET-0002331,3.77,train,3to4,3,0.5945608251875403,0.4009439207632618,0.003785049690508506,0.00021192988160176817,0.0004982744770877201,lt3
2818,2819,OADMET-0002330,3.9,train,3to4,3,0.21333900123835403,0.6326455482737797,0.13976809401964038,0.008541830827307651,0.00570552564091821,3to4
2819,2820,OADMET-0002329,1.87,train,lt3,2,0.8252719397063372,0.17279502239251304,0.000701751190007007,0.00024060597223885243,0.0009906807389038846,lt3
2820,2821,OADMET-0002328,3.31,train,3to4,3,0.09171296186352809,0.6076180027620959,0.28298218588901664,0.013851465879165917,0.0038353836061934955,3to4
2821,2822,OADMET-0002327,2.65,train,lt3,0,0.42937989376425373,0.5550925693294135,0.012480140054873292,0.0011670327520870213,0.0018803640993724365,3to4
2822,2823,OADMET-0002326,1.86,train,lt3,3,0.8922567775772086,0.10492823753003,0.0008967898730698996,0.0002548995078745655,0.0016632955118169933,lt3
2823,2824,OADMET-0002325,2.96,train,lt3,1,0.8803534486485489,0.11727485777420768,0.0017633911878114604,0.00017976571645935316,0.0004285366729725925,lt3
2824,2825,OADMET-0002324,3.58,train,3to4,3,0.8960899837402316,0.10059969269471042,0.0008430866410996564,0.00025195180562000537,0.002215285118338319,lt3
2825,2826,OADMET-0002323,1.96,train,lt3,0,0.730507058066602,0.2640158850633954,0.00296210862075709,0.00043829959485168723,0.00207664865439376,lt3
2826,2827,OADMET-0002322,2.83,train,lt3,3,0.9815576031871497,0.01681469000680095,0.0001405019859680488,7.156808682535445e-05,0.0014156367332560115,lt3
2827,2828,OADMET-0002321,2.54,train,lt3,2,0.46385764319681677,0.5231922183596867,0.010946809135778657,0.0005023130133836737,0.001501016294334284,3to4
2828,2829,OADMET-0002320,1.88,train,lt3,3,0.9562486002646161,0.04222575658373389,0.000303291605246488,9.226806469120825e-05,0.001130083481712254,lt3
2829,2830,OADMET-0002319,3.0,train,lt3,2,0.6399117871619795,0.35472828731773737,0.0034413971008510134,0.0004171899645259753,0.0015013384549060944,lt3
2830,2831,OADMET-0002318,2.88,train,lt3,1,0.7488049611969108,0.2481037890596666,0.0024444457715273285,0.0002760880358906544,0.0003707159360046939,lt3
2831,2832,OADMET-0002317,1.92,train,lt3,3,0.9432681507112561,0.05443312431853232,0.0004257200212293426,0.0001538124004290852,0.0017191925485530613,lt3
2832,2833,OADMET-0002316,2.11,train,lt3,2,0.8176736535148994,0.17253101736500254,0.0018469061964061948,0.0008435835173846844,0.007104839406307149,lt3
2833,2834,OADMET-0002315,2.64,train,lt3,1,0.881067313754242,0.11779472788438239,0.0007605898685220624,0.00011985265024269902,0.00025751584261083266,lt3
2834,2835,OADMET-0002314,2.63,train,lt3,1,0.8986326133455186,0.10011390820229099,0.0007063489275826435,0.0001616193923780133,0.0003855101322297832,lt3
2835,2836,OADMET-0002313,2.02,train,lt3,1,0.9223380702435139,0.07666828497958407,0.0006365063612375864,9.250575403156478e-05,0.0002646326616328861,lt3
2836,2837,OADMET-0002312,2.47,train,lt3,1,0.8169439878646199,0.18101767857930587,0.0016383963797063311,0.0001471101686388249,0.0002528270077291494,lt3
2837,2838,OADMET-0002311,2.95,train,lt3,2,0.43819045765447395,0.5196271508488155,0.03775397666174699,0.0018604560646900438,0.0025679587702734934,3to4
2838,2839,OADMET-0002310,1.97,train,lt3,2,0.7643273629945843,0.23352753106118182,0.001362610287111141,0.00016597750414113708,0.0006165181529815913,lt3
2839,2840,OADMET-0002309,2.87,train,lt3,1,0.7470541260387937,0.25094671908771404,0.0014593796148118798,0.00022077272759039624,0.0003190025310899826,lt3
2840,2841,OADMET-0002308,2.32,train,lt3,2,0.9103940276862551,0.088246145784887,0.0002466160261935184,0.00015831538150615722,0.000954895121158234,lt3
2841,2842,OADMET-0002307,2.89,train,lt3,3,0.8851571931577651,0.11039887683556006,0.0010787333902308812,0.00024187286142944952,0.0031233237550144922,lt3
2842,2843,OADMET-0002306,2.89,train,lt3,2,0.7406533151820649,0.213226446462702,0.006877953458523292,0.00331683051741298,0.03592545437929687,lt3
2843,2844,OADMET-0002305,2.18,train,lt3,3,0.7331131516195099,0.26336043424662997,0.0023664030595107184,0.00025738792558694886,0.0009026231487625283,lt3
2844,2845,OADMET-0002304,2.2,train,lt3,2,0.8399107760420581,0.15898275951197266,0.0005090139641388051,0.0001349889693081429,0.00046246151252222925,lt3
2845,2846,OADMET-0002303,2.76,train,lt3,1,0.8431515069393956,0.15536350351628053,0.0010054324940481378,0.0001596356914927834,0.0003199213587830327,lt3
2846,2847,OADMET-0002302,2.82,train,lt3,1,0.938109949158379,0.060457133596364315,0.0006226106482476036,0.0001721542130011102,0.0006381523840079925,lt3
2847,2848,OADMET-0002301,2.91,train,lt3,2,0.8378648897980066,0.15999830388473266,0.0007337494353964155,0.0002657848382072509,0.001137272043657177,lt3
2848,2849,OADMET-0002300,2.1,train,lt3,1,0.8968550895201258,0.10205319901984289,0.0007661527772289707,9.077018666934281e-05,0.00023478849613295323,lt3
2849,2850,OADMET-0002299,3.05,train,3to4,3,0.3802778308973156,0.5956843187805122,0.018918073720987732,0.0014108911374270349,0.0037088854637574815,3to4
2850,2851,OADMET-0002298,2.13,train,lt3,1,0.8974541988841017,0.10153677277285508,0.0005890561129717077,0.00012377914345135878,0.0002961930866201778,lt3
2851,2852,OADMET-0002297,2.2,train,lt3,1,0.7017255662767307,0.295035849058525,0.002648987198426712,0.00024550659248135813,0.0003440908738363533,lt3
2852,2853,OADMET-0002296,2.01,train,lt3,4,0.8204342971639541,0.1778746152209607,0.0006963329135150653,6.546273123809952e-05,0.0009292919703319759,lt3
2853,2854,OADMET-0002295,2.09,train,lt3,3,0.9563708827366746,0.04086109591679847,0.0005409134859253249,0.00013522931735581375,0.0020918785432458478,lt3
2854,2855,OADMET-0002294,2.06,train,lt3,3,0.6825410173040669,0.3097876954494425,0.004922105999311961,0.00047437412096871227,0.002274807126209915,lt3
2855,2856,OADMET-0002293,2.22,train,lt3,3,0.8397001432509594,0.14599924946484938,0.0035320554519674193,0.0006942485766400675,0.010074303255583691,lt3
2856,2857,OADMET-0002292,1.92,train,lt3,2,0.9205593278546315,0.07707670173414567,0.00030323952631367815,0.00020922846606167157,0.0018515024188475086,lt3
2857,2858,OADMET-0002291,4.27,train,4to5,4,0.3541815387293274,0.5930166422620292,0.04284529516637397,0.0018713286242916698,0.008085195217977787,3to4
2858,2859,OADMET-0002290,2.12,train,lt3,3,0.955378662031997,0.04285431327440719,0.00034939533014690245,9.475955551861126e-05,0.0013228698079303938,lt3
2859,2860,OADMET-0002289,2.97,train,lt3,1,0.6664057276677202,0.33095213307667654,0.0017897756072213001,0.00036221724309357106,0.0004901464052884432,lt3
2860,2861,OADMET-0002288,2.96,train,lt3,0,0.4545882907668161,0.53366223113048,0.008422118172013698,0.000791712070005434,0.0025356478606848283,3to4
2861,2862,OADMET-0002287,2.76,train,lt3,1,0.7399566317303412,0.25855607296649186,0.0009949699936010429,0.00019829646429171815,0.0002940288452741298,lt3
2862,2863,OADMET-0002286,2.55,train,lt3,1,0.8841394080262021,0.1148737580744458,0.0005596945926653431,0.00012798234667277592,0.0002991569600139771,lt3
2863,2864,OADMET-0002285,2.21,train,lt3,1,0.8642710690201324,0.13373882522080935,0.0015056372470596486,0.00014523096022009069,0.0003392375517785106,lt3
2864,2865,OADMET-0002284,3.5,train,3to4,2,0.3933865931856705,0.5610001722848803,0.034946888944279705,0.0022806658010083177,0.008385679784161135,3to4
2865,2866,OADMET-0002283,3.52,train,3to4,2,0.09823623473428977,0.609741758168762,0.26895395397220284,0.016010273531261082,0.007057779593484302,3to4
2866,2867,OADMET-0002282,2.73,train,lt3,2,0.5838440610103637,0.4082137313714902,0.006406664797238011,0.00041505804652913053,0.0011204847743789192,lt3
2867,2868,OADMET-0002281,3.65,train,3to4,4,0.4244642812723136,0.5557396954244009,0.017372900452237723,0.000536562869728692,0.0018865599813190663,3to4
2868,2869,OADMET-0002280,1.96,train,lt3,2,0.9381136691395485,0.05888309945899676,0.0002773626238467685,0.00027736885206595583,0.0024484999255419597,lt3
2869,2870,OADMET-0002279,1.97,train,lt3,2,0.8240729632146769,0.17450392377023702,0.0006877062311711591,0.00016940928016623044,0.0005659975037486396,lt3
2870,2871,OADMET-0002278,2.91,train,lt3,4,0.8699878051668205,0.12953681644461904,0.00020975278069184882,1.848968628051416e-05,0.0002471359215880576,lt3
2871,2872,OADMET-0002277,2.26,train,lt3,1,0.903545804740456,0.09520062142077326,0.000797064923638294,0.00012117646943841999,0.00033533244569402404,lt3
2872,2873,OADMET-0002276,2.88,train,lt3,2,0.763068209329074,0.23425512328071188,0.0014760224345378309,0.0002368300951920736,0.0009638148604841904,lt3
2873,2874,OADMET-0002275,2.96,train,lt3,1,0.6470953732114405,0.3489279400444486,0.0030884481536842005,0.00039461819138879957,0.0004936203990378839,lt3
2874,2875,OADMET-0002274,1.85,train,lt3,3,0.9281564125948845,0.06931566421248138,0.0005002567132371859,0.00016436536930398795,0.0018633011100930193,lt3
2875,2876,OADMET-0002273,2.48,train,lt3,1,0.9235500412160436,0.07572371025774415,0.0004335981068422605,7.114562564957597e-05,0.00022150479372046148,lt3
2876,2877,OADMET-0002272,3.13,train,3to4,2,0.7530388420065567,0.2437935040119399,0.0018349894249759346,0.00024321906800463773,0.0010894454885228327,lt3
2877,2878,OADMET-0002271,3.02,train,3to4,1,0.7461199918492923,0.24887827067905247,0.004084875101712734,0.0003157234856389035,0.0006011388843035928,lt3
2878,2879,OADMET-0002270,2.11,train,lt3,2,0.9234052302032835,0.07514930777745703,0.00021345655922295093,0.00014999205212276373,0.0010820134079138034,lt3
2879,2880,OADMET-0002269,2.35,train,lt3,2,0.9212346993704549,0.07573598396903673,0.0003891344415128385,0.0003026683316903545,0.002337513887305198,lt3
2880,2881,OADMET-0002268,2.5,train,lt3,2,0.705827488562869,0.27124250471955463,0.006246657234375799,0.001850707260265508,0.014832642222935006,lt3
2881,2882,OADMET-0002267,3.37,train,3to4,3,0.5250769285663891,0.45346585158950525,0.014517530876654947,0.0021655957796165495,0.004774093187834169,lt3
2882,2883,OADMET-0002266,3.88,train,3to4,3,0.4396517764304093,0.5396809444748377,0.01630685624467983,0.0012932924700228027,0.003067130380050321,3to4
2883,2884,OADMET-0002265,2.94,train,lt3,3,0.47772782254050405,0.5142336403061566,0.006821357532727754,0.0003770908162279112,0.0008400888043836963,3to4
2884,2885,OADMET-0002264,2.02,train,lt3,3,0.9632696750530955,0.03575830251098028,0.0001810322328160103,6.4972898861537e-05,0.0007260173042466743,lt3
2885,2886,OADMET-0002263,1.82,train,lt3,2,0.891105265932977,0.10437756445387138,0.000688958134512262,0.00040103880928557653,0.0034271726693537383,lt3
2886,2887,OADMET-0002262,1.97,train,lt3,2,0.7511023243219643,0.24314653744651382,0.0022832173733172948,0.00047917122465997343,0.0029887496335445777,lt3
2887,2888,OADMET-0002261,3.38,train,3to4,2,0.37631945076050893,0.5768345329825759,0.03636767175876737,0.002187484076494732,0.008290860421653022,3to4
2888,2889,OADMET-0002260,2.01,train,lt3,1,0.8022618401116333,0.1956467062267313,0.0015989841384966333,0.00017717063395486512,0.00031529888918388824,lt3
2889,2890,OADMET-0002259,4.01,train,4to5,3,0.40106912630294717,0.576513159450865,0.01719936879702267,0.0012622138926657578,0.003956131556499398,3to4
2890,2891,OADMET-0002258,2.66,train,lt3,2,0.922660817029798,0.07604455115397002,0.0002006731933429281,0.00015078259284028537,0.000943176030048794,lt3
2891,2892,OADMET-0002257,3.23,train,3to4,1,0.8368271507325019,0.161820842231021,0.000961233212046355,0.00013122301478414608,0.0002595508096466409,lt3
2892,2893,OADMET-0002256,3.03,train,3to4,2,0.6802289936269942,0.24146218080666831,0.011218379011356534,0.005346208696288243,0.06174423785869268,lt3
2893,2894,OADMET-0002255,2.17,train,lt3,2,0.6559078247004577,0.31012655012132645,0.01016104523925633,0.002744123867928083,0.021060456071031443,lt3
2894,2895,OADMET-0002254,2.45,train,lt3,2,0.850887384361763,0.14611380718259492,0.0007291974911810652,0.00031527392491640646,0.0019543370395446254,lt3
2895,2896,OADMET-0002253,3.05,train,3to4,3,0.1042160503195691,0.6795628311330337,0.20600350930181643,0.007583836361938884,0.002633772883641878,3to4
2896,2897,OADMET-0002252,2.04,train,lt3,1,0.5056827191071174,0.48582182513711164,0.0073436546990592036,0.0005178007539316846,0.0006340003027800777,lt3
2897,2898,OADMET-0002251,2.57,train,lt3,2,0.8309807416326876,0.16522171375469716,0.001196567964900868,0.0003087334491737699,0.0022922431985405536,lt3
2898,2899,OADMET-0002250,4.14,train,4to5,1,0.27215780895419317,0.6207575589909478,0.09059715712303514,0.008000497437996875,0.008486977493827054,3to4
2899,2900,OADMET-0002249,3.05,train,3to4,4,0.6037224875081514,0.3850358563787754,0.006819655368273221,0.0003624235535949178,0.004059577191205076,lt3
2900,2901,OADMET-0002248,2.45,train,lt3,2,0.825385534931348,0.17324534562529073,0.0006074062725267888,0.0001654291020632485,0.0005962840687712284,lt3
2901,2902,OADMET-0002247,2.55,train,lt3,3,0.9517162602512919,0.046806135071937774,0.00030874054002003943,0.00010604391897134827,0.0010628202177789994,lt3
2902,2903,OADMET-0002246,1.92,train,lt3,2,0.9313403724158349,0.06508236955857437,0.00035089375711567193,0.0003055381451733044,0.0029208261233017803,lt3
2903,2904,OADMET-0002245,2.64,train,lt3,4,0.8543473544666881,0.14308756694624092,0.0011664946881755434,9.675756225870361e-05,0.0013018263366367123,lt3
2904,2905,OADMET-0002244,2.05,train,lt3,2,0.5406750526177385,0.42865695482576377,0.015786677971133516,0.001892578027341424,0.012988736558022752,lt3
2905,2906,OADMET-0002243,3.18,train,3to4,2,0.8385897060987222,0.1489370340294158,0.0018473649215500559,0.000999318086230132,0.009626576864081866,lt3
2906,2907,OADMET-0002242,2.01,train,lt3,2,0.8841983394431595,0.11310361710681588,0.0005401054923749934,0.00024819798210145113,0.00190973997554813,lt3
2907,2908,OADMET-0002241,2.75,train,lt3,2,0.8716667299201029,0.12345158216294257,0.0008118380241679716,0.00046565389244819456,0.00360419600033839,lt3
2908,2909,OADMET-0002240,3.05,train,3to4,2,0.7065478936326073,0.2856919618278398,0.0035525415571263986,0.0005568371564761795,0.003650765825950343,lt3
2909,2910,OADMET-0002239,2.07,train,lt3,1,0.8903750922204798,0.10884458765296685,0.0004657946465644045,9.300993662598057e-05,0.00022151554336296447,lt3
2910,2911,OADMET-0002238,2.19,train,lt3,2,0.9306504744181071,0.06570074299027077,0.0003577708335406866,0.00032858589252192523,0.002962425865559512,lt3
2911,2912,OADMET-0002237,3.72,train,3to4,2,0.3556131360007469,0.6115533602022848,0.02849080922290308,0.0014073872924182237,0.0029353072816469474,3to4
2912,2913,OADMET-0002236,2.92,train,lt3,2,0.7198609022976664,0.27742966659928653,0.0018330695807899137,0.00018500172649202438,0.0006913597957650551,lt3
2913,2914,OADMET-0002235,2.88,train,lt3,0,0.6054845372232005,0.37038174447596967,0.011373616792900429,0.0016726028668164856,0.011087498641112936,lt3
2914,2915,OADMET-0002234,3.75,train,3to4,2,0.1684664844698209,0.6786242960471763,0.1381991404876744,0.00644526885980515,0.008264810135523212,3to4
2915,2916,OADMET-0002233,1.88,train,lt3,2,0.9283673701671721,0.06998997135210917,0.0002057764054358407,0.0001664060535275907,0.0012704760217553549,lt3
2916,2917,OADMET-0002232,2.69,train,lt3,2,0.8403971331945503,0.15615821138759028,0.0008318575118030523,0.00028346418282181485,0.0023293337232345233,lt3
2917,2918,OADMET-0002231,3.7,train,3to4,2,0.3972172179918557,0.5772197899043633,0.0212305395146093,0.0012438865500137293,0.0030885660391579786,3to4
2918,2919,OADMET-0002230,2.49,train,lt3,2,0.8913356353309224,0.10677058594170942,0.0003748395077275809,0.00023165382319095845,0.0012872853964496131,lt3
2919,2920,OADMET-0002229,2.61,train,lt3,2,0.9077667261202531,0.09055489714799062,0.0003071874558546522,0.00017549069246071953,0.0011956985834409026,lt3
2920,2921,OADMET-0002228,3.04,train,3to4,2,0.648178992693702,0.3375502218519913,0.00597260844017288,0.0010245258423223077,0.0072736511718115154,lt3
2921,2922,OADMET-0002227,2.87,train,lt3,1,0.2484375305870334,0.6974127659725026,0.048927633348201334,0.002448750812263725,0.002773319279999002,3to4
2922,2923,OADMET-0002226,2.02,train,lt3,3,0.8245696525337405,0.17123830273605062,0.001429488420996245,0.0002899025811556926,0.0024726537280569264,lt3
2923,2924,OADMET-0002225,3.54,train,3to4,2,0.41797382573724895,0.5472128513577472,0.026266228994717353,0.0015304475433479446,0.007016646366938495,3to4
2924,2925,OADMET-0002224,3.24,train,3to4,2,0.8005968969578869,0.19804829461076728,0.0006994751783730202,0.00015176323437079823,0.0005035700186019499,lt3
2925,2926,OADMET-0002223,2.1,train,lt3,2,0.9268511573255439,0.07216404409182818,0.00016086730534347764,0.0001277777779241862,0.0006961534993602687,lt3
2926,2927,OADMET-0002222,2.03,train,lt3,3,0.8954568557539926,0.10274382740608816,0.0006186591963062869,0.00016114626581285342,0.0010195113778001404,lt3
2927,2928,OADMET-0002221,2.64,train,lt3,2,0.9394642719435173,0.05880793934576953,0.00019114383048484459,0.00018804008158672609,0.0013486047986416192,lt3
2928,2929,OADMET-0002220,1.88,train,lt3,1,0.8492107161752427,0.1492690105610844,0.0006772238810913118,0.0002884899944763396,0.0005545593881052432,lt3
2929,2930,OADMET-0002219,1.98,train,lt3,2,0.8934278558831725,0.10531573123326424,0.00027651629181633567,0.00014874293118089286,0.0008311536605660229,lt3
2930,2931,OADMET-0002218,3.44,train,3to4,2,0.31213418921652847,0.6239676730166182,0.05252451162243722,0.003690696817982534,0.007682929326433597,3to4
2931,2932,OADMET-0002217,2.05,train,lt3,1,0.8590586011754651,0.13983274713540447,0.0007721774589599142,0.00010847599113582125,0.00022799823903473513,lt3
2932,2933,OADMET-0002216,2.96,train,lt3,2,0.3270541957032686,0.5937591666732158,0.060415285304799754,0.004144234030279083,0.014627118288436753,3to4
2933,2934,OADMET-0002215,2.52,train,lt3,2,0.7330248021798458,0.26319221602752924,0.002186388553960864,0.0003077850088581906,0.0012888082298059163,lt3
2934,2935,OADMET-0002214,3.93,train,3to4,3,0.7443854268655251,0.2531544585163312,0.0016706914300750472,0.0002180340250561939,0.0005713891630124535,lt3
2935,2936,OADMET-0002213,2.98,train,lt3,1,0.23184630096635597,0.6923956817833107,0.06884498841318194,0.003308586518004687,0.003604442319146684,3to4
2936,2937,OADMET-0002212,2.01,train,lt3,2,0.9351695983100986,0.06229687595558831,0.00024521384765363217,0.000253181224636618,0.0020351306620228072,lt3
2937,2938,OADMET-0002211,1.85,train,lt3,2,0.907079399793627,0.07866451899350035,0.0010561306275913302,0.0009397072729581012,0.012260243312323312,lt3
2938,2939,OADMET-0002210,1.91,train,lt3,2,0.8085218968833006,0.19011642834808853,0.0006382399936942362,0.00015926705382879243,0.0005641677210879161,lt3
2939,2940,OADMET-0002209,2.72,train,lt3,3,0.9176741738234054,0.08154566496959856,0.0003286212414003932,6.905606203033567e-05,0.00038248390356523785,lt3
2940,2941,OADMET-0002208,3.05,train,3to4,3,0.6790724434430113,0.3173702694309465,0.0026453389008214466,0.00030704756886088924,0.000604900656359842,lt3
2941,2942,OADMET-0002207,2.89,train,lt3,3,0.7939062065329372,0.20462390643327222,0.0010647723612735329,8.87469280734082e-05,0.0003163677444435984,lt3
2942,2943,OADMET-0002206,2.84,train,lt3,4,0.7485757703542368,0.2497774092551991,0.0012732829747436477,4.2856275938268773e-05,0.00033068113988210805,lt3
2943,2944,OADMET-0002205,2.33,train,lt3,2,0.8609392901759046,0.1312091448167482,0.0012144989556773917,0.0007306604243503845,0.005906405627319415,lt3
2944,2945,OADMET-0002204,3.67,train,3to4,2,0.45979512882072837,0.521233895469547,0.01516254744483696,0.0008371044780212878,0.0029713237868663786,3to4
2945,2946,OADMET-0002203,4.08,train,4to5,3,0.14160015193316028,0.6976574769710224,0.1512971266084721,0.006382086801285866,0.0030631576860593287,3to4
2946,2947,OADMET-0002202,2.98,train,lt3,2,0.7577738619211686,0.2368909821010758,0.0021274461941660355,0.00041868696947085937,0.0027890228141187177,lt3
2947,2948,OADMET-0002201,2.25,train,lt3,1,0.9131043122667807,0.0862701401836703,0.0002974694997858139,9.960948408063273e-05,0.00022846856568254777,lt3
2948,2949,OADMET-0002200,2.24,train,lt3,2,0.9438085246186233,0.05432466984265986,0.00017948878805434352,0.00018533923986069093,0.0015019775108017891,lt3
2949,2950,OADMET-0002199,1.95,train,lt3,2,0.8790827366156198,0.11859691851161565,0.0005376893078927894,0.00023467207137990302,0.0015479834934919421,lt3
2950,2951,OADMET-0002198,2.77,train,lt3,2,0.8917992831502319,0.10600203382254736,0.0004315374591172194,0.00021675494203670002,0.001550390626066752,lt3
2951,2952,OADMET-0002197,1.95,train,lt3,2,0.8959760296769774,0.08222638080788479,0.0014265718783211443,0.0013802365969175793,0.01899078103989901,lt3
2952,2953,OADMET-0002196,3.01,train,3to4,2,0.8884992897385223,0.11068357903441017,0.00023492877335567905,0.00011517123789927745,0.00046703121581248867,lt3
2953,2954,OADMET-0002195,2.9,train,lt3,2,0.8666994927852555,0.126798977698204,0.0010161849622048079,0.0005227333382383069,0.004962611216097344,lt3
2954,2955,OADMET-0002194,2.54,train,lt3,3,0.9116561137435175,0.08773787799696,0.0002846598131744743,5.032758993231262e-05,0.0002710208564156849,lt3
2955,2956,OADMET-0002193,2.65,train,lt3,4,0.30911817176880463,0.6591619642400008,0.03001095632929905,0.00077613033247563,0.0009327773294197989,3to4
2956,2957,OADMET-0002192,3.05,train,3to4,3,0.8042768336855706,0.19395688462498784,0.001086377238485163,0.0001800130737282487,0.0004998913772282435,lt3
2957,2958,OADMET-0002191,3.73,train,3to4,2,0.7141833493802245,0.282417042826424,0.002067230523859644,0.0003434621125480276,0.0009889151569437637,lt3
2958,2959,OADMET-0002190,2.93,train,lt3,3,0.9395285493620851,0.05869340304517951,0.00036674241210618726,0.00015073245260226864,0.0012605727280269748,lt3
2959,2960,OADMET-0002189,1.83,train,lt3,2,0.7607042694149077,0.23738231957560962,0.001267137572125569,0.0001512629222963387,0.0004950105150607989,lt3
2960,2961,OADMET-0002188,2.1,train,lt3,2,0.8476160476561768,0.12823946338077968,0.002523061267946161,0.0017430129799805825,0.019878414715116716,lt3
2961,2962,OADMET-0002187,2.06,train,lt3,2,0.41093484815694215,0.5418639550736696,0.03633109327034841,0.0027889359032741284,0.008081167595765708,3to4
2962,2963,OADMET-0002186,3.79,train,3to4,2,0.2798660739862577,0.6640614376301359,0.05028905799138731,0.0021581589585996253,0.003625271433619423,3to4
2963,2964,OADMET-0002185,1.82,train,lt3,2,0.191880261051086,0.527160639913745,0.197506656982699,0.029456529113586302,0.05399591293888376,3to4
2964,2965,OADMET-0002184,3.5,train,3to4,3,0.24861695262668165,0.6555224367069865,0.08644647513869445,0.005148815229005438,0.004265320298631942,3to4
2965,2966,OADMET-0002183,1.92,train,lt3,2,0.8363524071711008,0.13282587165571277,0.0028119217903130327,0.0019551209159923057,0.026054678466881084,lt3
2966,2967,OADMET-0002182,2.58,train,lt3,1,0.8546194616952493,0.14446512656202518,0.0005259714417071795,0.00012762277875895243,0.00026181752225937633,lt3
2967,2968,OADMET-0002181,2.14,train,lt3,2,0.8375232619278904,0.15344579157892999,0.001541958037914645,0.0006544294729983039,0.0068345589822666215,lt3
2968,2969,OADMET-0002180,1.89,train,lt3,3,0.7853284027505685,0.20081043615109045,0.005316687380586901,0.0008205069613713546,0.007723966756382808,lt3
2969,2970,OADMET-0002179,3.03,train,3to4,2,0.8778271812695057,0.1208276611046971,0.0003732898135824196,0.00017692146306259193,0.0007949463491522701,lt3
2970,2971,OADMET-0002178,2.45,train,lt3,3,0.9234150829858685,0.07510380594726153,0.0005752504916458025,9.804486228103162e-05,0.0008078157129431311,lt3
2971,2972,OADMET-0002177,2.36,train,lt3,1,0.6497745028850739,0.34574261706934156,0.003751006861527782,0.0003147162262103776,0.0004171569578463795,lt3
2972,2973,OADMET-0002176,2.73,train,lt3,2,0.9034215283434578,0.09576674739857206,0.00021172054629046587,9.156122010196141e-05,0.0005084424915777153,lt3
2973,2974,OADMET-0002175,3.03,train,3to4,3,0.9174859342130423,0.08160780953727335,0.0003273654955354758,8.25018853030078e-05,0.0004963888688458675,lt3
2974,2975,OADMET-0002174,1.82,train,lt3,2,0.8568668912147508,0.1315374664832949,0.0015994451149398772,0.0007969011157463997,0.009199296071268018,lt3
2975,2976,OADMET-0002173,2.61,train,lt3,2,0.8934118264079444,0.10495283631572164,0.00031827510707104525,0.0001860498932058457,0.0011310122760570715,lt3
2976,2977,OADMET-0002172,2.42,train,lt3,1,0.7319065716298371,0.26507582492149895,0.0023060649896261536,0.00028216445117036946,0.00042937400786740145,lt3
2977,2978,OADMET-0002171,3.36,train,3to4,2,0.38932090544466735,0.579680316852402,0.025313729125613707,0.0015735230225426724,0.004111525554774264,3to4
2978,2979,OADMET-0002170,2.19,train,lt3,1,0.9349645199605737,0.06414466230111762,0.000269124133784162,0.0001450069803363431,0.0004766866241881618,lt3
2979,2980,OADMET-0002169,2.86,train,lt3,2,0.49361043494679036,0.4721038549132117,0.02314378010251998,0.0018495053171116035,0.009292424720366338,lt3
2980,2981,OADMET-0002168,3.0,train,lt3,2,0.5025228912400348,0.47264609252522777,0.01735585946753795,0.0014291157867884925,0.006046040980410973,lt3
2981,2982,OADMET-0002167,3.11,train,3to4,1,0.47831413386486826,0.513567330994016,0.006978079245491928,0.0005362760302135408,0.0006041798654102772,3to4
2982,2983,OADMET-0002166,2.22,train,lt3,3,0.8344398841220896,0.16135104539757983,0.001729318071684419,0.00035383506571769224,0.0021259173429285113,lt3
2983,2984,OADMET-0002165,2.92,train,lt3,3,0.28736816853212177,0.6493701712560339,0.05348142053425107,0.0033027991919053062,0.006477440485687984,3to4
2984,2985,OADMET-0002164,2.82,train,lt3,1,0.71706902825327,0.28048577843885314,0.0019933034157001792,0.00019209617998243875,0.0002597937121942339,lt3
2985,2986,OADMET-0002163,2.99,train,lt3,2,0.8024326866425897,0.178723370203586,0.0030764475188472962,0.00150844995545192,0.014259045679525122,lt3
2986,2987,OADMET-0002162,1.79,train,lt3,3,0.9744284568096815,0.0239816452580187,0.00018326373197713805,7.990340088207829e-05,0.0013267307994405783,lt3
2987,2988,OADMET-0002161,2.57,train,lt3,3,0.9333953599176932,0.06434896821208362,0.0004980524716470463,0.00014612953765643993,0.0016114898609197593,lt3
2988,2989,OADMET-0002160,1.82,train,lt3,2,0.9080255071607631,0.08885218404044294,0.00045616983087438495,0.00025845070067501293,0.0024076882672444885,lt3
2989,2990,OADMET-0002159,1.99,train,lt3,2,0.8945741144447705,0.10246478928256945,0.0005645291209321459,0.00032838691136577366,0.002068180240362057,lt3
2990,2991,OADMET-0002158,3.27,train,3to4,1,0.2148335002019708,0.6784483263855163,0.09771859000893728,0.004706484313841283,0.0042930990897343405,3to4
2991,2992,OADMET-0002157,2.17,train,lt3,2,0.7954972548074772,0.19827959348993268,0.0020173267756907437,0.0005814438601144158,0.0036243810667848774,lt3
2992,2993,OADMET-0002156,2.36,train,lt3,2,0.8726645208422614,0.12556100030343512,0.0005035024424746859,0.00016371744458245727,0.001107258967246301,lt3
2993,2994,OADMET-0002155,3.02,train,3to4,2,0.3952516394526713,0.5536229301082196,0.03187263206359192,0.0026754362876283216,0.0165773620878889,3to4
2994,2995,OADMET-0002154,3.47,train,3to4,1,0.5476705014411989,0.38435359061916885,0.019882156230393303,0.00943623420807365,0.038657517501165264,lt3
2995,2996,OADMET-0002153,1.8,train,lt3,3,0.9801574204215664,0.01817397111805509,0.00018329246929188223,6.9315504793577e-05,0.0014160004862930151,lt3
2996,2997,OADMET-0002152,2.85,train,lt3,3,0.926007007687675,0.07326146019731987,0.000306055989332473,6.144423077555262e-05,0.000364031894897162,lt3
2997,2998,OADMET-0002151,2.77,train,lt3,3,0.8542673215048772,0.14481892549899134,0.0005496284335377152,7.591973222376958e-05,0.0002882048303700549,lt3
2998,2999,OADMET-0002150,1.94,train,lt3,2,0.8087117269019807,0.188528021717212,0.0011086700863075913,0.00029210756474383666,0.0013594737297558742,lt3
2999,3000,OADMET-0002149,1.98,train,lt3,2,0.9062654805645137,0.0912990329784315,0.00036596814662550166,0.0002565311977560869,0.0018129871126731489,lt3
3000,3001,OADMET-0002148,2.78,train,lt3,3,0.9442578786647112,0.053915509418948813,0.0003353690636496242,0.0001440791274039931,0.0013471637252863878,lt3
3001,3002,OADMET-0002147,3.19,train,3to4,3,0.8961899708231612,0.10247558162815439,0.0005643129009909469,0.00011210229211830215,0.0006580323555751271,lt3
3002,3003,OADMET-0002146,1.87,train,lt3,2,0.9315609318547678,0.06689948576148695,0.0001802017938015949,0.0001619500541604123,0.0011974305357831893,lt3
3003,3004,OADMET-0002145,2.02,train,lt3,2,0.8573689131378497,0.12478828695833978,0.001985510967762836,0.0013294461603838446,0.014527842775663814,lt3
3004,3005,OADMET-0002144,3.42,train,3to4,1,0.38364894973352287,0.6017574946394428,0.013133204218518067,0.0007209003421661777,0.0007394510663500753,3to4
3005,3006,OADMET-0002143,3.01,train,3to4,3,0.9402319560269439,0.05920947944172305,0.00019685194523497466,4.7446900435961544e-05,0.0003142656856621539,lt3
3006,3007,OADMET-0002142,2.15,train,lt3,2,0.8769049664376823,0.11954141435342114,0.0008270936105549715,0.00040582922612243216,0.0023206963722190795,lt3
3007,3008,OADMET-0002141,2.83,train,lt3,1,0.49204826030043813,0.48181566339828563,0.022863626806960365,0.0012964862692085354,0.0019759632251073163,lt3
3008,3009,OADMET-0002140,2.52,train,lt3,4,0.8457502972824238,0.15096086710040227,0.0007565391357244156,0.00014637253912848245,0.0023859239423210596,lt3
3009,3010,OADMET-0002139,2.96,train,lt3,3,0.8309521416342238,0.1578874687856415,0.002942275164292822,0.0009733521425663845,0.007244762273275537,lt3
3010,3011,OADMET-0002138,1.96,train,lt3,3,0.9612620771696063,0.03604683764564172,0.0003358297212592484,0.00014780622318669474,0.002207449240306037,lt3
3011,3012,OADMET-0002137,3.22,train,3to4,3,0.9775046877321167,0.021510046352000583,0.00012645575264652538,4.996010189791563e-05,0.0008088500613382584,lt3
3012,3013,OADMET-0002136,1.83,train,lt3,3,0.9557268704652211,0.040859803921284035,0.00041869166680028573,0.00019615650118863818,0.00279847744550597,lt3
3013,3014,OADMET-0002135,3.41,train,3to4,3,0.6945815144179597,0.3016307975126666,0.002732452260722678,0.000247577440191734,0.0008076583684593874,lt3
3014,3015,OADMET-0002134,2.85,train,lt3,4,0.9093574705886998,0.08986616706101141,0.00027606757988571606,3.44455977650573e-05,0.0004658491726380485,lt3
3015,3016,OADMET-0002133,3.95,train,3to4,3,0.5557414966783135,0.4342012633573631,0.006842234535464802,0.0007517800878969802,0.0024632253409616624,lt3
3016,3017,OADMET-0002132,2.95,train,lt3,3,0.9134430937553863,0.08409359354189339,0.000673987615517066,0.00015494744090966333,0.0016343776462935844,lt3
3017,3018,OADMET-0002131,3.1,train,3to4,3,0.695506817429415,0.30083710629245797,0.002737952419214222,0.00021557287057457313,0.0007025509883382095,lt3
3018,3019,OADMET-0002130,2.81,train,lt3,3,0.702893175443034,0.2773081275083597,0.0066886006614749575,0.0010740693786648646,0.012036027008466505,lt3
3019,3020,OADMET-0002129,2.45,train,lt3,3,0.7256676430495987,0.26102390438661516,0.004701597535617785,0.0007267886415545444,0.00788006638661379,lt3
3020,3021,OADMET-0002128,2.87,train,lt3,3,0.9353023509825674,0.0632539374093219,0.0003603674313901058,0.00010979121423101215,0.0009735529624895461,lt3
3021,3022,OADMET-0002127,3.92,train,3to4,3,0.3842407960381616,0.5831687893703373,0.02748669053142595,0.0015520267946172938,0.003551697265457841,3to4
3022,3023,OADMET-0002126,3.22,train,3to4,3,0.3061181254096466,0.5886768001219995,0.08203584559479436,0.0072161502824176285,0.01595307859114189,3to4
3023,3024,OADMET-0002125,2.16,train,lt3,3,0.8889281772400988,0.1101444441560998,0.0004871055693497265,7.626108944492765e-05,0.000364011945006744,lt3
3024,3025,OADMET-0002124,3.59,train,3to4,3,0.3554695814855152,0.497278686169993,0.08604095059040137,0.011605192809880958,0.04960558894420946,3to4
3025,3026,OADMET-0002123,3.56,train,3to4,0,0.6513820886611938,0.3383125066757202,0.00567224994301796,0.001308727776631713,0.003324426943436265,lt3
3026,3027,OADMET-0002122,4.15,train,4to5,0,0.5643132397966565,0.41592360051255417,0.012142550348649708,0.0013624228470789268,0.006258186495060751,lt3
3027,3028,OADMET-0002121,2.91,train,lt3,3,0.8526850908316358,0.13933108181039383,0.0018534649927182682,0.00044033821915307787,0.005690024146099023,lt3
3028,3029,OADMET-0002120,1.95,train,lt3,2,0.6356115316953187,0.36013817649864066,0.0033519959415102066,0.00020544291977674518,0.0006928529447537225,lt3
3029,3030,OADMET-0002119,2.73,train,lt3,2,0.8932747730472264,0.10231675763869726,0.0007951669827270067,0.000494952689756512,0.003118349641592857,lt3
3030,3031,OADMET-0002118,1.77,train,lt3,3,0.9512994371903837,0.04674511443387147,0.0003576618359244669,0.00011418291350205278,0.0014836036263183308,lt3
3031,3032,OADMET-0002117,2.4,train,lt3,2,0.8863035535684801,0.11128839221589694,0.0005935517502837837,0.00020730975949869322,0.001607192705840436,lt3
3032,3033,OADMET-0002116,3.11,train,3to4,3,0.9480907506575752,0.04994868643411112,0.0003670621795461923,0.0001300459933279951,0.0014634547354394768,lt3
3033,3034,OADMET-0002115,3.65,train,3to4,3,0.9345970618632012,0.06364494811945245,0.0004435915271154126,0.00011600331170007544,0.0011983951785307985,lt3
3034,3035,OADMET-0002114,2.53,train,lt3,3,0.9601510380335164,0.037784729991973985,0.00029489154185291397,0.00011776588769441507,0.0016515745449622447,lt3
3035,3036,OADMET-0002113,3.0,train,lt3,3,0.9282732614174956,0.07013903269787207,0.0004693568349418318,0.00011662424398991505,0.0010017248057005916,lt3
3036,3037,OADMET-0002112,2.97,train,lt3,3,0.9146816498358331,0.08139472033556616,0.0007686436016443129,0.00023302998505975089,0.0029219562418966723,lt3
3037,3038,OADMET-0002111,2.97,train,lt3,3,0.9122536028944136,0.08386172213149037,0.000836527135586579,0.0002811391557771005,0.0027670086827323824,lt3
3038,3039,OADMET-0002110,2.0,train,lt3,3,0.9173027589881919,0.07872664451912358,0.0007451699020265114,0.00022898458026960515,0.0029964420103884195,lt3
3039,3040,OADMET-0002109,2.53,train,lt3,1,0.9135837598728985,0.08530190071405239,0.0005600849642855909,0.00014873488372767015,0.0004055195650358179,lt3
3040,3041,OADMET-0002108,2.515,train,lt3,2,0.9190169999961328,0.07363857461004741,0.0006393429989542062,0.0005489876036851042,0.0061560947911804805,lt3
3041,3042,OADMET-0002107,2.6,train,lt3,2,0.660875371422381,0.3305723624043045,0.006300875834922994,0.000408702990299238,0.001842687348092326,lt3
3042,3043,OADMET-0002106,2.02,train,lt3,2,0.9345215032042604,0.06441729563410607,0.00016243399415567501,0.00013989613320252445,0.0007588710342753109,lt3
3043,3044,OADMET-0002105,1.86,train,lt3,3,0.8034445865800314,0.19227670665292385,0.001884318009018503,0.0002889759278278829,0.002105412830198405,lt3
3044,3045,OADMET-0002104,2.81,train,lt3,0,0.6108148973653291,0.3690966474534934,0.011144875902744268,0.0015891450798174412,0.007354434198615698,lt3
3045,3046,OADMET-0002103,3.18,train,3to4,3,0.9563465878536963,0.03666292049824365,0.0007319220457831138,0.0002569322736724873,0.006001637328604456,lt3
3046,3047,OADMET-0002102,2.82,train,lt3,3,0.9352615216523127,0.0590757413231737,0.00106465545792738,0.0002622987303851291,0.004335782836201099,lt3
3047,3048,OADMET-0002101,3.26,train,3to4,3,0.6690164566677494,0.3220855468138297,0.004849082118666006,0.0007425367764158777,0.0033063776233389166,lt3
3048,3049,OADMET-0002100,3.01,train,3to4,1,0.40413038078473074,0.5610715490835664,0.03270793556916635,0.0009975183765605089,0.0010926161859760124,3to4
3049,3050,OADMET-0002099,1.98,train,lt3,3,0.8596971240480428,0.13849384453529226,0.0009030341342546661,0.0001560078455505355,0.0007499894368598031,lt3
3050,3051,OADMET-0002098,2.05,train,lt3,1,0.9296996627666129,0.0691282334869967,0.000288748543255894,0.00021043207563453456,0.0006729231274999656,lt3
3051,3052,OADMET-0002097,2.67,train,lt3,3,0.9508336153443654,0.048539470712937634,0.00019119694413453293,5.349723851037973e-05,0.00038221976005204696,lt3
3052,3053,OADMET-0002096,2.51,train,lt3,2,0.9285888204874505,0.06963725782892488,0.00024806089848718746,0.0001964726153672475,0.0013293881697701653,lt3
3053,3054,OADMET-0002095,2.85,train,lt3,3,0.9798869718282659,0.019515182089271943,0.00010160503352385999,3.291137421872503e-05,0.00046332967471953866,lt3
3054,3055,OADMET-0002094,1.93,train,lt3,1,0.8923784679058325,0.10570541988000488,0.0005875018663271862,0.0003478181096521054,0.0009807922381832987,lt3
3055,3056,OADMET-0002093,2.45,train,lt3,3,0.817057236842147,0.181595947965321,0.0009058670672013932,8.758155874760999e-05,0.00035336656658295875,lt3
3056,3057,OADMET-0002092,1.98,train,lt3,3,0.938639231514695,0.05965913516432081,0.00046133061232510775,0.00011913076143685052,0.0011211719472222507,lt3
3057,3058,OADMET-0002091,2.83,train,lt3,2,0.49295860521772433,0.49615555994443195,0.009569719432391908,0.000391898589384524,0.0009242168160673148,3to4
3058,3059,OADMET-0002090,1.91,train,lt3,1,0.5550834283887385,0.4286965830693529,0.011559145930266699,0.0017311489585694808,0.002929693653072438,lt3
3059,3060,OADMET-0002089,1.95,train,lt3,3,0.9603476139484363,0.039018711374119,0.0001880801061928998,4.231788455881973e-05,0.0004032766866930761,lt3
3060,3061,OADMET-0002088,2.08,train,lt3,2,0.7960830339768784,0.20139372371351516,0.0012841933654109436,0.00020616051938667602,0.0010328884248088058,lt3
3061,3062,OADMET-0002087,2.69,train,lt3,1,0.9311784228602329,0.06748512931408805,0.0002997043977201218,0.0002491912381105755,0.0007875521898483307,lt3
3062,3063,OADMET-0002086,1.85,train,lt3,3,0.9683933805556223,0.030025174690764503,0.00020231990391477,8.816624860085325e-05,0.0012909586010975873,lt3
3063,3064,OADMET-0002085,2.71,train,lt3,3,0.9128587333348431,0.08417358879630213,0.000700151891247973,0.00016850285271280413,0.002099023124893923,lt3
3064,3065,OADMET-0002084,1.84,train,lt3,3,0.8664921190268469,0.1311193654385545,0.0009952329183659015,0.0002422099840260245,0.0011510726322067324,lt3
3065,3066,OADMET-0002083,4.28,train,4to5,3,0.13484228059179426,0.5155572448836936,0.2738422535014824,0.03636842701937041,0.03938979400365931,3to4
3066,3067,OADMET-0002082,2.64,train,lt3,2,0.825274943548832,0.17217227800797477,0.0012252943113388968,0.00021928291223863455,0.001108201219615633,lt3
3067,3068,OADMET-0002081,3.02,train,3to4,1,0.8757728869547627,0.12212049125756007,0.0015191860617524578,0.00018331972979465465,0.0004041159961301175,lt3
3068,3069,OADMET-0002080,3.32,train,3to4,4,0.6154038773379791,0.3788502134636508,0.004546734872008367,0.00019168669992243392,0.0010074876264393,lt3
3069,3070,OADMET-0002079,2.07,train,lt3,3,0.9567026911204675,0.040823242787024636,0.0003795890589696298,0.00010404515145488216,0.001990431882083419,lt3
3070,3071,OADMET-0002078,1.91,train,lt3,3,0.7057838238996559,0.27171638519911867,0.00722261902341381,0.001178983698643955,0.014098188179167625,lt3
3071,3072,OADMET-0002077,2.06,train,lt3,3,0.9188834331498249,0.07539585641973164,0.0010376701229035034,0.00047875335128264853,0.004204286956257279,lt3
3072,3073,OADMET-0002076,2.9,train,lt3,3,0.9777702698454888,0.02104539239914756,0.00013861039782997,6.036758355823964e-05,0.0009853597739754292,lt3
3073,3074,OADMET-0002075,2.41,train,lt3,3,0.898598401154964,0.09732367403957307,0.001011521820078838,0.0003959355359901221,0.002670467449393891,lt3
3074,3075,OADMET-0002074,1.82,train,lt3,3,0.8700867039304705,0.12591623261994392,0.0012010387614426162,0.0002675431710467231,0.0025284815170962443,lt3
3075,3076,OADMET-0002073,1.94,train,lt3,3,0.429795321600174,0.5454889495261837,0.020707413399909336,0.0012502805236706098,0.002758034950062372,3to4
3076,3077,OADMET-0002072,2.09,train,lt3,2,0.3483863032152901,0.543351627972469,0.09204859654406249,0.007835442810543363,0.00837802945763497,3to4
3077,3078,OADMET-0002071,2.72,train,lt3,2,0.7903686783593683,0.20757468101847357,0.0011966647613178014,0.00023161781491618265,0.0006283580459241009,lt3
3078,3079,OADMET-0002070,2.92,train,lt3,3,0.9012711046905517,0.0963282223284663,0.0006828596945016317,0.00023415237859691942,0.0014836609078834333,lt3
3079,3080,OADMET-0002069,2.88,train,lt3,3,0.8674034050635906,0.12860831870961165,0.0012791662262588857,0.00029160656258564064,0.0024175034379532684,lt3
3080,3081,OADMET-0002068,1.87,train,lt3,3,0.4265850820690396,0.5497800969128741,0.02036221201421729,0.0010550541859360716,0.0022175548179329875,3to4
3081,3082,OADMET-0002067,2.6,train,lt3,2,0.9093891788232888,0.08479344667629063,0.0006506840446035161,0.0004957725655996269,0.0046709178902174155,lt3
3082,3083,OADMET-0002066,2.69,train,lt3,3,0.6688452917207608,0.3267730460841188,0.0034348640108932344,0.00024035142887058805,0.0007064467553565622,lt3
3083,3084,OADMET-0002065,2.39,train,lt3,3,0.8010666647363454,0.19158171779706262,0.0025517100884879353,0.0004261509895518939,0.004373756388552213,lt3
3084,3085,OADMET-0002064,2.12,train,lt3,2,0.8764041653671436,0.12265700834951684,0.00033343222425406626,0.0001227670726333542,0.0004826269864521454,lt3
3085,3086,OADMET-0002063,3.96,train,3to4,1,0.872258923667401,0.12587645108263437,0.0012231588535813974,0.0001988184872911913,0.0004426479090920494,lt3
3086,3087,OADMET-0002062,2.44,train,lt3,3,0.6556145962494322,0.3014766764128998,0.015386990311060654,0.0024567566965196896,0.025064980330087635,lt3
3087,3088,OADMET-0002061,1.98,train,lt3,3,0.8171796165855326,0.18124045349986526,0.0010212932201671319,0.00010786228037056024,0.00045077441406444005,lt3
3088,3089,OADMET-0002060,2.49,train,lt3,1,0.8642704478546243,0.13201220320897403,0.0028599987244704982,0.00025569242982782163,0.0006016577821034383,lt3
3089,3090,OADMET-0002059,4.08,train,4to5,3,0.20835359640356677,0.7004533587800603,0.08703990505874724,0.0027386670227935324,0.0014144727348321452,3to4
3090,3091,OADMET-0002058,2.13,train,lt3,2,0.880998305388698,0.1180509839611773,0.0003153982659895742,0.0001373535329749478,0.0004979588511600712,lt3
3091,3092,OADMET-0002057,1.97,train,lt3,3,0.9449222597691368,0.05258617502154765,0.0005009899568668232,0.00013425321836000123,0.0018563220340887504,lt3
3092,3093,OADMET-0002056,2.82,train,lt3,1,0.7124264911718515,0.2842847199109694,0.002530239337547945,0.0003422261838763385,0.00041632339575479137,lt3
3093,3094,OADMET-0002055,1.94,train,lt3,3,0.9071807359538367,0.09186919128980084,0.00046029800910986926,7.235395680852125e-05,0.0004174207904439892,lt3
3094,3095,OADMET-0002054,1.83,train,lt3,3,0.928908334762103,0.07034911859476332,0.0002906887924986396,6.484542152749545e-05,0.00038701242910755174,lt3
3095,3096,OADMET-0002053,2.49,train,lt3,3,0.8223672628713183,0.17596525424314835,0.0010440805321918934,0.00014123191704296196,0.0004821704362984357,lt3
3096,3097,OADMET-0002052,2.49,train,lt3,3,0.9644405604995926,0.03303969942856212,0.0003676847464453311,0.00011252482814764303,0.002039530497252305,lt3
3097,3098,OADMET-0002051,2.01,train,lt3,2,0.9075414594813715,0.08754801974688295,0.0006348572410348179,0.0004849082327369973,0.0037907552979737206,lt3
3098,3099,OADMET-0002050,1.88,train,lt3,2,0.47748600150569037,0.5000130087416638,0.01879730093910726,0.0008647647728553318,0.002838924040683289,3to4
3099,3100,OADMET-0002049,2.86,train,lt3,2,0.886218951098375,0.09556457352154644,0.001558655859981474,0.0012383134007782845,0.015419506119318789,lt3
3100,3101,OADMET-0002048,2.01,train,lt3,1,0.9228483155404065,0.0758878043856895,0.00038442907956230194,0.0002363887834026892,0.0006430622109390221,lt3
3101,3102,OADMET-0002047,2.01,train,lt3,2,0.896303821783595,0.08949293088892336,0.0012078553991847316,0.0010268483187810778,0.011968543609515764,lt3
3102,3103,OADMET-0002046,1.92,train,lt3,0,0.8964964259140259,0.09918210029608475,0.0008826793743223703,0.00034531121906514553,0.003093483196501869,lt3
3103,3104,OADMET-0002045,4.51,train,4to5,3,0.026694257382209055,0.20154832817566296,0.6234370764170513,0.13453837577626523,0.013781962248811465,4to5
3104,3105,OADMET-0002044,3.73,train,3to4,2,0.31062174642544776,0.6317402882984146,0.05337176609262362,0.0018460866305959813,0.00242011255291813,3to4
3105,3106,OADMET-0002043,4.46,train,4to5,2,0.0480779562450029,0.259630741865073,0.5749568987401315,0.10709080934880048,0.010243593800992094,4to5
3106,3107,OADMET-0002042,5.61,train,5to6,3,8.17206426568615e-05,0.0012721372319551207,0.03437576321700399,0.3908968429963869,0.5733735359119971,gte6
3107,3108,OADMET-0002041,5.03,train,5to6,3,0.00027736539567405825,0.009294671423627976,0.28051073617964156,0.5889070894363898,0.12101013756466657,5to6
3108,3109,OADMET-0002040,3.55,train,3to4,3,0.0012011262728032455,0.034350581867045045,0.5325854482663033,0.40891439198649476,0.022948451607353655,4to5
3109,3110,OADMET-0002039,3.04,train,3to4,3,0.20890247510518917,0.5410757580239213,0.20760141003725813,0.0252196971294329,0.017200659704198543,3to4
3110,3111,OADMET-0002038,2.0,train,lt3,2,0.46353027053211276,0.5260477046596335,0.00934984997184275,0.0003146795486110407,0.0007574952877999196,3to4
3111,3112,OADMET-0002037,2.98,train,lt3,3,0.2830595586454164,0.6682249701420669,0.04518501323786291,0.0019362610178734333,0.0015941969567803656,3to4
3112,3113,OADMET-0002036,4.09,train,4to5,3,0.2060868787368717,0.5659690815989288,0.19456586771459228,0.017955950506343157,0.015422221443264059,3to4
3113,3114,OADMET-0002035,4.95,train,4to5,2,0.0001401697202992805,0.004918404304001872,0.34916221490853006,0.612200487979592,0.03357872308757679,5to6
3114,3115,OADMET-0002034,4.17,train,4to5,3,0.2506383973569121,0.6584456610520872,0.08300318628854556,0.0042102327874203255,0.003702522515034815,3to4
3115,3116,OADMET-0002033,3.88,train,3to4,4,0.010641237146042516,0.16860484166156425,0.6846723186681098,0.1292487909119298,0.006832811612353592,4to5
3116,3117,OADMET-0002032,3.89,train,3to4,1,0.007565586002062811,0.15891570074831649,0.7183528642871352,0.10796829463869745,0.0071975543237880945,4to5
3117,3118,OADMET-0002031,1.96,train,lt3,0,0.7757793108849128,0.21906332784490104,0.002953594798536106,0.0004646446055919542,0.001739121866058109,lt3
3118,3119,OADMET-0002030,4.57,train,4to5,3,0.03016729480664849,0.2767353964817496,0.5870637324967596,0.09329266144564684,0.012740914769195555,4to5
3119,3120,OADMET-0002029,4.37,train,4to5,3,0.00016673244433763865,0.00622168340933407,0.3188009055824396,0.6189665972533974,0.055844081310491206,5to6
3120,3121,OADMET-0002028,3.95,train,3to4,3,0.14196386764753674,0.7107197557932913,0.13954633308647596,0.005356955744045613,0.0024130877286504316,3to4
3121,3122,OADMET-0002027,2.83,train,lt3,3,0.4477778757469578,0.5450025536759003,0.006687650603482412,0.00026145864310697143,0.00027046133055245205,3to4
3122,3123,OADMET-0002026,1.95,train,lt3,3,0.010748599395655483,0.18741836690075925,0.6736717657042054,0.11922763744376733,0.008933630555612599,4to5
3123,3124,OADMET-0002025,3.75,train,3to4,2,0.03731256973604208,0.1503510277953688,0.48621377628985035,0.2646829961400253,0.061439630038713444,4to5
3124,3125,OADMET-0002024,3.1,train,3to4,4,0.0490454626839869,0.391386364026863,0.5033225257033435,0.0476426560718259,0.00860299151398075,4to5
3125,3126,OADMET-0002023,2.7,train,lt3,4,0.5734024390377018,0.42309575820120643,0.0031344813304465184,9.1170446456158e-05,0.0002761509841890044,lt3
3126,3127,OADMET-0002022,3.85,train,3to4,3,0.06237338530560063,0.24240699636303653,0.5094970198983018,0.1378465968003409,0.04787600163272015,4to5
3127,3128,OADMET-0002021,4.41,train,4to5,0,0.08449910313545772,0.5584127130116967,0.3360893917949504,0.018781925888186803,0.002216866169708362,3to4
3128,3129,OADMET-0002020,3.82,train,3to4,0,0.1634398759533532,0.5274962497923686,0.279031172223568,0.025368461877693618,0.004664240153016589,3to4
3129,3130,OADMET-0002019,4.49,train,4to5,0,0.010865200786912782,0.14567688987081867,0.6507587756177924,0.17713632437294852,0.015562809351527672,4to5
3130,3131,OADMET-0002018,2.36,train,lt3,4,0.1680702303904692,0.5392741076637515,0.2722260412359884,0.016938899063403255,0.0034907216463876483,3to4
3131,3132,OADMET-0002017,4.21,train,4to5,1,0.004880888769127016,0.059765617264747696,0.6699283603637716,0.23209650414643312,0.03332862945592064,4to5
3132,3133,OADMET-0002016,2.99,train,lt3,3,0.4683979475127572,0.5168645675013179,0.01264616772912612,0.0007685478908284727,0.0013227693659702345,3to4
3133,3134,OADMET-0002015,4.12,train,4to5,4,0.08302978395287028,0.32422155021048504,0.49195435459928827,0.07911408663126049,0.021680224606095908,4to5
3134,3135,OADMET-0002014,5.29,train,5to6,1,0.2867069128900077,0.6008385773876044,0.10378976493244307,0.005431691431514309,0.0032330533584304546,3to4
3135,3136,OADMET-0002013,4.28,train,4to5,2,0.0006818720546606011,0.007824391857106424,0.1428596638724492,0.5929257717518913,0.2557083004638925,5to6
3136,3137,OADMET-0002012,4.33,train,4to5,2,0.0071427801091781965,0.02918561263877707,0.16350860345521037,0.5054464766792272,0.2947165271176072,5to6
3137,3138,OADMET-0002011,4.46,train,4to5,4,0.2939446289256661,0.439908492499342,0.22734647319713583,0.01932391340747553,0.0194764919703806,3to4
3138,3139,OADMET-0002010,4.87,train,4to5,3,0.2134582988416467,0.4940004926398378,0.23806618065362356,0.03462080644584892,0.019854221419043014,3to4
3139,3140,OADMET-0002009,3.11,train,3to4,2,0.12015945814082685,0.5858003071567599,0.2757429262781203,0.015372294448673912,0.0029250139756190467,3to4
3140,3141,OADMET-0002008,2.27,train,lt3,2,0.27748886706967657,0.6502820477452462,0.06554305034232592,0.0028065229801846206,0.003879511862566638,3to4
3141,3142,OADMET-0002007,4.83,train,4to5,3,0.17263822012326413,0.7280419365478311,0.09496547891923827,0.002897544257168146,0.0014568201524983093,3to4
3142,3143,OADMET-0002006,5.19,train,5to6,4,0.09383124858140945,0.4373284578323364,0.39237692952156067,0.058977384120225906,0.017485979944467545,3to4
3143,3144,OADMET-0002005,4.24,train,4to5,0,0.15494679556706212,0.6259166261677536,0.20684120916243065,0.010467252196551043,0.0018281169062025866,3to4
3144,3145,OADMET-0002004,2.3,train,lt3,1,0.32655503045746354,0.5554240124818156,0.11195165963290869,0.004099367488876023,0.001969929938936136,3to4
3145,3146,OADMET-0002003,2.34,train,lt3,0,0.4083345604672624,0.5123594493929572,0.06407298261056343,0.005404877572034182,0.00982812995718277,3to4
3146,3147,OADMET-0002002,2.58,train,lt3,2,0.4532931480802085,0.525536958318479,0.018599027906351,0.0007452173214049437,0.0018256483735564974,3to4
3147,3148,OADMET-0002001,3.1100000000000003,train,3to4,4,0.4223761083493709,0.3647658374025834,0.12189448859053478,0.0152188058152364,0.07574475984227454,lt3
3148,3149,OADMET-0002000,1.92,train,lt3,4,0.7742321858914709,0.22488426498835318,0.0005294149585370306,4.137151577946406e-05,0.0003127626458594767,lt3
3149,3150,OADMET-0001999,3.82,train,3to4,3,0.3077003738056966,0.37534929300637937,0.13928620880470968,0.05097163228989179,0.1266924920933226,3to4
3150,3151,OADMET-0001998,4.87,train,4to5,4,0.0007894364380940558,0.019686506677245502,0.5592102299365549,0.4008690636668391,0.019444763281266455,4to5
3151,3152,OADMET-0001997,3.61,train,3to4,2,0.2859823203602466,0.5071309378898831,0.16565818149940534,0.02072876202523283,0.020499798225232155,3to4
3152,3153,OADMET-0001996,3.0,train,lt3,3,0.14917865305184322,0.7515064587018226,0.09657952350600342,0.0020997936013659514,0.0006355711389647724,3to4
3153,3154,OADMET-0001995,4.32,train,4to5,3,0.25312530617229184,0.46447800897839653,0.16384058946608618,0.04239863839151504,0.0761574569917104,3to4
3154,3155,OADMET-0001994,3.47,train,3to4,2,0.4285751017076902,0.3458326484697509,0.05620920699990695,0.022912942043788298,0.14647010077886358,lt3
3155,3156,OADMET-0001993,2.98,train,lt3,2,0.08808424463256463,0.5676646918526849,0.3251722506507563,0.0163853040696589,0.002693508794335322,3to4
3156,3157,OADMET-0001992,2.95,train,lt3,0,0.48684077885380267,0.5033684314009119,0.008594795029636367,0.0006339605241416683,0.0005620341915073296,3to4
3157,3158,OADMET-0001991,4.45,train,4to5,0,0.020846291135140988,0.18898581531601594,0.6134042326630423,0.1556468354358326,0.02111682544996814,4to5
3158,3159,OADMET-0001990,5.29,train,5to6,2,0.0010347575016383336,0.005987955896533213,0.042476845273833545,0.23108016624336147,0.7194202750846335,gte6
3159,3160,OADMET-0001989,4.4,train,4to5,0,0.025871021143009452,0.13377430760950337,0.42279641954086605,0.31212311343596455,0.10543513827065654,4to5
3160,3161,OADMET-0001988,1.77,train,lt3,1,0.58443621467935,0.4026847620363325,0.00904831533827502,0.0017225322563130213,0.002108175689729427,lt3
3161,3162,OADMET-0001987,2.45,train,lt3,2,0.6681777464630306,0.32440320839919995,0.0050475389693597624,0.0006020922112981914,0.001769413957111416,lt3
3162,3163,OADMET-0001986,3.85,train,3to4,4,0.5905492555908749,0.40489510310431376,0.003345615500204405,0.0001900990062109704,0.0010199267983959674,lt3
3163,3164,OADMET-0001985,3.58,train,3to4,3,0.10515050266075099,0.5226050228551179,0.33163718717209906,0.029617253014391175,0.010990034297640878,3to4
3164,3165,OADMET-0001984,3.41,train,3to4,0,0.39745005984231385,0.5226908532760401,0.06524056455190744,0.006761541086320498,0.007856981243418064,3to4
3165,3166,OADMET-0001983,4.91,train,4to5,3,0.0001559610880933025,0.002728474885001651,0.08155335018578393,0.534211951803532,0.38135026203758915,5to6
3166,3167,OADMET-0001982,4.745,train,4to5,2,0.00025063097732392026,0.011186505418152966,0.4875334392436155,0.477546740839073,0.0234826835218346,4to5
3167,3168,OADMET-0001981,1.81,train,lt3,3,0.28595659309878746,0.6362738647831419,0.060748584936247955,0.005078282703653758,0.011942674478168958,3to4
3168,3169,OADMET-0001980,4.06,train,4to5,0,0.09884869670288553,0.6209621785488628,0.25787304835232766,0.016782003737564055,0.00553407265835999,3to4
3169,3170,OADMET-0001979,3.61,train,3to4,3,0.3779424688244544,0.5235211795580266,0.05627028586438564,0.00893057035446514,0.033335495398668154,3to4
3170,3171,OADMET-0001978,4.03,train,4to5,3,0.03381384388613453,0.263812768832594,0.6172365276048735,0.07639928572739807,0.00873757394899989,4to5
3171,3172,OADMET-0001977,5.42,train,5to6,3,0.0023830724529298433,0.04866474137422779,0.6726740105328352,0.26262373786268817,0.013654437777319015,4to5
3172,3173,OADMET-0001976,4.58,train,4to5,3,0.027108030539615007,0.15684216221303957,0.3773596643838499,0.23084178595129265,0.20784835691220288,4to5
3173,3174,OADMET-0001975,4.78,train,4to5,4,0.006029263660184809,0.08320979953341617,0.619484322869819,0.2729271166737382,0.01834949726284174,4to5
3174,3175,OADMET-0001974,3.67,train,3to4,2,0.1171332414630672,0.7138541729115482,0.16352657497841355,0.004292497752103438,0.0011935128948676605,3to4
3175,3176,OADMET-0001973,5.19,train,5to6,4,0.00287565266068094,0.04331915126943052,0.5562837779496456,0.35750297094814865,0.04001844717209427,4to5
3176,3177,OADMET-0001972,1.81,train,lt3,4,0.3991700664873737,0.27300325677143444,0.1337785457189882,0.03550506451496302,0.15854306650724065,lt3
3177,3178,OADMET-0001971,2.84,train,lt3,4,0.7170281270634677,0.2813817505896668,0.0011975925648282362,5.9294655084938496e-05,0.00033323512695227267,lt3
3178,3179,OADMET-0001970,2.22,train,lt3,3,0.7716746020001573,0.2263003075485799,0.0014083753861532803,0.0001740265207321135,0.0004426885443774859,lt3
3179,3180,OADMET-0001969,4.27,train,4to5,4,0.0012881111921666105,0.01830093544067566,0.4411925628800233,0.47361599919332753,0.06560239129380695,5to6
3180,3181,OADMET-0001968,4.48,train,4to5,0,0.021707261749427716,0.19378427356835679,0.604104182641915,0.15802072547822033,0.022383556562080187,4to5
3181,3182,OADMET-0001967,2.18,train,lt3,3,0.6529576462952625,0.33119557687940954,0.009034710499760129,0.0017413057244101218,0.0050707606011575965,lt3
3182,3183,OADMET-0001966,4.59,train,4to5,2,0.1596390942952602,0.7488965579556255,0.08776221644003836,0.0022772886429001877,0.0014248426661758187,3to4
3183,3184,OADMET-0001965,2.08,train,lt3,3,0.262960896103034,0.5407691891806653,0.14174642366842793,0.024221705781945636,0.030301785265927094,3to4
3184,3185,OADMET-0001964,4.71,train,4to5,2,0.051959433048661297,0.09318347344684208,0.13073593475472878,0.25625583720397827,0.4678653215457895,gte6
3185,3186,OADMET-0001963,4.39,train,4to5,2,0.0810457244515419,0.12025578320026398,0.11573132127523422,0.21636910736560822,0.4665980637073517,gte6
3186,3187,OADMET-0001962,1.84,train,lt3,2,0.1933222396408853,0.7228882250499762,0.08000198682768421,0.002168576447237905,0.001618972034216401,3to4
3187,3188,OADMET-0001961,3.92,train,3to4,3,0.038412234568242665,0.35982154761024937,0.5454059085738071,0.051024435477557126,0.005335873770143756,4to5
3188,3189,OADMET-0001960,4.84,train,4to5,0,0.010953152939881954,0.1417640646798857,0.6237350326980755,0.2015461993019614,0.02200155038019541,4to5
3189,3190,OADMET-0001958,1.91,train,lt3,2,0.6058228527313632,0.37201466636711733,0.012853297225386409,0.0012966077593629095,0.008012575916770251,lt3
3190,3191,OADMET-0001957,1.89,train,lt3,2,0.5630656226910947,0.3997707609879246,0.017307647624354817,0.0029393778571806897,0.016916590839445175,lt3
3191,3192,OADMET-0001956,1.86,train,lt3,0,0.12735781358237147,0.35172221850727986,0.39831749495083457,0.09129450674268245,0.03130796621683164,4to5
3192,3193,OADMET-0001955,4.57,train,4to5,3,0.2189487210700336,0.5264527182040635,0.22239750540853476,0.022791782309145546,0.009409273008222606,3to4
3193,3194,OADMET-0001954,2.28,train,lt3,1,0.7441424998807067,0.2522867115946501,0.0028890847350710297,0.000301514064712599,0.00038018972485959895,lt3
3194,3195,OADMET-0001953,4.07,train,4to5,1,0.29387514907493745,0.6195885950449528,0.07657760153479572,0.004205840514426216,0.005752813830887859,3to4
3195,3196,OADMET-0001951,5.95,train,5to6,1,0.0001440685836450532,0.00392571637843313,0.08860524459359048,0.436346099674418,0.47097887076991335,gte6
3196,3197,OADMET-0001950,5.66,train,5to6,3,0.0366057701309641,0.17004183728076439,0.46249790084556897,0.24658523979620026,0.08426925194650228,4to5
3197,3198,OADMET-0001949,3.47,train,3to4,1,0.007655657465576225,0.10017137364715796,0.708784112965101,0.16949819257270898,0.013890663349455799,4to5
3198,3199,OADMET-0001948,4.48,train,4to5,3,0.15648420038458555,0.43118980205662694,0.3054366983068235,0.05685659455614839,0.050032704695815555,3to4
3199,3200,OADMET-0001947,3.6,train,3to4,0,0.25620215319947043,0.6081349657135188,0.11004810431819824,0.011658021811048741,0.013956754957763787,3to4
3200,3201,OADMET-0001946,4.64,train,4to5,3,8.45254938070162e-05,0.004330735341022821,0.30191795104776603,0.6469074120252429,0.04675937609216118,5to6
3201,3202,OADMET-0001945,1.81,train,lt3,3,0.7558872524931523,0.23583759942630572,0.003929568053886572,0.0012167327727822226,0.0031288472538732234,lt3
3202,3203,OADMET-0001944,3.13,train,3to4,3,0.21317431341848386,0.7237252596831838,0.060481939496492124,0.001650366700187634,0.0009681207016525492,3to4
3203,3204,OADMET-0001943,5.52,train,5to6,3,0.000259680776005186,0.009770016758325619,0.3259827983624818,0.592751180089781,0.07123632401340642,5to6
3204,3205,OADMET-0001942,2.82,train,lt3,3,0.2887297864022878,0.6513756502979366,0.054817471563880726,0.002471313109318914,0.0026057786265759613,3to4
3205,3206,OADMET-0001941,3.0,train,lt3,2,0.28713421516165505,0.4478042786223445,0.16791454571931197,0.05199821022162235,0.04514875027506611,3to4
3206,3207,OADMET-0001940,2.27,train,lt3,2,0.4127787990602202,0.5547769518396501,0.025504196370564166,0.0019176263353801435,0.0050224263941854265,3to4
3207,3208,OADMET-0001938,2.19,train,lt3,3,0.044897379083776535,0.4139503938039112,0.4900536602430635,0.04404085292845639,0.007057713940792334,4to5
3208,3209,OADMET-0001937,5.25,train,5to6,3,0.0003309409719119872,0.004925119781617863,0.08576247999616825,0.4607800032418251,0.44820145600847683,5to6
3209,3210,OADMET-0001936,2.93,train,lt3,1,0.1884525055977767,0.702165937314902,0.10482577622007201,0.002838562611525547,0.001717218255723716,3to4
3210,3211,OADMET-0001935,4.99,train,4to5,1,0.15468671061677416,0.426053034836737,0.3163885901878569,0.0639993649124839,0.03887229944614803,3to4
3211,3212,OADMET-0001934,5.29,train,5to6,0,0.0007988744863058984,0.029135838249857084,0.6379320235312157,0.3149565863682161,0.01717667736440522,4to5
3212,3213,OADMET-0001933,3.63,train,3to4,4,0.12647379239839152,0.6855307440773455,0.17669295293755435,0.007701042616403183,0.0036014679703054854,3to4
3213,3214,OADMET-0001932,5.37,train,5to6,3,0.061364397588565336,0.42226887291234905,0.43725458242950577,0.060875732661881087,0.018236414407698725,4to5
3214,3215,OADMET-0001931,1.97,train,lt3,3,0.1402239043993957,0.3316446518030416,0.3157814121560647,0.11687549861613289,0.09547453302536507,3to4
3215,3216,OADMET-0001930,3.63,train,3to4,2,0.12505234626524103,0.4302035220035857,0.37442358874948073,0.056227739219590456,0.014092803762102082,3to4
3216,3217,OADMET-0001928,5.62,train,5to6,4,0.00548473169423558,0.0196611278983966,0.1386097625710704,0.35424505542560303,0.4819993224106944,gte6
3217,3218,OADMET-0001927,3.89,train,3to4,0,0.5080785857809411,0.45855439670148673,0.027830120759250333,0.001900123704925909,0.0036367730533959286,lt3
3218,3219,OADMET-0001926,5.23,train,5to6,3,0.00015103505695979812,0.0038590382627803925,0.1701262606885494,0.6644217425117962,0.16144192347991423,5to6
3219,3220,OADMET-0001925,4.82,train,4to5,4,0.05018172290244826,0.2800056657934556,0.5674113071098937,0.09368040232907734,0.008720901865125077,4to5
3220,3221,OADMET-0001924,3.9,train,3to4,2,0.10674277514091697,0.39112120211107504,0.4306013809975005,0.05762170903646316,0.013912932714044313,4to5
3221,3222,OADMET-0001923,3.4,train,3to4,2,0.13523246650172321,0.16619909181145784,0.10433238232878705,0.13704771109777042,0.45718834826026145,gte6
3222,3223,OADMET-0001922,4.98,train,4to5,4,0.046784706762319106,0.1301586339634555,0.4774042701527794,0.19730122534410077,0.14835116377734514,4to5
3223,3224,OADMET-0001921,1.84,train,lt3,3,0.7755941034629965,0.22226458449925862,0.001456826088216865,0.00016156206884141485,0.0005229238806866421,lt3
3224,3225,OADMET-0001920,1.78,train,lt3,3,0.03590452530608507,0.39205600277860453,0.5149830378319252,0.05051835056229427,0.006538083521090907,4to5
3225,3226,OADMET-0001919,1.88,train,lt3,2,0.4029171198823833,0.5441857020868786,0.04657954384818333,0.002395317907596513,0.003922316274958225,3to4
3226,3227,OADMET-0001918,4.73,train,4to5,3,0.056786308446883565,0.17307741488686984,0.3525111583338003,0.23960650832487063,0.17801861000757563,4to5
3227,3228,OADMET-0001917,4.16,train,4to5,4,0.007398578586936718,0.07267772938185514,0.5755141208612409,0.28212248451369043,0.06228708665627685,4to5
3228,3229,OADMET-0001916,4.95,train,4to5,3,0.00211831047179205,0.045196847116691904,0.578573656823934,0.3475787417666059,0.02653244382097612,4to5
3229,3230,OADMET-0001914,3.88,train,3to4,2,0.6402810715207299,0.3523868537107971,0.005107776174824923,0.0004362599102892463,0.0017880386833588177,lt3
3230,3231,OADMET-0001913,4.875,train,4to5,2,0.0007295121068974475,0.0226654252935573,0.5772042534521369,0.37655915526305245,0.022841653884355915,4to5
3231,3232,OADMET-0001912,3.0,train,lt3,3,0.2406902073490856,0.5130944972303295,0.1792852921983391,0.02431479714082994,0.04261520608141586,3to4
3232,3233,OADMET-0001911,4.18,train,4to5,3,0.03449653474426469,0.16311021209921767,0.4421966688416774,0.2513105878655262,0.10888599644931404,4to5
3233,3234,OADMET-0001910,2.42,train,lt3,2,0.35316153308267795,0.4781905270162068,0.10466015026986152,0.01848359723438033,0.045504192396873464,3to4
3234,3235,OADMET-0001909,2.415,train,lt3,3,0.2599666261692866,0.3492894858545371,0.15685761530055908,0.06593913936977748,0.16794713330583969,3to4
3235,3236,OADMET-0001908,4.05,train,4to5,4,0.09868013508414836,0.6341070307648456,0.2536213307927239,0.012458213162636964,0.001133290195645123,3to4
3236,3237,OADMET-0001906,4.25,train,4to5,4,0.00033152417301604526,0.011127508096436105,0.4619933602948165,0.4835994774925127,0.04294812994321867,5to6
3237,3238,OADMET-0001905,2.97,train,lt3,0,0.4014369406368132,0.5237511601276218,0.06247411540142526,0.004949763145195369,0.007388020688944374,3to4
3238,3239,OADMET-0001904,4.84,train,4to5,1,0.0017611012893645576,0.03250671898562732,0.570319171404612,0.35471743076846085,0.04069557755193527,4to5
3239,3240,OADMET-0001903,5.16,train,5to6,2,0.07989538118691414,0.3402983996516779,0.4689796664071599,0.08733591808243447,0.023490634671813625,4to5
3240,3241,OADMET-0001902,4.7,train,4to5,3,0.007422854999442221,0.08114023370619472,0.6227353110823449,0.2622550383949739,0.026446561817044287,4to5
3241,3242,OADMET-0001901,4.06,train,4to5,2,0.002700463821714185,0.02212562741574268,0.31482153849313393,0.5603718177030191,0.09998055256639005,5to6
3242,3243,OADMET-0001900,4.81,train,4to5,2,0.09850354307211574,0.4441222204747195,0.4017099668311961,0.04492126660439862,0.010743003017570063,3to4
3243,3244,OADMET-0001899,4.95,train,4to5,3,0.005009161837048535,0.02478423745798618,0.13094684646258356,0.3641310379987294,0.4751287162436523,gte6
3244,3245,OADMET-0001898,5.13,train,5to6,3,0.0323924180801164,0.1959563163492868,0.5485962956307111,0.18106029516817898,0.04199467477170675,4to5
3245,3246,OADMET-0001897,3.48,train,3to4,4,0.09802319973176495,0.532115883117082,0.3405115943650256,0.022826796673935237,0.006522526112192161,3to4
3246,3247,OADMET-0001895,3.94,train,3to4,0,0.13436513127709393,0.6119641879644526,0.2331447386348492,0.01672232583130613,0.003803616292298141,3to4
3247,3248,OADMET-0001894,5.1,train,5to6,4,0.0015393344525549092,0.017478625246758864,0.2200966056638544,0.5078139617989204,0.25307147283791154,5to6
3248,3249,OADMET-0001893,1.94,train,lt3,2,0.18756198650641648,0.31948550697691414,0.23294553232572818,0.12497750017641113,0.13502947401453008,3to4
3249,3250,OADMET-0001892,4.45,train,4to5,2,0.00013135325993293882,0.00519229302109707,0.31062547370924837,0.6355735863905583,0.04847729361916341,5to6
3250,3251,OADMET-0001890,3.37,train,3to4,3,0.36401609366049076,0.5478158710522252,0.06425354022330737,0.007796217854426252,0.016118277209550492,3to4
3251,3252,OADMET-0001888,4.13,train,4to5,1,0.048384913784222966,0.36134023771899576,0.52024975976675,0.05879104608711572,0.011234042642915498,4to5
3252,3253,OADMET-0001887,4.13,train,4to5,4,0.0509890139700618,0.3889980987427914,0.4993895900319705,0.056245215740910945,0.004378081514265376,4to5
3253,3254,OADMET-0001885,3.1,train,3to4,1,0.2162648523967012,0.6041743575282587,0.16400821018194525,0.010911465297297678,0.004641114595797223,3to4
3254,3255,OADMET-0001884,4.2,train,4to5,0,0.005826251624720183,0.08761413460682432,0.6508380819174504,0.23323796863286173,0.022483563218143307,4to5
3255,3256,OADMET-0001883,4.75,train,4to5,0,0.006086740841191196,0.12558217756019552,0.722334170045048,0.1355649277053517,0.010431983848213623,4to5
3256,3257,OADMET-0001882,1.81,train,lt3,2,0.21684292463685675,0.5507900247068616,0.2024331139967105,0.01960972369671156,0.010324212962859612,3to4
3257,3258,OADMET-0001881,4.6,train,4to5,2,0.006896750731720493,0.06993902673305973,0.6052601509359056,0.29383800268364985,0.024066068915664315,4to5
3258,3259,OADMET-0001880,3.86,train,3to4,0,0.07827035589174114,0.5593174875680854,0.3401986469857891,0.019772867376137454,0.002440642178246896,3to4
3259,3260,OADMET-0001879,3.53,train,3to4,1,0.034683122681814164,0.2886123015485619,0.5961974764844802,0.07012095191324486,0.010386147371898866,4to5
3260,3261,OADMET-0001878,4.83,train,4to5,0,0.011683704560024474,0.2512354303858653,0.6539067157842601,0.07616541683624849,0.007008732433601637,4to5
3261,3262,OADMET-0001877,4.88,train,4to5,4,0.009033411673952552,0.1043422959421404,0.7249198501935612,0.14260044587701226,0.019103996313333538,4to5
3262,3263,OADMET-0001876,3.1,train,3to4,4,0.105612315139163,0.5162589545210274,0.3385981616204622,0.03037775677593634,0.009152811943411072,3to4
3263,3264,OADMET-0001875,1.9,train,lt3,1,0.7098418408501397,0.2859535786866549,0.0027037844742938332,0.0006451688763579673,0.0008556271125536464,lt3
3264,3265,OADMET-0001874,4.77,train,4to5,3,0.00032987408814926666,0.005801906995123124,0.17165370835546442,0.6331048214647572,0.18910968909650597,5to6
3265,3266,OADMET-0001872,3.92,train,3to4,2,0.03110737871797448,0.1545310894367888,0.5253702929660826,0.2392107664151576,0.04978047246399651,4to5
3266,3267,OADMET-0001871,4.38,train,4to5,3,0.12235826162726982,0.4205012886188828,0.3711426230434878,0.05356345658329534,0.03243437012706421,3to4
3267,3268,OADMET-0001870,4.12,train,4to5,2,0.25147709250450134,0.33268362283706665,0.15208886563777924,0.08138394355773926,0.1823664754629135,3to4
3268,3269,OADMET-0001869,2.54,train,lt3,2,0.34177231231609784,0.6092653771283626,0.04375625702949753,0.0018274008464258958,0.0033786526796161925,3to4
3269,3270,OADMET-0001868,2.84,train,lt3,3,0.2324319874767217,0.6117519593855375,0.1290506541484349,0.01043165171445227,0.016333747274853587,3to4
3270,3271,OADMET-0001867,3.55,train,3to4,2,0.01585746201713527,0.1099271712071505,0.5466218055779689,0.2836314173448617,0.043962143852883696,4to5
3271,3272,OADMET-0001866,4.54,train,4to5,0,0.017111655388443378,0.11788907691049977,0.46535894448071324,0.31847235679057373,0.08116796642976987,4to5
3272,3273,OADMET-0001865,2.81,train,lt3,2,0.23234105413106712,0.4971507852525553,0.16811025361860502,0.028161155427113338,0.07423675157065925,3to4
3273,3274,OADMET-0001864,3.49,train,3to4,1,0.2181440342039995,0.6540471460052019,0.12077571718806707,0.004927547757541071,0.0021055548451905395,3to4
3274,3275,OADMET-0001863,5.06,train,5to6,1,0.004168191561901082,0.04805173098423599,0.5543094414185734,0.3503661242171212,0.04310451181816828,4to5
3275,3276,OADMET-0001862,3.27,train,3to4,1,0.14049921262500822,0.49475080405148586,0.32127253675377054,0.03461815252385495,0.00885929404588044,3to4
3276,3277,OADMET-0001861,2.01,train,lt3,3,0.6212815567137112,0.34885665351977896,0.014564352865017404,0.002547196081733751,0.012750240819758615,lt3
3277,3278,OADMET-0001859,2.82,train,lt3,0,0.2753838883927842,0.6420328587198962,0.07712633126822147,0.003691184550099147,0.0017657370689989204,3to4
3278,3279,OADMET-0001858,1.9,train,lt3,4,0.4139992820930326,0.5435925627831263,0.037620618286836875,0.0014375057986252518,0.0033500310383789912,3to4
3279,3280,OADMET-0001857,4.0,train,3to4,2,0.062112274354095116,0.13677191479556422,0.22097004538457757,0.27952765897796195,0.3006181064878012,gte6
3280,3281,OADMET-0001828,4.3,train,4to5,0,0.05707086558933334,0.2285001848433146,0.5143778862687437,0.15714926842060759,0.042901794878000825,4to5
3281,3282,OADMET-0001827,3.62,train,3to4,2,0.21290361792029228,0.6525013419461846,0.12399334408531892,0.006279702272025254,0.004321993776178945,3to4
3282,3283,OADMET-0001826,3.42,train,3to4,4,0.14839262593542765,0.6704763468816096,0.17086995370269262,0.007723040997389026,0.0025380324828810363,3to4
3283,3284,OADMET-0001825,1.62,train,lt3,2,0.6546332215717687,0.16164700626713407,0.00856810246196351,0.0090021136812787,0.16614955601785497,lt3
3284,3285,OADMET-0001824,2.56,train,lt3,1,0.2889765075537247,0.6637432370937687,0.04342545825251231,0.00203679374333639,0.0018180033566578876,3to4
3285,3286,OADMET-0001823,5.23,train,5to6,0,0.0066174742649336695,0.0925950020792754,0.6629842414793259,0.2143910046251052,0.02341227755135976,4to5
3286,3287,OADMET-0001822,4.04,train,4to5,4,0.0003127957659492829,0.009526697635686773,0.41585131243965034,0.5317885121634442,0.042520681995269365,5to6
3287,3288,OADMET-0001821,4.17,train,4to5,2,0.183814965406263,0.7220844342298178,0.08945757543707028,0.0026553199978663865,0.0019877049289825062,3to4
3288,3289,OADMET-0001820,4.45,train,4to5,3,0.3422297637739728,0.5975766432939545,0.04673184557131079,0.005004907669216138,0.008456839691545757,3to4
3289,3290,OADMET-0001819,3.8,train,3to4,1,0.43436100033564634,0.535880387862648,0.025267702592560896,0.0017267868014095317,0.0027641224077352066,3to4
3290,3291,OADMET-0001818,4.05,train,4to5,1,0.006537026725786314,0.12390455741314091,0.7260277192491298,0.13497803576832612,0.008552660843616867,4to5
3291,3292,OADMET-0001817,3.77,train,3to4,4,0.03519250344359073,0.46021162049194475,0.46780310623580357,0.03330737995063557,0.0034853898780254034,4to5
3292,3293,OADMET-0001816,3.99,train,3to4,4,0.09399765484786189,0.49273736980124716,0.37575902555021207,0.028914001947648774,0.008591947853030133,3to4
3293,3294,OADMET-0001815,2.81,train,lt3,4,0.4497901447432553,0.5298373638123857,0.011983246404405056,0.0008337612866258287,0.007555483753328108,3to4
3294,3295,OADMET-0001814,3.36,train,3to4,4,0.5506291166410452,0.44495111737702175,0.0038045067588970264,0.00015658302769434512,0.0004586761953416526,lt3
3295,3296,OADMET-0001813,4.07,train,4to5,4,0.33453337963550783,0.6389731502209881,0.023887562515178047,0.0008442978959021674,0.0017616097324238817,3to4
3296,3297,OADMET-0001812,3.33,train,3to4,0,0.44552146177956126,0.489666415884804,0.04698235844707284,0.005695907794603438,0.012133856093958518,3to4
3297,3298,OADMET-0001811,1.7,train,lt3,0,0.6690834773128544,0.29818210061300937,0.008820832723417939,0.00267330650738125,0.02124028284333699,lt3
3298,3299,OADMET-0001810,4.7,train,4to5,0,0.0006418034143441942,0.016423264071946945,0.37368630347124393,0.5382655116630489,0.07098311737941602,5to6
3299,3300,OADMET-0001809,4.33,train,4to5,1,0.012871517963914992,0.09133558175947774,0.585272158070078,0.25180111814730655,0.058719624059222694,4to5
3300,3301,OADMET-0001808,4.16,train,4to5,0,0.0488214098557622,0.4960058408935751,0.4214936903432722,0.030275127435440818,0.0034039314719496966,3to4
3301,3302,OADMET-0001807,4.63,train,4to5,0,0.17982855773701287,0.6261917546324143,0.17487669357425362,0.013144500640248373,0.005958493416070895,3to4
3302,3303,OADMET-0001806,1.68,train,lt3,0,0.743477949344438,0.2492920636785152,0.002651919642133853,0.0006535778015779968,0.003924489533334934,lt3
3303,3304,OADMET-0001805,4.64,train,4to5,0,0.0020101305895297026,0.05853669814674779,0.7046484467643406,0.2215903885040706,0.01321433599531135,4to5
3304,3305,OADMET-0001804,4.22,train,4to5,2,0.019639494804513078,0.3002571913521381,0.620664327936516,0.05618736246992863,0.0032516234369042102,4to5
3305,3306,OADMET-0001803,4.17,train,4to5,0,0.008122680443996735,0.21640051195955098,0.6963391077035398,0.07381029931515411,0.0053274005777584205,4to5
3306,3307,OADMET-0001802,3.5,train,3to4,0,0.4404156854330489,0.5117043911184918,0.03701465246587013,0.003730610754061473,0.007134660228527699,3to4
3307,3308,OADMET-0001801,1.75,train,lt3,0,0.7341522418875587,0.26054453297761443,0.002621798487709914,0.0005845401777901789,0.0020968864693267576,lt3
3308,3309,OADMET-0001800,4.53,train,4to5,4,0.009775812532793934,0.2034121858172359,0.69254766443528,0.08759125138558153,0.006673085829108552,4to5
3309,3310,OADMET-0001799,5.22,train,5to6,2,0.00040442897405944435,0.011582687278023609,0.3577935031916196,0.5662113321002874,0.06400804845600996,5to6
3310,3311,OADMET-0001798,5.25,train,5to6,0,0.0021993587735106047,0.06750022623105917,0.7293766144334229,0.19222645470510538,0.008697345856901885,4to5
3311,3312,OADMET-0001797,3.59,train,3to4,0,0.314718449433958,0.6197704561701218,0.05916685132406476,0.003007032621758638,0.0033372104500967066,3to4
3312,3313,OADMET-0001796,4.1,train,4to5,4,0.0927926532387186,0.55250436479229,0.3222065293953309,0.023459635849741367,0.009036816723919039,3to4
3313,3314,OADMET-0001795,3.81,train,3to4,0,0.3427196565553722,0.5739186112158712,0.07134946815276448,0.005320925458659511,0.00669133861733263,3to4
3314,3315,OADMET-0001794,5.37,train,5to6,0,0.0030940109489279405,0.04020785864190928,0.4737213196620558,0.4117971310826366,0.0711796796644704,4to5
3315,3316,OADMET-0001793,5.21,train,5to6,0,0.00036564841594063924,0.01637746754007438,0.34031262740259893,0.5093193612298417,0.13362489541154432,5to6
3316,3317,OADMET-0001792,2.25,train,lt3,4,0.3935270643205278,0.5503632476237059,0.04927573025267419,0.002302943982606478,0.0045310138204855705,3to4
3317,3318,OADMET-0001791,1.91,train,lt3,4,0.5702998577804186,0.4244349401520964,0.0041969152384421305,0.0002068157531174902,0.0008614710759254491,lt3
3318,3319,OADMET-0001790,2.57,train,lt3,4,0.29126638638325286,0.6061779333064302,0.09385313773073393,0.0038433860927130467,0.0048591564868700095,3to4
3319,3320,OADMET-0001789,1.73,train,lt3,4,0.26725209381552634,0.6895504158351201,0.03958470093982064,0.0013913465987738826,0.002221442810759014,3to4
3320,3321,OADMET-0001788,4.67,train,4to5,4,0.10684597263349466,0.6109019387040804,0.2654826882238483,0.012855879687065972,0.003913520751510768,3to4
3321,3322,OADMET-0001787,3.96,train,3to4,4,0.005981395244420792,0.12895708753761528,0.7032466841943276,0.1498484699815433,0.011966363042093076,4to5
3322,3323,OADMET-0001786,4.06,train,4to5,2,0.401849963553901,0.5319610943115727,0.04930420320918082,0.0048536640655068766,0.012031074859838604,3to4
3323,3324,OADMET-0001785,4.09,train,4to5,4,0.31603585444903287,0.6113618374575333,0.06461231159273162,0.002626365181383913,0.005363631319318332,3to4
3324,3325,OADMET-0001784,3.37,train,3to4,4,0.22254580466585053,0.725123412209781,0.04967967467084224,0.0014951464393655439,0.0011559620141606964,3to4
3325,3326,OADMET-0001783,3.99,train,3to4,4,0.15899872320730807,0.716046558557769,0.1187587159393128,0.004409312090834933,0.0017866902047752454,3to4
3326,3327,OADMET-0001782,2.35,train,lt3,4,0.5733117158611771,0.4211059288449003,0.0037765186615079703,0.00022564901419640265,0.0015801876182181805,lt3
3327,3328,OADMET-0001781,2.37,train,lt3,4,0.13380784777049368,0.7639780349772404,0.09746887163814145,0.00319880537618774,0.0015464402379368016,3to4
3328,3329,OADMET-0001780,2.98,train,lt3,4,0.5712970083071411,0.42107565566285265,0.005889768436146082,0.00027147675574097353,0.0014660908381191684,lt3
3329,3330,OADMET-0001779,3.76,train,3to4,3,0.051873497858172274,0.35517171157587957,0.5133539457371605,0.05881581849908761,0.0207850263297,4to5
3330,3331,OADMET-0001778,2.28,train,lt3,4,0.6045325822508137,0.3925741501227827,0.0023172874275726365,0.00010790548969882028,0.00046807470913210917,lt3
3331,3332,OADMET-0001777,4.13,train,4to5,0,0.11188824638932036,0.6427542829573608,0.22810487754936618,0.013793288013920367,0.003459305090032277,3to4
3332,3333,OADMET-0001776,3.98,train,3to4,0,0.0021565514620199506,0.04493274055331506,0.5976555895259282,0.3183857455354649,0.03686937292327181,4to5
3333,3334,OADMET-0001775,3.43,train,3to4,4,0.10144229945256557,0.6252956966044987,0.25229290045516084,0.015691490792743658,0.005277612695031199,3to4
3334,3335,OADMET-0001774,4.45,train,4to5,0,0.4455214881272467,0.4955920105942521,0.04196002560341641,0.005415658743039516,0.011510816932045264,3to4
3335,3336,OADMET-0001773,5.81,train,5to6,4,3.406741058528731e-05,0.0005205159854647344,0.12476246905132884,0.6485956572519114,0.22608729030070976,5to6
3336,3337,OADMET-0001772,2.82,train,lt3,4,0.09694081407194266,0.7243590848087557,0.16910204051173652,0.007059689045268802,0.00253837156229637,3to4
3337,3338,OADMET-0001771,3.87,train,3to4,0,0.6799713863157474,0.3034585965024945,0.008707031471801198,0.0020938489725142993,0.005769136737442538,lt3
3338,3339,OADMET-0001770,1.94,train,lt3,4,0.3755932128222628,0.5856367908173679,0.032389454336205964,0.001326924065013786,0.005053617959149532,3to4
3339,3340,OADMET-0001769,3.52,train,3to4,0,0.3729461012781812,0.5878742743016863,0.034496127442698525,0.0022639903904184086,0.002419506587015601,3to4
3340,3341,OADMET-0001768,4.19,train,4to5,0,0.1555956874036022,0.5949720640578334,0.21700292461919352,0.0209273990460735,0.011501924873297431,3to4
3341,3342,OADMET-0001767,5.25,train,5to6,4,0.06211808765811571,0.19827731175285554,0.46864837931821174,0.16998808275894914,0.10096813851186788,4to5
3342,3343,OADMET-0001766,4.28,train,4to5,2,0.2941819423404308,0.6724274144778634,0.031191380630963345,0.0008654557732928689,0.001333806777449602,3to4
3343,3344,OADMET-0001765,3.9,train,3to4,4,0.35654796045641646,0.6127705724554359,0.02609043818724836,0.001061804735106509,0.003529224165792845,3to4
3344,3345,OADMET-0001764,3.76,train,3to4,0,0.64846231727362,0.31395972827686947,0.014709332519710037,0.004679077461777989,0.01818954446802251,lt3
3345,3346,OADMET-0001763,1.88,train,lt3,4,0.6115730218853043,0.3831809940624476,0.0035075409202434747,0.00028046129466144913,0.0014579818373432203,lt3
3346,3347,OADMET-0001762,4.26,train,4to5,2,0.07816160814940143,0.4801890604101137,0.3995254133139758,0.03299218247218985,0.009131735654319207,3to4
3347,3348,OADMET-0001761,4.1,train,4to5,0,0.280630633369432,0.6081470527124512,0.0947378078916239,0.0075302543812809765,0.00895425164521186,3to4
3348,3349,OADMET-0001760,3.47,train,3to4,4,0.24843009704800087,0.6849259568303127,0.056907697134092335,0.00239678606175218,0.007339462925841998,3to4
3349,3350,OADMET-0001759,3.4,train,3to4,0,0.5145482166340817,0.465359277350631,0.017083340410559943,0.0011743963115012235,0.0018347692932261911,lt3
3350,3351,OADMET-0001758,1.71,train,lt3,0,0.7446255378764833,0.21570316563272915,0.006606259112548641,0.004167874172901303,0.028897163205337542,lt3
3351,3352,OADMET-0001757,3.25,train,3to4,0,0.27253229718338906,0.6435117919058221,0.07724202690963188,0.0040166268431528615,0.002697257158004119,3to4
3352,3353,OADMET-0001756,2.94,train,lt3,4,0.6397434605139419,0.3556395544532647,0.0030978096823061343,0.00015371160724486648,0.0013654637432423341,lt3
3353,3354,OADMET-0001755,6.37,train,gte6,2,3.7778374538656616e-05,0.0005750109292722715,0.030166140297162837,0.38752744794242766,0.5816936224565986,gte6
3354,3355,OADMET-0001754,3.04,train,3to4,0,0.4404621813231063,0.4999352460757249,0.03945990095567419,0.00401361454214833,0.016129057103346237,3to4
3355,3356,OADMET-0001753,4.63,train,4to5,2,0.11913365109013349,0.5807268015378246,0.2763032015278425,0.018467998106310148,0.005368347737889251,3to4
3356,3357,OADMET-0001752,3.33,train,3to4,0,0.263310144962886,0.6875943038834698,0.04692060157352386,0.0014750551285298283,0.0006998944515905209,3to4
3357,3358,OADMET-0001751,4.62,train,4to5,4,0.0016717420636688867,0.02998350743090052,0.5273094766539982,0.41084635205109254,0.030188921800339812,4to5
3358,3359,OADMET-0001750,3.27,train,3to4,4,0.08339758585693044,0.6715363556803081,0.23064795584750747,0.011062454863890018,0.003355647751364004,3to4
3359,3360,OADMET-0001749,1.65,train,lt3,4,0.28473838762925524,0.663771312096303,0.045280365484537,0.0021836172990396564,0.004026317490865029,3to4
3360,3361,OADMET-0001748,4.89,train,4to5,0,0.0013390193014258646,0.0235075115049381,0.3513597010698373,0.5076644074889274,0.1161293606348713,5to6
3361,3362,OADMET-0001747,3.91,train,3to4,0,0.560082276615432,0.3296321449112347,0.024695322791507716,0.013420643759876921,0.07216961192194862,lt3
3362,3363,OADMET-0001746,2.6,train,lt3,2,0.36610095478375765,0.5889943046654369,0.03871166950175238,0.0018681753971113372,0.00432489565194174,3to4
3363,3364,OADMET-0001745,3.87,train,3to4,0,0.12303766742878836,0.7044580059846691,0.1652139592368752,0.006166172281329077,0.0011241950683382265,3to4
3364,3365,OADMET-0001744,2.14,train,lt3,2,0.5945413250721752,0.39663110104481514,0.006673222562683269,0.0006460077861415401,0.001508343534184915,lt3
3365,3366,OADMET-0001743,4.11,train,4to5,4,0.13129826437271883,0.7475428296742417,0.11530151698714391,0.004407780894309464,0.001449608071586081,3to4
3366,3367,OADMET-0001742,2.94,train,lt3,4,0.3476650493079276,0.6168738210053586,0.021200594071074674,0.001049398843307215,0.013211136772331903,3to4
3367,3368,OADMET-0001741,2.45,train,lt3,4,0.5340590007430803,0.45190974076920754,0.010337304346350823,0.0004716982242825809,0.0032222559170787244,lt3
3368,3369,OADMET-0001740,2.82,train,lt3,4,0.36742166821393896,0.6026104982331018,0.024574347470008796,0.0009900986418672239,0.004403387441083324,3to4
3369,3370,OADMET-0001739,3.59,train,3to4,4,0.35786301030912626,0.6209070705656226,0.019776493384601523,0.0006004823976214319,0.0008529433430282151,3to4
3370,3371,OADMET-0001738,5.09,train,5to6,4,0.002361456175536771,0.07080378414720108,0.7128378184381683,0.19839705614595304,0.01559988509314084,4to5
3371,3372,OADMET-0001737,3.99,train,3to4,2,0.027677598985973318,0.33188070674894504,0.5749160960620191,0.06013261481910755,0.005392983383954994,4to5
3372,3373,OADMET-0001736,3.05,train,3to4,0,0.6609833670346523,0.3135178606352003,0.011424773085425726,0.0019931597133955804,0.012080839531326045,lt3
3373,3374,OADMET-0001735,4.27,train,4to5,4,0.0008028988421589247,0.02272513521363073,0.5724708469575697,0.3667254468215931,0.03727567216504766,4to5
3374,3375,OADMET-0001734,4.53,train,4to5,0,0.059175004041718576,0.49768627144032923,0.4069991799244142,0.03004085865130015,0.006098685942237839,3to4
3375,3376,OADMET-0001733,3.44,train,3to4,0,0.4531233476336034,0.49855383072815634,0.038501021928307705,0.003764764776236394,0.006057034933696148,3to4
3376,3377,OADMET-0001732,4.38,train,4to5,2,0.11191175586215298,0.358242681221296,0.39370446370567663,0.08258927398128466,0.053551825229589727,4to5
3377,3378,OADMET-0001731,2.75,train,lt3,4,0.6153729049433507,0.38175330108749006,0.0022060899377589504,9.082390299205077e-05,0.0005768801284082567,lt3
3378,3379,OADMET-0001730,3.26,train,3to4,4,0.3636086571285219,0.5692554693739916,0.05812219883927359,0.002400224554910524,0.006613450103302416,3to4
3379,3380,OADMET-0001729,3.67,train,3to4,0,0.29267923265899487,0.6177267061142506,0.08001236881986466,0.004835332453363628,0.004746359953526205,3to4
3380,3381,OADMET-0001727,2.54,train,lt3,4,0.6240936614890266,0.3720721958396789,0.0030239129444174884,0.00012725478352749805,0.0006829749433495917,lt3
3381,3382,OADMET-0001726,3.35,train,3to4,4,0.3350585607027379,0.6202794739061552,0.039379420539650226,0.0015077048032756041,0.0037748400481810965,3to4
3382,3383,OADMET-0001725,2.55,train,lt3,4,0.42130556462948404,0.5587791373442738,0.015360470618569646,0.0006243642524472518,0.003930463155225262,3to4
3383,3384,OADMET-0001724,4.6,train,4to5,4,0.0022336855275507826,0.042106424801478914,0.6407782629367835,0.28802243746885026,0.026859189265336515,4to5
3384,3385,OADMET-0001723,4.07,train,4to5,4,0.05561276753150091,0.3463921092834815,0.517803213357312,0.06484287497874955,0.015349034848955957,4to5
3385,3386,OADMET-0001722,3.87,train,3to4,0,0.29153952871380834,0.39729700676491875,0.11834053302826086,0.04321474710746846,0.1496081843855436,3to4
3386,3387,OADMET-0001721,3.91,train,3to4,4,0.5268062974938499,0.4123797436850086,0.03264524431097091,0.0021678831068625546,0.026000831403307955,lt3
3387,3388,OADMET-0001720,3.44,train,3to4,2,0.15718458204959387,0.7101588073939007,0.12402251056712443,0.00562105034575068,0.0030130496436303338,3to4
3388,3389,OADMET-0001719,1.67,train,lt3,2,0.6970524018200563,0.29933043568666173,0.002068498353164335,0.0002836140267675042,0.0012650501133500687,lt3
3389,3390,OADMET-0001718,4.08,train,4to5,2,0.21245824592032456,0.7228352696759727,0.06128033478857334,0.0017066696363191916,0.00171947997881025,3to4
3390,3391,OADMET-0001717,3.36,train,3to4,0,0.6762831993725987,0.3100679304318153,0.007489780636396959,0.001180810304341377,0.004978279254847693,lt3
3391,3392,OADMET-0001716,4.04,train,4to5,4,0.02514161414330858,0.334955372264501,0.5492615827652995,0.0753035711893712,0.015337859637519801,4to5
3392,3393,OADMET-0001715,3.41,train,3to4,0,0.34659258445545527,0.5798883688516397,0.058170754720523674,0.006018426841889212,0.009329865130492143,3to4
3393,3394,OADMET-0001714,1.72,train,lt3,0,0.2233352097619588,0.4918614071381848,0.19113782541480082,0.04395308488852088,0.04971247279653467,3to4
3394,3395,OADMET-0001713,3.49,train,3to4,0,0.3642665171860519,0.5909454974170318,0.038454369543874316,0.002706080005954988,0.0036275358470869066,3to4
3395,3396,OADMET-0001712,2.66,train,lt3,4,0.4743078028279228,0.5169281011744781,0.00803013929473045,0.00022125254276649664,0.0005127041601022261,3to4
3396,3397,OADMET-0001711,1.62,train,lt3,4,0.1460835362128016,0.6399352061737643,0.1933114561062364,0.011460486991599916,0.009209314515597802,3to4
3397,3398,OADMET-0001710,4.45,train,4to5,0,0.30517592407988725,0.656201647340892,0.0350482121461084,0.002015253255300449,0.0015589631778118675,3to4
3398,3399,OADMET-0001709,4.56,train,4to5,4,0.0011048853973721988,0.019953433804878642,0.5221579879130241,0.4109872274322143,0.04579646545251075,4to5
3399,3400,OADMET-0001708,2.43,train,lt3,4,0.692289275303501,0.2957987710528212,0.005495213764506021,0.0004274390122316399,0.005989300866940103,lt3
3400,3401,OADMET-0001707,2.81,train,lt3,2,0.5980815429263917,0.38676122722433914,0.00811816770669506,0.0009975827063342295,0.006041479436239801,lt3
3401,3402,OADMET-0001695,4.44,train,4to5,4,0.03018016312691008,0.18428373350910743,0.5853607185734233,0.14960958355439438,0.050565801236164845,4to5
3402,3403,OADMET-0001694,3.67,train,3to4,3,0.09609902755256698,0.5310954693953264,0.3412152897595491,0.0241563453085919,0.007433867983965612,3to4
3403,3404,OADMET-0001693,4.52,train,4to5,1,0.05836129365395142,0.38748629582160465,0.48307956625626947,0.055136615424493184,0.01593622884368129,4to5
3404,3405,OADMET-0001692,1.89,train,lt3,1,0.6911140683396872,0.2998389344451373,0.00592668163963077,0.0010242623096702944,0.002096053265874361,lt3
3405,3406,OADMET-0001691,3.47,train,3to4,3,0.2524234238127624,0.6516747174245319,0.08812416683682589,0.0045108113221031055,0.0032668806037766955,3to4
3406,3407,OADMET-0001690,3.91,train,3to4,3,0.4334087907326111,0.5191859530398721,0.03639439442575358,0.00427675427482341,0.006734107526939723,3to4
3407,3408,OADMET-0001689,3.28,train,3to4,3,0.27525835421808237,0.6619700595251686,0.05318069301993416,0.0033076940065320942,0.006283199230282776,3to4
3408,3409,OADMET-0001688,3.48,train,3to4,1,0.4349941257562775,0.47686129197772337,0.08023308859839573,0.00451358774484896,0.0033979059227544754,3to4
3409,3410,OADMET-0001687,4.18,train,4to5,3,0.27536416691698473,0.6845886269855705,0.03726391208073107,0.0013940171661564866,0.0013892768505571985,3to4
3410,3411,OADMET-0001686,4.5,train,4to5,3,0.11509789183444107,0.6471283242962264,0.22677054325429966,0.009093812395816673,0.001909428219216221,3to4
3411,3412,OADMET-0001685,2.27,train,lt3,3,0.5596885277968603,0.422222032791204,0.012032851060121776,0.0020126044512413115,0.00404398390057255,lt3
3412,3413,OADMET-0001684,3.91,train,3to4,1,0.1466472896684842,0.5412947545597232,0.26399862815439445,0.028527390264957007,0.019531937352441135,3to4
3413,3414,OADMET-0001683,4.58,train,4to5,1,0.00879913289919415,0.09994124630460632,0.7028039104331322,0.17084842936214845,0.017607281000918972,4to5
3414,3415,OADMET-0001682,4.63,train,4to5,3,0.22340895674922287,0.6978867321803421,0.07173521479346943,0.0033109861731484514,0.003658110103817135,3to4
3415,3416,OADMET-0001681,4.09,train,4to5,0,0.0017466652150141743,0.021463520754946095,0.417163877319476,0.4869445546490085,0.07268138206155521,5to6
3416,3417,OADMET-0001680,4.31,train,4to5,3,0.007208418302473192,0.12337054656922482,0.7182892761646568,0.14232179920156857,0.008809959762076654,4to5
3417,3418,OADMET-0001679,5.43,train,5to6,2,5.8072823761629055e-05,0.001991465128015353,0.16377920628775247,0.6712798755158685,0.162891380244602,5to6
3418,3419,OADMET-0001678,2.37,train,lt3,3,0.35149287146327507,0.6262110288016056,0.019894753930452515,0.0009853805824746487,0.0014159652221920858,3to4
3419,3420,OADMET-0001677,2.97,train,lt3,0,0.42975258241860986,0.5468526408097522,0.02105277189249472,0.00103027127676856,0.0013117336023746953,3to4
3420,3421,OADMET-0001676,3.94,train,3to4,3,0.028651337323489186,0.26613833806303006,0.6208243208163595,0.0715359579743754,0.012850045822745857,4to5
3421,3422,OADMET-0001675,3.46,train,3to4,1,0.19017689569993784,0.5040843857489056,0.2630660714328555,0.03138079353954821,0.011291853578752864,3to4
3422,3423,OADMET-0001674,3.81,train,3to4,4,0.033587401875008735,0.3964278792929525,0.5067085364191145,0.049655271013230175,0.013620911399694041,4to5
3423,3424,OADMET-0001673,2.73,train,lt3,2,0.23599509948739386,0.6704723081557822,0.0862823036139196,0.0034228353672234196,0.0038274533756809306,3to4
3424,3425,OADMET-0001672,3.35,train,3to4,4,0.18037164950403625,0.7072039536358546,0.09157398718339897,0.006256694230525332,0.014593715446184836,3to4
3425,3426,OADMET-0001671,3.66,train,3to4,4,0.4919762663794482,0.4895486883811775,0.01300844284592575,0.0006190841734230288,0.004847518220025571,lt3
3426,3427,OADMET-0001670,4.5,train,4to5,2,0.015742139047084994,0.23709581836886645,0.6640426946347274,0.07863020660802662,0.004489141341294463,4to5
3427,3428,OADMET-0001669,3.72,train,3to4,4,0.007350248873687867,0.07315238969622227,0.6233944006546214,0.2476570043872574,0.048445956388211045,4to5
3428,3429,OADMET-0001668,3.49,train,3to4,0,0.16121699156190442,0.40198553207495114,0.2981687530602329,0.05751586791151565,0.08111285539139591,3to4
3429,3430,OADMET-0001667,4.56,train,4to5,0,0.019928432852563016,0.27790891917117744,0.6062074258461041,0.0860708796525681,0.009884342477587293,4to5
3430,3431,OADMET-0001666,1.76,train,lt3,4,0.4878016105077927,0.5059891333618347,0.005413279858500564,0.0001982576355574531,0.0005977186363145927,3to4
3431,3432,OADMET-0001665,2.36,train,lt3,2,0.7254356103210595,0.27066328962467423,0.0018437879517312055,0.00030548038014364904,0.0017518317223913617,lt3
3432,3433,OADMET-0001664,3.43,train,3to4,4,0.2482524305651895,0.6843427851592873,0.06287445722239346,0.0022551135084878907,0.0022752135446418554,3to4
3433,3434,OADMET-0001663,1.89,train,lt3,4,0.32033711205677373,0.6323833969598723,0.04183586998499421,0.00152056953054024,0.003923051467819438,3to4
3434,3435,OADMET-0001662,3.14,train,3to4,4,0.29257103756495945,0.673870741301179,0.031323127401154414,0.0009708377750798953,0.0012642559576272817,3to4
3435,3436,OADMET-0001661,4.26,train,4to5,0,0.058793452076979794,0.3046970197168913,0.4790257245846619,0.11621662324946616,0.04126718037200084,4to5
3436,3437,OADMET-0001660,3.33,train,3to4,0,0.30520713329315186,0.6235253810882568,0.06549494713544846,0.003252075519412756,0.002520462963730097,3to4
3437,3438,OADMET-0001659,1.7,train,lt3,0,0.6759369267090823,0.31514077883399966,0.005519728555208613,0.000753145071017255,0.0026494208306921865,lt3
3438,3439,OADMET-0001658,2.2,train,lt3,0,0.7764707736835306,0.19512545894374095,0.004015425185540055,0.0019133903387013257,0.022474951848487086,lt3
3439,3440,OADMET-0001657,1.66,train,lt3,4,0.4243302109150867,0.5501241377835001,0.021551185019609235,0.0009138038804756646,0.003080662401328256,3to4
3440,3441,OADMET-0001656,2.5,train,lt3,4,0.6195769784147258,0.3750131056437717,0.0035682205805753734,0.0002507450941046792,0.0015909502668224047,lt3
3441,3442,OADMET-0001655,4.11,train,4to5,2,0.09851283834275151,0.6107350879587911,0.272080229077216,0.014624702015499065,0.004047142605742319,3to4
3442,3443,OADMET-0001654,3.66,train,3to4,0,0.2776717300516156,0.6242722322404479,0.08987326878301123,0.005246405961772277,0.002936362963152939,3to4
3443,3444,OADMET-0001653,1.88,train,lt3,0,0.21177051399325986,0.5789906824927457,0.18576338394148606,0.015893779273170316,0.00758164029933815,3to4
3444,3445,OADMET-0001652,3.09,train,3to4,4,0.12026387019061952,0.7347569796519047,0.13733067612949415,0.005507672472463633,0.0021408015555180048,3to4
3445,3446,OADMET-0001651,4.37,train,4to5,4,0.0004027001764395382,0.012648845751473,0.4484913848998796,0.5063234459038247,0.03213362326838308,5to6
3446,3447,OADMET-0001650,2.86,train,lt3,4,0.3785932853670548,0.5978866650607507,0.022076943280147907,0.0006240251069080608,0.0008190811851385235,3to4
3447,3448,OADMET-0001649,3.95,train,3to4,0,0.21088767174449558,0.6943172256829987,0.08820226094803227,0.004200249469141997,0.002392592155331467,3to4
3448,3449,OADMET-0001648,2.64,train,lt3,4,0.3757738092953098,0.5726614472459717,0.04006305251601867,0.0017018214204077003,0.009799869522292153,3to4
3449,3450,OADMET-0001647,3.33,train,3to4,4,0.466010154975382,0.5152551550386602,0.014920982586051158,0.0006699824031406844,0.0031437249967660144,3to4
3450,3451,OADMET-0001646,4.22,train,4to5,4,0.0012834380456757505,0.023646775344047764,0.5464312367402856,0.3976253818545182,0.03101316801547275,4to5
3451,3452,OADMET-0001645,4.45,train,4to5,4,0.06954387311459255,0.6332302449232596,0.2794763041765807,0.01434373614889826,0.003405841636668847,3to4
3452,3453,OADMET-0001644,2.51,train,lt3,4,0.4556251051100158,0.515829881641314,0.018470755580175628,0.0009666675852650831,0.00910759008322938,3to4
3453,3454,OADMET-0001643,4.1,train,4to5,0,0.07890957399168637,0.46525673910108994,0.4050851662319555,0.043390228273495056,0.007358292401773158,3to4
3454,3455,OADMET-0001642,4.24,train,4to5,4,0.22346648917272413,0.629819581650219,0.1327577700750001,0.005950320137832576,0.008005838964224181,3to4
3455,3456,OADMET-0001641,3.27,train,3to4,0,0.20553650027126133,0.6695259124031108,0.11626139417871673,0.006051788098837978,0.002624405048073186,3to4
3456,3457,OADMET-0001640,2.23,train,lt3,4,0.12999335176531726,0.6751141079431965,0.18263213680898843,0.008946987969033891,0.003313415513463937,3to4
3457,3458,OADMET-0001639,2.58,train,lt3,0,0.1073050674510717,0.34586439970741867,0.3911579970497788,0.08924412328403637,0.0664284125076944,4to5
3458,3459,OADMET-0001638,2.28,train,lt3,4,0.48007076090097145,0.510872263269112,0.006781146780791592,0.0004084234786300043,0.001867405570495,3to4
3459,3460,OADMET-0001637,3.62,train,3to4,2,0.3790826459964857,0.5969130334649565,0.02057691083270666,0.0008817631077349886,0.002545646598116102,3to4
3460,3461,OADMET-0001636,3.15,train,3to4,4,0.284041954567096,0.6637180064334381,0.04635583341674723,0.0020077911908896137,0.0038764143918289876,3to4
3461,3462,OADMET-0001635,3.63,train,3to4,4,0.15155831240474132,0.659768711967134,0.17213450668797678,0.009272924784151006,0.007265544155996821,3to4
3462,3463,OADMET-0001634,4.83,train,4to5,4,0.5125447142327696,0.460449751813617,0.021090709015826128,0.0009269386560452371,0.0049878862817420615,lt3
3463,3464,OADMET-0001633,4.18,train,4to5,4,0.0029265907902238397,0.06675722522058558,0.6658644004912848,0.25143906919445913,0.013012714303446632,4to5
3464,3465,OADMET-0001632,2.45,train,lt3,4,0.5060097312093018,0.48856693946218477,0.0047292301766350365,0.00016468926931797236,0.0005294098825604085,lt3
3465,3466,OADMET-0001631,4.35,train,4to5,0,0.08740030045678908,0.48022553430456844,0.37716358343538575,0.04052245877315258,0.014688123030104198,3to4
3466,3467,OADMET-0001630,5.82,train,5to6,4,4.7405482794140195e-05,0.0004208869904931151,0.029512643560702278,0.3465901881501746,0.6234288758158358,gte6
3467,3468,OADMET-0001629,3.27,train,3to4,4,0.23810368488044673,0.6567163387897309,0.09307541585529185,0.004851352830354509,0.007253207644176018,3to4
3468,3469,OADMET-0001628,3.48,train,3to4,4,0.12117191407172628,0.6686522551217249,0.19861784851260153,0.009129036590238887,0.002428945703708399,3to4
3469,3470,OADMET-0001627,4.67,train,4to5,4,0.0016924736681471551,0.0232136700961734,0.43581459232672465,0.46781799307324895,0.07146127083570583,5to6
3470,3471,OADMET-0001626,2.86,train,lt3,2,0.5552504891955367,0.43730455759945525,0.005953559728637874,0.00042879476786345904,0.0010625987085067289,lt3
3471,3472,OADMET-0001625,2.97,train,lt3,4,0.443799235656627,0.5417746041514129,0.012345874080580159,0.0005422707499307221,0.001538015361449282,3to4
3472,3473,OADMET-0001624,4.33,train,4to5,3,0.006120761216913148,0.10911206591136939,0.7449828770738303,0.13323030987426224,0.006553985923624998,4to5
3473,3474,OADMET-0001623,4.87,train,4to5,4,0.0007941628808378984,0.011735819698451052,0.30377687676015575,0.5350079302564871,0.14868521040406818,5to6
3474,3475,OADMET-0001622,4.2,train,4to5,4,0.00339031359970177,0.06424535825905707,0.693335892384257,0.2149477457044361,0.02408069005254817,4to5
3475,3476,OADMET-0001621,4.65,train,4to5,4,0.012219793491392345,0.20406872516903798,0.6686791447550108,0.10483573604720271,0.01019660053735615,4to5
3476,3477,OADMET-0001620,3.85,train,3to4,0,0.25452615430005965,0.6577760816407793,0.08165224943659871,0.003819608620840868,0.002225906001721486,3to4
3477,3478,OADMET-0001619,5.05,train,5to6,4,0.00045116793681215756,0.006923071694506528,0.2197092809640666,0.5590999223415144,0.21381655706310027,5to6
3478,3479,OADMET-0001618,4.88,train,4to5,0,0.0011046008314999892,0.03243972324455935,0.6028121641752333,0.3378605506414928,0.025782961107214536,4to5
3479,3480,OADMET-0001617,3.92,train,3to4,0,0.22123533988437027,0.6279330568939571,0.12489723600906569,0.01166197139790782,0.014272395814699121,3to4
3480,3481,OADMET-0001616,4.34,train,4to5,0,0.5080994488075425,0.4312420381793521,0.0329229465604237,0.007009163308496669,0.02072640314418495,lt3
3481,3482,OADMET-0001615,2.79,train,lt3,4,0.23450993561122296,0.7183269433743581,0.04423625872801443,0.0014419339475683472,0.001484928338836216,3to4
3482,3483,OADMET-0001614,3.88,train,3to4,4,0.0028493381490143047,0.03338621601844219,0.5184261272821379,0.38596165701415763,0.05937666153624802,4to5
3483,3484,OADMET-0001613,4.08,train,4to5,2,0.26041679070718493,0.5297247461574764,0.17770097123695516,0.017832531495376534,0.014324960403006948,3to4
3484,3485,OADMET-0001612,3.53,train,3to4,4,0.12737174219448907,0.7622075013434783,0.10621132607664205,0.003222618456357275,0.0009868119290334049,3to4
3485,3486,OADMET-0001611,4.25,train,4to5,2,0.1540043763778044,0.5702451329432675,0.2085155198151213,0.023774878477540947,0.043460092386265844,3to4
3486,3487,OADMET-0001610,5.01,train,5to6,2,0.0036526460185624283,0.039587643486015754,0.47110891923512627,0.43235961136293116,0.05329117989736435,4to5
3487,3488,OADMET-0001609,4.31,train,4to5,0,0.012693341937064572,0.21171938012480992,0.6715088055151444,0.09610242524084883,0.007976047182132252,4to5
3488,3489,OADMET-0001608,3.98,train,3to4,0,0.45267533768662577,0.5082252828390063,0.032468636827035456,0.0024597286690839723,0.004171013978248555,3to4
3489,3490,OADMET-0001607,2.28,train,lt3,4,0.661306967283066,0.331718380209005,0.0028700725673241638,0.0002373251737103633,0.0038672547668944686,lt3
3490,3491,OADMET-0001606,3.99,train,3to4,3,0.175626585992133,0.7355624233959155,0.08544533463506179,0.00240437866060064,0.0009612773162890968,3to4
3491,3492,OADMET-0001605,4.21,train,4to5,0,0.10798343653173241,0.6319267377380431,0.2435009267675087,0.013918042675485482,0.002670856287230308,3to4
3492,3493,OADMET-0001604,2.68,train,lt3,0,0.39510989041958045,0.5282413939824648,0.050282187572560505,0.00581207310478362,0.02055445492061058,3to4
3493,3494,OADMET-0001602,1.77,train,lt3,4,0.5156872036258091,0.47491417139783426,0.006816266723652259,0.000314475663035855,0.0022678825896685247,lt3
3494,3495,OADMET-0001601,3.52,train,3to4,2,0.02500511647655823,0.24936568156430308,0.6279820653614108,0.08834819289976281,0.009298943697965151,4to5
3495,3496,OADMET-0001600,1.96,train,lt3,4,0.5446581838295907,0.4399423001404155,0.011833448889500336,0.0005065590956046995,0.0030595080448886985,lt3
3496,3497,OADMET-0001599,4.29,train,4to5,0,0.17020472440334755,0.5835272517625587,0.2092479263814707,0.021652243466803042,0.015367853985820048,3to4
3497,3498,OADMET-0001598,3.71,train,3to4,4,0.27520107832102436,0.6482637432534042,0.061567439754583446,0.003114403414079312,0.011853335256908683,3to4
3498,3499,OADMET-0001597,4.5,train,4to5,4,0.005000984130860365,0.11890203112641154,0.735971307263727,0.1327820078341651,0.007343669644836083,4to5
3499,3500,OADMET-0001596,2.23,train,lt3,4,0.5743957375130198,0.41931481725874037,0.005196363392401298,0.00019501431230283211,0.000898067523535723,lt3
3500,3501,OADMET-0001595,1.8,train,lt3,4,0.6413115008026504,0.3440187138642195,0.00584303191916605,0.0004415853588374564,0.008385168055126572,lt3
3501,3502,OADMET-0001594,1.7,train,lt3,4,0.6104014398805289,0.3839887902999584,0.0032569935386313957,0.00022310259673323567,0.002129673684148148,lt3
3502,3503,OADMET-0001593,4.84,train,4to5,4,0.16125805949615052,0.6632802582106544,0.16327615340671647,0.007338117254537067,0.004847411631941477,3to4
3503,3504,OADMET-0001592,2.44,train,lt3,4,0.8336727158415455,0.16271892780777872,0.0006769900418118315,0.00011452895072607564,0.0028168373581378796,lt3
3504,3505,OADMET-0001591,3.5,train,3to4,2,0.131500451777127,0.4788873756014751,0.32017215847840785,0.04211901096910975,0.027321003173880254,3to4
3505,3506,OADMET-0001590,2.88,train,lt3,4,0.4201083699127458,0.5654619824216043,0.012527055799211708,0.00042246630540065537,0.0014801255610374976,3to4
3506,3507,OADMET-0001589,3.04,train,3to4,1,0.19168758401260133,0.6186991336842529,0.17511045940923992,0.008952362467046997,0.005550460426858841,3to4
3507,3508,OADMET-0001588,4.34,train,4to5,0,0.11585268464574727,0.4423935148298257,0.35011059306644343,0.053302642355133906,0.03834056510284964,3to4
3508,3509,OADMET-0001587,5.09,train,5to6,4,0.000362073593294216,0.010125249571798648,0.4389997697976081,0.5101056668558505,0.04040724018144862,5to6
3509,3510,OADMET-0001586,2.57,train,lt3,4,0.4301364236068198,0.546983278015303,0.018775357985210395,0.0008332674264509446,0.0032716729662159143,3to4
3510,3511,OADMET-0001585,2.25,train,lt3,4,0.6163716851277751,0.3739955984300904,0.004623422819074367,0.00033474072948412944,0.004674552893576096,lt3
3511,3512,OADMET-0001584,5.28,train,5to6,4,0.001302081733077417,0.020242404048937995,0.41378149096380556,0.4920254910814628,0.07264853217271616,5to6
3512,3513,OADMET-0001583,5.28,train,5to6,2,0.06842709351822854,0.3424219498664754,0.49615070362431196,0.07902053765678929,0.013979715334194849,4to5
3513,3514,OADMET-0001582,3.01,train,3to4,4,0.02631412167096196,0.3342658399623837,0.5732536518793914,0.06147301414606584,0.004693372341197123,4to5
3514,3515,OADMET-0001581,5.01,train,5to6,4,0.00015803639546689398,0.005710369187229058,0.3832952521964985,0.5580989924883417,0.052737349732463815,5to6
3515,3516,OADMET-0001580,5.26,train,5to6,0,0.0002319913180105026,0.007196991230155206,0.3013406988362849,0.5935633175442898,0.09766700107125953,5to6
3516,3517,OADMET-0001579,2.77,train,lt3,4,0.3164053882038223,0.6613830948776732,0.018661918369221566,0.000957685905671336,0.0025919126436115265,3to4
3517,3518,OADMET-0001578,3.58,train,3to4,4,0.08889396865313723,0.5135076429219078,0.37044058695006543,0.021265943584652162,0.005891857890237424,3to4
3518,3519,OADMET-0001577,3.83,train,3to4,2,0.43367949410877793,0.5202217732011829,0.035452924899915673,0.002801632526900086,0.00784417526322345,3to4
3519,3520,OADMET-0001576,2.7,train,lt3,4,0.30619506709135896,0.6585771157786329,0.0324677177689672,0.0011069363204801411,0.0016531630405608652,3to4
3520,3521,OADMET-0001575,2.48,train,lt3,4,0.7136912786426992,0.2841301559222066,0.0012395059315941082,9.539531034056326e-05,0.0008436641931595523,lt3
3521,3522,OADMET-0001574,4.01,train,4to5,0,0.08590033321344977,0.37420483255633274,0.4033476607632622,0.0915078937620022,0.04503927970495312,4to5
3522,3523,OADMET-0001573,2.61,train,lt3,0,0.6235493024043662,0.36747578956473487,0.0062781378763111665,0.0007714912890227125,0.0019252788655650533,lt3
3523,3524,OADMET-0001572,2.37,train,lt3,2,0.6814557068287718,0.3153726046849924,0.0021032301416605906,0.00024325575792253203,0.0008252025866527866,lt3
3524,3525,OADMET-0001571,4.35,train,4to5,0,0.14048401340860345,0.6827388079926707,0.16506660686837174,0.008643724543050972,0.0030668471873030825,3to4
3525,3526,OADMET-0001570,4.63,train,4to5,2,0.020369065546075524,0.15410521339429145,0.6384780288026104,0.16397104851955457,0.023076643737468053,4to5
3526,3527,OADMET-0001569,4.28,train,4to5,4,0.14978080894786697,0.6921980841416097,0.14604249542968048,0.00781668826267671,0.00416192321816619,3to4
3527,3528,OADMET-0001568,2.55,train,lt3,2,0.651938192415018,0.341984862608125,0.004104580307195462,0.0004079581574600936,0.00156440651220143,lt3
3528,3529,OADMET-0001567,1.85,train,lt3,4,0.7893280925942032,0.2091680601027919,0.0007240140641883338,5.6704338521322585e-05,0.000723128900295218,lt3
3529,3530,OADMET-0001566,4.66,train,4to5,0,0.013295655190952571,0.2947839601620462,0.6241198365460072,0.06296935261150446,0.004831195489489585,4to5
3530,3531,OADMET-0001565,3.07,train,3to4,4,0.10314203554426352,0.5445922686783563,0.32772865727911543,0.01967800592367108,0.0048590325745936904,3to4
3531,3532,OADMET-0001564,2.92,train,lt3,4,0.6532622170978514,0.33896462121624527,0.004395874811518299,0.00031801040516928964,0.0030592764692157545,lt3
3532,3533,OADMET-0001563,3.97,train,3to4,1,0.2631056685793752,0.6754344308588285,0.05354830410977156,0.0035222488116403335,0.004389347640384418,3to4
3533,3534,OADMET-0001562,4.52,train,4to5,4,0.01310908495472245,0.2300165112314148,0.6448019050836279,0.09823850395920122,0.013833994771033604,4to5
3534,3535,OADMET-0001561,3.95,train,3to4,0,0.42139058284819575,0.479809779231386,0.06119998768791586,0.009656948734931026,0.02794270149757132,3to4
3535,3536,OADMET-0001558,3.69,train,3to4,0,0.3865440388862406,0.5178933010976149,0.07306038401167787,0.007426091745293212,0.015076184259173397,3to4
3536,3537,OADMET-0001557,4.81,train,4to5,4,0.018647854487767006,0.24950890850151095,0.6383186948894426,0.08330746445275504,0.010217077668524392,4to5
3537,3538,OADMET-0001556,3.58,train,3to4,4,0.22800967047857018,0.6602029354640163,0.10562874408617248,0.004059707006133387,0.00209894296510763,3to4
3538,3539,OADMET-0001555,3.25,train,3to4,4,0.430294301432281,0.5464267466723409,0.017413077071498407,0.0007852300081739742,0.0050806448157057855,3to4
3539,3540,OADMET-0001554,2.02,train,lt3,0,0.4613473753086189,0.5154242226948204,0.01997550651335406,0.001220246126533208,0.002032649356673432,3to4
3540,3541,OADMET-0001553,2.96,train,lt3,4,0.4801561266935073,0.5001668055390687,0.01473115488783717,0.0005977961949485494,0.004348116684638216,3to4
3541,3542,OADMET-0001552,4.64,train,4to5,2,0.0654742738588377,0.216334533842803,0.46453913219324905,0.14113469755290692,0.11251736255220332,4to5
3542,3543,OADMET-0001551,4.07,train,4to5,1,0.19169697826056573,0.6244141078585033,0.1748221576851046,0.006516586748057706,0.0025501694477687306,3to4
3543,3544,OADMET-0001550,5.04,train,5to6,3,0.021718613944975936,0.23208163829946096,0.6562267584666491,0.08222581499775937,0.007747174291154574,4to5
3544,3545,OADMET-0001549,2.58,train,lt3,3,0.41488498058289797,0.5432579671970963,0.034510922607893124,0.0025800699599915146,0.0047660596521210815,3to4
3545,3546,OADMET-0001548,4.7,train,4to5,2,0.04117758967640394,0.2320273829551081,0.5637370975524397,0.14073892016376696,0.022319009652281233,4to5
3546,3547,OADMET-0001547,3.25,train,3to4,3,0.13547374675314552,0.548596575087779,0.2875670850337757,0.01870604635697033,0.009656546768329421,3to4
3547,3548,OADMET-0001545,1.69,train,lt3,3,0.6933672629927536,0.2925412441994193,0.006747149593055644,0.0013240890497134838,0.006020254165057971,lt3
3548,3549,OADMET-0001544,2.68,train,lt3,4,0.4663154458955536,0.503241834446946,0.023233506709538134,0.00113604263751932,0.006073170310442861,3to4
3549,3550,OADMET-0001543,4.2,train,4to5,1,0.08954234697757056,0.40938486359049175,0.45040699017686425,0.04328844072561151,0.007377358529461938,4to5
3550,3551,OADMET-0001542,1.68,train,lt3,2,0.5483843530563587,0.4351285749049976,0.011332305131164316,0.0007580327248802267,0.004396734182599092,lt3
3551,3552,OADMET-0001540,3.37,train,3to4,3,0.4940490911208944,0.4607438302819245,0.027399591074797097,0.003272027332351441,0.01453546019003253,lt3
3552,3553,OADMET-0001539,3.34,train,3to4,3,0.17394188686586742,0.5998284359252447,0.2098931927242827,0.011861659176469018,0.004474825308136202,3to4
3553,3554,OADMET-0001538,4.12,train,4to5,3,0.3196196153883948,0.6040522855316941,0.05161025579426535,0.004362131326762404,0.020355711958883405,3to4
3554,3555,OADMET-0001537,3.49,train,3to4,1,0.23256228244797214,0.5350790566984724,0.20378389043029776,0.017693916269239853,0.01088085415401785,3to4
3555,3556,OADMET-0001536,4.82,train,4to5,1,0.002647382681956535,0.05883244672879154,0.7169746746630857,0.2089294316616413,0.012616064264524884,4to5
3556,3557,OADMET-0001535,4.87,train,4to5,0,0.00884332540792694,0.09859344730501798,0.4715191301524315,0.3498162161490402,0.0712278809855834,4to5
3557,3558,OADMET-0001533,5.2,train,5to6,1,0.08830249560366023,0.5232045203053746,0.36029557417055125,0.022514051465949574,0.0056833584544644065,3to4
3558,3559,OADMET-0001532,4.67,train,4to5,3,0.010129067792105647,0.14868010206673038,0.7079628527956111,0.12470828428201035,0.008519693063542515,4to5
3559,3560,OADMET-0001531,3.29,train,3to4,0,0.4418413230658031,0.5138046266556632,0.03450492078008746,0.0026708789960623344,0.00717825050238393,3to4
3560,3561,OADMET-0001530,3.87,train,3to4,3,0.4992830347773431,0.48223232184385656,0.013460340619766734,0.0016760414803787514,0.003348261278654875,lt3
3561,3562,OADMET-0001529,5.1,train,5to6,4,0.000998452953374666,0.008687456626781961,0.13108218537946265,0.43301225480863736,0.42621965023174335,5to6
3562,3563,OADMET-0001528,4.56,train,4to5,3,0.1936802999106959,0.6816176126873712,0.11546140080799734,0.005596670747386107,0.003644015846549419,3to4
3563,3564,OADMET-0001527,3.79,train,3to4,0,0.05394440979789884,0.4425900056647324,0.4562596755220314,0.042802405329834016,0.004403503685503328,4to5
3564,3565,OADMET-0001526,3.53,train,3to4,3,0.0040358680941483815,0.04263945539874742,0.4154129498629636,0.45534826926997046,0.08256345737417008,5to6
3565,3566,OADMET-0001525,4.91,train,4to5,3,0.002304301283334034,0.048447458232853985,0.6756617189326977,0.2592792717853631,0.014307249765751252,4to5
3566,3567,OADMET-0001524,3.01,train,3to4,1,0.4989684935222525,0.4828653754547013,0.014425570547574349,0.0019872669798800375,0.0017532934955917937,lt3
3567,3568,OADMET-0001522,4.53,train,4to5,0,0.0004632706434595772,0.01200296737558263,0.4165167835444074,0.511780563323272,0.05923641511327832,5to6
3568,3569,OADMET-0001520,4.55,train,4to5,4,0.06348954602377656,0.28264229226221327,0.5062078011241048,0.08287293093474518,0.06478742965516017,4to5
3569,3570,OADMET-0001519,3.81,train,3to4,4,0.01632516403896184,0.17557663626898182,0.6550144333573807,0.13676961797875703,0.016314148355918618,4to5
3570,3571,OADMET-0001518,3.66,train,3to4,3,0.5215739028765901,0.46334779413576915,0.01133072100547843,0.0012087442485900642,0.0025388377335722858,lt3
3571,3572,OADMET-0001517,3.1,train,3to4,1,0.17149082841179134,0.629489881240461,0.18622089406468756,0.00895711102851289,0.0038412852545471523,3to4
3572,3573,OADMET-0001516,4.79,train,4to5,0,0.0020309235621866423,0.04424722262334933,0.5761748737450998,0.35148815449917814,0.026058825570186118,4to5
3573,3574,OADMET-0001514,4.53,train,4to5,3,0.011534720530345434,0.12925039087328624,0.6128953030754406,0.21611307319872372,0.03020651232220405,4to5
3574,3575,OADMET-0001513,4.98,train,4to5,3,0.009128715549650893,0.15758987754876652,0.7126686344043651,0.11445206781048668,0.00616070468673081,4to5
3575,3576,OADMET-0001512,1.82,train,lt3,1,0.7224519591043325,0.27332850315431295,0.002424179257008836,0.0007684483733575993,0.0010269101109881946,lt3
3576,3577,OADMET-0001511,3.62,train,3to4,3,0.2178810982507187,0.6821135744673782,0.09441035135495761,0.003773152851031041,0.0018218230759144097,3to4
3577,3578,OADMET-0001510,1.67,train,lt3,1,0.5510778378102968,0.4361084785187762,0.011204012289453023,0.000783351274712511,0.0008263201067614291,lt3
3578,3579,OADMET-0001509,2.86,train,lt3,3,0.600142750277355,0.3917780344305549,0.005873711518505844,0.0008009313249546376,0.0014045724486295744,lt3
3579,3580,OADMET-0001508,4.58,train,4to5,3,0.005231673229605878,0.09115130220850855,0.6805450741993361,0.21052009818209083,0.012551852180458666,4to5
3580,3581,OADMET-0001507,4.61,train,4to5,3,0.3487609951306681,0.6079582621526297,0.03369720307630536,0.0027832200511853913,0.006800319589211416,3to4
3581,3582,OADMET-0001506,4.47,train,4to5,1,0.09968470765822937,0.5372504777698413,0.32992411120442944,0.023833362428158783,0.009307340939341152,3to4
3582,3583,OADMET-0001505,3.86,train,3to4,3,0.005402320090026587,0.06851001270615859,0.6527122919332929,0.25375325400064724,0.019622121269874636,4to5
3583,3584,OADMET-0001504,5.16,train,5to6,3,0.012124140397080435,0.17361060617579727,0.704404209066943,0.10360499223289742,0.006256052127281841,4to5
3584,3585,OADMET-0001503,3.52,train,3to4,2,0.4737426970476806,0.5042523460536178,0.018267770210483352,0.0008876769075639035,0.002849509780654313,3to4
3585,3586,OADMET-0001502,4.57,train,4to5,3,0.003944350115355691,0.08470651137042724,0.6992649149290132,0.20362118787319067,0.008463035712013204,4to5
3586,3587,OADMET-0001501,3.91,train,3to4,3,0.26132721536338827,0.5297579337021054,0.12018744283017987,0.021071052845954705,0.06765635525837176,3to4
3587,3588,OADMET-0001500,4.41,train,4to5,2,0.00167408168005679,0.021416837174817776,0.3505206086326451,0.5126795576750371,0.11370891483744319,5to6
3588,3589,OADMET-0001499,3.88,train,3to4,1,0.06469783621659636,0.5334862810796653,0.3782368120931128,0.019591479553877193,0.0039875910567483495,3to4
3589,3590,OADMET-0001498,5.51,train,5to6,4,2.9811960230211008e-05,0.0002763094580489527,0.04901189568072279,0.49128062894388025,0.4594013539571178,5to6
3590,3591,OADMET-0001497,4.95,train,4to5,2,0.04606046326683697,0.281090597848989,0.5271985131203575,0.10039519147556988,0.045255234288246717,4to5
3591,3592,OADMET-0001496,1.85,train,lt3,1,0.3751789478189459,0.48835941079174655,0.0993435868736642,0.01641284179812237,0.020705212717520943,3to4
3592,3593,OADMET-0001495,5.09,train,5to6,4,0.00012462947910671417,0.002316168864230285,0.1867764502777173,0.6092180318123703,0.20156471956657532,5to6
3593,3594,OADMET-0001494,2.26,train,lt3,4,0.09099908723956036,0.5153463198780183,0.350815734642579,0.032386696064039364,0.010452162175803019,3to4
3594,3595,OADMET-0001493,2.33,train,lt3,2,0.6015970884176135,0.3508564585572851,0.012823313513265284,0.003119958114608313,0.031603181397227745,lt3
3595,3596,OADMET-0001492,4.19,train,4to5,4,0.029853344658538256,0.08483449037834201,0.4783035627671055,0.22258620583580746,0.18442239636020674,4to5
3596,3597,OADMET-0001491,5.18,train,5to6,1,0.01087746688146391,0.10409653156276558,0.5816788836062786,0.25096468247736375,0.05238243547212813,4to5
3597,3598,OADMET-0001490,5.3,train,5to6,4,0.24984689381724012,0.47327751379054606,0.23149393690426562,0.020227508226172666,0.02515414726177555,3to4
3598,3599,OADMET-0001489,4.09,train,4to5,2,0.022510515096163787,0.24539067872752537,0.6443734642028287,0.08239991805590846,0.0053254239175736994,4to5
3599,3600,OADMET-0001488,5.22,train,5to6,3,3.696230420946706e-05,0.0009319739015479473,0.07188074161231156,0.6375219111008991,0.28962841108103193,5to6
3600,3601,OADMET-0001487,3.76,train,3to4,4,4.394168983844353e-05,0.0003742183824353415,0.03628884547408832,0.36729925050986567,0.5959937439437722,gte6
3601,3602,OADMET-0001486,5.08,train,5to6,3,0.19247037873724787,0.5018906387657038,0.2283626850247773,0.03684841690461119,0.04042788056765986,3to4
3602,3603,OADMET-0001485,5.78,train,5to6,1,0.015723626416325978,0.0895879231934728,0.329483793585294,0.36379180847961495,0.20141284832529227,5to6
3603,3604,OADMET-0001484,2.44,train,lt3,3,0.1472613575186218,0.567087197228264,0.25255332455495333,0.02336854958123037,0.009729571116930525,3to4
3604,3605,OADMET-0001482,5.67,train,5to6,3,0.0037912613065580864,0.010754957076667657,0.030367248361282077,0.14571647634401463,0.8093700569114776,gte6
3605,3606,OADMET-0001481,4.41,train,4to5,4,0.002056363699386657,0.012727826599614158,0.21348429823637485,0.5152028704292544,0.25652864103536993,5to6
3606,3607,OADMET-0001480,4.83,train,4to5,2,0.0039670892255345555,0.032419432875507234,0.32173655350968694,0.5336011799749322,0.10827574441433903,5to6
3607,3608,OADMET-0001479,4.61,train,4to5,0,0.047196224331855774,0.23870782554149628,0.5035534501075745,0.16007478535175323,0.05046771466732025,4to5
3608,3609,OADMET-0001478,5.04,train,5to6,4,0.0010511448347662804,0.009668232345824992,0.26617766539074733,0.5476305713643523,0.175472386064309,5to6
3609,3610,OADMET-0001477,5.33,train,5to6,0,7.262784848921706e-05,0.0014109418704047621,0.06190047468928869,0.4926539407436029,0.4439620148482144,5to6
3610,3611,OADMET-0001476,4.38,train,4to5,4,0.0010458651240124665,0.0175478030139155,0.4352026883333943,0.47296860852637096,0.07323503500230671,5to6
3611,3612,OADMET-0001474,2.86,train,lt3,4,0.13426584005355835,0.3114989697933197,0.33089008927345276,0.05562828481197357,0.16771681606769562,4to5
3612,3613,OADMET-0001473,2.52,train,lt3,4,0.3696700740160326,0.5886336140286181,0.032057055273822486,0.0020950872595156328,0.0075441694220111655,3to4
3613,3614,OADMET-0001472,3.57,train,3to4,4,0.19985973723311123,0.45292147740951844,0.28344371756477066,0.030963895669408725,0.032811172123190915,3to4
3614,3615,OADMET-0001471,1.73,train,lt3,4,0.554014105534423,0.43997838833761277,0.004906385310077026,0.00019339092281649836,0.0009077298950707589,lt3
3615,3616,OADMET-0001470,6.43,train,gte6,4,4.457646292925387e-05,0.000542155808651835,0.0827461469543888,0.5922143972699755,0.3244527235040547,5to6
3616,3617,OADMET-0001469,4.34,train,4to5,3,0.25963662990926606,0.5224354053035771,0.17107183530259806,0.02432948064944041,0.02252664883511835,3to4
3617,3618,OADMET-0001468,4.01,train,4to5,4,0.05254252215815691,0.19825032205693183,0.5838515118967629,0.12217622159290148,0.04317942229524685,4to5
3618,3619,OADMET-0001467,3.87,train,3to4,4,0.1523471823749119,0.4377837327869743,0.33852733316550404,0.04803940442336589,0.023302347249243877,3to4
3619,3620,OADMET-0001466,3.16,train,3to4,4,0.36090894082687497,0.546773695273514,0.05524698506457528,0.0040820377745970325,0.03298834106043868,3to4
3620,3621,OADMET-0001465,4.41,train,4to5,4,0.23562547608395196,0.455675573005668,0.2250469182153175,0.022765910295333546,0.06088612239972897,3to4
3621,3622,OADMET-0001464,4.45,train,4to5,3,0.16764390843310747,0.5435490729708017,0.24592464221845511,0.026391139843861905,0.01649123653377376,3to4
3622,3623,OADMET-0001463,3.21,train,3to4,0,0.23332915743821087,0.6253693577528405,0.12923636779751282,0.008402374408720189,0.003662742602715646,3to4
3623,3624,OADMET-0001462,5.16,train,5to6,0,0.0014762617537657785,0.03644680204654632,0.5745912151441632,0.36118551819633304,0.026300202859191574,4to5
3624,3625,OADMET-0001461,5.18,train,5to6,0,0.010127621504776132,0.13663366169733285,0.6739649640831498,0.1667484310439629,0.012525321670778324,4to5
3625,3626,OADMET-0001460,2.48,train,lt3,0,0.5110154457651617,0.4237576482359166,0.03971275461606864,0.006204074827536415,0.019310076555316642,lt3
3626,3627,OADMET-0001459,3.69,train,3to4,0,0.5137461926619981,0.4461263933224001,0.027695694435326344,0.0038089672343108233,0.008622752345964619,lt3
3627,3628,OADMET-0001458,3.0,train,lt3,0,0.5491109034982974,0.4078575477153832,0.02506479871392433,0.005119793713832579,0.012846956358562502,lt3
3628,3629,OADMET-0001457,2.9,train,lt3,0,0.23618067449062058,0.5847284706722428,0.15534138448027693,0.012698074613540253,0.011051395743319455,3to4
3629,3630,OADMET-0001456,3.16,train,3to4,0,0.6002345029242848,0.3788808548927228,0.013690721116115143,0.002439174312733353,0.0047547467541438826,lt3
3630,3631,OADMET-0001454,2.3,train,lt3,3,0.3412342071533203,0.5487269163131714,0.07928221672773361,0.009026121348142624,0.021730538457632065,3to4
3631,3632,OADMET-0001453,5.52,train,5to6,1,3.030572553967161e-05,0.0009837148132962328,0.1278880968970467,0.6254454183600966,0.24565246420402084,5to6
3632,3633,OADMET-0001452,5.06,train,5to6,1,0.004985091253253206,0.09402631179417338,0.7328231300561543,0.15691380129701551,0.011251665599403597,4to5
3633,3634,OADMET-0001451,5.04,train,5to6,0,0.02317350960387696,0.27121297838161085,0.6108123880684212,0.08769141343642652,0.007109710509664478,4to5
3634,3635,OADMET-0001450,3.66,train,3to4,0,0.02579156347305603,0.39640537604872883,0.5353239466843627,0.039283224916328546,0.003195888877523934,4to5
3635,3636,OADMET-0001449,5.2,train,5to6,2,0.04188738911572917,0.2934871419821972,0.548002560459168,0.10054713843464037,0.016075770008265284,4to5
3636,3637,OADMET-0001448,4.54,train,4to5,0,0.3838629261909396,0.5527112845812333,0.0534911356551138,0.003961578309301461,0.005973075263411808,3to4
3637,3638,OADMET-0001447,4.65,train,4to5,0,0.04374144957330782,0.1783190366738245,0.5315567094618365,0.1997777387317652,0.04660506555926592,4to5
3638,3639,OADMET-0001446,2.51,train,lt3,0,0.5524602635290523,0.42800555430363035,0.014068833814353381,0.002244681394559916,0.0032206669584040897,lt3
3639,3640,OADMET-0001445,4.36,train,4to5,2,0.05800874482889165,0.34569405460883235,0.4960254111900224,0.07793733913101289,0.022334450241240686,4to5
3640,3641,OADMET-0001444,4.56,train,4to5,3,0.11436894343749897,0.5470656304231142,0.3048440564179076,0.02525531666123507,0.008466053060244146,3to4
3641,3642,OADMET-0001442,3.69,train,3to4,3,0.3173201110734427,0.5996093204212225,0.0623871950073957,0.005257294557351294,0.01542607894058778,3to4
3642,3643,OADMET-0001441,5.05,train,5to6,0,0.003663062667232946,0.08583599724310927,0.724863320856569,0.17433574085385664,0.011301878379232083,4to5
3643,3644,OADMET-0001440,4.59,train,4to5,0,0.05933297491818266,0.46551588697935514,0.42807522894526157,0.03931383832522301,0.0077620708319776225,3to4
3644,3645,OADMET-0001439,5.33,train,5to6,0,0.026859016750386475,0.26011101259871466,0.611268768281069,0.09127589312169831,0.010485309248131501,4to5
3645,3646,OADMET-0001438,1.67,train,lt3,0,0.7687521335246186,0.2190361252124708,0.004143432118146835,0.001964022576542793,0.006104286568221011,lt3
3646,3647,OADMET-0001437,4.53,train,4to5,3,0.19645422184772957,0.4277195520921168,0.2525109880880381,0.0560961686347679,0.06721906933734757,3to4
3647,3648,OADMET-0001436,5.35,train,5to6,3,0.0036968974174502647,0.03871378926847881,0.4294348821173715,0.45604087479657557,0.07211355640012386,5to6
3648,3649,OADMET-0001435,3.09,train,3to4,2,0.3963335267175043,0.39060194391576414,0.07964951022480177,0.01870706915968291,0.11470794998224684,lt3
3649,3650,OADMET-0001434,2.86,train,lt3,3,0.36045605682771026,0.551286172241248,0.06649035351610535,0.006815963564395158,0.01495145385054125,3to4
3650,3651,OADMET-0001433,2.36,train,lt3,2,0.5984502488723833,0.3944132661641375,0.005371767610347828,0.00038492115328919485,0.0013797961998421471,lt3
3651,3652,OADMET-0001432,4.61,train,4to5,0,0.001564796046595445,0.029715940019200738,0.5329400574586547,0.39086209754112466,0.04491710893442447,4to5
3652,3653,OADMET-0001431,3.64,train,3to4,4,0.2324147235589936,0.5189744591751229,0.2104813899617855,0.018593938440039235,0.019535488864058793,3to4
3653,3654,OADMET-0001430,4.92,train,4to5,0,0.04011233628089113,0.20365830296877072,0.4956706295523584,0.17667167349421126,0.08388705770376848,4to5
3654,3655,OADMET-0001429,3.34,train,3to4,3,0.3041131366144826,0.6138386463405772,0.07346032990219521,0.0042927705706400365,0.004295116572104988,3to4
3655,3656,OADMET-0001427,4.79,train,4to5,3,0.38995428493408224,0.5582468312109079,0.04181005285234935,0.003423703713248725,0.006565127289411763,3to4
3656,3657,OADMET-0001426,4.87,train,4to5,0,0.047392929820309036,0.4319811370823848,0.4711121517833513,0.04492490642399262,0.004588874889962261,4to5
3657,3658,OADMET-0001425,5.15,train,5to6,3,0.0028273059826823725,0.05119082963486928,0.6615614148675617,0.2705302774672452,0.013890172047641513,4to5
3658,3659,OADMET-0001424,4.98,train,4to5,2,0.2233767063731829,0.6337203560451555,0.13026971253645644,0.00710907298629714,0.005524152058907974,3to4
3659,3660,OADMET-0001423,1.88,train,lt3,4,0.4461454946370532,0.511139262099632,0.02364855951305705,0.001530841191184801,0.01753584255907295,3to4
3660,3661,OADMET-0001422,4.77,train,4to5,0,0.08884161445574243,0.3654231030443124,0.4353237685270408,0.0868095057410666,0.023602008231837748,4to5
3661,3662,OADMET-0001420,5.19,train,5to6,3,0.2343232544391135,0.5269045037439278,0.17906954217443086,0.024830943911114935,0.03487175573141293,3to4
3662,3663,OADMET-0001419,3.61,train,3to4,3,0.08515827167425442,0.31411989821225633,0.42686428665673093,0.09310267657557107,0.08075486688118726,4to5
3663,3664,OADMET-0001418,4.24,train,4to5,2,0.18616742830969607,0.36502345308591566,0.2714555480642453,0.08060295639625321,0.09675061414388972,3to4
3664,3665,OADMET-0001417,3.38,train,3to4,3,0.4813009587631443,0.5048899741971855,0.012493775452345387,0.0005707549965885004,0.0007445365907362942,3to4
3665,3666,OADMET-0001416,4.71,train,4to5,0,0.20964244561005627,0.3208823358618169,0.2070952114271278,0.1027942849936656,0.15958572210733343,3to4
3666,3667,OADMET-0001415,3.83,train,3to4,3,0.11874899798999718,0.22145273781356534,0.23602532905453424,0.16811736679601819,0.25565556834588504,gte6
3667,3668,OADMET-0001414,4.86,train,4to5,0,0.018292865857901564,0.22245485895746958,0.6419022459907844,0.10514828434618369,0.012201744847660815,4to5
3668,3669,OADMET-0001413,3.4,train,3to4,3,0.08820637929132015,0.4067833064975842,0.42330961788729404,0.059630530929110484,0.022070165394691147,4to5
3669,3670,OADMET-0001412,4.11,train,4to5,3,0.0671936565340156,0.35726377035245516,0.48204868582963306,0.07214120708274462,0.021352680201151594,4to5
3670,3671,OADMET-0001410,4.8,train,4to5,4,0.08476771074811783,0.5004603066297312,0.3692454845853561,0.031060988702231538,0.01446550933456337,3to4
3671,3672,OADMET-0001409,4.1,train,4to5,1,0.006528196892306435,0.07923779500379981,0.6694352545108725,0.211715252573144,0.033083501019877226,4to5
3672,3673,OADMET-0001408,5.27,train,5to6,1,0.007648324728340749,0.081146847667798,0.6803911033662163,0.19844659303522988,0.032367131202415,4to5
3673,3674,OADMET-0001407,3.2,train,3to4,2,0.16202848033038197,0.5975508278061066,0.21574230495381116,0.016050449397663348,0.008627937512036995,3to4
3674,3675,OADMET-0001406,5.86,train,5to6,4,2.1434504694369198e-05,0.000177476301303489,0.035880888445015156,0.43869207701897256,0.5252281237300145,gte6
3675,3676,OADMET-0001405,5.8,train,5to6,1,0.0008638575504152024,0.013874132846149813,0.4016729216695471,0.48108797324556163,0.10250111468832622,5to6
3676,3677,OADMET-0001404,4.09,train,4to5,3,0.415214550421576,0.5471960272838274,0.027505817453406328,0.0025668942211089316,0.007516710620081274,3to4
3677,3678,OADMET-0001403,4.05,train,4to5,3,0.12005729913327327,0.33502108592398633,0.346580988770508,0.11629041249592817,0.0820502136763042,4to5
3678,3679,OADMET-0001402,4.39,train,4to5,0,0.09675548814651666,0.2974790057652624,0.43290578267483204,0.1310682025674542,0.04179152084593467,4to5
3679,3680,OADMET-0001401,3.49,train,3to4,3,0.18846076568947462,0.5612520528479773,0.21652856287662214,0.019568385392319906,0.014190233193606046,3to4
3680,3681,OADMET-0001400,4.99,train,4to5,3,0.004060484537006096,0.06259086087964055,0.6216561898494246,0.29178593051819757,0.01990653421573119,4to5
3681,3682,OADMET-0001399,5.01,train,5to6,3,3.942250751296803e-05,0.0009080354069726157,0.05501647472100359,0.5417562302917416,0.40227983707276926,5to6
3682,3683,OADMET-0001398,1.66,train,lt3,3,0.2907131639375646,0.48152626009216776,0.15807196645133165,0.029897107089842737,0.03979150242909325,3to4
3683,3684,OADMET-0001397,4.38,train,4to5,3,0.11266190348822804,0.43603246591924755,0.38660787815958486,0.04761257306462949,0.017085179368310062,3to4
3684,3685,OADMET-0001396,5.48,train,5to6,1,0.0015232927949331576,0.01923179176470731,0.4148152303502348,0.45723797029299457,0.10719171479713016,5to6
3685,3686,OADMET-0001395,5.48,train,5to6,2,0.000125962827066085,0.0043009391682971975,0.21361908731164234,0.649281707497507,0.13267230319548734,5to6
3686,3687,OADMET-0001394,4.74,train,4to5,2,0.012260243285204989,0.12863108503759738,0.6957430833058962,0.15460693821813265,0.008758650153168804,4to5
3687,3688,OADMET-0001393,3.04,train,3to4,3,0.18157344752147603,0.5938491721737338,0.1992822107047962,0.015805327999875038,0.009489841600118998,3to4
3688,3689,OADMET-0001392,2.85,train,lt3,4,0.25827217294478544,0.2385157364496271,0.22971610896077832,0.05125329681674612,0.22224268482806298,lt3
3689,3690,OADMET-0001391,4.33,train,4to5,2,0.15384540291358184,0.5178586951557081,0.2915733817091098,0.026141560265101386,0.01058095995649889,3to4
3690,3691,OADMET-0001390,1.75,train,lt3,1,0.6145338459024242,0.3579005624020977,0.01593879807697701,0.004694961509864974,0.006931832108636145,lt3
3691,3692,OADMET-0001388,6.14,train,gte6,0,0.2882714781680263,0.37917004885762784,0.17830182080561457,0.06115661379228193,0.0931000383764494,3to4
3692,3693,OADMET-0001387,1.63,train,lt3,2,0.3269315936709557,0.5231252278556334,0.11701606882818744,0.012309879915631228,0.020617229729592235,3to4
3693,3694,OADMET-0001385,4.75,train,4to5,2,0.0008787254220085107,0.027575671269225725,0.6192470520557586,0.34117155092098633,0.011127000332020881,4to5
3694,3695,OADMET-0001384,1.71,train,lt3,3,0.44674363898762925,0.4473380463098662,0.05133941788725338,0.010590847621078966,0.04398804919417221,3to4
3695,3696,OADMET-0001383,3.93,train,3to4,0,0.014098904802739972,0.17615568684255664,0.6731041714240172,0.12474602928603945,0.011895207644646733,4to5
3696,3697,OADMET-0001382,4.76,train,4to5,1,0.00020295939035885628,0.006971867807101345,0.321941676158983,0.5362740199068295,0.13460947673672724,5to6
3697,3698,OADMET-0001381,4.44,train,4to5,3,0.5146027135185866,0.47338294318846375,0.01055457800721905,0.0005980077464995052,0.0008617575392311225,lt3
3698,3699,OADMET-0001380,2.42,train,lt3,3,0.7284207908089873,0.2678761172443252,0.00251775443378775,0.00027446503979607306,0.0009108724731037584,lt3
3699,3700,OADMET-0001379,4.88,train,4to5,3,0.24182281825172672,0.6789611419904711,0.07369161970700092,0.003017489728110616,0.0025069303226906265,3to4
3700,3701,OADMET-0001377,3.19,train,3to4,4,0.48367512255839956,0.4270972647006895,0.061544530064643624,0.004270632956431751,0.02341244971983558,lt3
3701,3702,OADMET-0001376,3.92,train,3to4,4,0.11669106590677458,0.40814660938035424,0.42438342202785845,0.0374226997686156,0.013356202916397107,4to5
3702,3703,OADMET-0001375,3.39,train,3to4,0,0.4915521601286336,0.4623907673145473,0.02792501929056543,0.0039534041466388605,0.014178649119614811,lt3
3703,3704,OADMET-0001374,5.25,train,5to6,2,4.3733626491693615e-05,0.0008558137138092644,0.044024019382786474,0.4809844081055136,0.474092025171399,5to6
3704,3705,OADMET-0001373,4.38,train,4to5,2,0.0007049820271509764,0.00841241237020947,0.17892728751144818,0.5924006106193412,0.21955470747185019,5to6
3705,3706,OADMET-0001372,3.41,train,3to4,3,0.10459876002036728,0.41754817729323257,0.4039104558308956,0.054938289961191135,0.019004316894313412,3to4
3706,3707,OADMET-0001371,5.14,train,5to6,2,3.6510284759234314e-05,0.00046067136160296107,0.022071822722392838,0.38026191482959315,0.5971690808016518,gte6
3707,3708,OADMET-0001370,5.26,train,5to6,2,6.690260479972597e-05,0.00023987772843816143,0.0034113735848193627,0.10056947158809469,0.8957123744938481,gte6
3708,3709,OADMET-0001369,4.26,train,4to5,2,0.02688333143286101,0.21365220347297836,0.6477327792036166,0.1016681245139771,0.010063561376566967,4to5
3709,3710,OADMET-0001368,5.6,train,5to6,3,7.259277634920514e-05,0.0026293646327690307,0.1550581630641528,0.7000562591113599,0.14218362041536903,5to6
3710,3711,OADMET-0001367,5.43,train,5to6,4,0.06708844551180465,0.05195472979680509,0.07518620564978702,0.11804372465480195,0.6877268943868013,gte6
3711,3712,OADMET-0001366,5.2,train,5to6,3,0.0001440504251025678,0.0022032416527730525,0.05533243624454215,0.45980750755666355,0.48251276412091865,gte6
3712,3713,OADMET-0001365,4.8,train,4to5,3,0.0013979879898570026,0.014888941489416104,0.2648765608951883,0.5671110462716089,0.15172546335392967,5to6
3713,3714,OADMET-0001364,5.09,train,5to6,3,0.0018697638421148158,0.02433498068338717,0.37265706968842083,0.5111878825878017,0.08995030319827552,5to6
3714,3715,OADMET-0001363,3.57,train,3to4,3,0.28158597302528277,0.6532236507854838,0.06027670929267104,0.0028192394437764204,0.0020944274527859674,3to4
3715,3716,OADMET-0001362,3.53,train,3to4,3,0.21232975320256328,0.6096661914015633,0.1507210787654325,0.015098501559291093,0.012184475071149881,3to4
3716,3717,OADMET-0001361,3.55,train,3to4,3,0.6307615268265283,0.3603617082316879,0.006230230201271597,0.0006270252276953872,0.0020195095128168685,lt3
3717,3718,OADMET-0001360,3.02,train,3to4,3,0.661406612060769,0.32533695104580806,0.0063864148681361385,0.001046220966555017,0.005823801058731795,lt3
3718,3719,OADMET-0001359,4.38,train,4to5,1,0.04548534276741722,0.3670157410126386,0.5243450286013254,0.05369349076538926,0.009460396853229474,4to5
3719,3720,OADMET-0001358,3.43,train,3to4,4,0.14486406014984543,0.43411750398357846,0.3625024672829237,0.03899272335171042,0.019523245231942047,3to4
3720,3721,OADMET-0001357,3.38,train,3to4,1,0.26588181369504293,0.6448259398687818,0.08184610352909193,0.004110942709092988,0.003335200197990408,3to4
3721,3722,OADMET-0001356,3.94,train,3to4,1,0.10635061351318452,0.5953549207637554,0.2786529111768995,0.014863383551764756,0.004778170994395855,3to4
3722,3723,OADMET-0001355,3.78,train,3to4,2,0.20210427023855324,0.5984426575512879,0.18335893592051883,0.010882776089810333,0.005211360199829653,3to4
3723,3724,OADMET-0001354,3.62,train,3to4,0,0.20840301372174683,0.58669827292251,0.17938725015454413,0.016329386624957722,0.009182076576241377,3to4
3724,3725,OADMET-0001353,3.24,train,3to4,3,0.5061866679053102,0.4808492100581962,0.011026260525825643,0.0005776979421802701,0.0013601635684876877,lt3
3725,3726,OADMET-0001352,2.61,train,lt3,4,0.3089857957914607,0.5949268246450253,0.07949910237888691,0.004676256257296718,0.01191202092733038,3to4
3726,3727,OADMET-0001351,4.55,train,4to5,1,0.02951887506314676,0.313086934372519,0.5933605573425947,0.057781906308083435,0.006251726913656142,4to5
3727,3728,OADMET-0001350,3.7,train,3to4,0,0.06416016573966846,0.3456571670576949,0.4893617118768243,0.08406922133808452,0.016751733987727814,4to5
3728,3729,OADMET-0001349,3.36,train,3to4,3,0.5041630549846082,0.48230969879347324,0.011913983339916672,0.0005642131666960019,0.001049049715305897,lt3
3729,3730,OADMET-0001347,4.64,train,4to5,0,0.009503312090300736,0.1281198518236031,0.6513879676815432,0.1886019792503945,0.022386889154158523,4to5
3730,3731,OADMET-0001346,4.38,train,4to5,3,0.008747141058801694,0.08849824951790371,0.5338640351635485,0.3228122911427815,0.04607828311696458,4to5
3731,3732,OADMET-0001345,3.28,train,3to4,2,0.5716299721536665,0.4208640839362698,0.00633787424841356,0.0003311076266846778,0.0008369620349653992,lt3
3732,3733,OADMET-0001344,4.08,train,4to5,0,0.0027047197831616735,0.058115728267137574,0.6559497125632475,0.2630552056513904,0.020174633735062827,4to5
3733,3734,OADMET-0001343,3.71,train,3to4,1,0.3400631391787028,0.5807724330035511,0.0686509503387878,0.004793754560040335,0.0057197229189179626,3to4
3734,3735,OADMET-0001342,1.81,train,lt3,0,0.5385936064754175,0.4437353253521904,0.013978055483566783,0.0014894077285809736,0.002203604960244308,lt3
3735,3736,OADMET-0001341,3.44,train,3to4,4,0.370947945811033,0.5647248454824486,0.0376027326825179,0.004210429604315234,0.022514046419685234,3to4
3736,3737,OADMET-0001340,3.16,train,3to4,1,0.16753660446705115,0.6072065400446792,0.20696732427038564,0.0132854534222796,0.0050040777956043255,3to4
3737,3738,OADMET-0001339,2.05,train,lt3,3,0.7925432188280059,0.2044561181683125,0.0016671731029729844,0.000286572010719877,0.001046917889988693,lt3
3738,3739,OADMET-0001338,4.87,train,4to5,0,0.03168423287933071,0.39448682139378993,0.5173241192554874,0.05164071614540637,0.004864110325985634,4to5
3739,3740,OADMET-0001337,4.99,train,4to5,4,7.055342271611859e-05,0.0013999064082276494,0.1583743325145921,0.6533406095183228,0.18681459813614132,5to6
3740,3741,OADMET-0001336,4.96,train,4to5,3,0.02148327850224297,0.13471539694952026,0.5865059062793638,0.2000055368991253,0.05728988136974763,4to5
3741,3742,OADMET-0001335,4.74,train,4to5,0,4.420292174729136e-05,0.0018448343607907875,0.1708356087308886,0.6734784029710708,0.15379695101550261,5to6
3742,3743,OADMET-0001334,3.49,train,3to4,0,0.5035186901364841,0.4854483205531112,0.00913008842271278,0.0007649860767938645,0.0011379148108980393,lt3
3743,3744,OADMET-0001333,3.73,train,3to4,4,0.16641586275029796,0.7071126979390071,0.11913907740388464,0.004893424236323346,0.0024389376704869715,3to4
3744,3745,OADMET-0001332,4.69,train,4to5,2,0.00610994509859397,0.10579496774805897,0.7314927087520594,0.1487886182090487,0.00781376019223899,4to5
3745,3746,OADMET-0001331,3.09,train,3to4,1,0.6167667687448557,0.378184865979905,0.004208208649768507,0.0003610184753970667,0.00047913815007367554,lt3
3746,3747,OADMET-0001330,4.56,train,4to5,2,0.012485595944341404,0.06503757622436139,0.41998784365172076,0.4223577540530624,0.08013123012651405,5to6
3747,3748,OADMET-0001329,3.05,train,3to4,3,0.9230085401005436,0.0741066617767351,0.0004656166605250373,0.0002570139418460337,0.0021621675203502768,lt3
3748,3749,OADMET-0001328,3.67,train,3to4,3,0.26264548179392944,0.683829304371824,0.04805829726132426,0.002259418823479587,0.0032074977494427107,3to4
3749,3750,OADMET-0001327,1.91,train,lt3,3,0.8562501326776275,0.14255090978338852,0.000579318532388298,0.00011179348356403489,0.0005078455230316641,lt3
3750,3751,OADMET-0001326,4.8,train,4to5,0,0.0001779182411458227,0.006470862010469202,0.2504094723036663,0.5741692515333261,0.16877249591139262,5to6
3751,3752,OADMET-0001325,3.98,train,3to4,1,0.20070295675472866,0.6593940574653171,0.13073163670647006,0.005707411319308714,0.0034639377541754693,3to4
3752,3753,OADMET-0001324,3.39,train,3to4,0,0.23709490806946565,0.6422562575256219,0.10959839034975175,0.006593857867293589,0.004456586187867127,3to4
3753,3754,OADMET-0001323,3.58,train,3to4,0,0.24848007643435452,0.6723046567336393,0.07302218217885792,0.0034168454765917,0.002776239176556566,3to4
3754,3755,OADMET-0001322,2.55,train,lt3,0,0.5602542942808554,0.43312915960700077,0.00513353906144663,0.0005130277337199094,0.0009699793169773231,lt3
3755,3756,OADMET-0001321,2.59,train,lt3,2,0.47815184894666357,0.4906283525633001,0.023760618199396538,0.0019860835375993787,0.005473096753040389,3to4
3756,3757,OADMET-0001320,2.51,train,lt3,1,0.7843110950105414,0.21361027226603746,0.0009813142728286972,0.0004119404388339773,0.000685378011758403,lt3
3757,3758,OADMET-0001319,3.69,train,3to4,1,0.09591165474476815,0.4572210392744532,0.39544055967827463,0.03967227970875216,0.011754466593751874,3to4
3758,3759,OADMET-0001318,4.66,train,4to5,0,0.0034320774950196346,0.06761271322362883,0.6877322009614046,0.22709819055849492,0.014124817761452012,4to5
3759,3760,OADMET-0001317,3.25,train,3to4,0,0.5508978390580997,0.43649900147580345,0.009747035843394735,0.0009466278174688608,0.001909495805233175,lt3
3760,3761,OADMET-0001316,2.36,train,lt3,2,0.8366360957021658,0.16130393158572556,0.0006099019444100028,0.0003146585545018153,0.0011354122131968726,lt3
3761,3762,OADMET-0001315,4.46,train,4to5,0,0.027629750914385284,0.34549485639637284,0.5496955355251566,0.07083218340222008,0.00634767376186523,4to5
3762,3763,OADMET-0001314,3.43,train,3to4,4,0.11648186883983473,0.6689641385339387,0.205063310476562,0.007959632095494619,0.001531050054169981,3to4
3763,3764,OADMET-0001313,3.53,train,3to4,0,0.157165751995551,0.7101292661423811,0.12330006151979368,0.006103760141231251,0.003301160201042883,3to4
3764,3765,OADMET-0001312,3.53,train,3to4,2,0.24627900191648108,0.5607213054180882,0.17006798596660128,0.014943540164735643,0.007988166534093837,3to4
3765,3766,OADMET-0001311,3.81,train,3to4,1,0.09195490160036157,0.5993214831703308,0.291425674475204,0.014020724189419477,0.0032772165646841366,3to4
3766,3767,OADMET-0001308,3.23,train,3to4,0,0.4381772933549358,0.5484651026400896,0.01163787982875465,0.000659484263670504,0.0010602399125493832,3to4
3767,3768,OADMET-0001307,3.03,train,3to4,2,0.6238198177937192,0.36689230197437406,0.00663637498676208,0.0006389490922340399,0.002012556152910644,lt3
3768,3769,OADMET-0001306,3.56,train,3to4,3,0.021031484556274085,0.14802663414249734,0.6227634711539161,0.17245345267345819,0.03572495747385436,4to5
3769,3770,OADMET-0001305,3.17,train,3to4,3,0.4045484061299958,0.5643187754737228,0.025463325873176422,0.002164479109732808,0.003505013413372201,3to4
3770,3771,OADMET-0001304,2.56,train,lt3,0,0.4728710038285934,0.5063034873810355,0.017886806214869606,0.0011631731134771409,0.001775529462024405,3to4
3771,3772,OADMET-0001303,4.15,train,4to5,0,0.056711541210623675,0.4400491241379396,0.4475133842093884,0.04778269811857579,0.007943252323472472,4to5
3772,3773,OADMET-0001302,3.94,train,3to4,3,0.15163937896169294,0.6361027022284884,0.18728374440672488,0.01315489062124047,0.01181928378185334,3to4
3773,3774,OADMET-0001301,4.68,train,4to5,1,0.000316284397381515,0.01012207767360219,0.5097454853802394,0.4473392724623953,0.03247688008638158,4to5
3774,3775,OADMET-0001300,3.18,train,3to4,4,0.321878965997121,0.6232301521724375,0.04288155536605134,0.0022283431354004858,0.009780983328989664,3to4
3775,3776,OADMET-0001299,4.92,train,4to5,2,0.00019319131017799158,0.003103292487646984,0.13754263256441934,0.665659236061927,0.19350164757582866,5to6
3776,3777,OADMET-0001297,2.6,train,lt3,1,0.7014807487191193,0.29465085370926253,0.002411599512252489,0.0005264900410308853,0.00093030801833482,lt3
3777,3778,OADMET-0001296,2.71,train,lt3,4,0.34068207289207014,0.631891811842511,0.025331248591727435,0.0009140844116972814,0.0011807822619941577,3to4
3778,3779,OADMET-0001295,4.6,train,4to5,1,0.000881016623776211,0.014366281528832205,0.41080523740801195,0.49081457518767396,0.08313288925170569,5to6
3779,3780,OADMET-0001294,2.34,train,lt3,3,0.6835913578561582,0.2675180106014245,0.00920458313538014,0.003165318128125298,0.03652073027891188,lt3
3780,3781,OADMET-0001293,4.19,train,4to5,4,0.17565969766993222,0.6072400685330187,0.20164124259194635,0.012464047157119004,0.002994944047983705,3to4
3781,3782,OADMET-0001292,3.68,train,3to4,3,0.032808126057941735,0.23678857837879255,0.589606005741846,0.12124815967160969,0.01954913014981004,4to5
3782,3783,OADMET-0001290,3.41,train,3to4,4,0.5004553307033583,0.49314482086357314,0.005686448544293853,0.00021248954458510653,0.0005009103441895098,lt3
3783,3784,OADMET-0001289,4.21,train,4to5,3,0.013415230075789921,0.1673905059189306,0.7146668241123316,0.10010032085430873,0.004427119038639169,4to5
3784,3785,OADMET-0001288,2.76,train,lt3,3,0.8233629117553163,0.17407715845963723,0.0012423929667671183,0.00031194857215423457,0.001005588246125117,lt3
3785,3786,OADMET-0001287,2.5,train,lt3,1,0.5865418231629181,0.40472050926462955,0.0069203636557464065,0.0008594108390565819,0.0009578930776492977,lt3
3786,3787,OADMET-0001286,2.39,train,lt3,4,0.38161751059267657,0.5790269288565676,0.032594311496700175,0.0015043644010370315,0.005256884653018643,3to4
3787,3788,OADMET-0001284,3.35,train,3to4,3,0.110809931185496,0.6343652862347625,0.2423282135893849,0.009820592995095908,0.002675975995260645,3to4
3788,3789,OADMET-0001283,4.0,train,3to4,2,0.26745710916459814,0.6536490003619732,0.07099823211149231,0.003107485260970379,0.004788173100965954,3to4
3789,3790,OADMET-0001282,2.37,train,lt3,2,0.762031757387551,0.23603927323773483,0.000917064927271087,0.0001887674792422241,0.0008231369682008372,lt3
3790,3791,OADMET-0001281,2.28,train,lt3,4,0.7028608446720247,0.29132110396791694,0.00202313651191333,0.0002309069718648198,0.003564007876280253,lt3
3791,3792,OADMET-0001280,3.14,train,3to4,0,0.6774582951184512,0.3101434152033253,0.006155771749262516,0.0012241755771808867,0.00501834235178008,lt3
3792,3793,OADMET-0001279,4.83,train,4to5,3,0.05794200916717926,0.18402534311953164,0.4135536161015865,0.20352406344881513,0.14095496816288752,4to5
3793,3794,OADMET-0001278,2.56,train,lt3,0,0.684813736912589,0.3091383870097738,0.0038113670836044003,0.000572540447247391,0.001663968546785458,lt3
3794,3795,OADMET-0001277,1.61,train,lt3,1,0.41258579115633603,0.5489753235067037,0.0321521183273811,0.0024565641455652387,0.0038302028640138396,3to4
3795,3796,OADMET-0001276,4.6,train,4to5,0,0.10573885612900441,0.4838028901597722,0.3299186171345898,0.055133793782848786,0.025405842793784793,3to4
3796,3797,OADMET-0001275,3.8,train,3to4,4,0.21011154593328613,0.7049233993844237,0.07860864788569132,0.0030390087396165886,0.0033173980569822024,3to4
3797,3798,OADMET-0001274,3.68,train,3to4,2,0.7092299660066002,0.2875084417914695,0.001999205797664147,0.0003215566504805887,0.0009408297537855898,lt3
3798,3799,OADMET-0001273,3.39,train,3to4,0,0.7116964811879716,0.2851069770029919,0.001864327636068649,0.0003546688118632149,0.000977545361104615,lt3
3799,3800,OADMET-0001272,2.95,train,lt3,2,0.11118861847790279,0.7303816554550342,0.15201356753963743,0.004675658807552046,0.0017404997198735993,3to4
3800,3801,OADMET-0001270,4.39,train,4to5,0,0.0002955660133839413,0.009895453122700184,0.2744644850659439,0.5767369208051416,0.13860757499283033,5to6
3801,3802,OADMET-0001268,2.43,train,lt3,3,0.4158712189985176,0.565244596389883,0.017663077798635456,0.0005897122705962643,0.0006313945423676574,3to4
3802,3803,OADMET-0001267,3.29,train,3to4,0,0.47883381711422257,0.5075209975520245,0.011283678533347106,0.0008145961129452136,0.0015469106874605545,3to4
3803,3804,OADMET-0001266,2.79,train,lt3,2,0.727177544901135,0.2689467909494936,0.002044488166853789,0.0003277885483415491,0.0015033874341761275,lt3
3804,3805,OADMET-0001264,2.91,train,lt3,3,0.12426962528430371,0.6992877800079262,0.16785383471811202,0.006453582073506178,0.0021351779161518027,3to4
3805,3806,OADMET-0001263,4.5,train,4to5,4,0.011063612488664791,0.10858166632414638,0.5746286134792242,0.263399998470582,0.042326109237382635,4to5
3806,3807,OADMET-0001262,3.18,train,3to4,3,0.3880789690527114,0.5930293515046885,0.017677259718007977,0.0005442668656560652,0.0006701528589360243,3to4
3807,3808,OADMET-0001261,3.15,train,3to4,2,0.6324957636420548,0.346118392051009,0.00998101946540383,0.0017171291475572832,0.009687695693974934,lt3
3808,3809,OADMET-0001260,3.37,train,3to4,4,0.35093177476067944,0.6262595916034464,0.021031644937817756,0.0007176193375709877,0.0010593693604854073,3to4
3809,3810,OADMET-0001259,2.88,train,lt3,3,0.5758738174792806,0.4166050438383133,0.006396702306200182,0.0004803306867048184,0.0006441056895011452,lt3
3810,3811,OADMET-0001258,1.64,train,lt3,4,0.7477950652181874,0.23901975374060305,0.0029903434489575017,0.0003953632630195736,0.009799474329232482,lt3
3811,3812,OADMET-0001257,3.77,train,3to4,3,0.2987621462058438,0.645272918257145,0.05058121368746318,0.002524239273913252,0.0028594825756348696,3to4
3812,3813,OADMET-0001256,3.21,train,3to4,0,0.45747645118325564,0.5256090579723622,0.01322817757000304,0.0013463805200087076,0.002339932754370365,3to4
3813,3814,OADMET-0001255,3.39,train,3to4,2,0.15553388922916409,0.7397117345209964,0.1001162641522951,0.002890209794901816,0.001747902302642653,3to4
3814,3815,OADMET-0001254,5.05,train,5to6,4,6.001277649237993e-05,0.00216019927071008,0.25189054611056355,0.6348934920548129,0.11099574978742104,5to6
3815,3816,OADMET-0001253,4.36,train,4to5,1,0.28302217241525524,0.5806195881932311,0.11248509123651075,0.012665100714152418,0.011208047440850438,3to4
3816,3817,OADMET-0001252,3.73,train,3to4,3,0.6811713965393447,0.3074001576482038,0.00546641491507945,0.0009899554706203778,0.004972075426751784,lt3
3817,3818,OADMET-0001251,4.47,train,4to5,0,0.01369998870696883,0.19509954568837262,0.6599593101073121,0.12237341588015281,0.00886773961719368,4to5
3818,3819,OADMET-0001250,3.09,train,3to4,4,0.28176346368759225,0.6332738387709971,0.06719385074974252,0.0037734461877989654,0.013995400603869184,3to4
3819,3820,OADMET-0001248,3.28,train,3to4,4,0.5287561990435564,0.46481314106013455,0.005340395007175187,0.0002040792742776261,0.0008861856148562562,lt3
3820,3821,OADMET-0001247,3.55,train,3to4,3,0.6339327032549041,0.36142560472544466,0.0037514431952366816,0.0002579908151517507,0.0006322580092627891,lt3
3821,3822,OADMET-0001246,2.77,train,lt3,4,0.6810567616674053,0.3115405276398735,0.0028762464295067607,0.00039943468517804543,0.004127029578036469,lt3
3822,3823,OADMET-0001245,2.84,train,lt3,3,0.21173529357797305,0.5514867521729138,0.16728116909153154,0.02160329781598967,0.04789348734159203,3to4
3823,3824,OADMET-0001244,2.8,train,lt3,2,0.6993922555384623,0.2799009070364246,0.005279940060302922,0.0015373825948167552,0.013889514769993413,lt3
3824,3825,OADMET-0001243,3.03,train,3to4,2,0.3695847898635971,0.6015727374321863,0.026169880590944647,0.0008942559144919238,0.0017783361987799954,3to4
3825,3826,OADMET-0001242,2.62,train,lt3,4,0.7490314213832455,0.248716353327759,0.0011245559388208188,9.093282240517651e-05,0.0010367365277695335,lt3
3826,3827,OADMET-0001241,1.66,train,lt3,4,0.6232271754227859,0.36688059354852537,0.006736284082660661,0.00030962284474154674,0.002846324101286451,lt3
3827,3828,OADMET-0001240,3.38,train,3to4,3,0.7081982188385412,0.2805462296857521,0.005564257731216841,0.001252980372205152,0.004438313372284712,lt3
3828,3829,OADMET-0001239,7.54855421686747,train,gte6,1,0.002968803006660151,0.015130406965542487,0.07583767814788486,0.24221716482820224,0.6638459470517103,gte6
3829,3830,OADMET-0001238,3.33,train,3to4,1,0.34582251044638856,0.6009976221637517,0.04836742915303326,0.002385020237717389,0.0024274179991090683,3to4
3830,3831,OADMET-0001237,3.94,train,3to4,3,0.5110962438499205,0.4622424585953584,0.01987536456319843,0.0024377200979527093,0.004348212893569962,lt3
3831,3832,OADMET-0001236,2.57,train,lt3,0,0.5071204860229485,0.4748810155856232,0.01486900518552096,0.0011037993289850616,0.002025693876922356,lt3
3832,3833,OADMET-0001235,3.35,train,3to4,3,0.0713294553359141,0.4796032825304754,0.420456219927632,0.02502374464637372,0.003587297559604753,3to4
3833,3834,OADMET-0001234,4.11,train,4to5,3,0.32915122775907657,0.6347277467154298,0.0317944273559391,0.0014395344104274222,0.0028870637591271297,3to4
3834,3835,OADMET-0001233,3.4,train,3to4,2,0.21700695373915313,0.6763411363498386,0.09359010504914762,0.006548669270643811,0.006513135591216811,3to4
3835,3836,OADMET-0001232,3.35,train,3to4,3,0.8750641662032178,0.12398437858397997,0.0004542046099571721,0.00010770192991645584,0.00038954867292864665,lt3
3836,3837,OADMET-0001231,3.95,train,3to4,3,0.03656930549247294,0.2534260542118058,0.6047272782623764,0.08923619254232855,0.016041169491016385,4to5
3837,3838,OADMET-0001230,4.19,train,4to5,1,0.4615462663623357,0.523367849526946,0.013236141524164418,0.0008923041052935346,0.0009574384812603097,3to4
3838,3839,OADMET-0001229,3.49,train,3to4,1,0.5514236583660084,0.44110060091108827,0.006648268171131047,0.0004422350922924559,0.000385237459479912,lt3
3839,3840,OADMET-0001228,2.71,train,lt3,0,0.5242705629931312,0.45453173203729286,0.014901522593598752,0.0015087734477740645,0.004787408928203099,lt3
3840,3841,OADMET-0001227,2.79,train,lt3,1,0.6502521583383327,0.34296008677008494,0.003753018303372405,0.0011187596159338842,0.001915976972276059,lt3
3841,3842,OADMET-0001226,3.19,train,3to4,0,0.5188706401992856,0.4555031185248497,0.01809916813007298,0.002060981192689043,0.005466091953102639,lt3
3842,3843,OADMET-0001225,3.52,train,3to4,4,0.41092064608343765,0.5775425382341752,0.01053685778619977,0.000327522106792405,0.0006724357893949426,3to4
3843,3844,OADMET-0001224,3.76,train,3to4,0,0.038862186374806,0.5022114976881253,0.4294353012496001,0.02671135331694837,0.0027796613705202335,3to4
3844,3845,OADMET-0001223,2.9,train,lt3,4,0.6524694591961503,0.3445250407802801,0.0019341172972225623,0.0001576466027445906,0.0009137361236024388,lt3
3845,3846,OADMET-0001222,3.19,train,3to4,2,0.0042889567146728955,0.05865076818991161,0.6231772582163181,0.28338964060200633,0.03049337627709104,4to5
3846,3847,OADMET-0001221,2.97,train,lt3,1,0.40086007603554147,0.5554544396893193,0.037063576729806605,0.002518640861606534,0.004103266683726075,3to4
3847,3848,OADMET-0001220,3.16,train,3to4,1,0.440876101157596,0.5468267260307018,0.01126914203929388,0.0005369919874782524,0.0004910387849300785,3to4
3848,3849,OADMET-0001219,2.74,train,lt3,2,0.38369853266211634,0.5949008479947222,0.018974756908745387,0.0006957692226879694,0.001730093211728062,3to4
3849,3850,OADMET-0001218,3.82,train,3to4,1,0.07173294520577084,0.4881436192382602,0.41002094440146575,0.025956058681338587,0.004146432473164555,3to4
3850,3851,OADMET-0001217,4.01,train,4to5,0,0.04353563691794041,0.4800387435391472,0.4404401906968393,0.030462392359795715,0.005523036486277343,3to4
3851,3852,OADMET-0001216,3.11,train,3to4,4,0.7700298324997483,0.2278303175332954,0.0009320344417763434,7.66715373779225e-05,0.0011311439878019585,lt3
3852,3853,OADMET-0001215,2.24,train,lt3,3,0.502186216930096,0.4868300643480582,0.009726590054007085,0.00040090763362369023,0.000856221034215,lt3
3853,3854,OADMET-0001214,4.57,train,4to5,0,0.07585220953491799,0.2988934881737863,0.30227292259647526,0.17369191736784392,0.14928946232697657,4to5
3854,3855,OADMET-0001213,4.36,train,4to5,4,0.023445997540021298,0.2543900625600763,0.628466729446563,0.08128384553732995,0.012413364916009414,4to5
3855,3856,OADMET-0001212,4.28,train,4to5,3,0.003442184174053443,0.07467228403704741,0.6292870238111091,0.27410236843431196,0.01849613954347801,4to5
3856,3857,OADMET-0001211,2.67,train,lt3,4,0.3628439560461022,0.5950671957017478,0.038896146681742794,0.0012965533955215174,0.0018961481748856945,3to4
3857,3858,OADMET-0001210,3.23,train,3to4,2,0.3205833669839544,0.5204367647200371,0.12599493633453987,0.014020695633716721,0.018964236327751915,3to4
3858,3859,OADMET-0001209,4.0,train,3to4,3,0.29628338050846337,0.668525903555657,0.03358661601865586,0.00093539700976731,0.0006687029074564407,3to4
3859,3860,OADMET-0001208,4.11,train,4to5,1,0.09086869745899115,0.5362671070087744,0.34763625604117354,0.020643517576863,0.004584421914197905,3to4
3860,3861,OADMET-0001207,2.75,train,lt3,0,0.4791134212510249,0.5082538037371319,0.011156204889190925,0.0007150366309331026,0.0007615334917192086,3to4
3861,3862,OADMET-0001206,2.77,train,lt3,4,0.2760517268324078,0.5676007207378665,0.1394210442220303,0.007963125504965423,0.008963382702730045,3to4
3862,3863,OADMET-0001204,5.33,train,5to6,3,0.07539030979750966,0.5616624407625053,0.34006026703920467,0.019493362116565573,0.003393620284214805,3to4
3863,3864,OADMET-0001203,3.05,train,3to4,2,0.619419326728353,0.3662640991721855,0.007422653377613414,0.0011437401231241603,0.005750180598723933,lt3
3864,3865,OADMET-0001202,2.49,train,lt3,3,0.6246343648936188,0.35710533297675634,0.010532281020659241,0.002149466122785632,0.005578554986180006,lt3
3865,3866,OADMET-0001201,3.95,train,3to4,4,0.3605307179452158,0.5611130940416562,0.061983686894907644,0.0035120396236163545,0.012860461494603985,3to4
3866,3867,OADMET-0001200,4.17,train,4to5,2,0.14574745864530356,0.54074885996904,0.2777724388162365,0.02704434298070583,0.008686899588714193,3to4
3867,3868,OADMET-0001199,2.53,train,lt3,0,0.7340161544886848,0.2618799416462306,0.0027170690227761355,0.0005056831693277616,0.0008811516729807073,lt3
3868,3869,OADMET-0001198,2.79,train,lt3,3,0.8387767011923588,0.15978348132156736,0.0007809325410473203,0.0001557392667398952,0.0005031456782866144,lt3
3869,3870,OADMET-0001197,2.68,train,lt3,3,0.5959266224090383,0.39672046555534535,0.005815624645825914,0.00039315485330218596,0.001144132536488311,lt3
3870,3871,OADMET-0001196,4.98,train,4to5,0,0.0001029323248802716,0.004602168224274721,0.23299190418474766,0.641850948786738,0.12045204647935934,5to6
3871,3872,OADMET-0001195,3.78,train,3to4,3,0.03080522813241373,0.2181438363435971,0.6009448374936929,0.12178983490421581,0.028316263126080467,4to5
3872,3873,OADMET-0001194,3.32,train,3to4,3,0.30978375723783075,0.656692744371679,0.031586229852657674,0.0010342325566428778,0.000903035981189751,3to4
3873,3874,OADMET-0001193,2.48,train,lt3,3,0.8060500505086413,0.19240894635081493,0.0009648564597587075,0.0001314761883867496,0.00044467049239833227,lt3
3874,3875,OADMET-0001192,3.06,train,3to4,0,0.20331205857407741,0.6791759375167522,0.11029201170769273,0.005307678787754838,0.0019123134137228586,3to4
3875,3876,OADMET-0001191,3.66,train,3to4,3,0.28859479169237334,0.6604451154828702,0.04645018429881326,0.0019876724752333186,0.002522236050709805,3to4
3876,3877,OADMET-0001190,3.48,train,3to4,3,0.1945329026565696,0.7182216703651634,0.08371636340672405,0.002490359611904194,0.0010387039596387163,3to4
3877,3878,OADMET-0001189,3.05,train,3to4,0,0.7974454317264965,0.2001962997492248,0.001134275512115965,0.0002453551142060818,0.0009786378979566978,lt3
3878,3879,OADMET-0001188,3.19,train,3to4,0,0.5295828016868682,0.4508030441871097,0.014289767567891153,0.001438739951096298,0.0038856466070345632,lt3
3879,3880,OADMET-0001187,4.19,train,4to5,2,0.003754383125563051,0.06628962499695268,0.6947228200882966,0.22624654704448494,0.008986624744702803,4to5
3880,3881,OADMET-0001186,3.7,train,3to4,1,0.4106487488380372,0.509768110591635,0.06682890420212978,0.006079106844992836,0.006675129523205238,3to4
3881,3882,OADMET-0001185,5.54,train,5to6,4,0.00012847527147813283,0.003100721782040097,0.2451370924753908,0.6307012149545212,0.12093249551656965,5to6
3882,3883,OADMET-0001184,3.34,train,3to4,3,0.34398870298683654,0.6241835108699284,0.029994372953883512,0.0009642992718306193,0.0008691139175208831,3to4
3883,3884,OADMET-0001183,3.85,train,3to4,0,0.010602632203567074,0.23426741191482026,0.6747987054524214,0.07528786040369007,0.00504339002550123,4to5
3884,3885,OADMET-0001182,2.69,train,lt3,3,0.7997106264363202,0.1964723902739309,0.0017261060313922797,0.0003543950129785883,0.0017364822453780147,lt3
3885,3886,OADMET-0001181,4.56,train,4to5,1,0.0919530727397047,0.2940739215717209,0.48028783978211226,0.09261028848109086,0.0410748774253713,4to5
3886,3887,OADMET-0001180,4.77,train,4to5,0,0.0022919279963575824,0.03411956058372753,0.5229467637578253,0.405545822039662,0.03509592562242757,4to5
3887,3888,OADMET-0001179,2.66,train,lt3,3,0.73174541167925,0.2652737081313496,0.0021088560138448234,0.00021153312964164344,0.0006604910459139204,lt3
3888,3889,OADMET-0001178,2.53,train,lt3,0,0.6719245467515131,0.3244698727722067,0.002550125652383293,0.000402161883210681,0.0006532929406861715,lt3
3889,3890,OADMET-0001177,4.84,train,4to5,4,0.0009295694089321635,0.01474094096971565,0.4013697763537352,0.5197871872314698,0.0631725260361472,5to6
3890,3891,OADMET-0001176,4.47,train,4to5,2,0.08899491909339198,0.3152105171112835,0.4795117613736869,0.09062308699942825,0.025659715422209337,4to5
3891,3892,OADMET-0001175,3.9,train,3to4,3,0.6127501441886495,0.382140171681198,0.004337556458949548,0.0002829469609127422,0.000489180710290266,lt3
3892,3893,OADMET-0001174,3.81,train,3to4,0,0.22498395397500148,0.6602190385934628,0.10466858394358088,0.005990127327479568,0.004138296160475346,3to4
3893,3894,OADMET-0001173,3.3,train,3to4,1,0.5732733250912331,0.4166326263824219,0.008464875104808796,0.0007686312996725187,0.0008605421218637502,lt3
3894,3895,OADMET-0001172,2.43,train,lt3,2,0.5830173915275181,0.4032652372534204,0.00812734256770164,0.0008823235460658987,0.00470770510529404,lt3
3895,3896,OADMET-0001171,3.55,train,3to4,0,0.2214120992005302,0.7062779284367358,0.06854726583224065,0.002486682339980124,0.0012760241905132236,3to4
3896,3897,OADMET-0001170,3.24,train,3to4,4,0.2965338705010493,0.6601066915670586,0.040797149958112316,0.00129601784808302,0.0012662701256968064,3to4
3897,3898,OADMET-0001169,3.01,train,3to4,4,0.5100120791775705,0.48420031811806735,0.00518862146840123,0.00017145252415825307,0.00042752871180262204,lt3
3898,3899,OADMET-0001168,4.55,train,4to5,1,0.1486042395650077,0.5587476921454759,0.2546462936804803,0.02022925331505378,0.01777252129398223,3to4
3899,3900,OADMET-0001167,2.28,train,lt3,0,0.6158509124781725,0.37940540802702516,0.0037724881495818895,0.00036757343205466375,0.0006036179131657644,lt3
3900,3901,OADMET-0001166,2.4,train,lt3,3,0.8147697304674479,0.18330673549327645,0.0010883933672099673,0.00016884212956730062,0.0006662985424983675,lt3
3901,3902,OADMET-0001165,2.49,train,lt3,2,0.6090271975743728,0.3817515910835548,0.005351720295875424,0.0005298654351293453,0.00333962561106766,lt3
3902,3903,OADMET-0001164,2.51,train,lt3,3,0.6064309562523518,0.3756882600815258,0.009914872375059022,0.0016509979262621783,0.006314913364801277,lt3
3903,3904,OADMET-0001163,3.93,train,3to4,4,0.06603377737686371,0.2150581225910947,0.5393347478980134,0.13793455886412687,0.0416387932699013,4to5
3904,3905,OADMET-0001162,3.5,train,3to4,1,0.2835827704133146,0.6619124263817098,0.05202359589275974,0.0013184449339215792,0.0011627623782943539,3to4
3905,3906,OADMET-0001161,3.62,train,3to4,3,0.4646113528421182,0.5073055314316054,0.021544211156170924,0.0017897306311179056,0.004749173938987603,3to4
3906,3907,OADMET-0001160,3.31,train,3to4,4,0.25556896599706114,0.6692267258994246,0.06973906937440329,0.0028133106610285542,0.002651928068082394,3to4
3907,3908,OADMET-0001159,3.41,train,3to4,4,0.29176941206619006,0.681591205568518,0.02453216139458113,0.0008895326661292107,0.0012176883045815874,3to4
3908,3909,OADMET-0001158,3.2,train,3to4,0,0.3596647958568553,0.6179066267302603,0.01998617861892979,0.0011462471386502302,0.0012961516553043648,3to4
3909,3910,OADMET-0001157,3.15,train,3to4,4,0.7690570539173611,0.22983931265808652,0.0006939317310673348,3.9402851764677595e-05,0.0003702988417203103,lt3
3910,3911,OADMET-0001156,4.16,train,4to5,3,0.04992628700774931,0.5029874301132591,0.4224511562988532,0.020957247690115074,0.0036778788900232815,3to4
3911,3912,OADMET-0001155,1.72,train,lt3,4,0.6478416007607237,0.34636424488710776,0.002997392685243631,0.00024269298185824526,0.002554068685066653,lt3
3912,3913,OADMET-0001154,2.74,train,lt3,0,0.7348446102820717,0.23311823139708304,0.0072869908468143054,0.0033020194890038867,0.021448147985027,lt3
3913,3914,OADMET-0001153,3.48,train,3to4,4,0.6616621951217578,0.33388315327744206,0.0025948257103749002,0.00014077293777236202,0.001719052952652869,lt3
3914,3915,OADMET-0001152,3.86,train,3to4,0,0.19447395178330046,0.6731058349742939,0.12275484187143644,0.006608337620354717,0.00305703375061457,3to4
3915,3916,OADMET-0001151,2.87,train,lt3,3,0.3622994018602826,0.6028764667076909,0.031116169895828372,0.001543879929341173,0.002164081606856947,3to4
3916,3917,OADMET-0001150,3.69,train,3to4,3,0.39374885050128544,0.5736649645142763,0.02392498409079559,0.0017804402198908344,0.006880760673751874,3to4
3917,3918,OADMET-0001149,4.71,train,4to5,0,0.004950938589561813,0.056589366938882994,0.48165099287765684,0.3695599617762131,0.0872487398176853,4to5
3918,3919,OADMET-0001148,2.59,train,lt3,4,0.7647978907694614,0.23413488681980557,0.0005928697373883734,4.433783556812125e-05,0.00043001483777658866,lt3
3919,3920,OADMET-0001147,3.72,train,3to4,0,0.03643759629435734,0.4132101441513295,0.4959363526194909,0.04721959200046956,0.007196314934352677,4to5
3920,3921,OADMET-0001146,4.13,train,4to5,3,0.14720690659974361,0.673716861873205,0.17077413676481445,0.006426770884543452,0.0018753238776934341,3to4
3921,3922,OADMET-0001145,3.48,train,3to4,0,0.23813252637582197,0.6824962209137585,0.0732833116165643,0.003349917566791391,0.002738023527063835,3to4
3922,3923,OADMET-0001144,3.74,train,3to4,3,0.22852989265036197,0.6513145347616419,0.10353896419759587,0.007378278052790082,0.009238330337610196,3to4
3923,3924,OADMET-0001143,3.04,train,3to4,4,0.4239707711398499,0.5615194996509065,0.01284615264023875,0.0006009177318403321,0.0010626588371645193,3to4
3924,3925,OADMET-0001142,4.24,train,4to5,3,0.023874861981032808,0.2154455600398589,0.6511623909653954,0.09919298353850048,0.010324203475212387,4to5
3925,3926,OADMET-0001141,4.41,train,4to5,2,0.0007343140179693631,0.011546026703610643,0.32244291310376033,0.5918862711146837,0.0733904750599759,5to6
3926,3927,OADMET-0001140,2.77,train,lt3,4,0.21553463403666495,0.7299120053610365,0.050948368082686886,0.0017958426000907323,0.0018091499195208806,3to4
3927,3928,OADMET-0001139,3.79,train,3to4,2,0.24598340024743454,0.46240313411365525,0.21056915035516902,0.03315490222869113,0.04788941305505007,3to4
3928,3929,OADMET-0001138,2.9,train,lt3,3,0.27726458898591083,0.6475027162304613,0.06807962643292326,0.003566177634604594,0.0035868907161000613,3to4
3929,3930,OADMET-0001137,2.75,train,lt3,1,0.5573735760109385,0.4345331003695818,0.006908030897364126,0.0005927003777721553,0.000592592344343363,lt3
3930,3931,OADMET-0001136,4.16,train,4to5,1,0.028464659511328653,0.2890335754041362,0.6000120919203429,0.07384943560927341,0.008640237554918861,4to5
3931,3932,OADMET-0001135,2.22,train,lt3,0,0.6883063341585977,0.30505883805562667,0.00419522637177138,0.0004998801178003456,0.0019397212962039305,lt3
3932,3933,OADMET-0001134,3.34,train,3to4,3,0.37544659577128775,0.610579157133553,0.012766182611613976,0.0005114496155328719,0.0006966148680123586,3to4
3933,3934,OADMET-0001133,4.61,train,4to5,1,0.00024793098363875383,0.00845789050631921,0.4148290513354258,0.5093183954589753,0.06714673171564098,5to6
3934,3935,OADMET-0001132,2.67,train,lt3,3,0.4785750931643091,0.5053610023271862,0.012790043376745488,0.001076239588014517,0.0021976215437447327,3to4
3935,3936,OADMET-0001131,3.75,train,3to4,4,0.3483614310262253,0.6268306406882277,0.023627835994993417,0.0005796117536083237,0.0006004805369452556,3to4
3936,3937,OADMET-0001130,3.85,train,3to4,1,0.26238180367568104,0.5595274219080364,0.15912767458573407,0.011843400599957936,0.0071196992305905685,3to4
3937,3938,OADMET-0001129,2.76,train,lt3,2,0.7865425432980043,0.2101674847584791,0.0018095290483186764,0.0003385637574034216,0.0011418791377944663,lt3
3938,3939,OADMET-0001128,4.28,train,4to5,2,0.03164386514975943,0.34916696347410453,0.5630393803477001,0.05154888695279461,0.0046009040756413025,4to5
3939,3940,OADMET-0001127,3.29,train,3to4,3,0.2430539710695654,0.6973003866243263,0.05598450815876279,0.002202887403698506,0.0014582467436471086,3to4
3940,3941,OADMET-0001126,2.5,train,lt3,0,0.5967112978316306,0.38692278073636927,0.010810858781471474,0.0019321656896268513,0.003622896960901904,lt3
3941,3942,OADMET-0001125,3.63,train,3to4,1,0.21868219038175357,0.5687218870242083,0.19435919157346357,0.012484325575051136,0.005752405445523329,3to4
3942,3943,OADMET-0001124,4.12,train,4to5,1,0.21136313932735548,0.5478460259009137,0.2203966405849497,0.014220187612681127,0.006174006574099963,3to4
3943,3944,OADMET-0001123,4.26,train,4to5,0,8.89121524637424e-05,0.003513786063800737,0.16592309130851565,0.6026903482402468,0.22778386223497307,5to6
3944,3945,OADMET-0001122,2.2,train,lt3,0,0.6488755793566552,0.34518446541386627,0.004302764749486513,0.0004328576991967136,0.0012043327807953225,lt3
3945,3946,OADMET-0001121,2.84,train,lt3,0,0.48204949335434527,0.49827667902572736,0.016985049413916837,0.0010515284921864133,0.0016372497138241024,3to4
3946,3947,OADMET-0001120,2.95,train,lt3,0,0.7099337072685253,0.2832591867957393,0.003376040883753972,0.0009118171991198198,0.0025192478528615627,lt3
3947,3948,OADMET-0001119,3.52,train,3to4,0,0.1901378110183514,0.6663620211303188,0.13437075387353853,0.0073430125523297795,0.0017864014254614154,3to4
3948,3949,OADMET-0001118,3.14,train,3to4,1,0.7223084842262624,0.27354339800095234,0.002476925124065097,0.0007566318667849242,0.0009145607819352595,lt3
3949,3950,OADMET-0001117,3.42,train,3to4,1,0.6360915776352396,0.3583531012424949,0.00468154987586461,0.0003837099573929034,0.0004900612890079881,lt3
3950,3951,OADMET-0001116,3.21,train,3to4,3,0.7467106523361403,0.24854998099567616,0.0028544855084740505,0.0005076273771115338,0.0013772537825979816,lt3
3951,3952,OADMET-0001115,2.53,train,lt3,0,0.5668841082244558,0.42169029099860394,0.008763173715450627,0.0006894399506684758,0.0019729871108211203,lt3
3952,3953,OADMET-0001114,2.55,train,lt3,4,0.5934663767118902,0.39893831163351146,0.0049117307954187304,0.0002773207265541171,0.0024062601326254865,lt3
3953,3954,OADMET-0001113,3.2,train,3to4,0,0.5458293707128301,0.4406956853349905,0.009261461229262042,0.0013549153599608718,0.002858567362956458,lt3
3954,3955,OADMET-0001112,3.08,train,3to4,3,0.6213825321891064,0.3589464710692075,0.012181579089978415,0.002204984418284206,0.005284433233423407,lt3
3955,3956,OADMET-0001111,4.24,train,4to5,1,0.018546555312188236,0.16742086519668442,0.6812394305771925,0.1177903868486478,0.01500276206528706,4to5
3956,3957,OADMET-0001110,2.74,train,lt3,1,0.7901911070035504,0.20796781595545238,0.0008579348720640313,0.0003633549754236242,0.000619787193509525,lt3
3957,3958,OADMET-0001109,2.47,train,lt3,0,0.7111795585963055,0.2764560066599487,0.006408121402673267,0.0010372844181279,0.0049190289229446345,lt3
3958,3959,OADMET-0001108,3.16,train,3to4,0,0.2771804046971788,0.6585956841039746,0.05894099574533266,0.0031438421131421345,0.0021390733403718084,3to4
3959,3960,OADMET-0001107,2.23,train,lt3,0,0.7210335189181083,0.27379501069929457,0.0027573674656999666,0.0007432476905602789,0.001670855226336831,lt3
3960,3961,OADMET-0001106,2.45,train,lt3,3,0.7822082761952598,0.21401260989647736,0.0022258207719124115,0.0003929244175057388,0.0011603687188446688,lt3
3961,3962,OADMET-0001105,2.88,train,lt3,1,0.28436502060343705,0.6665176470028347,0.04621179912624538,0.0015775781614347168,0.0013279551060482208,3to4
3962,3963,OADMET-0001104,3.73,train,3to4,0,0.2546317561947681,0.655105229226701,0.08083898525177184,0.004635577062022639,0.004788452264736462,3to4
3963,3964,OADMET-0001103,3.94,train,3to4,0,0.011084822434950741,0.2123730115718022,0.6831620599620282,0.0894657109983517,0.003914395032867225,4to5
3964,3965,OADMET-0001102,3.53,train,3to4,1,0.11936739259639688,0.5836604553661184,0.2767491803946134,0.01508514790154517,0.005137823741326181,3to4
3965,3966,OADMET-0001101,4.26,train,4to5,0,0.16605562889570533,0.6713834769640223,0.15263650785428398,0.007412277837978415,0.0025121084480099263,3to4
3966,3967,OADMET-0001100,3.43,train,3to4,3,0.5291505278713228,0.46064658410020004,0.00886818550622319,0.00047182846048746265,0.0008628740617665449,lt3
3967,3968,OADMET-0001099,3.92,train,3to4,1,0.5007943042057053,0.478905183309844,0.01816468545700207,0.0009955411331062168,0.0011402858943425033,lt3
3968,3969,OADMET-0001098,3.49,train,3to4,0,0.39218774021280944,0.5020146531170581,0.07467565783780424,0.010304832869815215,0.020817115962512994,3to4
3969,3970,OADMET-0001097,4.31,train,4to5,2,0.012896463599734556,0.23446645230003088,0.670738546296678,0.07789088419313575,0.004007653610420872,4to5
3970,3971,OADMET-0001096,2.3,train,lt3,3,0.3604966404571873,0.5913275484400761,0.03888227048251937,0.003566335190715968,0.0057272054295012765,3to4
3971,3972,OADMET-0001095,3.87,train,3to4,2,0.06675250828266144,0.5050359964370728,0.388266921043396,0.03156496211886406,0.008379612118005753,3to4
3972,3973,OADMET-0001094,3.09,train,3to4,3,0.7477535052909138,0.24852615739525155,0.0022962642967250682,0.0003044197819220122,0.0011196532351875983,lt3
3973,3974,OADMET-0001093,4.08,train,4to5,4,8.480494751767425e-05,0.0020503584348652744,0.2026126549962297,0.6666125218264235,0.12863965979496383,5to6
3974,3975,OADMET-0001092,4.82,train,4to5,4,0.05118982480245101,0.38098213182803925,0.5137626141172166,0.049373280257698424,0.004692148994594749,4to5
3975,3976,OADMET-0001091,4.1,train,4to5,4,0.3097161815792801,0.6588407510133767,0.02750769776740642,0.0012536992521717048,0.0026816703877650476,3to4
3976,3977,OADMET-0001090,4.32,train,4to5,1,0.011640108319587991,0.1318955926594568,0.6405998622957711,0.19126662783908616,0.024597808886097878,4to5
3977,3978,OADMET-0001089,2.55,train,lt3,3,0.35393236518388504,0.6058319541866873,0.036872277284975136,0.0016624808049419916,0.0017009225395104295,3to4
3978,3979,OADMET-0001088,5.11,train,5to6,0,9.614799372070998e-05,0.004251978708463843,0.21351940340780437,0.6494069516298538,0.13272551826015722,5to6
3979,3980,OADMET-0001087,4.88,train,4to5,4,0.003282698072821223,0.027094252148907552,0.39624917128909937,0.41222980224959976,0.1611440762395721,5to6
3980,3981,OADMET-0001086,3.39,train,3to4,1,0.620137551713362,0.37470309683233705,0.004285295351721675,0.00044684942958968607,0.00042720667298954193,lt3
3981,3982,OADMET-0001085,3.53,train,3to4,3,0.33649199376446604,0.6414621315165681,0.020948238157480474,0.0005593969116740569,0.0005382396498113584,3to4
3982,3983,OADMET-0001084,3.46,train,3to4,1,0.24962600812134275,0.6884300227907936,0.05685038840046233,0.0024463076298375875,0.0026472730575637154,3to4
3983,3984,OADMET-0001083,3.46,train,3to4,2,0.7492998351851862,0.244717854856524,0.0032978586868710425,0.0006265072825628641,0.0020579439888559247,lt3
3984,3985,OADMET-0001082,2.11,train,lt3,4,0.583847364218838,0.40904562107185466,0.005263962034595974,0.00023775960388604573,0.0016052930708253573,lt3
3985,3986,OADMET-0001081,3.64,train,3to4,3,0.10610246906834742,0.6524991683772922,0.22833821598999635,0.0096094324412998,0.0034507141230642937,3to4
3986,3987,OADMET-0001080,5.22,train,5to6,4,2.5194104642689292e-05,0.00023382394899743082,0.04819214171104579,0.5087392743673428,0.44280956586797127,5to6
3987,3988,OADMET-0001079,3.43,train,3to4,3,0.05765950995240286,0.36094415478824415,0.5176975937412982,0.05578775288255864,0.007910988635496151,4to5
3988,3989,OADMET-0001078,2.93,train,lt3,3,0.4748867255802153,0.503960711458185,0.016562433444736454,0.0012651125335456294,0.003325016983317593,3to4
3989,3990,OADMET-0001077,3.91,train,3to4,0,0.07403518983898166,0.3966517437342971,0.4636636959472754,0.05617770536939323,0.009471665110052568,4to5
3990,3991,OADMET-0001076,4.87,train,4to5,1,0.00022215890945190029,0.007123926659019384,0.3189110757962348,0.5605043772471573,0.11323846138813667,5to6
3991,3992,OADMET-0001075,2.27,train,lt3,4,0.7004218012317276,0.2982280812437301,0.0008713136083330114,7.197404828945157e-05,0.0004068298679197886,lt3
3992,3993,OADMET-0001074,3.04,train,3to4,3,0.4997701285493387,0.4867484509768009,0.011134506066482235,0.0007731409764887797,0.0015737734308893447,lt3
3993,3994,OADMET-0001073,3.98,train,3to4,3,0.22733171366097382,0.7130463020351603,0.05711464606296501,0.0016687456508207737,0.0008385925900801083,3to4
3994,3995,OADMET-0001072,3.62,train,3to4,4,0.4663522667988068,0.46720112631614835,0.03759159009450319,0.002864598656863303,0.025990418133678365,3to4
3995,3996,OADMET-0001071,2.86,train,lt3,3,0.6023755884353914,0.3924508532728154,0.0044013677802773755,0.0003177040602658955,0.0004544864512498579,lt3
3996,3997,OADMET-0001070,3.61,train,3to4,0,0.0897625325584789,0.31240505445607086,0.37918860285265155,0.1559615158432948,0.0626822942895039,4to5
3997,3998,OADMET-0001069,2.67,train,lt3,3,0.6145426588227363,0.3784982237714263,0.00532845729980905,0.0003732469314358309,0.0012574131745926062,lt3
3998,3999,OADMET-0001068,3.97,train,3to4,2,0.07712852895409311,0.39384065930717266,0.42319168206540086,0.06321755137260468,0.04262157830072868,4to5
3999,4000,OADMET-0001067,3.11,train,3to4,4,0.2940836033384186,0.6687759344345812,0.035246071440685756,0.0010368734649596387,0.0008575173213548643,3to4
4000,4001,OADMET-0001066,2.42,train,lt3,0,0.2946653062319798,0.6801267849057769,0.023900320706850574,0.000832487245329637,0.00047510091006314144,3to4
4001,4002,OADMET-0001065,3.31,train,3to4,3,0.5581606081797146,0.4288826326236278,0.009967092516296579,0.0007613300183025505,0.002228336662058555,lt3
4002,4003,OADMET-0001064,3.14,train,3to4,4,0.4041845054052156,0.5813299632704501,0.013494642950978183,0.00039364468832255934,0.0005972436850335789,3to4
4003,4004,OADMET-0001063,2.44,train,lt3,1,0.611933552436308,0.3790110123305757,0.006417931139888396,0.0012845518464484373,0.0013529522467795175,lt3
4004,4005,OADMET-0001062,3.3,train,3to4,3,0.34039395635470615,0.5830020833955826,0.06334409041006754,0.00586293770352547,0.0073969321361183026,3to4
4005,4006,OADMET-0001061,4.08,train,4to5,3,0.45151893933765036,0.524976774244682,0.020516793561073027,0.001162888796666821,0.0018246040599277193,3to4
4006,4007,OADMET-0001060,3.97,train,3to4,2,0.22968122441418393,0.5578283920728845,0.18757880071159375,0.015566800695463227,0.009344782105874624,3to4
4007,4008,OADMET-0001059,3.61,train,3to4,0,0.007270256316528826,0.1205700303638485,0.6780032918983135,0.17578894890699262,0.018367472514316523,4to5
4008,4009,OADMET-0001058,4.1,train,4to5,4,0.001042397239273382,0.023914600069571752,0.5045616685478211,0.43025035166938735,0.040230982473946436,4to5
4009,4010,OADMET-0001057,3.65,train,3to4,3,0.5598583945553022,0.43049929530745273,0.008032831547135882,0.0005723235211872463,0.0010371550689219696,lt3
4010,4011,OADMET-0001056,3.92,train,3to4,4,0.00314212720936443,0.09557927864534102,0.7460903306474487,0.14913104037043845,0.006057223127407461,4to5
4011,4012,OADMET-0001055,2.8,train,lt3,3,0.2878885712719872,0.6602120645814006,0.04875510300235219,0.001610783774765835,0.001533477369494247,3to4
4012,4013,OADMET-0001054,2.56,train,lt3,3,0.6850369531768207,0.310489116246746,0.0031073672977214944,0.00027722914654202833,0.0010893341321697955,lt3
4013,4014,OADMET-0001053,4.64,train,4to5,4,0.0023206911252642193,0.06773332157892546,0.7060050005030107,0.21272516646136955,0.011215820331429994,4to5
4014,4015,OADMET-0001052,2.85,train,lt3,2,0.8097985240725368,0.18743477423531119,0.0010873990635682299,0.0004439414398731986,0.0012353611887105525,lt3
4015,4016,OADMET-0001051,2.49,train,lt3,0,0.5218204593487971,0.4667993549190786,0.009193709589112253,0.0007762417272505785,0.0014102344157615131,lt3
4016,4017,OADMET-0001050,2.16,train,lt3,0,0.639496378271448,0.3503505246933049,0.00757872164342827,0.0008284625845758314,0.0017459128072429579,lt3
4017,4018,OADMET-0001049,4.01,train,4to5,3,0.10471042770302637,0.5405729510665664,0.32533478717492526,0.023062823076528047,0.006319010978953832,3to4
4018,4019,OADMET-0001048,2.97,train,lt3,4,0.22033975614426757,0.7387745840990687,0.039340439462554735,0.0010272352767887575,0.0005179850173202995,3to4
4019,4020,OADMET-0001047,3.79,train,3to4,3,0.4081711360454586,0.5425105743856292,0.03785174706106744,0.0047834063747747005,0.006683136133069979,3to4
4020,4021,OADMET-0001046,4.23,train,4to5,3,0.005804104546700088,0.06410235708627837,0.6026268410595947,0.2944962885110883,0.03297040879633846,4to5
4021,4022,OADMET-0001045,4.29,train,4to5,3,0.07170081305552305,0.5174550534564781,0.3703979638032141,0.030828873413355867,0.009617296271428846,3to4
4022,4023,OADMET-0001044,3.2,train,3to4,1,0.6978053131939221,0.2987726194325881,0.002624061071629641,0.0002871309566978461,0.0005108753451622494,lt3
4023,4024,OADMET-0001043,3.76,train,3to4,1,0.22975619073094003,0.6611325722342378,0.09652212980243714,0.0059116761966282235,0.006677431035756792,3to4
4024,4025,OADMET-0001042,3.87,train,3to4,4,0.26231657909031675,0.6213428247904279,0.10459580798316218,0.005032146709763164,0.0067126414263300295,3to4
4025,4026,OADMET-0001041,3.76,train,3to4,4,0.7949243749536982,0.20412713200890253,0.0005014030008290517,5.0132591933442075e-05,0.0003969574446368666,lt3
4026,4027,OADMET-0001040,3.08,train,3to4,3,0.2269958875390774,0.6799907153192021,0.08709029936480854,0.0032185030011363846,0.0027045947757755374,3to4
4027,4028,OADMET-0001039,3.33,train,3to4,4,0.19315606013874975,0.6258517392993131,0.15168885618253772,0.010586472972163011,0.018716871407236386,3to4
4028,4029,OADMET-0001038,3.97,train,3to4,1,0.10216267192861055,0.5205883870709327,0.34710540640179843,0.024896464720209635,0.0052470698784486645,3to4
4029,4030,OADMET-0001037,2.68,train,lt3,3,0.7648415422582687,0.23303588789395754,0.0014958940166874101,0.00020529876545182757,0.0004213770656344692,lt3
4030,4031,OADMET-0001036,2.5,train,lt3,4,0.47571163009398265,0.5168125753929075,0.005800153996577639,0.00034465436822235805,0.001330986148309848,3to4
4031,4032,OADMET-0001035,3.12,train,3to4,0,0.35349917824106675,0.6119826587525686,0.03168113672069398,0.001574989992334303,0.0012620362933363479,3to4
4032,4033,OADMET-0001034,3.56,train,3to4,0,0.29160757685161587,0.6274600373760038,0.07039920703771906,0.0046280932621955775,0.005905085472465795,3to4
4033,4034,OADMET-0001033,2.04,train,lt3,0,0.7810600720017709,0.21535883389576632,0.001317657219192438,0.00055080035875218,0.0017126365245181715,lt3
4034,4035,OADMET-0001032,2.5,train,lt3,3,0.8322802218107137,0.16582815413049626,0.0010157078543730688,0.00023440287713480593,0.0006415133272821699,lt3
4035,4036,OADMET-0001031,3.73,train,3to4,0,0.257063386550078,0.614371353912607,0.11377685416407872,0.008430354222573,0.006358051150663303,3to4
4036,4037,OADMET-0001030,3.39,train,3to4,3,0.44933547847807687,0.5154509461563743,0.026729743498295475,0.0025974723558813352,0.00588635951137198,3to4
4037,4038,OADMET-0001029,2.7,train,lt3,4,0.23411503659684946,0.720016142576061,0.0429025455486517,0.0015496133455284182,0.001416661932909496,3to4
4038,4039,OADMET-0001028,3.44,train,3to4,1,0.09405810000509358,0.33243759104306436,0.4639067757763917,0.07812530972295102,0.031472223452499296,4to5
4039,4040,OADMET-0001027,3.67,train,3to4,0,0.4326842604890072,0.5442237702583101,0.019327360598924665,0.0014572558751930304,0.0023073527785649854,3to4
4040,4041,OADMET-0001026,2.94,train,lt3,4,0.15074558313902345,0.7296312930191496,0.11164075701888365,0.004738231579089077,0.0032441352438541756,3to4
4041,4042,OADMET-0001025,2.39,train,lt3,4,0.44961049644446516,0.5346731128683745,0.013254570677623694,0.0005293574821184434,0.0019324625274182443,3to4
4042,4043,OADMET-0001024,4.24,train,4to5,3,0.035716339496736804,0.32771417086558297,0.5799797104394752,0.051983992846883924,0.004605786351321158,4to5
4043,4044,OADMET-0001023,5.58,train,5to6,0,2.7474717993008284e-05,0.000679208603838987,0.043590001622204756,0.4427487239952402,0.512954591060723,gte6
4044,4045,OADMET-0001022,2.31,train,lt3,1,0.6960743245491907,0.30135215090045436,0.0016807243652545367,0.00038737996761471186,0.0005054202174856545,lt3
4045,4046,OADMET-0001021,1.62,train,lt3,4,0.1170447013710875,0.5043161201880159,0.33564816832033756,0.030458556355882377,0.01253245376467675,3to4
4046,4047,OADMET-0001020,2.74,train,lt3,1,0.7406488280172884,0.2568425314154259,0.0015301830588198549,0.0004132771113742732,0.0005651803970915633,lt3
4047,4048,OADMET-0001019,2.31,train,lt3,2,0.6032525548181612,0.38505949167778497,0.006944575165921177,0.0007013595019092952,0.004042018836223361,lt3
4048,4049,OADMET-0001018,3.34,train,3to4,3,0.5063742700808277,0.48387473988167096,0.008685743862468625,0.00035053512837128985,0.0007147110466614636,lt3
4049,4050,OADMET-0001017,4.26,train,4to5,3,0.21054662734659393,0.620791553583753,0.1529295591363736,0.009425153942650435,0.00630710599062903,3to4
4050,4051,OADMET-0001016,3.28,train,3to4,3,0.5708886233434772,0.4203471131810055,0.007646445447650091,0.0005089782508966698,0.0006088397769705079,lt3
4051,4052,OADMET-0001015,4.0,train,3to4,2,0.049325476688745734,0.27232861163783767,0.5565383957777754,0.10106885301418235,0.02073866288145885,4to5
4052,4053,OADMET-0001014,4.11,train,4to5,1,0.08672872997334849,0.3735912447966034,0.4612657662980963,0.05502433271888276,0.02338992621306907,4to5
4053,4054,OADMET-0001013,2.37,train,lt3,3,0.5655509851906371,0.4244383888355113,0.007775852487466646,0.0006403622708483969,0.001594411215536527,lt3
4054,4055,OADMET-0001012,3.47,train,3to4,3,0.7999640627069093,0.19672787002258663,0.001512855742630088,0.00032441850326475543,0.0014707930246091762,lt3
4055,4056,OADMET-0001011,3.14,train,3to4,3,0.6260985871293617,0.3609370371488591,0.00852477941990747,0.0015516808834358873,0.002887915418435801,lt3
4056,4057,OADMET-0001010,5.6,train,5to6,3,0.0008862712997956875,0.021629089478248393,0.5343210098328482,0.42010611273692017,0.02305751665218747,4to5
4057,4058,OADMET-0001009,3.21,train,3to4,0,0.32277685118244953,0.6404018941486087,0.03200597287709197,0.002447255166946981,0.0023680266249028474,3to4
4058,4059,OADMET-0001008,2.78,train,lt3,0,0.43819991590743723,0.5409533484741521,0.017574143000198463,0.0010875680225856084,0.0021850245956266338,3to4
4059,4060,OADMET-0001007,1.63,train,lt3,0,0.47020365660288915,0.49966700666916986,0.02331745196094328,0.0019881894800850386,0.0048236952869127004,3to4
4060,4061,OADMET-0001006,4.26,train,4to5,0,0.0029711209301623884,0.05691273538458366,0.684543031737863,0.23893944962782393,0.01663366231956701,4to5
4061,4062,OADMET-0001005,2.67,train,lt3,3,0.8630312347637524,0.1288515130548386,0.0013322344233396197,0.0005483316278497106,0.0062366861302196284,lt3
4062,4063,OADMET-0001004,2.79,train,lt3,1,0.8295082562397864,0.16893741993752623,0.0006882591586739554,0.00031347335235078574,0.0005525913116626791,lt3
4063,4064,OADMET-0001003,3.49,train,3to4,0,0.31067599117486694,0.6571794382608762,0.029934548038440527,0.0012204932766738596,0.0009895292491425083,3to4
4064,4065,OADMET-0001002,3.6,train,3to4,3,0.6542860678217406,0.33447768326365507,0.007228817118065314,0.0011276644331629563,0.002879767363376127,lt3
4065,4066,OADMET-0001001,2.92,train,lt3,0,0.5011747193055324,0.49294090336519114,0.005087175255177806,0.000303548284702498,0.0004936537893962521,lt3
4066,4067,OADMET-0001000,2.65,train,lt3,1,0.6473249613322547,0.3473864101278993,0.004128617119896786,0.0005681745084573491,0.0005918369114919212,lt3
4067,4068,OADMET-0000999,4.84,train,4to5,3,0.015747746423356707,0.12369466549960027,0.6519789087549245,0.18212878670146915,0.02644989262064939,4to5
4068,4069,OADMET-0000998,2.57,train,lt3,0,0.8348266884026423,0.13986439677271068,0.0031788150505438666,0.0036072117833604155,0.018522887990742736,lt3
4069,4070,OADMET-0000997,3.07,train,3to4,4,0.372646824371861,0.5998815551582962,0.02377443488572257,0.0010068245890407503,0.002690360995079512,3to4
4070,4071,OADMET-0000996,4.55,train,4to5,3,0.0009827218929792825,0.023524069553378577,0.4970141819398694,0.45077567132871793,0.027703355285054826,4to5
4071,4072,OADMET-0000995,2.93,train,lt3,1,0.5220010534678478,0.47074395314427564,0.0064190864082960325,0.00043963058881902673,0.0003962763907615399,lt3
4072,4073,OADMET-0000994,3.14,train,3to4,2,0.3864237515428154,0.5851298342437373,0.024625786551083613,0.001092149717049888,0.002728477945313776,3to4
4073,4074,OADMET-0000993,2.75,train,lt3,4,0.5140872761341677,0.47632371353173125,0.007633529892747133,0.0004052156823724124,0.0015502647589814979,lt3
4074,4075,OADMET-0000992,3.26,train,3to4,1,0.37463334283450583,0.5980392707353139,0.02547940617326752,0.0009362481088983582,0.0009117321480143634,3to4
4075,4076,OADMET-0000991,3.17,train,3to4,3,0.8902750315926522,0.101417240115824,0.0013178877560889803,0.0007213110563375928,0.006268529479097237,lt3
4076,4077,OADMET-0000990,4.39,train,4to5,4,0.010636419216341066,0.09244172412815278,0.680740783821654,0.18893078251079892,0.027250290323053157,4to5
4077,4078,OADMET-0000989,3.63,train,3to4,0,0.33661408817458255,0.618229363568866,0.04002045301635735,0.0026071189287893547,0.002528976311404774,3to4
4078,4079,OADMET-0000988,3.79,train,3to4,0,0.11536953037554806,0.5695784550798464,0.28170528297080377,0.026483575153005545,0.0068631564207962065,3to4
4079,4080,OADMET-0000987,4.19,train,4to5,3,0.3058311047306036,0.6411464814849756,0.046432923558004845,0.002599663335783172,0.003989826890632855,3to4
4080,4081,OADMET-0000986,3.86,train,3to4,1,0.06955309581433093,0.47642981554986863,0.4201522692560026,0.028429787252562004,0.005435032127235859,3to4
4081,4082,OADMET-0000985,4.55,train,4to5,4,0.007695369837743576,0.1654630490454477,0.6929162276070859,0.12567482045983236,0.008250533049890417,4to5
4082,4083,OADMET-0000984,3.92,train,3to4,3,0.29361959676589733,0.6419281825019195,0.058681818358282636,0.0027355220526929513,0.003034880321207636,3to4
4083,4084,OADMET-0000983,2.32,train,lt3,4,0.6948405815742241,0.29819156498544813,0.0027710254100723904,0.0002253120381788456,0.003971515992076515,lt3
4084,4085,OADMET-0000982,3.01,train,3to4,1,0.6995156434229594,0.2977989327427192,0.0019326007533557509,0.00036049023176266086,0.00039233284920302497,lt3
4085,4086,OADMET-0000981,3.99,train,3to4,3,0.04617283227744289,0.400809413986298,0.5147598089776764,0.035014154238510856,0.0032437905200719233,4to5
4086,4087,OADMET-0000980,2.74,train,lt3,3,0.48196104287634,0.49800422811157113,0.01670189661463172,0.0012129742397674287,0.0021198581576897225,3to4
4087,4088,OADMET-0000979,3.6,train,3to4,2,0.19438764612424003,0.6709118622243201,0.12493666151273565,0.00665999018632874,0.0031038399523755198,3to4
4088,4089,OADMET-0000978,4.25,train,4to5,3,0.019290287119486507,0.10060831196832773,0.4644836502689259,0.3045086275954121,0.11110912304784776,4to5
4089,4090,OADMET-0000977,2.68,train,lt3,1,0.6554170624002515,0.3375512255661363,0.004075572592317476,0.0014307860633887334,0.001525353377905884,lt3
4090,4091,OADMET-0000976,3.81,train,3to4,1,0.16093622858758655,0.6468718334684751,0.18192881954806053,0.006906296723403568,0.0033568216724742883,3to4
4091,4092,OADMET-0000975,3.28,train,3to4,0,0.4299403430248351,0.554034671683032,0.01394816112340666,0.0008130740045857517,0.0012637501641404993,3to4
4092,4093,OADMET-0000974,3.64,train,3to4,3,0.36698557519188785,0.5947713736875214,0.03359075979123471,0.001869981069994327,0.002782310259361677,3to4
4093,4094,OADMET-0000973,4.06,train,4to5,0,0.00294807679247639,0.0730322548540969,0.6703708388799677,0.23675701788375747,0.016891811589701523,4to5
4094,4095,OADMET-0000972,4.36,train,4to5,1,0.001404252902480877,0.03639312335188062,0.7061838859533176,0.24236117955515274,0.013657558237168146,4to5
4095,4096,OADMET-0000971,3.09,train,3to4,0,0.4132436156469436,0.5669543474457874,0.01698873476432781,0.0010963471773765283,0.0017169549655646158,3to4
4096,4097,OADMET-0000970,4.25,train,4to5,4,0.022755672225029746,0.305010241847905,0.5891784670984862,0.07380823348421815,0.009247385344360913,4to5
4097,4098,OADMET-0000969,3.92,train,3to4,2,0.10182217167169025,0.5018681715547534,0.36002268180175073,0.027864706699615865,0.008422268272189741,3to4
4098,4099,OADMET-0000968,3.94,train,3to4,0,0.44328386427508504,0.5333276491611124,0.017795259468587118,0.002103869842927311,0.0034893572522881294,3to4
4099,4100,OADMET-0000967,3.13,train,3to4,2,0.3207314122780741,0.6180337301966344,0.051433683125265986,0.0028908516433377943,0.006910322756687649,3to4
4100,4101,OADMET-0000966,3.9,train,3to4,3,0.08416665317995167,0.4571311756968879,0.41421684487745264,0.038068417335637414,0.006416908910070377,3to4
4101,4102,OADMET-0000965,2.96,train,lt3,0,0.7727398146563538,0.22500331322002132,0.0011223309950558183,0.00030264796297334035,0.000831893165595761,lt3
4102,4103,OADMET-0000964,3.15,train,3to4,4,0.37203773407895285,0.6057687328782557,0.019731709495858295,0.0007163275063340672,0.00174549604059909,3to4
4103,4104,OADMET-0000963,3.93,train,3to4,3,0.4366398585008139,0.5347462688343627,0.024820526114067463,0.0016761894163454267,0.0021171571344105133,3to4
4104,4105,OADMET-0000962,4.39,train,4to5,4,0.03743608170403266,0.22757775318548165,0.6123885307032735,0.10327234517987405,0.019325289227338123,4to5
4105,4106,OADMET-0000961,2.44,train,lt3,1,0.6755568786327242,0.3200452533444376,0.003386243847321962,0.0004786300858738129,0.0005329940896423899,lt3
4106,4107,OADMET-0000960,3.63,train,3to4,3,0.19397165152204668,0.7135620812917419,0.08495206504527571,0.0036874237054133376,0.0038267784355223893,3to4
4107,4108,OADMET-0000959,2.7,train,lt3,4,0.7505986561360928,0.24735457769570657,0.000997125037551445,7.758962468142663e-05,0.000972051505967816,lt3
4108,4109,OADMET-0000958,2.56,train,lt3,2,0.6351652430066161,0.35544370217782273,0.0051433106395619215,0.0006443098243394962,0.003603434351659639,lt3
4109,4110,OADMET-0000957,3.56,train,3to4,2,0.43888744303130134,0.4947897745781599,0.05143520560641582,0.004385437775538882,0.01050213900858407,3to4
4110,4111,OADMET-0000956,2.94,train,lt3,3,0.737082730786245,0.2587576845103157,0.0028296981894179907,0.000367211998324275,0.0009626745156969803,lt3
4111,4112,OADMET-0000955,3.66,train,3to4,0,0.04762747777406933,0.33492850148650827,0.47897210413434194,0.09795675229039522,0.040515164314685256,4to5
4112,4113,OADMET-0000954,2.48,train,lt3,4,0.684262933990566,0.3139922034950713,0.0012998859215457882,6.174771284559419e-05,0.0003832288799712444,lt3
4113,4114,OADMET-0000953,2.73,train,lt3,0,0.5813520699420807,0.4126031379296125,0.004640364662362141,0.0004149278073726128,0.0009894996585721064,lt3
4114,4115,OADMET-0000952,3.99,train,3to4,1,0.04277262511967821,0.2698195904845699,0.562023943983286,0.10566429911923743,0.019719541293228508,4to5
4115,4116,OADMET-0000951,3.33,train,3to4,0,0.879122086913224,0.10672249748115047,0.0012901339338953976,0.001030082707933251,0.011835198963796896,lt3
4116,4117,OADMET-0000950,3.79,train,3to4,1,0.005810810899978657,0.05757017985787338,0.5912583654813052,0.2978740725468671,0.047486571213975676,4to5
4117,4118,OADMET-0000949,3.08,train,3to4,3,0.5202579452260858,0.46647294943081863,0.011488086442335675,0.0007555879352818379,0.0010254309654779787,lt3
4118,4119,OADMET-0000948,3.13,train,3to4,3,0.8431488636739997,0.1542502409736729,0.001034027242628162,0.0002663176388019802,0.0013005504708972961,lt3
4119,4120,OADMET-0000947,2.15,train,lt3,1,0.3042887610551596,0.6366600704203841,0.054860645302547015,0.0022730286143034413,0.0019174946076058645,3to4
4120,4121,OADMET-0000946,2.52,train,lt3,0,0.49085759379428,0.48106645815335525,0.02353722753046286,0.0016103515858138732,0.0029283689360879834,lt3
4121,4122,OADMET-0000945,3.26,train,3to4,4,0.5936310337843751,0.4008282946063441,0.004357188536726226,0.00017264438650176536,0.0010108386860528133,lt3
4122,4123,OADMET-0000944,2.54,train,lt3,1,0.8036587503630006,0.19500178786307434,0.0005941476894040582,0.00032210805641193896,0.0004232060281090286,lt3
4123,4124,OADMET-0000943,2.61,train,lt3,3,0.7741851982019211,0.22260430735762227,0.0018514398410730594,0.0003246903184860472,0.0010343642808974805,lt3
4124,4125,OADMET-0000942,2.26,train,lt3,4,0.30307096814474754,0.6479935768264066,0.04500355283852848,0.001784846918790741,0.0021470552715266767,3to4
4125,4126,OADMET-0000941,3.86,train,3to4,0,0.31128156199645324,0.5887728932261341,0.07798092070872939,0.007448709107678714,0.01451591496100459,3to4
4126,4127,OADMET-0000940,3.09,train,3to4,3,0.5777775690658001,0.4100919100084812,0.008981813747234692,0.0007416776556129616,0.0024070295228709577,lt3
4127,4128,OADMET-0000939,4.76,train,4to5,1,0.007928188586510745,0.058896821929355955,0.529947561254299,0.32576933101787525,0.07745809721195908,4to5
4128,4129,OADMET-0000938,2.34,train,lt3,4,0.8006663909350286,0.19777932722738356,0.0005780824418171801,5.931830744959216e-05,0.0009168810883210865,lt3
4129,4130,OADMET-0000937,2.83,train,lt3,0,0.4070134983529462,0.5663238661619603,0.023200938059465798,0.001351575226349039,0.002110122199278681,3to4
4130,4131,OADMET-0000936,3.96,train,3to4,3,0.32290528896601867,0.6107138147893819,0.058175412443810665,0.003915650145773979,0.004289833655014854,3to4
4131,4132,OADMET-0000935,2.59,train,lt3,0,0.6958929008869141,0.29443280197525556,0.006025322511037959,0.0010508276050806952,0.00259814702171172,lt3
4132,4133,OADMET-0000934,2.14,train,lt3,4,0.5858713019968743,0.4022260949361781,0.004888504436121494,0.00038921833500787554,0.006624880295818255,lt3
4133,4134,OADMET-0000933,4.05,train,4to5,4,0.025408858882978856,0.24238108527403382,0.617238234474814,0.10048541604468869,0.014486405323484634,4to5
4134,4135,OADMET-0000932,2.64,train,lt3,3,0.8721175622439031,0.12628173585740138,0.0006349222263457717,0.0001765203017154959,0.0007892593706341997,lt3
4135,4136,OADMET-0000931,4.35,train,4to5,1,0.08237598867109414,0.2967343639460741,0.4996824879187438,0.08536127986521005,0.035845879598877875,4to5
4136,4137,OADMET-0000930,2.76,train,lt3,4,0.7087820170136445,0.28435239776090154,0.002706912350548495,0.00025535035120218474,0.0039033225237032365,lt3
4137,4138,OADMET-0000929,2.13,train,lt3,4,0.7299284979928017,0.264761568745513,0.001997390308605043,0.00016183791839950484,0.0031507050346808426,lt3
4138,4139,OADMET-0000928,1.88,train,lt3,0,0.8112804776344381,0.18637767173753578,0.0011395272872476753,0.0002974275807278103,0.0009048957600505683,lt3
4139,4140,OADMET-0000927,2.32,train,lt3,3,0.7998587131563404,0.1532276502298869,0.003916943736361992,0.002968778235370894,0.04002791464203978,lt3
4140,4141,OADMET-0006617,3.515,as1,3to4,0,0.12259594867758548,0.560496498635104,0.2866221612948522,0.021798057075626084,0.008487334316832306,3to4
4141,4143,OADMET-0006615,5.335,as1,5to6,0,0.0002141183500989289,0.0030191966753782057,0.10956695659746384,0.5661990634225934,0.32100066495446566,5to6
4142,4146,OADMET-0006612,4.28,as1,4to5,4,0.023607568111790177,0.14480229780667134,0.6301970294059208,0.17794773942387881,0.02344536525173887,4to5
4143,4148,OADMET-0006610,4.949999999999999,as1,4to5,0,0.00021215667315850636,0.004115915268930338,0.13994961559922647,0.590644401590693,0.2650779108679917,5to6
4144,4149,OADMET-0006609,2.015,as1,lt3,4,0.5815055678668588,0.4130461607658516,0.003959050206165255,0.00023830634294075476,0.001250914818183659,lt3
4145,4152,OADMET-0006606,5.49,as1,5to6,1,0.00013803587791818894,0.004127762411530498,0.14739935568319623,0.537238138099068,0.31109670792828714,5to6
4146,4154,OADMET-0006604,4.715,as1,4to5,4,0.05493967877813282,0.2865449136766621,0.5382586617347103,0.07832438352844895,0.04193236228204589,4to5
4147,4155,OADMET-0006603,2.275,as1,lt3,1,0.627908118586287,0.36198178393021396,0.007197192495746303,0.0013732250255627473,0.001539679962189998,lt3
4148,4158,OADMET-0006600,3.99,as1,3to4,0,0.02479285449715609,0.3305040450168828,0.5722283465164149,0.06435968439163188,0.008115069577914346,4to5
4149,4159,OADMET-0006599,2.3600000000000003,as1,lt3,3,0.2891632331625286,0.6698374182595475,0.0378745460739717,0.0016483909059650317,0.0014764115979871773,3to4
4150,4161,OADMET-0006597,5.215,as1,5to6,0,2.4952768006255354e-05,0.0005051651492072685,0.04877404969592136,0.528087448087207,0.42260838429965814,5to6
4151,4162,OADMET-0006596,4.89,as1,4to5,4,0.18229213187198964,0.4349044818905696,0.2944353791472001,0.028348786492377646,0.06001922059786301,3to4
4152,4165,OADMET-0006593,4.46,as1,4to5,4,0.21331342836102415,0.5115869350187143,0.24138839491536587,0.017143878244988815,0.016567363459906784,3to4
4153,4169,OADMET-0006589,3.42,as1,3to4,3,0.19542288045403505,0.7024803433128951,0.09647011384694812,0.003433045365355334,0.0021936170207663497,3to4
4154,4171,OADMET-0006587,5.31,as1,5to6,3,0.0002851818543412899,0.010085298579384918,0.4292502360533812,0.5302232451115167,0.030156038401375842,5to6
4155,4173,OADMET-0006585,4.215,as1,4to5,2,0.12375838455237821,0.4531681318164404,0.3440503609454085,0.05026574561948071,0.028757377066292233,3to4
4156,4176,OADMET-0006582,4.67,as1,4to5,3,0.017749096665151076,0.2393417584534998,0.6663974919437253,0.07265352984603836,0.0038581230915854968,4to5
4157,4177,OADMET-0006581,5.395,as1,5to6,2,0.0004278613903220075,0.002616361613320583,0.035035642366345654,0.3277183345875162,0.6342018000424956,gte6
4158,4178,OADMET-0006580,5.265,as1,5to6,2,0.00044484165602962387,0.00935983498346299,0.3142236546424444,0.5934065159661034,0.08256515275195962,5to6
4159,4179,OADMET-0006579,5.15,as1,5to6,3,0.008119660604776759,0.055954108391505816,0.45127801864612677,0.3957301605744138,0.08891805178317691,4to5
4160,4180,OADMET-0006578,4.890000000000001,as1,4to5,3,0.0005178285626057469,0.017235692523257375,0.4824706893224772,0.4752388279977603,0.024536961593899384,4to5
4161,4184,OADMET-0006574,5.405,as1,5to6,0,0.00025753871980683005,0.008520329402091482,0.34941336639681453,0.5721156617950898,0.06969310368619737,5to6
4162,4185,OADMET-0006573,4.775,as1,4to5,0,0.33469053198953586,0.555075690059741,0.08925453332403538,0.008861141040014951,0.012118103586672802,3to4
4163,4188,OADMET-0006570,4.84,as1,4to5,4,3.452612091729867e-05,0.00042720932897889936,0.07812715200472053,0.5819921403164974,0.33941897222888595,5to6
4164,4189,OADMET-0006568,5.105,as1,5to6,0,0.0007259872895772212,0.018327493120299923,0.5438369526143656,0.40598262968659177,0.03112693728916553,4to5
4165,4190,OADMET-0006567,4.835,as1,4to5,2,0.0008080991443636266,0.015852516046446795,0.4290254882767913,0.5141536440806022,0.04016025245179604,5to6
4166,4191,OADMET-0006566,1.945,as1,lt3,3,0.2072240681309616,0.6636927631167775,0.11833640022664703,0.006355353076634653,0.004391415448979258,3to4
4167,4192,OADMET-0006565,4.975,as1,4to5,0,0.009585680457922966,0.10691422243959126,0.6444827330195955,0.20661565699915524,0.03240170708373507,4to5
4168,4193,OADMET-0006564,5.13,as1,5to6,3,0.00029114478156113543,0.009614918852536018,0.435611107977193,0.5265941368068403,0.02788869158186949,5to6
4169,4195,OADMET-0006561,5.305,as1,5to6,4,5.610704196034164e-05,0.0008693500567867201,0.12221081014970214,0.6083383662294117,0.2685253665221391,5to6
4170,4197,OADMET-0006559,4.245,as1,4to5,0,0.012858537861268685,0.14983335025732702,0.671108538872685,0.14848917612068968,0.017710396888029598,4to5
4171,4199,OADMET-0006557,4.63,as1,4to5,4,0.0003392489130537241,0.005245447111182744,0.19186433975521724,0.5082786633114172,0.29427230090912904,5to6
4172,4201,OADMET-0006555,5.335,as1,5to6,3,0.0002225445132458867,0.007269741739683653,0.2192063999422593,0.6233721579568716,0.14992915584793956,5to6
4173,4204,OADMET-0006552,5.41,as1,5to6,4,0.0014950661858699535,0.0171425655836829,0.4351970765799859,0.48204945569551105,0.06411583595495016,5to6
4174,4208,OADMET-0006548,4.065,as1,4to5,2,0.12947364012808832,0.6833505557304888,0.17695168961310345,0.007447412623422923,0.00277670190489658,3to4
4175,4209,OADMET-0006547,4.925000000000001,as1,4to5,1,0.0018692238399931138,0.023463300664077785,0.4755239345530743,0.4244152777565299,0.07472826318632496,4to5
4176,4210,OADMET-0006546,6.72,as1,gte6,1,4.794286622710935e-05,0.0007671699114943318,0.01936434354674493,0.23154951142520364,0.74827103225033,gte6
4177,4211,OADMET-0006545,4.96,as1,4to5,3,0.0023452202578934547,0.04867556468238461,0.5805330454908223,0.3416366384122605,0.02680953115663913,4to5
4178,4212,OADMET-0006544,4.87,as1,4to5,4,0.05979612817141919,0.45165085603256816,0.44580900482261504,0.036598361875216825,0.006145649098180774,3to4
4179,4214,OADMET-0006542,5.565,as1,5to6,1,0.00011147469788796452,0.0038370415284491545,0.18204327897621939,0.6015787445165999,0.2124294602808436,5to6
4180,4216,OADMET-0006540,5.805,as1,5to6,1,0.00021415340867616544,0.004987516503303622,0.11717324106534982,0.46757850640166704,0.41004658262100335,5to6
4181,4217,OADMET-0006539,5.390000000000001,as1,5to6,3,0.0018084607159517244,0.031147288684309094,0.5528286192752595,0.38880828679273854,0.025407344531741104,4to5
4182,4219,OADMET-0006536,4.605,as1,4to5,4,0.0007485963373095831,0.020832172143932185,0.6022181707359434,0.35569286966406094,0.020508191118753873,4to5
4183,4221,OADMET-0006534,2.8200000000000003,as1,lt3,2,0.004589088038883565,0.057420195093517985,0.5903843355365233,0.32402892331638933,0.02357745801468583,4to5
4184,4222,OADMET-0006533,4.655,as1,4to5,3,0.024228863520686185,0.2680365248519471,0.6062373674600249,0.0859087121664737,0.015588532000868119,4to5
4185,4223,OADMET-0006532,5.25,as1,5to6,0,0.0049538623867261804,0.05449450117027777,0.5863754457132087,0.3180711110897321,0.0361050796400553,4to5
4186,4224,OADMET-0006531,5.955,as1,5to6,2,0.00022409350036695148,0.0043342556112768525,0.1402618892796384,0.6339251434094557,0.22125461819926212,5to6
4187,4225,OADMET-0006530,5.445,as1,5to6,4,2.030529414022945e-05,0.00016866702189696303,0.04986129853145464,0.5154967080056176,0.4344530211468905,5to6
4188,4226,OADMET-0006529,5.375,as1,5to6,4,0.0481733566218117,0.2850426722875138,0.5712371447263764,0.07503008814517376,0.02051673821912431,4to5
4189,4229,OADMET-0006525,4.415,as1,4to5,1,0.021902863364629568,0.2727860563700154,0.615684044481595,0.08051259228099551,0.00911444350276451,4to5
4190,4231,OADMET-0006523,4.76,as1,4to5,2,0.0013641585770060652,0.014396381205272217,0.2726680391986866,0.5699287738132808,0.14164264720575437,5to6
4191,4232,OADMET-0006522,5.625,as1,5to6,2,0.0004654800691124142,0.006070952165378626,0.16230785227894998,0.6083323723602979,0.22282334312626104,5to6
4192,4234,OADMET-0006520,4.845000000000001,as1,4to5,4,0.033750252900631945,0.2558449373326111,0.5876608184454908,0.10985768013444722,0.01288631118681894,4to5
4193,4237,OADMET-0006517,4.244999999999999,as1,4to5,1,0.04048761039928378,0.2730323759264432,0.5982860460339656,0.07440169325532342,0.013792274384984026,4to5
4194,4239,OADMET-0006515,5.23,as1,5to6,0,0.007126620512700812,0.0835492110206787,0.6400232499822934,0.24079599919270356,0.028504919291623465,4to5
4195,4240,OADMET-0006514,2.725,as1,lt3,3,0.1431057693869359,0.5634404195212405,0.2559037404098913,0.023892975386792848,0.013657095295139497,3to4
4196,4243,OADMET-0006511,3.655,as1,3to4,2,0.16332336971773412,0.5782466956241885,0.23191526748361638,0.016500993914509675,0.01001367325995135,3to4
4197,4247,OADMET-0006507,4.465,as1,4to5,2,0.020006496682835707,0.13412168771909574,0.6257202099157894,0.18369685318727255,0.03645475249500669,4to5
4198,4248,OADMET-0006506,2.2,as1,lt3,4,0.3401891300646285,0.6180144565683262,0.03497431064483052,0.0015891743868286937,0.005232928335386128,3to4
4199,4250,OADMET-0006504,5.15,as1,5to6,0,0.00021805022231209052,0.004401402135006414,0.17210658100730095,0.6021785212155799,0.2210954454198007,5to6
4200,4253,OADMET-0006501,4.27,as1,4to5,3,0.11782364075405845,0.5194457561372151,0.3265969324450306,0.02597261861262601,0.010161052051069925,3to4
4201,4255,OADMET-0006499,5.065,as1,5to6,0,0.0007707422876432678,0.021589531966741,0.5258104076585516,0.4139083522697033,0.03792096581736081,4to5
4202,4260,OADMET-0006494,4.295,as1,4to5,3,0.016259495835285475,0.20054763570123985,0.6894494979954229,0.08741261911988546,0.006330751348166395,4to5
4203,4264,OADMET-0006490,3.245,as1,3to4,1,0.31796956047510283,0.615511238288362,0.06126037237175723,0.0027204647181925993,0.0025383641465854066,3to4
4204,4270,OADMET-0006484,5.51,as1,5to6,4,0.00010646776928115505,0.0011750453319283095,0.08669027408197995,0.5083100473606043,0.4037181654562063,5to6
4205,4272,OADMET-0006482,6.035,as1,gte6,0,8.414367301894758e-06,0.00011299015370358133,0.0089115488139434,0.24654511278097024,0.7444219338840808,gte6
4206,4276,OADMET-0006477,5.35,as1,5to6,0,0.00013689419063745277,0.003858732120635131,0.15984179332369283,0.6043954587218158,0.23176712164321886,5to6
4207,4280,OADMET-0006472,1.755,as1,lt3,4,0.5069087366672835,0.4833652315579375,0.007640173556042032,0.0003811362847282917,0.0017047219340087245,lt3
4208,4283,OADMET-0006469,4.58,as1,4to5,2,0.24649606528251938,0.49473574512498253,0.18612434246698026,0.02862044796028048,0.04402339916523738,3to4
4209,4284,OADMET-0006468,5.87,as1,5to6,2,0.0002967177633907372,0.008734012638778852,0.38624647004359414,0.5543122086572925,0.05041059089694383,5to6
4210,4289,OADMET-0006463,5.54,as1,5to6,0,0.0030263761916895287,0.05278144343907168,0.5999277588868632,0.31536429005268257,0.02890013142969305,4to5
4211,4290,OADMET-0006462,5.550000000000001,as1,5to6,1,6.734547289316499e-05,0.0022496169734182734,0.09310488720218124,0.5130213673947227,0.39155678295678464,5to6
4212,4291,OADMET-0006461,5.34,as1,5to6,3,0.00016636615013544172,0.003013798910034169,0.12612659990789757,0.6505972620052366,0.22009597302669617,5to6
4213,4292,OADMET-0006460,1.98,as1,lt3,2,0.5833602244300136,0.4069585706339153,0.00689894274964979,0.0005832162279829143,0.0021990459584385167,lt3
4214,4294,OADMET-0006458,1.945,as1,lt3,0,0.05168221443791471,0.4470668966606847,0.4533924692984826,0.04205556525675463,0.005802854346163345,4to5
4215,4297,OADMET-0006455,6.225,as1,gte6,0,0.003617812139617094,0.035788856038438635,0.43791701890110646,0.4415982613250812,0.08107805159575666,5to6
4216,4299,OADMET-0006453,5.135,as1,5to6,2,0.00011049852712368832,0.0024876516901261242,0.1270196962493241,0.605236626895075,0.2651455266383511,5to6
4217,4300,OADMET-0006452,4.72,as1,4to5,2,0.056983168236657035,0.5597517032937966,0.36451178790451083,0.01693530987382546,0.0018180306912100007,3to4
4218,4301,OADMET-0006451,5.11,as1,5to6,4,0.0020375453825068296,0.011524875361201897,0.24943939720047276,0.4944235559312346,0.2425746261245839,5to6
4219,4303,OADMET-0006449,4.465,as1,4to5,2,0.0008381236425015302,0.016350088116660565,0.4239098293721725,0.49680124119986524,0.06210071766880018,5to6
4220,4307,OADMET-0006445,5.029999999999999,as1,5to6,0,0.00033477600149456034,0.005765826818406449,0.12055048906329734,0.5024514121092406,0.37089749600756106,5to6
4221,4308,OADMET-0006443,4.6850000000000005,as1,4to5,2,0.0055880652006547096,0.11388520557030422,0.7511415257709764,0.12467945740582176,0.004705746052242933,4to5
4222,4309,OADMET-0006442,4.75,as1,4to5,0,0.006252195846065616,0.0880565078715173,0.6550603784707656,0.2200516056709836,0.030579312140667916,4to5
4223,4310,OADMET-0006441,4.734999999999999,as1,4to5,2,9.740160606134487e-05,0.0014816592172696877,0.056324410839271075,0.4897871609482105,0.4523093673891874,5to6
4224,4311,OADMET-0006440,5.165,as1,5to6,0,0.004731978546111862,0.040140049618992625,0.20878019005334095,0.4198475294348247,0.32650025234672986,5to6
4225,4312,OADMET-0006439,1.745,as1,lt3,3,0.03369111933989242,0.2358551170009093,0.5931719530500994,0.11183121779592481,0.025450592813174067,4to5
4226,4316,OADMET-0006435,2.475,as1,lt3,1,0.3923068333632122,0.5477523788406913,0.05070076496144543,0.004166372574400979,0.00507365026025013,3to4
4227,4318,OADMET-0006433,1.845,as1,lt3,4,0.4494090100665287,0.5146589302541337,0.024906985574794517,0.001425895031496173,0.00959917907304689,3to4
4228,4320,OADMET-0006431,4.005,as1,4to5,2,0.046068931681201214,0.3825382790343811,0.5120642054064519,0.052717729052773166,0.00661085482519259,4to5
4229,4321,OADMET-0006430,5.285,as1,5to6,0,0.0005377703745269875,0.005485633201367721,0.05980712716775193,0.35201169841882984,0.5821577708375235,gte6
4230,4322,OADMET-0006429,5.37,as1,5to6,4,5.8937636251370676e-05,0.0004034117178401491,0.027271865092316157,0.244195105047183,0.7280706805064093,gte6
4231,4324,OADMET-0006427,3.38,as1,3to4,0,0.003575076591066514,0.037866398789112084,0.4342898439562852,0.41545450793812044,0.10881417272541577,4to5
4232,4327,OADMET-0006424,5.38,as1,5to6,2,3.0443432436137473e-05,0.00015230893929639794,0.003741998909435306,0.10358981647485664,0.8924854322439755,gte6
4233,4331,OADMET-0006420,6.140000000000001,as1,gte6,2,2.8617366964510252e-05,0.00017411045932809091,0.004410892502381405,0.11823144461520342,0.8771549350561225,gte6
4234,4333,OADMET-0006418,3.84,as1,3to4,4,0.09560255850995106,0.6536148885462824,0.23568103074079078,0.011463209228848246,0.003638312974127555,3to4
4235,4335,OADMET-0006416,6.015,as1,gte6,2,3.989845864352297e-05,0.0002592347690187062,0.0067374812155405585,0.15014663067894854,0.8428167548778487,gte6
4236,4336,OADMET-0006415,5.505000000000001,as1,5to6,0,0.00011937478053877027,0.0031849867873105604,0.08805537382901495,0.49257284105208815,0.4160674235510476,5to6
4237,4337,OADMET-0006414,3.74,as1,3to4,2,0.05361532287070108,0.376667248159673,0.47969084142256563,0.07380663188427532,0.016219955662784977,4to5
4238,4338,OADMET-0006413,5.995,as1,5to6,2,0.0005374409245581423,0.012290239969974552,0.3480458473936343,0.5560796723199948,0.08304679939183825,5to6
4239,4339,OADMET-0006412,5.735,as1,5to6,2,2.954644424291474e-05,0.00013753823138906664,0.004134112165549182,0.12460186717745662,0.8710969359813622,gte6
4240,4341,OADMET-0006410,2.535,as1,lt3,1,0.28861235513890476,0.6046407625375451,0.09724826268223187,0.005089860748429823,0.004408758892888446,3to4
4241,4342,OADMET-0006409,6.005,as1,gte6,2,0.00012291177736832088,0.001193032836409952,0.030117157937409527,0.3751625429963845,0.5934043544524277,gte6
4242,4343,OADMET-0006408,5.805,as1,5to6,2,2.07527034642493e-05,0.00018682412965281793,0.008023940296382077,0.20460233779816733,0.7871661450723335,gte6
4243,4347,OADMET-0006404,5.465,as1,5to6,3,1.4270203108845529e-05,0.0002403952714239261,0.010420540513000622,0.2525044421674306,0.736820351845036,gte6
4244,4348,OADMET-0006401,4.74,as1,4to5,1,0.04873956403687271,0.24706104581848565,0.5762442989367567,0.09660360289069714,0.03135148831718779,4to5
4245,4349,OADMET-0006400,4.835,as1,4to5,3,0.0001172688592286422,0.004553350418607705,0.24906212480127873,0.6667950454518702,0.07947221046901472,5to6
4246,4350,OADMET-0006399,5.17,as1,5to6,3,0.00028475762479010925,0.006014748309598519,0.17845244102116897,0.6292057945990903,0.18604225844535205,5to6
4247,4353,OADMET-0006396,5.779999999999999,as1,5to6,2,0.00030995869365833676,0.00962211433842785,0.4224390931081396,0.5350236011564886,0.032605232703285573,5to6
4248,4354,OADMET-0006395,5.07,as1,5to6,0,0.001216296596592643,0.028850434925671995,0.5655232781160162,0.3695266022764351,0.03488338808528413,4to5
4249,4356,OADMET-0006393,5.3100000000000005,as1,5to6,1,0.00012451986115266355,0.0036271355247209907,0.18226020892768485,0.5875968132185231,0.22639132246791838,5to6
4250,4362,OADMET-0006386,6.26,as1,gte6,2,0.00015467298289177203,0.0012176937258660914,0.026886305310641755,0.3586499505263757,0.6130913774542247,gte6
4251,4363,OADMET-0006385,4.125,as1,4to5,1,0.06496025985805656,0.44133651647325556,0.4520906838758727,0.035305766179912476,0.006306773612902744,4to5
4252,4369,OADMET-0006379,2.97,as1,lt3,1,0.5026292565678059,0.47613028443833183,0.016566627814925232,0.0021626030945490994,0.002511228084387992,lt3
4253,4370,OADMET-0006378,4.859999999999999,as1,4to5,3,0.00922538640449526,0.12963322280981512,0.685805147879168,0.1621493421303623,0.013186900776159331,4to5
4254,4372,OADMET-0006375,4.970000000000001,as1,4to5,2,0.019345371293757654,0.2238614371535095,0.6521007468094423,0.09790661855452167,0.006785826188768859,4to5
4255,4373,OADMET-0006374,5.6,as1,5to6,0,9.82832957797778e-05,0.003908957622376598,0.23096499167165696,0.5970869953968237,0.1679407720133629,5to6
4256,4375,OADMET-0006372,4.855,as1,4to5,4,0.00032492741073990625,0.007286050240508002,0.41047310173308554,0.5322310839490131,0.049684836666653416,5to6
4257,4376,OADMET-0006371,4.895,as1,4to5,3,8.74018188030485e-05,0.002906371720267786,0.1505905328087444,0.6383170820018604,0.20809861165032428,5to6
4258,4378,OADMET-0006369,3.47,as1,3to4,4,0.4804676973540363,0.46730678343336796,0.028472301914733412,0.0017044091025071736,0.022048808195355093,lt3
4259,4379,OADMET-0006368,5.79,as1,5to6,0,8.715309299867713e-06,6.78226782270104e-05,0.0041637303869071565,0.15980429805407004,0.8359554335714959,gte6
4260,4381,OADMET-0006366,5.915,as1,5to6,1,6.731735655050633e-05,0.001969704877543972,0.0716209041786206,0.44601383973050657,0.48032823385677836,gte6
4261,4384,OADMET-0006363,3.445,as1,3to4,3,0.4278772715943229,0.5604283737079641,0.0106198134388013,0.00041352791059704266,0.0006610133483147091,3to4
4262,4387,OADMET-0006360,5.475,as1,5to6,2,0.00037962176442942575,0.005525030917192188,0.17317172227226263,0.6200809839296363,0.20084264111647945,5to6
4263,4396,OADMET-0006351,5.58,as1,5to6,2,2.909182350289436e-05,0.0007741187634669115,0.09700515931372508,0.6768314883826522,0.22536014171665295,5to6
4264,4397,OADMET-0006350,4.87,as1,4to5,3,4.31744244536619e-05,0.0011403165440236674,0.09655915479830354,0.679732647520818,0.22252470671240113,5to6
4265,4400,OADMET-0006347,5.58,as1,5to6,4,0.03641592988777344,0.13290559898935558,0.6064541777775465,0.14210252093256395,0.08212177241276053,4to5
4266,4403,OADMET-0006344,4.195,as1,4to5,3,0.25799876211212236,0.6585133014385282,0.07440816541753555,0.004619717554936953,0.004460053476877012,3to4
4267,4406,OADMET-0006341,4.65,as1,4to5,1,0.006374970327423497,0.09241109772305464,0.6875616078302277,0.1946657978880204,0.018986526231273816,4to5
4268,4407,OADMET-0006340,5.2,as1,5to6,4,0.00022888380996185945,0.00290744135136716,0.16558537575587134,0.5808869841798749,0.2503913149029247,5to6
4269,4411,OADMET-0006336,1.805,as1,lt3,2,0.1599166317323705,0.6500713516458506,0.17338248263811076,0.00968449796185885,0.006945036021809245,3to4
4270,4412,OADMET-0006335,3.665,as1,3to4,1,0.3629432539183959,0.5513287065958375,0.07207436701865157,0.005900030826543714,0.0077536416405713385,3to4
4271,4413,OADMET-0006334,4.91,as1,4to5,0,0.0027122745708556477,0.028975839612247624,0.3662557171728378,0.4547632768544583,0.14729289178960067,5to6
4272,4416,OADMET-0006331,4.88,as1,4to5,4,2.5040950799065213e-05,0.00020424844540958324,0.032295812594819284,0.37554413863333685,0.5919307593756352,gte6
4273,4419,OADMET-0006328,4.869999999999999,as1,4to5,3,0.014910636783090106,0.19976500338917352,0.6884031010475588,0.0898526348188126,0.007068623961365068,4to5
4274,4421,OADMET-0006326,5.24,as1,5to6,0,0.001096096173423142,0.02755479269740259,0.6142187403118073,0.3326051389305905,0.02452523188677643,4to5
4275,4423,OADMET-0006324,4.215,as1,4to5,2,0.06114607503176174,0.4954960801521033,0.40791462693233405,0.03118960843302025,0.004253609450780705,3to4
4276,4429,OADMET-0006318,5.745,as1,5to6,1,8.418987629854351e-05,0.0024077006488738726,0.13389972753875007,0.5684224117296997,0.29518597020637793,5to6
4277,4434,OADMET-0006313,5.07,as1,5to6,3,0.0005129578576155458,0.011167810160041347,0.39989357690924476,0.5472593239644638,0.04116633110863456,5to6
4278,4436,OADMET-0006311,4.725,as1,4to5,3,0.0013549198072535576,0.03398740524454577,0.6510490507562278,0.3007596905613119,0.012848933630660924,4to5
4279,4439,OADMET-0006308,4.795,as1,4to5,2,9.452143132765442e-05,0.0029830310046264534,0.16541946918063544,0.6470042269069616,0.1844987514764489,5to6
4280,4441,OADMET-0006306,5.24,as1,5to6,1,0.0007129820259189942,0.010529636350246887,0.30417993505391094,0.5142358514549428,0.17034159511498037,5to6
4281,4442,OADMET-0006305,3.565,as1,3to4,3,0.1011078999999566,0.6024149487982984,0.27530147856190396,0.0162074058444964,0.004968266795344647,3to4
4282,4443,OADMET-0006304,5.025,as1,5to6,2,0.014805588540309923,0.15377404942123482,0.6591718645578951,0.15776107852694962,0.014487418953610533,4to5
4283,4444,OADMET-0006303,5.875,as1,5to6,1,0.00018424154774456886,0.004111320631802474,0.12549982721186434,0.5145524640258003,0.3556521465827883,5to6
4284,4445,OADMET-0006302,5.495,as1,5to6,0,2.8708898046318645e-05,0.0009289388316068074,0.06589628593749565,0.5609165291920184,0.3722295371408328,5to6
4285,4446,OADMET-0006301,5.58,as1,5to6,3,0.00030993942864829656,0.006552753306408473,0.2422810570718797,0.6464257045011653,0.10443054569189826,5to6
4286,4448,OADMET-0006299,4.725,as1,4to5,2,0.015256259245165339,0.23214943108722944,0.6699758429420214,0.07957622714575321,0.003042239579830675,4to5
4287,4449,OADMET-0006298,4.26,as1,4to5,3,0.029692156074426195,0.22931869199880198,0.6187977160208055,0.10747867762588703,0.0147127582800793,4to5
4288,4451,OADMET-0006296,5.890000000000001,as1,5to6,2,0.003988058706940126,0.028014361401785794,0.26865028897171833,0.5372608812506633,0.16208640966889246,5to6
4289,4453,OADMET-0006294,5.185,as1,5to6,0,0.0008927754198733071,0.011084738132648476,0.22264304646962213,0.5815197200613809,0.18385971991647523,5to6
4290,4455,OADMET-0006292,4.34,as1,4to5,1,0.02484772942061946,0.2287410054780651,0.6153381077172315,0.10688610443076575,0.024187052953318133,4to5
4291,4457,OADMET-0006290,3.2750000000000004,as1,3to4,1,0.5358607867888565,0.45063588854691344,0.01180279835485196,0.0007500529893305384,0.0009504733200476064,lt3
4292,4459,OADMET-0006288,4.98,as1,4to5,1,0.000991352249538096,0.01702553961385446,0.37963068401289835,0.47395127906870627,0.1284011450550028,5to6
4293,4460,OADMET-0006287,4.055,as1,4to5,3,0.011027542610457419,0.12927091904227597,0.6973199670443292,0.15262387126735563,0.009757700035581834,4to5
4294,4462,OADMET-0006285,3.57,as1,3to4,0,0.1448401123662969,0.4982081643475789,0.30576683191525666,0.03416949300543728,0.017015398365430263,3to4
4295,4463,OADMET-0006284,6.08,as1,gte6,4,0.00015019766820190345,0.002148327476871625,0.14301653540585776,0.5982422345166943,0.2564427049323744,5to6
4296,4464,OADMET-0006283,5.16,as1,5to6,4,0.00591997590653512,0.04383815609642212,0.4246617409861433,0.43159703967765534,0.09398308733324415,5to6
4297,4467,OADMET-0006280,5.275,as1,5to6,4,0.0005134850369516011,0.00469821539180263,0.11289433086307366,0.31686734301080505,0.5650266256973671,gte6
4298,4470,OADMET-0006277,2.505,as1,lt3,1,0.6021724919717725,0.385269372399484,0.009284458092883599,0.0012460183311616404,0.0020276592046983475,lt3
4299,4472,OADMET-0006275,3.415,as1,3to4,1,0.18627139919818547,0.6190087298029074,0.1818523856953082,0.00928117260290204,0.0035863127006967826,3to4
4300,4473,OADMET-0006274,4.5600000000000005,as1,4to5,3,0.04540586090571087,0.32525217472528634,0.5568209280132858,0.06086075294602522,0.011660283409691819,4to5
4301,4474,OADMET-0006273,5.55,as1,5to6,4,1.9140211150640683e-05,0.0001026799107903216,0.013418771784496124,0.2684446664871918,0.7180147416063711,gte6
4302,4475,OADMET-0006272,4.824999999999999,as1,4to5,2,0.0015619695992548936,0.04374793444080941,0.7136739924790132,0.235438624585349,0.005577478895573488,4to5
4303,4476,OADMET-0006271,5.4,as1,5to6,3,0.0016706930784637683,0.012467435793344597,0.17790536913844512,0.524946282151086,0.2830102198386606,5to6
4304,4477,OADMET-0006270,2.765,as1,lt3,1,0.2438823132571381,0.6042681333589051,0.1389419584819386,0.007600723296589813,0.005306871605428461,3to4
4305,4479,OADMET-0006268,5.335,as1,5to6,4,0.05832204952362279,0.254206594462578,0.5505889532319703,0.08425226454127856,0.052630138240550316,4to5
4306,4481,OADMET-0006266,2.815,as1,lt3,1,0.6579786185574331,0.3341506540064552,0.005682168688820576,0.000727439201935987,0.0014611195453551283,lt3
4307,4483,OADMET-0006264,4.275,as1,4to5,2,0.0008508027780803736,0.02079766304709612,0.520393088825403,0.4313769169043497,0.026581528445070744,4to5
4308,4485,OADMET-0006262,4.96,as1,4to5,3,0.0006894298306416176,0.011400617018427598,0.29357285055942534,0.5975499901528759,0.09678711243862957,5to6
4309,4486,OADMET-0006260,3.1100000000000003,as1,3to4,3,0.4859229747638201,0.5031675515518312,0.009882459061778006,0.0004318765267564592,0.0005951380958141658,3to4
4310,4487,OADMET-0006259,5.59,as1,5to6,3,2.6154085489317086e-05,0.0004742051133815804,0.02093152596338005,0.36615194302676246,0.6124161718109866,gte6
4311,4489,OADMET-0006257,3.58,as1,3to4,0,0.2155113292972424,0.6878620022302471,0.08940565142869471,0.004162662337437747,0.003058354706378056,3to4
4312,4490,OADMET-0006256,3.735,as1,3to4,1,0.03821582733920152,0.28999835360794646,0.5710093400292446,0.08285239369739739,0.017924085326209982,4to5
4313,4491,OADMET-0006255,5.775,as1,5to6,4,4.618269192856294e-05,0.00016235146513484506,0.008650185332055384,0.1472073608957787,0.8439339196151024,gte6
4314,4493,OADMET-0006252,4.69,as1,4to5,3,0.06969983551186344,0.3342823528553195,0.49269283503793015,0.07756498094811193,0.02575999564677497,4to5
4315,4494,OADMET-0006251,5.445,as1,5to6,4,0.0009936747539433988,0.013464458510910344,0.41551101899450593,0.5004734480250281,0.0695573997156122,5to6
4316,4496,OADMET-0006249,1.96,as1,lt3,3,0.2579325531831502,0.6725929029279123,0.06428732212938125,0.002831041450722494,0.00235618030883379,3to4
4317,4499,OADMET-0006246,3.5700000000000003,as1,3to4,1,0.3232423381673478,0.6152265699428936,0.053150452945686405,0.0038933241939295856,0.00448731475014261,3to4
4318,4500,OADMET-0006245,5.87,as1,5to6,4,0.009983006716027755,0.03317842955621437,0.2686268051173269,0.33406194546726425,0.3541498131431667,gte6
4319,4501,OADMET-0006244,3.875,as1,3to4,1,0.7174560628120619,0.2781675237650291,0.0028377588234215646,0.000578589578957937,0.0009600650205295073,lt3
4320,4508,OADMET-0006237,3.125,as1,3to4,1,0.29361532997504947,0.5577488328631016,0.12705435863767872,0.010301366986375259,0.01128011153779498,3to4
4321,4511,OADMET-0006234,5.365,as1,5to6,2,0.0014429417032954521,0.016134025335567466,0.2995228433456676,0.5637813738932039,0.11911881572226551,5to6
4322,4512,OADMET-0006233,4.515000000000001,as1,4to5,3,0.21795691301117448,0.7358875786749434,0.04458695599232781,0.0010041750387277974,0.0005643772828265823,3to4
4323,4513,OADMET-0006232,4.815,as1,4to5,4,0.0011956728210694484,0.016529033485849637,0.4408452352917228,0.47768624154947975,0.06374381685187831,5to6
4324,4515,OADMET-0006230,3.035,as1,3to4,3,0.08058094370234965,0.5821867088087904,0.3203784579848003,0.014141069034183872,0.0027128204698757953,3to4
4325,4517,OADMET-0006228,5.470000000000001,as1,5to6,1,0.0014326838078647542,0.018128121567184224,0.4451117886132154,0.44156283859848017,0.0937645674132555,4to5
4326,4518,OADMET-0006227,3.795,as1,3to4,1,0.28713214904095624,0.5787287451956338,0.11880260427553123,0.007923153477821781,0.00741334801005694,3to4
4327,4519,OADMET-0006226,4.955,as1,4to5,3,0.029744398603424482,0.23151496680397665,0.6120914588834547,0.10777975217328399,0.0188694235358602,4to5
4328,4520,OADMET-0006225,5.055,as1,5to6,4,0.010460055189671573,0.08409215314099208,0.6165771936863383,0.26000266661861293,0.028867931364385147,4to5
4329,4521,OADMET-0006224,2.6100000000000003,as1,lt3,3,0.18053456182547842,0.6930480231496158,0.11860549565356854,0.0052147220845900856,0.0025971972867471676,3to4
4330,4522,OADMET-0006222,3.665,as1,3to4,2,0.36810078334194124,0.5886083700166405,0.032807151931539026,0.0021533395112971845,0.008330355198582032,3to4
4331,4524,OADMET-0006219,4.949999999999999,as1,4to5,2,0.038287228427505565,0.3149205926439134,0.5760074641999837,0.06515584646383679,0.005628868264760546,4to5
4332,4525,OADMET-0006218,5.165,as1,5to6,2,0.016590397774073486,0.15397137374808756,0.642947851413958,0.1747771796308883,0.011713197432992612,4to5
4333,4530,OADMET-0006213,3.475,as1,3to4,4,0.3301087080049522,0.551941950757548,0.05156055090788475,0.006067616424268036,0.06032117390534695,3to4
4334,4533,OADMET-0006210,4.8100000000000005,as1,4to5,3,0.053441600994713574,0.3949707021713494,0.5084975792119137,0.03771800797420528,0.005372109647818061,4to5
4335,4534,OADMET-0006209,3.41,as1,3to4,4,0.7061933415032248,0.29215235595048494,0.0012287650388189083,5.121119496092845e-05,0.0003743263125104521,lt3
4336,4535,OADMET-0006208,5.105,as1,5to6,1,0.00023714629625731,0.006030869348390768,0.25285056836469566,0.5784490842499952,0.16243233174066105,5to6
4337,4537,OADMET-0006206,4.02,as1,4to5,3,0.13065631152235185,0.5968108528669201,0.2533795431734064,0.014176373720392172,0.004976918716929459,3to4
4338,4539,OADMET-0006204,4.67,as1,4to5,2,4.172805402251404e-05,0.00045535038823037833,0.01832152554599475,0.31189489774011886,0.6692864982716334,gte6
4339,4540,OADMET-0006203,4.895,as1,4to5,0,0.21874831127937933,0.4719725443726954,0.24998410977458707,0.04239963272810803,0.01689540184523012,3to4
4340,4541,OADMET-0006202,6.0600000000000005,as1,gte6,1,2.3329882641967276e-05,0.000741915347875914,0.03703142965318826,0.3848687594273071,0.5773345656889868,gte6
4341,4542,OADMET-0006201,3.995,as1,3to4,2,0.26187517848796876,0.6300392056995748,0.09563161290240865,0.00545226262208428,0.007001740287963446,3to4
4342,4543,OADMET-0006200,5.41,as1,5to6,2,0.00026954055723458977,0.004855085178014801,0.17256784487804053,0.636040272124109,0.18626725726260115,5to6
4343,4547,OADMET-0006196,4.710000000000001,as1,4to5,0,0.029693236408606712,0.23856964574063394,0.5643350450452321,0.134448229515283,0.03295384329024417,4to5
4344,4551,OADMET-0006192,4.44,as1,4to5,0,0.0027343535875857332,0.03885218247803601,0.5257339134799559,0.3808488895563201,0.051830660898102204,4to5
4345,4552,OADMET-0006191,4.21,as1,4to5,3,0.15588434528930128,0.6055676547957881,0.21349650739574896,0.01523538208450995,0.009816110434651729,3to4
4346,4557,OADMET-0006186,4.84,as1,4to5,1,0.00020990912011642363,0.004074017953702556,0.2449222487521668,0.5739077288462939,0.17688609532772032,5to6
4347,4558,OADMET-0006185,5.92,as1,5to6,4,2.2500364365309024e-05,0.00010581279017996117,0.012229820836420748,0.2310721748469025,0.7565696911621315,gte6
4348,4560,OADMET-0006183,3.3200000000000003,as1,3to4,1,0.21145863486404892,0.618056287229075,0.15784732740155585,0.00782516958476932,0.004812580920550817,3to4
4349,4561,OADMET-0006182,5.505,as1,5to6,4,3.9579503407946664e-05,0.0005003739522763369,0.08888644024683226,0.6023955971464905,0.30817800915099297,5to6
4350,4563,OADMET-0006180,5.86,as1,5to6,4,3.365235863004698e-05,0.00013879425970619625,0.009176447892279312,0.14616845396389266,0.8444826515254918,gte6
4351,4567,OADMET-0006176,4.185,as1,4to5,1,0.3805137723855875,0.5874715813679561,0.026739700582746953,0.002217528323516073,0.0030574173401933832,3to4
4352,4573,OADMET-0006170,4.74,as1,4to5,0,0.0068267640044296345,0.1965920338248463,0.7152862582136237,0.0764657113536527,0.0048292326034476635,4to5
4353,4582,OADMET-0006161,4.34,as1,4to5,2,0.06262488534883831,0.33635448720324906,0.5129583372873409,0.07711905083002604,0.010943239330545753,4to5
4354,4583,OADMET-0006160,5.405,as1,5to6,3,1.4044219059958835e-05,0.0001753792621377726,0.012511392253194888,0.3487769103303554,0.638522273935252,gte6
4355,4584,OADMET-0006158,3.9,as1,3to4,3,0.18164097226643044,0.6991558868221025,0.11199154811028175,0.004733858825686525,0.0024777339754987453,3to4
4356,4587,OADMET-0006155,5.25,as1,5to6,4,0.0004528332564909932,0.006169601429760476,0.30522227713683076,0.5925606571961286,0.09559463098078916,5to6
4357,4590,OADMET-0006151,5.145,as1,5to6,4,7.426537579123802e-05,0.0007279465584358847,0.06850247439422012,0.5096860791626265,0.42100923450892624,5to6
4358,4591,OADMET-0006150,4.68,as1,4to5,0,0.00011381518072474262,0.0032358298550800866,0.1715131775373171,0.6340322818190427,0.19110489560783533,5to6
4359,4592,OADMET-0006149,4.66,as1,4to5,1,0.001061580714452196,0.020590357259509244,0.5135945622152306,0.415858025816875,0.04889547399393294,4to5
4360,4593,OADMET-0006148,5.164999999999999,as1,5to6,4,2.8758401332885617e-05,0.000123825239132126,0.013195635192418478,0.24853811106234164,0.7381136701047749,gte6
4361,4595,OADMET-0006146,6.345000000000001,as1,gte6,0,2.1602190754558153e-05,0.00027591868909357874,0.012589587787641472,0.23704726914268132,0.7500656221898291,gte6
4362,4599,OADMET-0006141,5.390000000000001,as1,5to6,0,8.921411460965109e-05,0.0028189035487797,0.12299146793758216,0.5838794492481704,0.2902209651508581,5to6
4363,4600,OADMET-0006140,5.13,as1,5to6,0,0.00046825837835168076,0.007287387915904432,0.17997004875797937,0.5756250990105725,0.23664920593719202,5to6
4364,4601,OADMET-0006139,4.49,as1,4to5,1,0.16779850913295094,0.45839444050822015,0.3101282828969787,0.037652140101662866,0.02602662736018733,3to4
4365,4605,OADMET-0006135,5.4350000000000005,as1,5to6,0,3.89435119615964e-05,0.0014935610895484097,0.147087649294857,0.6769461071807238,0.1744337389229092,5to6
4366,4606,OADMET-0006134,5.59,as1,5to6,0,0.00014366215800174097,0.0014146615481830094,0.04258020303431062,0.4077381510756524,0.5481233221838522,gte6
4367,4608,OADMET-0006132,5.465,as1,5to6,4,6.580159507490186e-05,0.000629207959569758,0.058791013937402076,0.31509707645809126,0.625416900049862,gte6
4368,4609,OADMET-0006131,5.495,as1,5to6,1,0.0008786854472583785,0.01821197201399568,0.4796324682319651,0.43549087752623644,0.06578599678054439,4to5
4369,4611,OADMET-0006129,5.44,as1,5to6,1,9.417888704349033e-05,0.002879236276335803,0.11027306892840313,0.5168198616371013,0.3699336542711164,5to6
4370,4612,OADMET-0006128,5.335,as1,5to6,4,0.00012072237700233082,0.002410811627577334,0.175169693088858,0.5656560712542122,0.25664270165235015,5to6
4371,4615,OADMET-0006125,5.470000000000001,as1,5to6,1,0.0003966751724714337,0.008296711457518187,0.21266108974729006,0.5449051914244999,0.2337403321982204,5to6
4372,4617,OADMET-0006123,2.56,as1,lt3,3,0.2134637809282174,0.6873906179546939,0.09152229775172938,0.004414478734256583,0.0032088246311026726,3to4
4373,4619,OADMET-0006121,5.195,as1,5to6,1,0.0030767423774202525,0.030370777218288746,0.45408278323081785,0.41867613441489154,0.09379356275858165,4to5
4374,4620,OADMET-0006120,4.725,as1,4to5,3,0.06607150092604358,0.4719625274959769,0.42213504268112234,0.033035992606884085,0.006794936289973097,3to4
4375,4621,OADMET-0006119,3.955,as1,3to4,2,0.13083040056299267,0.41742573069316385,0.3561326384254149,0.06826444371949884,0.027346786598929692,3to4
4376,4623,OADMET-0006117,4.92,as1,4to5,0,0.00042903522941382965,0.0032469989440174797,0.04124830448677763,0.33131803339157123,0.6237576279482199,gte6
4377,4624,OADMET-0006116,4.485,as1,4to5,2,0.0781076620204978,0.5017059532125026,0.3770041977116302,0.0354245604376522,0.007757626617717276,3to4
4378,4625,OADMET-0006115,5.27,as1,5to6,4,0.00011783870277048423,0.0024107773769329365,0.24033471923062352,0.6462114448237783,0.11092521986589474,5to6
4379,4627,OADMET-0006113,4.800000000000001,as1,4to5,1,0.430564148323728,0.5493262791977842,0.01672468082947097,0.0016764458779234708,0.001708445771093325,3to4
4380,4629,OADMET-0006111,5.31,as1,5to6,0,0.000939835765001662,0.01700611651154675,0.348368387220362,0.5281859202898546,0.10549974021323506,5to6
4381,4632,OADMET-0006108,2.56,as1,lt3,1,0.6770650161558787,0.3176064813893762,0.00384449297061626,0.0005852825785036586,0.0008987269056252499,lt3
4382,4635,OADMET-0006105,5.905,as1,5to6,4,2.4521816472461226e-05,0.0002484058634232013,0.05876436841528689,0.5324518949916323,0.40851080891318525,5to6
4383,4637,OADMET-0006103,3.765,as1,3to4,1,0.04300336623914319,0.16315263905842786,0.5801516382294539,0.16297600070548052,0.05071635576749443,4to5
4384,4638,OADMET-0006102,4.955,as1,4to5,2,0.00033653572324874567,0.013335015866818484,0.5300977552119406,0.44037104356978746,0.015859649628204707,4to5
4385,4640,OADMET-0006100,5.234999999999999,as1,5to6,3,0.0034116377430538384,0.05247206804008284,0.6539075612112832,0.2754210631748861,0.014787669830693979,4to5
4386,4644,OADMET-0006096,2.49,as1,lt3,3,0.4403424556922704,0.5094100828194897,0.03347535800796435,0.004113060418411102,0.012659043061864522,3to4
4387,4646,OADMET-0006094,5.165,as1,5to6,3,1.99809346251311e-05,0.0004966295081073731,0.03522111468119216,0.4486534884152105,0.5156087864608648,gte6
4388,4648,OADMET-0006092,5.795,as1,5to6,4,0.000283140666697314,0.002371388310521525,0.10906338948501164,0.5167396786285797,0.37154240290918983,5to6
4389,4649,OADMET-0006091,4.94,as1,4to5,0,0.0114566208398412,0.150998549777206,0.6768685005651475,0.14833285147483508,0.012343477342970262,4to5
4390,4651,OADMET-0004676,5.085,as1,5to6,0,0.00033748703019439394,0.004171971718973101,0.10145680658924718,0.5585361152019884,0.33549761945959694,5to6
4391,4652,OADMET-0004675,4.895,as1,4to5,4,0.009432523502565434,0.1415911315552973,0.6964214437674532,0.13513801979353837,0.01741688138114579,4to5
4392,4653,OADMET-0004674,4.995,as1,4to5,0,0.033186335240253564,0.08674017372258072,0.29740014783069546,0.314806402902329,0.26786694030414127,5to6
